Longitude,Latitude,Tgl_Hotspot,Sumber,Satellite,Status,Region,excel_row,sheet,customer_id,year,customer_index,sid,distance_km,delta_minutes,same_satellite,unknown_satellite,time_residual_minutes,candidate_count,satellite_name,utc
103.102622986,-0.90571898222,2019-05-26 10:00:00,LAPAN,Unknown,Verified No fire,JAMBI SMF,102,2019,2019:102,2019,100,5708,0.0033145626243608704,379.0,False,True,-41.0,1,Terra,2019-05-26 03:41:00
103.099830627,-0.904422342777,2019-05-26 13:00:00,LAPAN,Unknown,Verified No fire,JAMBI SMF,106,2019,2019:106,2019,104,5734,0.029026669675611818,383.0,False,True,-37.0,1,Aqua,2019-05-26 06:37:00
103.47328186,-1.06019628048,2019-06-20 13:00:00,LAPAN,Unknown,Verified No fire,JAMBI SMF,112,2019,2019:112,2019,110,6341,0.1341567350736984,390.0,False,True,-30.0,1,Aqua,2019-06-20 06:30:00
103.108161926,-0.906693577766,2019-06-27 10:00:00,LAPAN,Unknown,Verified No fire,JAMBI SMF,118,2019,2019:118,2019,116,6660,0.006921940015058314,380.0,False,True,-40.0,1,Terra,2019-06-27 03:40:00
103.10610199,-0.909417450428,2019-06-27 13:00:00,LAPAN,Unknown,Verified No fire,JAMBI SMF,120,2019,2019:120,2019,118,6707,0.025978818255584134,384.0,False,True,-36.0,1,Aqua,2019-06-27 06:36:00
103.482749939,-1.08689498901,2019-06-27 13:00:00,LAPAN,Unknown,Verified No fire,JAMBI SMF,121,2019,2019:121,2019,119,6703,0.019734081083347864,384.0,False,True,-36.0,1,Aqua,2019-06-27 06:36:00
103.109680176,-0.96216237545,2019-07-04 10:00:00,LAPAN,Unknown,Verified No fire,JAMBI SMF,131,2019,2019:131,2019,129,7086,0.011294418396691297,373.0,False,True,-47.0,1,Terra,2019-07-04 03:47:00
105.489936829,-2.92297124863,2019-07-04 10:00:00,LAPAN,Unknown,Verified No fire,SUMSEL,133,2019,2019:133,2019,131,7089,0.024361516861618557,373.0,False,True,-47.0,1,Terra,2019-07-04 03:47:00
103.75554657,-1.37327504158,2019-07-06 10:00:00,LAPAN,Unknown,Verified No fire,JAMBI SMF,136,2019,2019:136,2019,134,7231,0.005873839406346777,386.0,False,True,-34.0,1,Terra,2019-07-06 03:34:00
105.284721375,-2.74873876572,2019-07-06 10:00:00,LAPAN,Unknown,Verified No fire,SUMSEL,137,2019,2019:137,2019,135,7233,0.014153169047935843,385.0,False,True,-35.0,1,Terra,2019-07-06 03:35:00
105.309616089,-3.03666567802,2019-07-06 13:00:00,LAPAN,Unknown,Verified No fire,SUMSEL,139,2019,2019:139,2019,137,7243,0.025081089935933058,390.0,False,True,-30.0,1,Aqua,2019-07-06 06:30:00
103.117301941,-0.962675273418,2019-07-11 10:00:00,LAPAN,Unknown,Verified No fire,JAMBI SMF,140,2019,2019:140,2019,138,7577,0.014089395958389482,367.0,False,True,-53.0,1,Terra,2019-07-11 03:53:00
105.409942627,-2.69735240936,2019-07-12 09:00:00,LAPAN,Unknown,Verified No fire,SUMSEL,142,2019,2019:142,2019,140,7632,0.04165912979238581,362.0,False,True,-58.0,1,Terra,2019-07-12 02:58:00
103.134140015,-0.91431337595,2019-07-13 13:00:00,LAPAN,Unknown,Verified No fire,JAMBI SMF,149,2019,2019:149,2019,147,7801,0.03570761806299028,384.0,False,True,-36.0,1,Aqua,2019-07-13 06:36:00
102.966751099,-0.790144264698,2019-07-19 22:00:00,LAPAN,Unknown,Verified No fire,JAMBI SMF,158,2019,2019:158,2019,156,8345,0.039961942592369556,395.0,False,True,-25.0,1,Terra,2019-07-19 15:25:00
105.75919342,-3.62002206,2019-07-24 13:00:00,LAPAN,SNPP,Verified No fire,SUMSEL,162,2019,2019:162,2019,160,183661,0.29219152473446147,403.0,False,False,-17.0,1,NOAA20,2019-07-24 06:17:00
105.412094116,-2.69621729851,2019-07-27 10:00:00,LAPAN,Unknown,Verified No fire,SUMSEL,164,2019,2019:164,2019,162,9174,0.024171362211149246,367.0,False,True,-53.0,1,Terra,2019-07-27 03:53:00
105.433128357,-3.10217690468,2019-07-27 10:00:00,LAPAN,Unknown,Verified No fire,SUMSEL,165,2019,2019:165,2019,163,9177,0.03988640782378738,367.0,False,True,-53.0,1,Terra,2019-07-27 03:53:00
102.777870178,-1.41934514046,2019-07-28 22:00:00,LAPAN,Unknown,Fire inside Sitrep,JAMBI SMF,170,2019,2019:170,2019,168,9461,0.04022238572944061,402.0,False,True,-18.0,1,Terra,2019-07-28 15:18:00
101.922225952,-0.949437499046,2019-07-28 22:00:00,LAPAN,Unknown,Verified No fire,JAMBI SMF,171,2019,2019:171,2019,169,9463,0.041140457915165754,401.0,False,True,-19.0,1,Terra,2019-07-28 15:19:00
105.486839294,-2.93377017975,2019-07-29 10:00:00,LAPAN,Unknown,Verified No fire,SUMSEL,173,2019,2019:173,2019,171,9547,0.008940783682168715,379.0,False,True,-41.0,1,Terra,2019-07-29 03:41:00
103.41975403,-2.26477265,2019-07-29 13:00:00,LAPAN,Aqua,Verified No fire,SUMSEL MUBA,177,2019,2019:177,2019,175,187415,0.3060633253341602,397.0,False,False,-23.0,2,NOAA20,2019-07-29 06:23:00
102.92795563,-0.83419907,2019-07-29 13:00:00,LAPAN,Aqua,Verified No fire,JAMBI SMF,179,2019,2019:179,2019,177,187633,0.2731957390976662,396.0,False,False,-24.0,1,NOAA20,2019-07-29 06:24:00
103.43535614,-2.25265455246,2019-07-31 22:00:00,LAPAN,Unknown,Verified Fire,SUMSEL MUBA,197,2019,2019:197,2019,195,10093,0.02772421878317476,371.0,False,True,-49.0,1,Terra,2019-07-31 15:49:00
103.4359436,-2.25118637,2019-08-01 01:00:00,LAPAN,Unknown,Verified Fire,SUMSEL MUBA,200,2019,2019:200,2019,198,190740,0.2730425047748225,392.0,False,True,-28.0,1,NOAA20,2019-07-31 18:28:00
102.75795746,-1.01689255,2019-08-01 01:00:00,LAPAN,Aqua,Verified No fire,JAMBI SMF,201,2019,2019:201,2019,199,190618,0.2649204360558421,393.0,False,False,-27.0,1,NOAA20,2019-07-31 18:27:00
103.428573608,-2.24170184135,2019-08-01 11:00:00,LAPAN,Unknown,Verified No fire,SUMSEL MUBA,203,2019,2019:203,2019,201,10292,0.04528453144097456,409.0,False,True,-11.0,1,Terra,2019-08-01 04:11:00
102.83302307,-1.3925947,2019-08-02 13:00:00,LAPAN,SNPP,Verified No fire,JAMBI SMF,205,2019,2019:205,2019,203,193007,0.3403121406411502,371.0,False,False,-49.0,1,NOAA20,2019-08-02 06:49:00
105.80199432,-3.3543458,2019-08-02 13:00:00,LAPAN,SNPP,Verified No fire,SUMSEL,206,2019,2019:206,2019,204,192892,0.33451963676276125,372.0,False,False,-48.0,1,NOAA20,2019-08-02 06:48:00
102.04733276,-0.98025298,2019-08-02 13:00:00,LAPAN,SNPP,Verified No fire,JAMBI SMF,207,2019,2019:207,2019,205,193094,0.28228549313149043,371.0,False,False,-49.0,1,NOAA20,2019-08-02 06:49:00
102.995941162,-0.785767436028,2019-08-02 22:00:00,LAPAN,Unknown,Verified Fire,JAMBI SMF,208,2019,2019:208,2019,206,10739,0.026674598909961364,383.0,False,True,-37.0,1,Terra,2019-08-02 15:37:00
103.2604599,-0.92048419,2019-08-03 13:00:00,LAPAN,SNPP,Verified No fire,JAMBI SMF,212,2019,2019:212,2019,210,194628,0.2770776005496717,390.0,False,False,-30.0,1,NOAA20,2019-08-03 06:30:00
103.67460632,-2.17419386,2019-08-03 13:00:00,LAPAN,SNPP,Verified Fire,SUMSEL MUBA,213,2019,2019:213,2019,211,194597,0.2520583092934966,390.0,False,False,-30.0,2,NOAA20,2019-08-03 06:30:00
105.759391785,-3.60672783852,2019-08-03 13:00:00,LAPAN,Unknown,Verified Fire,SUMSEL,214,2019,2019:214,2019,212,10999,0.017487644192073774,366.0,False,True,-54.0,2,Aqua,2019-08-03 06:54:00
105.97446442,-3.26867986,2019-08-03 13:00:00,LAPAN,SNPP,Fire inside Sitrep,SUMSEL,215,2019,2019:215,2019,213,194247,0.2794383613771684,391.0,False,False,-29.0,2,NOAA20,2019-08-03 06:29:00
105.80280304,-3.60232282,2019-08-03 13:00:00,LAPAN,Unknown,Verified Fire,SUMSEL,217,2019,2019:217,2019,215,194425,0.27149645286726376,391.0,False,True,-29.0,4,NOAA20,2019-08-03 06:29:00
105.75963593,-3.60887766,2019-08-03 13:00:00,LAPAN,Unknown,Verified Fire,SUMSEL,218,2019,2019:218,2019,216,10999,0.25599361230563766,366.0,False,True,-54.0,2,Aqua,2019-08-03 06:54:00
103.63160706,-2.03147864,2019-08-03 13:00:00,LAPAN,SNPP,Verified Fire,SUMSEL MUBA,219,2019,2019:219,2019,217,194580,0.2961484275216196,390.0,False,False,-30.0,1,NOAA20,2019-08-03 06:30:00
103.016,-0.775858,2019-08-04 01:00:00,LAPAN,Unknown,Verified Fire,JAMBI SMF,220,2019,2019:220,2019,218,882399,0.3107811238002729,398.0,False,True,-22.0,2,SNPP,2019-08-03 18:22:00
101.8833847,-0.98727858,2019-08-04 13:00:00,LAPAN,Unknown,Verified Fire,JAMBI SMF,221,2019,2019:221,2019,219,196294,0.3567858454903101,409.0,False,True,-11.0,1,NOAA20,2019-08-04 06:11:00
103.24971771,-0.92601365,2019-08-04 13:00:00,LAPAN,Unknown,Verified No fire,JAMBI SMF,222,2019,2019:222,2019,220,196416,0.31923425441659065,409.0,False,True,-11.0,1,NOAA20,2019-08-04 06:11:00
103.01602936,-0.77012813,2019-08-04 13:00:00,LAPAN,Unknown,Verified Fire,JAMBI SMF,223,2019,2019:223,2019,221,196302,0.32227969515592697,409.0,False,True,-11.0,1,NOAA20,2019-08-04 06:11:00
105.74761963,-3.61628175,2019-08-04 13:00:00,LAPAN,Unknown,Verified Fire,SUMSEL,224,2019,2019:224,2019,222,195911,0.3326382540780012,410.0,False,True,-10.0,1,NOAA20,2019-08-04 06:10:00
103.010444641,-0.768122971058,2019-08-04 22:00:00,LAPAN,Unknown,Verified Fire,JAMBI SMF,226,2019,2019:226,2019,224,11511,0.031201564461560603,395.0,False,True,-25.0,1,Terra,2019-08-04 15:25:00
103.016166687,-0.768627822399,2019-08-05 01:00:00,LAPAN,Unknown,Verified Fire,JAMBI SMF,227,2019,2019:227,2019,225,197249,0.045474552161209,368.0,False,True,-52.0,5,NOAA20,2019-08-04 18:52:00
103.014,-0.771572,2019-08-05 01:00:00,LAPAN,Unknown,Verified Fire,JAMBI SMF,228,2019,2019:228,2019,226,197247,0.23460639650573153,368.0,False,True,-52.0,5,NOAA20,2019-08-04 18:52:00
103.01902008,-0.77356112,2019-08-05 12:00:00,LAPAN,SNPP,Verified Fire,JAMBI SMF,229,2019,2019:229,2019,227,198583,0.14526450066414562,368.0,False,False,-52.0,5,NOAA20,2019-08-05 05:52:00
103.019813538,-0.772734344006,2019-08-05 13:00:00,LAPAN,Aqua,Verified Fire,JAMBI SMF,232,2019,2019:232,2019,230,884843,0.12219181911066272,377.0,False,False,-43.0,3,SNPP,2019-08-05 06:43:00
102.61737823,-1.3668921,2019-08-06 01:00:00,LAPAN,Aqua,Verified No fire,JAMBI SMF,236,2019,2019:236,2019,234,199770,0.2577053099973947,386.0,False,False,-34.0,1,NOAA20,2019-08-05 18:34:00
102.97857666,-0.85935807,2019-08-06 01:00:00,LAPAN,Aqua,Verified No fire,JAMBI SMF,237,2019,2019:237,2019,235,199588,0.24389061644557922,387.0,False,False,-33.0,2,NOAA20,2019-08-05 18:33:00
102.98239899,-0.86315793,2019-08-07 01:00:00,LAPAN,SNPP,Verified Fire,JAMBI SMF,240,2019,2019:240,2019,238,201426,0.3233151418617987,405.0,False,False,-15.0,2,NOAA20,2019-08-06 18:15:00
103.41265106,-2.20756936,2019-08-08 13:00:00,LAPAN,Aqua,Verified No fire,SUMSEL MUBA,247,2019,2019:247,2019,245,202955,0.2604053054195322,384.0,False,False,-36.0,2,NOAA20,2019-08-08 06:36:00
103.44164276,-2.25029778,2019-08-08 13:00:00,LAPAN,Aqua,Verified No fire,SUMSEL MUBA,248,2019,2019:248,2019,246,202950,0.25777688805676247,384.0,False,False,-36.0,2,NOAA20,2019-08-08 06:36:00
105.34151459,-2.58120012,2019-08-09 13:00:00,LAPAN,SNPP,Verified No fire,SUMSEL,250,2019,2019:250,2019,248,204717,0.2953631104333103,403.0,False,False,-17.0,1,NOAA20,2019-08-09 06:17:00
102.02321625,-0.98193491,2019-08-09 13:00:00,LAPAN,SNPP,Verified Fire,JAMBI SMF,251,2019,2019:251,2019,249,204389,0.30944877958800837,403.0,False,False,-17.0,1,NOAA20,2019-08-09 06:17:00
103.86965942,-1.88990116,2019-08-11 01:00:00,LAPAN,Aqua,Verified Fire,SUMSEL MUBA,252,2019,2019:252,2019,250,207820,0.2908402038720207,380.0,False,False,-40.0,3,NOAA20,2019-08-10 18:40:00
102.92769623,-0.85807866,2019-08-11 01:00:00,LAPAN,Aqua,Verified Fire,JAMBI SMF,253,2019,2019:253,2019,251,207749,0.2687118480828998,380.0,False,False,-40.0,2,NOAA20,2019-08-10 18:40:00
102.92622375,-0.859559,2019-08-12 01:00:00,LAPAN,SNPP,Verified Fire,JAMBI SMF,262,2019,2019:262,2019,260,209842,0.28053401865471683,399.0,False,False,-21.0,3,NOAA20,2019-08-11 18:21:00
103.01165009,-0.77169693,2019-08-12 01:00:00,LAPAN,SNPP,Verified Fire,JAMBI SMF,263,2019,2019:263,2019,261,209831,0.2687819623620022,399.0,False,False,-21.0,3,NOAA20,2019-08-11 18:21:00
105.75176239,-3.7626574,2019-08-12 14:00:00,LAPAN,SNPP,Verified No fire,SUMSEL,279,2019,2019:279,2019,277,211104,0.14388147615782199,420.0,False,False,0.0,4,NOAA20,2019-08-12 07:00:00
103.86734772,-1.91577435,2019-08-13 13:00:00,LAPAN,Terra,Fire inside Sitrep,SUMSEL MUBA,286,2019,2019:286,2019,284,213051,0.34286702747516495,378.0,False,False,-42.0,1,NOAA20,2019-08-13 06:42:00
102.93006897,-0.85985088,2019-08-13 13:00:00,LAPAN,Terra,Verified Fire,JAMBI SMF,287,2019,2019:287,2019,285,213166,0.28616844374551303,378.0,False,False,-42.0,1,NOAA20,2019-08-13 06:42:00
103.01234436,-0.77439928,2019-08-13 13:00:00,LAPAN,Terra,Verified Fire,JAMBI SMF,288,2019,2019:288,2019,286,213180,0.28477740732927376,378.0,False,False,-42.0,2,NOAA20,2019-08-13 06:42:00
103.80046082,-1.5142206,2019-08-13 13:00:00,LAPAN,Terra,Verified No fire,JAMBI SMF,290,2019,2019:290,2019,288,213095,0.27713496468610627,378.0,False,False,-42.0,1,NOAA20,2019-08-13 06:42:00
103.94947815,-1.86168933,2019-08-14 13:00:00,LAPAN,Aqua,Fire inside Sitrep,SUMSEL MUBA,350,2019,2019:350,2019,348,215331,0.26157970448984214,397.0,False,False,-23.0,3,NOAA20,2019-08-14 06:23:00
103.953926086,-1.85954391956,2019-08-14 13:00:00,LAPAN,Aqua,Fire inside Sitrep,SUMSEL MUBA,351,2019,2019:351,2019,349,215333,0.3130119420731006,397.0,False,False,-23.0,3,NOAA20,2019-08-14 06:23:00
105.71834564,-3.56282592,2019-08-14 13:00:00,LAPAN,Aqua,Verified Fire,SUMSEL,353,2019,2019:353,2019,351,215150,0.28340640069518114,397.0,False,False,-23.0,1,NOAA20,2019-08-14 06:23:00
103.01320648,-0.7711392,2019-08-14 13:00:00,LAPAN,Aqua,Verified Fire,JAMBI SMF,355,2019,2019:355,2019,353,215771,0.28716900892726427,396.0,False,False,-24.0,1,NOAA20,2019-08-14 06:24:00
102.98652649,-0.85538167,2019-08-14 13:00:00,LAPAN,Aqua,Verified No fire,JAMBI SMF,356,2019,2019:356,2019,354,215740,0.29795533687561704,396.0,False,False,-24.0,1,NOAA20,2019-08-14 06:24:00
103.95149231,-1.87523103,2019-08-14 13:00:00,LAPAN,Aqua,Fire inside Sitrep,SUMSEL MUBA,357,2019,2019:357,2019,355,215323,0.2797842055360964,397.0,False,False,-23.0,1,NOAA20,2019-08-14 06:23:00
105.87760925,-3.85768962,2019-08-14 13:00:00,LAPAN,Aqua,Verified No fire,SUMSEL,362,2019,2019:362,2019,360,215167,0.2780554788377499,397.0,False,False,-23.0,1,NOAA20,2019-08-14 06:23:00
102.92428589,-0.85771108,2019-08-14 13:00:00,LAPAN,Aqua,Verified Fire,JAMBI SMF,363,2019,2019:363,2019,361,215745,0.27575502803987667,396.0,False,False,-24.0,3,NOAA20,2019-08-14 06:24:00
103.06774139,-0.8784591,2019-08-14 13:00:00,LAPAN,Aqua,Verified No fire,JAMBI SMF,364,2019,2019:364,2019,362,215711,0.30604562354935405,396.0,False,False,-24.0,1,NOAA20,2019-08-14 06:24:00
103.87371063,-1.90577173,2019-08-15 13:00:00,LAPAN,Aqua,Fire inside Sitrep,SUMSEL MUBA,417,2019,2019:417,2019,415,905937,0.24222764681969536,364.0,False,False,-56.0,4,SNPP,2019-08-15 06:56:00
103.92958069,-1.85284913,2019-08-15 13:00:00,LAPAN,Aqua,Fire inside Sitrep,SUMSEL MUBA,419,2019,2019:419,2019,417,217372,0.3338725250413413,416.0,False,False,-4.0,4,NOAA20,2019-08-15 06:04:00
103.94056702,-1.87792742,2019-08-15 13:00:00,LAPAN,Aqua,Fire inside Sitrep,SUMSEL MUBA,421,2019,2019:421,2019,419,217407,0.23579375501549962,416.0,False,False,-4.0,4,NOAA20,2019-08-15 06:04:00
103.96392059,-1.84765029,2019-08-15 13:00:00,LAPAN,Aqua,Fire inside Sitrep,SUMSEL MUBA,422,2019,2019:422,2019,420,905978,0.268368636303331,364.0,False,False,-56.0,7,SNPP,2019-08-15 06:56:00
102.92119598,-0.86074901,2019-08-15 13:00:00,LAPAN,Aqua,Verified Fire,JAMBI SMF,423,2019,2019:423,2019,421,217650,0.4058440967095784,415.0,False,False,-5.0,1,NOAA20,2019-08-15 06:05:00
103.95774841,-1.87543499,2019-08-15 13:00:00,LAPAN,Aqua,Fire inside Sitrep,SUMSEL MUBA,425,2019,2019:425,2019,423,217410,0.25009628282938856,416.0,False,False,-4.0,6,NOAA20,2019-08-15 06:04:00
103.9196701,-1.84531307,2019-08-15 13:00:00,LAPAN,Aqua,Fire inside Sitrep,SUMSEL MUBA,426,2019,2019:426,2019,424,217338,0.335037737785898,416.0,False,False,-4.0,3,NOAA20,2019-08-15 06:04:00
103.42121124,-2.25322366,2019-08-15 13:00:00,LAPAN,Aqua,Verified No fire,SUMSEL MUBA,427,2019,2019:427,2019,425,217036,0.36840241620256203,416.0,False,False,-4.0,2,NOAA20,2019-08-15 06:04:00
103.94935608,-1.86788881,2019-08-15 13:00:00,LAPAN,Aqua,Fire inside Sitrep,SUMSEL MUBA,428,2019,2019:428,2019,426,905958,0.2145978660405291,364.0,False,False,-56.0,7,SNPP,2019-08-15 06:56:00
102.93093872,-0.85930234,2019-08-15 13:00:00,LAPAN,Aqua,Verified Fire,JAMBI SMF,430,2019,2019:430,2019,428,217741,0.37149722105761784,415.0,False,False,-5.0,1,NOAA20,2019-08-15 06:05:00
103.92227936,-1.86298382,2019-08-15 13:00:00,LAPAN,Aqua,Fire inside Sitrep,SUMSEL MUBA,431,2019,2019:431,2019,429,905974,0.19058215736788747,364.0,False,False,-56.0,4,SNPP,2019-08-15 06:56:00
103.86369324,-1.89816546,2019-08-15 13:00:00,LAPAN,Aqua,Fire inside Sitrep,SUMSEL MUBA,432,2019,2019:432,2019,430,905944,0.23991481796883388,364.0,False,False,-56.0,5,SNPP,2019-08-15 06:56:00
103.93218994,-1.87050915,2019-08-15 13:00:00,LAPAN,Aqua,Fire inside Sitrep,SUMSEL MUBA,433,2019,2019:433,2019,431,217401,0.33448333220427723,416.0,False,False,-4.0,3,NOAA20,2019-08-15 06:04:00
103.94884491,-1.87750923634,2019-08-16 00:00:00,LAPAN,Aqua,Fire inside Sitrep,SUMSEL MUBA,440,2019,2019:440,2019,438,906315,0.01929603136451069,363.0,False,False,-57.0,3,SNPP,2019-08-15 17:57:00
103.926681519,-1.86437225342,2019-08-16 00:00:00,LAPAN,Aqua,Fire inside Sitrep,SUMSEL MUBA,442,2019,2019:442,2019,440,906368,0.344799025484186,363.0,False,False,-57.0,4,SNPP,2019-08-15 17:57:00
103.929023743,-1.84870314598,2019-08-16 00:00:00,LAPAN,Aqua,Fire inside Sitrep,SUMSEL MUBA,443,2019,2019:443,2019,441,906205,0.2951931294331414,363.0,False,False,-57.0,3,SNPP,2019-08-15 17:57:00
103.951187134,-1.86187767982,2019-08-16 00:00:00,LAPAN,Aqua,Fire inside Sitrep,SUMSEL MUBA,446,2019,2019:446,2019,444,906382,0.23074088673755427,363.0,False,False,-57.0,3,SNPP,2019-08-15 17:57:00
103.922775269,-1.84140777588,2019-08-16 00:00:00,LAPAN,Aqua,Fire inside Sitrep,SUMSEL MUBA,450,2019,2019:450,2019,448,906210,0.06319631427589104,363.0,False,False,-57.0,2,SNPP,2019-08-15 17:57:00
103.920463562,-1.85708236694,2019-08-16 00:00:00,LAPAN,Aqua,Fire inside Sitrep,SUMSEL MUBA,453,2019,2019:453,2019,451,906196,0.1707799431845922,363.0,False,False,-57.0,2,SNPP,2019-08-15 17:57:00
103.957435608,-1.86892902851,2019-08-16 00:00:00,LAPAN,Aqua,Fire inside Sitrep,SUMSEL MUBA,458,2019,2019:458,2019,456,906361,0.2846622953513956,363.0,False,False,-57.0,1,SNPP,2019-08-15 17:57:00
103.953514099,-1.84624373913,2019-08-16 00:00:00,LAPAN,Aqua,Fire inside Sitrep,SUMSEL MUBA,459,2019,2019:459,2019,457,906207,0.201527213995219,363.0,False,False,-57.0,2,SNPP,2019-08-15 17:57:00
103.918121338,-1.87275242805,2019-08-16 00:00:00,LAPAN,Aqua,Fire inside Sitrep,SUMSEL MUBA,460,2019,2019:460,2019,458,906321,0.22664812225251527,363.0,False,False,-57.0,4,SNPP,2019-08-15 17:57:00
103.9549942,-1.88347423,2019-08-16 12:00:00,LAPAN,SNPP,Fire inside Sitrep,SUMSEL MUBA,487,2019,2019:487,2019,485,219986,0.3869193002829786,374.0,False,False,-46.0,4,NOAA20,2019-08-16 05:46:00
103.92565918,-1.87541056,2019-08-16 12:00:00,LAPAN,SNPP,Fire inside Sitrep,SUMSEL MUBA,488,2019,2019:488,2019,486,219970,0.3882478821136638,374.0,False,False,-46.0,4,NOAA20,2019-08-16 05:46:00
103.85285187,-1.89875972,2019-08-16 12:00:00,LAPAN,SNPP,Fire inside Sitrep,SUMSEL MUBA,489,2019,2019:489,2019,487,219984,0.48004843940783093,374.0,False,False,-46.0,2,NOAA20,2019-08-16 05:46:00
103.92386627,-1.86321735,2019-08-16 12:00:00,LAPAN,SNPP,Fire inside Sitrep,SUMSEL MUBA,490,2019,2019:490,2019,488,219964,0.38809372598304603,374.0,False,False,-46.0,4,NOAA20,2019-08-16 05:46:00
103.93669128,-1.88621163,2019-08-16 12:00:00,LAPAN,SNPP,Verified No fire,SUMSEL MUBA,491,2019,2019:491,2019,489,219980,0.47863728647670495,374.0,False,False,-46.0,1,NOAA20,2019-08-16 05:46:00
103.93488312,-1.87403142,2019-08-16 12:00:00,LAPAN,SNPP,Fire inside Sitrep,SUMSEL MUBA,492,2019,2019:492,2019,490,219972,0.38717326992458867,374.0,False,False,-46.0,4,NOAA20,2019-08-16 05:46:00
103.91642761,-1.87678206,2019-08-16 12:00:00,LAPAN,SNPP,Fire inside Sitrep,SUMSEL MUBA,493,2019,2019:493,2019,491,219965,0.38935953377355975,374.0,False,False,-46.0,1,NOAA20,2019-08-16 05:46:00
103.94585419,-1.88484919,2019-08-16 12:00:00,LAPAN,SNPP,Fire inside Sitrep,SUMSEL MUBA,494,2019,2019:494,2019,492,219981,0.3884531342147509,374.0,False,False,-46.0,1,NOAA20,2019-08-16 05:46:00
103.94407654,-1.87266648,2019-08-16 12:00:00,LAPAN,SNPP,Fire inside Sitrep,SUMSEL MUBA,495,2019,2019:495,2019,493,219974,0.38677189167538417,374.0,False,False,-46.0,2,NOAA20,2019-08-16 05:46:00
103.91464233,-1.86458039,2019-08-16 12:00:00,LAPAN,SNPP,Fire inside Sitrep,SUMSEL MUBA,496,2019,2019:496,2019,494,219960,0.38905054828364194,374.0,False,False,-46.0,4,NOAA20,2019-08-16 05:46:00
103.9295578,-1.86559153,2019-08-17 01:00:00,LAPAN,Terra,Fire inside Sitrep,SUMSEL MUBA,561,2019,2019:561,2019,559,220798,0.2490734354199424,393.0,False,False,-27.0,5,NOAA20,2019-08-16 18:27:00
102.84421539,-1.13113284,2019-08-17 01:00:00,LAPAN,Terra,Verified No fire,JAMBI SMF,562,2019,2019:562,2019,560,16907,0.12987936577526343,374.0,False,False,-46.0,3,Aqua,2019-08-16 18:46:00
103.93292236,-1.88690245,2019-08-17 01:00:00,LAPAN,Terra,Verified No fire,SUMSEL MUBA,563,2019,2019:563,2019,561,220912,0.23784404582130833,393.0,False,False,-27.0,2,NOAA20,2019-08-16 18:27:00
103.90795135,-1.86895978,2019-08-17 01:00:00,LAPAN,Terra,Fire inside Sitrep,SUMSEL MUBA,564,2019,2019:564,2019,562,220828,0.24864020682183102,393.0,False,False,-27.0,5,NOAA20,2019-08-16 18:27:00
103.93540192,-1.87327647,2019-08-17 01:00:00,LAPAN,Terra,Fire inside Sitrep,SUMSEL MUBA,565,2019,2019:565,2019,563,220836,0.2481411859475756,393.0,False,False,-27.0,5,NOAA20,2019-08-16 18:27:00
103.90999603,-1.85574853,2019-08-17 01:00:00,LAPAN,Terra,Fire inside Sitrep,SUMSEL MUBA,566,2019,2019:566,2019,564,16913,0.09278203876597718,374.0,False,False,-46.0,5,Aqua,2019-08-16 18:46:00
103.91583252,-1.86343312,2019-08-17 01:00:00,LAPAN,Terra,Fire inside Sitrep,SUMSEL MUBA,567,2019,2019:567,2019,565,220794,0.24875732247572388,393.0,False,False,-27.0,5,NOAA20,2019-08-16 18:27:00
102.85027313,-1.13895392,2019-08-17 01:00:00,LAPAN,Terra,Fire inside Sitrep,JAMBI SMF,568,2019,2019:568,2019,566,220693,0.26021263158060387,393.0,False,False,-27.0,2,NOAA20,2019-08-16 18:27:00
103.90210724,-1.8612752,2019-08-17 01:00:00,LAPAN,Terra,Fire inside Sitrep,SUMSEL MUBA,571,2019,2019:571,2019,569,220790,0.25026042474340027,393.0,False,False,-27.0,4,NOAA20,2019-08-16 18:27:00
103.92166901,-1.87111771,2019-08-17 01:00:00,LAPAN,Terra,Fire inside Sitrep,SUMSEL MUBA,572,2019,2019:572,2019,570,220832,0.24937408786959797,393.0,False,False,-27.0,4,NOAA20,2019-08-16 18:27:00
103.9133606,-1.87706017,2019-08-17 01:00:00,LAPAN,Terra,Fire inside Sitrep,SUMSEL MUBA,573,2019,2019:573,2019,571,220867,0.23696437060142783,393.0,False,False,-27.0,5,NOAA20,2019-08-16 18:27:00
103.94911957,-1.87543464,2019-08-17 01:00:00,LAPAN,Terra,Fire inside Sitrep,SUMSEL MUBA,574,2019,2019:574,2019,572,220843,0.24822848128159225,393.0,False,False,-27.0,4,NOAA20,2019-08-16 18:27:00
103.94081116,-1.88137579,2019-08-17 01:00:00,LAPAN,Terra,Verified No fire,SUMSEL MUBA,582,2019,2019:582,2019,580,220879,0.2366178066819932,393.0,False,False,-27.0,4,NOAA20,2019-08-16 18:27:00
103.90416718,-1.84806395,2019-08-17 01:00:00,LAPAN,Terra,Fire inside Sitrep,SUMSEL MUBA,583,2019,2019:583,2019,581,220745,0.249290461961441,393.0,False,False,-27.0,5,NOAA20,2019-08-16 18:27:00
103.89627838,-1.85359037,2019-08-17 01:00:00,LAPAN,Terra,Fire inside Sitrep,SUMSEL MUBA,584,2019,2019:584,2019,582,220762,0.2489460299613722,393.0,False,False,-27.0,5,NOAA20,2019-08-16 18:27:00
103.92708588,-1.8792181,2019-08-17 01:00:00,LAPAN,Terra,Verified No fire,SUMSEL MUBA,587,2019,2019:587,2019,585,16921,0.1900613556479839,374.0,False,False,-46.0,5,Aqua,2019-08-16 18:46:00
103.918754578,-1.87807536125,2019-08-17 13:00:00,LAPAN,Aqua,Fire inside Sitrep,SUMSEL MUBA,596,2019,2019:596,2019,594,910533,0.10289738282268321,402.0,False,False,-18.0,1,SNPP,2019-08-17 06:18:00
103.907997131,-1.85412359238,2019-08-17 13:00:00,LAPAN,Aqua,Fire inside Sitrep,SUMSEL MUBA,599,2019,2019:599,2019,597,910519,0.1826333169727573,402.0,False,False,-18.0,4,SNPP,2019-08-17 06:18:00
103.92977905,-1.88327849,2019-08-18 13:00:00,LAPAN,Terra,Fire inside Sitrep,SUMSEL MUBA,629,2019,2019:629,2019,627,224244,0.34125341486545935,372.0,False,False,-48.0,3,NOAA20,2019-08-18 06:48:00
103.89585876,-1.86432099,2019-08-18 13:00:00,LAPAN,Terra,Fire inside Sitrep,SUMSEL MUBA,630,2019,2019:630,2019,628,224276,0.13873197412569385,372.0,False,False,-48.0,5,NOAA20,2019-08-18 06:48:00
103.91487122,-1.85320234,2019-08-18 13:00:00,LAPAN,Terra,Fire inside Sitrep,SUMSEL MUBA,631,2019,2019:631,2019,629,224376,0.12401567255385981,372.0,False,False,-48.0,3,NOAA20,2019-08-18 06:48:00
103.85046387,-1.90379167,2019-08-18 13:00:00,LAPAN,Terra,Fire inside Sitrep,SUMSEL MUBA,632,2019,2019:632,2019,630,224238,0.33580553787876133,372.0,False,False,-48.0,3,NOAA20,2019-08-18 06:48:00
102.92015839,-0.85610682,2019-08-18 13:00:00,LAPAN,Terra,Verified Fire,JAMBI SMF,633,2019,2019:633,2019,631,224476,0.32182342416053383,371.0,False,False,-49.0,3,NOAA20,2019-08-18 06:49:00
103.91845703,-1.87694705,2019-08-18 13:00:00,LAPAN,Terra,Fire inside Sitrep,SUMSEL MUBA,635,2019,2019:635,2019,633,224254,0.341528793538126,372.0,False,False,-48.0,3,NOAA20,2019-08-18 06:48:00
103.86935425,-1.89275897,2019-08-18 13:00:00,LAPAN,Terra,Fire inside Sitrep,SUMSEL MUBA,636,2019,2019:636,2019,634,224245,0.37228632744004114,372.0,False,False,-48.0,1,NOAA20,2019-08-18 06:48:00
102.99459076,-0.78287548,2019-08-18 13:00:00,LAPAN,Terra,Verified Fire,JAMBI SMF,639,2019,2019:639,2019,637,224492,0.31428824564253416,371.0,False,False,-49.0,1,NOAA20,2019-08-18 06:49:00
103.857879639,-1.90894436836,2019-08-18 13:00:00,LAPAN,Aqua,Fire inside Sitrep,SUMSEL MUBA,641,2019,2019:641,2019,639,224229,0.4166307126203216,372.0,False,False,-48.0,1,NOAA20,2019-08-18 06:48:00
103.86169434,-1.9101038,2019-08-18 13:00:00,LAPAN,Terra,Fire inside Sitrep,SUMSEL MUBA,642,2019,2019:642,2019,640,224229,0.37191947354959926,372.0,False,False,-48.0,1,NOAA20,2019-08-18 06:48:00
103.90834045,-1.8785423,2019-08-18 13:00:00,LAPAN,Terra,Fire inside Sitrep,SUMSEL MUBA,643,2019,2019:643,2019,641,224255,0.35274760657128124,372.0,False,False,-48.0,2,NOAA20,2019-08-18 06:48:00
103.93990326,-1.88169217,2019-08-18 13:00:00,LAPAN,Terra,Fire inside Sitrep,SUMSEL MUBA,644,2019,2019:644,2019,642,224242,0.34257235590598706,372.0,False,False,-48.0,4,NOAA20,2019-08-18 06:48:00
103.71775055,-1.27444923,2019-08-18 13:00:00,LAPAN,Terra,Verified Fire,JAMBI SMF,646,2019,2019:646,2019,644,224645,0.3712572039283922,371.0,False,False,-49.0,2,NOAA20,2019-08-18 06:49:00
103.85931396,-1.8943274,2019-08-18 13:00:00,LAPAN,Terra,Fire inside Sitrep,SUMSEL MUBA,648,2019,2019:648,2019,646,224246,0.3723839792822514,372.0,False,False,-48.0,1,NOAA20,2019-08-18 06:48:00
103.90865326,-1.88412416,2019-08-19 00:00:00,LAPAN,Aqua,Verified No fire,SUMSEL MUBA,683,2019,2019:683,2019,681,225944,0.3596415436401377,370.0,False,False,-50.0,3,NOAA20,2019-08-18 17:50:00
103.90336609,-1.87203145,2019-08-19 00:00:00,LAPAN,Aqua,Verified No fire,SUMSEL MUBA,684,2019,2019:684,2019,682,225969,0.3592080216794457,370.0,False,False,-50.0,4,NOAA20,2019-08-18 17:50:00
103.90700531,-1.85011232,2019-08-19 00:00:00,LAPAN,Aqua,Fire inside Sitrep,SUMSEL MUBA,685,2019,2019:685,2019,683,225936,0.35852101410472725,370.0,False,False,-50.0,4,NOAA20,2019-08-18 17:50:00
103.93182373,-1.8766098,2019-08-19 00:00:00,LAPAN,Aqua,Fire inside Sitrep,SUMSEL MUBA,686,2019,2019:686,2019,684,225959,0.3577501516874082,370.0,False,False,-50.0,4,NOAA20,2019-08-18 17:50:00
103.8782196,-1.84543622,2019-08-19 00:00:00,LAPAN,Aqua,Fire inside Sitrep,SUMSEL MUBA,687,2019,2019:687,2019,685,225931,0.36084116529967364,370.0,False,False,-50.0,2,NOAA20,2019-08-18 17:50:00
103.89264679,-1.84778106,2019-08-19 00:00:00,LAPAN,Aqua,Fire inside Sitrep,SUMSEL MUBA,688,2019,2019:688,2019,686,225939,0.35837579986741336,370.0,False,False,-50.0,4,NOAA20,2019-08-18 17:50:00
103.92287445,-1.8864063,2019-08-19 00:00:00,LAPAN,Aqua,Verified No fire,SUMSEL MUBA,689,2019,2019:689,2019,687,225853,0.3589780074777769,370.0,False,False,-50.0,2,NOAA20,2019-08-18 17:50:00
102.9128418,-0.85620928,2019-08-19 00:00:00,LAPAN,Aqua,Verified Fire,JAMBI SMF,690,2019,2019:690,2019,688,224995,0.39493571903012,371.0,False,False,-49.0,4,NOAA20,2019-08-18 17:49:00
103.89090729,-1.85876155,2019-08-19 00:00:00,LAPAN,Aqua,Fire inside Sitrep,SUMSEL MUBA,691,2019,2019:691,2019,689,225990,0.36063246835065876,370.0,False,False,-50.0,4,NOAA20,2019-08-18 17:50:00
103.91761017,-1.87431848,2019-08-19 00:00:00,LAPAN,Aqua,Fire inside Sitrep,SUMSEL MUBA,692,2019,2019:692,2019,690,225961,0.35790825865003606,370.0,False,False,-50.0,3,NOAA20,2019-08-18 17:50:00
102.85018921,-1.13581932,2019-08-19 13:00:00,LAPAN,Aqua,Fire inside Sitrep,JAMBI SMF,754,2019,2019:754,2019,752,227500,0.2752940604951874,390.0,False,False,-30.0,1,NOAA20,2019-08-19 06:30:00
103.00046539,-0.90961492,2019-08-19 13:00:00,LAPAN,Aqua,Verified No fire,JAMBI SMF,757,2019,2019:757,2019,755,227635,0.2772319303808309,390.0,False,False,-30.0,2,NOAA20,2019-08-19 06:30:00
102.97120667,-0.99536526,2019-08-19 13:00:00,LAPAN,Aqua,Verified Fire,JAMBI SMF,758,2019,2019:758,2019,756,226976,0.24218331445016195,390.0,False,False,-30.0,1,NOAA20,2019-08-19 06:30:00
102.909919739,-0.865713775158,2019-08-19 13:00:00,LAPAN,Aqua,Verified No fire,JAMBI SMF,761,2019,2019:761,2019,759,227076,0.4662274231360744,390.0,False,False,-30.0,1,NOAA20,2019-08-19 06:30:00
102.91468811,-0.86160076,2019-08-19 13:00:00,LAPAN,Aqua,Verified Fire,JAMBI SMF,762,2019,2019:762,2019,760,227076,0.24309882209316908,390.0,False,False,-30.0,4,NOAA20,2019-08-19 06:30:00
102.79792023,-1.02829576,2019-08-19 13:00:00,LAPAN,Aqua,Verified No fire,JAMBI SMF,764,2019,2019:764,2019,762,226980,0.266113855054326,390.0,False,False,-30.0,1,NOAA20,2019-08-19 06:30:00
103.87049103,-1.87052071,2019-08-19 13:00:00,LAPAN,Aqua,Fire inside Sitrep,SUMSEL MUBA,765,2019,2019:765,2019,763,227032,0.24646253607641483,390.0,False,False,-30.0,2,NOAA20,2019-08-19 06:30:00
103.927680969,-1.88261842728,2019-08-19 13:00:00,LAPAN,Aqua,Fire inside Sitrep,SUMSEL MUBA,768,2019,2019:768,2019,766,227055,0.14854311520222055,390.0,False,False,-30.0,5,NOAA20,2019-08-19 06:30:00
103.91370392,-1.87750506,2019-08-19 13:00:00,LAPAN,Aqua,Fire inside Sitrep,SUMSEL MUBA,770,2019,2019:770,2019,768,227043,0.24689911773848622,390.0,False,False,-30.0,1,NOAA20,2019-08-19 06:30:00
103.4401474,-2.27485728,2019-08-19 13:00:00,LAPAN,Aqua,Verified No fire,SUMSEL MUBA,772,2019,2019:772,2019,770,226734,0.27952936558226027,391.0,False,False,-29.0,1,NOAA20,2019-08-19 06:29:00
102.043273926,-1.09233665466,2019-08-19 13:00:00,LAPAN,Aqua,Verified Fire,JAMBI SMF,776,2019,2019:776,2019,774,227643,0.4450130320525462,390.0,False,False,-30.0,1,NOAA20,2019-08-19 06:30:00
103.82336426,-1.88441825,2019-08-19 13:00:00,LAPAN,Aqua,Fire inside Sitrep,SUMSEL MUBA,778,2019,2019:778,2019,776,227040,0.24598607879744563,390.0,False,False,-30.0,1,NOAA20,2019-08-19 06:30:00
103.93531799,-1.88099635,2019-08-19 13:00:00,LAPAN,Aqua,Verified No fire,SUMSEL MUBA,779,2019,2019:779,2019,777,227057,0.27661267214272767,390.0,False,False,-30.0,1,NOAA20,2019-08-19 06:30:00
102.04817963,-1.08820736,2019-08-19 13:00:00,LAPAN,Aqua,Verified No fire,JAMBI SMF,784,2019,2019:784,2019,782,227643,0.27495484170496864,390.0,False,False,-30.0,1,NOAA20,2019-08-19 06:30:00
105.74634552,-3.79126859,2019-08-19 13:00:00,LAPAN,Aqua,Verified Fire,SUMSEL,790,2019,2019:790,2019,788,226629,0.26684157894714894,391.0,False,False,-29.0,2,NOAA20,2019-08-19 06:29:00
102.91072083,-0.83498263,2019-08-19 13:00:00,LAPAN,Aqua,Verified Fire,JAMBI SMF,792,2019,2019:792,2019,790,227686,0.24400658370616474,390.0,False,False,-30.0,3,NOAA20,2019-08-19 06:30:00
103.92156982,-1.88307786,2019-08-19 13:00:00,LAPAN,Aqua,Verified No fire,SUMSEL MUBA,793,2019,2019:793,2019,791,227053,0.24793155183398077,390.0,False,False,-30.0,4,NOAA20,2019-08-19 06:30:00
103.45180511,-2.25083184,2019-08-20 13:00:00,LAPAN,SNPP,Verified No fire,SUMSEL MUBA,807,2019,2019:807,2019,805,229047,0.12184663622151835,409.0,False,False,-11.0,5,NOAA20,2019-08-20 06:11:00
105.75630951,-3.76748037,2019-08-20 13:00:00,LAPAN,SNPP,Verified Fire,SUMSEL,808,2019,2019:808,2019,806,228868,0.29573756761588166,410.0,False,False,-10.0,1,NOAA20,2019-08-20 06:10:00
103.48238373,-2.23240614,2019-08-22 01:00:00,LAPAN,SNPP,Verified Fire,SUMSEL MUBA,885,2019,2019:885,2019,883,232465,0.27273047352258556,386.0,False,False,-34.0,1,NOAA20,2019-08-21 18:34:00
102.92905426,-0.84119278,2019-08-22 01:00:00,LAPAN,SNPP,Verified Fire,JAMBI SMF,886,2019,2019:886,2019,884,231796,0.258504597046144,387.0,False,False,-33.0,3,NOAA20,2019-08-21 18:33:00
103.07498169,-0.7621457,2019-08-22 01:00:00,LAPAN,SNPP,Verified No fire,JAMBI SMF,887,2019,2019:887,2019,885,231768,0.2455171884062128,387.0,False,False,-33.0,4,NOAA20,2019-08-21 18:33:00
102.91325378,-0.85225582,2019-08-22 01:00:00,LAPAN,SNPP,Verified Fire,JAMBI SMF,888,2019,2019:888,2019,886,231811,0.2346934179144695,387.0,False,False,-33.0,4,NOAA20,2019-08-21 18:33:00
102.90535736,-0.85778677,2019-08-22 01:00:00,LAPAN,SNPP,Verified Fire,JAMBI SMF,889,2019,2019:889,2019,887,232359,0.23444410342149125,387.0,False,False,-33.0,2,NOAA20,2019-08-21 18:33:00
102.90843201,-0.837951,2019-08-22 01:00:00,LAPAN,SNPP,Verified Fire,JAMBI SMF,890,2019,2019:890,2019,888,231786,0.23364266272834308,387.0,False,False,-33.0,4,NOAA20,2019-08-21 18:33:00
102.91632843,-0.83241951,2019-08-22 01:00:00,LAPAN,SNPP,Verified Fire,JAMBI SMF,891,2019,2019:891,2019,889,231781,0.28292086244639936,387.0,False,False,-33.0,2,NOAA20,2019-08-21 18:33:00
103.07184601,-2.42638254,2019-08-22 01:00:00,LAPAN,SNPP,Verified No fire,SUMSEL MUBA,892,2019,2019:892,2019,890,232451,0.24326860754555185,386.0,False,False,-34.0,2,NOAA20,2019-08-21 18:34:00
102.91646576,-0.85319036,2019-08-23 01:00:00,LAPAN,SNPP,Verified Fire,JAMBI SMF,906,2019,2019:906,2019,904,234146,0.3331565515598574,406.0,False,False,-14.0,4,NOAA20,2019-08-22 18:14:00
102.92736053,-0.8469767,2019-08-23 01:00:00,LAPAN,SNPP,Verified Fire,JAMBI SMF,907,2019,2019:907,2019,905,234155,0.3332282803623754,406.0,False,False,-14.0,4,NOAA20,2019-08-22 18:14:00
103.87806702,-1.8522824,2019-08-23 01:00:00,LAPAN,SNPP,Fire inside Sitrep,SUMSEL MUBA,908,2019,2019:908,2019,906,235042,0.2754166594473955,405.0,False,False,-15.0,2,NOAA20,2019-08-22 18:15:00
102.91889191,-0.8376807,2019-08-23 01:00:00,LAPAN,SNPP,Verified Fire,JAMBI SMF,909,2019,2019:909,2019,907,234163,0.3352283219852337,406.0,False,False,-14.0,2,NOAA20,2019-08-22 18:14:00
102.90921783,-0.83613545,2019-08-23 01:00:00,LAPAN,SNPP,Verified Fire,JAMBI SMF,910,2019,2019:910,2019,908,20015,0.31826900767401045,411.0,False,False,-9.0,5,Aqua,2019-08-22 18:09:00
103.88757324,-1.84639037,2019-08-23 01:00:00,LAPAN,SNPP,Fire inside Sitrep,SUMSEL MUBA,911,2019,2019:911,2019,909,234872,0.2747168318382308,405.0,False,False,-15.0,3,NOAA20,2019-08-22 18:15:00
103.84034729,-2.02070451,2019-08-23 13:00:00,LAPAN,SNPP,Verified Fire,SUMSEL MUBA,924,2019,2019:924,2019,922,236523,0.31371318117607955,365.0,False,False,-55.0,1,NOAA20,2019-08-23 06:55:00
103.82566833,-2.03286839,2019-08-23 13:00:00,LAPAN,SNPP,Verified Fire,SUMSEL MUBA,927,2019,2019:927,2019,925,236528,0.3855936685466781,365.0,False,False,-55.0,2,NOAA20,2019-08-23 06:55:00
102.90748596,-0.85811847,2019-08-23 13:00:00,LAPAN,SNPP,Verified Fire,JAMBI SMF,934,2019,2019:934,2019,932,236302,0.33255689350561807,365.0,False,False,-55.0,1,NOAA20,2019-08-23 06:55:00
103.85622406,-1.89225459,2019-08-23 13:00:00,LAPAN,SNPP,Fire inside Sitrep,SUMSEL MUBA,939,2019,2019:939,2019,937,236492,0.3253206166051511,365.0,False,False,-55.0,2,NOAA20,2019-08-23 06:55:00
102.92979431,-0.84551883,2019-08-24 00:00:00,LAPAN,Aqua,Verified Fire,JAMBI SMF,959,2019,2019:959,2019,957,237426,0.3102245578850511,364.0,False,False,-56.0,4,NOAA20,2019-08-23 17:56:00
105.701599121,-3.56295990944,2019-08-26 13:00:00,LAPAN,Aqua,Verified Fire,SUMSEL,1001,2019,2019:1001,2019,999,928621,0.424577224987437,371.0,False,False,-49.0,3,SNPP,2019-08-26 06:49:00
105.681602478,-3.5658929348,2019-08-26 13:00:00,LAPAN,Aqua,Verified Fire,SUMSEL,1005,2019,2019:1005,2019,1003,928626,0.30676116353524435,371.0,False,False,-49.0,2,SNPP,2019-08-26 06:49:00
103.87910461,-1.40205789,2019-08-27 01:00:00,LAPAN,Aqua,Verified Fire,JAMBI SMF,1009,2019,2019:1009,2019,1007,241002,0.2698699506734533,380.0,False,False,-40.0,3,NOAA20,2019-08-26 18:40:00
101.98011017,-0.9608379,2019-08-29 13:00:00,LAPAN,SNPP,Verified No fire,JAMBI SMF,1016,2019,2019:1016,2019,1014,244211,0.27362742079505953,378.0,False,False,-42.0,2,NOAA20,2019-08-29 06:42:00
103.42622375,-2.236444,2019-09-01 01:00:00,LAPAN,SNPP,Verified Fire,SUMSEL MUBA,1040,2019,2019:1040,2019,1038,251596,0.31313148897232934,374.0,False,False,-46.0,3,NOAA20,2019-08-31 18:46:00
103.41722107,-2.23566461,2019-09-02 01:00:00,LAPAN,Aqua,Verified Fire,SUMSEL MUBA,1072,2019,2019:1072,2019,1070,254817,0.24494558543641326,393.0,False,False,-27.0,4,NOAA20,2019-09-01 18:27:00
103.40584564,-2.22007561,2019-09-02 01:00:00,LAPAN,Aqua,Verified Fire,SUMSEL MUBA,1076,2019,2019:1076,2019,1074,254785,0.264469949840237,393.0,False,False,-27.0,3,NOAA20,2019-09-01 18:27:00
104.116592407,-1.73363029957,2019-09-02 13:00:00,LAPAN,Aqua,Fire inside Sitrep,SUMSEL MUBA,1083,2019,2019:1083,2019,1081,943358,0.2136038559086925,402.0,False,False,-18.0,1,SNPP,2019-09-02 06:18:00
104.114624023,-1.720230937,2019-09-02 13:00:00,LAPAN,Aqua,Fire inside Sitrep,SUMSEL MUBA,1086,2019,2019:1086,2019,1084,944050,0.4566971924645284,402.0,False,False,-18.0,2,SNPP,2019-09-02 06:18:00
103.429039,-2.21331024,2019-09-03 01:00:00,LAPAN,SNPP,Verified Fire,SUMSEL MUBA,1093,2019,2019:1093,2019,1091,258623,0.2750949491164369,411.0,False,False,-9.0,3,NOAA20,2019-09-02 18:09:00
103.41692352,-1.08723271,2019-09-03 01:00:00,LAPAN,SNPP,Verified Fire,JAMBI SMF,1094,2019,2019:1094,2019,1092,257989,0.2917408199321507,412.0,False,False,-8.0,4,NOAA20,2019-09-02 18:08:00
103.45526123,-2.28087807,2019-09-03 13:00:00,LAPAN,SNPP,Verified Fire,SUMSEL MUBA,1099,2019,2019:1099,2019,1097,260185,0.3552660710293349,372.0,False,False,-48.0,1,NOAA20,2019-09-03 06:48:00
104.10401917,-1.73777866,2019-09-03 13:00:00,LAPAN,SNPP,Fire inside Sitrep,SUMSEL MUBA,1100,2019,2019:1100,2019,1098,260319,0.29236341558960127,372.0,False,False,-48.0,3,NOAA20,2019-09-03 06:48:00
105.312965393,-3.11292552948,2019-09-04 13:00:00,LAPAN,Aqua,Verified Fire,SUMSEL,1111,2019,2019:1111,2019,1109,264621,0.37347040056227987,391.0,False,False,-29.0,1,NOAA20,2019-09-04 06:29:00
103.45081329,-2.27494335,2019-09-04 13:00:00,LAPAN,SNPP,Verified Fire,SUMSEL MUBA,1114,2019,2019:1114,2019,1112,265216,0.24363452453156648,391.0,False,False,-29.0,2,NOAA20,2019-09-04 06:29:00
103.87177277,-1.85827458,2019-09-04 13:00:00,LAPAN,SNPP,Fire inside Sitrep,SUMSEL MUBA,1116,2019,2019:1116,2019,1114,265408,0.23938805807024108,391.0,False,False,-29.0,2,NOAA20,2019-09-04 06:29:00
105.32377625,-3.11049414,2019-09-04 13:00:00,LAPAN,SNPP,Verified Fire,SUMSEL,1121,2019,2019:1121,2019,1119,264615,0.2628884139616496,391.0,False,False,-29.0,3,NOAA20,2019-09-04 06:29:00
105.30769348,-3.09927082,2019-09-04 13:00:00,LAPAN,SNPP,Verified Fire,SUMSEL,1122,2019,2019:1122,2019,1120,264636,0.2630581967341134,391.0,False,False,-29.0,4,NOAA20,2019-09-04 06:29:00
103.092658997,-0.738795518875,2019-09-04 13:00:00,LAPAN,Aqua,Verified No fire,JAMBI SMF,1123,2019,2019:1123,2019,1121,266383,0.4348660768772189,390.0,False,False,-30.0,1,NOAA20,2019-09-04 06:30:00
102.93030548,-0.84718496,2019-09-04 13:00:00,LAPAN,SNPP,Verified Fire,JAMBI SMF,1125,2019,2019:1125,2019,1123,267263,0.24589636060773673,390.0,False,False,-30.0,3,NOAA20,2019-09-04 06:30:00
105.31574249,-3.104882,2019-09-04 13:00:00,LAPAN,SNPP,Verified Fire,SUMSEL,1126,2019,2019:1126,2019,1124,264626,0.2643721316398997,391.0,False,False,-29.0,4,NOAA20,2019-09-04 06:29:00
103.8217926,-2.02890134,2019-09-04 13:00:00,LAPAN,SNPP,Fire inside Sitrep,SUMSEL MUBA,1127,2019,2019:1127,2019,1125,265316,0.2998274644968333,391.0,False,False,-29.0,1,NOAA20,2019-09-04 06:29:00
102.78703308,-1.02507544,2019-09-04 13:00:00,LAPAN,SNPP,Verified No fire,JAMBI SMF,1130,2019,2019:1130,2019,1128,266473,0.3053596727800959,390.0,False,False,-30.0,1,NOAA20,2019-09-04 06:30:00
104.11750793,-1.71922398,2019-09-04 13:00:00,LAPAN,SNPP,Fire inside Sitrep,SUMSEL MUBA,1131,2019,2019:1131,2019,1129,267016,0.23434463232587935,390.0,False,False,-30.0,3,NOAA20,2019-09-04 06:30:00
103.09828186,-0.74036831,2019-09-04 13:00:00,LAPAN,SNPP,Verified No fire,JAMBI SMF,1134,2019,2019:1134,2019,1132,266383,0.2611697034084837,390.0,False,False,-30.0,1,NOAA20,2019-09-04 06:30:00
103.40879059,-2.23376989,2019-09-04 13:00:00,LAPAN,SNPP,Verified Fire,SUMSEL MUBA,1135,2019,2019:1135,2019,1133,265234,0.3070928859163624,391.0,False,False,-29.0,1,NOAA20,2019-09-04 06:29:00
103.41497803,-1.09291506,2019-09-04 13:00:00,LAPAN,SNPP,Verified Fire,JAMBI SMF,1136,2019,2019:1136,2019,1134,266546,0.2565556313348939,390.0,False,False,-30.0,2,NOAA20,2019-09-04 06:30:00
104.11221313,-1.74927545,2019-09-05 13:00:00,LAPAN,SNPP,Fire inside Sitrep,SUMSEL MUBA,1151,2019,2019:1151,2019,1149,274847,0.3385815106366381,409.0,False,False,-11.0,2,NOAA20,2019-09-05 06:11:00
104.10986328,-1.73360002,2019-09-05 13:00:00,LAPAN,SNPP,Fire inside Sitrep,SUMSEL MUBA,1152,2019,2019:1152,2019,1150,274810,0.20533150206893935,409.0,False,False,-11.0,5,NOAA20,2019-09-05 06:11:00
105.80198669,-3.56473398,2019-09-05 13:00:00,LAPAN,SNPP,Verified No fire,SUMSEL,1153,2019,2019:1153,2019,1151,271915,0.3628128951599093,410.0,False,False,-10.0,1,NOAA20,2019-09-05 06:10:00
105.62825775,-3.75871921,2019-09-05 13:00:00,LAPAN,SNPP,Verified Fire,SUMSEL,1154,2019,2019:1154,2019,1152,271632,0.27747083612411744,410.0,False,False,-10.0,1,NOAA20,2019-09-05 06:10:00
103.41555023,-1.09538686,2019-09-05 13:00:00,LAPAN,SNPP,Verified Fire,JAMBI SMF,1155,2019,2019:1155,2019,1153,273961,0.29173237451360684,409.0,False,False,-11.0,2,NOAA20,2019-09-05 06:11:00
103.53652191,-1.03518295,2019-09-05 13:00:00,LAPAN,SNPP,Verified No fire,JAMBI SMF,1156,2019,2019:1156,2019,1154,273938,0.3175702244003282,409.0,False,False,-11.0,1,NOAA20,2019-09-05 06:11:00
103.4561615,-2.26125026,2019-09-05 13:00:00,LAPAN,SNPP,Verified Fire,SUMSEL MUBA,1157,2019,2019:1157,2019,1155,275271,0.16267172825661297,409.0,False,False,-11.0,3,NOAA20,2019-09-05 06:11:00
102.89646149,-0.86547178,2019-09-05 13:00:00,LAPAN,SNPP,Verified No fire,JAMBI SMF,1158,2019,2019:1158,2019,1156,273743,0.33096767037780145,409.0,False,False,-11.0,2,NOAA20,2019-09-05 06:11:00
102.80661774,-1.04743099,2019-09-05 13:00:00,LAPAN,SNPP,Verified No fire,JAMBI SMF,1159,2019,2019:1159,2019,1157,273874,0.3099319032556042,409.0,False,False,-11.0,1,NOAA20,2019-09-05 06:11:00
102.78790283,-1.02434421,2019-09-05 13:00:00,LAPAN,SNPP,Verified No fire,JAMBI SMF,1160,2019,2019:1160,2019,1158,273851,0.28408105270128775,409.0,False,False,-11.0,3,NOAA20,2019-09-05 06:11:00
101.93408203,-0.95668828,2019-09-05 13:00:00,LAPAN,SNPP,Verified Fire,JAMBI SMF,1161,2019,2019:1161,2019,1159,273681,0.3287567012195734,409.0,False,False,-11.0,2,NOAA20,2019-09-05 06:11:00
102.92576599,-0.85253042,2019-09-05 13:00:00,LAPAN,SNPP,Verified No fire,JAMBI SMF,1163,2019,2019:1163,2019,1161,273735,0.2905364995560344,409.0,False,False,-11.0,3,NOAA20,2019-09-05 06:11:00
101.95233154,-0.97025716,2019-09-05 13:00:00,LAPAN,SNPP,Verified No fire,JAMBI SMF,1164,2019,2019:1164,2019,1162,273703,0.3540957001765326,409.0,False,False,-11.0,2,NOAA20,2019-09-05 06:11:00
103.67831421,-1.44644356,2019-09-05 13:00:00,LAPAN,SNPP,Verified No fire,JAMBI SMF,1165,2019,2019:1165,2019,1163,274453,0.28249001144890595,409.0,False,False,-11.0,2,NOAA20,2019-09-05 06:11:00
103.07228088,-1.10626364,2019-09-05 13:00:00,LAPAN,SNPP,Verified No fire,JAMBI SMF,1166,2019,2019:1166,2019,1164,273936,0.3440976648555229,409.0,False,False,-11.0,1,NOAA20,2019-09-05 06:11:00
102.01210022,-1.00706959,2019-09-05 13:00:00,LAPAN,SNPP,Verified Fire,JAMBI SMF,1167,2019,2019:1167,2019,1165,273749,0.3528003024458272,409.0,False,False,-11.0,1,NOAA20,2019-09-05 06:11:00
105.84494019,-3.87590694,2019-09-05 13:00:00,LAPAN,SNPP,Verified No fire,SUMSEL,1168,2019,2019:1168,2019,1166,271397,0.2782834171426395,410.0,False,False,-10.0,1,NOAA20,2019-09-05 06:10:00
103.39399719,-1.09857905,2019-09-05 13:00:00,LAPAN,SNPP,Verified Fire,JAMBI SMF,1169,2019,2019:1169,2019,1167,273966,0.26007244938580965,409.0,False,False,-11.0,3,NOAA20,2019-09-05 06:11:00
105.32629395,-3.10844469,2019-09-05 13:00:00,LAPAN,SNPP,Verified Fire,SUMSEL,1170,2019,2019:1170,2019,1168,273134,0.28370082036167155,410.0,False,False,-10.0,2,NOAA20,2019-09-05 06:10:00
102.93212891,-0.84303129,2019-09-05 13:00:00,LAPAN,SNPP,Verified No fire,JAMBI SMF,1171,2019,2019:1171,2019,1169,273724,0.29062117951905053,409.0,False,False,-11.0,2,NOAA20,2019-09-05 06:11:00
104.1034317,-1.75859427,2019-09-05 13:00:00,LAPAN,SNPP,Fire inside Sitrep,SUMSEL MUBA,1172,2019,2019:1172,2019,1170,274873,0.32209106319365705,409.0,False,False,-11.0,3,NOAA20,2019-09-05 06:11:00
104.11077118,-1.72136295,2019-09-05 13:00:00,LAPAN,SNPP,Fire inside Sitrep,SUMSEL MUBA,1173,2019,2019:1173,2019,1171,274801,0.30445065659015524,409.0,False,False,-11.0,2,NOAA20,2019-09-05 06:11:00
105.75079346,-3.7589426,2019-09-05 13:00:00,LAPAN,SNPP,Verified No fire,SUMSEL,1174,2019,2019:1174,2019,1172,271571,0.25361242287054414,410.0,False,False,-10.0,6,NOAA20,2019-09-05 06:10:00
101.96125031,-0.96895462,2019-09-05 13:00:00,LAPAN,SNPP,Verified Fire,JAMBI SMF,1175,2019,2019:1175,2019,1173,273687,0.06842887496456658,409.0,False,False,-11.0,3,NOAA20,2019-09-05 06:11:00
105.67424774,-3.82967973,2019-09-06 12:00:00,LAPAN,SNPP,Verified Fire,SUMSEL,1194,2019,2019:1194,2019,1192,278180,0.3755677849786337,369.0,False,False,-51.0,1,NOAA20,2019-09-06 05:51:00
102.92086792,-0.84708959,2019-09-06 12:00:00,LAPAN,SNPP,Verified No fire,JAMBI SMF,1196,2019,2019:1196,2019,1194,279491,0.2574250590938573,368.0,False,False,-52.0,4,NOAA20,2019-09-06 05:52:00
102.93019104,-0.8451426,2019-09-06 12:00:00,LAPAN,SNPP,Verified Fire,JAMBI SMF,1197,2019,2019:1197,2019,1195,279487,0.3338749856269485,368.0,False,False,-52.0,1,NOAA20,2019-09-06 05:52:00
102.91634369,-0.85262644,2019-09-07 01:00:00,LAPAN,SNPP,Verified No fire,JAMBI SMF,1236,2019,2019:1236,2019,1234,280861,0.23718195196764025,387.0,False,False,-33.0,2,NOAA20,2019-09-06 18:33:00
104.11534119,-1.77424276,2019-09-07 01:00:00,LAPAN,SNPP,Fire inside Sitrep,SUMSEL MUBA,1237,2019,2019:1237,2019,1235,281088,0.25594737878470086,387.0,False,False,-33.0,2,NOAA20,2019-09-06 18:33:00
102.92527008,-0.84047931,2019-09-07 01:00:00,LAPAN,SNPP,Verified No fire,JAMBI SMF,1238,2019,2019:1238,2019,1236,280852,0.300139554571657,387.0,False,False,-33.0,1,NOAA20,2019-09-06 18:33:00
104.123703,-1.7685796,2019-09-07 01:00:00,LAPAN,SNPP,Fire inside Sitrep,SUMSEL MUBA,1240,2019,2019:1240,2019,1238,281084,0.25651330683129475,387.0,False,False,-33.0,4,NOAA20,2019-09-06 18:33:00
102.925117493,-0.840981006622,2019-09-07 01:00:00,LAPAN,Aqua,Verified No fire,JAMBI SMF,1241,2019,2019:1241,2019,1239,280852,0.2584532938790156,387.0,False,False,-33.0,1,NOAA20,2019-09-06 18:33:00
103.90950012,-1.8440038,2019-09-08 01:00:00,LAPAN,SNPP,Fire inside Sitrep,SUMSEL MUBA,1278,2019,2019:1278,2019,1276,285145,0.2758811462761204,405.0,False,False,-15.0,1,NOAA20,2019-09-07 18:15:00
102.86647034,-1.21448171,2019-09-08 01:00:00,LAPAN,SNPP,Verified Fire,JAMBI SMF,1279,2019,2019:1279,2019,1277,285968,0.33444940598153494,405.0,False,False,-15.0,2,NOAA20,2019-09-07 18:15:00
102.92234039,-0.84519607,2019-09-08 01:00:00,LAPAN,SNPP,Verified No fire,JAMBI SMF,1280,2019,2019:1280,2019,1278,285273,0.10518339967094814,405.0,False,False,-15.0,5,NOAA20,2019-09-07 18:15:00
102.85640717,-1.21288621,2019-09-08 01:00:00,LAPAN,SNPP,Verified Fire,JAMBI SMF,1281,2019,2019:1281,2019,1279,285972,0.36312821927138705,405.0,False,False,-15.0,2,NOAA20,2019-09-07 18:15:00
104.12394714,-1.76189363,2019-09-08 01:00:00,LAPAN,SNPP,Fire inside Sitrep,SUMSEL MUBA,1282,2019,2019:1282,2019,1280,285438,0.25752593636071214,405.0,False,False,-15.0,5,NOAA20,2019-09-07 18:15:00
104.10510254,-1.72219634,2019-09-08 01:00:00,LAPAN,SNPP,Fire inside Sitrep,SUMSEL MUBA,1283,2019,2019:1283,2019,1281,285051,0.2581201621693557,405.0,False,False,-15.0,4,NOAA20,2019-09-07 18:15:00
103.41049957,-2.20969152,2019-09-08 13:00:00,LAPAN,SNPP,Verified Fire,SUMSEL MUBA,1327,2019,2019:1327,2019,1325,288821,0.3492503661762686,365.0,False,False,-55.0,2,NOAA20,2019-09-08 06:55:00
103.43050385,-2.23681593,2019-09-08 13:00:00,LAPAN,SNPP,Verified Fire,SUMSEL MUBA,1328,2019,2019:1328,2019,1326,32193,0.13299162505436962,390.0,False,False,-30.0,3,Aqua,2019-09-08 06:30:00
103.39069366,-1.10576022,2019-09-08 13:00:00,LAPAN,SNPP,Verified No fire,JAMBI SMF,1355,2019,2019:1355,2019,1353,289321,0.3581775831871453,365.0,False,False,-55.0,2,NOAA20,2019-09-08 06:55:00
102.99723816,-0.90684712,2019-09-08 13:00:00,LAPAN,SNPP,Verified No fire,JAMBI SMF,1359,2019,2019:1359,2019,1357,289289,0.33937121121680913,365.0,False,False,-55.0,2,NOAA20,2019-09-08 06:55:00
102.79863739,-1.02912462,2019-09-08 13:00:00,LAPAN,SNPP,Verified No fire,JAMBI SMF,1361,2019,2019:1361,2019,1359,289297,0.31590915172239403,365.0,False,False,-55.0,1,NOAA20,2019-09-08 06:55:00
101.89080811,-0.99438363,2019-09-08 13:00:00,LAPAN,SNPP,Verified Fire,JAMBI SMF,1372,2019,2019:1372,2019,1370,289259,0.3546524867820729,365.0,False,False,-55.0,2,NOAA20,2019-09-08 06:55:00
103.42670441,-2.21141171,2019-09-08 13:00:00,LAPAN,SNPP,Verified Fire,SUMSEL MUBA,1388,2019,2019:1388,2019,1386,288824,0.33736856384338065,365.0,False,False,-55.0,1,NOAA20,2019-09-08 06:55:00
102.79165649,-1.42225301,2019-09-08 13:00:00,LAPAN,SNPP,Verified Fire,JAMBI SMF,1400,2019,2019:1400,2019,1398,289371,0.33144495526508194,365.0,False,False,-55.0,1,NOAA20,2019-09-08 06:55:00
103.681022644,-1.44728219509,2019-09-08 13:00:00,LAPAN,Aqua,Verified Fire,JAMBI SMF,1418,2019,2019:1418,2019,1416,976857,0.05534739185084673,414.0,False,False,-6.0,3,SNPP,2019-09-08 06:06:00
103.44083405,-2.30451965,2019-09-08 13:00:00,LAPAN,SNPP,Verified Fire,SUMSEL MUBA,1422,2019,2019:1422,2019,1420,288317,0.2622585806720775,366.0,False,False,-54.0,2,NOAA20,2019-09-08 06:54:00
103.674041748,-2.284324646,2019-09-08 13:00:00,LAPAN,Aqua,Verified Fire,SUMSEL MUBA,1439,2019,2019:1439,2019,1437,973869,0.4718425687812441,415.0,False,False,-5.0,1,SNPP,2019-09-08 06:05:00
105.60155487,-3.77275062,2019-09-08 13:00:00,LAPAN,SNPP,Verified Fire,SUMSEL,1445,2019,2019:1445,2019,1443,287836,0.34332816145263956,366.0,False,False,-54.0,3,NOAA20,2019-09-08 06:54:00
103.4081955,-2.50856471,2019-09-08 13:00:00,LAPAN,SNPP,Verified No fire,SUMSEL MUBA,1451,2019,2019:1451,2019,1449,288275,0.35575532937392057,366.0,False,False,-54.0,1,NOAA20,2019-09-08 06:54:00
103.44713593,-2.26554108,2019-09-09 00:00:00,LAPAN,SNPP,Verified Fire,SUMSEL MUBA,1497,2019,2019:1497,2019,1495,292259,0.2705632462768976,364.0,False,False,-56.0,4,NOAA20,2019-09-08 17:56:00
104.12789917,-1.75754833,2019-09-09 00:00:00,LAPAN,SNPP,Fire inside Sitrep,SUMSEL MUBA,1499,2019,2019:1499,2019,1497,292100,0.10055337925658474,364.0,False,False,-56.0,4,NOAA20,2019-09-08 17:56:00
104.10044861,-1.72331142,2019-09-09 00:00:00,LAPAN,SNPP,Fire inside Sitrep,SUMSEL MUBA,1500,2019,2019:1500,2019,1498,292009,0.32265153413548153,364.0,False,False,-56.0,3,NOAA20,2019-09-08 17:56:00
103.40299988,-2.44279003,2019-09-09 00:00:00,LAPAN,SNPP,Verified No fire,SUMSEL MUBA,1501,2019,2019:1501,2019,1499,292295,0.2719134961413721,364.0,False,False,-56.0,2,NOAA20,2019-09-08 17:56:00
103.77423859,-1.3484143,2019-09-09 00:00:00,LAPAN,SNPP,Verified Fire,JAMBI SMF,1502,2019,2019:1502,2019,1500,291718,0.28054038971098794,364.0,False,False,-56.0,4,NOAA20,2019-09-08 17:56:00
103.77180481,-1.32748568,2019-09-09 00:00:00,LAPAN,SNPP,Verified Fire,JAMBI SMF,1503,2019,2019:1503,2019,1501,291671,0.2813953698648104,364.0,False,False,-56.0,5,NOAA20,2019-09-08 17:56:00
102.78954315,-1.41857708,2019-09-09 00:00:00,LAPAN,SNPP,Verified Fire,JAMBI SMF,1504,2019,2019:1504,2019,1502,291977,0.08161252145431526,364.0,False,False,-56.0,7,NOAA20,2019-09-08 17:56:00
103.78495026,-1.31930792,2019-09-09 00:00:00,LAPAN,SNPP,Verified Fire,JAMBI SMF,1505,2019,2019:1505,2019,1503,291649,0.280294126603308,364.0,False,False,-56.0,6,NOAA20,2019-09-08 17:56:00
103.77588654,-1.33840513,2019-09-09 00:00:00,LAPAN,SNPP,Verified Fire,JAMBI SMF,1506,2019,2019:1506,2019,1504,291690,0.2802502162039365,364.0,False,False,-56.0,6,NOAA20,2019-09-08 17:56:00
103.77353668,-1.3174814,2019-09-09 00:00:00,LAPAN,SNPP,Verified Fire,JAMBI SMF,1507,2019,2019:1507,2019,1505,291645,0.28033939939112495,364.0,False,False,-56.0,6,NOAA20,2019-09-08 17:56:00
103.78327179,-1.32931423,2019-09-09 00:00:00,LAPAN,SNPP,Verified Fire,JAMBI SMF,1508,2019,2019:1508,2019,1506,291677,0.28139058832350816,364.0,False,False,-56.0,5,NOAA20,2019-09-08 17:56:00
103.6688385,-2.27788186,2019-09-09 13:00:00,LAPAN,Aqua,Verified No fire,SUMSEL MUBA,1564,2019,2019:1564,2019,1562,295682,0.2796555647811459,384.0,False,False,-36.0,2,NOAA20,2019-09-09 06:36:00
103.08184814,-2.41433287,2019-09-09 13:00:00,LAPAN,Aqua,Verified No fire,SUMSEL MUBA,1565,2019,2019:1565,2019,1563,295672,0.24786639695599885,384.0,False,False,-36.0,1,NOAA20,2019-09-09 06:36:00
104.14369965,-1.67707264,2019-09-09 13:00:00,LAPAN,Aqua,Fire inside Sitrep,SUMSEL MUBA,1566,2019,2019:1566,2019,1564,295952,0.24390035030319276,384.0,False,False,-36.0,3,NOAA20,2019-09-09 06:36:00
103.86702728,-1.8599484,2019-09-09 13:00:00,LAPAN,Aqua,Fire inside Sitrep,SUMSEL MUBA,1567,2019,2019:1567,2019,1565,295812,0.287711045906695,384.0,False,False,-36.0,1,NOAA20,2019-09-09 06:36:00
103.9617691,-1.85234153,2019-09-09 13:00:00,LAPAN,Aqua,Fire inside Sitrep,SUMSEL MUBA,1569,2019,2019:1569,2019,1567,295798,0.24150558352786816,384.0,False,False,-36.0,3,NOAA20,2019-09-09 06:36:00
102.92214203,-0.85061711,2019-09-09 13:00:00,LAPAN,Aqua,Verified No fire,JAMBI SMF,1570,2019,2019:1570,2019,1568,296449,0.26026792558842704,384.0,False,False,-36.0,2,NOAA20,2019-09-09 06:36:00
102.86489868,-1.21213353,2019-09-09 13:00:00,LAPAN,Aqua,Verified Fire,JAMBI SMF,1571,2019,2019:1571,2019,1569,296417,0.24791159732635157,384.0,False,False,-36.0,1,NOAA20,2019-09-09 06:36:00
103.24057007,-1.06050301,2019-09-09 13:00:00,LAPAN,Aqua,Verified No fire,JAMBI SMF,1572,2019,2019:1572,2019,1570,296431,0.26441739969350525,384.0,False,False,-36.0,1,NOAA20,2019-09-09 06:36:00
105.41143799,-2.52622128,2019-09-09 13:00:00,LAPAN,Aqua,Verified No fire,SUMSEL,1573,2019,2019:1573,2019,1571,295407,0.32823506036490446,384.0,False,False,-36.0,1,NOAA20,2019-09-09 06:36:00
105.71647644,-3.68741941,2019-09-09 13:00:00,LAPAN,Aqua,Verified Fire,SUMSEL,1574,2019,2019:1574,2019,1572,294544,0.2687062389867762,385.0,False,False,-35.0,1,NOAA20,2019-09-09 06:35:00
105.70023346,-3.68992805,2019-09-09 13:00:00,LAPAN,Aqua,Verified Fire,SUMSEL,1575,2019,2019:1575,2019,1573,294546,0.2686281310264387,385.0,False,False,-35.0,1,NOAA20,2019-09-09 06:35:00
105.92451477,-3.84274459,2019-09-09 13:00:00,LAPAN,Aqua,Verified Fire,SUMSEL,1576,2019,2019:1576,2019,1574,294435,0.3259205596197858,385.0,False,False,-35.0,1,NOAA20,2019-09-09 06:35:00
103.88657379,-1.84311783,2019-09-09 13:00:00,LAPAN,Aqua,Fire inside Sitrep,SUMSEL MUBA,1578,2019,2019:1578,2019,1576,295822,0.24214650780564403,384.0,False,False,-36.0,1,NOAA20,2019-09-09 06:36:00
103.40330505,-2.46711874,2019-09-09 13:00:00,LAPAN,Aqua,Verified No fire,SUMSEL MUBA,1580,2019,2019:1580,2019,1578,295637,0.2600627452767716,384.0,False,False,-36.0,2,NOAA20,2019-09-09 06:36:00
103.78089142,-1.35097563,2019-09-09 13:00:00,LAPAN,Aqua,Verified Fire,JAMBI SMF,1581,2019,2019:1581,2019,1579,296182,0.2557779497014481,384.0,False,False,-36.0,3,NOAA20,2019-09-09 06:36:00
103.82214355,-1.33082986,2019-09-09 13:00:00,LAPAN,Aqua,Verified Fire,JAMBI SMF,1582,2019,2019:1582,2019,1580,296262,0.2736102564148752,384.0,False,False,-36.0,1,NOAA20,2019-09-09 06:36:00
103.88627625,-1.3140775,2019-09-09 13:00:00,LAPAN,Aqua,Verified Fire,JAMBI SMF,1583,2019,2019:1583,2019,1581,296278,0.2552646148386712,384.0,False,False,-36.0,3,NOAA20,2019-09-09 06:36:00
103.77581024,-1.31716585,2019-09-09 13:00:00,LAPAN,Aqua,Verified Fire,JAMBI SMF,1584,2019,2019:1584,2019,1582,296328,0.2556799720851459,384.0,False,False,-36.0,4,NOAA20,2019-09-09 06:36:00
103.19577789,-2.41736913,2019-09-09 13:00:00,LAPAN,Aqua,Verified No fire,SUMSEL MUBA,1585,2019,2019:1585,2019,1583,295658,0.293307429648161,384.0,False,False,-36.0,1,NOAA20,2019-09-09 06:36:00
105.34221649,-2.61637878,2019-09-09 13:00:00,LAPAN,Aqua,Verified No fire,SUMSEL,1586,2019,2019:1586,2019,1584,295384,0.2854672248329142,384.0,False,False,-36.0,1,NOAA20,2019-09-09 06:36:00
102.83100128,-1.04085171,2019-09-09 13:00:00,LAPAN,Aqua,Verified No fire,JAMBI SMF,1587,2019,2019:1587,2019,1585,296438,0.259754845506467,384.0,False,False,-36.0,1,NOAA20,2019-09-09 06:36:00
103.59295654,-2.11226678,2019-09-09 13:00:00,LAPAN,Aqua,Fire inside Sitrep,SUMSEL MUBA,1588,2019,2019:1588,2019,1586,295750,0.2476106293748048,384.0,False,False,-36.0,2,NOAA20,2019-09-09 06:36:00
105.30619049,-3.13587666,2019-09-09 13:00:00,LAPAN,Aqua,Verified Fire,SUMSEL,1589,2019,2019:1589,2019,1587,294814,0.22908736086909884,385.0,False,False,-35.0,6,NOAA20,2019-09-09 06:35:00
103.81389618,-1.32517016,2019-09-09 13:00:00,LAPAN,Aqua,Verified Fire,JAMBI SMF,1590,2019,2019:1590,2019,1588,296279,0.2550247037221656,384.0,False,False,-36.0,2,NOAA20,2019-09-09 06:36:00
103.77885437,-1.33745742,2019-09-09 13:00:00,LAPAN,Aqua,Verified Fire,JAMBI SMF,1592,2019,2019:1592,2019,1590,296249,0.25582063714955433,384.0,False,False,-36.0,4,NOAA20,2019-09-09 06:36:00
105.34545898,-3.71591353,2019-09-09 13:00:00,LAPAN,Aqua,Verified Fire,SUMSEL,1593,2019,2019:1593,2019,1591,294572,0.2828648025236931,385.0,False,False,-35.0,2,NOAA20,2019-09-09 06:35:00
105.33314514,-2.61052585,2019-09-09 13:00:00,LAPAN,Aqua,Verified No fire,SUMSEL,1594,2019,2019:1594,2019,1592,295388,0.31720226236504295,384.0,False,False,-36.0,1,NOAA20,2019-09-09 06:36:00
104.12017822,-1.71950495,2019-09-09 13:00:00,LAPAN,Aqua,Fire inside Sitrep,SUMSEL MUBA,1595,2019,2019:1595,2019,1593,295906,0.2549309451181892,384.0,False,False,-36.0,4,NOAA20,2019-09-09 06:36:00
103.79022217,-1.31495655,2019-09-09 13:00:00,LAPAN,Aqua,Verified Fire,JAMBI SMF,1596,2019,2019:1596,2019,1594,296324,0.25507301007110733,384.0,False,False,-36.0,4,NOAA20,2019-09-09 06:36:00
104.09395599,-1.74442184,2019-09-09 13:00:00,LAPAN,Aqua,Fire inside Sitrep,SUMSEL MUBA,1597,2019,2019:1597,2019,1595,295887,0.2557281197745901,384.0,False,False,-36.0,4,NOAA20,2019-09-09 06:36:00
105.69321442,-3.69831467,2019-09-09 13:00:00,LAPAN,Aqua,Verified Fire,SUMSEL,1598,2019,2019:1598,2019,1596,294537,0.32401268334244687,385.0,False,False,-35.0,2,NOAA20,2019-09-09 06:35:00
103.83139801,-1.34326684,2019-09-09 13:00:00,LAPAN,Aqua,Verified Fire,JAMBI SMF,1599,2019,2019:1599,2019,1597,296180,0.2561185904480791,384.0,False,False,-36.0,2,NOAA20,2019-09-09 06:36:00
104.11183167,-1.7138133,2019-09-09 13:00:00,LAPAN,Aqua,Fire inside Sitrep,SUMSEL MUBA,1600,2019,2019:1600,2019,1598,295922,0.25530942821299285,384.0,False,False,-36.0,3,NOAA20,2019-09-09 06:36:00
103.39259338,-1.10496426,2019-09-09 13:00:00,LAPAN,Aqua,Verified No fire,JAMBI SMF,1601,2019,2019:1601,2019,1599,296421,0.2733108399273195,384.0,False,False,-36.0,3,NOAA20,2019-09-09 06:36:00
103.36290741,-2.39191818,2019-09-09 13:00:00,LAPAN,Aqua,Fire inside Sitrep,SUMSEL MUBA,1603,2019,2019:1603,2019,1601,295656,0.29325627835916257,384.0,False,False,-36.0,1,NOAA20,2019-09-09 06:36:00
103.88539886,-1.3206805,2019-09-10 00:00:00,LAPAN,SNPP,Verified Fire,JAMBI SMF,1645,2019,2019:1645,2019,1643,298699,0.105258134643399,383.0,False,False,-37.0,2,NOAA20,2019-09-09 17:37:00
103.76457214,-1.32379389,2019-09-10 00:00:00,LAPAN,SNPP,Verified Fire,JAMBI SMF,1646,2019,2019:1646,2019,1644,298788,0.41622936305775043,383.0,False,False,-37.0,2,NOAA20,2019-09-09 17:37:00
103.76700592,-1.31022716,2019-09-10 00:00:00,LAPAN,SNPP,Verified Fire,JAMBI SMF,1647,2019,2019:1647,2019,1645,298777,0.407623398382954,383.0,False,False,-37.0,3,NOAA20,2019-09-09 17:37:00
103.87329865,-1.318748,2019-09-10 00:00:00,LAPAN,SNPP,Verified Fire,JAMBI SMF,1648,2019,2019:1648,2019,1646,298697,0.1159306016820479,383.0,False,False,-37.0,2,NOAA20,2019-09-09 17:37:00
103.77365112,-1.31672406,2019-09-10 00:00:00,LAPAN,SNPP,Verified Fire,JAMBI SMF,1649,2019,2019:1649,2019,1647,298779,0.1892406057632179,383.0,False,False,-37.0,3,NOAA20,2019-09-09 17:37:00
103.77606201,-1.30316067,2019-09-10 00:00:00,LAPAN,SNPP,Verified Fire,JAMBI SMF,1650,2019,2019:1650,2019,1648,298764,0.1886383210921017,383.0,False,False,-37.0,2,NOAA20,2019-09-09 17:37:00
103.4473114,-2.28313851,2019-09-10 13:00:00,LAPAN,SNPP,Verified Fire,SUMSEL MUBA,1703,2019,2019:1703,2019,1701,304784,0.28530316030106967,403.0,False,False,-17.0,1,NOAA20,2019-09-10 06:17:00
104.12376404,-1.719154,2019-09-10 13:00:00,LAPAN,SNPP,Fire inside Sitrep,SUMSEL MUBA,1707,2019,2019:1707,2019,1705,305198,0.27600044163435133,403.0,False,False,-17.0,3,NOAA20,2019-09-10 06:17:00
105.26181793,-2.71142149,2019-09-10 13:00:00,LAPAN,SNPP,Verified Fire,SUMSEL,1711,2019,2019:1711,2019,1709,304198,0.27416197738075276,403.0,False,False,-17.0,1,NOAA20,2019-09-10 06:17:00
105.80806732,-3.88230133,2019-09-10 13:00:00,LAPAN,SNPP,Verified Fire,SUMSEL,1712,2019,2019:1712,2019,1710,303881,0.2662471130270078,404.0,False,False,-16.0,1,NOAA20,2019-09-10 06:16:00
105.66893768,-3.65819287,2019-09-10 13:00:00,LAPAN,SNPP,Verified Fire,SUMSEL,1713,2019,2019:1713,2019,1711,303572,0.2758067021643885,404.0,False,False,-16.0,1,NOAA20,2019-09-10 06:16:00
105.70445251,-3.69476104,2019-09-10 13:00:00,LAPAN,SNPP,Verified Fire,SUMSEL,1714,2019,2019:1714,2019,1712,303615,0.28812862316525933,404.0,False,False,-16.0,1,NOAA20,2019-09-10 06:16:00
103.44407654,-2.26073194,2019-09-10 13:00:00,LAPAN,SNPP,Verified Fire,SUMSEL MUBA,1715,2019,2019:1715,2019,1713,304801,0.3034195594458945,403.0,False,False,-17.0,2,NOAA20,2019-09-10 06:17:00
103.18666077,-2.41474128,2019-09-10 13:00:00,LAPAN,SNPP,Verified Fire,SUMSEL MUBA,1717,2019,2019:1717,2019,1715,304733,0.3651913369327318,403.0,False,False,-17.0,2,NOAA20,2019-09-10 06:17:00
102.9313736,-0.8363359,2019-09-10 13:00:00,LAPAN,SNPP,Verified No fire,JAMBI SMF,1718,2019,2019:1718,2019,1716,305645,0.29407509915047214,403.0,False,False,-17.0,1,NOAA20,2019-09-10 06:17:00
103.83611298,-2.0157702,2019-09-10 13:00:00,LAPAN,SNPP,Fire inside Sitrep,SUMSEL MUBA,1723,2019,2019:1723,2019,1721,304922,0.2712191922741832,403.0,False,False,-17.0,1,NOAA20,2019-09-10 06:17:00
102.76847839,-1.01594853,2019-09-10 13:00:00,LAPAN,SNPP,Verified No fire,JAMBI SMF,1727,2019,2019:1727,2019,1725,305673,0.3708925570774615,403.0,False,False,-17.0,2,NOAA20,2019-09-10 06:17:00
103.78096008,-1.32180953,2019-09-10 13:00:00,LAPAN,SNPP,Verified Fire,JAMBI SMF,1734,2019,2019:1734,2019,1732,36255,0.45462384881835255,402.0,False,False,-18.0,1,Aqua,2019-09-10 06:18:00
102.80077362,-1.41307378,2019-09-10 13:00:00,LAPAN,SNPP,Verified Fire,JAMBI SMF,1735,2019,2019:1735,2019,1733,304789,0.2878144465321488,403.0,False,False,-17.0,2,NOAA20,2019-09-10 06:17:00
103.8817749,-1.31424606,2019-09-10 13:00:00,LAPAN,SNPP,Verified Fire,JAMBI SMF,1737,2019,2019:1737,2019,1735,305518,0.32537375732457924,403.0,False,False,-17.0,1,NOAA20,2019-09-10 06:17:00
102.8363266,-1.32287741,2019-09-10 13:00:00,LAPAN,SNPP,Verified No fire,JAMBI SMF,1738,2019,2019:1738,2019,1736,305744,0.31594822072151146,403.0,False,False,-17.0,1,NOAA20,2019-09-10 06:17:00
103.77156067,-1.31579196,2019-09-10 13:00:00,LAPAN,SNPP,Verified Fire,JAMBI SMF,1748,2019,2019:1748,2019,1746,305501,0.41133036964723213,403.0,False,False,-17.0,2,NOAA20,2019-09-10 06:17:00
104.13122559,-1.7692169,2019-09-10 13:00:00,LAPAN,SNPP,Fire inside Sitrep,SUMSEL MUBA,1750,2019,2019:1750,2019,1748,36163,0.4950769549113077,402.0,False,False,-18.0,1,Aqua,2019-09-10 06:18:00
102.90220642,-1.17336667,2019-09-10 13:00:00,LAPAN,SNPP,Verified No fire,JAMBI SMF,1751,2019,2019:1751,2019,1749,305696,0.2927225989628202,403.0,False,False,-17.0,1,NOAA20,2019-09-10 06:17:00
105.69606781,-3.68904614,2019-09-10 13:00:00,LAPAN,SNPP,Verified Fire,SUMSEL,1753,2019,2019:1753,2019,1751,35682,0.19763024407574356,403.0,False,False,-17.0,3,Aqua,2019-09-10 06:17:00
102.90167236,-0.82534903,2019-09-10 13:00:00,LAPAN,SNPP,Verified Fire,JAMBI SMF,1755,2019,2019:1755,2019,1753,305640,0.29371761028176346,403.0,False,False,-17.0,2,NOAA20,2019-09-10 06:17:00
103.82589722,-1.33731961,2019-09-10 13:00:00,LAPAN,SNPP,Verified Fire,JAMBI SMF,1764,2019,2019:1764,2019,1762,305535,0.2747378647550122,403.0,False,False,-17.0,2,NOAA20,2019-09-10 06:17:00
103.81648254,-1.33133197,2019-09-10 13:00:00,LAPAN,SNPP,Verified Fire,JAMBI SMF,1765,2019,2019:1765,2019,1763,36246,0.354986900725292,402.0,False,False,-18.0,1,Aqua,2019-09-10 06:18:00
102.79090881,-1.41455936,2019-09-10 13:00:00,LAPAN,SNPP,Verified Fire,JAMBI SMF,1766,2019,2019:1766,2019,1764,305776,0.4169426356780909,403.0,False,False,-17.0,1,NOAA20,2019-09-10 06:17:00
103.42620087,-2.26337552,2019-09-10 13:00:00,LAPAN,SNPP,Verified Fire,SUMSEL MUBA,1772,2019,2019:1772,2019,1770,304797,0.284848279042941,403.0,False,False,-17.0,3,NOAA20,2019-09-10 06:17:00
103.85540009,-1.85246873,2019-09-10 13:00:00,LAPAN,SNPP,Fire inside Sitrep,SUMSEL MUBA,1773,2019,2019:1773,2019,1771,305113,0.34086280131193525,403.0,False,False,-17.0,1,NOAA20,2019-09-10 06:17:00
105.31871033,-3.14391637,2019-09-10 13:00:00,LAPAN,SNPP,Verified Fire,SUMSEL,1774,2019,2019:1774,2019,1772,303109,0.22732474748678194,404.0,False,False,-16.0,2,NOAA20,2019-09-10 06:16:00
103.45437622,-2.19658923,2019-09-10 13:00:00,LAPAN,SNPP,Verified No fire,SUMSEL MUBA,1780,2019,2019:1780,2019,1778,304842,0.27241593788375956,403.0,False,False,-17.0,1,NOAA20,2019-09-10 06:17:00
103.86487579,-1.85848951,2019-09-10 13:00:00,LAPAN,SNPP,Fire inside Sitrep,SUMSEL MUBA,1781,2019,2019:1781,2019,1779,305108,0.2610221909329669,403.0,False,False,-17.0,3,NOAA20,2019-09-10 06:17:00
103.45068359,-2.28125048,2019-09-11 12:00:00,LAPAN,Aqua,Verified Fire,SUMSEL MUBA,1943,2019,2019:1943,2019,1941,315987,0.41273498962337785,362.0,False,False,-58.0,1,NOAA20,2019-09-11 05:58:00
104.09877014,-1.72513545,2019-09-11 12:00:00,LAPAN,Aqua,Fire inside Sitrep,SUMSEL MUBA,1944,2019,2019:1944,2019,1942,316427,0.3488843522753588,362.0,False,False,-58.0,3,NOAA20,2019-09-11 05:58:00
104.12017822,-1.72198677,2019-09-11 12:00:00,LAPAN,Aqua,Fire inside Sitrep,SUMSEL MUBA,1945,2019,2019:1945,2019,1943,316426,0.4502219315447129,362.0,False,False,-58.0,1,NOAA20,2019-09-11 05:58:00
105.43962097,-3.81819773,2019-09-11 12:00:00,LAPAN,Aqua,Verified Fire,SUMSEL,1946,2019,2019:1946,2019,1944,312427,0.4083448228385323,363.0,False,False,-57.0,1,NOAA20,2019-09-11 05:57:00
103.93373108,-2.14899445,2019-09-11 12:00:00,LAPAN,Aqua,Verified Fire,SUMSEL MUBA,1947,2019,2019:1947,2019,1945,316045,0.28948660140431787,362.0,False,False,-58.0,3,NOAA20,2019-09-11 05:58:00
102.90289307,-0.82798034,2019-09-11 12:00:00,LAPAN,Aqua,Verified No fire,JAMBI SMF,1948,2019,2019:1948,2019,1946,317195,0.3110848435423456,362.0,False,False,-58.0,3,NOAA20,2019-09-11 05:58:00
103.86794281,-1.85642064,2019-09-11 12:00:00,LAPAN,Aqua,Fire inside Sitrep,SUMSEL MUBA,1949,2019,2019:1949,2019,1947,316321,0.232886993926114,362.0,False,False,-58.0,5,NOAA20,2019-09-11 05:58:00
103.8664856,-1.84651649,2019-09-11 12:00:00,LAPAN,Aqua,Fire inside Sitrep,SUMSEL MUBA,1950,2019,2019:1950,2019,1948,316338,0.23380949409052396,362.0,False,False,-58.0,5,NOAA20,2019-09-11 05:58:00
103.82739258,-1.89279592,2019-09-11 12:00:00,LAPAN,Aqua,Fire inside Sitrep,SUMSEL MUBA,1951,2019,2019:1951,2019,1949,316243,0.49246031739040974,362.0,False,False,-58.0,1,NOAA20,2019-09-11 05:58:00
103.46274567,-2.27946877,2019-09-11 12:00:00,LAPAN,Aqua,Verified Fire,SUMSEL MUBA,1952,2019,2019:1952,2019,1950,315983,0.3067274816624302,362.0,False,False,-58.0,2,NOAA20,2019-09-11 05:58:00
105.55833435,-3.71180224,2019-09-11 12:00:00,LAPAN,Aqua,Verified Fire,SUMSEL,1953,2019,2019:1953,2019,1951,314582,0.36028462739088596,362.0,False,False,-58.0,1,NOAA20,2019-09-11 05:58:00
104.11873627,-1.71227479,2019-09-11 12:00:00,LAPAN,Aqua,Fire inside Sitrep,SUMSEL MUBA,1954,2019,2019:1954,2019,1952,316441,0.3493202058010602,362.0,False,False,-58.0,3,NOAA20,2019-09-11 05:58:00
102.77110291,-1.00877321,2019-09-11 12:00:00,LAPAN,Aqua,Verified No fire,JAMBI SMF,1955,2019,2019:1955,2019,1953,317130,0.27391973218355503,362.0,False,False,-58.0,3,NOAA20,2019-09-11 05:58:00
102.89652252,-0.87155581,2019-09-11 12:00:00,LAPAN,Aqua,Verified No fire,JAMBI SMF,1956,2019,2019:1956,2019,1954,317156,0.31051793460789123,362.0,False,False,-58.0,2,NOAA20,2019-09-11 05:58:00
103.3889389,-1.09832418,2019-09-11 12:00:00,LAPAN,Aqua,Verified Fire,JAMBI SMF,1957,2019,2019:1957,2019,1955,317076,0.2678989024483589,362.0,False,False,-58.0,3,NOAA20,2019-09-11 05:58:00
102.79481506,-1.41297698,2019-09-11 12:00:00,LAPAN,Aqua,Verified Fire,JAMBI SMF,1958,2019,2019:1958,2019,1956,317025,0.2783285444151915,362.0,False,False,-58.0,2,NOAA20,2019-09-11 05:58:00
103.88721466,-1.3261975,2019-09-11 12:00:00,LAPAN,Aqua,Verified Fire,JAMBI SMF,1959,2019,2019:1959,2019,1957,316848,0.3699551206169519,362.0,False,False,-58.0,2,NOAA20,2019-09-11 05:58:00
103.87916565,-1.34745455,2019-09-11 12:00:00,LAPAN,Aqua,Verified Fire,JAMBI SMF,1960,2019,2019:1960,2019,1958,316803,0.47948814616924096,362.0,False,False,-58.0,1,NOAA20,2019-09-11 05:58:00
103.8243103,-1.32857156,2019-09-11 12:00:00,LAPAN,Aqua,Verified Fire,JAMBI SMF,1961,2019,2019:1961,2019,1959,316858,0.10505192711183407,362.0,False,False,-58.0,2,NOAA20,2019-09-11 05:58:00
103.8901062,-1.34581876,2019-09-11 12:00:00,LAPAN,Aqua,Verified Fire,JAMBI SMF,1962,2019,2019:1962,2019,1960,316780,0.35115096545767377,362.0,False,False,-58.0,4,NOAA20,2019-09-11 05:58:00
103.89155579,-1.35563171,2019-09-11 12:00:00,LAPAN,Aqua,Verified Fire,JAMBI SMF,1963,2019,2019:1963,2019,1961,316770,0.479251325784632,362.0,False,False,-58.0,1,NOAA20,2019-09-11 05:58:00
103.88574982,-1.31639469,2019-09-11 12:00:00,LAPAN,Aqua,Verified Fire,JAMBI SMF,1964,2019,2019:1964,2019,1962,316855,0.3508179518493127,362.0,False,False,-58.0,1,NOAA20,2019-09-11 05:58:00
103.64076233,-1.45461917,2019-09-11 12:00:00,LAPAN,Aqua,Verified Fire,JAMBI SMF,1965,2019,2019:1965,2019,1963,316735,0.27739306261074587,362.0,False,False,-58.0,2,NOAA20,2019-09-11 05:58:00
103.87480927,-1.3180064,2019-09-11 12:00:00,LAPAN,Aqua,Verified Fire,JAMBI SMF,1966,2019,2019:1966,2019,1964,316852,0.3515578951893552,362.0,False,False,-58.0,3,NOAA20,2019-09-11 05:58:00
103.77727509,-1.31567895,2019-09-11 12:00:00,LAPAN,Aqua,Verified Fire,JAMBI SMF,1967,2019,2019:1967,2019,1965,316898,0.14054257659346392,362.0,False,False,-58.0,4,NOAA20,2019-09-11 05:58:00
101.89884949,-0.96652716,2019-09-11 12:00:00,LAPAN,Aqua,Verified Fire,JAMBI SMF,1968,2019,2019:1968,2019,1966,317229,0.19551417045510955,362.0,False,False,-58.0,3,NOAA20,2019-09-11 05:58:00
104.10658264,-1.70412922,2019-09-11 12:00:00,LAPAN,Aqua,Fire inside Sitrep,SUMSEL MUBA,1969,2019,2019:1969,2019,1967,316461,0.3480783561049642,362.0,False,False,-58.0,3,NOAA20,2019-09-11 05:58:00
105.58074951,-3.81622267,2019-09-11 12:00:00,LAPAN,Aqua,Verified Fire,SUMSEL,1970,2019,2019:1970,2019,1968,312528,0.35541143033946543,363.0,False,False,-57.0,1,NOAA20,2019-09-11 05:57:00
105.44893646,-3.81685138,2019-09-11 12:00:00,LAPAN,Aqua,Verified Fire,SUMSEL,1971,2019,2019:1971,2019,1969,312428,0.3573924399476968,363.0,False,False,-57.0,1,NOAA20,2019-09-11 05:57:00
103.90248108,-1.35398316,2019-09-11 12:00:00,LAPAN,Aqua,Verified Fire,JAMBI SMF,1972,2019,2019:1972,2019,1970,316768,0.35196814008397487,362.0,False,False,-58.0,2,NOAA20,2019-09-11 05:58:00
103.08092499,-2.28214741,2019-09-11 12:00:00,LAPAN,Aqua,Verified No fire,SUMSEL MUBA,1973,2019,2019:1973,2019,1971,316050,0.41299991030033756,362.0,False,False,-58.0,1,NOAA20,2019-09-11 05:58:00
101.87407684,-1.00451493,2019-09-11 12:00:00,LAPAN,Aqua,Verified No fire,JAMBI SMF,1974,2019,2019:1974,2019,1972,317166,0.3147111971012603,362.0,False,False,-58.0,2,NOAA20,2019-09-11 05:58:00
103.86383057,-1.3196249,2019-09-11 12:00:00,LAPAN,Aqua,Verified Fire,JAMBI SMF,1976,2019,2019:1976,2019,1974,316865,0.37018110237198704,362.0,False,False,-58.0,2,NOAA20,2019-09-11 05:58:00
103.12359619,-0.86840528,2019-09-11 12:00:00,LAPAN,Aqua,Verified Fire,JAMBI SMF,1977,2019,2019:1977,2019,1975,317150,0.28219737865307853,362.0,False,False,-58.0,2,NOAA20,2019-09-11 05:58:00
103.44785309,-2.26071,2019-09-11 12:00:00,LAPAN,Aqua,Verified Fire,SUMSEL MUBA,1978,2019,2019:1978,2019,1976,316003,0.305662514889007,362.0,False,False,-58.0,3,NOAA20,2019-09-11 05:58:00
105.54005432,-3.71448612,2019-09-11 12:00:00,LAPAN,Aqua,Verified Fire,SUMSEL,1981,2019,2019:1981,2019,1979,314584,0.342858137585802,362.0,False,False,-58.0,1,NOAA20,2019-09-11 05:58:00
102.9726181,-1.51506114,2019-09-11 12:00:00,LAPAN,Aqua,Verified No fire,JAMBI SMF,1982,2019,2019:1982,2019,1980,316759,0.31022406175524403,362.0,False,False,-58.0,2,NOAA20,2019-09-11 05:58:00
102.78256989,-1.0070225,2019-09-11 12:00:00,LAPAN,Aqua,Verified No fire,JAMBI SMF,1983,2019,2019:1983,2019,1981,317132,0.3205522985214439,362.0,False,False,-58.0,1,NOAA20,2019-09-11 05:58:00
103.00999451,-0.89812219,2019-09-11 12:00:00,LAPAN,Aqua,Verified No fire,JAMBI SMF,1984,2019,2019:1984,2019,1982,317145,0.19903227397423387,362.0,False,False,-58.0,4,NOAA20,2019-09-11 05:58:00
103.86238098,-1.30980182,2019-09-11 12:00:00,LAPAN,Aqua,Verified Fire,JAMBI SMF,1985,2019,2019:1985,2019,1983,316873,0.3511560845014983,362.0,False,False,-58.0,2,NOAA20,2019-09-11 05:58:00
102.80747223,-1.41107595,2019-09-11 12:00:00,LAPAN,Aqua,Verified No fire,JAMBI SMF,1986,2019,2019:1986,2019,1984,317024,0.2747468803474471,362.0,False,False,-58.0,1,NOAA20,2019-09-11 05:58:00
103.34799194,-2.38255119,2019-09-11 12:00:00,LAPAN,Aqua,Verified No fire,SUMSEL MUBA,1987,2019,2019:1987,2019,1985,315921,0.27235676136201875,362.0,False,False,-58.0,2,NOAA20,2019-09-11 05:58:00
102.96479797,-1.50552952,2019-09-11 12:00:00,LAPAN,Aqua,Verified Fire,JAMBI SMF,1988,2019,2019:1988,2019,1986,316762,0.2885178429960595,362.0,False,False,-58.0,1,NOAA20,2019-09-11 05:58:00
102.90756989,-0.8592214,2019-09-11 12:00:00,LAPAN,Aqua,Verified No fire,JAMBI SMF,1989,2019,2019:1989,2019,1987,317160,0.28727818734082916,362.0,False,False,-58.0,5,NOAA20,2019-09-11 05:58:00
103.53644562,-2.16110158,2019-09-11 12:00:00,LAPAN,Aqua,Verified Fire,SUMSEL MUBA,1990,2019,2019:1990,2019,1988,316106,0.267819585544076,362.0,False,False,-58.0,2,NOAA20,2019-09-11 05:58:00
104.1080246,-1.71384537,2019-09-11 12:00:00,LAPAN,Aqua,Fire inside Sitrep,SUMSEL MUBA,1991,2019,2019:1991,2019,1989,316475,0.23612061466497378,362.0,False,False,-58.0,7,NOAA20,2019-09-11 05:58:00
103.84012604,-1.90105319,2019-09-11 12:00:00,LAPAN,Aqua,Fire inside Sitrep,SUMSEL MUBA,1992,2019,2019:1992,2019,1990,316240,0.3679128035538524,362.0,False,False,-58.0,1,NOAA20,2019-09-11 05:58:00
102.88779449,-1.1628933,2019-09-11 12:00:00,LAPAN,Aqua,Verified Fire,JAMBI SMF,1993,2019,2019:1993,2019,1991,317090,0.27984777237530534,362.0,False,False,-58.0,2,NOAA20,2019-09-11 05:58:00
103.57659149,-2.14478087,2019-09-11 12:00:00,LAPAN,Aqua,Fire inside Sitrep,SUMSEL MUBA,1994,2019,2019:1994,2019,1992,316129,0.26681128619294603,362.0,False,False,-58.0,2,NOAA20,2019-09-11 05:58:00
103.90103149,-1.34418797,2019-09-11 12:00:00,LAPAN,Aqua,Verified Fire,JAMBI SMF,1995,2019,2019:1995,2019,1993,316792,0.3506123233627962,362.0,False,False,-58.0,1,NOAA20,2019-09-11 05:58:00
103.89814758,-1.32457972,2019-09-11 12:00:00,LAPAN,Aqua,Verified Fire,JAMBI SMF,1996,2019,2019:1996,2019,1994,316846,0.37042680688942425,362.0,False,False,-58.0,2,NOAA20,2019-09-11 05:58:00
103.9259491,-2.14379716,2019-09-11 12:00:00,LAPAN,Aqua,Verified Fire,SUMSEL MUBA,1997,2019,2019:1997,2019,1995,316056,0.485692368756902,362.0,False,False,-58.0,1,NOAA20,2019-09-11 05:58:00
104.127388,-1.77053738,2019-09-11 12:00:00,LAPAN,Aqua,Fire inside Sitrep,SUMSEL MUBA,1998,2019,2019:1998,2019,1996,316384,0.44970156105123427,362.0,False,False,-58.0,2,NOAA20,2019-09-11 05:58:00
104.13824463,-1.67111588,2019-09-11 12:00:00,LAPAN,Aqua,Fire inside Sitrep,SUMSEL MUBA,1999,2019,2019:1999,2019,1997,316526,0.33254256861605663,362.0,False,False,-58.0,4,NOAA20,2019-09-11 05:58:00
103.91049957,-1.33275843,2019-09-11 12:00:00,LAPAN,Aqua,Verified Fire,JAMBI SMF,2000,2019,2019:2000,2019,1998,316830,0.4779197665602822,362.0,False,False,-58.0,1,NOAA20,2019-09-11 05:58:00
103.76753235,-1.32729387,2019-09-11 12:00:00,LAPAN,Aqua,Verified Fire,JAMBI SMF,2001,2019,2019:2001,2019,1999,316875,0.14827188649757864,362.0,False,False,-58.0,3,NOAA20,2019-09-11 05:58:00
101.91555023,-0.97544974,2019-09-11 12:00:00,LAPAN,Aqua,Verified Fire,JAMBI SMF,2002,2019,2019:2002,2019,2000,317221,0.4768955266473412,362.0,False,False,-58.0,1,NOAA20,2019-09-11 05:58:00
102.906600952,-0.832492828369,2019-09-11 13:00:00,LAPAN,Aqua,Verified No fire,JAMBI SMF,2014,2019,2019:2014,2019,2012,1004127,0.14068773515670985,370.0,False,False,-50.0,1,SNPP,2019-09-11 06:50:00
102.908180237,-0.843404650688,2019-09-11 13:00:00,LAPAN,Aqua,Verified No fire,JAMBI SMF,2015,2019,2019:2015,2019,2013,1004141,0.40866527425444893,370.0,False,False,-50.0,1,SNPP,2019-09-11 06:50:00
102.897789001,-0.867207109928,2019-09-11 13:00:00,LAPAN,Aqua,Verified No fire,JAMBI SMF,2017,2019,2019:2017,2019,2015,1004153,0.12827619200578058,370.0,False,False,-50.0,2,SNPP,2019-09-11 06:50:00
104.112640381,-1.7090921402,2019-09-11 13:00:00,LAPAN,Aqua,Fire inside Sitrep,SUMSEL MUBA,2031,2019,2019:2031,2019,2029,1000200,0.3412651581754047,371.0,False,False,-49.0,4,SNPP,2019-09-11 06:49:00
105.441490173,-3.81650853157,2019-09-11 13:00:00,LAPAN,Aqua,Verified Fire,SUMSEL,2032,2019,2019:2032,2019,2030,1001095,0.12213770428410448,371.0,False,False,-49.0,2,SNPP,2019-09-11 06:49:00
103.93560791,-2.14771294594,2019-09-11 13:00:00,LAPAN,Aqua,Fire inside Sitrep,SUMSEL MUBA,2033,2019,2019:2033,2019,2031,1000608,0.16222182813827815,371.0,False,False,-49.0,1,SNPP,2019-09-11 06:49:00
103.537979126,-2.11591267586,2019-09-11 13:00:00,LAPAN,Aqua,Fire inside Sitrep,SUMSEL MUBA,2034,2019,2019:2034,2019,2032,1000479,0.27855538040624783,371.0,False,False,-49.0,1,SNPP,2019-09-11 06:49:00
102.965461731,-1.51043570042,2019-09-11 13:00:00,LAPAN,Aqua,Verified Fire,JAMBI SMF,2035,2019,2019:2035,2019,2033,1003059,0.2853972993635615,371.0,False,False,-49.0,2,SNPP,2019-09-11 06:49:00
102.772338867,-1.00951361656,2019-09-11 13:00:00,LAPAN,Aqua,Verified No fire,JAMBI SMF,2039,2019,2019:2039,2019,2037,1004188,0.1237593230688598,370.0,False,False,-50.0,2,SNPP,2019-09-11 06:50:00
104.028289795,-1.99772202969,2019-09-11 13:00:00,LAPAN,Aqua,Fire inside Sitrep,SUMSEL MUBA,2041,2019,2019:2041,2019,2039,1000449,0.24687422756007374,371.0,False,False,-49.0,1,SNPP,2019-09-11 06:49:00
103.013427734,-0.895199239254,2019-09-11 13:00:00,LAPAN,Aqua,Verified No fire,JAMBI SMF,2042,2019,2019:2042,2019,2040,1004164,0.2368203178724576,370.0,False,False,-50.0,2,SNPP,2019-09-11 06:50:00
103.24067688,-2.39960813522,2019-09-11 13:00:00,LAPAN,Aqua,Verified No fire,SUMSEL MUBA,2051,2019,2019:2051,2019,2049,1000714,0.07430192301595036,371.0,False,False,-49.0,1,SNPP,2019-09-11 06:49:00
103.408706665,-2.50222730637,2019-09-11 13:00:00,LAPAN,Aqua,Verified No fire,SUMSEL MUBA,2055,2019,2019:2055,2019,2053,1000779,0.3175651477543854,371.0,False,False,-49.0,2,SNPP,2019-09-11 06:49:00
102.841918945,-1.11697280407,2019-09-11 13:00:00,LAPAN,Aqua,Verified Fire,JAMBI SMF,2056,2019,2019:2056,2019,2054,1004216,0.33880650386549155,370.0,False,False,-50.0,1,SNPP,2019-09-11 06:50:00
102.795471191,-1.41144788265,2019-09-11 13:00:00,LAPAN,Aqua,Verified Fire,JAMBI SMF,2059,2019,2019:2059,2019,2057,1004289,0.06972889885387913,370.0,False,False,-50.0,3,SNPP,2019-09-11 06:50:00
103.898139954,-1.34271371365,2019-09-11 13:00:00,LAPAN,Aqua,Verified Fire,JAMBI SMF,2064,2019,2019:2064,2019,2062,1003020,0.21568143169380438,371.0,False,False,-49.0,2,SNPP,2019-09-11 06:49:00
101.911529541,-0.970069110394,2019-09-11 13:00:00,LAPAN,Aqua,Verified Fire,JAMBI SMF,2065,2019,2019:2065,2019,2063,1004074,0.08655445476949827,370.0,False,False,-50.0,3,SNPP,2019-09-11 06:50:00
103.76978302,-1.33727109432,2019-09-11 13:00:00,LAPAN,Aqua,Verified Fire,JAMBI SMF,2066,2019,2019:2066,2019,2064,1004471,0.10518457062933968,370.0,False,False,-50.0,5,SNPP,2019-09-11 06:50:00
103.768051147,-1.32570028305,2019-09-11 13:00:00,LAPAN,Aqua,Verified Fire,JAMBI SMF,2067,2019,2019:2067,2019,2065,1004437,0.08438827872477708,370.0,False,False,-50.0,8,SNPP,2019-09-11 06:50:00
103.887306213,-1.3395485878,2019-09-11 13:00:00,LAPAN,Aqua,Verified Fire,JAMBI SMF,2068,2019,2019:2068,2019,2066,1002986,0.2945397980545941,371.0,False,False,-49.0,4,SNPP,2019-09-11 06:49:00
103.901351929,-1.32549250126,2019-09-11 13:00:00,LAPAN,Aqua,Verified Fire,JAMBI SMF,2069,2019,2019:2069,2019,2067,1002940,0.280758083125889,371.0,False,False,-49.0,3,SNPP,2019-09-11 06:49:00
103.810920715,-1.36285150051,2019-09-11 13:00:00,LAPAN,Aqua,Verified Fire,JAMBI SMF,2070,2019,2019:2070,2019,2068,1003044,0.47367851984405773,371.0,False,False,-49.0,1,SNPP,2019-09-11 06:49:00
103.322654724,-0.95420050621,2019-09-11 13:00:00,LAPAN,Aqua,Verified Fire,JAMBI SMF,2076,2019,2019:2076,2019,2074,1004197,0.01952161237080544,370.0,False,False,-50.0,2,SNPP,2019-09-11 06:50:00
103.780052185,-1.30029261112,2019-09-11 13:00:00,LAPAN,Aqua,Verified Fire,JAMBI SMF,2080,2019,2019:2080,2019,2078,1004365,0.11453896145393595,370.0,False,False,-50.0,2,SNPP,2019-09-11 06:50:00
101.876502991,-1.00584459305,2019-09-11 13:00:00,LAPAN,Aqua,Verified No fire,JAMBI SMF,2083,2019,2019:2083,2019,2081,1004134,0.38840379687347787,370.0,False,False,-50.0,1,SNPP,2019-09-11 06:50:00
105.586341858,-3.5586066246,2019-09-11 13:00:00,LAPAN,Aqua,Verified Fire,SUMSEL,2086,2019,2019:2086,2019,2084,1001333,0.15488890989014245,371.0,False,False,-49.0,2,SNPP,2019-09-11 06:49:00
102.909736633,-0.854318618774,2019-09-11 13:00:00,LAPAN,Aqua,Verified No fire,JAMBI SMF,2087,2019,2019:2087,2019,2085,1004146,0.4035452495228041,370.0,False,False,-50.0,1,SNPP,2019-09-11 06:50:00
102.999641418,-0.897166252136,2019-09-11 13:00:00,LAPAN,Aqua,Verified No fire,JAMBI SMF,2089,2019,2019:2089,2019,2087,1004163,0.41801563276356557,370.0,False,False,-50.0,1,SNPP,2019-09-11 06:50:00
102.911338806,-0.865225732327,2019-09-11 13:00:00,LAPAN,Aqua,Verified No fire,JAMBI SMF,2090,2019,2019:2090,2019,2088,1004151,0.3667921044536456,370.0,False,False,-50.0,1,SNPP,2019-09-11 06:50:00
103.079673767,-2.27711439133,2019-09-11 13:00:00,LAPAN,Aqua,Verified No fire,SUMSEL MUBA,2092,2019,2019:2092,2019,2090,1000604,0.40365992776682996,371.0,False,False,-49.0,2,SNPP,2019-09-11 06:49:00
104.098228455,-1.72327780724,2019-09-11 13:00:00,LAPAN,Aqua,Fire inside Sitrep,SUMSEL MUBA,2093,2019,2019:2093,2019,2091,1000235,0.11230755131444041,371.0,False,False,-49.0,1,SNPP,2019-09-11 06:49:00
103.457458496,-2.27695226669,2019-09-11 13:00:00,LAPAN,Aqua,Verified Fire,SUMSEL MUBA,2097,2019,2019:2097,2019,2095,1000661,0.45583240669475267,371.0,False,False,-49.0,1,SNPP,2019-09-11 06:49:00
101.908111572,-0.980537414551,2019-09-11 13:00:00,LAPAN,Aqua,Verified Fire,JAMBI SMF,2098,2019,2019:2098,2019,2096,1004115,0.4330641213946823,370.0,False,False,-50.0,2,SNPP,2019-09-11 06:50:00
102.889633179,-1.16522490978,2019-09-11 13:00:00,LAPAN,Aqua,Verified Fire,JAMBI SMF,2102,2019,2019:2102,2019,2100,1004235,0.16649077858889405,370.0,False,False,-50.0,2,SNPP,2019-09-11 06:50:00
102.759643555,-1.01133859158,2019-09-11 13:00:00,LAPAN,Aqua,Verified No fire,JAMBI SMF,2104,2019,2019:2104,2019,2102,1004186,0.44873058713634995,370.0,False,False,-50.0,1,SNPP,2019-09-11 06:50:00
103.781745911,-1.31188309193,2019-09-11 13:00:00,LAPAN,Aqua,Verified Fire,JAMBI SMF,2107,2019,2019:2107,2019,2105,1004394,0.08800456496880443,370.0,False,False,-50.0,1,SNPP,2019-09-11 06:50:00
103.669189453,-2.27901697159,2019-09-11 13:00:00,LAPAN,Aqua,Verified Fire,SUMSEL MUBA,2108,2019,2019:2108,2019,2106,1000683,0.26068251602551235,371.0,False,False,-49.0,2,SNPP,2019-09-11 06:49:00
101.900009155,-0.97170394659,2019-09-11 13:00:00,LAPAN,Aqua,Verified No fire,JAMBI SMF,2110,2019,2019:2110,2019,2108,1004091,0.30609099806933826,370.0,False,False,-50.0,2,SNPP,2019-09-11 06:50:00
102.829872131,-1.02333009243,2019-09-11 13:00:00,LAPAN,Aqua,Verified No fire,JAMBI SMF,2113,2019,2019:2113,2019,2111,1004196,0.2888444173152122,370.0,False,False,-50.0,2,SNPP,2019-09-11 06:50:00
103.200111389,-2.40555286407,2019-09-11 13:00:00,LAPAN,Aqua,Verified No fire,SUMSEL MUBA,2116,2019,2019:2116,2019,2114,1000712,0.1703814975376597,371.0,False,False,-49.0,3,SNPP,2019-09-11 06:49:00
104.096504211,-1.71147310734,2019-09-11 13:00:00,LAPAN,Aqua,Fire inside Sitrep,SUMSEL MUBA,2118,2019,2019:2118,2019,2116,1000184,0.44975437743677416,371.0,False,False,-49.0,1,SNPP,2019-09-11 06:49:00
103.832740784,-1.89853692055,2019-09-11 13:00:00,LAPAN,Aqua,Fire inside Sitrep,SUMSEL MUBA,2121,2019,2019:2121,2019,2119,1000402,0.2518300473478367,371.0,False,False,-49.0,2,SNPP,2019-09-11 06:49:00
103.866661072,-1.84988319874,2019-09-11 13:00:00,LAPAN,Aqua,Fire inside Sitrep,SUMSEL MUBA,2122,2019,2019:2122,2019,2120,1003255,0.04110976139135599,371.0,False,False,-49.0,5,SNPP,2019-09-11 06:49:00
103.889022827,-1.35122871399,2019-09-11 13:00:00,LAPAN,Aqua,Verified Fire,JAMBI SMF,2126,2019,2019:2126,2019,2124,1003040,0.25865453592969934,371.0,False,False,-49.0,3,SNPP,2019-09-11 06:49:00
103.123153687,-0.868214964867,2019-09-11 13:00:00,LAPAN,Aqua,Verified No fire,JAMBI SMF,2127,2019,2019:2127,2019,2125,1004158,0.13384786152632455,370.0,False,False,-50.0,3,SNPP,2019-09-11 06:50:00
103.094520569,-2.28592658043,2019-09-11 13:00:00,LAPAN,Aqua,Verified No fire,SUMSEL MUBA,2128,2019,2019:2128,2019,2126,1000616,0.26277358302663445,371.0,False,False,-49.0,1,SNPP,2019-09-11 06:49:00
102.947669983,-0.778355538845,2019-09-11 13:00:00,LAPAN,Aqua,Verified No fire,JAMBI SMF,2131,2019,2019:2131,2019,2129,1004021,0.16705632542598614,370.0,False,False,-50.0,1,SNPP,2019-09-11 06:50:00
103.927520752,-2.13885951042,2019-09-11 13:00:00,LAPAN,Aqua,Verified Fire,SUMSEL MUBA,2136,2019,2019:2136,2019,2134,1000591,0.2327139222171314,371.0,False,False,-49.0,1,SNPP,2019-09-11 06:49:00
102.923332214,-0.852318525314,2019-09-11 13:00:00,LAPAN,Aqua,Verified No fire,JAMBI SMF,2143,2019,2019:2143,2019,2141,1004147,0.15579540535499692,370.0,False,False,-50.0,2,SNPP,2019-09-11 06:50:00
103.378677368,-1.09431266785,2019-09-11 13:00:00,LAPAN,Aqua,Verified No fire,JAMBI SMF,2146,2019,2019:2146,2019,2144,1004236,0.12819296377820016,370.0,False,False,-50.0,1,SNPP,2019-09-11 06:50:00
103.45810699,-2.26925874,2019-09-12 01:00:00,LAPAN,SNPP,Verified Fire,SUMSEL MUBA,2184,2019,2019:2184,2019,2182,321156,0.30549360193177183,380.0,False,False,-40.0,2,NOAA20,2019-09-11 18:40:00
102.93167114,-0.83449113,2019-09-12 01:00:00,LAPAN,SNPP,Verified No fire,JAMBI SMF,2185,2019,2019:2185,2019,2183,323055,0.27268160117593565,380.0,False,False,-40.0,4,NOAA20,2019-09-11 18:40:00
105.3603363,-2.61548448,2019-09-12 01:00:00,LAPAN,SNPP,Verified Fire,SUMSEL,2186,2019,2019:2186,2019,2184,321120,0.10359839407854257,380.0,False,False,-40.0,4,NOAA20,2019-09-11 18:40:00
103.86768341,-1.84724092,2019-09-12 01:00:00,LAPAN,SNPP,Fire inside Sitrep,SUMSEL MUBA,2187,2019,2019:2187,2019,2185,321357,0.3250088062418649,380.0,False,False,-40.0,2,NOAA20,2019-09-11 18:40:00
104.10955811,-1.70468354,2019-09-12 01:00:00,LAPAN,SNPP,Fire inside Sitrep,SUMSEL MUBA,2188,2019,2019:2188,2019,2186,321594,0.26921022046840964,380.0,False,False,-40.0,4,NOAA20,2019-09-11 18:40:00
104.11690521,-1.71328306,2019-09-12 01:00:00,LAPAN,SNPP,Fire inside Sitrep,SUMSEL MUBA,2189,2019,2019:2189,2019,2187,321581,0.2685422438662422,380.0,False,False,-40.0,1,NOAA20,2019-09-11 18:40:00
102.99855042,-0.89411598,2019-09-12 01:00:00,LAPAN,SNPP,Verified No fire,JAMBI SMF,2190,2019,2019:2190,2019,2188,322979,0.2750284456931612,380.0,False,False,-40.0,4,NOAA20,2019-09-11 18:40:00
104.102211,-1.69608724,2019-09-12 01:00:00,LAPAN,SNPP,Verified Fire,SUMSEL MUBA,2191,2019,2019:2191,2019,2189,321599,0.29012404866085434,380.0,False,False,-40.0,2,NOAA20,2019-09-11 18:40:00
102.7625351,-1.0006361,2019-09-12 01:00:00,LAPAN,SNPP,Verified No fire,JAMBI SMF,2192,2019,2019:2192,2019,2190,322741,0.279065334028525,380.0,False,False,-40.0,2,NOAA20,2019-09-11 18:40:00
102.76847076,-1.00855255,2019-09-12 01:00:00,LAPAN,SNPP,Verified Fire,JAMBI SMF,2193,2019,2019:2193,2019,2191,322729,0.2548096316229499,380.0,False,False,-40.0,6,NOAA20,2019-09-11 18:40:00
103.17142487,-2.41300082,2019-09-12 01:00:00,LAPAN,SNPP,Verified No fire,SUMSEL MUBA,2194,2019,2019:2194,2019,2192,321041,0.28335967901613623,380.0,False,False,-40.0,1,NOAA20,2019-09-11 18:40:00
102.78164673,-1.42437184,2019-09-12 01:00:00,LAPAN,SNPP,Verified No fire,JAMBI SMF,2195,2019,2019:2195,2019,2193,321778,0.2597897387503136,380.0,False,False,-40.0,2,NOAA20,2019-09-11 18:40:00
103.7795639,-1.29134226,2019-09-12 01:00:00,LAPAN,SNPP,Verified Fire,JAMBI SMF,2196,2019,2019:2196,2019,2194,322478,0.2631192009149136,380.0,False,False,-40.0,4,NOAA20,2019-09-11 18:40:00
103.77736664,-1.30560231,2019-09-12 01:00:00,LAPAN,SNPP,Verified Fire,JAMBI SMF,2197,2019,2019:2197,2019,2195,322401,0.26286964590696577,380.0,False,False,-40.0,4,NOAA20,2019-09-11 18:40:00
103.78655243,-1.29971957,2019-09-12 01:00:00,LAPAN,SNPP,Verified Fire,JAMBI SMF,2198,2019,2019:2198,2019,2196,322442,0.26371193975217844,380.0,False,False,-40.0,4,NOAA20,2019-09-11 18:40:00
103.76385498,-1.33999968,2019-09-12 01:00:00,LAPAN,SNPP,Verified No fire,JAMBI SMF,2199,2019,2019:2199,2019,2197,322202,0.2637748628377607,380.0,False,False,-40.0,2,NOAA20,2019-09-11 18:40:00
102.88832855,-0.86978847,2019-09-12 01:00:00,LAPAN,SNPP,Verified No fire,JAMBI SMF,2200,2019,2019:2200,2019,2198,323000,0.2718246043852691,380.0,False,False,-40.0,2,NOAA20,2019-09-11 18:40:00
103.18813324,-2.40839553,2019-09-12 01:00:00,LAPAN,SNPP,Verified No fire,SUMSEL MUBA,2201,2019,2019:2201,2019,2199,321044,0.28878834557202876,380.0,False,False,-40.0,1,NOAA20,2019-09-11 18:40:00
103.86052704,-1.83877575,2019-09-12 01:00:00,LAPAN,SNPP,Fire inside Sitrep,SUMSEL MUBA,2202,2019,2019:2202,2019,2200,321361,0.2756544818262684,380.0,False,False,-40.0,3,NOAA20,2019-09-11 18:40:00
103.57162476,-1.15072095,2019-09-12 01:00:00,LAPAN,SNPP,Verified Fire,JAMBI SMF,2203,2019,2019:2203,2019,2201,321853,0.27904213816531115,380.0,False,False,-40.0,4,NOAA20,2019-09-11 18:40:00
103.0798645,-2.27604866,2019-09-12 01:00:00,LAPAN,SNPP,Verified No fire,SUMSEL MUBA,2204,2019,2019:2204,2019,2202,321109,0.26902296858867125,380.0,False,False,-40.0,2,NOAA20,2019-09-11 18:40:00
103.87493134,-1.32069051,2019-09-12 01:00:00,LAPAN,SNPP,Verified Fire,JAMBI SMF,2205,2019,2019:2205,2019,2203,322379,0.2608509523077508,380.0,False,False,-40.0,4,NOAA20,2019-09-11 18:40:00
102.96452332,-0.86768687,2019-09-12 01:00:00,LAPAN,SNPP,Verified No fire,JAMBI SMF,2206,2019,2019:2206,2019,2204,323020,0.27505797675313853,380.0,False,False,-40.0,2,NOAA20,2019-09-11 18:40:00
103.77039337,-1.2972281,2019-09-12 01:00:00,LAPAN,SNPP,Verified Fire,JAMBI SMF,2207,2019,2019:2207,2019,2205,322433,0.263533570496708,380.0,False,False,-40.0,3,NOAA20,2019-09-11 18:40:00
103.76602936,-1.3257395,2019-09-12 01:00:00,LAPAN,SNPP,Verified Fire,JAMBI SMF,2208,2019,2019:2208,2019,2206,322243,0.26244234247639925,380.0,False,False,-40.0,4,NOAA20,2019-09-11 18:40:00
104.14907074,-1.67344034,2019-09-12 01:00:00,LAPAN,SNPP,Fire inside Sitrep,SUMSEL MUBA,2209,2019,2019:2209,2019,2207,321628,0.29078850596163713,380.0,False,False,-40.0,3,NOAA20,2019-09-11 18:40:00
103.85720825,-1.86038578,2019-09-12 01:00:00,LAPAN,SNPP,Fire inside Sitrep,SUMSEL MUBA,2210,2019,2019:2210,2019,2208,321346,0.3241979734112892,380.0,False,False,-40.0,2,NOAA20,2019-09-11 18:40:00
103.78877258,-1.28545153,2019-09-12 01:00:00,LAPAN,SNPP,Verified Fire,JAMBI SMF,2211,2019,2019:2211,2019,2209,322482,0.29246370818726564,380.0,False,False,-40.0,2,NOAA20,2019-09-11 18:40:00
103.75901031,-1.31735158,2019-09-12 01:00:00,LAPAN,SNPP,Verified Fire,JAMBI SMF,2212,2019,2019:2212,2019,2210,322271,0.2634047499462692,380.0,False,False,-40.0,3,NOAA20,2019-09-11 18:40:00
103.43818665,-2.20627546,2019-09-12 12:00:00,LAPAN,SNPP,Verified Fire,SUMSEL MUBA,2226,2019,2019:2226,2019,2224,325202,0.3993329253206439,381.0,False,False,-39.0,2,NOAA20,2019-09-12 05:39:00
104.10131836,-1.70755279,2019-09-12 12:00:00,LAPAN,SNPP,Fire inside Sitrep,SUMSEL MUBA,2227,2019,2019:2227,2019,2225,324885,0.2847115298795522,381.0,False,False,-39.0,3,NOAA20,2019-09-12 05:39:00
104.12619019,-1.71745563,2019-09-12 12:00:00,LAPAN,SNPP,Fire inside Sitrep,SUMSEL MUBA,2228,2019,2019:2228,2019,2226,324894,0.2990748282891352,381.0,False,False,-39.0,3,NOAA20,2019-09-12 05:39:00
104.104660034,-1.69675791264,2019-09-12 12:00:00,LAPAN,Aqua,Fire inside Sitrep,SUMSEL MUBA,2229,2019,2019:2229,2019,2227,324970,0.07504240551259514,381.0,False,False,-39.0,1,NOAA20,2019-09-12 05:39:00
104.11277771,-1.70588207,2019-09-12 12:00:00,LAPAN,SNPP,Fire inside Sitrep,SUMSEL MUBA,2230,2019,2019:2230,2019,2228,324888,0.2913025951859379,381.0,False,False,-39.0,2,NOAA20,2019-09-12 05:39:00
103.17005157,-2.41424131,2019-09-12 12:00:00,LAPAN,SNPP,Verified No fire,SUMSEL MUBA,2235,2019,2019:2235,2019,2233,325217,0.29724921974653057,381.0,False,False,-39.0,2,NOAA20,2019-09-12 05:39:00
104.106842041,-1.71220386028,2019-09-12 12:00:00,LAPAN,Aqua,Fire inside Sitrep,SUMSEL MUBA,2237,2019,2019:2237,2019,2235,324889,0.13394427528791217,381.0,False,False,-39.0,2,NOAA20,2019-09-12 05:39:00
105.70492554,-3.67780924,2019-09-12 12:00:00,LAPAN,SNPP,Verified Fire,SUMSEL,2238,2019,2019:2238,2019,2236,325433,0.38607663257245556,381.0,False,False,-39.0,1,NOAA20,2019-09-12 05:39:00
104.09933472,-1.69429147,2019-09-12 12:00:00,LAPAN,SNPP,Fire inside Sitrep,SUMSEL MUBA,2240,2019,2019:2240,2019,2238,324969,0.40024242780203256,381.0,False,False,-39.0,1,NOAA20,2019-09-12 05:39:00
104.12425995,-1.70420527,2019-09-12 12:00:00,LAPAN,SNPP,Fire inside Sitrep,SUMSEL MUBA,2241,2019,2019:2241,2019,2239,324979,0.40001104681329736,381.0,False,False,-39.0,1,NOAA20,2019-09-12 05:39:00
101.994,-0.956794,2019-09-12 13:00:00,LAPAN,SNPP,Verified Fire,JAMBI SMF,2271,2019,2019:2271,2019,2269,41057,0.36871671192239697,414.0,False,False,-6.0,1,Aqua,2019-09-12 06:06:00
104.00798798,-1.99157941,2019-09-13 01:00:00,LAPAN,Aqua,Verified Fire,SUMSEL MUBA,2357,2019,2019:2357,2019,2355,330285,0.24436292732088652,399.0,False,False,-21.0,2,NOAA20,2019-09-12 18:21:00
103.92375946,-2.15413618,2019-09-13 01:00:00,LAPAN,Aqua,Verified Fire,SUMSEL MUBA,2359,2019,2019:2359,2019,2357,330215,0.24102252031316437,399.0,False,False,-21.0,3,NOAA20,2019-09-12 18:21:00
104.14411926,-1.68007636,2019-09-13 01:00:00,LAPAN,Aqua,Fire inside Sitrep,SUMSEL MUBA,2360,2019,2019:2360,2019,2358,330692,0.27985945757962954,399.0,False,False,-21.0,2,NOAA20,2019-09-12 18:21:00
103.18891144,-2.42653728,2019-09-13 01:00:00,LAPAN,Aqua,Verified No fire,SUMSEL MUBA,2365,2019,2019:2365,2019,2363,327879,0.281368781120661,399.0,False,False,-21.0,2,NOAA20,2019-09-12 18:21:00
103.77396393,-1.2885412,2019-09-13 01:00:00,LAPAN,Aqua,Verified Fire,JAMBI SMF,2370,2019,2019:2370,2019,2368,331682,0.24322573635388112,399.0,False,False,-21.0,2,NOAA20,2019-09-12 18:21:00
103.81586456,-1.30912781,2019-09-13 01:00:00,LAPAN,Aqua,Verified Fire,JAMBI SMF,2374,2019,2019:2374,2019,2372,331638,0.2387042461995378,399.0,False,False,-21.0,4,NOAA20,2019-09-12 18:21:00
103.7718277,-1.30218744,2019-09-13 01:00:00,LAPAN,Aqua,Verified Fire,JAMBI SMF,2382,2019,2019:2382,2019,2380,331642,0.24263981096859671,399.0,False,False,-21.0,3,NOAA20,2019-09-12 18:21:00
104.12457275,-1.71148252,2019-09-13 01:00:00,LAPAN,Aqua,Fire inside Sitrep,SUMSEL MUBA,2384,2019,2019:2384,2019,2382,330617,0.25335731017219737,399.0,False,False,-21.0,4,NOAA20,2019-09-12 18:21:00
102.88850403,-0.87331474,2019-09-13 01:00:00,LAPAN,Aqua,Verified No fire,JAMBI SMF,2385,2019,2019:2385,2019,2383,332249,0.2634968980589225,399.0,False,False,-21.0,3,NOAA20,2019-09-12 18:21:00
104.12269592,-1.67668414,2019-09-13 01:00:00,LAPAN,Aqua,Verified Fire,SUMSEL MUBA,2392,2019,2019:2392,2019,2390,330698,0.253172656467425,399.0,False,False,-21.0,2,NOAA20,2019-09-12 18:21:00
103.86758423,-1.84678876,2019-09-13 01:00:00,LAPAN,Aqua,Fire inside Sitrep,SUMSEL MUBA,2397,2019,2019:2397,2019,2395,330380,0.286508475592551,399.0,False,False,-21.0,2,NOAA20,2019-09-12 18:21:00
103.76646423,-1.33630013,2019-09-13 01:00:00,LAPAN,Aqua,Verified Fire,JAMBI SMF,2402,2019,2019:2402,2019,2400,331438,0.27227001427958336,399.0,False,False,-21.0,3,NOAA20,2019-09-12 18:21:00
102.866775513,-1.11208641529,2019-09-13 13:00:00,LAPAN,Aqua,Verified Fire,JAMBI SMF,2441,2019,2019:2441,2019,2439,1027492,0.3658664582145831,408.0,False,False,-12.0,1,SNPP,2019-09-13 06:12:00
103.766,-1.31992,2019-09-13 13:00:00,LAPAN,SNPP,Verified Fire,JAMBI SMF,2447,2019,2019:2447,2019,2445,42866,0.34279400986579184,372.0,False,False,-48.0,1,Aqua,2019-09-13 06:48:00
103.394,-2.50963,2019-09-13 13:00:00,LAPAN,SNPP,Verified No fire,SUMSEL MUBA,2468,2019,2019:2468,2019,2466,42745,0.1407717210644773,372.0,False,False,-48.0,1,Aqua,2019-09-13 06:48:00
105.59062958,-3.86770439,2019-09-13 14:00:00,LAPAN,SNPP,Verified Fire,SUMSEL,2495,2019,2019:2495,2019,2493,337454,0.39353939107012553,420.0,False,False,0.0,1,NOAA20,2019-09-13 07:00:00
103.76766968,-1.32163072,2019-09-14 01:00:00,LAPAN,SNPP,Verified Fire,JAMBI SMF,2512,2019,2019:2512,2019,2510,339930,0.31060311742537694,418.0,False,False,-2.0,4,NOAA20,2019-09-13 18:02:00
103.5767746,-1.14919043,2019-09-14 01:00:00,LAPAN,SNPP,Verified Fire,JAMBI SMF,2513,2019,2019:2513,2019,2511,341025,0.3354085775388541,418.0,False,False,-2.0,2,NOAA20,2019-09-13 18:02:00
103.58460999,-1.15976596,2019-09-14 01:00:00,LAPAN,SNPP,Verified Fire,JAMBI SMF,2514,2019,2019:2514,2019,2512,341018,0.40460251228386407,418.0,False,False,-2.0,2,NOAA20,2019-09-13 18:02:00
103.75878143,-1.32018578,2019-09-14 01:00:00,LAPAN,SNPP,Verified Fire,JAMBI SMF,2517,2019,2019:2517,2019,2515,339937,0.3116647123138802,418.0,False,False,-2.0,4,NOAA20,2019-09-13 18:02:00
103.85334778,-1.35386968,2019-09-14 01:00:00,LAPAN,SNPP,Verified Fire,JAMBI SMF,2518,2019,2019:2518,2019,2516,340653,0.3073378651503274,418.0,False,False,-2.0,3,NOAA20,2019-09-13 18:02:00
105.44449615,-3.32788181,2019-09-14 13:00:00,LAPAN,SNPP,Verified Fire,SUMSEL,2566,2019,2019:2566,2019,2564,346765,0.33110264899925196,378.0,False,False,-42.0,2,NOAA20,2019-09-14 06:42:00
104.11849213,-1.70633852,2019-09-14 13:00:00,LAPAN,SNPP,Fire inside Sitrep,SUMSEL MUBA,2567,2019,2019:2567,2019,2565,349213,0.28625933788036373,378.0,False,False,-42.0,4,NOAA20,2019-09-14 06:42:00
104.10887146,-1.70033872,2019-09-14 13:00:00,LAPAN,SNPP,Fire inside Sitrep,SUMSEL MUBA,2568,2019,2019:2568,2019,2566,348934,0.30464071427525324,378.0,False,False,-42.0,3,NOAA20,2019-09-14 06:42:00
104.09925079,-1.69435358,2019-09-14 13:00:00,LAPAN,SNPP,Fire inside Sitrep,SUMSEL MUBA,2569,2019,2019:2569,2019,2567,349270,0.28502674900780123,378.0,False,False,-42.0,4,NOAA20,2019-09-14 06:42:00
104.11628723,-1.69171405,2019-09-14 13:00:00,LAPAN,SNPP,Fire inside Sitrep,SUMSEL MUBA,2570,2019,2019:2570,2019,2568,349281,0.30551082916637035,378.0,False,False,-42.0,3,NOAA20,2019-09-14 06:42:00
105.54931641,-3.44364238,2019-09-14 13:00:00,LAPAN,SNPP,Verified Fire,SUMSEL,2571,2019,2019:2571,2019,2569,346610,0.33564943505086337,378.0,False,False,-42.0,1,NOAA20,2019-09-14 06:42:00
105.4468689,-3.3433373,2019-09-14 13:00:00,LAPAN,SNPP,Verified Fire,SUMSEL,2572,2019,2019:2572,2019,2570,346749,0.354611571217498,378.0,False,False,-42.0,2,NOAA20,2019-09-14 06:42:00
105.45649719,-3.34183598,2019-09-14 13:00:00,LAPAN,SNPP,Verified Fire,SUMSEL,2573,2019,2019:2573,2019,2571,346747,0.3540509278150495,378.0,False,False,-42.0,1,NOAA20,2019-09-14 06:42:00
104.10665894,-1.68572676,2019-09-14 13:00:00,LAPAN,SNPP,Fire inside Sitrep,SUMSEL MUBA,2574,2019,2019:2574,2019,2572,349306,0.28532725832364725,378.0,False,False,-42.0,2,NOAA20,2019-09-14 06:42:00
104.10145569,-1.70896077,2019-09-14 13:00:00,LAPAN,SNPP,Fire inside Sitrep,SUMSEL MUBA,2575,2019,2019:2575,2019,2573,349216,0.2856123225358976,378.0,False,False,-42.0,3,NOAA20,2019-09-14 06:42:00
104.12812805,-1.71233964,2019-09-14 13:00:00,LAPAN,SNPP,Fire inside Sitrep,SUMSEL MUBA,2576,2019,2019:2576,2019,2574,349194,0.28728758522185144,378.0,False,False,-42.0,2,NOAA20,2019-09-14 06:42:00
105.36162567,-3.7826066,2019-09-14 13:00:00,LAPAN,SNPP,Verified Fire,SUMSEL,2578,2019,2019:2578,2019,2576,347271,0.3204639778653599,378.0,False,False,-42.0,2,NOAA20,2019-09-14 06:42:00
105.51709747,-3.71852231,2019-09-14 13:00:00,LAPAN,SNPP,Verified Fire,SUMSEL,2579,2019,2019:2579,2019,2577,347214,0.3666988023779189,378.0,False,False,-42.0,2,NOAA20,2019-09-14 06:42:00
103.48197937,-2.26699829,2019-09-14 13:00:00,LAPAN,SNPP,Verified Fire,SUMSEL MUBA,2580,2019,2019:2580,2019,2578,348173,0.26068078890032675,378.0,False,False,-42.0,1,NOAA20,2019-09-14 06:42:00
103.19680786,-2.42599964,2019-09-14 13:00:00,LAPAN,SNPP,Verified No fire,SUMSEL MUBA,2581,2019,2019:2581,2019,2579,347319,0.30884326377776333,378.0,False,False,-42.0,2,NOAA20,2019-09-14 06:42:00
102.76338196,-1.00337768,2019-09-14 13:00:00,LAPAN,SNPP,Verified No fire,JAMBI SMF,2582,2019,2019:2582,2019,2580,349793,0.27247088173946044,378.0,False,False,-42.0,2,NOAA20,2019-09-14 06:42:00
105.78862762,-3.65876722,2019-09-14 13:00:00,LAPAN,SNPP,Verified Fire,SUMSEL,2583,2019,2019:2583,2019,2581,347203,0.20459993340605823,378.0,False,False,-42.0,4,NOAA20,2019-09-14 06:42:00
103.76218414,-1.31980169,2019-09-14 13:00:00,LAPAN,SNPP,Verified Fire,JAMBI SMF,2584,2019,2019:2584,2019,2582,349737,0.3296450205028781,378.0,False,False,-42.0,1,NOAA20,2019-09-14 06:42:00
103.33969116,-2.38283539,2019-09-14 13:00:00,LAPAN,SNPP,Verified No fire,SUMSEL MUBA,2585,2019,2019:2585,2019,2583,347306,0.24731110365673276,378.0,False,False,-42.0,1,NOAA20,2019-09-14 06:42:00
103.37520599,-2.51456881,2019-09-14 13:00:00,LAPAN,SNPP,Verified No fire,SUMSEL MUBA,2587,2019,2019:2587,2019,2585,348518,0.3271539738555379,378.0,False,False,-42.0,1,NOAA20,2019-09-14 06:42:00
104.09403992,-1.71757042,2019-09-14 13:00:00,LAPAN,SNPP,Fire inside Sitrep,SUMSEL MUBA,2588,2019,2019:2588,2019,2586,349193,0.3275801152973816,378.0,False,False,-42.0,1,NOAA20,2019-09-14 06:42:00
105.36722565,-2.60506558,2019-09-14 13:00:00,LAPAN,SNPP,Verified No fire,SUMSEL,2589,2019,2019:2589,2019,2587,348043,0.3357531736620542,378.0,False,False,-42.0,3,NOAA20,2019-09-14 06:42:00
105.45411682,-3.32636881,2019-09-14 13:00:00,LAPAN,SNPP,Verified Fire,SUMSEL,2590,2019,2019:2590,2019,2588,346763,0.33059914779838173,378.0,False,False,-42.0,1,NOAA20,2019-09-14 06:42:00
104.13335419,-1.68907046,2019-09-14 13:00:00,LAPAN,SNPP,Fire inside Sitrep,SUMSEL MUBA,2591,2019,2019:2591,2019,2589,349265,0.2878034893908297,378.0,False,False,-42.0,2,NOAA20,2019-09-14 06:42:00
103.51612854,-1.2344662,2019-09-14 13:00:00,LAPAN,SNPP,Verified Fire,JAMBI SMF,2592,2019,2019:2592,2019,2590,349749,0.35543675001730557,378.0,False,False,-42.0,1,NOAA20,2019-09-14 06:42:00
105.34026337,-3.1353538,2019-09-14 13:00:00,LAPAN,SNPP,Verified Fire,SUMSEL,2593,2019,2019:2593,2019,2591,347549,0.33920894349508435,378.0,False,False,-42.0,2,NOAA20,2019-09-14 06:42:00
105.27976227,-2.83542013,2019-09-14 13:00:00,LAPAN,SNPP,Verified Fire,SUMSEL,2594,2019,2019:2594,2019,2592,347869,0.3427708646699392,378.0,False,False,-42.0,2,NOAA20,2019-09-14 06:42:00
103.35621643,-2.38746405,2019-09-14 13:00:00,LAPAN,SNPP,Verified No fire,SUMSEL MUBA,2595,2019,2019:2595,2019,2593,347309,0.33992105041180365,378.0,False,False,-42.0,1,NOAA20,2019-09-14 06:42:00
105.26927948,-2.81308675,2019-09-15 13:00:00,LAPAN,SNPP,Verified Fire,SUMSEL,2653,2019,2019:2653,2019,2651,358821,0.23492107003289858,397.0,False,False,-23.0,4,NOAA20,2019-09-15 06:23:00
105.69685364,-3.69827557,2019-09-15 13:00:00,LAPAN,SNPP,Verified Fire,SUMSEL,2656,2019,2019:2656,2019,2654,360169,0.28590113286042246,397.0,False,False,-23.0,2,NOAA20,2019-09-15 06:23:00
105.45898438,-3.80215168,2019-09-15 13:00:00,LAPAN,SNPP,Verified Fire,SUMSEL,2657,2019,2019:2657,2019,2655,358253,0.22417459692945202,397.0,False,False,-23.0,3,NOAA20,2019-09-15 06:23:00
105.46096802,-3.81541276,2019-09-15 13:00:00,LAPAN,SNPP,Verified Fire,SUMSEL,2658,2019,2019:2658,2019,2656,358268,0.22430122463599303,397.0,False,False,-23.0,2,NOAA20,2019-09-15 06:23:00
105.78623962,-3.77298331,2019-09-15 13:00:00,LAPAN,SNPP,Verified Fire,SUMSEL,2659,2019,2019:2659,2019,2657,358284,0.28880164635503097,397.0,False,False,-23.0,1,NOAA20,2019-09-15 06:23:00
105.77736664,-3.76079488,2019-09-15 13:00:00,LAPAN,SNPP,Verified Fire,SUMSEL,2660,2019,2019:2660,2019,2658,358260,0.2890259729564558,397.0,False,False,-23.0,1,NOAA20,2019-09-15 06:23:00
105.51062775,-3.72647643,2019-09-15 13:00:00,LAPAN,SNPP,Verified Fire,SUMSEL,2661,2019,2019:2661,2019,2659,360164,0.30370036100000364,397.0,False,False,-23.0,1,NOAA20,2019-09-15 06:23:00
105.44789124,-3.32215762,2019-09-15 13:00:00,LAPAN,SNPP,Verified Fire,SUMSEL,2665,2019,2019:2665,2019,2663,47160,0.16116515435270765,385.0,False,False,-35.0,2,Aqua,2019-09-15 06:35:00
105.80040741,-3.54691958,2019-09-15 13:00:00,LAPAN,SNPP,Verified Fire,SUMSEL,2667,2019,2019:2667,2019,2665,47103,0.14889399784223506,385.0,False,False,-35.0,2,Aqua,2019-09-15 06:35:00
105.58489227,-3.56599569,2019-09-15 13:00:00,LAPAN,SNPP,Verified Fire,SUMSEL,2671,2019,2019:2671,2019,2669,359903,0.22183974122871022,397.0,False,False,-23.0,3,NOAA20,2019-09-15 06:23:00
105.30791473,-3.74358749,2019-09-15 13:00:00,LAPAN,SNPP,Verified Fire,SUMSEL,2672,2019,2019:2672,2019,2670,360144,0.26041830234792024,397.0,False,False,-23.0,1,NOAA20,2019-09-15 06:23:00
105.31781769,-3.71494198,2019-09-15 13:00:00,LAPAN,SNPP,Verified Fire,SUMSEL,2673,2019,2019:2673,2019,2671,360134,0.23708700225078053,397.0,False,False,-23.0,2,NOAA20,2019-09-15 06:23:00
105.44197845,-3.32982206,2019-09-15 13:00:00,LAPAN,SNPP,Verified Fire,SUMSEL,2680,2019,2019:2680,2019,2678,358446,0.22318744161416113,397.0,False,False,-23.0,3,NOAA20,2019-09-15 06:23:00
105.4360733,-3.33748674,2019-09-15 13:00:00,LAPAN,SNPP,Verified Fire,SUMSEL,2681,2019,2019:2681,2019,2679,358432,0.3156217662209762,397.0,False,False,-23.0,1,NOAA20,2019-09-15 06:23:00
105.45578766,-3.32774019,2019-09-15 13:00:00,LAPAN,SNPP,Verified Fire,SUMSEL,2682,2019,2019:2682,2019,2680,358444,0.22238799102584675,397.0,False,False,-23.0,2,NOAA20,2019-09-15 06:23:00
105.74000549,-3.79351473,2019-09-15 13:00:00,LAPAN,SNPP,Verified Fire,SUMSEL,2683,2019,2019:2683,2019,2681,358304,0.2553000527347947,397.0,False,False,-23.0,4,NOAA20,2019-09-15 06:23:00
105.51921082,-3.77950621,2019-09-15 13:00:00,LAPAN,SNPP,Verified Fire,SUMSEL,2684,2019,2019:2684,2019,2682,358232,0.22168668881700904,397.0,False,False,-23.0,1,NOAA20,2019-09-15 06:23:00
105.59278107,-3.57157278,2019-09-15 13:00:00,LAPAN,SNPP,Verified Fire,SUMSEL,2685,2019,2019:2685,2019,2683,359908,0.3169792567695397,397.0,False,False,-23.0,2,NOAA20,2019-09-15 06:23:00
105.63903809,-3.5510397,2019-09-15 13:00:00,LAPAN,SNPP,Verified Fire,SUMSEL,2686,2019,2019:2686,2019,2684,359892,0.29118454543227956,397.0,False,False,-23.0,3,NOAA20,2019-09-15 06:23:00
105.52443695,-3.72438478,2019-09-15 13:00:00,LAPAN,SNPP,Verified Fire,SUMSEL,2690,2019,2019:2690,2019,2688,360165,0.25713308949441754,397.0,False,False,-23.0,1,NOAA20,2019-09-15 06:23:00
103.37390137,-2.51662683,2019-09-15 13:00:00,LAPAN,SNPP,Verified No fire,SUMSEL MUBA,2694,2019,2019:2694,2019,2692,359236,0.2773325942843224,397.0,False,False,-23.0,4,NOAA20,2019-09-15 06:23:00
105.27126312,-2.82633996,2019-09-15 13:00:00,LAPAN,SNPP,Verified Fire,SUMSEL,2696,2019,2019:2696,2019,2694,358816,0.25733825613068656,397.0,False,False,-23.0,1,NOAA20,2019-09-15 06:23:00
105.78142548,-3.65164232,2019-09-15 13:00:00,LAPAN,SNPP,Verified Fire,SUMSEL,2702,2019,2019:2702,2019,2700,360138,0.23096997610226888,397.0,False,False,-23.0,1,NOAA20,2019-09-15 06:23:00
103.928123474,-2.15970134735,2019-09-15 13:00:00,LAPAN,Aqua,Verified Fire,SUMSEL MUBA,2706,2019,2019:2706,2019,2704,359424,0.2322272792718144,397.0,False,False,-23.0,1,NOAA20,2019-09-15 06:23:00
103.68048096,-2.20409465,2019-09-15 13:00:00,LAPAN,SNPP,Verified Fire,SUMSEL MUBA,2707,2019,2019:2707,2019,2705,359415,0.291810962277365,397.0,False,False,-23.0,1,NOAA20,2019-09-15 06:23:00
105.58987427,-3.87066436,2019-09-15 13:00:00,LAPAN,SNPP,Verified Fire,SUMSEL,2709,2019,2019:2709,2019,2707,357797,0.2568110645752844,397.0,False,False,-23.0,1,NOAA20,2019-09-15 06:23:00
105.75377655,-3.79142857,2019-09-15 13:00:00,LAPAN,SNPP,Verified Fire,SUMSEL,2712,2019,2019:2712,2019,2710,358312,0.22120588463872295,397.0,False,False,-23.0,2,NOAA20,2019-09-15 06:23:00
105.78592682,-3.86134243,2019-09-15 13:00:00,LAPAN,SNPP,Verified Fire,SUMSEL,2713,2019,2019:2713,2019,2711,357829,0.25445685460204387,397.0,False,False,-23.0,2,NOAA20,2019-09-15 06:23:00
105.54347229,-3.84379101,2019-09-15 13:00:00,LAPAN,SNPP,Verified Fire,SUMSEL,2714,2019,2019:2714,2019,2712,358319,0.25720875140957056,397.0,False,False,-23.0,2,NOAA20,2019-09-15 06:23:00
105.44611359,-3.76341963,2019-09-15 13:00:00,LAPAN,SNPP,Verified Fire,SUMSEL,2715,2019,2019:2715,2019,2713,47071,0.4223366560679555,385.0,False,False,-35.0,1,Aqua,2019-09-15 06:35:00
105.73448181,-3.79227901,2019-09-16 13:00:00,LAPAN,Aqua,Verified Fire,SUMSEL,2720,2019,2019:2720,2019,2718,1053776,0.2500523559426886,365.0,False,False,-55.0,4,SNPP,2019-09-16 06:55:00
105.77893066,-3.66111875,2019-09-16 13:00:00,LAPAN,Aqua,Verified Fire,SUMSEL,2721,2019,2019:2721,2019,2719,1053752,0.23740059941115468,365.0,False,False,-55.0,2,SNPP,2019-09-16 06:55:00
104.09555817,-1.71716022,2019-09-16 13:00:00,LAPAN,Aqua,Fire inside Sitrep,SUMSEL MUBA,2722,2019,2019:2722,2019,2720,365017,0.33674909206506337,416.0,False,False,-4.0,4,NOAA20,2019-09-16 06:04:00
104.12624359,-1.69481254,2019-09-16 13:00:00,LAPAN,Aqua,Fire inside Sitrep,SUMSEL MUBA,2723,2019,2019:2723,2019,2721,1054299,0.20593492581347733,364.0,False,False,-56.0,4,SNPP,2019-09-16 06:56:00
103.5154953,-1.21861577,2019-09-16 13:00:00,LAPAN,Aqua,Verified Fire,JAMBI SMF,2724,2019,2019:2724,2019,2722,366268,0.351591540630774,415.0,False,False,-5.0,1,NOAA20,2019-09-16 06:05:00
104.01007843,-1.97276866,2019-09-16 13:00:00,LAPAN,Aqua,Verified Fire,SUMSEL MUBA,2725,2019,2019:2725,2019,2723,365111,0.3201573435867173,416.0,False,False,-4.0,2,NOAA20,2019-09-16 06:04:00
105.52285767,-3.29209995,2019-09-16 13:00:00,LAPAN,Aqua,Verified Fire,SUMSEL,2727,2019,2019:2727,2019,2725,365810,0.2863307264464156,416.0,False,False,-4.0,5,NOAA20,2019-09-16 06:04:00
105.49724579,-3.7114265,2019-09-16 13:00:00,LAPAN,Aqua,Verified Fire,SUMSEL,2729,2019,2019:2729,2019,2727,364805,0.3268367033707956,416.0,False,False,-4.0,1,NOAA20,2019-09-16 06:04:00
105.74999237,-3.79957414,2019-09-16 13:00:00,LAPAN,Aqua,Verified Fire,SUMSEL,2730,2019,2019:2730,2019,2728,364579,0.1613843043439672,416.0,False,False,-4.0,2,NOAA20,2019-09-16 06:04:00
105.30750275,-2.97460246,2019-09-16 13:00:00,LAPAN,Aqua,Verified Fire,SUMSEL,2731,2019,2019:2731,2019,2729,365906,0.25195357738245394,416.0,False,False,-4.0,1,NOAA20,2019-09-16 06:04:00
105.40029144,-2.57020807,2019-09-16 13:00:00,LAPAN,Aqua,Verified Fire,SUMSEL,2732,2019,2019:2732,2019,2730,364604,0.25931510943205804,416.0,False,False,-4.0,1,NOAA20,2019-09-16 06:04:00
101.91984558,-0.96684819,2019-09-16 13:00:00,LAPAN,Aqua,Verified Fire,JAMBI SMF,2733,2019,2019:2733,2019,2731,366576,0.30404110559505076,415.0,False,False,-5.0,2,NOAA20,2019-09-16 06:05:00
103.58081818,-1.15605116,2019-09-16 13:00:00,LAPAN,Aqua,Verified Fire,JAMBI SMF,2734,2019,2019:2734,2019,2732,1054164,0.20837227669306777,364.0,False,False,-56.0,4,SNPP,2019-09-16 06:56:00
105.2982254,-2.66827464,2019-09-16 13:00:00,LAPAN,Aqua,Verified No fire,SUMSEL,2737,2019,2019:2737,2019,2735,1053500,0.10355935206689669,365.0,False,False,-55.0,3,SNPP,2019-09-16 06:55:00
105.50563049,-3.71850133,2019-09-16 13:00:00,LAPAN,Aqua,Verified Fire,SUMSEL,2738,2019,2019:2738,2019,2736,364803,0.28850537453404074,416.0,False,False,-4.0,2,NOAA20,2019-09-16 06:04:00
105.33132935,-3.13709426,2019-09-16 13:00:00,LAPAN,Aqua,Verified Fire,SUMSEL,2739,2019,2019:2739,2019,2737,1053609,0.0901885921981805,365.0,False,False,-55.0,3,SNPP,2019-09-16 06:55:00
105.30086517,-2.68440008,2019-09-16 13:00:00,LAPAN,Aqua,Verified No fire,SUMSEL,2740,2019,2019:2740,2019,2738,1053503,0.0962251446410736,365.0,False,False,-55.0,5,SNPP,2019-09-16 06:55:00
104.13323975,-1.68490493,2019-09-16 13:00:00,LAPAN,Aqua,Fire inside Sitrep,SUMSEL MUBA,2741,2019,2019:2741,2019,2739,1054320,0.12003271100617498,364.0,False,False,-56.0,9,SNPP,2019-09-16 06:56:00
105.64109802,-3.54875755,2019-09-16 13:00:00,LAPAN,Aqua,Verified Fire,SUMSEL,2742,2019,2019:2742,2019,2740,365851,0.2858944740817561,416.0,False,False,-4.0,2,NOAA20,2019-09-16 06:04:00
105.57967377,-3.92366314,2019-09-16 13:00:00,LAPAN,Aqua,Verified Fire,SUMSEL,2743,2019,2019:2743,2019,2741,364517,0.2894743724001508,416.0,False,False,-4.0,1,NOAA20,2019-09-16 06:04:00
105.55344391,-3.44536448,2019-09-16 13:00:00,LAPAN,Aqua,Verified Fire,SUMSEL,2746,2019,2019:2746,2019,2744,366050,0.32661074010013313,416.0,False,False,-4.0,1,NOAA20,2019-09-16 06:04:00
105.51415253,-3.7253046,2019-09-16 13:00:00,LAPAN,Aqua,Verified Fire,SUMSEL,2748,2019,2019:2748,2019,2746,364796,0.2780379750507311,416.0,False,False,-4.0,2,NOAA20,2019-09-16 06:04:00
105.59400177,-3.57223797,2019-09-16 13:00:00,LAPAN,Aqua,Verified Fire,SUMSEL,2749,2019,2019:2749,2019,2747,365844,0.2888910167583732,416.0,False,False,-4.0,3,NOAA20,2019-09-16 06:04:00
105.80310059,-3.63302207,2019-09-16 13:00:00,LAPAN,Aqua,Verified Fire,SUMSEL,2750,2019,2019:2750,2019,2748,364832,0.2548252102900109,416.0,False,False,-4.0,3,NOAA20,2019-09-16 06:04:00
104.13581848,-1.70225978,2019-09-16 13:00:00,LAPAN,Aqua,Fire inside Sitrep,SUMSEL MUBA,2751,2019,2019:2751,2019,2749,365015,0.3350969030789315,416.0,False,False,-4.0,2,NOAA20,2019-09-16 06:04:00
102.98962402,-0.85452873,2019-09-17 01:00:00,LAPAN,SNPP,Verified No fire,JAMBI SMF,2775,2019,2019:2775,2019,2773,369002,0.3000453132352558,374.0,False,False,-46.0,2,NOAA20,2019-09-16 18:46:00
103.99545288,-1.9643203,2019-09-17 01:00:00,LAPAN,SNPP,Verified Fire,SUMSEL MUBA,2776,2019,2019:2776,2019,2774,369439,0.2819148690004168,374.0,False,False,-46.0,2,NOAA20,2019-09-16 18:46:00
103.59111023,-1.15870905,2019-09-17 01:00:00,LAPAN,SNPP,Verified Fire,JAMBI SMF,2777,2019,2019:2777,2019,2775,368887,0.37733158192433536,374.0,False,False,-46.0,2,NOAA20,2019-09-16 18:46:00
103.81013489,-1.30152237,2019-09-17 01:00:00,LAPAN,SNPP,Verified Fire,JAMBI SMF,2778,2019,2019:2778,2019,2776,368813,0.30843614438650496,374.0,False,False,-46.0,3,NOAA20,2019-09-16 18:46:00
103.58161163,-1.15720606,2019-09-17 01:00:00,LAPAN,SNPP,Verified Fire,JAMBI SMF,2779,2019,2019:2779,2019,2777,368884,0.285145240039161,374.0,False,False,-46.0,4,NOAA20,2019-09-16 18:46:00
104.12979126,-1.68500495,2019-09-17 01:00:00,LAPAN,SNPP,Fire inside Sitrep,SUMSEL MUBA,2780,2019,2019:2780,2019,2778,369691,0.24261552658331603,374.0,False,False,-46.0,4,NOAA20,2019-09-16 18:46:00
105.77387238,-3.65984154,2019-09-17 01:00:00,LAPAN,SNPP,Verified Fire,SUMSEL,2781,2019,2019:2781,2019,2779,369881,0.3209432540879082,373.0,False,False,-47.0,2,NOAA20,2019-09-16 18:47:00
105.78290558,-3.66059637,2019-09-17 12:00:00,LAPAN,SNPP,Verified Fire,SUMSEL,2795,2019,2019:2795,2019,2793,370679,0.2900251544867417,375.0,False,False,-45.0,2,NOAA20,2019-09-17 05:45:00
103.86355591,-1.93126094,2019-09-17 12:00:00,LAPAN,SNPP,Fire inside Sitrep,SUMSEL MUBA,2796,2019,2019:2796,2019,2794,371560,0.3267879159783757,374.0,False,False,-46.0,3,NOAA20,2019-09-17 05:46:00
104.00003815,-1.96089864,2019-09-17 12:00:00,LAPAN,SNPP,Fire inside Sitrep,SUMSEL MUBA,2797,2019,2019:2797,2019,2795,371542,0.34989375727780875,374.0,False,False,-46.0,1,NOAA20,2019-09-17 05:46:00
103.99084473,-1.96226811,2019-09-17 12:00:00,LAPAN,SNPP,Fire inside Sitrep,SUMSEL MUBA,2798,2019,2019:2798,2019,2796,371544,0.35120227080943,374.0,False,False,-46.0,2,NOAA20,2019-09-17 05:46:00
104.13085175,-1.68237424,2019-09-17 12:00:00,LAPAN,SNPP,Fire inside Sitrep,SUMSEL MUBA,2800,2019,2019:2800,2019,2798,371527,0.32496064959984,374.0,False,False,-46.0,1,NOAA20,2019-09-17 05:46:00
103.84731293,-2.01502466,2019-09-17 12:00:00,LAPAN,SNPP,Verified Fire,SUMSEL MUBA,2802,2019,2019:2802,2019,2800,371503,0.3834288798388138,374.0,False,False,-46.0,2,NOAA20,2019-09-17 05:46:00
104.13883209,-1.68997681,2019-09-17 12:00:00,LAPAN,SNPP,Fire inside Sitrep,SUMSEL MUBA,2803,2019,2019:2803,2019,2801,371461,0.37173339063675265,374.0,False,False,-46.0,1,NOAA20,2019-09-17 05:46:00
105.46179199,-3.32419419,2019-09-17 12:00:00,LAPAN,SNPP,Verified Fire,SUMSEL,2804,2019,2019:2804,2019,2802,370589,0.3489190599507019,375.0,False,False,-45.0,2,NOAA20,2019-09-17 05:45:00
103.80522156,-1.30576491,2019-09-17 12:00:00,LAPAN,SNPP,Verified Fire,JAMBI SMF,2806,2019,2019:2806,2019,2804,371134,0.48004641167517037,374.0,False,False,-46.0,1,NOAA20,2019-09-17 05:46:00
103.98175812,-1.96363068,2019-09-17 12:00:00,LAPAN,SNPP,Fire inside Sitrep,SUMSEL MUBA,2808,2019,2019:2808,2019,2806,371545,0.4981527415120525,374.0,False,False,-46.0,1,NOAA20,2019-09-17 05:46:00
104.01082611,-1.97167993,2019-09-17 12:00:00,LAPAN,SNPP,Fire inside Sitrep,SUMSEL MUBA,2810,2019,2019:2810,2019,2808,371506,0.35130166946680186,374.0,False,False,-46.0,1,NOAA20,2019-09-17 05:46:00
105.44396973,-3.75410461,2019-09-17 12:00:00,LAPAN,SNPP,Verified Fire,SUMSEL,2811,2019,2019:2811,2019,2809,370680,0.2997845631037436,375.0,False,False,-45.0,2,NOAA20,2019-09-17 05:45:00
105.447929382,-3.81603741646,2019-09-17 13:00:00,LAPAN,Aqua,Verified Fire,SUMSEL,2813,2019,2019:2813,2019,2811,1060137,0.4418223927722971,384.0,False,False,-36.0,1,SNPP,2019-09-17 06:36:00
103.98604584,-1.94964075,2019-09-18 01:00:00,LAPAN,SNPP,Verified No fire,SUMSEL MUBA,2905,2019,2019:2905,2019,2903,375368,0.25534152104841545,393.0,False,False,-27.0,2,NOAA20,2019-09-17 18:27:00
104.13218689,-1.68748343,2019-09-18 01:00:00,LAPAN,SNPP,Fire inside Sitrep,SUMSEL MUBA,2907,2019,2019:2907,2019,2905,375008,0.2300259329866975,393.0,False,False,-27.0,4,NOAA20,2019-09-17 18:27:00
105.77241516,-3.65647125,2019-09-18 01:00:00,LAPAN,SNPP,Verified Fire,SUMSEL,2910,2019,2019:2910,2019,2908,375811,0.2636990577329121,392.0,False,False,-28.0,3,NOAA20,2019-09-17 18:28:00
103.50874329,-1.21552205,2019-09-18 01:00:00,LAPAN,SNPP,Verified Fire,JAMBI SMF,2911,2019,2019:2911,2019,2909,374108,0.2489739912034288,393.0,False,False,-27.0,2,NOAA20,2019-09-17 18:27:00
103.99669647,-1.97163081,2019-09-18 01:00:00,LAPAN,SNPP,Fire inside Sitrep,SUMSEL MUBA,2912,2019,2019:2912,2019,2910,50566,0.2864547753935437,374.0,False,False,-46.0,3,Aqua,2019-09-17 18:46:00
105.46152496,-3.32757783,2019-09-18 01:00:00,LAPAN,SNPP,Verified Fire,SUMSEL,2916,2019,2019:2916,2019,2914,375942,0.2869155856015894,392.0,False,False,-28.0,2,NOAA20,2019-09-17 18:28:00
103.84286499,-2.00877452,2019-09-18 01:00:00,LAPAN,SNPP,Verified Fire,SUMSEL MUBA,2917,2019,2019:2917,2019,2915,375421,0.22051851085414592,393.0,False,False,-27.0,3,NOAA20,2019-09-17 18:27:00
105.77853394,-3.77309561,2019-09-18 01:00:00,LAPAN,SNPP,Verified Fire,SUMSEL,2919,2019,2019:2919,2019,2917,375764,0.2786363846485718,392.0,False,False,-28.0,4,NOAA20,2019-09-17 18:28:00
103.79199219,-1.30109012,2019-09-18 01:00:00,LAPAN,SNPP,Verified Fire,JAMBI SMF,2922,2019,2019:2922,2019,2920,374135,0.23040073121317073,393.0,False,False,-27.0,2,NOAA20,2019-09-17 18:27:00
103.58114624,-1.15906596,2019-09-18 01:00:00,LAPAN,SNPP,Verified Fire,JAMBI SMF,2924,2019,2019:2924,2019,2922,373985,0.24711181713967528,393.0,False,False,-27.0,4,NOAA20,2019-09-17 18:27:00
103.97026062,-1.96069992,2019-09-18 01:00:00,LAPAN,SNPP,Fire inside Sitrep,SUMSEL MUBA,2929,2019,2019:2929,2019,2927,375391,0.25516984782855195,393.0,False,False,-27.0,2,NOAA20,2019-09-17 18:27:00
104.09272003,-1.71514118,2019-09-18 01:00:00,LAPAN,SNPP,Fire inside Sitrep,SUMSEL MUBA,2930,2019,2019:2930,2019,2928,375099,0.23028657995720214,393.0,False,False,-27.0,4,NOAA20,2019-09-17 18:27:00
103.58638763,-1.26165092,2019-09-18 01:00:00,LAPAN,SNPP,Verified Fire,JAMBI SMF,2933,2019,2019:2933,2019,2931,374130,0.2705540490977782,393.0,False,False,-27.0,3,NOAA20,2019-09-17 18:27:00
103.60923004,-1.38772655,2019-09-18 01:00:00,LAPAN,SNPP,Verified Fire,JAMBI SMF,2934,2019,2019:2934,2019,2932,374220,0.26970402669820487,393.0,False,False,-27.0,2,NOAA20,2019-09-17 18:27:00
102.79277802,-1.03414714,2019-09-18 01:00:00,LAPAN,SNPP,Verified No fire,JAMBI SMF,2937,2019,2019:2937,2019,2935,373987,0.27824950191839615,393.0,False,False,-27.0,2,NOAA20,2019-09-17 18:27:00
103.98399353,-1.96286023,2019-09-18 01:00:00,LAPAN,SNPP,Fire inside Sitrep,SUMSEL MUBA,2942,2019,2019:2942,2019,2940,375387,0.2290298440082289,393.0,False,False,-27.0,3,NOAA20,2019-09-17 18:27:00
105.73033905,-3.78901768,2019-09-18 01:00:00,LAPAN,SNPP,Verified Fire,SUMSEL,2943,2019,2019:2943,2019,2941,375753,0.26556770105242566,392.0,False,False,-28.0,3,NOAA20,2019-09-17 18:28:00
103.99188232,-1.95733047,2019-09-18 01:00:00,LAPAN,SNPP,Fire inside Sitrep,SUMSEL MUBA,2948,2019,2019:2948,2019,2946,375377,0.23001934296565985,393.0,False,False,-27.0,5,NOAA20,2019-09-17 18:27:00
103.60337067,-1.38002157,2019-09-18 01:00:00,LAPAN,SNPP,Verified Fire,JAMBI SMF,2949,2019,2019:2949,2019,2947,374211,0.24613081686768346,393.0,False,False,-27.0,4,NOAA20,2019-09-17 18:27:00
103.40100098,-2.40116954,2019-09-18 01:00:00,LAPAN,SNPP,Verified Fire,SUMSEL MUBA,2950,2019,2019:2950,2019,2948,375526,0.27278623202076285,393.0,False,False,-27.0,2,NOAA20,2019-09-17 18:27:00
104.14008331,-1.68195057,2019-09-18 01:00:00,LAPAN,SNPP,Fire inside Sitrep,SUMSEL MUBA,2951,2019,2019:2951,2019,2949,375001,0.2560338588423885,393.0,False,False,-27.0,3,NOAA20,2019-09-17 18:27:00
105.535652161,-3.25326490402,2019-09-18 14:00:00,LAPAN,Aqua,Verified Fire,SUMSEL,3013,2019,2019:3013,2019,3011,379447,0.18090951425875446,413.0,False,False,-7.0,2,NOAA20,2019-09-18 07:07:00
103.573989868,-1.25930690765,2019-09-18 14:00:00,LAPAN,Aqua,Verified Fire,JAMBI SMF,3030,2019,2019:3030,2019,3028,379215,0.4849691964887692,413.0,False,False,-7.0,1,NOAA20,2019-09-18 07:07:00
103.996269226,-1.95634007454,2019-09-18 14:00:00,LAPAN,Aqua,Verified Fire,SUMSEL MUBA,3041,2019,2019:3041,2019,3039,379257,0.21525631781674767,413.0,False,False,-7.0,1,NOAA20,2019-09-18 07:07:00
103.605079651,-1.38503742218,2019-09-18 14:00:00,LAPAN,Aqua,Verified Fire,JAMBI SMF,3047,2019,2019:3047,2019,3045,379984,0.1118322772659734,413.0,False,False,-7.0,2,NOAA20,2019-09-18 07:07:00
103.60210419,-1.37183452,2019-09-19 01:00:00,LAPAN,Aqua,Verified Fire,JAMBI SMF,3072,2019,2019:3072,2019,3070,381015,0.27891308097527157,412.0,False,False,-8.0,4,NOAA20,2019-09-18 18:08:00
103.59017944,-1.16155183,2019-09-19 01:00:00,LAPAN,Aqua,Verified Fire,JAMBI SMF,3073,2019,2019:3073,2019,3071,381529,0.27902507579133157,412.0,False,False,-8.0,4,NOAA20,2019-09-18 18:08:00
103.59357452,-1.37881041,2019-09-19 01:00:00,LAPAN,Aqua,Verified Fire,JAMBI SMF,3074,2019,2019:3074,2019,3072,381002,0.27774840004027307,412.0,False,False,-8.0,3,NOAA20,2019-09-18 18:08:00
103.60800171,-1.38111949,2019-09-19 01:00:00,LAPAN,Aqua,Verified Fire,JAMBI SMF,3075,2019,2019:3075,2019,3073,380990,0.27875139407351557,412.0,False,False,-8.0,4,NOAA20,2019-09-18 18:08:00
104.00140381,-1.9747535,2019-09-19 13:00:00,LAPAN,SNPP,Fire inside Sitrep,SUMSEL MUBA,3087,2019,2019:3087,2019,3085,387731,0.3349270962493436,372.0,False,False,-48.0,2,NOAA20,2019-09-19 06:48:00
103.95809174,-1.9653126,2019-09-19 13:00:00,LAPAN,SNPP,Verified No fire,SUMSEL MUBA,3088,2019,2019:3088,2019,3086,387706,0.3317697355855931,372.0,False,False,-48.0,4,NOAA20,2019-09-19 06:48:00
105.33282471,-3.11533284,2019-09-19 13:00:00,LAPAN,SNPP,Verified Fire,SUMSEL,3091,2019,2019:3091,2019,3089,388370,0.3084425649770383,372.0,False,False,-48.0,1,NOAA20,2019-09-19 06:48:00
105.30888367,-3.11909103,2019-09-19 13:00:00,LAPAN,SNPP,Verified Fire,SUMSEL,3092,2019,2019:3092,2019,3090,52876,0.2579157666618399,409.0,False,False,-11.0,3,Aqua,2019-09-19 06:11:00
105.30158997,-2.69646335,2019-09-19 13:00:00,LAPAN,SNPP,Verified Fire,SUMSEL,3096,2019,2019:3096,2019,3094,388121,0.2777243392541233,372.0,False,False,-48.0,3,NOAA20,2019-09-19 06:48:00
105.45590973,-3.75375748,2019-09-19 13:00:00,LAPAN,SNPP,Verified Fire,SUMSEL,3098,2019,2019:3098,2019,3096,388740,0.27370819211275943,372.0,False,False,-48.0,1,NOAA20,2019-09-19 06:48:00
103.84190369,-2.01593494,2019-09-19 13:00:00,LAPAN,SNPP,Verified Fire,SUMSEL MUBA,3101,2019,2019:3101,2019,3099,387738,0.36088554965172603,372.0,False,False,-48.0,2,NOAA20,2019-09-19 06:48:00
104.12601471,-1.72201955,2019-09-19 13:00:00,LAPAN,SNPP,Fire inside Sitrep,SUMSEL MUBA,3104,2019,2019:3104,2019,3102,387553,0.2926168353325478,372.0,False,False,-48.0,2,NOAA20,2019-09-19 06:48:00
104.14038086,-1.68575168,2019-09-19 13:00:00,LAPAN,SNPP,Fire inside Sitrep,SUMSEL MUBA,3114,2019,2019:3114,2019,3112,387516,0.2784966286812952,372.0,False,False,-48.0,1,NOAA20,2019-09-19 06:48:00
103.96949768,-1.97163546,2019-09-19 13:00:00,LAPAN,SNPP,Fire inside Sitrep,SUMSEL MUBA,3116,2019,2019:3116,2019,3114,387711,0.35803756324820535,372.0,False,False,-48.0,3,NOAA20,2019-09-19 06:48:00
105.73177338,-3.70137119,2019-09-19 13:00:00,LAPAN,SNPP,Verified Fire,SUMSEL,3123,2019,2019:3123,2019,3121,53278,0.17648276262309792,409.0,False,False,-11.0,2,Aqua,2019-09-19 06:11:00
105.3997879,-3.23345351,2019-09-19 13:00:00,LAPAN,SNPP,Verified Fire,SUMSEL,3125,2019,2019:3125,2019,3123,388410,0.36514516622015103,372.0,False,False,-48.0,2,NOAA20,2019-09-19 06:48:00
103.93663788,-1.95700645,2019-09-20 00:00:00,LAPAN,SNPP,Verified No fire,SUMSEL MUBA,3194,2019,2019:3194,2019,3192,393938,0.30701710683138517,370.0,False,False,-50.0,4,NOAA20,2019-09-19 17:50:00
103.96469879,-1.96153104,2019-09-20 00:00:00,LAPAN,SNPP,Verified No fire,SUMSEL MUBA,3195,2019,2019:3195,2019,3193,393948,0.30534550276026107,370.0,False,False,-50.0,4,NOAA20,2019-09-19 17:50:00
103.99951935,-1.96714914,2019-09-20 00:00:00,LAPAN,SNPP,Fire inside Sitrep,SUMSEL MUBA,3196,2019,2019:3196,2019,3194,393945,0.30526598998370963,370.0,False,False,-50.0,2,NOAA20,2019-09-19 17:50:00
103.97576141,-1.98143399,2019-09-20 00:00:00,LAPAN,SNPP,Fire inside Sitrep,SUMSEL MUBA,3197,2019,2019:3197,2019,3195,393998,0.32189634385510296,370.0,False,False,-50.0,3,NOAA20,2019-09-19 17:50:00
103.96985626,-1.9735291,2019-09-20 00:00:00,LAPAN,SNPP,Fire inside Sitrep,SUMSEL MUBA,3198,2019,2019:3198,2019,3196,393970,0.3047495302410136,370.0,False,False,-50.0,4,NOAA20,2019-09-19 17:50:00
103.95953369,-1.94952083,2019-09-20 00:00:00,LAPAN,SNPP,Verified No fire,SUMSEL MUBA,3199,2019,2019:3199,2019,3197,393916,0.30560483688210854,370.0,False,False,-50.0,4,NOAA20,2019-09-19 17:50:00
103.98383331,-1.97577417,2019-09-20 00:00:00,LAPAN,SNPP,Fire inside Sitrep,SUMSEL MUBA,3200,2019,2019:3200,2019,3198,393974,0.30378170910754715,370.0,False,False,-50.0,5,NOAA20,2019-09-19 17:50:00
104.12536621,-1.71709692,2019-09-20 00:00:00,LAPAN,SNPP,Fire inside Sitrep,SUMSEL MUBA,3201,2019,2019:3201,2019,3199,393555,0.30195648446891726,370.0,False,False,-50.0,3,NOAA20,2019-09-19 17:50:00
103.5721817,-1.26628745,2019-09-20 00:00:00,LAPAN,SNPP,Verified Fire,JAMBI SMF,3202,2019,2019:3202,2019,3200,394632,0.034933360162300905,370.0,False,False,-50.0,5,NOAA20,2019-09-19 17:50:00
103.94551086,-1.94724405,2019-09-20 00:00:00,LAPAN,SNPP,Verified No fire,SUMSEL MUBA,3203,2019,2019:3203,2019,3201,393912,0.3066214785180295,370.0,False,False,-50.0,4,NOAA20,2019-09-19 17:50:00
104.00144958,-1.95631003,2019-09-20 00:00:00,LAPAN,SNPP,Verified No fire,SUMSEL MUBA,3204,2019,2019:3204,2019,3202,393918,0.30423702166249006,370.0,False,False,-50.0,4,NOAA20,2019-09-19 17:50:00
103.99774933,-1.9780134,2019-09-20 00:00:00,LAPAN,SNPP,Fire inside Sitrep,SUMSEL MUBA,3205,2019,2019:3205,2019,3203,393983,0.302852880646219,370.0,False,False,-50.0,3,NOAA20,2019-09-19 17:50:00
103.59545898,-1.37715125,2019-09-20 00:00:00,LAPAN,SNPP,Verified Fire,JAMBI SMF,3206,2019,2019:3206,2019,3204,394889,0.16259159469883167,370.0,False,False,-50.0,6,NOAA20,2019-09-19 17:50:00
103.98749542,-1.95405293,2019-09-20 00:00:00,LAPAN,SNPP,Fire inside Sitrep,SUMSEL MUBA,3207,2019,2019:3207,2019,3205,393906,0.30584977240434846,370.0,False,False,-50.0,3,NOAA20,2019-09-19 17:50:00
103.94888306,-1.97016108,2019-09-20 00:00:00,LAPAN,SNPP,Fire inside Sitrep,SUMSEL MUBA,3208,2019,2019:3208,2019,3206,393967,0.30511592134095405,370.0,False,False,-50.0,2,NOAA20,2019-09-19 17:50:00
103.95069122,-1.95927095,2019-09-20 00:00:00,LAPAN,SNPP,Fire inside Sitrep,SUMSEL MUBA,3209,2019,2019:3209,2019,3207,393954,0.34252792843464935,370.0,False,False,-50.0,2,NOAA20,2019-09-19 17:50:00
103.96136475,-1.93863261,2019-09-20 00:00:00,LAPAN,SNPP,Verified No fire,SUMSEL MUBA,3210,2019,2019:3210,2019,3208,393896,0.3047522982348048,370.0,False,False,-50.0,3,NOAA20,2019-09-19 17:50:00
106.01512909,-3.22840619,2019-09-20 13:00:00,LAPAN,SNPP,Verified Fire,SUMSEL,3314,2019,2019:3314,2019,3312,396693,0.2365816319942225,391.0,False,False,-29.0,3,NOAA20,2019-09-20 06:29:00
106.021781921,-3.240234375,2019-09-20 13:00:00,LAPAN,Aqua,Verified Fire,SUMSEL,3315,2019,2019:3315,2019,3313,396678,0.4935997777601356,391.0,False,False,-29.0,1,NOAA20,2019-09-20 06:29:00
106.02349854,-3.23409271,2019-09-20 13:00:00,LAPAN,SNPP,Verified Fire,SUMSEL,3316,2019,2019:3316,2019,3314,396678,0.2368590633134465,391.0,False,False,-29.0,2,NOAA20,2019-09-20 06:29:00
103.99452972,-1.94797826,2019-09-20 13:00:00,LAPAN,SNPP,Verified No fire,SUMSEL MUBA,3317,2019,2019:3317,2019,3315,398195,0.23366979263274698,390.0,False,False,-30.0,1,NOAA20,2019-09-20 06:30:00
105.52659607,-3.26884794,2019-09-20 13:00:00,LAPAN,SNPP,Verified Fire,SUMSEL,3318,2019,2019:3318,2019,3316,396731,0.2731906570911564,391.0,False,False,-29.0,1,NOAA20,2019-09-20 06:29:00
103.94543457,-1.94865239,2019-09-20 13:00:00,LAPAN,SNPP,Fire inside Sitrep,SUMSEL MUBA,3320,2019,2019:3320,2019,3318,398198,0.23104812843170414,390.0,False,False,-30.0,1,NOAA20,2019-09-20 06:30:00
103.95600128,-1.96770811,2019-09-20 13:00:00,LAPAN,SNPP,Fire inside Sitrep,SUMSEL MUBA,3323,2019,2019:3323,2019,3321,398182,0.21979499605464642,390.0,False,False,-30.0,3,NOAA20,2019-09-20 06:30:00
105.45759583,-3.75492716,2019-09-20 13:00:00,LAPAN,SNPP,Verified Fire,SUMSEL,3332,2019,2019:3332,2019,3330,396290,0.244783414928188,391.0,False,False,-29.0,1,NOAA20,2019-09-20 06:29:00
105.44850922,-3.74262786,2019-09-20 13:00:00,LAPAN,SNPP,Verified Fire,SUMSEL,3335,2019,2019:3335,2019,3333,396307,0.2442640427369213,391.0,False,False,-29.0,2,NOAA20,2019-09-20 06:29:00
105.47270203,-3.71152997,2019-09-20 13:00:00,LAPAN,SNPP,Verified Fire,SUMSEL,3337,2019,2019:3337,2019,3335,55219,0.10821803460153391,366.0,False,False,-54.0,4,Aqua,2019-09-20 06:54:00
105.87529755,-3.85985136,2019-09-20 13:00:00,LAPAN,SNPP,Verified Fire,SUMSEL,3338,2019,2019:3338,2019,3336,396133,0.23637390272147607,391.0,False,False,-29.0,2,NOAA20,2019-09-20 06:29:00
105.46694183,-3.81421208,2019-09-20 13:00:00,LAPAN,SNPP,Verified Fire,SUMSEL,3340,2019,2019:3340,2019,3338,396228,0.26625905939406547,391.0,False,False,-29.0,3,NOAA20,2019-09-20 06:29:00
103.9543,-1.9608,2019-09-20 13:00:00,ASMC,NOAA20,Fire inside Sitrep,SUMSEL MUBA,3342,2019,2019:3342,2019,3340,55323,0.45007377205120697,366.0,False,False,-54.0,1,Aqua,2019-09-20 06:54:00
104.139907837,-1.69002592564,2019-09-20 13:00:00,LAPAN,Aqua,Fire inside Sitrep,SUMSEL MUBA,3350,2019,2019:3350,2019,3348,398417,0.37685238765838036,390.0,False,False,-30.0,2,NOAA20,2019-09-20 06:30:00
104.09796143,-1.70837283,2019-09-20 13:00:00,LAPAN,SNPP,Fire inside Sitrep,SUMSEL MUBA,3355,2019,2019:3355,2019,3353,398433,0.23910092110123904,390.0,False,False,-30.0,3,NOAA20,2019-09-20 06:30:00
105.52151489,-3.2833724,2019-09-20 13:00:00,LAPAN,SNPP,Verified Fire,SUMSEL,3362,2019,2019:3362,2019,3360,396721,0.2734976417815124,391.0,False,False,-29.0,1,NOAA20,2019-09-20 06:29:00
103.84313965,-2.01184011,2019-09-20 13:00:00,LAPAN,SNPP,Verified Fire,SUMSEL MUBA,3364,2019,2019:3364,2019,3362,398153,0.2182781116124262,390.0,False,False,-30.0,3,NOAA20,2019-09-20 06:30:00
103.97171783,-1.97884965,2019-09-20 13:00:00,LAPAN,SNPP,Fire inside Sitrep,SUMSEL MUBA,3366,2019,2019:3366,2019,3364,55320,0.1721332243112041,366.0,False,False,-54.0,3,Aqua,2019-09-20 06:54:00
103.96115875,-1.95979297,2019-09-20 13:00:00,LAPAN,SNPP,Fire inside Sitrep,SUMSEL MUBA,3367,2019,2019:3367,2019,3365,398192,0.3050868778163333,390.0,False,False,-30.0,2,NOAA20,2019-09-20 06:30:00
103.947555542,-1.97131490707,2019-09-20 13:00:00,LAPAN,Aqua,Fire inside Sitrep,SUMSEL MUBA,3368,2019,2019:3368,2019,3366,398184,0.46979745556903174,390.0,False,False,-30.0,1,NOAA20,2019-09-20 06:30:00
105.470161438,-3.81503367424,2019-09-20 13:00:00,LAPAN,Aqua,Verified Fire,SUMSEL,3371,2019,2019:3371,2019,3369,396228,0.1383449550411972,391.0,False,False,-29.0,6,NOAA20,2019-09-20 06:29:00
105.47467804,-3.72493029,2019-09-20 13:00:00,LAPAN,SNPP,Verified Fire,SUMSEL,3373,2019,2019:3373,2019,3371,55226,0.2360697746948359,366.0,False,False,-54.0,3,Aqua,2019-09-20 06:54:00
105.62677002,-3.8651886,2019-09-20 13:00:00,LAPAN,SNPP,Verified Fire,SUMSEL,3374,2019,2019:3374,2019,3372,396164,0.2785938121457462,391.0,False,False,-29.0,2,NOAA20,2019-09-20 06:29:00
103.20160675,-2.33938575,2019-09-20 13:00:00,LAPAN,SNPP,Verified No fire,SUMSEL MUBA,3392,2019,2019:3392,2019,3390,397822,0.2842932695524771,391.0,False,False,-29.0,2,NOAA20,2019-09-20 06:29:00
105.51745605,-3.25650692,2019-09-20 13:00:00,LAPAN,SNPP,Verified Fire,SUMSEL,3406,2019,2019:3406,2019,3404,396738,0.28068361246174844,391.0,False,False,-29.0,3,NOAA20,2019-09-20 06:29:00
103.99233246,-1.97572637,2019-09-20 13:00:00,LAPAN,SNPP,Fire inside Sitrep,SUMSEL MUBA,3409,2019,2019:3409,2019,3407,398161,0.22127366248144684,390.0,False,False,-30.0,3,NOAA20,2019-09-20 06:30:00
101.95819855,-1.07390845,2019-09-20 13:00:00,LAPAN,SNPP,Verified Fire,JAMBI SMF,3412,2019,2019:3412,2019,3410,55426,0.0685903219451511,365.0,False,False,-55.0,1,Aqua,2019-09-20 06:55:00
105.28553772,-2.70220184,2019-09-20 13:00:00,LAPAN,SNPP,Verified No fire,SUMSEL,3413,2019,2019:3413,2019,3411,397151,0.24183639416520414,391.0,False,False,-29.0,1,NOAA20,2019-09-20 06:29:00
105.65087891,-3.31866598,2019-09-20 13:00:00,LAPAN,SNPP,Verified Fire,SUMSEL,3418,2019,2019:3418,2019,3416,396661,0.2853717089177751,391.0,False,False,-29.0,2,NOAA20,2019-09-20 06:29:00
105.88352203,-3.86548924,2019-09-20 13:00:00,LAPAN,SNPP,Verified Fire,SUMSEL,3425,2019,2019:3425,2019,3423,396130,0.2696085881542315,391.0,False,False,-29.0,2,NOAA20,2019-09-20 06:29:00
105.26457977,-2.84822941,2019-09-20 13:00:00,LAPAN,SNPP,Verified Fire,SUMSEL,3426,2019,2019:3426,2019,3424,397046,0.2551955150255739,391.0,False,False,-29.0,2,NOAA20,2019-09-20 06:29:00
103.94741058,-1.96187449,2019-09-20 13:00:00,LAPAN,SNPP,Fire inside Sitrep,SUMSEL MUBA,3431,2019,2019:3431,2019,3429,55321,0.1737755891469198,366.0,False,False,-54.0,4,Aqua,2019-09-20 06:54:00
104.1265,-1.7108,2019-09-20 13:00:00,ASMC,NOAA20,Fire inside Sitrep,SUMSEL MUBA,3435,2019,2019:3435,2019,3433,55359,0.49773215647846136,366.0,False,False,-54.0,1,Aqua,2019-09-20 06:54:00
105.6284256,-3.2669611,2019-09-20 13:00:00,LAPAN,SNPP,Verified Fire,SUMSEL,3438,2019,2019:3438,2019,3436,396720,0.3141751648700682,391.0,False,False,-29.0,1,NOAA20,2019-09-20 06:29:00
104.13135529,-1.69655108,2019-09-20 13:00:00,LAPAN,SNPP,Fire inside Sitrep,SUMSEL MUBA,3440,2019,2019:3440,2019,3438,398423,0.29733417564618553,390.0,False,False,-30.0,1,NOAA20,2019-09-20 06:30:00
103.95329285,-1.95422256,2019-09-20 13:00:00,LAPAN,SNPP,Fire inside Sitrep,SUMSEL MUBA,3443,2019,2019:3443,2019,3441,398196,0.2575538485536544,390.0,False,False,-30.0,1,NOAA20,2019-09-20 06:30:00
105.65687561,-3.63658905,2019-09-20 13:00:00,LAPAN,SNPP,Verified Fire,SUMSEL,3447,2019,2019:3447,2019,3445,396377,0.250718898294837,391.0,False,False,-29.0,1,NOAA20,2019-09-20 06:29:00
105.45276642,-2.56130958,2019-09-20 13:00:00,LAPAN,SNPP,Verified No fire,SUMSEL,3449,2019,2019:3449,2019,3447,397236,0.2515071289106388,391.0,False,False,-29.0,2,NOAA20,2019-09-20 06:29:00
103.39951324,-2.47245169,2019-09-20 13:00:00,LAPAN,SNPP,Verified No fire,SUMSEL MUBA,3450,2019,2019:3450,2019,3448,397700,0.2614726778546975,391.0,False,False,-29.0,1,NOAA20,2019-09-20 06:29:00
105.32185364,-3.71419024,2019-09-20 13:00:00,LAPAN,SNPP,Verified Fire,SUMSEL,3455,2019,2019:3455,2019,3453,396359,0.2684507336993242,391.0,False,False,-29.0,2,NOAA20,2019-09-20 06:29:00
105.29968262,-2.70004582,2019-09-20 13:00:00,LAPAN,SNPP,Verified Fire,SUMSEL,3458,2019,2019:3458,2019,3456,397150,0.2426991860518985,391.0,False,False,-29.0,3,NOAA20,2019-09-20 06:29:00
105.65776062,-3.63779449463,2019-09-20 13:00:00,LAPAN,Aqua,Verified Fire,SUMSEL,3459,2019,2019:3459,2019,3457,396377,0.2599721639497232,391.0,False,False,-29.0,1,NOAA20,2019-09-20 06:29:00
103.944541931,-1.95063555241,2019-09-20 13:00:00,LAPAN,Aqua,Fire inside Sitrep,SUMSEL MUBA,3462,2019,2019:3462,2019,3460,398198,0.04462430663719419,390.0,False,False,-30.0,1,NOAA20,2019-09-20 06:30:00
105.48985291,-3.72945142,2019-09-20 13:00:00,LAPAN,SNPP,Verified Fire,SUMSEL,3465,2019,2019:3465,2019,3463,396315,0.2414500578775578,391.0,False,False,-29.0,1,NOAA20,2019-09-20 06:29:00
105.46662903,-3.71931171,2019-09-20 13:00:00,LAPAN,SNPP,Verified Fire,SUMSEL,3466,2019,2019:3466,2019,3464,396328,0.2712983497177754,391.0,False,False,-29.0,2,NOAA20,2019-09-20 06:29:00
105.19806671,-3.10887098,2019-09-20 13:00:00,LAPAN,SNPP,Verified Fire,SUMSEL,3468,2019,2019:3468,2019,3466,397630,0.2779216185925718,391.0,False,False,-29.0,2,NOAA20,2019-09-20 06:29:00
102.92315674,-0.86831504,2019-09-20 13:00:00,LAPAN,SNPP,Verified Fire,JAMBI SMF,3469,2019,2019:3469,2019,3467,398697,0.3151599978501022,390.0,False,False,-30.0,1,NOAA20,2019-09-20 06:30:00
104.113220215,-1.73126935959,2019-09-20 13:00:00,LAPAN,Aqua,Fire inside Sitrep,SUMSEL MUBA,3472,2019,2019:3472,2019,3470,398501,0.38074321500864866,390.0,False,False,-30.0,1,NOAA20,2019-09-20 06:30:00
101.9582,-1.0739,2019-09-20 13:00:00,ASMC,NOAA20,Verified Fire,JAMBI SMF,3474,2019,2019:3474,2019,3472,55426,0.06763700587838174,365.0,False,False,-55.0,1,Aqua,2019-09-20 06:55:00
104.1274,-1.7174,2019-09-20 13:00:00,ASMC,NOAA20,Fire inside Sitrep,SUMSEL MUBA,3475,2019,2019:3475,2019,3473,55356,0.40277788940847026,366.0,False,False,-54.0,1,Aqua,2019-09-20 06:54:00
103.96974182,-1.9656266,2019-09-20 13:00:00,LAPAN,SNPP,Fire inside Sitrep,SUMSEL MUBA,3477,2019,2019:3477,2019,3475,398179,0.2205885006303614,390.0,False,False,-30.0,1,NOAA20,2019-09-20 06:30:00
104.14412689,-1.68785203,2019-09-20 13:00:00,LAPAN,SNPP,Fire inside Sitrep,SUMSEL MUBA,3485,2019,2019:3485,2019,3483,398418,0.2661452337904952,390.0,False,False,-30.0,1,NOAA20,2019-09-20 06:30:00
103.97958374,-1.9844203,2019-09-20 13:00:00,LAPAN,SNPP,Verified No fire,SUMSEL MUBA,3487,2019,2019:3487,2019,3485,398159,0.31617239037198813,390.0,False,False,-30.0,1,NOAA20,2019-09-20 06:30:00
102.92850494,-0.86420435,2019-09-21 13:00:00,LAPAN,SNPP,Verified No fire,JAMBI SMF,3614,2019,2019:3614,2019,3612,405869,0.30681736557056716,409.0,False,False,-11.0,1,NOAA20,2019-09-21 06:11:00
105.62890625,-3.86215305,2019-09-21 13:00:00,LAPAN,SNPP,Verified Fire,SUMSEL,3615,2019,2019:3615,2019,3613,404419,0.2654665334905317,410.0,False,False,-10.0,1,NOAA20,2019-09-21 06:10:00
105.65300751,-3.46611404,2019-09-21 13:00:00,LAPAN,SNPP,Verified Fire,SUMSEL,3616,2019,2019:3616,2019,3614,403952,0.2530730593638323,410.0,False,False,-10.0,1,NOAA20,2019-09-21 06:10:00
105.45567322,-3.76457572,2019-09-21 13:00:00,LAPAN,SNPP,Verified Fire,SUMSEL,3617,2019,2019:3617,2019,3615,404259,0.2993335332337518,410.0,False,False,-10.0,1,NOAA20,2019-09-21 06:10:00
105.29553986,-3.10817719,2019-09-21 13:00:00,LAPAN,SNPP,Verified Fire,SUMSEL,3619,2019,2019:3619,2019,3617,403725,0.35876408553707456,410.0,False,False,-10.0,1,NOAA20,2019-09-21 06:10:00
103.95424652,-1.96778882,2019-09-21 13:00:00,LAPAN,SNPP,Fire inside Sitrep,SUMSEL MUBA,3632,2019,2019:3632,2019,3630,405288,0.1303484024715615,409.0,False,False,-11.0,5,NOAA20,2019-09-21 06:11:00
103.96440887,-1.94721758,2019-09-21 13:00:00,LAPAN,SNPP,Fire inside Sitrep,SUMSEL MUBA,3633,2019,2019:3633,2019,3631,405314,0.39075183504002997,409.0,False,False,-11.0,2,NOAA20,2019-09-21 06:11:00
103.43940735,-2.30100274,2019-09-21 13:00:00,LAPAN,SNPP,Fire inside Sitrep,SUMSEL MUBA,3639,2019,2019:3639,2019,3637,405082,0.2536845838084931,409.0,False,False,-11.0,1,NOAA20,2019-09-21 06:11:00
105.48421478,-3.77546048,2019-09-21 13:00:00,LAPAN,SNPP,Verified Fire,SUMSEL,3640,2019,2019:3640,2019,3638,404273,0.35543022944381897,410.0,False,False,-10.0,2,NOAA20,2019-09-21 06:10:00
105.44606018,-3.62743187,2019-09-21 13:00:00,LAPAN,SNPP,Verified Fire,SUMSEL,3641,2019,2019:3641,2019,3639,404143,0.353703303860378,410.0,False,False,-10.0,1,NOAA20,2019-09-21 06:10:00
105.33856201,-3.69662762,2019-09-21 13:00:00,LAPAN,SNPP,Verified Fire,SUMSEL,3642,2019,2019:3642,2019,3640,404185,0.3572937381602852,410.0,False,False,-10.0,1,NOAA20,2019-09-21 06:10:00
105.34169769,-3.11647105,2019-09-21 13:00:00,LAPAN,SNPP,Verified Fire,SUMSEL,3644,2019,2019:3644,2019,3642,403731,0.2978279472166987,410.0,False,False,-10.0,1,NOAA20,2019-09-21 06:10:00
103.99364471,-1.95394766,2019-09-21 13:00:00,LAPAN,SNPP,Verified No fire,SUMSEL MUBA,3646,2019,2019:3646,2019,3644,405301,0.15574719889661362,409.0,False,False,-11.0,6,NOAA20,2019-09-21 06:11:00
105.47475433,-3.31331587,2019-09-21 13:00:00,LAPAN,SNPP,Verified Fire,SUMSEL,3650,2019,2019:3650,2019,3648,403854,0.2564793098570784,410.0,False,False,-10.0,1,NOAA20,2019-09-21 06:10:00
103.98703766,-1.97916341,2019-09-21 13:00:00,LAPAN,SNPP,Fire inside Sitrep,SUMSEL MUBA,3670,2019,2019:3670,2019,3668,405234,0.29389336061467974,409.0,False,False,-11.0,4,NOAA20,2019-09-21 06:11:00
103.99714661,-1.97767043,2019-09-21 13:00:00,LAPAN,SNPP,Fire inside Sitrep,SUMSEL MUBA,3671,2019,2019:3671,2019,3669,405239,0.3344800520105947,409.0,False,False,-11.0,2,NOAA20,2019-09-21 06:11:00
103.55034637,-2.00191092,2019-09-21 13:00:00,LAPAN,SNPP,Fire inside Sitrep,SUMSEL MUBA,3675,2019,2019:3675,2019,3673,405319,0.25778666867905076,409.0,False,False,-11.0,1,NOAA20,2019-09-21 06:11:00
103.6258316,-2.11520028,2019-09-21 13:00:00,LAPAN,SNPP,Fire inside Sitrep,SUMSEL MUBA,3676,2019,2019:3676,2019,3674,405174,0.2902980151034392,409.0,False,False,-11.0,1,NOAA20,2019-09-21 06:11:00
105.51043701,-3.25542498,2019-09-21 13:00:00,LAPAN,SNPP,Verified Fire,SUMSEL,3689,2019,2019:3689,2019,3687,403815,0.2948291937088,410.0,False,False,-10.0,2,NOAA20,2019-09-21 06:10:00
105.50071716,-3.24932384,2019-09-21 13:00:00,LAPAN,SNPP,Verified Fire,SUMSEL,3691,2019,2019:3691,2019,3689,403806,0.25529927407447855,410.0,False,False,-10.0,4,NOAA20,2019-09-21 06:10:00
103.89463806,-2.14168119,2019-09-21 13:00:00,LAPAN,SNPP,Verified Fire,SUMSEL MUBA,3692,2019,2019:3692,2019,3690,405118,0.3450798309635259,409.0,False,False,-11.0,1,NOAA20,2019-09-21 06:11:00
103.93384552,-1.97076547,2019-09-21 13:00:00,LAPAN,SNPP,Fire inside Sitrep,SUMSEL MUBA,3693,2019,2019:3693,2019,3691,405264,0.2981307188212519,409.0,False,False,-11.0,3,NOAA20,2019-09-21 06:11:00
103.97452545,-1.94567931,2019-09-21 13:00:00,LAPAN,SNPP,Verified Fire,SUMSEL MUBA,3694,2019,2019:3694,2019,3692,405313,0.310465902472868,409.0,False,False,-11.0,1,NOAA20,2019-09-21 06:11:00
103.69200897,-2.40488887,2019-09-21 13:00:00,LAPAN,SNPP,Verified No fire,SUMSEL MUBA,3703,2019,2019:3703,2019,3701,405024,0.25562118980430953,409.0,False,False,-11.0,2,NOAA20,2019-09-21 06:11:00
103.90032196,-2.13267589,2019-09-21 13:00:00,LAPAN,SNPP,Verified Fire,SUMSEL MUBA,3704,2019,2019:3704,2019,3702,405122,0.2486406487534516,409.0,False,False,-11.0,1,NOAA20,2019-09-21 06:11:00
103.94409943,-1.95031118,2019-09-21 13:00:00,LAPAN,SNPP,Fire inside Sitrep,SUMSEL MUBA,3705,2019,2019:3705,2019,3703,405310,0.39464162572367,409.0,False,False,-11.0,1,NOAA20,2019-09-21 06:11:00
103.97690582,-1.98065352,2019-09-21 13:00:00,LAPAN,SNPP,Verified No fire,SUMSEL MUBA,3714,2019,2019:3714,2019,3712,405236,0.29603314600590863,409.0,False,False,-11.0,4,NOAA20,2019-09-21 06:11:00
105.4524231,-3.74231744,2019-09-21 13:00:00,LAPAN,SNPP,Verified Fire,SUMSEL,3723,2019,2019:3723,2019,3721,404231,0.2613217501320944,410.0,False,False,-10.0,3,NOAA20,2019-09-21 06:10:00
105.5136795,-3.27748108,2019-09-21 13:00:00,LAPAN,SNPP,Verified Fire,SUMSEL,3727,2019,2019:3727,2019,3725,403832,0.25414395106765786,410.0,False,False,-10.0,1,NOAA20,2019-09-21 06:10:00
104.00837708,-1.98409414,2019-09-21 13:00:00,LAPAN,SNPP,Fire inside Sitrep,SUMSEL MUBA,3731,2019,2019:3731,2019,3729,405226,0.2953553867260054,409.0,False,False,-11.0,3,NOAA20,2019-09-21 06:11:00
105.47868347,-3.79900837,2019-09-21 13:00:00,LAPAN,SNPP,Verified Fire,SUMSEL,3734,2019,2019:3734,2019,3732,404298,0.3566723596809189,410.0,False,False,-10.0,1,NOAA20,2019-09-21 06:10:00
103.07983398,-2.28076267,2019-09-21 13:00:00,LAPAN,SNPP,Verified No fire,SUMSEL MUBA,3739,2019,2019:3739,2019,3737,405114,0.31337109349083897,409.0,False,False,-11.0,1,NOAA20,2019-09-21 06:11:00
103.93508911,-1.95979369,2019-09-21 13:00:00,LAPAN,SNPP,Fire inside Sitrep,SUMSEL MUBA,3741,2019,2019:3741,2019,3739,405300,0.3945658102033726,409.0,False,False,-11.0,2,NOAA20,2019-09-21 06:11:00
105.74900818,-3.78443456,2019-09-21 13:00:00,LAPAN,SNPP,Verified Fire,SUMSEL,3745,2019,2019:3745,2019,3743,404343,0.26235962135637025,410.0,False,False,-10.0,1,NOAA20,2019-09-21 06:10:00
105.47692108,-3.32805347,2019-09-21 13:00:00,LAPAN,SNPP,Verified Fire,SUMSEL,3750,2019,2019:3750,2019,3748,403199,0.29422683209201383,410.0,False,False,-10.0,2,NOAA20,2019-09-21 06:10:00
103.19986725,-2.39644361,2019-09-21 13:00:00,LAPAN,SNPP,Verified No fire,SUMSEL MUBA,3752,2019,2019:3752,2019,3750,405061,0.3063874031526811,409.0,False,False,-11.0,1,NOAA20,2019-09-21 06:11:00
103.89228821,-2.12572455,2019-09-21 13:00:00,LAPAN,SNPP,Verified Fire,SUMSEL MUBA,3753,2019,2019:3753,2019,3751,405130,0.2495642929796313,409.0,False,False,-11.0,2,NOAA20,2019-09-21 06:11:00
105.52340698,-3.28355193,2019-09-21 13:00:00,LAPAN,SNPP,Verified Fire,SUMSEL,3758,2019,2019:3758,2019,3756,403837,0.29539081692561536,410.0,False,False,-10.0,2,NOAA20,2019-09-21 06:10:00
105.62083435,-3.23185563,2019-09-21 13:00:00,LAPAN,SNPP,Verified Fire,SUMSEL,3760,2019,2019:3760,2019,3758,403788,0.19125981432518466,410.0,False,False,-10.0,2,NOAA20,2019-09-21 06:10:00
105.64759827,-3.55280185,2019-09-21 13:00:00,LAPAN,SNPP,Verified Fire,SUMSEL,3762,2019,2019:3762,2019,3760,404080,0.24541978367470257,410.0,False,False,-10.0,3,NOAA20,2019-09-21 06:10:00
103.97059631,-2.17089248,2019-09-21 13:00:00,LAPAN,SNPP,Fire inside Sitrep,SUMSEL MUBA,3763,2019,2019:3763,2019,3761,405103,0.3379401800952796,409.0,False,False,-11.0,2,NOAA20,2019-09-21 06:11:00
103.94406128,-1.96927369,2019-09-21 13:00:00,LAPAN,SNPP,Fire inside Sitrep,SUMSEL MUBA,3764,2019,2019:3764,2019,3762,405263,0.2971291048339662,409.0,False,False,-11.0,4,NOAA20,2019-09-21 06:11:00
103.45618439,-2.24359584,2019-09-22 12:00:00,LAPAN,SNPP,Verified Fire,SUMSEL MUBA,3958,2019,2019:3958,2019,3956,412163,0.1988847816589054,368.0,False,False,-52.0,3,NOAA20,2019-09-22 05:52:00
105.28609467,-2.70633841,2019-09-22 12:00:00,LAPAN,SNPP,Verified No fire,SUMSEL,3960,2019,2019:3960,2019,3958,412642,0.43410458213146635,368.0,False,False,-52.0,1,NOAA20,2019-09-22 05:52:00
105.52071381,-3.27507496,2019-09-22 12:00:00,LAPAN,SNPP,Verified Fire,SUMSEL,3962,2019,2019:3962,2019,3960,410780,0.31291514475720805,369.0,False,False,-51.0,3,NOAA20,2019-09-22 05:51:00
105.50476837,-3.24653745,2019-09-22 12:00:00,LAPAN,SNPP,Verified Fire,SUMSEL,3964,2019,2019:3964,2019,3962,410755,0.260627565214588,369.0,False,False,-51.0,3,NOAA20,2019-09-22 05:51:00
105.47264099,-3.31295753,2019-09-22 12:00:00,LAPAN,SNPP,Verified Fire,SUMSEL,3965,2019,2019:3965,2019,3963,410791,0.3147257073889233,369.0,False,False,-51.0,2,NOAA20,2019-09-22 05:51:00
105.61592865,-3.57323074,2019-09-22 12:00:00,LAPAN,SNPP,Verified Fire,SUMSEL,3966,2019,2019:3966,2019,3964,410957,0.26705825655325677,369.0,False,False,-51.0,2,NOAA20,2019-09-22 05:51:00
103.00547028,-2.32023787,2019-09-22 12:00:00,LAPAN,SNPP,Verified No fire,SUMSEL MUBA,3968,2019,2019:3968,2019,3966,412160,0.3012911544555995,368.0,False,False,-52.0,2,NOAA20,2019-09-22 05:52:00
103.37602997,-2.48037648,2019-09-22 12:00:00,LAPAN,SNPP,Fire inside Sitrep,SUMSEL MUBA,3970,2019,2019:3970,2019,3968,412330,0.17144410701123336,368.0,False,False,-52.0,3,NOAA20,2019-09-22 05:52:00
103.1913681,-2.38838887,2019-09-22 12:00:00,LAPAN,SNPP,Verified No fire,SUMSEL MUBA,3975,2019,2019:3975,2019,3973,412065,0.35703774706018543,368.0,False,False,-52.0,2,NOAA20,2019-09-22 05:52:00
103.54628754,-2.00218821,2019-09-22 12:00:00,LAPAN,SNPP,Fire inside Sitrep,SUMSEL MUBA,3979,2019,2019:3979,2019,3977,412435,0.34379422920261354,368.0,False,False,-52.0,2,NOAA20,2019-09-22 05:52:00
105.33842468,-3.10751748,2019-09-22 12:00:00,LAPAN,SNPP,Verified Fire,SUMSEL,3980,2019,2019:3980,2019,3978,410716,0.257243104870501,369.0,False,False,-51.0,2,NOAA20,2019-09-22 05:51:00
105.41636658,-2.54875851,2019-09-22 12:00:00,LAPAN,SNPP,Verified No fire,SUMSEL,3983,2019,2019:3983,2019,3981,412607,0.40028385284076834,368.0,False,False,-52.0,1,NOAA20,2019-09-22 05:52:00
105.46479034,-3.79905152,2019-09-22 12:00:00,LAPAN,SNPP,Verified Fire,SUMSEL,3991,2019,2019:3991,2019,3989,411201,0.3943774647425891,369.0,False,False,-51.0,1,NOAA20,2019-09-22 05:51:00
105.34584045,-3.11680388,2019-09-22 12:00:00,LAPAN,SNPP,Verified Fire,SUMSEL,3993,2019,2019:3993,2019,3991,410718,0.3164799766360174,369.0,False,False,-51.0,2,NOAA20,2019-09-22 05:51:00
103.97193909,-1.93788004,2019-09-22 12:00:00,LAPAN,SNPP,Fire inside Sitrep,SUMSEL MUBA,3995,2019,2019:3995,2019,3993,412421,0.2955772841405066,368.0,False,False,-52.0,4,NOAA20,2019-09-22 05:52:00
103.941856384,-1.9573379755,2019-09-22 13:00:00,LAPAN,Aqua,Fire inside Sitrep,SUMSEL MUBA,3999,2019,2019:3999,2019,3997,1102608,0.025581228179038254,377.0,False,False,-43.0,5,SNPP,2019-09-22 06:43:00
103.925231934,-1.96889400482,2019-09-22 13:00:00,LAPAN,Aqua,Verified No fire,SUMSEL MUBA,4014,2019,2019:4014,2019,4012,1102587,0.23926529185825687,377.0,False,False,-43.0,4,SNPP,2019-09-22 06:43:00
102.925834656,-0.86938136816,2019-09-22 13:00:00,LAPAN,Aqua,Verified No fire,JAMBI SMF,4024,2019,2019:4024,2019,4022,1101320,0.3875768401742388,377.0,False,False,-43.0,1,SNPP,2019-09-22 06:43:00
102.879875183,-0.866801738739,2019-09-22 13:00:00,LAPAN,Aqua,Verified No fire,JAMBI SMF,4058,2019,2019:4058,2019,4056,1101313,0.39812733255499916,377.0,False,False,-43.0,1,SNPP,2019-09-22 06:43:00
103.962364197,-1.97273612022,2019-09-22 13:00:00,LAPAN,Aqua,Fire inside Sitrep,SUMSEL MUBA,4106,2019,2019:4106,2019,4104,1102547,0.1005629072290783,377.0,False,False,-43.0,3,SNPP,2019-09-22 06:43:00
103.94316864,-1.96532869,2019-09-23 01:00:00,LAPAN,SNPP,Fire inside Sitrep,SUMSEL MUBA,4123,2019,2019:4123,2019,4121,417325,0.25313951094700193,386.0,False,False,-34.0,4,NOAA20,2019-09-22 18:34:00
105.34165192,-3.10976791,2019-09-23 01:00:00,LAPAN,SNPP,Verified Fire,SUMSEL,4124,2019,2019:4124,2019,4122,418088,0.26390626987003296,386.0,False,False,-34.0,4,NOAA20,2019-09-22 18:34:00
105.6544342,-3.46896958,2019-09-23 01:00:00,LAPAN,SNPP,Verified Fire,SUMSEL,4125,2019,2019:4125,2019,4123,418452,0.2597459380238509,386.0,False,False,-34.0,3,NOAA20,2019-09-22 18:34:00
103.94526672,-1.95175791,2019-09-23 01:00:00,LAPAN,SNPP,Fire inside Sitrep,SUMSEL MUBA,4127,2019,2019:4127,2019,4125,417256,0.2523473791722667,386.0,False,False,-34.0,4,NOAA20,2019-09-22 18:34:00
103.934326172,-1.94946539402,2019-09-23 01:00:00,LAPAN,Aqua,Fire inside Sitrep,SUMSEL MUBA,4128,2019,2019:4128,2019,4126,417251,0.22833864230818743,386.0,False,False,-34.0,4,NOAA20,2019-09-22 18:34:00
103.95768738,-1.96759546,2019-09-23 01:00:00,LAPAN,SNPP,Verified No fire,SUMSEL MUBA,4129,2019,2019:4129,2019,4127,417327,0.25459779975866237,386.0,False,False,-34.0,4,NOAA20,2019-09-22 18:34:00
103.92037201,-1.96871555,2019-09-23 01:00:00,LAPAN,SNPP,Fire inside Sitrep,SUMSEL MUBA,4130,2019,2019:4130,2019,4128,417364,0.2526336309920952,386.0,False,False,-34.0,4,NOAA20,2019-09-22 18:34:00
103.91416931,-1.96081388,2019-09-23 01:00:00,LAPAN,SNPP,Verified No fire,SUMSEL MUBA,4131,2019,2019:4131,2019,4129,417318,0.2534003069780919,386.0,False,False,-34.0,4,NOAA20,2019-09-22 18:34:00
103.911819458,-1.95972728729,2019-09-23 01:00:00,LAPAN,Aqua,Verified No fire,SUMSEL MUBA,4132,2019,2019:4132,2019,4130,417317,0.10884097250490533,386.0,False,False,-34.0,3,NOAA20,2019-09-22 18:34:00
103.932502747,-1.96268308163,2019-09-23 01:00:00,LAPAN,Aqua,Fire inside Sitrep,SUMSEL MUBA,4133,2019,2019:4133,2019,4131,417322,0.18982339272390072,386.0,False,False,-34.0,5,NOAA20,2019-09-22 18:34:00
103.97124481,-1.92799675,2019-09-23 01:00:00,LAPAN,SNPP,Fire inside Sitrep,SUMSEL MUBA,4134,2019,2019:4134,2019,4132,417207,0.3049698010750842,386.0,False,False,-34.0,1,NOAA20,2019-09-22 18:34:00
103.93696594,-1.95741594,2019-09-23 01:00:00,LAPAN,SNPP,Fire inside Sitrep,SUMSEL MUBA,4136,2019,2019:4136,2019,4134,417286,0.253219413601389,386.0,False,False,-34.0,4,NOAA20,2019-09-22 18:34:00
103.974136353,-1.96863186359,2019-09-23 01:00:00,LAPAN,Aqua,Fire inside Sitrep,SUMSEL MUBA,4137,2019,2019:4137,2019,4135,417353,0.3777914895078119,386.0,False,False,-34.0,2,NOAA20,2019-09-22 18:34:00
103.99300385,-1.98005259,2019-09-23 01:00:00,LAPAN,SNPP,Fire inside Sitrep,SUMSEL MUBA,4138,2019,2019:4138,2019,4136,417376,0.25598452820011763,386.0,False,False,-34.0,2,NOAA20,2019-09-22 18:34:00
102.96228027,-0.94237274,2019-09-23 01:00:00,LAPAN,SNPP,Verified No fire,JAMBI SMF,4139,2019,2019:4139,2019,4137,415847,0.2563746996371264,387.0,False,False,-33.0,2,NOAA20,2019-09-22 18:33:00
104.13987732,-1.69806898,2019-09-23 01:00:00,LAPAN,SNPP,Fire inside Sitrep,SUMSEL MUBA,4140,2019,2019:4140,2019,4138,416916,0.2819179082239805,386.0,False,False,-34.0,2,NOAA20,2019-09-22 18:34:00
102.77929688,-1.0291388,2019-09-23 01:00:00,LAPAN,SNPP,Verified No fire,JAMBI SMF,4141,2019,2019:4141,2019,4139,415674,0.21586144828475853,387.0,False,False,-33.0,1,NOAA20,2019-09-22 18:33:00
103.40772247,-2.3975966,2019-09-23 01:00:00,LAPAN,SNPP,Verified No fire,SUMSEL MUBA,4142,2019,2019:4142,2019,4140,417755,0.3200681767688184,386.0,False,False,-34.0,1,NOAA20,2019-09-22 18:34:00
103.388237,-2.47694635,2019-09-23 01:00:00,LAPAN,SNPP,Fire inside Sitrep,SUMSEL MUBA,4143,2019,2019:4143,2019,4141,417797,0.2675894915697821,386.0,False,False,-34.0,3,NOAA20,2019-09-22 18:34:00
103.57541656,-1.26278698,2019-09-23 01:00:00,LAPAN,SNPP,Verified Fire,JAMBI SMF,4144,2019,2019:4144,2019,4142,415570,0.2405080035454682,387.0,False,False,-33.0,4,NOAA20,2019-09-22 18:33:00
103.60484314,-1.37960672379,2019-09-23 01:00:00,LAPAN,Aqua,Verified Fire,JAMBI SMF,4145,2019,2019:4145,2019,4143,415993,0.19208906918391744,386.0,False,False,-34.0,4,NOAA20,2019-09-22 18:34:00
103.17014313,-2.39478254,2019-09-23 01:00:00,LAPAN,SNPP,Verified No fire,SUMSEL MUBA,4146,2019,2019:4146,2019,4144,417778,0.2646444751667674,386.0,False,False,-34.0,3,NOAA20,2019-09-22 18:34:00
103.39428711,-2.48476744,2019-09-23 01:00:00,LAPAN,SNPP,Verified No fire,SUMSEL MUBA,4147,2019,2019:4147,2019,4145,417800,0.28888125084754424,386.0,False,False,-34.0,2,NOAA20,2019-09-22 18:34:00
103.95717621,-1.92143655,2019-09-23 01:00:00,LAPAN,SNPP,Fire inside Sitrep,SUMSEL MUBA,4149,2019,2019:4149,2019,4147,417196,0.2418332412473782,386.0,False,False,-34.0,3,NOAA20,2019-09-22 18:34:00
103.97118378,-1.97664773,2019-09-23 01:00:00,LAPAN,SNPP,Fire inside Sitrep,SUMSEL MUBA,4150,2019,2019:4150,2019,4148,417370,0.2544520002059121,386.0,False,False,-34.0,3,NOAA20,2019-09-22 18:34:00
103.99095917,-1.94494998,2019-09-23 01:00:00,LAPAN,SNPP,Verified No fire,SUMSEL MUBA,4151,2019,2019:4151,2019,4149,417229,0.2834285395341464,386.0,False,False,-34.0,2,NOAA20,2019-09-22 18:34:00
103.92656708,-1.97663498,2019-09-23 01:00:00,LAPAN,SNPP,Verified No fire,SUMSEL MUBA,4152,2019,2019:4152,2019,4150,417398,0.2545948086803806,386.0,False,False,-34.0,2,NOAA20,2019-09-22 18:34:00
103.95757294,-2.16395164,2019-09-23 01:00:00,LAPAN,SNPP,Fire inside Sitrep,SUMSEL MUBA,4153,2019,2019:4153,2019,4151,417462,0.2541344298706066,386.0,False,False,-34.0,4,NOAA20,2019-09-22 18:34:00
103.930671692,-1.97589933872,2019-09-23 01:00:00,LAPAN,Aqua,Verified No fire,SUMSEL MUBA,4154,2019,2019:4154,2019,4152,417399,0.15765196963367226,386.0,False,False,-34.0,4,NOAA20,2019-09-22 18:34:00
105.72202301,-3.78932953,2019-09-23 01:00:00,LAPAN,SNPP,Verified Fire,SUMSEL,4155,2019,2019:4155,2019,4153,418602,0.27658173516569645,386.0,False,False,-34.0,2,NOAA20,2019-09-22 18:34:00
103.95324707,-1.96564733982,2019-09-23 01:00:00,LAPAN,Aqua,Fire inside Sitrep,SUMSEL MUBA,4156,2019,2019:4156,2019,4154,417332,0.1148924246356645,386.0,False,False,-34.0,4,NOAA20,2019-09-22 18:34:00
105.49760437,-3.24273276,2019-09-23 01:00:00,LAPAN,SNPP,Verified Fire,SUMSEL,4157,2019,2019:4157,2019,4155,418290,0.2532886271852988,386.0,False,False,-34.0,2,NOAA20,2019-09-22 18:34:00
103.01572418,-2.32973456,2019-09-23 01:00:00,LAPAN,SNPP,Verified No fire,SUMSEL MUBA,4158,2019,2019:4158,2019,4156,417743,0.28687067811277933,386.0,False,False,-34.0,2,NOAA20,2019-09-22 18:34:00
103.92867279,-1.96306384,2019-09-23 01:00:00,LAPAN,SNPP,Verified No fire,SUMSEL MUBA,4159,2019,2019:4159,2019,4157,417321,0.2524563416518424,386.0,False,False,-34.0,4,NOAA20,2019-09-22 18:34:00
103.98677826,-1.97213173,2019-09-23 01:00:00,LAPAN,SNPP,Fire inside Sitrep,SUMSEL MUBA,4160,2019,2019:4160,2019,4158,417335,0.25613542319130955,386.0,False,False,-34.0,4,NOAA20,2019-09-22 18:34:00
103.955085754,-1.95240938663,2019-09-23 01:00:00,LAPAN,Aqua,Verified No fire,SUMSEL MUBA,4161,2019,2019:4161,2019,4159,417258,0.11551691302579192,386.0,False,False,-34.0,2,NOAA20,2019-09-22 18:34:00
101.95550537,-1.07624364,2019-09-23 01:00:00,LAPAN,SNPP,Verified Fire,JAMBI SMF,4162,2019,2019:4162,2019,4160,415939,0.2696280536868696,386.0,False,False,-34.0,1,NOAA20,2019-09-22 18:34:00
103.96291351,-1.9336586,2019-09-23 01:00:00,LAPAN,SNPP,Fire inside Sitrep,SUMSEL MUBA,4163,2019,2019:4163,2019,4161,417210,0.2554608857989092,386.0,False,False,-34.0,4,NOAA20,2019-09-22 18:34:00
103.92246246,-1.95515919,2019-09-23 01:00:00,LAPAN,SNPP,Verified No fire,SUMSEL MUBA,4164,2019,2019:4164,2019,4162,417282,0.25281922706658244,386.0,False,False,-34.0,4,NOAA20,2019-09-22 18:34:00
105.84127045,-3.79994249,2019-09-23 01:00:00,LAPAN,SNPP,Verified Fire,SUMSEL,4165,2019,2019:4165,2019,4163,418596,0.28311521823579266,386.0,False,False,-34.0,2,NOAA20,2019-09-22 18:34:00
103.59411621,-1.37443542,2019-09-23 01:00:00,LAPAN,SNPP,Verified Fire,JAMBI SMF,4166,2019,2019:4166,2019,4164,415981,0.26730682789733656,386.0,False,False,-34.0,2,NOAA20,2019-09-22 18:34:00
103.60015106,-1.3822329,2019-09-23 01:00:00,LAPAN,SNPP,Verified Fire,JAMBI SMF,4167,2019,2019:4167,2019,4165,416006,0.22912572257251312,386.0,False,False,-34.0,4,NOAA20,2019-09-22 18:34:00
103.35890198,-2.47918582,2019-09-23 01:00:00,LAPAN,SNPP,Verified No fire,SUMSEL MUBA,4168,2019,2019:4168,2019,4166,417803,0.22914076150405147,386.0,False,False,-34.0,2,NOAA20,2019-09-22 18:34:00
103.93487549,-1.97098279,2019-09-23 01:00:00,LAPAN,SNPP,Fire inside Sitrep,SUMSEL MUBA,4169,2019,2019:4169,2019,4167,417368,0.25368371347732693,386.0,False,False,-34.0,4,NOAA20,2019-09-22 18:34:00
104.00759888,-1.98233414,2019-09-23 01:00:00,LAPAN,SNPP,Fire inside Sitrep,SUMSEL MUBA,4170,2019,2019:4170,2019,4168,417383,0.2794313995046679,386.0,False,False,-34.0,2,NOAA20,2019-09-22 18:34:00
104.25737,-1.76901484,2019-09-23 01:00:00,LAPAN,SNPP,Fire inside Sitrep,SUMSEL MUBA,4171,2019,2019:4171,2019,4169,417024,0.26492293792616944,386.0,False,False,-34.0,4,NOAA20,2019-09-22 18:34:00
104.13760376,-1.68979728222,2019-09-23 01:00:00,LAPAN,Aqua,Fire inside Sitrep,SUMSEL MUBA,4172,2019,2019:4172,2019,4170,416897,0.17373293430419198,386.0,False,False,-34.0,3,NOAA20,2019-09-22 18:34:00
103.34683228,-2.51046324,2019-09-23 01:00:00,LAPAN,SNPP,Verified No fire,SUMSEL MUBA,4173,2019,2019:4173,2019,4171,417847,0.269329724758496,386.0,False,False,-34.0,1,NOAA20,2019-09-22 18:34:00
103.93074799,-1.94951022,2019-09-23 01:00:00,LAPAN,SNPP,Verified No fire,SUMSEL MUBA,4174,2019,2019:4174,2019,4172,417255,0.2542192154832076,386.0,False,False,-34.0,3,NOAA20,2019-09-22 18:34:00
103.963607788,-1.92909431458,2019-09-23 01:00:00,LAPAN,Aqua,Fire inside Sitrep,SUMSEL MUBA,4175,2019,2019:4175,2019,4173,417206,0.19389943304679083,386.0,False,False,-34.0,6,NOAA20,2019-09-22 18:34:00
104.1419754,-1.68444991,2019-09-23 01:00:00,LAPAN,SNPP,Fire inside Sitrep,SUMSEL MUBA,4176,2019,2019:4176,2019,4174,416878,0.28478050762098783,386.0,False,False,-34.0,1,NOAA20,2019-09-22 18:34:00
103.41065216,-2.42551875,2019-09-23 01:00:00,LAPAN,SNPP,Verified No fire,SUMSEL MUBA,4177,2019,2019:4177,2019,4175,417765,0.22932458771765252,386.0,False,False,-34.0,3,NOAA20,2019-09-22 18:34:00
103.995109558,-1.97162878513,2019-09-23 01:00:00,LAPAN,Aqua,Fire inside Sitrep,SUMSEL MUBA,4178,2019,2019:4178,2019,4176,417337,0.10619338933678493,386.0,False,False,-34.0,3,NOAA20,2019-09-22 18:34:00
103.92837524,-1.96012175,2019-09-24 01:00:00,LAPAN,Aqua,Fire inside Sitrep,SUMSEL MUBA,4222,2019,2019:4222,2019,4220,424994,0.26634568749928134,405.0,False,False,-15.0,4,NOAA20,2019-09-23 18:15:00
103.9095459,-1.97193062,2019-09-24 01:00:00,LAPAN,Aqua,Fire inside Sitrep,SUMSEL MUBA,4223,2019,2019:4223,2019,4221,425054,0.2677602313855293,405.0,False,False,-15.0,2,NOAA20,2019-09-23 18:15:00
104.0001297,-1.98616016,2019-09-24 01:00:00,LAPAN,Aqua,Fire inside Sitrep,SUMSEL MUBA,4224,2019,2019:4224,2019,4222,425062,0.2613014384632451,405.0,False,False,-15.0,2,NOAA20,2019-09-23 18:15:00
103.99306488,-1.97769856,2019-09-24 01:00:00,LAPAN,Aqua,Fire inside Sitrep,SUMSEL MUBA,4225,2019,2019:4225,2019,4223,425038,0.26408914343925655,405.0,False,False,-15.0,4,NOAA20,2019-09-23 18:15:00
105.75164032,-3.7696774,2019-09-24 01:00:00,LAPAN,Aqua,Verified Fire,SUMSEL,4226,2019,2019:4226,2019,4224,425430,0.2535736962477255,405.0,False,False,-15.0,4,NOAA20,2019-09-23 18:15:00
105.50273895,-3.24052191,2019-09-24 01:00:00,LAPAN,Aqua,Verified Fire,SUMSEL,4227,2019,2019:4227,2019,4225,425279,0.2729684952628335,405.0,False,False,-15.0,3,NOAA20,2019-09-23 18:15:00
103.9588089,-1.92807472,2019-09-24 01:00:00,LAPAN,Aqua,Fire inside Sitrep,SUMSEL MUBA,4230,2019,2019:4230,2019,4228,424927,0.2652961786600384,405.0,False,False,-15.0,3,NOAA20,2019-09-23 18:15:00
103.59508514,-1.38002622,2019-09-24 01:00:00,LAPAN,Aqua,Verified Fire,JAMBI SMF,4231,2019,2019:4231,2019,4229,423762,0.2796445079165922,405.0,False,False,-15.0,4,NOAA20,2019-09-23 18:15:00
104.2564621,-1.76564157,2019-09-24 01:00:00,LAPAN,Aqua,Fire inside Sitrep,SUMSEL MUBA,4232,2019,2019:4232,2019,4230,424763,0.28402530760189987,405.0,False,False,-15.0,3,NOAA20,2019-09-23 18:15:00
103.95170593,-1.91955698,2019-09-24 01:00:00,LAPAN,Aqua,Fire inside Sitrep,SUMSEL MUBA,4233,2019,2019:4233,2019,4231,424916,0.2657116276126087,405.0,False,False,-15.0,2,NOAA20,2019-09-23 18:15:00
103.93065643,-1.94572008,2019-09-24 01:00:00,LAPAN,Aqua,Fire inside Sitrep,SUMSEL MUBA,4234,2019,2019:4234,2019,4232,424962,0.29234663164761554,405.0,False,False,-15.0,2,NOAA20,2019-09-23 18:15:00
103.91184235,-1.95751214,2019-09-24 01:00:00,LAPAN,Aqua,Fire inside Sitrep,SUMSEL MUBA,4235,2019,2019:4235,2019,4233,424990,0.26663412730147873,405.0,False,False,-15.0,4,NOAA20,2019-09-23 18:15:00
103.92608643,-1.97453105,2019-09-24 01:00:00,LAPAN,Aqua,Fire inside Sitrep,SUMSEL MUBA,4236,2019,2019:4236,2019,4234,425058,0.2668295543062184,405.0,False,False,-15.0,4,NOAA20,2019-09-23 18:15:00
104.14325714,-1.69032097,2019-09-24 01:00:00,LAPAN,Aqua,Fire inside Sitrep,SUMSEL MUBA,4237,2019,2019:4237,2019,4235,424634,0.24710590616337733,405.0,False,False,-15.0,3,NOAA20,2019-09-23 18:15:00
103.96134949,-1.9653312,2019-09-24 01:00:00,LAPAN,Aqua,Fire inside Sitrep,SUMSEL MUBA,4238,2019,2019:4238,2019,4236,425000,0.26501329574316834,405.0,False,False,-15.0,4,NOAA20,2019-09-23 18:15:00
103.96843719,-1.97381639,2019-09-24 01:00:00,LAPAN,Aqua,Fire inside Sitrep,SUMSEL MUBA,4239,2019,2019:4239,2019,4237,425033,0.2646462888881527,405.0,False,False,-15.0,2,NOAA20,2019-09-23 18:15:00
103.96109009,-1.9136858,2019-09-24 01:00:00,LAPAN,Aqua,Fire inside Sitrep,SUMSEL MUBA,4240,2019,2019:4240,2019,4238,424910,0.26525883466500905,405.0,False,False,-15.0,4,NOAA20,2019-09-23 18:15:00
103.96591187,-1.9365772,2019-09-24 01:00:00,LAPAN,Aqua,Fire inside Sitrep,SUMSEL MUBA,4241,2019,2019:4241,2019,4239,424936,0.2651847488957238,405.0,False,False,-15.0,4,NOAA20,2019-09-23 18:15:00
105.34121704,-3.10606503,2019-09-24 01:00:00,LAPAN,Aqua,Verified Fire,SUMSEL,4242,2019,2019:4242,2019,4240,425256,0.23394131708035362,405.0,False,False,-15.0,4,NOAA20,2019-09-23 18:15:00
103.93776703,-1.95423412,2019-09-24 01:00:00,LAPAN,Aqua,Fire inside Sitrep,SUMSEL MUBA,4243,2019,2019:4243,2019,4241,424973,0.26788266412361783,405.0,False,False,-15.0,4,NOAA20,2019-09-23 18:15:00
105.90324402,-3.8494339,2019-09-24 13:00:00,LAPAN,SNPP,Verified Fire,SUMSEL,4246,2019,2019:4246,2019,4244,427916,0.18526107963452404,366.0,False,False,-54.0,2,NOAA20,2019-09-24 06:54:00
105.834747314,-3.85490584373,2019-09-24 13:00:00,LAPAN,Aqua,Verified Fire,SUMSEL,4247,2019,2019:4247,2019,4245,427919,0.37331380371807693,366.0,False,False,-54.0,2,NOAA20,2019-09-24 06:54:00
105.899,-3.86505,2019-09-24 13:00:00,LAPAN,SNPP,Verified Fire,SUMSEL,4251,2019,2019:4251,2019,4249,427925,0.2853099711754765,366.0,False,False,-54.0,1,NOAA20,2019-09-24 06:54:00
105.84004211,-3.85211945,2019-09-24 13:00:00,LAPAN,SNPP,Verified Fire,SUMSEL,4264,2019,2019:4264,2019,4262,427909,0.31181369126198444,366.0,False,False,-54.0,2,NOAA20,2019-09-24 06:54:00
105.835,-3.85806,2019-09-24 13:00:00,LAPAN,SNPP,Verified Fire,SUMSEL,4265,2019,2019:4265,2019,4263,427919,0.09984878076322955,366.0,False,False,-54.0,2,NOAA20,2019-09-24 06:54:00
105.78902435,-3.84768558,2019-09-25 00:00:00,LAPAN,SNPP,Verified Fire,SUMSEL,4275,2019,2019:4275,2019,4273,431567,0.26557619921285075,364.0,False,False,-56.0,2,NOAA20,2019-09-24 17:56:00
105.4916153,-3.27787399,2019-09-25 13:00:00,LAPAN,Aqua,Verified Fire,SUMSEL,4284,2019,2019:4284,2019,4282,433102,0.28204562635124963,385.0,False,False,-35.0,2,NOAA20,2019-09-25 06:35:00
104.00276947,-1.98547447,2019-09-25 13:00:00,LAPAN,Aqua,Verified No fire,SUMSEL MUBA,4285,2019,2019:4285,2019,4283,434989,0.269145108408369,384.0,False,False,-36.0,3,NOAA20,2019-09-25 06:36:00
103.60027313,-1.38137817,2019-09-25 13:00:00,LAPAN,Aqua,Verified Fire,JAMBI SMF,4295,2019,2019:4295,2019,4293,435033,0.2354135519645214,384.0,False,False,-36.0,2,NOAA20,2019-09-25 06:36:00
105.52490997,-3.28006053,2019-09-25 13:00:00,LAPAN,Aqua,Verified Fire,SUMSEL,4296,2019,2019:4296,2019,4294,433105,0.360162585509651,385.0,False,False,-35.0,1,NOAA20,2019-09-25 06:35:00
105.50553894,-3.26117229,2019-09-25 13:00:00,LAPAN,Aqua,Verified Fire,SUMSEL,4299,2019,2019:4299,2019,4297,433096,0.24648072264707793,385.0,False,False,-35.0,2,NOAA20,2019-09-25 06:35:00
103.91906738,-1.97048545,2019-09-25 13:00:00,LAPAN,Aqua,Fire inside Sitrep,SUMSEL MUBA,4300,2019,2019:4300,2019,4298,435008,0.2326125264853445,384.0,False,False,-36.0,4,NOAA20,2019-09-25 06:36:00
105.94263458,-3.83726096,2019-09-25 13:00:00,LAPAN,Aqua,Verified Fire,SUMSEL,4301,2019,2019:4301,2019,4299,433630,0.2905326741542737,385.0,False,False,-35.0,1,NOAA20,2019-09-25 06:35:00
105.62515259,-3.56827855,2019-09-25 13:00:00,LAPAN,Aqua,Verified Fire,SUMSEL,4302,2019,2019:4302,2019,4300,433205,0.25813812659309127,385.0,False,False,-35.0,1,NOAA20,2019-09-25 06:35:00
103.95632935,-1.9232173,2019-09-25 13:00:00,LAPAN,Aqua,Fire inside Sitrep,SUMSEL MUBA,4303,2019,2019:4303,2019,4301,434637,0.23218390215665602,384.0,False,False,-36.0,4,NOAA20,2019-09-25 06:36:00
103.99448395,-1.9797895,2019-09-25 13:00:00,LAPAN,Aqua,Verified No fire,SUMSEL MUBA,4310,2019,2019:4310,2019,4308,434995,0.2329255449763077,384.0,False,False,-36.0,3,NOAA20,2019-09-25 06:36:00
105.59593964,-3.9201076,2019-09-25 13:00:00,LAPAN,Aqua,Verified Fire,SUMSEL,4311,2019,2019:4311,2019,4309,433687,0.24495985649795401,385.0,False,False,-35.0,1,NOAA20,2019-09-25 06:35:00
103.93147278,-1.95474744,2019-09-25 13:00:00,LAPAN,Aqua,Fire inside Sitrep,SUMSEL MUBA,4312,2019,2019:4312,2019,4310,434655,0.23213445432099883,384.0,False,False,-36.0,4,NOAA20,2019-09-25 06:36:00
105.49856567,-3.26953101,2019-09-25 13:00:00,LAPAN,Aqua,Verified Fire,SUMSEL,4313,2019,2019:4313,2019,4311,433100,0.24573691960726765,385.0,False,False,-35.0,2,NOAA20,2019-09-25 06:35:00
105.77435303,-3.76350379,2019-09-26 13:00:00,LAPAN,Aqua,Verified Fire,SUMSEL,4336,2019,2019:4336,2019,4334,439741,0.28039761580840544,404.0,False,False,-16.0,1,NOAA20,2019-09-26 06:16:00
103.96160889,-1.9160471,2019-09-26 13:00:00,LAPAN,Aqua,Fire inside Sitrep,SUMSEL MUBA,4340,2019,2019:4340,2019,4338,440477,0.2610087110104572,403.0,False,False,-17.0,1,NOAA20,2019-09-26 06:17:00
105.29104614,-2.70199919,2019-09-26 13:00:00,LAPAN,Aqua,Verified Fire,SUMSEL,4341,2019,2019:4341,2019,4339,440405,0.2807174435614738,403.0,False,False,-17.0,1,NOAA20,2019-09-26 06:17:00
105.2183075,-3.03817201,2019-09-26 13:00:00,LAPAN,Aqua,Verified Fire,SUMSEL,4346,2019,2019:4346,2019,4344,440600,0.2736825484491445,403.0,False,False,-17.0,1,NOAA20,2019-09-26 06:17:00
105.36503601,-3.14589024,2019-09-26 13:00:00,LAPAN,Aqua,Verified Fire,SUMSEL,4351,2019,2019:4351,2019,4349,440660,0.2911800737762259,403.0,False,False,-17.0,1,NOAA20,2019-09-26 06:17:00
105.65538025,-3.52252221,2019-09-26 13:00:00,LAPAN,Aqua,Verified Fire,SUMSEL,4352,2019,2019:4352,2019,4350,439936,0.28338048745164746,404.0,False,False,-16.0,1,NOAA20,2019-09-26 06:16:00
103.97954559,-1.97973561,2019-09-26 13:00:00,LAPAN,Aqua,Verified No fire,SUMSEL MUBA,4353,2019,2019:4353,2019,4351,440510,0.29231078301517954,403.0,False,False,-17.0,1,NOAA20,2019-09-26 06:17:00
105.52864075,-3.27888751,2019-09-26 13:00:00,LAPAN,Aqua,Verified Fire,SUMSEL,4361,2019,2019:4361,2019,4359,440750,0.26048893169712445,403.0,False,False,-17.0,2,NOAA20,2019-09-26 06:17:00
103.94560242,-1.91995168,2019-09-28 01:00:00,LAPAN,Aqua,Verified No fire,SUMSEL MUBA,4397,2019,2019:4397,2019,4395,442706,0.2596099940716392,380.0,False,False,-40.0,1,NOAA20,2019-09-27 18:40:00
105.62863159,-3.76043916,2019-09-28 01:00:00,LAPAN,Aqua,Verified Fire,SUMSEL,4398,2019,2019:4398,2019,4396,442745,0.19009767057751858,380.0,False,False,-40.0,2,NOAA20,2019-09-27 18:40:00
105.78604126,-3.89012575,2019-09-28 01:00:00,LAPAN,Aqua,Verified Fire,SUMSEL,4399,2019,2019:4399,2019,4397,442541,0.14164305185781678,380.0,False,False,-40.0,2,NOAA20,2019-09-27 18:40:00
105.83773804,-3.8847816,2019-09-29 01:00:00,LAPAN,SNPP,Verified Fire,SUMSEL,4442,2019,2019:4442,2019,4440,65224,0.19216023008979818,392.0,False,False,-28.0,4,Aqua,2019-09-28 18:28:00
105.78672028,-3.89011216,2019-09-29 01:00:00,LAPAN,SNPP,Verified Fire,SUMSEL,4443,2019,2019:4443,2019,4441,444833,0.261718049811195,398.0,False,False,-22.0,1,NOAA20,2019-09-28 18:22:00
105.34986115,-3.69262648,2019-09-29 01:00:00,LAPAN,SNPP,Verified Fire,SUMSEL,4445,2019,2019:4445,2019,4443,444729,0.2143805272701196,398.0,False,False,-22.0,3,NOAA20,2019-09-28 18:22:00
105.6463,-3.4501,2019-09-29 13:00:00,ASMC,NOAA20,Verified Fire,SUMSEL,4450,2019,2019:4450,2019,4448,1133213,0.4584288943999088,409.0,False,False,-11.0,1,SNPP,2019-09-29 06:11:00
105.79587555,-3.61824965,2019-09-29 13:00:00,LAPAN,Aqua,Verified Fire,SUMSEL,4455,2019,2019:4455,2019,4453,1132760,0.45856868714313737,409.0,False,False,-11.0,1,SNPP,2019-09-29 06:11:00
105.7959,-3.6182,2019-09-29 13:00:00,ASMC,NOAA20,Verified Fire,SUMSEL,4460,2019,2019:4460,2019,4458,1132760,0.45241746095785046,409.0,False,False,-11.0,1,SNPP,2019-09-29 06:11:00
105.2036,-3.0271,2019-09-29 13:00:00,ASMC,NOAA20,Verified Fire,SUMSEL,4464,2019,2019:4464,2019,4462,1133443,0.4314633104977213,409.0,False,False,-11.0,1,SNPP,2019-09-29 06:11:00
105.65228271,-3.52335,2019-09-29 13:00:00,LAPAN,Aqua,Verified Fire,SUMSEL,4472,2019,2019:4472,2019,4470,1132804,0.33750952425903746,409.0,False,False,-11.0,1,SNPP,2019-09-29 06:11:00
105.6454,-3.5245,2019-09-29 13:00:00,ASMC,NOAA20,Verified Fire,SUMSEL,4474,2019,2019:4474,2019,4472,65442,0.39147768207297196,372.0,False,False,-48.0,1,Aqua,2019-09-29 06:48:00
105.61354828,-3.58225012,2019-09-29 13:00:00,LAPAN,Aqua,Verified Fire,SUMSEL,4479,2019,2019:4479,2019,4477,1132781,0.41506752320376716,409.0,False,False,-11.0,2,SNPP,2019-09-29 06:11:00
105.6523,-3.5234,2019-09-29 13:00:00,ASMC,NOAA20,Verified Fire,SUMSEL,4488,2019,2019:4488,2019,4486,1132804,0.34299227404860366,409.0,False,False,-11.0,1,SNPP,2019-09-29 06:11:00
105.6318,-3.571,2019-09-29 13:00:00,ASMC,NOAA20,Verified Fire,SUMSEL,4493,2019,2019:4493,2019,4491,1132786,0.4980403497565651,409.0,False,False,-11.0,1,SNPP,2019-09-29 06:11:00
105.6135,-3.5823,2019-09-29 13:00:00,ASMC,NOAA20,Verified Fire,SUMSEL,4499,2019,2019:4499,2019,4497,1132781,0.42226797631572727,409.0,False,False,-11.0,2,SNPP,2019-09-29 06:11:00
105.6386,-3.5698,2019-09-29 13:00:00,ASMC,NOAA20,Verified Fire,SUMSEL,4503,2019,2019:4503,2019,4501,1132786,0.3992688215498132,409.0,False,False,-11.0,1,SNPP,2019-09-29 06:11:00
105.3791275,-3.14913845,2019-09-29 14:00:00,LAPAN,Aqua,Verified Fire,SUMSEL,4511,2019,2019:4511,2019,4509,446297,0.28615421737671587,419.0,False,False,-1.0,3,NOAA20,2019-09-29 07:01:00
105.39417267,-3.15761781,2019-09-29 14:00:00,LAPAN,Aqua,Verified Fire,SUMSEL,4512,2019,2019:4512,2019,4510,446299,0.3300060368965316,419.0,False,False,-1.0,1,NOAA20,2019-09-29 07:01:00
105.20355988,-3.02703881,2019-09-29 14:00:00,LAPAN,Aqua,Verified Fire,SUMSEL,4513,2019,2019:4513,2019,4511,446287,0.2977213540108258,419.0,False,False,-1.0,1,NOAA20,2019-09-29 07:01:00
105.64632416,-3.4500711,2019-09-29 14:00:00,LAPAN,Aqua,Verified Fire,SUMSEL,4514,2019,2019:4514,2019,4512,446267,0.30808683440072876,420.0,False,False,0.0,2,NOAA20,2019-09-29 07:00:00
105.64805603,-3.46086335,2019-09-29 14:00:00,LAPAN,Aqua,Verified Fire,SUMSEL,4515,2019,2019:4515,2019,4513,446263,0.33625509560383654,420.0,False,False,0.0,2,NOAA20,2019-09-29 07:00:00
105.7925415,-3.60587668,2019-09-30 13:00:00,LAPAN,SNPP,Verified Fire,SUMSEL,4524,2019,2019:4524,2019,4522,447928,0.35545027381887867,378.0,False,False,-42.0,3,NOAA20,2019-09-30 06:42:00
105.3460083,-3.69726515,2019-09-30 13:00:00,LAPAN,SNPP,Verified Fire,SUMSEL,4526,2019,2019:4526,2019,4524,447944,0.3320619418739499,378.0,False,False,-42.0,2,NOAA20,2019-09-30 06:42:00
103.95381927,-1.91485012,2019-09-30 13:00:00,LAPAN,SNPP,Fire inside Sitrep,SUMSEL MUBA,4528,2019,2019:4528,2019,4526,447642,0.25497309255879286,378.0,False,False,-42.0,1,NOAA20,2019-09-30 06:42:00
105.59325409,-3.56503868,2019-09-30 13:00:00,LAPAN,SNPP,Verified Fire,SUMSEL,4529,2019,2019:4529,2019,4527,447919,0.38663633013033505,378.0,False,False,-42.0,1,NOAA20,2019-09-30 06:42:00
105.44674683,-3.78361058,2019-09-30 13:00:00,LAPAN,SNPP,Verified Fire,SUMSEL,4531,2019,2019:4531,2019,4529,447955,0.3354062427137603,378.0,False,False,-42.0,1,NOAA20,2019-09-30 06:42:00
105.26546478,-3.10639071,2019-09-30 13:00:00,LAPAN,SNPP,Verified Fire,SUMSEL,4533,2019,2019:4533,2019,4531,447806,0.330324741255545,378.0,False,False,-42.0,1,NOAA20,2019-09-30 06:42:00
105.78062439,-3.61131477,2019-09-30 13:00:00,LAPAN,SNPP,Verified Fire,SUMSEL,4535,2019,2019:4535,2019,4533,447932,0.24648033910710118,378.0,False,False,-42.0,2,NOAA20,2019-09-30 06:42:00
103.32614136,-2.49631262,2019-09-30 13:00:00,LAPAN,SNPP,Verified No fire,SUMSEL MUBA,4536,2019,2019:4536,2019,4534,447693,0.25174274072378,378.0,False,False,-42.0,3,NOAA20,2019-09-30 06:42:00
105.51158142,-3.25273442,2019-09-30 13:00:00,LAPAN,SNPP,Verified Fire,SUMSEL,4542,2019,2019:4542,2019,4540,447652,0.3574944278009514,378.0,False,False,-42.0,1,NOAA20,2019-09-30 06:42:00
105.53516388,-3.86809611,2019-09-30 13:00:00,LAPAN,SNPP,Verified Fire,SUMSEL,4543,2019,2019:4543,2019,4541,447980,0.023499012488344524,378.0,False,False,-42.0,2,NOAA20,2019-09-30 06:42:00
105.31191254,-2.64504886,2019-10-01 13:00:00,LAPAN,Aqua,Verified No fire,SUMSEL,4577,2019,2019:4577,2019,4575,450664,0.2874839396219944,397.0,False,False,-23.0,1,NOAA20,2019-10-01 06:23:00
105.32023621,-3.10517335,2019-10-01 13:00:00,LAPAN,Aqua,Verified Fire,SUMSEL,4580,2019,2019:4580,2019,4578,450831,0.22573136607478292,397.0,False,False,-23.0,4,NOAA20,2019-10-01 06:23:00
105.34983826,-3.11424971,2019-10-01 13:00:00,LAPAN,Aqua,Verified Fire,SUMSEL,4581,2019,2019:4581,2019,4579,450843,0.22682103919681554,397.0,False,False,-23.0,1,NOAA20,2019-10-01 06:23:00
105.198959351,-3.03486728668,2019-10-01 13:00:00,LAPAN,Aqua,Verified Fire,SUMSEL,4584,2019,2019:4584,2019,4582,450747,0.1874902206858468,397.0,False,False,-23.0,1,NOAA20,2019-10-01 06:23:00
105.5763,-3.2498,2019-10-01 13:00:00,ASMC,NOAA20,Verified Fire,SUMSEL,4587,2019,2019:4587,2019,4585,66255,0.17929224924197926,384.0,False,False,-36.0,1,Aqua,2019-10-01 06:36:00
105.47277069,-3.71999216,2019-10-01 13:00:00,LAPAN,Aqua,Verified Fire,SUMSEL,4615,2019,2019:4615,2019,4613,450107,0.22482927189876717,397.0,False,False,-23.0,1,NOAA20,2019-10-01 06:23:00
105.56784058,-3.82771659,2019-10-01 13:00:00,LAPAN,Aqua,Verified Fire,SUMSEL,4621,2019,2019:4621,2019,4619,449902,0.2560622342818805,397.0,False,False,-23.0,1,NOAA20,2019-10-01 06:23:00
104.2969,-2.0311,2019-10-01 13:00:00,ASMC,NOAA20,Fire inside Sitrep,SUMSEL MUBA,4632,2019,2019:4632,2019,4630,66392,0.24600158194453364,384.0,False,False,-36.0,1,Aqua,2019-10-01 06:36:00
105.64578247,-3.51731467,2019-10-01 13:00:00,LAPAN,Aqua,Verified Fire,SUMSEL,4634,2019,2019:4634,2019,4632,450527,0.22472384115460706,397.0,False,False,-23.0,1,NOAA20,2019-10-01 06:23:00
105.61506653,-3.58989835,2019-10-01 13:00:00,LAPAN,Aqua,Verified Fire,SUMSEL,4636,2019,2019:4636,2019,4634,450129,0.2559343641210556,397.0,False,False,-23.0,1,NOAA20,2019-10-01 06:23:00
105.25705719,-3.10793257,2019-10-01 13:00:00,LAPAN,Aqua,Verified Fire,SUMSEL,4644,2019,2019:4644,2019,4642,450820,0.31273671957770105,397.0,False,False,-23.0,1,NOAA20,2019-10-01 06:23:00
105.51924133,-3.24487448,2019-10-01 13:00:00,LAPAN,Aqua,Verified Fire,SUMSEL,4650,2019,2019:4650,2019,4648,450485,0.22407167719747698,397.0,False,False,-23.0,3,NOAA20,2019-10-01 06:23:00
105.48776245,-3.26993203,2019-10-01 13:00:00,LAPAN,Aqua,Verified Fire,SUMSEL,4651,2019,2019:4651,2019,4649,450462,0.2249839947149879,397.0,False,False,-23.0,2,NOAA20,2019-10-01 06:23:00
105.56246185,-3.43485117,2019-10-01 13:00:00,LAPAN,Aqua,Verified No fire,SUMSEL,4664,2019,2019:4664,2019,4662,450255,0.29141453887822755,397.0,False,False,-23.0,1,NOAA20,2019-10-01 06:23:00
105.37297821,-3.7146945,2019-10-01 13:00:00,LAPAN,Aqua,Verified Fire,SUMSEL,4668,2019,2019:4668,2019,4666,449451,0.25862632254634926,397.0,False,False,-23.0,2,NOAA20,2019-10-01 06:23:00
105.5033,-3.6883,2019-10-01 13:00:00,ASMC,NOAA20,Verified Fire,SUMSEL,4671,2019,2019:4671,2019,4669,66149,0.43208711233482494,385.0,False,False,-35.0,1,Aqua,2019-10-01 06:35:00
105.5856,-3.8047,2019-10-01 13:00:00,ASMC,NOAA20,Verified Fire,SUMSEL,4672,2019,2019:4672,2019,4670,66013,0.4218626683837485,385.0,False,False,-35.0,1,Aqua,2019-10-01 06:35:00
105.44712067,-3.7374146,2019-10-01 13:00:00,LAPAN,Aqua,Verified Fire,SUMSEL,4683,2019,2019:4683,2019,4681,450088,0.28862924028871995,397.0,False,False,-23.0,1,NOAA20,2019-10-01 06:23:00
105.5383,-3.866,2019-10-01 13:00:00,ASMC,NOAA20,Verified Fire,SUMSEL,4690,2019,2019:4690,2019,4688,65999,0.4127658205295272,385.0,False,False,-35.0,1,Aqua,2019-10-01 06:35:00
105.75298309,-3.79296327,2019-10-01 13:00:00,LAPAN,Aqua,Verified Fire,SUMSEL,4693,2019,2019:4693,2019,4691,449905,0.21408428864613027,397.0,False,False,-23.0,3,NOAA20,2019-10-01 06:23:00
105.25614166,-2.78233099,2019-10-01 13:00:00,LAPAN,Aqua,Verified Fire,SUMSEL,4695,2019,2019:4695,2019,4693,450673,0.2581336799761421,397.0,False,False,-23.0,1,NOAA20,2019-10-01 06:23:00
104.2888,-2.0254,2019-10-01 13:00:00,ASMC,NOAA20,Fire inside Sitrep,SUMSEL MUBA,4696,2019,2019:4696,2019,4694,66389,0.14498011461049173,384.0,False,False,-36.0,1,Aqua,2019-10-01 06:36:00
105.50159454,-3.31522322,2019-10-01 13:00:00,LAPAN,Aqua,Verified Fire,SUMSEL,4708,2019,2019:4708,2019,4706,450387,0.2250008580387025,397.0,False,False,-23.0,2,NOAA20,2019-10-01 06:23:00
104.304,-2.03,2019-10-01 13:00:00,ASMC,NOAA20,Fire inside Sitrep,SUMSEL MUBA,4709,2019,2019:4709,2019,4707,66383,0.45899333163559325,384.0,False,False,-36.0,1,Aqua,2019-10-01 06:36:00
105.43915558,-2.55781102,2019-10-01 13:00:00,LAPAN,Aqua,Verified Fire,SUMSEL,4710,2019,2019:4710,2019,4708,450657,0.21452336800910124,397.0,False,False,-23.0,3,NOAA20,2019-10-01 06:23:00
105.57830811,-3.89409971,2019-10-01 13:00:00,LAPAN,Aqua,Verified Fire,SUMSEL,4714,2019,2019:4714,2019,4712,449809,0.25742798836997716,397.0,False,False,-23.0,1,NOAA20,2019-10-01 06:23:00
105.53038788,-3.86046815,2019-10-01 13:00:00,LAPAN,Aqua,Verified Fire,SUMSEL,4715,2019,2019:4715,2019,4713,449839,0.29184056601226877,397.0,False,False,-23.0,1,NOAA20,2019-10-01 06:23:00
105.63686371,-3.45777321,2019-10-01 13:00:00,LAPAN,Aqua,Verified No fire,SUMSEL,4721,2019,2019:4721,2019,4719,450502,0.28648181134412903,397.0,False,False,-23.0,1,NOAA20,2019-10-01 06:23:00
105.35280609,-3.13412094,2019-10-01 13:00:00,LAPAN,Aqua,Verified Fire,SUMSEL,4732,2019,2019:4732,2019,4730,450848,0.3119594523969512,397.0,False,False,-23.0,1,NOAA20,2019-10-01 06:23:00
105.552764893,-3.84050035477,2019-10-01 13:00:00,LAPAN,Aqua,Verified Fire,SUMSEL,4737,2019,2019:4737,2019,4735,449879,0.30501785374581075,397.0,False,False,-23.0,2,NOAA20,2019-10-01 06:23:00
105.55503082,-3.83642387,2019-10-01 13:00:00,LAPAN,Aqua,Verified Fire,SUMSEL,4740,2019,2019:4740,2019,4738,449879,0.21449913329725592,397.0,False,False,-23.0,2,NOAA20,2019-10-01 06:23:00
105.4757843,-3.78729177,2019-10-01 13:00:00,LAPAN,Aqua,Verified Fire,SUMSEL,4741,2019,2019:4741,2019,4739,449974,0.314347839474203,397.0,False,False,-23.0,1,NOAA20,2019-10-01 06:23:00
105.37099457,-3.70142984,2019-10-01 13:00:00,LAPAN,Aqua,Verified Fire,SUMSEL,4743,2019,2019:4743,2019,4741,449468,0.22716221732774328,397.0,False,False,-23.0,1,NOAA20,2019-10-01 06:23:00
105.32814026,-3.11075449,2019-10-01 13:00:00,LAPAN,Aqua,Verified Fire,SUMSEL,4768,2019,2019:4768,2019,4766,450838,0.2858476476210653,397.0,False,False,-23.0,1,NOAA20,2019-10-01 06:23:00
105.57537842,-3.92163086,2019-10-01 13:00:00,LAPAN,Aqua,Verified Fire,SUMSEL,4777,2019,2019:4777,2019,4775,449770,0.2575381787980933,397.0,False,False,-23.0,1,NOAA20,2019-10-01 06:23:00
105.6359787,-3.54586363,2019-10-01 13:00:00,LAPAN,Aqua,Verified Fire,SUMSEL,4783,2019,2019:4783,2019,4781,450556,0.2252048193245125,397.0,False,False,-23.0,2,NOAA20,2019-10-01 06:23:00
105.6674,-3.4735,2019-10-01 13:00:00,ASMC,NOAA20,Verified Fire,SUMSEL,4785,2019,2019:4785,2019,4783,66162,0.10997642930663866,384.0,False,False,-36.0,1,Aqua,2019-10-01 06:36:00
105.41550446,-3.76252747,2019-10-01 13:00:00,LAPAN,Aqua,Verified Fire,SUMSEL,4791,2019,2019:4791,2019,4789,450054,0.2569850082280018,397.0,False,False,-23.0,1,NOAA20,2019-10-01 06:23:00
105.19625854,-3.03562617,2019-10-01 13:00:00,LAPAN,Aqua,Verified Fire,SUMSEL,4793,2019,2019:4793,2019,4791,450747,0.3209227038880156,397.0,False,False,-23.0,1,NOAA20,2019-10-01 06:23:00
105.52618408,-3.29119945,2019-10-01 13:00:00,LAPAN,Aqua,Verified Fire,SUMSEL,4797,2019,2019:4797,2019,4795,450447,0.25560490842151495,397.0,False,False,-23.0,1,NOAA20,2019-10-01 06:23:00
105.51434326,-3.25915074,2019-10-01 13:00:00,LAPAN,Aqua,Verified Fire,SUMSEL,4798,2019,2019:4798,2019,4796,450469,0.22515395406746191,397.0,False,False,-23.0,2,NOAA20,2019-10-01 06:23:00
105.474,-3.3194,2019-10-01 13:00:00,ASMC,NOAA20,Verified Fire,SUMSEL,4803,2019,2019:4803,2019,4801,66243,0.3821898177049163,384.0,False,False,-36.0,1,Aqua,2019-10-01 06:36:00
105.39196777,-3.15547037,2019-10-01 13:00:00,LAPAN,Aqua,Verified Fire,SUMSEL,4806,2019,2019:4806,2019,4804,450855,0.32418154524080567,397.0,False,False,-23.0,1,NOAA20,2019-10-01 06:23:00
104.305,-2.0367,2019-10-01 13:00:00,ASMC,NOAA20,Fire inside Sitrep,SUMSEL MUBA,4807,2019,2019:4807,2019,4805,66387,0.32701517489794363,384.0,False,False,-36.0,1,Aqua,2019-10-01 06:36:00
105.746749878,-3.79439926147,2019-10-01 13:00:00,LAPAN,Aqua,Verified Fire,SUMSEL,4808,2019,2019:4808,2019,4806,449909,0.33776957329686597,397.0,False,False,-23.0,1,NOAA20,2019-10-01 06:23:00
105.21797943,-2.9916656,2019-10-01 13:00:00,LAPAN,Aqua,Verified Fire,SUMSEL,4822,2019,2019:4822,2019,4820,450705,0.21863780072518052,397.0,False,False,-23.0,2,NOAA20,2019-10-01 06:23:00
105.2294,-3.1121,2019-10-01 13:00:00,ASMC,NOAA20,Verified Fire,SUMSEL,4824,2019,2019:4824,2019,4822,66289,0.4591948794507095,384.0,False,False,-36.0,1,Aqua,2019-10-01 06:36:00
104.2898,-2.0321,2019-10-01 13:00:00,ASMC,NOAA20,Fire inside Sitrep,SUMSEL MUBA,4843,2019,2019:4843,2019,4841,66391,0.11339443343978411,384.0,False,False,-36.0,1,Aqua,2019-10-01 06:36:00
105.57834625,-3.76498723,2019-10-01 13:00:00,LAPAN,Aqua,Verified Fire,SUMSEL,4847,2019,2019:4847,2019,4845,449982,0.22408296977419467,397.0,False,False,-23.0,1,NOAA20,2019-10-01 06:23:00
105.6558609,-3.64786482,2019-10-02 13:00:00,LAPAN,SNPP,Verified Fire,SUMSEL,4870,2019,2019:4870,2019,4868,451989,0.2847471080768842,416.0,False,False,-4.0,2,NOAA20,2019-10-02 06:04:00
105.61119843,-3.59566689,2019-10-02 13:00:00,LAPAN,SNPP,Verified Fire,SUMSEL,4872,2019,2019:4872,2019,4870,452010,0.28729357287056173,416.0,False,False,-4.0,1,NOAA20,2019-10-02 06:04:00
103.34049988,-1.17794752,2019-10-02 13:00:00,LAPAN,SNPP,Verified Fire,JAMBI SMF,4875,2019,2019:4875,2019,4873,452148,0.3219418510597512,415.0,False,False,-5.0,2,NOAA20,2019-10-02 06:05:00
104.30012512,-2.00360775,2019-10-04 01:00:00,LAPAN,SNPP,Fire inside Sitrep,SUMSEL MUBA,4886,2019,2019:4886,2019,4884,453639,0.25710629636202464,393.0,False,False,-27.0,4,NOAA20,2019-10-03 18:27:00
104.28633881,-2.00144672,2019-10-04 01:00:00,LAPAN,SNPP,Fire inside Sitrep,SUMSEL MUBA,4888,2019,2019:4888,2019,4886,453651,0.2139268666725403,393.0,False,False,-27.0,4,NOAA20,2019-10-03 18:27:00
105.49810028,-3.23830867,2019-10-05 01:00:00,LAPAN,SNPP,Verified Fire,SUMSEL,4923,2019,2019:4923,2019,4921,455428,0.2835127528246647,411.0,False,False,-9.0,1,NOAA20,2019-10-04 18:09:00
105.21977997,-3.09187984,2019-10-05 01:00:00,LAPAN,SNPP,Fire inside Sitrep,SUMSEL,4924,2019,2019:4924,2019,4922,455388,0.26436882420037583,411.0,False,False,-9.0,4,NOAA20,2019-10-04 18:09:00
105.33613586,-3.10334969,2019-10-05 01:00:00,LAPAN,SNPP,Verified No fire,SUMSEL,4925,2019,2019:4925,2019,4923,455378,0.2586306864655419,411.0,False,False,-9.0,3,NOAA20,2019-10-04 18:09:00
104.09903717,-1.69434285,2019-10-05 13:00:00,LAPAN,SNPP,Fire inside Sitrep,SUMSEL MUBA,4947,2019,2019:4947,2019,4945,457635,0.29950848511584416,371.0,False,False,-49.0,2,NOAA20,2019-10-05 06:49:00
103.97627258,-1.93817627,2019-10-05 13:00:00,LAPAN,SNPP,Fire inside Sitrep,SUMSEL MUBA,4949,2019,2019:4949,2019,4947,456902,0.342434776236885,372.0,False,False,-48.0,2,NOAA20,2019-10-05 06:48:00
105.54016876,-3.74919844,2019-10-05 13:00:00,LAPAN,SNPP,Verified No fire,SUMSEL,4951,2019,2019:4951,2019,4949,457322,0.2665357124984854,372.0,False,False,-48.0,2,NOAA20,2019-10-05 06:48:00
105.19313812,-3.03818512,2019-10-05 13:00:00,LAPAN,SNPP,Verified Fire,SUMSEL,4957,2019,2019:4957,2019,4955,457100,0.2780620952452497,372.0,False,False,-48.0,3,NOAA20,2019-10-05 06:48:00
105.20414734,-3.1098752,2019-10-05 13:00:00,LAPAN,SNPP,Verified Fire,SUMSEL,4958,2019,2019:4958,2019,4956,457134,0.3052098761739191,372.0,False,False,-48.0,2,NOAA20,2019-10-05 06:48:00
105.24622345,-3.12052536,2019-10-05 13:00:00,LAPAN,SNPP,Verified Fire,SUMSEL,4959,2019,2019:4959,2019,4957,457142,0.3580293460381716,372.0,False,False,-48.0,2,NOAA20,2019-10-05 06:48:00
104.30361176,-2.02056956,2019-10-05 13:00:00,LAPAN,SNPP,Fire inside Sitrep,SUMSEL MUBA,4961,2019,2019:4961,2019,4959,456920,0.355241411753202,372.0,False,False,-48.0,1,NOAA20,2019-10-05 06:48:00
104.10727692,-1.70131171,2019-10-05 13:00:00,LAPAN,SNPP,Fire inside Sitrep,SUMSEL MUBA,4962,2019,2019:4962,2019,4960,457633,0.3282149388987578,371.0,False,False,-49.0,1,NOAA20,2019-10-05 06:49:00
105.34380341,-2.62785482,2019-10-05 13:00:00,LAPAN,SNPP,Verified No fire,SUMSEL,4964,2019,2019:4964,2019,4962,457023,0.14678157648529291,372.0,False,False,-48.0,1,NOAA20,2019-10-05 06:48:00
105.20891571,-3.03568602,2019-10-05 13:00:00,LAPAN,SNPP,Fire inside Sitrep,SUMSEL,4968,2019,2019:4968,2019,4966,457098,0.3093453691555169,372.0,False,False,-48.0,1,NOAA20,2019-10-05 06:48:00
105.20233154,-3.04542446,2019-10-05 13:00:00,LAPAN,SNPP,Fire inside Sitrep,SUMSEL,4970,2019,2019:4970,2019,4968,457107,0.3096493968613141,372.0,False,False,-48.0,2,NOAA20,2019-10-05 06:48:00
103.86043549,-1.31452501,2019-10-05 13:00:00,LAPAN,SNPP,Verified Fire,JAMBI SMF,4976,2019,2019:4976,2019,4974,457562,0.3027126902069507,371.0,False,False,-49.0,2,NOAA20,2019-10-05 06:49:00
103.78844452,-1.35804868,2019-10-05 13:00:00,LAPAN,SNPP,Verified Fire,JAMBI SMF,4979,2019,2019:4979,2019,4977,457541,0.06741073401746712,371.0,False,False,-49.0,3,NOAA20,2019-10-05 06:49:00
105.44306183,-2.55696893,2019-10-05 13:00:00,LAPAN,SNPP,Verified Fire,SUMSEL,4981,2019,2019:4981,2019,4979,457010,0.28688243055597085,372.0,False,False,-48.0,3,NOAA20,2019-10-05 06:48:00
105.34588623,-3.13088155,2019-10-05 13:00:00,LAPAN,SNPP,Verified Fire,SUMSEL,4984,2019,2019:4984,2019,4982,457151,0.2661359048125724,372.0,False,False,-48.0,1,NOAA20,2019-10-05 06:48:00
103.8130188,-1.31367207,2019-10-05 13:00:00,LAPAN,SNPP,Verified Fire,JAMBI SMF,4986,2019,2019:4986,2019,4984,457567,0.3432977320592442,371.0,False,False,-49.0,4,NOAA20,2019-10-05 06:49:00
105.31386566,-2.6503613,2019-10-05 13:00:00,LAPAN,SNPP,Verified No fire,SUMSEL,4993,2019,2019:4993,2019,4991,457025,0.3080986154161018,372.0,False,False,-48.0,2,NOAA20,2019-10-05 06:48:00
105.45271301,-2.56435394,2019-10-05 13:00:00,LAPAN,SNPP,Verified Fire,SUMSEL,4999,2019,2019:4999,2019,4997,457015,0.2864602755469926,372.0,False,False,-48.0,2,NOAA20,2019-10-05 06:48:00
103.83621216,-1.34508383,2019-10-05 13:00:00,LAPAN,SNPP,Verified Fire,JAMBI SMF,5001,2019,2019:5001,2019,4999,457549,0.06168685402540823,371.0,False,False,-49.0,2,NOAA20,2019-10-05 06:49:00
105.50068665,-3.2696569,2019-10-05 13:00:00,LAPAN,SNPP,Fire inside Sitrep,SUMSEL,5003,2019,2019:5003,2019,5001,457506,0.30789361410026655,372.0,False,False,-48.0,1,NOAA20,2019-10-05 06:48:00
105.41838837,-3.17479539,2019-10-05 13:00:00,LAPAN,SNPP,Fire inside Sitrep,SUMSEL,5004,2019,2019:5004,2019,5002,457178,0.28203576569380284,372.0,False,False,-48.0,2,NOAA20,2019-10-05 06:48:00
104.29259491,-1.99666512,2019-10-06 00:00:00,LAPAN,SNPP,Fire inside Sitrep,SUMSEL MUBA,5027,2019,2019:5027,2019,5025,458103,0.16033863810040155,370.0,False,False,-50.0,7,NOAA20,2019-10-05 17:50:00
104.27935791,-1.99455011,2019-10-06 00:00:00,LAPAN,SNPP,Fire inside Sitrep,SUMSEL MUBA,5028,2019,2019:5028,2019,5026,458106,0.15171620783856926,370.0,False,False,-50.0,3,NOAA20,2019-10-05 17:50:00
103.79071045,-1.35731614,2019-10-06 00:00:00,LAPAN,SNPP,Verified Fire,JAMBI SMF,5029,2019,2019:5029,2019,5027,458016,0.4278096838631932,370.0,False,False,-50.0,1,NOAA20,2019-10-05 17:50:00
103.77601624,-1.3549751,2019-10-06 00:00:00,LAPAN,SNPP,Verified No fire,JAMBI SMF,5030,2019,2019:5030,2019,5028,458023,0.32939852427461397,370.0,False,False,-50.0,2,NOAA20,2019-10-05 17:50:00
104.27757263,-2.00518012,2019-10-06 00:00:00,LAPAN,SNPP,Fire inside Sitrep,SUMSEL MUBA,5031,2019,2019:5031,2019,5029,458115,0.15219901848307232,370.0,False,False,-50.0,4,NOAA20,2019-10-05 17:50:00
104.28592682,-2.00877738,2019-10-06 13:00:00,LAPAN,Aqua,Fire inside Sitrep,SUMSEL MUBA,5052,2019,2019:5052,2019,5050,459821,0.2668092546686456,390.0,False,False,-30.0,2,NOAA20,2019-10-06 06:30:00
104.29772186,-1.99344838,2019-10-06 13:00:00,LAPAN,Aqua,Verified No fire,SUMSEL MUBA,5054,2019,2019:5054,2019,5052,459812,0.22727973056536685,390.0,False,False,-30.0,1,NOAA20,2019-10-06 06:30:00
104.287132263,-2.01084136963,2019-10-06 13:00:00,LAPAN,Aqua,Fire inside Sitrep,SUMSEL MUBA,5055,2019,2019:5055,2019,5053,459822,0.4774587174372974,390.0,False,False,-30.0,1,NOAA20,2019-10-06 06:30:00
104.27803802,-2.00320363,2019-10-06 13:00:00,LAPAN,Aqua,Fire inside Sitrep,SUMSEL MUBA,5062,2019,2019:5062,2019,5060,459818,0.2768667929044491,390.0,False,False,-30.0,2,NOAA20,2019-10-06 06:30:00
105.49344635,-3.28351378,2019-10-06 13:00:00,LAPAN,Aqua,Fire inside Sitrep,SUMSEL,5066,2019,2019:5066,2019,5064,459323,0.2787830883346094,391.0,False,False,-29.0,2,NOAA20,2019-10-06 06:29:00
104.2898407,-1.98787451,2019-10-06 13:00:00,LAPAN,Aqua,Verified No fire,SUMSEL MUBA,5067,2019,2019:5067,2019,5065,459799,0.26689674536144337,390.0,False,False,-30.0,3,NOAA20,2019-10-06 06:30:00
104.26926422,-1.99122941,2019-10-07 00:00:00,LAPAN,SNPP,Verified Fire,SUMSEL MUBA,5070,2019,2019:5070,2019,5068,460123,0.03106462685472894,389.0,False,False,-31.0,3,NOAA20,2019-10-06 17:31:00
104.28590393,-1.97932267,2019-10-07 00:00:00,LAPAN,SNPP,Verified No fire,SUMSEL MUBA,5071,2019,2019:5071,2019,5069,460137,0.46322506013517517,389.0,False,False,-31.0,1,NOAA20,2019-10-06 17:31:00
104.27178192,-1.9769522,2019-10-07 00:00:00,LAPAN,SNPP,Verified No fire,SUMSEL MUBA,5072,2019,2019:5072,2019,5070,460139,0.4627684167210176,389.0,False,False,-31.0,1,NOAA20,2019-10-06 17:31:00
104.2833252,-1.99356937,2019-10-07 00:00:00,LAPAN,SNPP,Fire inside Sitrep,SUMSEL MUBA,5073,2019,2019:5073,2019,5071,460121,0.02332026497887424,389.0,False,False,-31.0,3,NOAA20,2019-10-06 17:31:00
105.51571655,-3.25497293,2019-10-08 12:00:00,LAPAN,SNPP,Fire inside Sitrep,SUMSEL,5100,2019,2019:5100,2019,5098,462639,0.2544084654069591,369.0,False,False,-51.0,3,NOAA20,2019-10-08 05:51:00
105.51573944,-3.29600501,2019-10-08 12:00:00,LAPAN,SNPP,Fire inside Sitrep,SUMSEL,5101,2019,2019:5101,2019,5099,462702,0.387333839230112,369.0,False,False,-51.0,2,NOAA20,2019-10-08 05:51:00
105.45423889,-3.82081771,2019-10-08 12:00:00,LAPAN,SNPP,Fire inside Sitrep,SUMSEL,5102,2019,2019:5102,2019,5100,462314,0.30853487123335077,369.0,False,False,-51.0,2,NOAA20,2019-10-08 05:51:00
105.48670959,-3.30020857,2019-10-08 12:00:00,LAPAN,SNPP,Fire inside Sitrep,SUMSEL,5106,2019,2019:5106,2019,5104,462686,0.31401945361122185,369.0,False,False,-51.0,2,NOAA20,2019-10-08 05:51:00
105.46318054,-3.80556917,2019-10-08 12:00:00,LAPAN,SNPP,Fire inside Sitrep,SUMSEL,5108,2019,2019:5108,2019,5106,462302,0.11791277120178162,369.0,False,False,-51.0,2,NOAA20,2019-10-08 05:51:00
105.46484375,-3.31367111,2019-10-08 12:00:00,LAPAN,SNPP,Fire inside Sitrep,SUMSEL,5110,2019,2019:5110,2019,5108,462718,0.2558045037598997,369.0,False,False,-51.0,4,NOAA20,2019-10-08 05:51:00
105.513038635,-3.25830888748,2019-10-08 13:00:00,LAPAN,Aqua,Fire inside Sitrep,SUMSEL,5112,2019,2019:5112,2019,5110,1149566,0.0905144043688272,377.0,False,False,-43.0,1,SNPP,2019-10-08 06:43:00
104.27360535,-1.97879755,2019-10-09 01:00:00,LAPAN,SNPP,Verified Fire,SUMSEL MUBA,5118,2019,2019:5118,2019,5116,463907,0.2649094203777513,386.0,False,False,-34.0,3,NOAA20,2019-10-08 18:34:00
105.452034,-3.29760885,2019-10-09 01:00:00,LAPAN,SNPP,Fire inside Sitrep,SUMSEL,5119,2019,2019:5119,2019,5117,464033,0.2628492368832137,386.0,False,False,-34.0,4,NOAA20,2019-10-08 18:34:00
104.31095123,-2.0338726,2019-10-09 01:00:00,LAPAN,SNPP,Fire inside Sitrep,SUMSEL MUBA,5120,2019,2019:5120,2019,5118,463936,0.27721007634814293,386.0,False,False,-34.0,2,NOAA20,2019-10-08 18:34:00
104.27787781,-2.00055456,2019-10-09 01:00:00,LAPAN,SNPP,Fire inside Sitrep,SUMSEL MUBA,5121,2019,2019:5121,2019,5119,463924,0.2778689094754423,386.0,False,False,-34.0,2,NOAA20,2019-10-08 18:34:00
103.95111847,-1.92175996,2019-10-09 01:00:00,LAPAN,SNPP,Fire inside Sitrep,SUMSEL MUBA,5122,2019,2019:5122,2019,5120,463905,0.2813993149993043,386.0,False,False,-34.0,1,NOAA20,2019-10-08 18:34:00
105.50534821,-3.23800159,2019-10-09 01:00:00,LAPAN,SNPP,Fire inside Sitrep,SUMSEL,5123,2019,2019:5123,2019,5121,464012,0.2959830830026573,386.0,False,False,-34.0,2,NOAA20,2019-10-08 18:34:00
103.77899933,-1.35870576,2019-10-09 01:00:00,LAPAN,SNPP,Verified Fire,JAMBI SMF,5124,2019,2019:5124,2019,5122,463734,0.2315110348478003,386.0,False,False,-34.0,4,NOAA20,2019-10-08 18:34:00
105.21141052,-3.09990621,2019-10-09 01:00:00,LAPAN,SNPP,Fire inside Sitrep,SUMSEL,5125,2019,2019:5125,2019,5123,463984,0.34473411023683964,386.0,False,False,-34.0,2,NOAA20,2019-10-08 18:34:00
104.271492,-1.99252605,2019-10-09 01:00:00,LAPAN,SNPP,Verified Fire,SUMSEL MUBA,5126,2019,2019:5126,2019,5124,463920,0.26419224967890953,386.0,False,False,-34.0,4,NOAA20,2019-10-08 18:34:00
105.4584198,-3.29692388,2019-10-10 01:00:00,LAPAN,Terra,Fire inside Sitrep,SUMSEL,5182,2019,2019:5182,2019,5180,466265,0.2457837634346636,405.0,False,False,-15.0,4,NOAA20,2019-10-09 18:15:00
105.50335693,-3.24215436,2019-10-10 01:00:00,LAPAN,Terra,Fire inside Sitrep,SUMSEL,5183,2019,2019:5183,2019,5181,466302,0.2463840719032884,405.0,False,False,-15.0,2,NOAA20,2019-10-09 18:15:00
105.21050262,-3.10074687,2019-10-10 01:00:00,LAPAN,Terra,Fire inside Sitrep,SUMSEL,5184,2019,2019:5184,2019,5182,466325,0.22996784503932347,405.0,False,False,-15.0,4,NOAA20,2019-10-09 18:15:00
103.95438385,-1.93031943,2019-10-10 01:00:00,LAPAN,Terra,Fire inside Sitrep,SUMSEL MUBA,5185,2019,2019:5185,2019,5183,466459,0.2577829456497217,405.0,False,False,-15.0,3,NOAA20,2019-10-09 18:15:00
104.26721954,-1.99447453,2019-10-10 01:00:00,LAPAN,Terra,Verified Fire,SUMSEL MUBA,5186,2019,2019:5186,2019,5184,466442,0.2515522739574588,405.0,False,False,-15.0,2,NOAA20,2019-10-09 18:15:00
105.48865509,-3.33483243,2019-10-10 01:00:00,LAPAN,Terra,Fire inside Sitrep,SUMSEL,5187,2019,2019:5187,2019,5185,466237,0.23656763039026465,405.0,False,False,-15.0,3,NOAA20,2019-10-09 18:15:00
105.49678802,-3.3292551,2019-10-10 01:00:00,LAPAN,Terra,Fire inside Sitrep,SUMSEL,5188,2019,2019:5188,2019,5186,466246,0.2775665053373579,405.0,False,False,-15.0,2,NOAA20,2019-10-09 18:15:00
103.94729614,-1.92182529,2019-10-10 01:00:00,LAPAN,Terra,Fire inside Sitrep,SUMSEL MUBA,5189,2019,2019:5189,2019,5187,466465,0.25885979956566907,405.0,False,False,-15.0,2,NOAA20,2019-10-09 18:15:00
104.27403259,-2.00279021,2019-10-10 01:00:00,LAPAN,Terra,Fire inside Sitrep,SUMSEL MUBA,5190,2019,2019:5190,2019,5188,466436,0.2518884996631062,405.0,False,False,-15.0,4,NOAA20,2019-10-09 18:15:00
105.44421387,-3.29468489,2019-10-10 01:00:00,LAPAN,Terra,Fire inside Sitrep,SUMSEL,5191,2019,2019:5191,2019,5189,466261,0.24547410110817958,405.0,False,False,-15.0,2,NOAA20,2019-10-09 18:15:00
102.91883087,-0.86647046,2019-10-10 01:00:00,LAPAN,Terra,Verified Fire,JAMBI SMF,5192,2019,2019:5192,2019,5190,467002,0.33582276863478755,405.0,False,False,-15.0,3,NOAA20,2019-10-09 18:15:00
104.26944733,-1.98031855,2019-10-10 01:00:00,LAPAN,Terra,Verified Fire,SUMSEL MUBA,5193,2019,2019:5193,2019,5191,466458,0.2522532740261585,405.0,False,False,-15.0,3,NOAA20,2019-10-09 18:15:00
104.31821442,-2.03144598,2019-10-10 01:00:00,LAPAN,Terra,Fire inside Sitrep,SUMSEL MUBA,5194,2019,2019:5194,2019,5192,466417,0.3218110768185846,405.0,False,False,-15.0,2,NOAA20,2019-10-09 18:15:00
104.311409,-2.02314472,2019-10-10 01:00:00,LAPAN,Terra,Fire inside Sitrep,SUMSEL MUBA,5195,2019,2019:5195,2019,5193,466423,0.2509510219766325,405.0,False,False,-15.0,6,NOAA20,2019-10-09 18:15:00
104.3092041,-2.03726578,2019-10-10 01:00:00,LAPAN,Terra,Fire inside Sitrep,SUMSEL MUBA,5196,2019,2019:5196,2019,5194,466412,0.25145848517742575,405.0,False,False,-15.0,7,NOAA20,2019-10-09 18:15:00
105.4556427,-3.29830765724,2019-10-10 13:00:00,LAPAN,Aqua,Verified Fire,SUMSEL,5210,2019,2019:5210,2019,5208,1155038,0.329061328833355,415.0,False,False,-5.0,1,SNPP,2019-10-10 06:05:00
105.6768,-3.7002,2019-10-10 13:00:00,ASMC,NOAA20,Verified Fire,SUMSEL,5229,2019,2019:5229,2019,5227,1155273,0.2319464489058667,415.0,False,False,-5.0,2,SNPP,2019-10-10 06:05:00
105.7337,-3.6228,2019-10-10 13:00:00,ASMC,NOAA20,Verified Fire,SUMSEL,5231,2019,2019:5231,2019,5229,1155208,0.1886554949596232,415.0,False,False,-5.0,2,SNPP,2019-10-10 06:05:00
105.482,-3.2906,2019-10-10 13:00:00,ASMC,NOAA20,Fire inside Sitrep,SUMSEL,5238,2019,2019:5238,2019,5236,69458,0.4526400222147754,391.0,False,False,-29.0,2,Aqua,2019-10-10 06:29:00
105.6607132,-3.96828699,2019-10-10 13:00:00,LAPAN,SNPP,Verified Fire,SUMSEL,5242,2019,2019:5242,2019,5240,69409,0.06679147423956172,391.0,False,False,-29.0,2,Aqua,2019-10-10 06:29:00
105.41336823,-3.17419028,2019-10-10 13:00:00,LAPAN,SNPP,Verified Fire,SUMSEL,5249,2019,2019:5249,2019,5247,468472,0.29240736722531097,366.0,False,False,-54.0,2,NOAA20,2019-10-10 06:54:00
105.56176758,-3.247679,2019-10-10 13:00:00,LAPAN,SNPP,Verified Fire,SUMSEL,5251,2019,2019:5251,2019,5249,468571,0.3182071113806165,366.0,False,False,-54.0,1,NOAA20,2019-10-10 06:54:00
105.73770905,-3.9061234,2019-10-10 13:00:00,LAPAN,SNPP,Verified Fire,SUMSEL,5266,2019,2019:5266,2019,5264,468707,0.4832115844312583,366.0,False,False,-54.0,1,NOAA20,2019-10-10 06:54:00
105.43297577,-3.31832051,2019-10-10 13:00:00,LAPAN,SNPP,Verified Fire,SUMSEL,5284,2019,2019:5284,2019,5282,468593,0.31449190573462477,366.0,False,False,-54.0,3,NOAA20,2019-10-10 06:54:00
105.51952362,-3.25473189,2019-10-10 13:00:00,LAPAN,SNPP,Verified Fire,SUMSEL,5285,2019,2019:5285,2019,5283,468568,0.31621652463045224,366.0,False,False,-54.0,3,NOAA20,2019-10-10 06:54:00
105.554,-3.24771,2019-10-10 13:00:00,LAPAN,SNPP,Verified Fire,SUMSEL,5289,2019,2019:5289,2019,5287,69511,0.2576542160699271,391.0,False,False,-29.0,2,Aqua,2019-10-10 06:29:00
105.71347046,-3.65433311,2019-10-10 13:00:00,LAPAN,SNPP,Verified Fire,SUMSEL,5303,2019,2019:5303,2019,5301,468668,0.3471085544638153,366.0,False,False,-54.0,2,NOAA20,2019-10-10 06:54:00
105.6953,-3.6589,2019-10-10 13:00:00,ASMC,NOAA20,Verified Fire,SUMSEL,5304,2019,2019:5304,2019,5302,69475,0.2603207751660003,391.0,False,False,-29.0,1,Aqua,2019-10-10 06:29:00
105.28150177,-2.81295013,2019-10-10 13:00:00,LAPAN,SNPP,Verified Fire,SUMSEL,5320,2019,2019:5320,2019,5318,468729,0.4787908137008319,366.0,False,False,-54.0,1,NOAA20,2019-10-10 06:54:00
105.3133,-2.6413,2019-10-10 13:00:00,ASMC,NOAA20,Verified No fire,SUMSEL,5333,2019,2019:5333,2019,5331,1154731,0.3722076734899666,415.0,False,False,-5.0,1,SNPP,2019-10-10 06:05:00
104.311393738,-2.0263633728,2019-10-10 13:00:00,LAPAN,Aqua,Fire inside Sitrep,SUMSEL MUBA,5336,2019,2019:5336,2019,5334,468921,0.05947123544572564,365.0,False,False,-55.0,3,NOAA20,2019-10-10 06:55:00
105.470970154,-3.80242013931,2019-10-10 13:00:00,LAPAN,Aqua,Fire inside Sitrep,SUMSEL,5354,2019,2019:5354,2019,5352,1155348,0.4476407236670323,415.0,False,False,-5.0,1,SNPP,2019-10-10 06:05:00
103.95333099,-1.9374305,2019-10-11 00:00:00,LAPAN,SNPP,Fire inside Sitrep,SUMSEL MUBA,5370,2019,2019:5370,2019,5368,469450,0.05986483421383478,364.0,False,False,-56.0,3,NOAA20,2019-10-10 17:56:00
106.01088715,-3.25065994,2019-10-11 00:00:00,LAPAN,SNPP,Verified No fire,SUMSEL,5371,2019,2019:5371,2019,5369,469367,0.30319472716126056,364.0,False,False,-56.0,1,NOAA20,2019-10-10 17:56:00
105.43369293,-3.28970671,2019-10-11 00:00:00,LAPAN,SNPP,Fire inside Sitrep,SUMSEL,5372,2019,2019:5372,2019,5370,469346,0.2689858957505914,364.0,False,False,-56.0,2,NOAA20,2019-10-10 17:56:00
105.41981506,-3.32285929,2019-10-11 00:00:00,LAPAN,SNPP,Fire inside Sitrep,SUMSEL,5373,2019,2019:5373,2019,5371,469306,0.3109948790465595,364.0,False,False,-56.0,2,NOAA20,2019-10-10 17:56:00
105.5680542,-3.26379561,2019-10-11 13:00:00,LAPAN,SNPP,Verified Fire,SUMSEL,5395,2019,2019:5395,2019,5393,470920,0.2436762936293582,384.0,False,False,-36.0,2,NOAA20,2019-10-11 06:36:00
105.21582794,-3.09368324,2019-10-11 13:00:00,LAPAN,SNPP,Fire inside Sitrep,SUMSEL,5397,2019,2019:5397,2019,5395,471001,0.27980102691303527,384.0,False,False,-36.0,1,NOAA20,2019-10-11 06:36:00
105.34100342,-2.62584734,2019-10-11 13:00:00,LAPAN,SNPP,Verified No fire,SUMSEL,5399,2019,2019:5399,2019,5397,471240,0.2798275883795205,384.0,False,False,-36.0,3,NOAA20,2019-10-11 06:36:00
105.76803589,-3.65227365,2019-10-11 13:00:00,LAPAN,SNPP,Verified Fire,SUMSEL,5408,2019,2019:5408,2019,5406,470694,0.24898134109803283,385.0,False,False,-35.0,3,NOAA20,2019-10-11 06:35:00
105.74028778,-3.91626477,2019-10-11 13:00:00,LAPAN,SNPP,Verified Fire,SUMSEL,5410,2019,2019:5410,2019,5408,470530,0.358925956014757,385.0,False,False,-35.0,2,NOAA20,2019-10-11 06:35:00
105.85875702,-3.86258888,2019-10-11 13:00:00,LAPAN,SNPP,Verified Fire,SUMSEL,5412,2019,2019:5412,2019,5410,470544,0.25011880126111236,385.0,False,False,-35.0,3,NOAA20,2019-10-11 06:35:00
105.49518585,-3.33257914,2019-10-11 13:00:00,LAPAN,SNPP,Verified Fire,SUMSEL,5417,2019,2019:5417,2019,5415,470652,0.3289925769786975,385.0,False,False,-35.0,2,NOAA20,2019-10-11 06:35:00
103.97621918,-1.94600654,2019-10-11 13:00:00,LAPAN,SNPP,Verified Fire,SUMSEL MUBA,5418,2019,2019:5418,2019,5416,471378,0.22887938373091934,384.0,False,False,-36.0,3,NOAA20,2019-10-11 06:36:00
105.21673584,-2.99227166,2019-10-11 13:00:00,LAPAN,SNPP,Fire inside Sitrep,SUMSEL,5420,2019,2019:5420,2019,5418,471079,0.28052344198146556,384.0,False,False,-36.0,3,NOAA20,2019-10-11 06:36:00
105.20991516,-3.00052691,2019-10-11 13:00:00,LAPAN,SNPP,Fire inside Sitrep,SUMSEL,5422,2019,2019:5422,2019,5420,471064,0.2489428904839354,384.0,False,False,-36.0,4,NOAA20,2019-10-11 06:36:00
105.70848846,-3.64684343,2019-10-11 13:00:00,LAPAN,SNPP,Fire inside Sitrep,SUMSEL,5427,2019,2019:5427,2019,5425,470575,0.2861092704152844,385.0,False,False,-35.0,2,NOAA20,2019-10-11 06:35:00
105.63191223,-3.57950497,2019-10-11 13:00:00,LAPAN,SNPP,Verified Fire,SUMSEL,5430,2019,2019:5430,2019,5428,470590,0.2537843802362047,385.0,False,False,-35.0,1,NOAA20,2019-10-11 06:35:00
105.70249939,-3.66243505,2019-10-11 13:00:00,LAPAN,SNPP,Verified Fire,SUMSEL,5433,2019,2019:5433,2019,5431,470692,0.28630593896013184,385.0,False,False,-35.0,2,NOAA20,2019-10-11 06:35:00
105.66470337,-3.96472812,2019-10-11 13:00:00,LAPAN,SNPP,Fire inside Sitrep,SUMSEL,5434,2019,2019:5434,2019,5432,470521,0.32808563546824837,385.0,False,False,-35.0,2,NOAA20,2019-10-11 06:35:00
105.77651215,-3.87533069,2019-10-11 13:00:00,LAPAN,SNPP,Fire inside Sitrep,SUMSEL,5436,2019,2019:5436,2019,5434,470548,0.36693540188971574,385.0,False,False,-35.0,1,NOAA20,2019-10-11 06:35:00
103.02779388,-2.30807161,2019-10-11 13:00:00,LAPAN,SNPP,Verified No fire,SUMSEL MUBA,5437,2019,2019:5437,2019,5435,471341,0.23362965731627605,384.0,False,False,-36.0,1,NOAA20,2019-10-11 06:36:00
105.50215149,-3.32419777,2019-10-11 13:00:00,LAPAN,SNPP,Verified Fire,SUMSEL,5438,2019,2019:5438,2019,5436,470657,0.25195618060723696,385.0,False,False,-35.0,1,NOAA20,2019-10-11 06:35:00
105.28801727,-2.82206035,2019-10-11 13:00:00,LAPAN,SNPP,Verified Fire,SUMSEL,5442,2019,2019:5442,2019,5440,471172,0.24128448109068798,384.0,False,False,-36.0,3,NOAA20,2019-10-11 06:36:00
105.72265625,-3.62995481,2019-10-11 13:00:00,LAPAN,SNPP,Verified Fire,SUMSEL,5448,2019,2019:5448,2019,5446,470581,0.248248510569318,385.0,False,False,-35.0,2,NOAA20,2019-10-11 06:35:00
105.73683167,-3.61303949,2019-10-11 13:00:00,LAPAN,SNPP,Verified Fire,SUMSEL,5449,2019,2019:5449,2019,5447,470587,0.24818451502406008,385.0,False,False,-35.0,2,NOAA20,2019-10-11 06:35:00
105.52565765,-3.42177796,2019-10-11 13:00:00,LAPAN,SNPP,Verified Fire,SUMSEL,5450,2019,2019:5450,2019,5448,470629,0.24238774248512168,385.0,False,False,-35.0,1,NOAA20,2019-10-11 06:35:00
105.35857391,-3.12953424,2019-10-11 13:00:00,LAPAN,SNPP,Fire inside Sitrep,SUMSEL,5451,2019,2019:5451,2019,5449,470988,0.2515449357107771,384.0,False,False,-36.0,3,NOAA20,2019-10-11 06:36:00
105.21621704,-3.04315925,2019-10-11 13:00:00,LAPAN,SNPP,Fire inside Sitrep,SUMSEL,5452,2019,2019:5452,2019,5450,471016,0.239804351079751,384.0,False,False,-36.0,1,NOAA20,2019-10-11 06:36:00
105.51136017,-3.27252007,2019-10-11 13:00:00,LAPAN,SNPP,Verified Fire,SUMSEL,5454,2019,2019:5454,2019,5452,470923,0.3340408920027616,384.0,False,False,-36.0,2,NOAA20,2019-10-11 06:36:00
105.64254761,-3.25967598,2019-10-11 13:00:00,LAPAN,SNPP,Fire inside Sitrep,SUMSEL,5455,2019,2019:5455,2019,5453,470898,0.2447685004075248,384.0,False,False,-36.0,1,NOAA20,2019-10-11 06:36:00
105.31904602,-2.64378595,2019-10-11 13:00:00,LAPAN,SNPP,Verified Fire,SUMSEL,5460,2019,2019:5460,2019,5458,471233,0.27913758730725435,384.0,False,False,-36.0,1,NOAA20,2019-10-11 06:36:00
105.20582581,-3.08080888,2019-10-11 13:00:00,LAPAN,SNPP,Verified Fire,SUMSEL,5462,2019,2019:5462,2019,5460,471007,0.3233407915742908,384.0,False,False,-36.0,1,NOAA20,2019-10-11 06:36:00
103.33838654,-2.38301277,2019-10-11 13:00:00,LAPAN,SNPP,Verified No fire,SUMSEL MUBA,5465,2019,2019:5465,2019,5463,471330,0.25270868823593734,384.0,False,False,-36.0,1,NOAA20,2019-10-11 06:36:00
103.95141602,-1.92900276,2019-10-11 13:00:00,LAPAN,SNPP,Fire inside Sitrep,SUMSEL MUBA,5466,2019,2019:5466,2019,5464,471390,0.26951764958606184,384.0,False,False,-36.0,3,NOAA20,2019-10-11 06:36:00
103.95967102,-1.93467462,2019-10-11 13:00:00,LAPAN,SNPP,Fire inside Sitrep,SUMSEL MUBA,5467,2019,2019:5467,2019,5465,471381,0.22917254094720574,384.0,False,False,-36.0,2,NOAA20,2019-10-11 06:36:00
105.34797668,-2.61748719,2019-10-11 13:00:00,LAPAN,SNPP,Verified No fire,SUMSEL,5469,2019,2019:5469,2019,5467,471244,0.2396365885493827,384.0,False,False,-36.0,2,NOAA20,2019-10-11 06:36:00
105.77210999,-3.8466537,2019-10-11 13:00:00,LAPAN,SNPP,Fire inside Sitrep,SUMSEL,5470,2019,2019:5470,2019,5468,470552,0.246368209186483,385.0,False,False,-35.0,1,NOAA20,2019-10-11 06:35:00
104.31697083,-2.02599621,2019-10-12 00:00:00,LAPAN,Aqua,Fire inside Sitrep,SUMSEL MUBA,5480,2019,2019:5480,2019,5478,471700,0.37516269604864333,383.0,False,False,-37.0,4,NOAA20,2019-10-11 17:37:00
105.64727783,-3.55205536,2019-10-12 13:00:00,LAPAN,Aqua,Fire inside Sitrep,SUMSEL,5498,2019,2019:5498,2019,5496,473318,0.2797760714059999,403.0,False,False,-17.0,2,NOAA20,2019-10-12 06:17:00
105.63663483,-3.58153915,2019-10-12 13:00:00,LAPAN,Aqua,Fire inside Sitrep,SUMSEL,5500,2019,2019:5500,2019,5498,473306,0.28504906306799743,403.0,False,False,-17.0,1,NOAA20,2019-10-12 06:17:00
105.66588593,-3.97621727,2019-10-12 13:00:00,LAPAN,Aqua,Verified Fire,SUMSEL,5520,2019,2019:5520,2019,5518,473081,0.30600256395212794,404.0,False,False,-16.0,1,NOAA20,2019-10-12 06:16:00
105.484375,-3.72694683,2019-10-12 13:00:00,LAPAN,Aqua,Verified Fire,SUMSEL,5522,2019,2019:5522,2019,5520,473112,0.28313401282404466,404.0,False,False,-16.0,2,NOAA20,2019-10-12 06:16:00
105.56793976,-3.82988691,2019-10-12 13:00:00,LAPAN,Aqua,Fire inside Sitrep,SUMSEL,5526,2019,2019:5526,2019,5524,473101,0.2886944709655494,404.0,False,False,-16.0,2,NOAA20,2019-10-12 06:16:00
105.42901611,-3.76644969,2019-10-12 13:00:00,LAPAN,Aqua,Fire inside Sitrep,SUMSEL,5532,2019,2019:5532,2019,5530,473109,0.293602923536918,404.0,False,False,-16.0,1,NOAA20,2019-10-12 06:16:00
105.57141113,-3.69982266,2019-10-12 13:00:00,LAPAN,Aqua,Verified Fire,SUMSEL,5543,2019,2019:5543,2019,5541,473116,0.2858510321113748,404.0,False,False,-16.0,1,NOAA20,2019-10-12 06:16:00
105.70817566,-3.65836167,2019-10-12 13:00:00,LAPAN,Aqua,Fire inside Sitrep,SUMSEL,5550,2019,2019:5550,2019,5548,473121,0.240571947712527,404.0,False,False,-16.0,1,NOAA20,2019-10-12 06:16:00
105.65561676,-3.55777621,2019-10-12 13:00:00,LAPAN,Aqua,Verified Fire,SUMSEL,5556,2019,2019:5556,2019,5554,473315,0.2841559621996816,403.0,False,False,-17.0,1,NOAA20,2019-10-12 06:17:00
105.73865509,-3.61207986,2019-10-12 13:00:00,LAPAN,Aqua,Fire inside Sitrep,SUMSEL,5561,2019,2019:5561,2019,5559,473129,0.23775373798304478,404.0,False,False,-16.0,3,NOAA20,2019-10-12 06:16:00
105.45657349,-3.79750538,2019-10-12 13:00:00,LAPAN,Aqua,Fire inside Sitrep,SUMSEL,5567,2019,2019:5567,2019,5565,473105,0.3084646052424933,404.0,False,False,-16.0,1,NOAA20,2019-10-12 06:16:00
105.63157654,-3.54743338,2019-10-12 13:00:00,LAPAN,Aqua,Fire inside Sitrep,SUMSEL,5568,2019,2019:5568,2019,5566,473324,0.2800093907712197,403.0,False,False,-17.0,1,NOAA20,2019-10-12 06:17:00
103.97603607,-1.95068347,2019-10-13 12:00:00,LAPAN,Aqua,Fire inside Sitrep,SUMSEL MUBA,5632,2019,2019:5632,2019,5630,476529,0.36055809391760535,362.0,False,False,-58.0,1,NOAA20,2019-10-13 05:58:00
105.22859192,-3.00133228,2019-10-13 12:00:00,LAPAN,Aqua,Fire inside Sitrep,SUMSEL,5634,2019,2019:5634,2019,5632,476973,0.352435774609163,362.0,False,False,-58.0,1,NOAA20,2019-10-13 05:58:00
105.21356964,-3.1111598,2019-10-13 12:00:00,LAPAN,Aqua,Fire inside Sitrep,SUMSEL,5636,2019,2019:5636,2019,5634,477122,0.35436170992133376,362.0,False,False,-58.0,2,NOAA20,2019-10-13 05:58:00
105.43541718,-3.28874326,2019-10-13 12:00:00,LAPAN,Aqua,Fire inside Sitrep,SUMSEL,5638,2019,2019:5638,2019,5636,475645,0.30098849123403376,362.0,False,False,-58.0,5,NOAA20,2019-10-13 05:58:00
105.47561646,-3.31682181,2019-10-13 12:00:00,LAPAN,Aqua,Fire inside Sitrep,SUMSEL,5640,2019,2019:5640,2019,5638,475704,0.3511519722132196,362.0,False,False,-58.0,2,NOAA20,2019-10-13 05:58:00
105.35049438,-3.74684072,2019-10-13 12:00:00,LAPAN,Aqua,Fire inside Sitrep,SUMSEL,5643,2019,2019:5643,2019,5641,475524,0.41256672945043094,362.0,False,False,-58.0,1,NOAA20,2019-10-13 05:58:00
105.74060822,-3.61090755,2019-10-13 12:00:00,LAPAN,Aqua,Verified Fire,SUMSEL,5647,2019,2019:5647,2019,5645,475609,0.29817657970381745,362.0,False,False,-58.0,2,NOAA20,2019-10-13 05:58:00
105.61058807,-3.57699895,2019-10-13 12:00:00,LAPAN,Aqua,Verified Fire,SUMSEL,5649,2019,2019:5649,2019,5647,475637,0.34543099927599724,362.0,False,False,-58.0,2,NOAA20,2019-10-13 05:58:00
105.67948151,-3.70011115,2019-10-13 12:00:00,LAPAN,Aqua,Verified Fire,SUMSEL,5652,2019,2019:5652,2019,5650,475517,0.3498624059434306,362.0,False,False,-58.0,3,NOAA20,2019-10-13 05:58:00
105.69591522,-3.68863606,2019-10-13 12:00:00,LAPAN,Aqua,Verified Fire,SUMSEL,5654,2019,2019:5654,2019,5652,475561,0.08891061262764387,362.0,False,False,-58.0,6,NOAA20,2019-10-13 05:58:00
105.65291595,-3.28211713,2019-10-13 12:00:00,LAPAN,Aqua,Verified Fire,SUMSEL,5656,2019,2019:5656,2019,5654,475685,0.38652304151241235,362.0,False,False,-58.0,1,NOAA20,2019-10-13 05:58:00
105.55996704,-3.40315914,2019-10-13 12:00:00,LAPAN,Aqua,Verified Fire,SUMSEL,5657,2019,2019:5657,2019,5655,475784,0.2973442694707237,362.0,False,False,-58.0,2,NOAA20,2019-10-13 05:58:00
105.64990234,-3.25660372,2019-10-13 12:00:00,LAPAN,Aqua,Verified Fire,SUMSEL,5658,2019,2019:5658,2019,5656,475649,0.3648298666113445,362.0,False,False,-58.0,1,NOAA20,2019-10-13 05:58:00
105.53025055,-3.74905109,2019-10-13 12:00:00,LAPAN,Aqua,Verified Fire,SUMSEL,5660,2019,2019:5660,2019,5658,475502,0.3529105399184663,362.0,False,False,-58.0,2,NOAA20,2019-10-13 05:58:00
105.18180847,-3.07360268,2019-10-13 12:00:00,LAPAN,Aqua,Verified Fire,SUMSEL,5662,2019,2019:5662,2019,5660,477046,0.3066884112456318,362.0,False,False,-58.0,3,NOAA20,2019-10-13 05:58:00
104.056427,-1.99644172,2019-10-13 12:00:00,LAPAN,Aqua,Verified No fire,SUMSEL MUBA,5667,2019,2019:5667,2019,5665,476543,0.3280015969841458,362.0,False,False,-58.0,1,NOAA20,2019-10-13 05:58:00
105.50014496,-3.7997303,2019-10-13 12:00:00,LAPAN,Aqua,Verified Fire,SUMSEL,5668,2019,2019:5668,2019,5666,475447,0.3208916321922614,362.0,False,False,-58.0,3,NOAA20,2019-10-13 05:58:00
105.29877472,-3.10832143,2019-10-13 12:00:00,LAPAN,Aqua,Fire inside Sitrep,SUMSEL,5673,2019,2019:5673,2019,5671,477116,0.142427978884132,362.0,False,False,-58.0,3,NOAA20,2019-10-13 05:58:00
105.33699799,-3.11212206,2019-10-13 12:00:00,LAPAN,Aqua,Fire inside Sitrep,SUMSEL,5675,2019,2019:5675,2019,5673,475949,0.3184611352717107,362.0,False,False,-58.0,2,NOAA20,2019-10-13 05:58:00
105.2853241,-2.84278846,2019-10-13 12:00:00,LAPAN,Aqua,Verified Fire,SUMSEL,5680,2019,2019:5680,2019,5678,476842,0.3507486353029421,362.0,False,False,-58.0,2,NOAA20,2019-10-13 05:58:00
105.52842712,-3.30001974,2019-10-13 12:00:00,LAPAN,Aqua,Fire inside Sitrep,SUMSEL,5683,2019,2019:5683,2019,5681,475692,0.31649382377421054,362.0,False,False,-58.0,1,NOAA20,2019-10-13 05:58:00
105.54465485,-3.85462785,2019-10-13 12:00:00,LAPAN,Aqua,Verified Fire,SUMSEL,5688,2019,2019:5688,2019,5686,476150,0.3034617320370424,362.0,False,False,-58.0,2,NOAA20,2019-10-13 05:58:00
105.6079483,-3.77463579,2019-10-13 12:00:00,LAPAN,Aqua,Verified Fire,SUMSEL,5689,2019,2019:5689,2019,5687,475454,0.35160626745329476,362.0,False,False,-58.0,1,NOAA20,2019-10-13 05:58:00
105.52178192,-3.24825191,2019-10-13 12:00:00,LAPAN,Aqua,Fire inside Sitrep,SUMSEL,5690,2019,2019:5690,2019,5688,477245,0.3752782035869464,362.0,False,False,-58.0,2,NOAA20,2019-10-13 05:58:00
105.42184448,-3.18297386,2019-10-13 12:00:00,LAPAN,Aqua,Fire inside Sitrep,SUMSEL,5694,2019,2019:5694,2019,5692,477188,0.317440034362617,362.0,False,False,-58.0,3,NOAA20,2019-10-13 05:58:00
105.41281891,-3.18433166,2019-10-13 12:00:00,LAPAN,Aqua,Fire inside Sitrep,SUMSEL,5695,2019,2019:5695,2019,5693,477187,0.37320997250283583,362.0,False,False,-58.0,2,NOAA20,2019-10-13 05:58:00
105.64995575,-3.53457761,2019-10-13 12:00:00,LAPAN,Aqua,Verified Fire,SUMSEL,5702,2019,2019:5702,2019,5700,475852,0.3143934312553021,362.0,False,False,-58.0,1,NOAA20,2019-10-13 05:58:00
105.7620163,-3.63504934,2019-10-13 12:00:00,LAPAN,Aqua,Verified Fire,SUMSEL,5703,2019,2019:5703,2019,5701,475595,0.3000630792054732,362.0,False,False,-58.0,2,NOAA20,2019-10-13 05:58:00
105.62171173,-3.05290365,2019-10-13 12:00:00,LAPAN,Aqua,Fire inside Sitrep,SUMSEL,5706,2019,2019:5706,2019,5704,477109,0.14553253531049862,362.0,False,False,-58.0,5,NOAA20,2019-10-13 05:58:00
105.52974701,-3.30900741,2019-10-13 12:00:00,LAPAN,Aqua,Verified Fire,SUMSEL,5709,2019,2019:5709,2019,5707,475707,0.350098647564483,362.0,False,False,-58.0,2,NOAA20,2019-10-13 05:58:00
105.61222076,-3.03737092,2019-10-13 12:00:00,LAPAN,Aqua,Verified Fire,SUMSEL,5710,2019,2019:5710,2019,5708,477078,0.2986731723652917,362.0,False,False,-58.0,2,NOAA20,2019-10-13 05:58:00
105.80241394,-3.33269215,2019-10-13 12:00:00,LAPAN,Aqua,Verified Fire,SUMSEL,5711,2019,2019:5711,2019,5709,475762,0.31206236894067324,362.0,False,False,-58.0,2,NOAA20,2019-10-13 05:58:00
104.0455246,-1.99802351,2019-10-13 12:00:00,LAPAN,Aqua,Verified Fire,SUMSEL MUBA,5713,2019,2019:5713,2019,5711,476542,0.4776123002174974,362.0,False,False,-58.0,1,NOAA20,2019-10-13 05:58:00
104.0375061,-2.0191648,2019-10-13 12:00:00,LAPAN,Aqua,Verified No fire,SUMSEL MUBA,5715,2019,2019:5715,2019,5713,476551,0.3268861665842422,362.0,False,False,-58.0,1,NOAA20,2019-10-13 05:58:00
105.62219238,-3.25163984,2019-10-13 12:00:00,LAPAN,Aqua,Verified Fire,SUMSEL,5719,2019,2019:5719,2019,5717,477282,0.2988540748161994,362.0,False,False,-58.0,1,NOAA20,2019-10-13 05:58:00
105.47134399,-3.72969484,2019-10-13 12:00:00,LAPAN,Aqua,Verified Fire,SUMSEL,5720,2019,2019:5720,2019,5718,475521,0.3550487273472734,362.0,False,False,-58.0,3,NOAA20,2019-10-13 05:58:00
105.48055267,-3.72838163,2019-10-13 12:00:00,LAPAN,Aqua,Verified Fire,SUMSEL,5721,2019,2019:5721,2019,5719,475519,0.35393425524470573,362.0,False,False,-58.0,4,NOAA20,2019-10-13 05:58:00
105.47003937,-3.72059655,2019-10-13 12:00:00,LAPAN,Aqua,Fire inside Sitrep,SUMSEL,5725,2019,2019:5725,2019,5723,475564,0.11533597788791955,362.0,False,False,-58.0,6,NOAA20,2019-10-13 05:58:00
105.69861603,-3.97691512,2019-10-13 12:00:00,LAPAN,Aqua,Verified Fire,SUMSEL,5727,2019,2019:5727,2019,5725,476074,0.3900120520720735,362.0,False,False,-58.0,1,NOAA20,2019-10-13 05:58:00
105.70755005,-3.97560644,2019-10-13 12:00:00,LAPAN,Aqua,Verified Fire,SUMSEL,5728,2019,2019:5728,2019,5726,476071,0.321669946752764,362.0,False,False,-58.0,3,NOAA20,2019-10-13 05:58:00
105.85532379,-3.86420035,2019-10-13 12:00:00,LAPAN,Aqua,Verified Fire,SUMSEL,5731,2019,2019:5731,2019,5729,476134,0.3420847882998133,362.0,False,False,-58.0,2,NOAA20,2019-10-13 05:58:00
105.75498962,-3.78791356,2019-10-13 12:00:00,LAPAN,Aqua,Verified Fire,SUMSEL,5733,2019,2019:5733,2019,5731,476206,0.1946836781810633,362.0,False,False,-58.0,4,NOAA20,2019-10-13 05:58:00
104.32074738,-2.02658486,2019-10-13 12:00:00,LAPAN,Aqua,Fire inside Sitrep,SUMSEL MUBA,5736,2019,2019:5736,2019,5734,476559,0.32758847568463406,362.0,False,False,-58.0,4,NOAA20,2019-10-13 05:58:00
104.31183624,-2.03773379,2019-10-13 12:00:00,LAPAN,Aqua,Fire inside Sitrep,SUMSEL MUBA,5737,2019,2019:5737,2019,5735,476567,0.32821298981381514,362.0,False,False,-58.0,2,NOAA20,2019-10-13 05:58:00
104.31324768,-2.04733157,2019-10-13 12:00:00,LAPAN,Aqua,Fire inside Sitrep,SUMSEL MUBA,5739,2019,2019:5739,2019,5737,476574,0.35994307709665974,362.0,False,False,-58.0,2,NOAA20,2019-10-13 05:58:00
105.6230011,-3.06180978,2019-10-13 12:00:00,LAPAN,Aqua,Fire inside Sitrep,SUMSEL,5746,2019,2019:5746,2019,5744,477117,0.1461798586473646,362.0,False,False,-58.0,3,NOAA20,2019-10-13 05:58:00
105.78820038,-3.76633573,2019-10-13 12:00:00,LAPAN,Aqua,Verified Fire,SUMSEL,5751,2019,2019:5751,2019,5749,475424,0.3139196987036083,362.0,False,False,-58.0,2,NOAA20,2019-10-13 05:58:00
105.76932526,-3.76003504,2019-10-13 12:00:00,LAPAN,Aqua,Verified Fire,SUMSEL,5752,2019,2019:5752,2019,5750,475443,0.3136583914699633,362.0,False,False,-58.0,1,NOAA20,2019-10-13 05:58:00
105.28399658,-2.83371162,2019-10-13 12:00:00,LAPAN,Aqua,Verified Fire,SUMSEL,5754,2019,2019:5754,2019,5752,476840,0.3017571353872782,362.0,False,False,-58.0,1,NOAA20,2019-10-13 05:58:00
105.56009674,-3.82783866,2019-10-13 12:00:00,LAPAN,Aqua,Fire inside Sitrep,SUMSEL,5755,2019,2019:5755,2019,5753,476166,0.30598727020364763,362.0,False,False,-58.0,3,NOAA20,2019-10-13 05:58:00
105.58342743,-3.79667592,2019-10-13 12:00:00,LAPAN,Aqua,Fire inside Sitrep,SUMSEL,5756,2019,2019:5756,2019,5754,475425,0.3205393213819187,362.0,False,False,-58.0,1,NOAA20,2019-10-13 05:58:00
105.41979218,-3.76495385,2019-10-13 12:00:00,LAPAN,Aqua,Fire inside Sitrep,SUMSEL,5757,2019,2019:5757,2019,5755,475496,0.32221661908078797,362.0,False,False,-58.0,1,NOAA20,2019-10-13 05:58:00
105.61351776,-3.0462749,2019-10-13 12:00:00,LAPAN,Aqua,Fire inside Sitrep,SUMSEL,5762,2019,2019:5762,2019,5760,477097,0.36429538865955297,362.0,False,False,-58.0,2,NOAA20,2019-10-13 05:58:00
105.65641785,-3.5793283,2019-10-13 12:00:00,LAPAN,Aqua,Verified Fire,SUMSEL,5763,2019,2019:5763,2019,5761,475622,0.31411364523589397,362.0,False,False,-58.0,2,NOAA20,2019-10-13 05:58:00
105.3225708,-3.14207315,2019-10-13 12:00:00,LAPAN,Aqua,Fire inside Sitrep,SUMSEL,5764,2019,2019:5764,2019,5762,477160,0.31790586350046635,362.0,False,False,-58.0,2,NOAA20,2019-10-13 05:58:00
105.29454041,-2.92141485,2019-10-13 12:00:00,LAPAN,Aqua,Verified Fire,SUMSEL,5768,2019,2019:5768,2019,5766,476869,0.35173397764073433,362.0,False,False,-58.0,1,NOAA20,2019-10-13 05:58:00
105.45150757,-3.78828549,2019-10-13 12:00:00,LAPAN,Aqua,Fire inside Sitrep,SUMSEL,5769,2019,2019:5769,2019,5767,475470,0.3217716440697511,362.0,False,False,-58.0,1,NOAA20,2019-10-13 05:58:00
105.56939697,-3.83260536,2019-10-13 12:00:00,LAPAN,Aqua,Fire inside Sitrep,SUMSEL,5770,2019,2019:5770,2019,5768,476160,0.3505511054394606,362.0,False,False,-58.0,2,NOAA20,2019-10-13 05:58:00
105.19482422,-3.11382866,2019-10-13 12:00:00,LAPAN,Aqua,Fire inside Sitrep,SUMSEL,5772,2019,2019:5772,2019,5770,477103,0.23803662510314025,362.0,False,False,-58.0,4,NOAA20,2019-10-13 05:58:00
105.78809357,-3.55967093,2019-10-13 12:00:00,LAPAN,Aqua,Verified Fire,SUMSEL,5776,2019,2019:5776,2019,5774,475625,0.34295270032539643,362.0,False,False,-58.0,1,NOAA20,2019-10-13 05:58:00
105.53552246,-3.85593796,2019-10-13 12:00:00,LAPAN,Aqua,Verified Fire,SUMSEL,5779,2019,2019:5779,2019,5777,476155,0.35194618063587396,362.0,False,False,-58.0,1,NOAA20,2019-10-13 05:58:00
105.47431946,-3.30778742,2019-10-13 12:00:00,LAPAN,Aqua,Fire inside Sitrep,SUMSEL,5783,2019,2019:5783,2019,5781,475693,0.3199495306561298,362.0,False,False,-58.0,2,NOAA20,2019-10-13 05:58:00
105.56903076,-3.25957155,2019-10-13 12:00:00,LAPAN,Aqua,Fire inside Sitrep,SUMSEL,5784,2019,2019:5784,2019,5782,477278,0.3709638144726497,362.0,False,False,-58.0,2,NOAA20,2019-10-13 05:58:00
105.74304962,-3.90646696,2019-10-13 12:00:00,LAPAN,Aqua,Fire inside Sitrep,SUMSEL,5787,2019,2019:5787,2019,5785,476102,0.35946638013282683,362.0,False,False,-58.0,1,NOAA20,2019-10-13 05:58:00
105.28535461,-2.92275143,2019-10-13 12:00:00,LAPAN,Aqua,Verified Fire,SUMSEL,5790,2019,2019:5790,2019,5788,476868,0.40752157079263,362.0,False,False,-58.0,1,NOAA20,2019-10-13 05:58:00
105.28951263,-3.10964298,2019-10-13 12:00:00,LAPAN,Aqua,Fire inside Sitrep,SUMSEL,5791,2019,2019:5791,2019,5789,476016,0.3835427950892903,362.0,False,False,-58.0,1,NOAA20,2019-10-13 05:58:00
105.21659088,-3.04977584,2019-10-13 12:00:00,LAPAN,Aqua,Fire inside Sitrep,SUMSEL,5792,2019,2019:5792,2019,5790,477025,0.3526349949913425,362.0,False,False,-58.0,1,NOAA20,2019-10-13 05:58:00
105.19258118,-3.00175762,2019-10-13 12:00:00,LAPAN,Aqua,Fire inside Sitrep,SUMSEL,5793,2019,2019:5793,2019,5791,476971,0.24916540856781685,362.0,False,False,-58.0,5,NOAA20,2019-10-13 05:58:00
105.50801849,-3.78930664,2019-10-13 12:00:00,LAPAN,Aqua,Fire inside Sitrep,SUMSEL,5797,2019,2019:5797,2019,5795,475456,0.353203143879434,362.0,False,False,-58.0,2,NOAA20,2019-10-13 05:58:00
105.65380859,-3.56143212,2019-10-13 12:00:00,LAPAN,Aqua,Verified Fire,SUMSEL,5801,2019,2019:5801,2019,5799,475639,0.39389934201679316,362.0,False,False,-58.0,1,NOAA20,2019-10-13 05:58:00
104.33106995,-2.0250423,2019-10-13 12:00:00,LAPAN,Aqua,Fire inside Sitrep,SUMSEL MUBA,5805,2019,2019:5805,2019,5803,476560,0.327634610807583,362.0,False,False,-58.0,1,NOAA20,2019-10-13 05:58:00
104.05121613,-2.0093224,2019-10-13 12:00:00,LAPAN,Aqua,Verified Fire,SUMSEL MUBA,5806,2019,2019:5806,2019,5804,476549,0.037104482514192114,362.0,False,False,-58.0,2,NOAA20,2019-10-13 05:58:00
105.47926331,-3.71929574,2019-10-13 12:00:00,LAPAN,Aqua,Verified Fire,SUMSEL,5807,2019,2019:5807,2019,5805,475563,0.10678588212097603,362.0,False,False,-58.0,4,NOAA20,2019-10-13 05:58:00
105.46081543,-3.72190166,2019-10-13 12:00:00,LAPAN,Aqua,Verified Fire,SUMSEL,5808,2019,2019:5808,2019,5806,475570,0.3973575001962446,362.0,False,False,-58.0,2,NOAA20,2019-10-13 05:58:00
105.55621338,-3.44043231,2019-10-13 12:00:00,LAPAN,Aqua,Verified Fire,SUMSEL,5811,2019,2019:5811,2019,5809,475808,0.34623638672098833,362.0,False,False,-58.0,3,NOAA20,2019-10-13 05:58:00
105.22294617,-3.10982561,2019-10-13 12:00:00,LAPAN,Aqua,Fire inside Sitrep,SUMSEL,5813,2019,2019:5813,2019,5811,477105,0.21184160139468114,362.0,False,False,-58.0,5,NOAA20,2019-10-13 05:58:00
105.18986511,-3.06304622,2019-10-13 12:00:00,LAPAN,Aqua,Fire inside Sitrep,SUMSEL,5814,2019,2019:5814,2019,5812,477031,0.35222187572138275,362.0,False,False,-58.0,1,NOAA20,2019-10-13 05:58:00
105.49879456,-3.28587508,2019-10-13 12:00:00,LAPAN,Aqua,Fire inside Sitrep,SUMSEL,5816,2019,2019:5816,2019,5814,475675,0.36973845942281247,362.0,False,False,-58.0,1,NOAA20,2019-10-13 05:58:00
105.46656036,-3.3181262,2019-10-13 12:00:00,LAPAN,Aqua,Fire inside Sitrep,SUMSEL,5817,2019,2019:5817,2019,5815,475703,0.39933924718957486,362.0,False,False,-58.0,1,NOAA20,2019-10-13 05:58:00
105.42054749,-3.17392993,2019-10-13 12:00:00,LAPAN,Aqua,Fire inside Sitrep,SUMSEL,5818,2019,2019:5818,2019,5816,477179,0.31736461373277103,362.0,False,False,-58.0,3,NOAA20,2019-10-13 05:58:00
105.46524811,-3.30909157,2019-10-13 12:00:00,LAPAN,Aqua,Fire inside Sitrep,SUMSEL,5821,2019,2019:5821,2019,5819,475683,0.3520751180288502,362.0,False,False,-58.0,3,NOAA20,2019-10-13 05:58:00
105.47917175,-3.78424931,2019-10-13 12:00:00,LAPAN,Aqua,Fire inside Sitrep,SUMSEL,5827,2019,2019:5827,2019,5825,475479,0.35367111786040617,362.0,False,False,-58.0,2,NOAA20,2019-10-13 05:58:00
105.61952209,-3.5756669,2019-10-13 12:00:00,LAPAN,Aqua,Verified Fire,SUMSEL,5831,2019,2019:5831,2019,5829,475633,0.3151370343473413,362.0,False,False,-58.0,1,NOAA20,2019-10-13 05:58:00
105.41148376,-3.17529058,2019-10-13 12:00:00,LAPAN,Aqua,Fire inside Sitrep,SUMSEL,5833,2019,2019:5833,2019,5831,477178,0.37417694100217097,362.0,False,False,-58.0,2,NOAA20,2019-10-13 05:58:00
105.58679962,-3.25692129,2019-10-13 12:00:00,LAPAN,Aqua,Verified Fire,SUMSEL,5834,2019,2019:5834,2019,5832,477279,0.29854884402240545,362.0,False,False,-58.0,4,NOAA20,2019-10-13 05:58:00
104.33248901,-2.03461814,2019-10-13 12:00:00,LAPAN,Aqua,Fire inside Sitrep,SUMSEL MUBA,5835,2019,2019:5835,2019,5833,476571,0.3279687959653178,362.0,False,False,-58.0,2,NOAA20,2019-10-13 05:58:00
104.32219696,-2.03616953,2019-10-13 12:00:00,LAPAN,Aqua,Fire inside Sitrep,SUMSEL MUBA,5836,2019,2019:5836,2019,5834,476569,0.3259457902165719,362.0,False,False,-58.0,4,NOAA20,2019-10-13 05:58:00
105.54724121,-3.44174075,2019-10-13 12:00:00,LAPAN,Aqua,Verified Fire,SUMSEL,5839,2019,2019:5839,2019,5837,475806,0.3459446390693983,362.0,False,False,-58.0,3,NOAA20,2019-10-13 05:58:00
105.51280975,-3.24958014,2019-10-13 12:00:00,LAPAN,Aqua,Fire inside Sitrep,SUMSEL,5843,2019,2019:5843,2019,5841,477243,0.2983592585658252,362.0,False,False,-58.0,2,NOAA20,2019-10-13 05:58:00
105.71904755,-3.78571463,2019-10-13 12:00:00,LAPAN,Aqua,Verified Fire,SUMSEL,5846,2019,2019:5846,2019,5844,476215,0.38989897251176125,362.0,False,False,-58.0,1,NOAA20,2019-10-13 05:58:00
105.261535645,-2.91799545288,2019-10-13 13:00:00,LAPAN,Aqua,Verified Fire,SUMSEL,5857,2019,2019:5857,2019,5855,1164117,0.2672463302717474,371.0,False,False,-49.0,3,SNPP,2019-10-13 06:49:00
105.499069214,-3.2748978138,2019-10-13 13:00:00,LAPAN,Aqua,Fire inside Sitrep,SUMSEL,5862,2019,2019:5862,2019,5860,1163064,0.4108725521571506,371.0,False,False,-49.0,1,SNPP,2019-10-13 06:49:00
105.649208069,-3.27838087082,2019-10-13 13:00:00,LAPAN,Aqua,Verified Fire,SUMSEL,5871,2019,2019:5871,2019,5869,1162090,0.32712849713805026,371.0,False,False,-49.0,2,SNPP,2019-10-13 06:49:00
105.556159973,-3.43643045425,2019-10-13 13:00:00,LAPAN,Aqua,Verified Fire,SUMSEL,5872,2019,2019:5872,2019,5870,1162279,0.2750040642037943,371.0,False,False,-49.0,2,SNPP,2019-10-13 06:49:00
105.210258484,-3.04442310333,2019-10-13 13:00:00,LAPAN,Aqua,Fire inside Sitrep,SUMSEL,5879,2019,2019:5879,2019,5877,1164337,0.1432953952454507,371.0,False,False,-49.0,2,SNPP,2019-10-13 06:49:00
105.327575684,-3.14343476295,2019-10-13 13:00:00,LAPAN,Aqua,Fire inside Sitrep,SUMSEL,5882,2019,2019:5882,2019,5880,1162892,0.049441600846932506,371.0,False,False,-49.0,3,SNPP,2019-10-13 06:49:00
105.315711975,-3.14686012268,2019-10-13 13:00:00,LAPAN,Aqua,Fire inside Sitrep,SUMSEL,5883,2019,2019:5883,2019,5881,1162891,0.21032420959885129,371.0,False,False,-49.0,1,SNPP,2019-10-13 06:49:00
105.206314087,-3.10977172852,2019-10-13 13:00:00,LAPAN,Aqua,Fire inside Sitrep,SUMSEL,5885,2019,2019:5885,2019,5883,1162810,0.280820195802108,371.0,False,False,-49.0,1,SNPP,2019-10-13 06:49:00
105.204421997,-3.09715342522,2019-10-13 13:00:00,LAPAN,Aqua,Fire inside Sitrep,SUMSEL,5886,2019,2019:5886,2019,5884,1162800,0.22583673965324125,371.0,False,False,-49.0,4,SNPP,2019-10-13 06:49:00
105.254371643,-2.90649795532,2019-10-13 13:00:00,LAPAN,Aqua,Verified Fire,SUMSEL,5887,2019,2019:5887,2019,5885,1164104,0.20524759307054127,371.0,False,False,-49.0,2,SNPP,2019-10-13 06:49:00
105.280632019,-2.91509342194,2019-10-13 13:00:00,LAPAN,Aqua,Verified Fire,SUMSEL,5888,2019,2019:5888,2019,5886,1164129,0.25103392042632355,371.0,False,False,-49.0,3,SNPP,2019-10-13 06:49:00
104.332969666,-2.03754138947,2019-10-13 13:00:00,LAPAN,Aqua,Fire inside Sitrep,SUMSEL MUBA,5910,2019,2019:5910,2019,5908,1163643,0.42262101389946455,371.0,False,False,-49.0,1,SNPP,2019-10-13 06:49:00
104.316207886,-2.04005932808,2019-10-13 13:00:00,LAPAN,Aqua,Fire inside Sitrep,SUMSEL MUBA,5914,2019,2019:5914,2019,5912,1163639,0.1986365761880583,371.0,False,False,-49.0,4,SNPP,2019-10-13 06:49:00
104.105300903,-1.69243001938,2019-10-13 13:00:00,LAPAN,Aqua,Fire inside Sitrep,SUMSEL MUBA,5915,2019,2019:5915,2019,5913,1163371,0.2770831950273132,371.0,False,False,-49.0,2,SNPP,2019-10-13 06:49:00
105.419700623,-3.18316078186,2019-10-13 13:00:00,LAPAN,Aqua,Fire inside Sitrep,SUMSEL,5917,2019,2019:5917,2019,5915,1162925,0.2768056749135057,371.0,False,False,-49.0,2,SNPP,2019-10-13 06:49:00
104.2996521,-2.0425465107,2019-10-13 13:00:00,LAPAN,Aqua,Fire inside Sitrep,SUMSEL MUBA,5918,2019,2019:5918,2019,5916,1163645,0.3492032970813149,371.0,False,False,-49.0,2,SNPP,2019-10-13 06:49:00
104.271697998,-2.01495361328,2019-10-13 13:00:00,LAPAN,Aqua,Fire inside Sitrep,SUMSEL MUBA,5927,2019,2019:5927,2019,5925,1163618,0.21392176944471028,371.0,False,False,-49.0,4,SNPP,2019-10-13 06:49:00
105.440841675,-2.55068182945,2019-10-13 13:00:00,LAPAN,Aqua,Verified No fire,SUMSEL,5928,2019,2019:5928,2019,5926,1163895,0.3980509979903058,371.0,False,False,-49.0,3,SNPP,2019-10-13 06:49:00
105.545211792,-3.4003200531,2019-10-13 13:00:00,LAPAN,Aqua,Verified Fire,SUMSEL,5930,2019,2019:5930,2019,5928,1162228,0.1485401793693736,371.0,False,False,-49.0,1,SNPP,2019-10-13 06:49:00
104.053749084,-1.99865865707,2019-10-13 13:00:00,LAPAN,Aqua,Verified No fire,SUMSEL MUBA,5932,2019,2019:5932,2019,5930,1163588,0.4071338058256981,371.0,False,False,-49.0,1,SNPP,2019-10-13 06:49:00
105.356590271,-2.61641764641,2019-10-13 13:00:00,LAPAN,Aqua,Verified No fire,SUMSEL,5935,2019,2019:5935,2019,5933,1163946,0.1543608541632367,371.0,False,False,-49.0,3,SNPP,2019-10-13 06:49:00
104.331214905,-2.02555680275,2019-10-13 13:00:00,LAPAN,Aqua,Fire inside Sitrep,SUMSEL MUBA,5938,2019,2019:5938,2019,5936,1163628,0.28543100561066087,371.0,False,False,-49.0,2,SNPP,2019-10-13 06:49:00
105.615188599,-3.0474653244,2019-10-13 13:00:00,LAPAN,Aqua,Fire inside Sitrep,SUMSEL,5941,2019,2019:5941,2019,5939,1162848,0.37813630055136704,371.0,False,False,-49.0,3,SNPP,2019-10-13 06:49:00
105.560661316,-3.82868385315,2019-10-13 13:00:00,LAPAN,Aqua,Fire inside Sitrep,SUMSEL,5944,2019,2019:5944,2019,5942,1162516,0.0907127975007412,371.0,False,False,-49.0,2,SNPP,2019-10-13 06:49:00
104.17414856,-1.70639073849,2019-10-13 13:00:00,LAPAN,Aqua,Verified No fire,SUMSEL MUBA,5949,2019,2019:5949,2019,5947,1163388,0.4655405227321642,371.0,False,False,-49.0,1,SNPP,2019-10-13 06:49:00
105.45905304,-3.71433520317,2019-10-13 13:00:00,LAPAN,Aqua,Verified Fire,SUMSEL,5951,2019,2019:5951,2019,5949,1162382,0.08445438886382395,371.0,False,False,-49.0,1,SNPP,2019-10-13 06:49:00
105.342918396,-3.11508107185,2019-10-13 13:00:00,LAPAN,Aqua,Fire inside Sitrep,SUMSEL,5954,2019,2019:5954,2019,5952,1162876,0.331164876772206,371.0,False,False,-49.0,1,SNPP,2019-10-13 06:49:00
102.914779663,-0.870023906231,2019-10-13 13:00:00,LAPAN,Aqua,Verified Fire,JAMBI SMF,5956,2019,2019:5956,2019,5954,1164388,0.2779956935682634,370.0,False,False,-50.0,4,SNPP,2019-10-13 06:50:00
104.039657593,-2.0127222538,2019-10-13 13:00:00,LAPAN,Aqua,Verified Fire,SUMSEL MUBA,5957,2019,2019:5957,2019,5955,1163600,0.13599935094395,371.0,False,False,-49.0,4,SNPP,2019-10-13 06:49:00
105.480171204,-3.72415184975,2019-10-13 13:00:00,LAPAN,Aqua,Fire inside Sitrep,SUMSEL,5958,2019,2019:5958,2019,5956,1162402,0.2147098717916294,371.0,False,False,-49.0,6,SNPP,2019-10-13 06:49:00
105.22341156,-3.00362634659,2019-10-13 13:00:00,LAPAN,Aqua,Fire inside Sitrep,SUMSEL,5961,2019,2019:5961,2019,5959,1164277,0.48011742155439185,371.0,False,False,-49.0,1,SNPP,2019-10-13 06:49:00
105.181938171,-3.07482290268,2019-10-13 13:00:00,LAPAN,Aqua,Verified Fire,SUMSEL,5970,2019,2019:5970,2019,5968,1162766,0.16285520932092012,371.0,False,False,-49.0,2,SNPP,2019-10-13 06:49:00
104.18039703,-1.69903564,2019-10-14 01:00:00,LAPAN,Aqua,Verified Fire,SUMSEL MUBA,5972,2019,2019:5972,2019,5970,478622,0.2518115715083658,380.0,False,False,-40.0,2,NOAA20,2019-10-13 18:40:00
105.21741486,-3.10703564,2019-10-14 01:00:00,LAPAN,Aqua,Fire inside Sitrep,SUMSEL,5973,2019,2019:5973,2019,5971,477658,0.33673521951314256,380.0,False,False,-40.0,3,NOAA20,2019-10-13 18:40:00
105.20836639,-3.09753084,2019-10-14 01:00:00,LAPAN,Aqua,Fire inside Sitrep,SUMSEL,5974,2019,2019:5974,2019,5972,477646,0.3060652053821538,380.0,False,False,-40.0,4,NOAA20,2019-10-13 18:40:00
105.81141663,-3.88901281,2019-10-14 01:00:00,LAPAN,Aqua,Verified Fire,SUMSEL,5975,2019,2019:5975,2019,5973,477890,0.3101646768173242,380.0,False,False,-40.0,3,NOAA20,2019-10-13 18:40:00
105.41742706,-3.30438209,2019-10-14 01:00:00,LAPAN,Aqua,Verified Fire,SUMSEL,5976,2019,2019:5976,2019,5974,477808,0.24884116949144286,380.0,False,False,-40.0,4,NOAA20,2019-10-13 18:40:00
104.2498703,-1.7733649,2019-10-14 01:00:00,LAPAN,Aqua,Fire inside Sitrep,SUMSEL MUBA,5977,2019,2019:5977,2019,5975,478592,0.2506366737421662,380.0,False,False,-40.0,2,NOAA20,2019-10-13 18:40:00
103.44445038,-2.40741658,2019-10-14 01:00:00,LAPAN,Aqua,Verified No fire,SUMSEL MUBA,5978,2019,2019:5978,2019,5976,478075,0.2935989019279998,380.0,False,False,-40.0,3,NOAA20,2019-10-13 18:40:00
104.30979156,-2.04519749,2019-10-14 01:00:00,LAPAN,Aqua,Fire inside Sitrep,SUMSEL MUBA,5979,2019,2019:5979,2019,5977,478030,0.052224082909611856,380.0,False,False,-40.0,6,NOAA20,2019-10-13 18:40:00
103.97238922,-1.9470818,2019-10-14 01:00:00,LAPAN,Aqua,Verified Fire,SUMSEL MUBA,5980,2019,2019:5980,2019,5978,477961,0.24650909358768913,380.0,False,False,-40.0,3,NOAA20,2019-10-13 18:40:00
103.95046997,-1.92135227,2019-10-14 01:00:00,LAPAN,Aqua,Fire inside Sitrep,SUMSEL MUBA,5981,2019,2019:5981,2019,5979,478244,0.29172858142101216,380.0,False,False,-40.0,2,NOAA20,2019-10-13 18:40:00
104.31971741,-2.03916717,2019-10-14 01:00:00,LAPAN,Aqua,Fire inside Sitrep,SUMSEL MUBA,5982,2019,2019:5982,2019,5980,478017,0.047256514328377255,380.0,False,False,-40.0,7,NOAA20,2019-10-13 18:40:00
104.33083344,-2.02572107,2019-10-14 01:00:00,LAPAN,Aqua,Fire inside Sitrep,SUMSEL MUBA,5983,2019,2019:5983,2019,5981,477984,0.25431645374627504,380.0,False,False,-40.0,4,NOAA20,2019-10-13 18:40:00
104.05044556,-2.00413537,2019-10-14 01:00:00,LAPAN,Aqua,Verified Fire,SUMSEL MUBA,5984,2019,2019:5984,2019,5982,478022,0.1978943307574299,380.0,False,False,-40.0,8,NOAA20,2019-10-13 18:40:00
105.79740143,-3.87830901,2019-10-14 01:00:00,LAPAN,Aqua,Verified Fire,SUMSEL,5985,2019,2019:5985,2019,5983,477894,0.30931543655564925,380.0,False,False,-40.0,2,NOAA20,2019-10-13 18:40:00
105.79016876,-3.60661697,2019-10-14 12:00:00,LAPAN,Aqua,Verified Fire,SUMSEL,5999,2019,2019:5999,2019,5997,480219,0.3170617304902062,381.0,False,False,-39.0,2,NOAA20,2019-10-14 05:39:00
105.54493713,-3.40381765,2019-10-14 12:00:00,LAPAN,Aqua,Fire inside Sitrep,SUMSEL,6006,2019,2019:6006,2019,6004,481413,0.32187179119553944,381.0,False,False,-39.0,2,NOAA20,2019-10-14 05:39:00
105.204193115,-3.01110196114,2019-10-14 12:00:00,LAPAN,Aqua,Fire inside Sitrep,SUMSEL,6010,2019,2019:6010,2019,6008,481080,0.15478586024917823,381.0,False,False,-39.0,3,NOAA20,2019-10-14 05:39:00
105.331604,-3.11539125,2019-10-14 12:00:00,LAPAN,Aqua,Fire inside Sitrep,SUMSEL,6011,2019,2019:6011,2019,6009,481136,0.38984866196541756,381.0,False,False,-39.0,1,NOAA20,2019-10-14 05:39:00
105.41461945,-3.30341721,2019-10-14 12:00:00,LAPAN,Aqua,Verified Fire,SUMSEL,6018,2019,2019:6018,2019,6016,481294,0.34658864309621096,381.0,False,False,-39.0,2,NOAA20,2019-10-14 05:39:00
105.53696442,-3.26077366,2019-10-14 12:00:00,LAPAN,Aqua,Verified Fire,SUMSEL,6024,2019,2019:6024,2019,6022,481261,0.34170401272729534,381.0,False,False,-39.0,1,NOAA20,2019-10-14 05:39:00
105.671089172,-3.69055724144,2019-10-14 12:00:00,LAPAN,Aqua,Fire inside Sitrep,SUMSEL,6030,2019,2019:6030,2019,6028,480260,0.28752221767248154,381.0,False,False,-39.0,1,NOAA20,2019-10-14 05:39:00
105.76217651,-3.61063957,2019-10-14 12:00:00,LAPAN,Aqua,Fire inside Sitrep,SUMSEL,6034,2019,2019:6034,2019,6032,480218,0.31803865435757567,381.0,False,False,-39.0,1,NOAA20,2019-10-14 05:39:00
105.28033447,-3.10994577,2019-10-14 12:00:00,LAPAN,Aqua,Fire inside Sitrep,SUMSEL,6038,2019,2019:6038,2019,6036,481122,0.29963751808527717,381.0,False,False,-39.0,3,NOAA20,2019-10-14 05:39:00
105.20124817,-3.01144719,2019-10-14 12:00:00,LAPAN,Aqua,Fire inside Sitrep,SUMSEL,6040,2019,2019:6040,2019,6038,481080,0.17545767618130462,381.0,False,False,-39.0,4,NOAA20,2019-10-14 05:39:00
105.3548584,-3.1375494,2019-10-14 12:00:00,LAPAN,Aqua,Fire inside Sitrep,SUMSEL,6041,2019,2019:6041,2019,6039,481144,0.3455337279501535,381.0,False,False,-39.0,1,NOAA20,2019-10-14 05:39:00
105.75550079,-3.78683949,2019-10-14 12:00:00,LAPAN,Aqua,Fire inside Sitrep,SUMSEL,6042,2019,2019:6042,2019,6040,480312,0.31959671930615957,381.0,False,False,-39.0,1,NOAA20,2019-10-14 05:39:00
105.491409302,-3.778028965,2019-10-14 12:00:00,LAPAN,Aqua,Verified Fire,SUMSEL,6047,2019,2019:6047,2019,6045,480277,0.363207940539933,381.0,False,False,-39.0,2,NOAA20,2019-10-14 05:39:00
105.42099762,-3.30226325989,2019-10-14 12:00:00,LAPAN,Aqua,Verified Fire,SUMSEL,6050,2019,2019:6050,2019,6048,481234,0.23838217521084687,381.0,False,False,-39.0,5,NOAA20,2019-10-14 05:39:00
105.42440796,-3.3020246,2019-10-14 12:00:00,LAPAN,Aqua,Verified Fire,SUMSEL,6051,2019,2019:6051,2019,6049,481235,0.19845682338553625,381.0,False,False,-39.0,2,NOAA20,2019-10-14 05:39:00
105.5002594,-3.27858829,2019-10-14 12:00:00,LAPAN,Aqua,Fire inside Sitrep,SUMSEL,6053,2019,2019:6053,2019,6051,481219,0.25772998707287204,381.0,False,False,-39.0,1,NOAA20,2019-10-14 05:39:00
105.52736664,-3.26212668,2019-10-14 12:00:00,LAPAN,Aqua,Verified Fire,SUMSEL,6054,2019,2019:6054,2019,6052,481196,0.28074962544176335,381.0,False,False,-39.0,3,NOAA20,2019-10-14 05:39:00
104.33779144,-2.03776288,2019-10-14 12:00:00,LAPAN,Aqua,Fire inside Sitrep,SUMSEL MUBA,6058,2019,2019:6058,2019,6056,480849,0.4053961315123553,381.0,False,False,-39.0,2,NOAA20,2019-10-14 05:39:00
104.30448914,-2.04255438,2019-10-14 12:00:00,LAPAN,Aqua,Fire inside Sitrep,SUMSEL MUBA,6065,2019,2019:6065,2019,6063,480862,0.34371484502550825,381.0,False,False,-39.0,1,NOAA20,2019-10-14 05:39:00
105.48886108,-3.26753163,2019-10-14 12:00:00,LAPAN,Aqua,Fire inside Sitrep,SUMSEL,6068,2019,2019:6068,2019,6066,481200,0.24959264734023173,381.0,False,False,-39.0,2,NOAA20,2019-10-14 05:39:00
103.433563232,-2.47865080833,2019-10-14 12:00:00,LAPAN,Aqua,Verified No fire,SUMSEL MUBA,6073,2019,2019:6073,2019,6071,480926,0.4900876670132107,381.0,False,False,-39.0,1,NOAA20,2019-10-14 05:39:00
105.48104095,-3.71915507,2019-10-14 12:00:00,LAPAN,Aqua,Fire inside Sitrep,SUMSEL,6075,2019,2019:6075,2019,6073,480263,0.34726734531222964,381.0,False,False,-39.0,1,NOAA20,2019-10-14 05:39:00
105.541801453,-3.40661716461,2019-10-14 12:00:00,LAPAN,Aqua,Fire inside Sitrep,SUMSEL,6076,2019,2019:6076,2019,6074,481413,0.3185378736823215,381.0,False,False,-39.0,1,NOAA20,2019-10-14 05:39:00
105.60370636,-3.25138831,2019-10-14 12:00:00,LAPAN,Aqua,Verified Fire,SUMSEL,6077,2019,2019:6077,2019,6075,481198,0.33948180494133584,381.0,False,False,-39.0,2,NOAA20,2019-10-14 05:39:00
104.32904053,-2.0266614,2019-10-14 12:00:00,LAPAN,Aqua,Fire inside Sitrep,SUMSEL MUBA,6089,2019,2019:6089,2019,6087,480846,0.3692888279471558,381.0,False,False,-39.0,1,NOAA20,2019-10-14 05:39:00
105.67435455,-3.69195962,2019-10-14 12:00:00,LAPAN,Aqua,Verified Fire,SUMSEL,6091,2019,2019:6091,2019,6089,480260,0.3825738011534424,381.0,False,False,-39.0,2,NOAA20,2019-10-14 05:39:00
105.6355896,-3.27199411,2019-10-14 12:00:00,LAPAN,Aqua,Fire inside Sitrep,SUMSEL,6095,2019,2019:6095,2019,6093,481297,0.3406602655407242,381.0,False,False,-39.0,3,NOAA20,2019-10-14 05:39:00
105.45050812,-2.55355644,2019-10-14 12:00:00,LAPAN,Aqua,Verified No fire,SUMSEL,6098,2019,2019:6098,2019,6096,480963,0.38891794533144225,381.0,False,False,-39.0,1,NOAA20,2019-10-14 05:39:00
105.79724121,-3.88111281,2019-10-14 12:00:00,LAPAN,Aqua,Fire inside Sitrep,SUMSEL,6105,2019,2019:6105,2019,6103,480367,0.3462170241350725,381.0,False,False,-39.0,1,NOAA20,2019-10-14 05:39:00
104.31575012,-2.04093122,2019-10-14 12:00:00,LAPAN,Aqua,Fire inside Sitrep,SUMSEL MUBA,6107,2019,2019:6107,2019,6105,480864,0.34308245694253997,381.0,False,False,-39.0,1,NOAA20,2019-10-14 05:39:00
105.42810059,-3.18241286,2019-10-14 12:00:00,LAPAN,Aqua,Verified Fire,SUMSEL,6109,2019,2019:6109,2019,6107,481165,0.32325320511116384,381.0,False,False,-39.0,2,NOAA20,2019-10-14 05:39:00
105.511428833,-3.27160429955,2019-10-14 12:00:00,LAPAN,Aqua,Fire inside Sitrep,SUMSEL,6110,2019,2019:6110,2019,6108,481221,0.4209980824560186,381.0,False,False,-39.0,2,NOAA20,2019-10-14 05:39:00
105.50730896,-3.32821536,2019-10-14 12:00:00,LAPAN,Aqua,Fire inside Sitrep,SUMSEL,6111,2019,2019:6111,2019,6109,481331,0.3443899613685427,381.0,False,False,-39.0,1,NOAA20,2019-10-14 05:39:00
105.22062683,-2.69326115,2019-10-14 12:00:00,LAPAN,Aqua,Verified No fire,SUMSEL,6112,2019,2019:6112,2019,6110,480984,0.3065583837877779,381.0,False,False,-39.0,2,NOAA20,2019-10-14 05:39:00
105.61318207,-3.25005627,2019-10-14 12:00:00,LAPAN,Aqua,Verified Fire,SUMSEL,6119,2019,2019:6119,2019,6117,481212,0.34538849213336364,381.0,False,False,-39.0,1,NOAA20,2019-10-14 05:39:00
105.50991058,-3.27722192,2019-10-14 12:00:00,LAPAN,Aqua,Verified Fire,SUMSEL,6125,2019,2019:6125,2019,6123,481221,0.26527585397872466,381.0,False,False,-39.0,4,NOAA20,2019-10-14 05:39:00
104.32678986,-2.03934312,2019-10-14 12:00:00,LAPAN,Aqua,Fire inside Sitrep,SUMSEL MUBA,6128,2019,2019:6128,2019,6126,480865,0.3426460640616637,381.0,False,False,-39.0,2,NOAA20,2019-10-14 05:39:00
105.59420776,-3.25272298,2019-10-14 12:00:00,LAPAN,Aqua,Verified Fire,SUMSEL,6133,2019,2019:6133,2019,6131,481262,0.3403663286574032,381.0,False,False,-39.0,2,NOAA20,2019-10-14 05:39:00
105.34292603,-2.61980796,2019-10-14 12:00:00,LAPAN,Aqua,Verified No fire,SUMSEL,6135,2019,2019:6135,2019,6133,480973,0.32459636605453357,381.0,False,False,-39.0,1,NOAA20,2019-10-14 05:39:00
104.310096741,-2.04247975349,2019-10-14 12:00:00,LAPAN,Aqua,Fire inside Sitrep,SUMSEL MUBA,6137,2019,2019:6137,2019,6135,480863,0.26120176506561327,381.0,False,False,-39.0,2,NOAA20,2019-10-14 05:39:00
105.4899292,-3.78585386,2019-10-14 12:00:00,LAPAN,Aqua,Verified Fire,SUMSEL,6139,2019,2019:6139,2019,6137,480278,0.15747898884366635,381.0,False,False,-39.0,2,NOAA20,2019-10-14 05:39:00
105.54587555,-3.39623928,2019-10-15 01:00:00,LAPAN,SNPP,Verified Fire,SUMSEL,6165,2019,2019:6165,2019,6163,484777,0.25935359065775654,398.0,False,False,-22.0,4,NOAA20,2019-10-14 18:22:00
105.21607971,-3.11340761,2019-10-15 01:00:00,LAPAN,SNPP,Fire inside Sitrep,SUMSEL,6166,2019,2019:6166,2019,6164,482645,0.22263768978169082,399.0,False,False,-21.0,4,NOAA20,2019-10-14 18:21:00
105.20439148,-3.09802461,2019-10-15 01:00:00,LAPAN,SNPP,Fire inside Sitrep,SUMSEL,6167,2019,2019:6167,2019,6165,482669,0.22227724501692706,399.0,False,False,-21.0,3,NOAA20,2019-10-14 18:21:00
104.05044556,-2.00504398,2019-10-15 01:00:00,LAPAN,SNPP,Verified Fire,SUMSEL MUBA,6170,2019,2019:6170,2019,6168,483055,0.24423680553925098,399.0,False,False,-21.0,4,NOAA20,2019-10-14 18:21:00
105.41934204,-3.30178642,2019-10-15 01:00:00,LAPAN,SNPP,Verified Fire,SUMSEL,6174,2019,2019:6174,2019,6172,484383,0.2231931388880264,398.0,False,False,-22.0,4,NOAA20,2019-10-14 18:22:00
103.83533478,-1.91766119,2019-10-15 01:00:00,LAPAN,SNPP,Fire inside Sitrep,SUMSEL MUBA,6176,2019,2019:6176,2019,6174,483139,0.2290800130210519,399.0,False,False,-21.0,2,NOAA20,2019-10-14 18:21:00
105.79608917,-3.88395214,2019-10-15 01:00:00,LAPAN,SNPP,Fire inside Sitrep,SUMSEL,6182,2019,2019:6182,2019,6180,485042,0.228295776217872,398.0,False,False,-22.0,2,NOAA20,2019-10-14 18:22:00
104.25946808,-2.01188445,2019-10-15 01:00:00,LAPAN,SNPP,Verified Fire,SUMSEL MUBA,6184,2019,2019:6184,2019,6182,483104,0.23538839258928573,399.0,False,False,-21.0,4,NOAA20,2019-10-14 18:21:00
104.05652618,-2.01290774,2019-10-15 01:00:00,LAPAN,SNPP,Verified No fire,SUMSEL MUBA,6185,2019,2019:6185,2019,6183,483034,0.28096392284141386,399.0,False,False,-21.0,2,NOAA20,2019-10-14 18:21:00
104.04225159,-2.01064134,2019-10-15 01:00:00,LAPAN,SNPP,Verified Fire,SUMSEL MUBA,6186,2019,2019:6186,2019,6184,483035,0.24260736784761322,399.0,False,False,-21.0,3,NOAA20,2019-10-14 18:21:00
105.73291779,-3.78554177,2019-10-15 01:00:00,LAPAN,SNPP,Verified Fire,SUMSEL,6188,2019,2019:6188,2019,6186,485014,0.22752987247854892,398.0,False,False,-22.0,1,NOAA20,2019-10-14 18:22:00
105.42827606,-3.28963399,2019-10-15 01:00:00,LAPAN,SNPP,Fire inside Sitrep,SUMSEL,6189,2019,2019:6189,2019,6187,484397,0.2244130133237958,398.0,False,False,-22.0,3,NOAA20,2019-10-14 18:22:00
105.41142273,-3.30732179,2019-10-15 01:00:00,LAPAN,SNPP,Verified Fire,SUMSEL,6190,2019,2019:6190,2019,6188,484362,0.22367856668199984,398.0,False,False,-22.0,5,NOAA20,2019-10-14 18:22:00
102.9121933,-0.86731547,2019-10-15 01:00:00,LAPAN,SNPP,Verified Fire,JAMBI SMF,6195,2019,2019:6195,2019,6193,484226,0.23979591143693677,399.0,False,False,-21.0,4,NOAA20,2019-10-14 18:21:00
102.91903687,-0.87565744,2019-10-15 01:00:00,LAPAN,SNPP,Verified No fire,JAMBI SMF,6199,2019,2019:6199,2019,6197,484219,0.3298751952670795,399.0,False,False,-21.0,1,NOAA20,2019-10-14 18:21:00
104.32044983,-2.04107642,2019-10-15 01:00:00,LAPAN,SNPP,Fire inside Sitrep,SUMSEL MUBA,6200,2019,2019:6200,2019,6198,72401,0.23384383188152172,392.0,False,False,-28.0,5,Aqua,2019-10-14 18:28:00
104.122612,-1.77307701,2019-10-15 01:00:00,LAPAN,SNPP,Fire inside Sitrep,SUMSEL MUBA,6201,2019,2019:6201,2019,6199,483323,0.2313213516109604,399.0,False,False,-21.0,4,NOAA20,2019-10-14 18:21:00
104.305336,-2.04552746,2019-10-15 01:00:00,LAPAN,SNPP,Fire inside Sitrep,SUMSEL MUBA,6205,2019,2019:6205,2019,6203,483054,0.24806050073770716,399.0,False,False,-21.0,3,NOAA20,2019-10-14 18:21:00
104.33554077,-2.03662443,2019-10-15 01:00:00,LAPAN,SNPP,Fire inside Sitrep,SUMSEL MUBA,6206,2019,2019:6206,2019,6204,483080,0.2694713493792396,399.0,False,False,-21.0,2,NOAA20,2019-10-14 18:21:00
104.1373291,-1.67894602,2019-10-15 01:00:00,LAPAN,SNPP,Fire inside Sitrep,SUMSEL MUBA,6207,2019,2019:6207,2019,6205,483559,0.23152607090441224,399.0,False,False,-21.0,2,NOAA20,2019-10-14 18:21:00
104.04833984,-2.01849461,2019-10-15 01:00:00,LAPAN,SNPP,Verified Fire,SUMSEL MUBA,6211,2019,2019:6211,2019,6209,483027,0.24325082897917102,399.0,False,False,-21.0,3,NOAA20,2019-10-14 18:21:00
103.94557953,-1.92118537,2019-10-15 01:00:00,LAPAN,SNPP,Fire inside Sitrep,SUMSEL MUBA,6213,2019,2019:6213,2019,6211,483154,0.22849231415991486,399.0,False,False,-21.0,2,NOAA20,2019-10-14 18:21:00
104.3295517,-2.02882695,2019-10-15 01:00:00,LAPAN,SNPP,Fire inside Sitrep,SUMSEL MUBA,6214,2019,2019:6214,2019,6212,483087,0.24935972448355045,399.0,False,False,-21.0,4,NOAA20,2019-10-14 18:21:00
104.25350952,-1.7729907,2019-10-15 01:00:00,LAPAN,SNPP,Fire inside Sitrep,SUMSEL MUBA,6219,2019,2019:6219,2019,6217,72367,0.14387136452646232,392.0,False,False,-28.0,4,Aqua,2019-10-14 18:28:00
104.23936462,-1.77075887,2019-10-15 01:00:00,LAPAN,SNPP,Fire inside Sitrep,SUMSEL MUBA,6220,2019,2019:6220,2019,6218,483401,0.23445976127444423,399.0,False,False,-21.0,3,NOAA20,2019-10-14 18:21:00
105.67002106,-3.68748093,2019-10-15 01:00:00,LAPAN,SNPP,Verified Fire,SUMSEL,6221,2019,2019:6221,2019,6219,484986,0.21590821265750793,398.0,False,False,-22.0,2,NOAA20,2019-10-14 18:22:00
105.7901535,-3.87620282,2019-10-15 01:00:00,LAPAN,SNPP,Fire inside Sitrep,SUMSEL,6232,2019,2019:6232,2019,6230,485035,0.22884194434629843,398.0,False,False,-22.0,1,NOAA20,2019-10-14 18:22:00
103.43759155,-2.41227555,2019-10-15 01:00:00,LAPAN,SNPP,Verified No fire,SUMSEL MUBA,6233,2019,2019:6233,2019,6231,482919,0.24207121078528424,399.0,False,False,-21.0,4,NOAA20,2019-10-14 18:21:00
104.26622009,-2.01874256,2019-10-15 01:00:00,LAPAN,SNPP,Fire inside Sitrep,SUMSEL MUBA,6234,2019,2019:6234,2019,6232,483091,0.24645646333313484,399.0,False,False,-21.0,4,NOAA20,2019-10-14 18:21:00
104.2647171,-1.97841036,2019-10-15 01:00:00,LAPAN,SNPP,Verified Fire,SUMSEL MUBA,6235,2019,2019:6235,2019,6233,483143,0.27386953507705475,399.0,False,False,-21.0,1,NOAA20,2019-10-14 18:21:00
102.85879517,-0.89520955,2019-10-15 01:00:00,LAPAN,SNPP,Verified Fire,JAMBI SMF,6237,2019,2019:6237,2019,6235,484213,0.24078894962134242,399.0,False,False,-21.0,3,NOAA20,2019-10-14 18:21:00
104.17684937,-1.70588481,2019-10-15 01:00:00,LAPAN,SNPP,Verified No fire,SUMSEL MUBA,6240,2019,2019:6240,2019,6238,483507,0.23167964907551783,399.0,False,False,-21.0,2,NOAA20,2019-10-14 18:21:00
105.21024323,-3.10571599,2019-10-15 01:00:00,LAPAN,SNPP,Fire inside Sitrep,SUMSEL,6243,2019,2019:6243,2019,6241,482657,0.2222214353574249,399.0,False,False,-21.0,3,NOAA20,2019-10-14 18:21:00
105.317,-2.6476,2019-10-15 13:00:00,ASMC,NOAA20,Verified Fire,SUMSEL,6263,2019,2019:6263,2019,6261,1173180,0.051891484305288456,409.0,False,False,-11.0,2,SNPP,2019-10-15 06:11:00
105.611564636,-3.07929301262,2019-10-15 13:00:00,LAPAN,Aqua,Verified Fire,SUMSEL,6270,2019,2019:6270,2019,6268,1173413,0.4245449274046588,409.0,False,False,-11.0,1,SNPP,2019-10-15 06:11:00
105.42299652,-3.19006491,2019-10-15 13:00:00,LAPAN,SNPP,Verified Fire,SUMSEL,6271,2019,2019:6271,2019,6269,72888,0.4676729398664606,372.0,False,False,-48.0,1,Aqua,2019-10-15 06:48:00
105.5747,-3.2612,2019-10-15 13:00:00,ASMC,NOAA20,Verified Fire,SUMSEL,6279,2019,2019:6279,2019,6277,72883,0.4894434869026307,372.0,False,False,-48.0,1,Aqua,2019-10-15 06:48:00
105.6173,-3.0499,2019-10-15 13:00:00,ASMC,NOAA20,Verified Fire,SUMSEL,6281,2019,2019:6281,2019,6279,1173425,0.30272236939866837,409.0,False,False,-11.0,4,SNPP,2019-10-15 06:11:00
105.6244,-3.2639,2019-10-15 13:00:00,ASMC,NOAA20,Verified Fire,SUMSEL,6284,2019,2019:6284,2019,6282,72880,0.3760680718563866,372.0,False,False,-48.0,2,Aqua,2019-10-15 06:48:00
105.6255,-3.234,2019-10-15 13:00:00,ASMC,NOAA20,Verified Fire,SUMSEL,6297,2019,2019:6297,2019,6295,1173396,0.40231270416286025,409.0,False,False,-11.0,1,SNPP,2019-10-15 06:11:00
105.423,-3.2778,2019-10-15 13:00:00,ASMC,NOAA20,Verified Fire,SUMSEL,6300,2019,2019:6300,2019,6298,72885,0.39770686198935595,372.0,False,False,-48.0,1,Aqua,2019-10-15 06:48:00
105.4259,-3.2862,2019-10-15 13:00:00,ASMC,NOAA20,Verified Fire,SUMSEL,6301,2019,2019:6301,2019,6299,72877,0.45416892380360513,372.0,False,False,-48.0,2,Aqua,2019-10-15 06:48:00
105.57982635,-3.24919772,2019-10-15 13:00:00,LAPAN,SNPP,Verified Fire,SUMSEL,6309,2019,2019:6309,2019,6307,72886,0.46044233621019837,372.0,False,False,-48.0,1,Aqua,2019-10-15 06:48:00
105.6474,-3.5639,2019-10-15 13:00:00,ASMC,NOAA20,Verified Fire,SUMSEL,6312,2019,2019:6312,2019,6310,1173274,0.49608591560873455,409.0,False,False,-11.0,1,SNPP,2019-10-15 06:11:00
105.6555,-3.2809,2019-10-15 13:00:00,ASMC,NOAA20,Verified Fire,SUMSEL,6314,2019,2019:6314,2019,6312,1173359,0.34365721281213174,409.0,False,False,-11.0,3,SNPP,2019-10-15 06:11:00
104.318,-2.04394,2019-10-15 13:00:00,LAPAN,SNPP,Fire inside Sitrep,SUMSEL MUBA,6322,2019,2019:6322,2019,6320,72772,0.31275501121190386,372.0,False,False,-48.0,1,Aqua,2019-10-15 06:48:00
104.276,-2.02644,2019-10-15 13:00:00,LAPAN,SNPP,Fire inside Sitrep,SUMSEL MUBA,6325,2019,2019:6325,2019,6323,72968,0.21415627205493434,372.0,False,False,-48.0,1,Aqua,2019-10-15 06:48:00
104.144,-1.67838,2019-10-15 13:00:00,LAPAN,SNPP,Fire inside Sitrep,SUMSEL MUBA,6326,2019,2019:6326,2019,6324,72999,0.4249341421760404,372.0,False,False,-48.0,1,Aqua,2019-10-15 06:48:00
104.134,-1.67988,2019-10-15 13:00:00,LAPAN,SNPP,Fire inside Sitrep,SUMSEL MUBA,6327,2019,2019:6327,2019,6325,73003,0.4028464340678504,372.0,False,False,-48.0,1,Aqua,2019-10-15 06:48:00
104.3097,-2.046,2019-10-15 13:00:00,ASMC,NOAA20,Fire inside Sitrep,SUMSEL MUBA,6328,2019,2019:6328,2019,6326,1173515,0.2373633212661825,408.0,False,False,-12.0,1,SNPP,2019-10-15 06:12:00
104.1269,-1.68,2019-10-15 13:00:00,ASMC,NOAA20,Fire inside Sitrep,SUMSEL MUBA,6335,2019,2019:6335,2019,6333,72761,0.19703143538642337,372.0,False,False,-48.0,1,Aqua,2019-10-15 06:48:00
104.15,-1.6762,2019-10-15 13:00:00,ASMC,NOAA20,Fire inside Sitrep,SUMSEL MUBA,6339,2019,2019:6339,2019,6337,72999,0.3786490845157744,372.0,False,False,-48.0,1,Aqua,2019-10-15 06:48:00
105.6885,-3.1387,2019-10-15 13:00:00,ASMC,NOAA20,Fire inside Sitrep,SUMSEL,6344,2019,2019:6344,2019,6342,1173403,0.4485542439639265,409.0,False,False,-11.0,1,SNPP,2019-10-15 06:11:00
105.6154,-3.0837,2019-10-15 13:00:00,ASMC,NOAA20,Verified Fire,SUMSEL,6345,2019,2019:6345,2019,6343,1173415,0.19493330121212302,409.0,False,False,-11.0,3,SNPP,2019-10-15 06:11:00
105.4819,-3.2573,2019-10-15 13:00:00,ASMC,NOAA20,Verified Fire,SUMSEL,6347,2019,2019:6347,2019,6345,72804,0.4469915373271541,372.0,False,False,-48.0,1,Aqua,2019-10-15 06:48:00
104.1385,-1.6781,2019-10-15 13:00:00,ASMC,NOAA20,Fire inside Sitrep,SUMSEL MUBA,6349,2019,2019:6349,2019,6347,73003,0.264291419257113,372.0,False,False,-48.0,2,Aqua,2019-10-15 06:48:00
105.4319,-2.543,2019-10-15 13:00:00,ASMC,NOAA20,Verified No fire,SUMSEL,6352,2019,2019:6352,2019,6350,1173154,0.26668438578636944,409.0,False,False,-11.0,4,SNPP,2019-10-15 06:11:00
105.52346802,-3.33595657,2019-10-15 13:00:00,LAPAN,SNPP,Verified Fire,SUMSEL,6353,2019,2019:6353,2019,6351,72864,0.18988511938986186,372.0,False,False,-48.0,1,Aqua,2019-10-15 06:48:00
105.2124,-3.0316,2019-10-15 13:00:00,ASMC,NOAA20,Fire inside Sitrep,SUMSEL,6354,2019,2019:6354,2019,6352,1173462,0.39031546265208583,409.0,False,False,-11.0,2,SNPP,2019-10-15 06:11:00
105.3092,-2.6512,2019-10-15 13:00:00,ASMC,NOAA20,Verified No fire,SUMSEL,6364,2019,2019:6364,2019,6362,1173181,0.13669413777469405,409.0,False,False,-11.0,1,SNPP,2019-10-15 06:11:00
105.6493,-3.5715,2019-10-15 13:00:00,ASMC,NOAA20,Verified Fire,SUMSEL,6370,2019,2019:6370,2019,6368,1173274,0.37653329753399534,409.0,False,False,-11.0,1,SNPP,2019-10-15 06:11:00
105.5235,-3.336,2019-10-15 13:00:00,ASMC,NOAA20,Verified Fire,SUMSEL,6371,2019,2019:6371,2019,6369,72864,0.18400484480050697,372.0,False,False,-48.0,1,Aqua,2019-10-15 06:48:00
105.4965,-3.2964,2019-10-15 13:00:00,ASMC,NOAA20,Verified Fire,SUMSEL,6372,2019,2019:6372,2019,6370,1173370,0.3041486189661545,409.0,False,False,-11.0,1,SNPP,2019-10-15 06:11:00
105.57466125,-3.26115608,2019-10-15 13:00:00,LAPAN,SNPP,Verified Fire,SUMSEL,6381,2019,2019:6381,2019,6379,72883,0.48844548356295425,372.0,False,False,-48.0,1,Aqua,2019-10-15 06:48:00
105.5798,-3.2492,2019-10-15 13:00:00,ASMC,NOAA20,Verified Fire,SUMSEL,6382,2019,2019:6382,2019,6380,72886,0.45784342286993335,372.0,False,False,-48.0,1,Aqua,2019-10-15 06:48:00
104.1442,-1.6771,2019-10-15 13:00:00,ASMC,NOAA20,Fire inside Sitrep,SUMSEL MUBA,6386,2019,2019:6386,2019,6384,72999,0.44253529684364823,372.0,False,False,-48.0,1,Aqua,2019-10-15 06:48:00
105.4299,-2.5356,2019-10-15 13:00:00,ASMC,NOAA20,Verified No fire,SUMSEL,6399,2019,2019:6399,2019,6397,1173148,0.22506497371560874,409.0,False,False,-11.0,2,SNPP,2019-10-15 06:11:00
105.418,-3.18763,2019-10-15 13:00:00,LAPAN,SNPP,Verified Fire,SUMSEL,6411,2019,2019:6411,2019,6409,72888,0.24671579472680996,372.0,False,False,-48.0,1,Aqua,2019-10-15 06:48:00
105.4248,-3.2884,2019-10-15 13:00:00,ASMC,NOAA20,Verified Fire,SUMSEL,6412,2019,2019:6412,2019,6410,72877,0.3390583273992362,372.0,False,False,-48.0,1,Aqua,2019-10-15 06:48:00
104.143,-1.67058,2019-10-15 13:00:00,LAPAN,SNPP,Fire inside Sitrep,SUMSEL MUBA,6418,2019,2019:6418,2019,6416,73007,0.4078690003908199,372.0,False,False,-48.0,1,Aqua,2019-10-15 06:48:00
105.423,-3.1901,2019-10-15 13:00:00,ASMC,NOAA20,Verified Fire,SUMSEL,6424,2019,2019:6424,2019,6422,72888,0.4684122169658841,372.0,False,False,-48.0,1,Aqua,2019-10-15 06:48:00
105.3159,-2.6502,2019-10-15 13:00:00,ASMC,NOAA20,Verified No fire,SUMSEL,6428,2019,2019:6428,2019,6426,1173180,0.338199442575041,409.0,False,False,-11.0,2,SNPP,2019-10-15 06:11:00
104.2775,-2.0305,2019-10-15 13:00:00,ASMC,NOAA20,Fire inside Sitrep,SUMSEL MUBA,6430,2019,2019:6430,2019,6428,72968,0.33051292917986685,372.0,False,False,-48.0,2,Aqua,2019-10-15 06:48:00
105.31726837,-2.64760327,2019-10-15 14:00:00,LAPAN,SNPP,Verified No fire,SUMSEL,6434,2019,2019:6434,2019,6432,486704,0.10649555791479016,419.0,False,False,-1.0,3,NOAA20,2019-10-15 07:01:00
105.57765198,-2.69343853,2019-10-15 14:00:00,LAPAN,SNPP,Fire inside Sitrep,SUMSEL,6435,2019,2019:6435,2019,6433,486719,0.3068365698167495,419.0,False,False,-1.0,2,NOAA20,2019-10-15 07:01:00
105.43247986,-2.54306388,2019-10-15 14:00:00,LAPAN,SNPP,Verified No fire,SUMSEL,6436,2019,2019:6436,2019,6434,486687,0.32484977903991613,419.0,False,False,-1.0,3,NOAA20,2019-10-15 07:01:00
105.21130371,-2.98923779,2019-10-15 14:00:00,LAPAN,SNPP,Fire inside Sitrep,SUMSEL,6437,2019,2019:6437,2019,6435,486821,0.279800837657178,419.0,False,False,-1.0,2,NOAA20,2019-10-15 07:01:00
104.32048798,-2.02118087,2019-10-16 01:00:00,LAPAN,SNPP,Fire inside Sitrep,SUMSEL MUBA,6445,2019,2019:6445,2019,6443,487743,0.2785485963945384,418.0,False,False,-2.0,4,NOAA20,2019-10-15 18:02:00
105.43968201,-3.30329561,2019-10-16 01:00:00,LAPAN,SNPP,Verified Fire,SUMSEL,6449,2019,2019:6449,2019,6447,488464,0.33286871955192704,417.0,False,False,-3.0,3,NOAA20,2019-10-15 18:03:00
105.21569061,-3.03073692,2019-10-16 13:00:00,LAPAN,SNPP,Verified Fire,SUMSEL,6462,2019,2019:6462,2019,6460,489819,0.0768208963401311,378.0,False,False,-42.0,3,NOAA20,2019-10-16 06:42:00
104.26571655,-1.98517096,2019-10-16 13:00:00,LAPAN,SNPP,Verified Fire,SUMSEL MUBA,6463,2019,2019:6463,2019,6461,489476,0.2798874467234228,378.0,False,False,-42.0,3,NOAA20,2019-10-16 06:42:00
104.11039734,-1.70200193,2019-10-16 13:00:00,LAPAN,SNPP,Fire inside Sitrep,SUMSEL MUBA,6467,2019,2019:6467,2019,6465,489543,0.3008066674537338,378.0,False,False,-42.0,2,NOAA20,2019-10-16 06:42:00
104.32472229,-2.02414846,2019-10-16 13:00:00,LAPAN,SNPP,Fire inside Sitrep,SUMSEL MUBA,6468,2019,2019:6468,2019,6466,489471,0.2728802867064355,378.0,False,False,-42.0,4,NOAA20,2019-10-16 06:42:00
105.65285492,-3.55088615,2019-10-16 13:00:00,LAPAN,SNPP,Verified Fire,SUMSEL,6472,2019,2019:6472,2019,6470,489729,0.3933075823122684,378.0,False,False,-42.0,1,NOAA20,2019-10-16 06:42:00
104.31930542,-2.04765177,2019-10-16 13:00:00,LAPAN,SNPP,Fire inside Sitrep,SUMSEL MUBA,6475,2019,2019:6475,2019,6473,489454,0.27124953430217036,378.0,False,False,-42.0,2,NOAA20,2019-10-16 06:42:00
104.27262115,-2.03224015,2019-10-16 13:00:00,LAPAN,SNPP,Fire inside Sitrep,SUMSEL MUBA,6476,2019,2019:6476,2019,6474,489475,0.3041859575097658,378.0,False,False,-42.0,1,NOAA20,2019-10-16 06:42:00
104.3356781,-2.03756618,2019-10-16 13:00:00,LAPAN,SNPP,Fire inside Sitrep,SUMSEL MUBA,6479,2019,2019:6479,2019,6477,489464,0.27418905008653033,378.0,False,False,-42.0,3,NOAA20,2019-10-16 06:42:00
105.26068115,-2.99386048,2019-10-16 13:00:00,LAPAN,SNPP,Verified Fire,SUMSEL,6482,2019,2019:6482,2019,6480,489826,0.3477856074004865,378.0,False,False,-42.0,1,NOAA20,2019-10-16 06:42:00
104.04795837,-2.01616287,2019-10-17 00:00:00,LAPAN,SNPP,Verified Fire,SUMSEL MUBA,6491,2019,2019:6491,2019,6489,490271,0.3489160727392176,376.0,False,False,-44.0,3,NOAA20,2019-10-16 17:44:00
104.04575348,-2.00708175,2019-10-17 00:00:00,LAPAN,SNPP,Verified Fire,SUMSEL MUBA,6492,2019,2019:6492,2019,6490,490266,0.061451848669278185,376.0,False,False,-44.0,4,NOAA20,2019-10-16 17:44:00
105.54932404,-3.3841238,2019-10-17 13:00:00,LAPAN,SNPP,Verified Fire,SUMSEL,6532,2019,2019:6532,2019,6530,491893,0.29569162149565836,397.0,False,False,-23.0,1,NOAA20,2019-10-17 06:23:00
105.54342651,-3.39178395,2019-10-17 13:00:00,LAPAN,SNPP,Verified Fire,SUMSEL,6535,2019,2019:6535,2019,6533,491901,0.2944176672083807,397.0,False,False,-23.0,2,NOAA20,2019-10-17 06:23:00
105.76586151,-3.54822302,2019-10-17 13:00:00,LAPAN,SNPP,Verified Fire,SUMSEL,6537,2019,2019:6537,2019,6535,491460,0.21127886865366108,397.0,False,False,-23.0,2,NOAA20,2019-10-17 06:23:00
105.42640686,-3.27386785,2019-10-17 13:00:00,LAPAN,SNPP,Verified Fire,SUMSEL,6552,2019,2019:6552,2019,6550,73924,0.10233691431329626,384.0,False,False,-36.0,2,Aqua,2019-10-17 06:36:00
105.50693512,-3.33638573,2019-10-17 13:00:00,LAPAN,SNPP,Verified Fire,SUMSEL,6563,2019,2019:6563,2019,6561,73920,0.16498075445888388,384.0,False,False,-36.0,4,Aqua,2019-10-17 06:36:00
105.5473938,-3.41825509,2019-10-17 13:00:00,LAPAN,SNPP,Verified Fire,SUMSEL,6564,2019,2019:6564,2019,6562,491920,0.2100343139130132,397.0,False,False,-23.0,2,NOAA20,2019-10-17 06:23:00
105.71284485,-3.61713338,2019-10-17 13:00:00,LAPAN,SNPP,Verified Fire,SUMSEL,6566,2019,2019:6566,2019,6564,491431,0.25472887549785034,397.0,False,False,-23.0,1,NOAA20,2019-10-17 06:23:00
105.65274048,-3.54504752,2019-10-17 13:00:00,LAPAN,SNPP,Verified Fire,SUMSEL,6570,2019,2019:6570,2019,6568,73792,0.1237747181379526,384.0,False,False,-36.0,2,Aqua,2019-10-17 06:36:00
105.74589539,-3.64632392,2019-10-17 13:00:00,LAPAN,SNPP,Verified Fire,SUMSEL,6571,2019,2019:6571,2019,6569,491987,0.29222601414422256,397.0,False,False,-23.0,1,NOAA20,2019-10-17 06:23:00
105.66815948,-3.64455056,2019-10-17 13:00:00,LAPAN,SNPP,Verified Fire,SUMSEL,6573,2019,2019:6573,2019,6571,491989,0.2522561240361537,397.0,False,False,-23.0,1,NOAA20,2019-10-17 06:23:00
105.80921173,-3.60253024,2019-10-17 13:00:00,LAPAN,SNPP,Verified Fire,SUMSEL,6574,2019,2019:6574,2019,6572,491429,0.25498288583223566,397.0,False,False,-23.0,1,NOAA20,2019-10-17 06:23:00
105.53177643,-3.27147341,2019-10-17 13:00:00,LAPAN,SNPP,Verified Fire,SUMSEL,6588,2019,2019:6588,2019,6586,491848,0.22171540540068863,397.0,False,False,-23.0,2,NOAA20,2019-10-17 06:23:00
105.61288452,-3.06910396,2019-10-17 13:00:00,LAPAN,SNPP,Verified Fire,SUMSEL,6590,2019,2019:6590,2019,6588,491823,0.22156097223185636,397.0,False,False,-23.0,1,NOAA20,2019-10-17 06:23:00
105.61632538,-3.22485399,2019-10-17 13:00:00,LAPAN,SNPP,Verified Fire,SUMSEL,6593,2019,2019:6593,2019,6591,491837,0.2529944748593995,397.0,False,False,-23.0,2,NOAA20,2019-10-17 06:23:00
105.66257477,-3.25167513,2019-10-17 13:00:00,LAPAN,SNPP,Verified No fire,SUMSEL,6598,2019,2019:6598,2019,6596,491847,0.25380437971227365,397.0,False,False,-23.0,2,NOAA20,2019-10-17 06:23:00
105.56719971,-3.27287912,2019-10-17 13:00:00,LAPAN,SNPP,Verified Fire,SUMSEL,6604,2019,2019:6604,2019,6602,73786,0.228054649924642,384.0,False,False,-36.0,2,Aqua,2019-10-17 06:36:00
105.62226868,-3.26454186,2019-10-17 13:00:00,LAPAN,SNPP,Verified Fire,SUMSEL,6606,2019,2019:6606,2019,6604,491856,0.3169922558339043,397.0,False,False,-23.0,1,NOAA20,2019-10-17 06:23:00
105.806236267,-3.60642194748,2019-10-17 13:00:00,LAPAN,Aqua,Verified Fire,SUMSEL,6607,2019,2019:6607,2019,6605,491428,0.2583860110190227,397.0,False,False,-23.0,1,NOAA20,2019-10-17 06:23:00
105.79011536,-3.61257339,2019-10-17 13:00:00,LAPAN,SNPP,Verified Fire,SUMSEL,6608,2019,2019:6608,2019,6606,491424,0.25289587783748924,397.0,False,False,-23.0,4,NOAA20,2019-10-17 06:23:00
105.78886414,-3.87726951,2019-10-17 13:00:00,LAPAN,SNPP,Verified Fire,SUMSEL,6610,2019,2019:6610,2019,6608,491566,0.2540245032498754,397.0,False,False,-23.0,3,NOAA20,2019-10-17 06:23:00
105.5761261,-3.46162319,2019-10-17 13:00:00,LAPAN,SNPP,Verified Fire,SUMSEL,6611,2019,2019:6611,2019,6609,491928,0.2529967600244077,397.0,False,False,-23.0,3,NOAA20,2019-10-17 06:23:00
105.59172821,-3.56103754,2019-10-17 13:00:00,LAPAN,SNPP,Verified Fire,SUMSEL,6614,2019,2019:6614,2019,6612,73901,0.19886100649394156,384.0,False,False,-36.0,2,Aqua,2019-10-17 06:36:00
105.653450012,-3.28758192062,2019-10-17 13:00:00,LAPAN,Aqua,Verified Fire,SUMSEL,6617,2019,2019:6617,2019,6615,491866,0.49360216214877006,397.0,False,False,-23.0,1,NOAA20,2019-10-17 06:23:00
105.50615692,-3.24150991,2019-10-17 13:00:00,LAPAN,SNPP,Verified Fire,SUMSEL,6620,2019,2019:6620,2019,6618,491835,0.25512443213367675,397.0,False,False,-23.0,1,NOAA20,2019-10-17 06:23:00
105.52959442,-3.3465004,2019-10-17 13:00:00,LAPAN,SNPP,Verified Fire,SUMSEL,6624,2019,2019:6624,2019,6622,491881,0.21051610133589727,397.0,False,False,-23.0,2,NOAA20,2019-10-17 06:23:00
105.67405701,-3.63689303,2019-10-17 13:00:00,LAPAN,SNPP,Verified Fire,SUMSEL,6627,2019,2019:6627,2019,6625,491993,0.2530305700163268,397.0,False,False,-23.0,1,NOAA20,2019-10-17 06:23:00
105.41790771,-3.17332172,2019-10-17 13:00:00,LAPAN,SNPP,Verified Fire,SUMSEL,6632,2019,2019:6632,2019,6630,491827,0.2944505865024021,397.0,False,False,-23.0,1,NOAA20,2019-10-17 06:23:00
105.71628571,-3.77287221,2019-10-17 13:00:00,LAPAN,SNPP,Verified Fire,SUMSEL,6636,2019,2019:6636,2019,6634,73757,0.2256414613355949,385.0,False,False,-35.0,2,Aqua,2019-10-17 06:35:00
105.57601166,-3.23771596,2019-10-17 13:00:00,LAPAN,SNPP,Verified Fire,SUMSEL,6638,2019,2019:6638,2019,6636,491840,0.3171263751483016,397.0,False,False,-23.0,2,NOAA20,2019-10-17 06:23:00
105.62425232,-3.277771,2019-10-17 13:00:00,LAPAN,SNPP,Verified Fire,SUMSEL,6641,2019,2019:6641,2019,6639,491863,0.3174992753503858,397.0,False,False,-23.0,1,NOAA20,2019-10-17 06:23:00
105.63999939,-3.28891468,2019-10-17 13:00:00,LAPAN,SNPP,Verified Fire,SUMSEL,6642,2019,2019:6642,2019,6640,73787,0.48910316743382115,384.0,False,False,-36.0,1,Aqua,2019-10-17 06:36:00
105.68199921,-3.68982148,2019-10-17 13:00:00,LAPAN,SNPP,Verified Fire,SUMSEL,6643,2019,2019:6643,2019,6641,491595,0.2198896976214197,397.0,False,False,-23.0,2,NOAA20,2019-10-17 06:23:00
105.66027832,-3.63897586,2019-10-17 13:00:00,LAPAN,SNPP,Verified Fire,SUMSEL,6652,2019,2019:6652,2019,6650,491992,0.2197635062555416,397.0,False,False,-23.0,3,NOAA20,2019-10-17 06:23:00
105.81113434,-3.56842113,2019-10-17 13:00:00,LAPAN,SNPP,Verified Fire,SUMSEL,6653,2019,2019:6653,2019,6651,491968,0.2552549508860794,397.0,False,False,-23.0,2,NOAA20,2019-10-17 06:23:00
105.55131531,-3.39735866,2019-10-17 13:00:00,LAPAN,SNPP,Verified Fire,SUMSEL,6656,2019,2019:6656,2019,6654,491907,0.2113249802701664,397.0,False,False,-23.0,2,NOAA20,2019-10-17 06:23:00
105.64,-3.2889,2019-10-17 13:00:00,ASMC,NOAA20,Verified Fire,SUMSEL,6657,2019,2019:6657,2019,6655,73787,0.48895857285597255,384.0,False,False,-36.0,1,Aqua,2019-10-17 06:36:00
105.602615356,-3.07616233826,2019-10-20 14:00:00,LAPAN,Aqua,Verified Fire,SUMSEL,6859,2019,2019:6859,2019,6857,502059,0.15361642188334337,413.0,False,False,-7.0,1,NOAA20,2019-10-20 07:07:00
105.742301941,-3.55763030052,2019-10-20 14:00:00,LAPAN,Aqua,Verified Fire,SUMSEL,6870,2019,2019:6870,2019,6868,501958,0.15196121131713175,413.0,False,False,-7.0,1,NOAA20,2019-10-20 07:07:00
105.61602783,-3.77497864,2019-10-24 01:00:00,LAPAN,Terra,Verified Fire,SUMSEL,7192,2019,2019:7192,2019,7190,1204741,0.17758745772534856,416.0,False,False,-4.0,10,SNPP,2019-10-23 18:04:00
104.29801178,-2.00917816,2019-10-24 01:00:00,LAPAN,Terra,Fire inside Sitrep,SUMSEL MUBA,7204,2019,2019:7204,2019,7202,1203986,0.02733444052591265,417.0,False,False,-3.0,6,SNPP,2019-10-23 18:03:00
104.30725098,-2.01062989,2019-10-24 01:00:00,LAPAN,Terra,Fire inside Sitrep,SUMSEL MUBA,7221,2019,2019:7221,2019,7219,1203983,0.1513887288999226,417.0,False,False,-3.0,5,SNPP,2019-10-23 18:03:00
103.81827545,-1.93413758,2019-10-24 01:00:00,LAPAN,Terra,Fire inside Sitrep,SUMSEL MUBA,7223,2019,2019:7223,2019,7221,516388,0.28615657012326956,367.0,False,False,-53.0,5,NOAA20,2019-10-23 18:53:00
105.60388947,-3.77319455,2019-10-24 01:00:00,LAPAN,Terra,Verified Fire,SUMSEL,7224,2019,2019:7224,2019,7222,1204738,0.047854547251253016,416.0,False,False,-4.0,11,SNPP,2019-10-23 18:04:00
105.55848694,-2.63615441,2019-10-24 01:00:00,LAPAN,Terra,Verified Fire,SUMSEL,7236,2019,2019:7236,2019,7234,516132,0.24652236218515103,367.0,False,False,-53.0,7,NOAA20,2019-10-23 18:53:00
105.79877472,-3.56680536,2019-10-24 12:00:00,LAPAN,Aqua,Verified Fire,SUMSEL,7274,2019,2019:7274,2019,7272,518581,0.3621042935723431,369.0,False,False,-51.0,1,NOAA20,2019-10-24 05:51:00
105.54916382,-3.32735586,2019-10-24 12:00:00,LAPAN,Aqua,Verified Fire,SUMSEL,7281,2019,2019:7281,2019,7279,520183,0.25844927378461646,368.0,False,False,-52.0,4,NOAA20,2019-10-24 05:52:00
105.54051971,-3.30812883,2019-10-24 12:00:00,LAPAN,Aqua,Verified Fire,SUMSEL,7285,2019,2019:7285,2019,7283,518919,0.25702965025907165,368.0,False,False,-52.0,2,NOAA20,2019-10-24 05:52:00
105.60148621,-3.2939043,2019-10-24 12:00:00,LAPAN,Aqua,Verified Fire,SUMSEL,7289,2019,2019:7289,2019,7287,519064,0.2456476712052239,368.0,False,False,-52.0,7,NOAA20,2019-10-24 05:52:00
105.21932983,-3.02161098,2019-10-24 12:00:00,LAPAN,Aqua,Verified Fire,SUMSEL,7291,2019,2019:7291,2019,7289,519530,0.1708118202968705,368.0,False,False,-52.0,9,NOAA20,2019-10-24 05:52:00
105.2220459,-3.00772262,2019-10-24 12:00:00,LAPAN,Aqua,Verified Fire,SUMSEL,7293,2019,2019:7293,2019,7291,519488,0.400934093088591,368.0,False,False,-52.0,1,NOAA20,2019-10-24 05:52:00
105.61071777,-3.30830908,2019-10-24 12:00:00,LAPAN,Aqua,Verified Fire,SUMSEL,7299,2019,2019:7299,2019,7297,520213,0.25696305405565706,368.0,False,False,-52.0,5,NOAA20,2019-10-24 05:52:00
105.66313934,-3.29064965,2019-10-24 12:00:00,LAPAN,Aqua,Verified Fire,SUMSEL,7300,2019,2019:7300,2019,7298,518925,0.32011876605627276,368.0,False,False,-52.0,2,NOAA20,2019-10-24 05:52:00
105.57440186,-3.4412744,2019-10-24 12:00:00,LAPAN,Aqua,Verified Fire,SUMSEL,7303,2019,2019:7303,2019,7301,518770,0.39708068398928753,369.0,False,False,-51.0,1,NOAA20,2019-10-24 05:51:00
105.55422211,-3.42369866,2019-10-24 12:00:00,LAPAN,Aqua,Verified Fire,SUMSEL,7304,2019,2019:7304,2019,7302,518831,0.24597006293981105,369.0,False,False,-51.0,2,NOAA20,2019-10-24 05:51:00
105.26717377,-3.01480579,2019-10-24 12:00:00,LAPAN,Aqua,Verified Fire,SUMSEL,7311,2019,2019:7311,2019,7309,519522,0.18805939407269034,368.0,False,False,-52.0,9,NOAA20,2019-10-24 05:52:00
105.49674988,-3.25827909,2019-10-24 12:00:00,LAPAN,Aqua,Verified Fire,SUMSEL,7312,2019,2019:7312,2019,7310,519156,0.2466541833231461,368.0,False,False,-52.0,2,NOAA20,2019-10-24 05:52:00
105.30683899,-2.92260528,2019-10-24 12:00:00,LAPAN,Aqua,Verified Fire,SUMSEL,7313,2019,2019:7313,2019,7311,519425,0.25976520243121476,368.0,False,False,-52.0,3,NOAA20,2019-10-24 05:52:00
105.57992554,-3.8493135,2019-10-24 12:00:00,LAPAN,Aqua,Verified Fire,SUMSEL,7314,2019,2019:7314,2019,7312,518069,0.24824727824485168,369.0,False,False,-51.0,4,NOAA20,2019-10-24 05:51:00
105.67485046,-3.15516329,2019-10-24 12:00:00,LAPAN,Aqua,Verified Fire,SUMSEL,7315,2019,2019:7315,2019,7313,519243,0.3603367752172027,368.0,False,False,-52.0,2,NOAA20,2019-10-24 05:52:00
105.57370758,-3.78408098,2019-10-24 12:00:00,LAPAN,Aqua,Verified Fire,SUMSEL,7316,2019,2019:7316,2019,7314,518232,0.3912747148168314,369.0,False,False,-51.0,2,NOAA20,2019-10-24 05:51:00
105.67723846,-3.98382998,2019-10-24 12:00:00,LAPAN,Aqua,Verified Fire,SUMSEL,7328,2019,2019:7328,2019,7326,517868,0.2580381527802572,369.0,False,False,-51.0,5,NOAA20,2019-10-24 05:51:00
105.82959747,-3.8909061,2019-10-24 12:00:00,LAPAN,Aqua,Verified Fire,SUMSEL,7329,2019,2019:7329,2019,7327,518003,0.32012796315117154,369.0,False,False,-51.0,1,NOAA20,2019-10-24 05:51:00
105.88032532,-3.81673408,2019-10-24 12:00:00,LAPAN,Aqua,Verified Fire,SUMSEL,7332,2019,2019:7332,2019,7330,518063,0.3600900764731174,369.0,False,False,-51.0,1,NOAA20,2019-10-24 05:51:00
105.75408936,-3.81443429,2019-10-24 12:00:00,LAPAN,Aqua,Verified Fire,SUMSEL,7333,2019,2019:7333,2019,7331,518141,0.2112204269030442,369.0,False,False,-51.0,4,NOAA20,2019-10-24 05:51:00
105.64647675,-3.52811027,2019-10-24 12:00:00,LAPAN,Aqua,Verified Fire,SUMSEL,7334,2019,2019:7334,2019,7332,518619,0.25794365133731395,369.0,False,False,-51.0,2,NOAA20,2019-10-24 05:51:00
105.74034119,-3.78024673,2019-10-24 12:00:00,LAPAN,Aqua,Verified Fire,SUMSEL,7336,2019,2019:7336,2019,7334,518189,0.31668428651740116,369.0,False,False,-51.0,2,NOAA20,2019-10-24 05:51:00
105.56047821,-3.81690359,2019-10-24 12:00:00,LAPAN,Aqua,Verified Fire,SUMSEL,7338,2019,2019:7338,2019,7336,518175,0.3107121260843398,369.0,False,False,-51.0,2,NOAA20,2019-10-24 05:51:00
105.60857391,-3.77902579,2019-10-24 12:00:00,LAPAN,Aqua,Verified Fire,SUMSEL,7339,2019,2019:7339,2019,7337,518217,0.25857857408550755,369.0,False,False,-51.0,6,NOAA20,2019-10-24 05:51:00
105.22945404,-3.01704049,2019-10-24 12:00:00,LAPAN,Aqua,Verified Fire,SUMSEL,7343,2019,2019:7343,2019,7341,519557,0.15389833241690024,368.0,False,False,-52.0,6,NOAA20,2019-10-24 05:52:00
105.50286865,-3.41623878,2019-10-24 12:00:00,LAPAN,Aqua,Verified Fire,SUMSEL,7345,2019,2019:7345,2019,7343,519695,0.3102122650779568,368.0,False,False,-52.0,2,NOAA20,2019-10-24 05:52:00
105.21014404,-3.08552432,2019-10-24 12:00:00,LAPAN,Aqua,Verified Fire,SUMSEL,7348,2019,2019:7348,2019,7346,519624,0.3235618455401319,368.0,False,False,-52.0,2,NOAA20,2019-10-24 05:52:00
105.35610962,-3.11982632,2019-10-24 12:00:00,LAPAN,Aqua,Verified Fire,SUMSEL,7351,2019,2019:7351,2019,7349,519666,0.27621026512363966,368.0,False,False,-52.0,4,NOAA20,2019-10-24 05:52:00
105.27462769,-3.02412224,2019-10-24 12:00:00,LAPAN,Aqua,Verified Fire,SUMSEL,7354,2019,2019:7354,2019,7352,519548,0.18791133955393738,368.0,False,False,-52.0,3,NOAA20,2019-10-24 05:52:00
105.62017059,-3.7773478,2019-10-24 12:00:00,LAPAN,Aqua,Verified Fire,SUMSEL,7358,2019,2019:7358,2019,7356,518228,0.25718975110862313,369.0,False,False,-51.0,2,NOAA20,2019-10-24 05:51:00
105.46071625,-3.74862862,2019-10-24 12:00:00,LAPAN,Aqua,Verified Fire,SUMSEL,7359,2019,2019:7359,2019,7357,518368,0.26152989759116735,369.0,False,False,-51.0,2,NOAA20,2019-10-24 05:51:00
105.46215057,-3.75879097,2019-10-24 12:00:00,LAPAN,Aqua,Verified Fire,SUMSEL,7360,2019,2019:7360,2019,7358,518341,0.2612838012291408,369.0,False,False,-51.0,4,NOAA20,2019-10-24 05:51:00
105.43575287,-3.70705485,2019-10-24 12:00:00,LAPAN,Aqua,Verified Fire,SUMSEL,7365,2019,2019:7365,2019,7363,518499,0.32175253896150957,369.0,False,False,-51.0,2,NOAA20,2019-10-24 05:51:00
105.57803345,-3.69655848,2019-10-24 12:00:00,LAPAN,Aqua,Verified Fire,SUMSEL,7367,2019,2019:7367,2019,7365,518479,0.3189422357042539,369.0,False,False,-51.0,4,NOAA20,2019-10-24 05:51:00
105.59575653,-3.25397658,2019-10-24 12:00:00,LAPAN,Aqua,Verified No fire,SUMSEL,7369,2019,2019:7369,2019,7367,519152,0.24539258762469546,368.0,False,False,-52.0,1,NOAA20,2019-10-24 05:52:00
105.920578,-3.86124969,2019-10-24 12:00:00,LAPAN,Aqua,Verified Fire,SUMSEL,7375,2019,2019:7375,2019,7373,518019,0.3591988866346683,369.0,False,False,-51.0,1,NOAA20,2019-10-24 05:51:00
105.67005157,-3.60146737,2019-10-24 12:00:00,LAPAN,Aqua,Verified Fire,SUMSEL,7377,2019,2019:7377,2019,7375,518544,0.24572076116053626,369.0,False,False,-51.0,4,NOAA20,2019-10-24 05:51:00
105.64890289,-3.47125626,2019-10-24 12:00:00,LAPAN,Aqua,Verified Fire,SUMSEL,7379,2019,2019:7379,2019,7377,518721,0.31630031139439424,369.0,False,False,-51.0,2,NOAA20,2019-10-24 05:51:00
103.06771851,-0.76159745,2019-10-24 12:00:00,LAPAN,Aqua,Verified No fire,JAMBI SMF,7381,2019,2019:7381,2019,7379,519930,0.1679362952273195,368.0,False,False,-52.0,2,NOAA20,2019-10-24 05:52:00
103.44044495,-2.41708088,2019-10-24 12:00:00,LAPAN,Aqua,Verified No fire,SUMSEL MUBA,7386,2019,2019:7386,2019,7384,520080,0.3826085670714223,368.0,False,False,-52.0,2,NOAA20,2019-10-24 05:52:00
103.41047668,-2.43504834,2019-10-24 12:00:00,LAPAN,Aqua,Verified No fire,SUMSEL MUBA,7389,2019,2019:7389,2019,7387,520071,0.09795292533526516,368.0,False,False,-52.0,4,NOAA20,2019-10-24 05:52:00
105.64673615,-3.22616696,2019-10-24 12:00:00,LAPAN,Aqua,Verified Fire,SUMSEL,7391,2019,2019:7391,2019,7389,519175,0.3045479111876725,368.0,False,False,-52.0,1,NOAA20,2019-10-24 05:52:00
105.50363159,-3.71780181,2019-10-24 12:00:00,LAPAN,Aqua,Verified Fire,SUMSEL,7397,2019,2019:7397,2019,7395,518458,0.24884064437972453,369.0,False,False,-51.0,3,NOAA20,2019-10-24 05:51:00
105.55204773,-3.34741259,2019-10-24 12:00:00,LAPAN,Aqua,Verified Fire,SUMSEL,7399,2019,2019:7399,2019,7397,520152,0.30898234153906184,368.0,False,False,-52.0,2,NOAA20,2019-10-24 05:52:00
105.55940247,-3.87284279,2019-10-24 12:00:00,LAPAN,Aqua,Verified Fire,SUMSEL,7408,2019,2019:7408,2019,7406,518048,0.32068999264291376,369.0,False,False,-51.0,3,NOAA20,2019-10-24 05:51:00
105.54769135,-3.87451744,2019-10-24 12:00:00,LAPAN,Aqua,Verified Fire,SUMSEL,7409,2019,2019:7409,2019,7407,518043,0.39985063994005954,369.0,False,False,-51.0,2,NOAA20,2019-10-24 05:51:00
105.24900818,-3.13512802,2019-10-24 12:00:00,LAPAN,Aqua,Verified Fire,SUMSEL,7412,2019,2019:7412,2019,7410,519665,0.24004572918434713,368.0,False,False,-52.0,3,NOAA20,2019-10-24 05:52:00
105.48425293,-3.78669786,2019-10-24 12:00:00,LAPAN,Aqua,Verified Fire,SUMSEL,7414,2019,2019:7414,2019,7412,518284,0.312378653152417,369.0,False,False,-51.0,3,NOAA20,2019-10-24 05:51:00
105.55712128,-3.44377255,2019-10-24 12:00:00,LAPAN,Aqua,Verified Fire,SUMSEL,7416,2019,2019:7416,2019,7414,518777,0.31804884975103,369.0,False,False,-51.0,3,NOAA20,2019-10-24 05:51:00
105.52896881,-3.3097713,2019-10-24 12:00:00,LAPAN,Aqua,Verified Fire,SUMSEL,7417,2019,2019:7417,2019,7415,518929,0.25786857493329535,368.0,False,False,-52.0,7,NOAA20,2019-10-24 05:52:00
105.23399353,-3.00594091,2019-10-24 12:00:00,LAPAN,Aqua,Verified Fire,SUMSEL,7425,2019,2019:7425,2019,7423,519493,0.26142681502902576,368.0,False,False,-52.0,3,NOAA20,2019-10-24 05:52:00
105.34283447,-3.11137557,2019-10-24 12:00:00,LAPAN,Aqua,Verified Fire,SUMSEL,7426,2019,2019:7426,2019,7424,519657,0.2263230869156993,368.0,False,False,-52.0,7,NOAA20,2019-10-24 05:52:00
105.27909088,-3.01310802,2019-10-24 12:00:00,LAPAN,Aqua,Verified Fire,SUMSEL,7427,2019,2019:7427,2019,7425,519525,0.22753494786344905,368.0,False,False,-52.0,5,NOAA20,2019-10-24 05:52:00
103.97693634,-1.94760728,2019-10-24 12:00:00,LAPAN,Aqua,Verified Fire,SUMSEL MUBA,7433,2019,2019:7433,2019,7431,519953,0.26943152462959535,368.0,False,False,-52.0,1,NOAA20,2019-10-24 05:52:00
103.8221283,-1.93655455,2019-10-24 12:00:00,LAPAN,Aqua,Fire inside Sitrep,SUMSEL MUBA,7434,2019,2019:7434,2019,7432,519942,0.27303590001225114,368.0,False,False,-52.0,4,NOAA20,2019-10-24 05:52:00
105.37264252,-3.26608634,2019-10-24 12:00:00,LAPAN,Aqua,Verified Fire,SUMSEL,7436,2019,2019:7436,2019,7434,519182,0.45225826534521246,368.0,False,False,-52.0,1,NOAA20,2019-10-24 05:52:00
105.57398224,-3.8913548,2019-10-24 12:00:00,LAPAN,Aqua,Verified Fire,SUMSEL,7437,2019,2019:7437,2019,7435,518027,0.398947380839143,369.0,False,False,-51.0,1,NOAA20,2019-10-24 05:51:00
105.60713196,-3.7689774,2019-10-24 12:00:00,LAPAN,Aqua,Verified Fire,SUMSEL,7438,2019,2019:7438,2019,7436,518262,0.2583166929006483,369.0,False,False,-51.0,2,NOAA20,2019-10-24 05:51:00
105.5621109,-3.37664819,2019-10-24 12:00:00,LAPAN,Aqua,Verified Fire,SUMSEL,7440,2019,2019:7440,2019,7438,520091,0.25819405557391695,368.0,False,False,-52.0,3,NOAA20,2019-10-24 05:52:00
105.62497711,-3.32662797,2019-10-24 12:00:00,LAPAN,Aqua,Verified Fire,SUMSEL,7441,2019,2019:7441,2019,7439,520176,0.3088147118558885,368.0,False,False,-52.0,2,NOAA20,2019-10-24 05:52:00
105.77527618,-3.88252831,2019-10-24 12:00:00,LAPAN,Aqua,Verified Fire,SUMSEL,7444,2019,2019:7444,2019,7442,518014,0.3033097264684753,369.0,False,False,-51.0,2,NOAA20,2019-10-24 05:51:00
105.59161377,-3.84765697,2019-10-24 12:00:00,LAPAN,Aqua,Verified Fire,SUMSEL,7446,2019,2019:7446,2019,7444,518071,0.4231542777635442,369.0,False,False,-51.0,1,NOAA20,2019-10-24 05:51:00
105.39129639,-3.15607023,2019-10-24 12:00:00,LAPAN,Aqua,Verified Fire,SUMSEL,7451,2019,2019:7451,2019,7449,519252,0.39254791280391094,368.0,False,False,-52.0,1,NOAA20,2019-10-24 05:52:00
105.67126465,-3.82613158,2019-10-24 12:00:00,LAPAN,Aqua,Verified Fire,SUMSEL,7456,2019,2019:7456,2019,7454,518142,0.41595210355226825,369.0,False,False,-51.0,2,NOAA20,2019-10-24 05:51:00
105.74232483,-3.60140967,2019-10-24 12:00:00,LAPAN,Aqua,Verified Fire,SUMSEL,7460,2019,2019:7460,2019,7458,518537,0.3000631488609022,369.0,False,False,-51.0,2,NOAA20,2019-10-24 05:51:00
105.68193817,-3.2311573,2019-10-24 12:00:00,LAPAN,Aqua,Verified Fire,SUMSEL,7462,2019,2019:7462,2019,7460,519159,0.30409029216994793,368.0,False,False,-52.0,2,NOAA20,2019-10-24 05:52:00
105.29644775,-2.9758873,2019-10-24 12:00:00,LAPAN,Aqua,Verified Fire,SUMSEL,7465,2019,2019:7465,2019,7463,519459,0.31219599869546455,368.0,False,False,-52.0,3,NOAA20,2019-10-24 05:52:00
105.75167847,-3.77858353,2019-10-24 12:00:00,LAPAN,Aqua,Verified Fire,SUMSEL,7466,2019,2019:7466,2019,7464,518187,0.31738285276133876,369.0,False,False,-51.0,1,NOAA20,2019-10-24 05:51:00
105.54920959,-3.8433578,2019-10-24 12:00:00,LAPAN,Aqua,Verified Fire,SUMSEL,7469,2019,2019:7469,2019,7467,518086,0.2479990787124994,369.0,False,False,-51.0,2,NOAA20,2019-10-24 05:51:00
103.41239929,-2.44465566,2019-10-24 12:00:00,LAPAN,Aqua,Verified Fire,SUMSEL MUBA,7473,2019,2019:7473,2019,7471,520072,0.35202480852044554,368.0,False,False,-52.0,2,NOAA20,2019-10-24 05:52:00
105.5682373,-3.85097241,2019-10-24 12:00:00,LAPAN,Aqua,Verified Fire,SUMSEL,7474,2019,2019:7474,2019,7472,518079,0.3196580145261223,369.0,False,False,-51.0,2,NOAA20,2019-10-24 05:51:00
105.55059814,-3.33739328,2019-10-24 12:00:00,LAPAN,Aqua,Verified Fire,SUMSEL,7475,2019,2019:7475,2019,7473,520161,0.25764977165873687,368.0,False,False,-52.0,4,NOAA20,2019-10-24 05:52:00
105.62210846,-3.30667686,2019-10-24 12:00:00,LAPAN,Aqua,Verified Fire,SUMSEL,7476,2019,2019:7476,2019,7474,520211,0.2572098447043477,368.0,False,False,-52.0,5,NOAA20,2019-10-24 05:52:00
105.62355042,-3.31664896,2019-10-24 12:00:00,LAPAN,Aqua,Verified Fire,SUMSEL,7477,2019,2019:7477,2019,7475,520185,0.25697888152322396,368.0,False,False,-52.0,5,NOAA20,2019-10-24 05:52:00
105.2414093,-3.01524448,2019-10-24 12:00:00,LAPAN,Aqua,Verified Fire,SUMSEL,7479,2019,2019:7479,2019,7477,519504,0.3133205305949095,368.0,False,False,-52.0,2,NOAA20,2019-10-24 05:52:00
105.35463715,-3.10969734,2019-10-24 12:00:00,LAPAN,Aqua,Verified Fire,SUMSEL,7491,2019,2019:7491,2019,7489,519659,0.2346607742682235,368.0,False,False,-52.0,6,NOAA20,2019-10-24 05:52:00
105.298469543,-2.92576265335,2019-10-24 13:00:00,LAPAN,Aqua,Verified Fire,SUMSEL,7614,2019,2019:7614,2019,7612,1208363,0.3171664808770691,377.0,False,False,-43.0,1,SNPP,2019-10-24 06:43:00
105.552947998,-3.87262296677,2019-10-24 13:00:00,LAPAN,Aqua,Verified Fire,SUMSEL,7672,2019,2019:7672,2019,7670,1206867,0.2636982381140232,378.0,False,False,-42.0,4,SNPP,2019-10-24 06:42:00
103.416259766,-2.44075298309,2019-10-24 13:00:00,LAPAN,Aqua,Verified No fire,SUMSEL MUBA,7705,2019,2019:7705,2019,7703,1207730,0.3477185472306452,377.0,False,False,-43.0,2,SNPP,2019-10-24 06:43:00
105.586624146,-3.04749155045,2019-10-26 13:00:00,LAPAN,Aqua,Verified Fire,SUMSEL,7834,2019,2019:7834,2019,7832,524294,0.190300239733304,366.0,False,False,-54.0,1,NOAA20,2019-10-26 06:54:00
105.564,-3.38599,2019-10-26 13:00:00,LAPAN,SNPP,Verified Fire,SUMSEL,7836,2019,2019:7836,2019,7834,524272,0.25031599149038414,366.0,False,False,-54.0,1,NOAA20,2019-10-26 06:54:00
105.569335938,-3.85123276711,2019-10-26 13:00:00,LAPAN,Aqua,Verified Fire,SUMSEL,7845,2019,2019:7845,2019,7843,524204,0.23970526663607158,366.0,False,False,-54.0,4,NOAA20,2019-10-26 06:54:00
105.539802551,-3.84607172012,2019-10-26 13:00:00,LAPAN,Aqua,Verified Fire,SUMSEL,7846,2019,2019:7846,2019,7844,524221,0.3319143170152085,366.0,False,False,-54.0,2,NOAA20,2019-10-26 06:54:00
105.538,-3.84537,2019-10-26 13:00:00,LAPAN,SNPP,Verified Fire,SUMSEL,7847,2019,2019:7847,2019,7845,524209,0.20744932198707078,366.0,False,False,-54.0,3,NOAA20,2019-10-26 06:54:00
105.770629883,-3.79465484619,2019-10-26 13:00:00,LAPAN,Aqua,Verified Fire,SUMSEL,7852,2019,2019:7852,2019,7850,524212,0.306724652775945,366.0,False,False,-54.0,1,NOAA20,2019-10-26 06:54:00
105.580032349,-3.85906410217,2019-10-26 13:00:00,LAPAN,Aqua,Verified Fire,SUMSEL,7855,2019,2019:7855,2019,7853,524201,0.417839074354037,366.0,False,False,-54.0,1,NOAA20,2019-10-26 06:54:00
105.538,-3.79544,2019-10-26 13:00:00,LAPAN,SNPP,Verified Fire,SUMSEL,7862,2019,2019:7862,2019,7860,524242,0.42246128241655445,366.0,False,False,-54.0,1,NOAA20,2019-10-26 06:54:00
105.338,-3.70038,2019-10-26 13:00:00,LAPAN,SNPP,Verified Fire,SUMSEL,7865,2019,2019:7865,2019,7863,524254,0.2082469360896432,366.0,False,False,-54.0,1,NOAA20,2019-10-26 06:54:00
105.608,-3.77692,2019-10-26 13:00:00,LAPAN,SNPP,Verified Fire,SUMSEL,7884,2019,2019:7884,2019,7882,79833,0.42397353787717335,391.0,False,False,-29.0,2,Aqua,2019-10-26 06:29:00
105.5861,-3.3079,2019-10-26 13:00:00,ASMC,NOAA20,Verified Fire,SUMSEL,7891,2019,2019:7891,2019,7889,79898,0.32218428328160265,391.0,False,False,-29.0,1,Aqua,2019-10-26 06:29:00
105.5944,-3.8564,2019-10-26 13:00:00,ASMC,NOAA20,Verified Fire,SUMSEL,7893,2019,2019:7893,2019,7891,1212876,0.25675138876146936,415.0,False,False,-5.0,1,SNPP,2019-10-26 06:05:00
105.26454926,-3.0167625,2019-10-28 00:00:00,LAPAN,SNPP,Verified Fire,SUMSEL,8001,2019,2019:8001,2019,7999,80177,0.2224735007744573,363.0,False,False,-57.0,8,Aqua,2019-10-27 17:57:00
105.27357483,-3.01825213,2019-10-28 00:00:00,LAPAN,SNPP,Verified Fire,SUMSEL,8002,2019,2019:8002,2019,8000,526078,0.23031530827049768,382.0,False,False,-38.0,6,NOAA20,2019-10-27 17:38:00
105.79174805,-3.89043212,2019-10-28 00:00:00,LAPAN,SNPP,Verified Fire,SUMSEL,8003,2019,2019:8003,2019,8001,526182,0.3473982629511559,382.0,False,False,-38.0,2,NOAA20,2019-10-27 17:38:00
105.55962372,-3.3262291,2019-10-28 00:00:00,LAPAN,SNPP,Verified Fire,SUMSEL,8007,2019,2019:8007,2019,8005,526098,0.3703861947755776,382.0,False,False,-38.0,3,NOAA20,2019-10-27 17:38:00
105.55756378,-3.3379879,2019-10-28 00:00:00,LAPAN,SNPP,Verified Fire,SUMSEL,8010,2019,2019:8010,2019,8008,80178,0.2746073221233344,363.0,False,False,-57.0,5,Aqua,2019-10-27 17:57:00
105.271,-3.0176,2019-10-28 13:00:00,ASMC,NOAA20,Verified Fire,SUMSEL,8028,2019,2019:8028,2019,8026,80238,0.26396463703441486,403.0,False,False,-17.0,2,Aqua,2019-10-28 06:17:00
105.80073547,-3.88650489,2019-10-28 13:00:00,LAPAN,SNPP,Verified Fire,SUMSEL,8030,2019,2019:8030,2019,8028,526743,0.2459857546857037,404.0,False,False,-16.0,1,NOAA20,2019-10-28 06:16:00
105.77035522,-3.78253317,2019-10-28 13:00:00,LAPAN,SNPP,Verified Fire,SUMSEL,8035,2019,2019:8035,2019,8033,80245,0.11608158836717265,403.0,False,False,-17.0,1,Aqua,2019-10-28 06:17:00
105.7704,-3.7825,2019-10-28 13:00:00,ASMC,NOAA20,Verified Fire,SUMSEL,8037,2019,2019:8037,2019,8035,80245,0.1099577079853662,403.0,False,False,-17.0,1,Aqua,2019-10-28 06:17:00
105.76406097,-3.79043102,2019-10-28 13:00:00,LAPAN,SNPP,Verified Fire,SUMSEL,8038,2019,2019:8038,2019,8036,527021,0.2898079899807614,403.0,False,False,-17.0,3,NOAA20,2019-10-28 06:17:00
105.257,-3.0268,2019-10-28 13:00:00,ASMC,NOAA20,Verified Fire,SUMSEL,8044,2019,2019:8044,2019,8042,80288,0.40789990667629533,403.0,False,False,-17.0,1,Aqua,2019-10-28 06:17:00
105.27844238,-3.0165062,2019-10-28 13:00:00,LAPAN,SNPP,Verified Fire,SUMSEL,8045,2019,2019:8045,2019,8043,526966,0.2488012552741644,403.0,False,False,-17.0,1,NOAA20,2019-10-28 06:17:00
105.27198792,-3.02451515,2019-10-28 13:00:00,LAPAN,SNPP,Verified No fire,SUMSEL,8047,2019,2019:8047,2019,8045,80286,0.45056998533238396,403.0,False,False,-17.0,1,Aqua,2019-10-28 06:17:00
105.7950058,-3.50190043,2019-10-28 13:00:00,LAPAN,SNPP,Verified Fire,SUMSEL,8048,2019,2019:8048,2019,8046,526981,0.24575245256500228,403.0,False,False,-17.0,2,NOAA20,2019-10-28 06:17:00
105.81633759,-3.89111257,2019-10-28 13:00:00,LAPAN,SNPP,Verified Fire,SUMSEL,8049,2019,2019:8049,2019,8047,526747,0.31564187191952137,404.0,False,False,-16.0,2,NOAA20,2019-10-28 06:16:00
105.89532471,-3.87232804,2019-10-28 13:00:00,LAPAN,SNPP,Verified Fire,SUMSEL,8050,2019,2019:8050,2019,8048,526739,0.3168505172375412,404.0,False,False,-16.0,1,NOAA20,2019-10-28 06:16:00
105.79022217,-3.76565838,2019-10-28 13:00:00,LAPAN,SNPP,Verified Fire,SUMSEL,8051,2019,2019:8051,2019,8049,527014,0.3266121335492654,403.0,False,False,-17.0,1,NOAA20,2019-10-28 06:17:00
105.7661,-3.804,2019-10-28 13:00:00,ASMC,NOAA20,Verified Fire,SUMSEL,8057,2019,2019:8057,2019,8055,80246,0.4606398198471613,403.0,False,False,-17.0,1,Aqua,2019-10-28 06:17:00
105.76608276,-3.80403376,2019-10-28 13:00:00,LAPAN,SNPP,Verified Fire,SUMSEL,8058,2019,2019:8058,2019,8056,80246,0.4577610042370818,403.0,False,False,-17.0,1,Aqua,2019-10-28 06:17:00
105.7651,-3.7972,2019-10-28 13:00:00,ASMC,NOAA20,Verified Fire,SUMSEL,8059,2019,2019:8059,2019,8057,80283,0.10230235723126341,403.0,False,False,-17.0,1,Aqua,2019-10-28 06:17:00
105.25704193,-3.02677393,2019-10-28 13:00:00,LAPAN,SNPP,Verified Fire,SUMSEL,8067,2019,2019:8067,2019,8065,80288,0.4120754326368741,403.0,False,False,-17.0,1,Aqua,2019-10-28 06:17:00
105.79549408,-3.60339475,2019-10-28 13:00:00,LAPAN,SNPP,Verified Fire,SUMSEL,8072,2019,2019:8072,2019,8070,526997,0.28989812148421473,403.0,False,False,-17.0,1,NOAA20,2019-10-28 06:17:00
105.272,-3.0245,2019-10-28 13:00:00,ASMC,NOAA20,Verified No fire,SUMSEL,8079,2019,2019:8079,2019,8077,80286,0.4526601979007182,403.0,False,False,-17.0,1,Aqua,2019-10-28 06:17:00
105.75978088,-3.8119359,2019-10-28 13:00:00,LAPAN,SNPP,Verified Fire,SUMSEL,8081,2019,2019:8081,2019,8079,527024,0.23555035966617408,403.0,False,False,-17.0,1,NOAA20,2019-10-28 06:17:00
105.80742645,-3.39144182,2019-10-28 13:00:00,LAPAN,SNPP,Verified Fire,SUMSEL,8090,2019,2019:8090,2019,8088,526977,0.2724599949778977,403.0,False,False,-17.0,1,NOAA20,2019-10-28 06:17:00
105.26031494,-3.0262146,2019-10-29 12:00:00,LAPAN,Aqua,Verified Fire,SUMSEL,8126,2019,2019:8126,2019,8124,528094,0.15468238109777424,362.0,False,False,-58.0,6,NOAA20,2019-10-29 05:58:00
105.26957703,-3.02488732,2019-10-29 12:00:00,LAPAN,Aqua,Verified No fire,SUMSEL,8127,2019,2019:8127,2019,8125,528103,0.35629766262642026,362.0,False,False,-58.0,4,NOAA20,2019-10-29 05:58:00
105.27883148,-3.02356076,2019-10-29 12:00:00,LAPAN,Aqua,Verified No fire,SUMSEL,8135,2019,2019:8135,2019,8133,528105,0.35612449164772897,362.0,False,False,-58.0,2,NOAA20,2019-10-29 05:58:00
105.26824951,-3.01577353,2019-10-29 12:00:00,LAPAN,Aqua,Verified Fire,SUMSEL,8136,2019,2019:8136,2019,8134,528084,0.14798068512963689,362.0,False,False,-58.0,4,NOAA20,2019-10-29 05:58:00
105.27749634,-3.01445246,2019-10-29 12:00:00,LAPAN,Aqua,Verified Fire,SUMSEL,8137,2019,2019:8137,2019,8135,528086,0.13996412665207955,362.0,False,False,-58.0,4,NOAA20,2019-10-29 05:58:00
105.56057739,-3.3428309,2019-10-29 12:00:00,LAPAN,Aqua,Verified Fire,SUMSEL,8141,2019,2019:8141,2019,8139,528114,0.4273758325659312,362.0,False,False,-58.0,1,NOAA20,2019-10-29 05:58:00
105.79496765,-3.88891554,2019-10-30 01:00:00,LAPAN,SNPP,Verified Fire,SUMSEL,8157,2019,2019:8157,2019,8155,528713,0.2597903498842997,379.0,False,False,-41.0,4,NOAA20,2019-10-29 18:41:00
105.25681305,-3.02534223,2019-10-30 01:00:00,LAPAN,SNPP,Verified Fire,SUMSEL,8158,2019,2019:8158,2019,8156,528690,0.24051986935055342,380.0,False,False,-40.0,3,NOAA20,2019-10-29 18:40:00
105.27173615,-3.0194993,2019-10-30 01:00:00,LAPAN,SNPP,Verified Fire,SUMSEL,8159,2019,2019:8159,2019,8157,528697,0.24004744047231008,380.0,False,False,-40.0,4,NOAA20,2019-10-29 18:40:00
105.77082825,-3.78589654,2019-10-30 01:00:00,LAPAN,SNPP,Fire inside Sitrep,SUMSEL,8160,2019,2019:8160,2019,8158,528645,0.2449971411449627,380.0,False,False,-40.0,4,NOAA20,2019-10-29 18:40:00
105.7808075,-3.76693726,2019-10-30 12:00:00,LAPAN,SNPP,Verified Fire,SUMSEL,8171,2019,2019:8171,2019,8169,529687,0.37651765897178935,381.0,False,False,-39.0,2,NOAA20,2019-10-30 05:39:00
105.77109528,-3.787184,2019-10-30 12:00:00,LAPAN,SNPP,Verified Fire,SUMSEL,8172,2019,2019:8172,2019,8170,529681,0.32490329047820454,381.0,False,False,-39.0,4,NOAA20,2019-10-30 05:39:00
105.77279663,-3.79946828,2019-10-30 12:00:00,LAPAN,SNPP,Verified Fire,SUMSEL,8174,2019,2019:8174,2019,8172,529678,0.32456381021413994,381.0,False,False,-39.0,2,NOAA20,2019-10-30 05:39:00
105.77983856,-3.30367208,2019-10-30 12:00:00,LAPAN,SNPP,Verified Fire,SUMSEL,8176,2019,2019:8176,2019,8174,529778,0.3044909553720127,381.0,False,False,-39.0,1,NOAA20,2019-10-30 05:39:00
105.2600174,-3.02158713,2019-10-30 12:00:00,LAPAN,SNPP,Verified Fire,SUMSEL,8178,2019,2019:8178,2019,8176,529811,0.33664581323558396,381.0,False,False,-39.0,1,NOAA20,2019-10-30 05:39:00
105.772521973,-3.79687952995,2019-10-30 12:00:00,LAPAN,Aqua,Verified Fire,SUMSEL,8188,2019,2019:8188,2019,8186,529691,0.28853149889998697,381.0,False,False,-39.0,2,NOAA20,2019-10-30 05:39:00
105.270965576,-3.02064323425,2019-10-30 12:00:00,LAPAN,Aqua,Verified Fire,SUMSEL,8189,2019,2019:8189,2019,8187,529809,0.3248516735521767,381.0,False,False,-39.0,1,NOAA20,2019-10-30 05:39:00
106.00139618,-3.2422955,2019-10-31 01:00:00,LAPAN,SNPP,Fire inside Sitrep,SUMSEL,8239,2019,2019:8239,2019,8237,530581,0.2149706989490394,398.0,False,False,-22.0,1,NOAA20,2019-10-30 18:22:00
105.79431915,-3.88882422,2019-10-31 01:00:00,LAPAN,SNPP,Verified Fire,SUMSEL,8242,2019,2019:8242,2019,8240,530464,0.22407018036682863,398.0,False,False,-22.0,4,NOAA20,2019-10-30 18:22:00
105.22794342,-3.07318783,2019-10-31 01:00:00,LAPAN,SNPP,Verified No fire,SUMSEL,8245,2019,2019:8245,2019,8243,530576,0.2520225050655774,398.0,False,False,-22.0,3,NOAA20,2019-10-30 18:22:00
105.77495575,-3.78397393,2019-10-31 01:00:00,LAPAN,SNPP,Verified Fire,SUMSEL,8249,2019,2019:8249,2019,8247,530425,0.21465380646025115,398.0,False,False,-22.0,3,NOAA20,2019-10-30 18:22:00
105.26509094,-3.01768613,2019-10-31 01:00:00,LAPAN,SNPP,Verified Fire,SUMSEL,8253,2019,2019:8253,2019,8251,530408,0.21729516522763329,399.0,False,False,-21.0,4,NOAA20,2019-10-30 18:21:00
105.80929565,-3.88434052,2019-10-31 01:00:00,LAPAN,SNPP,Verified Fire,SUMSEL,8256,2019,2019:8256,2019,8254,530449,0.2586424086167649,398.0,False,False,-22.0,2,NOAA20,2019-10-30 18:22:00
105.25718689,-3.02321291,2019-10-31 01:00:00,LAPAN,SNPP,Verified Fire,SUMSEL,8260,2019,2019:8260,2019,8258,530418,0.2189746451825199,399.0,False,False,-21.0,4,NOAA20,2019-10-30 18:21:00
105.5518,-3.8134,2019-10-31 13:00:00,ASMC,NOAA20,Verified Fire,SUMSEL,8274,2019,2019:8274,2019,8272,81207,0.3082257572459014,372.0,False,False,-48.0,1,Aqua,2019-10-31 06:48:00
105.7686,-3.6374,2019-10-31 13:00:00,ASMC,NOAA20,Verified Fire,SUMSEL,8276,2019,2019:8276,2019,8274,81211,0.2288424295235466,372.0,False,False,-48.0,1,Aqua,2019-10-31 06:48:00
105.7754,-3.5512,2019-10-31 13:00:00,ASMC,NOAA20,Verified Fire,SUMSEL,8277,2019,2019:8277,2019,8275,81206,0.4558404303197726,372.0,False,False,-48.0,1,Aqua,2019-10-31 06:48:00
105.5527,-3.8111,2019-10-31 13:00:00,ASMC,NOAA20,Verified Fire,SUMSEL,8291,2019,2019:8291,2019,8289,81207,0.040030601200127774,372.0,False,False,-48.0,1,Aqua,2019-10-31 06:48:00
105.7771,-3.5621,2019-10-31 13:00:00,ASMC,NOAA20,Verified Fire,SUMSEL,8293,2019,2019:8293,2019,8291,81244,0.4419909781687267,372.0,False,False,-48.0,1,Aqua,2019-10-31 06:48:00
105.879,-3.823,2019-10-31 13:00:00,ASMC,NOAA20,Verified Fire,SUMSEL,8311,2019,2019:8311,2019,8309,81249,0.28274155936597073,372.0,False,False,-48.0,1,Aqua,2019-10-31 06:48:00
105.5431,-3.7161,2019-10-31 13:00:00,ASMC,NOAA20,Verified Fire,SUMSEL,8312,2019,2019:8312,2019,8310,81262,0.38395155188298014,372.0,False,False,-48.0,1,Aqua,2019-10-31 06:48:00
105.3239,-2.9993,2019-10-31 13:00:00,ASMC,NOAA20,Verified Fire,SUMSEL,8318,2019,2019:8318,2019,8316,81235,0.2782093939972909,372.0,False,False,-48.0,1,Aqua,2019-10-31 06:48:00
105.7684,-3.5523,2019-10-31 13:00:00,ASMC,NOAA20,Verified Fire,SUMSEL,8322,2019,2019:8322,2019,8320,81206,0.42122583622277227,372.0,False,False,-48.0,1,Aqua,2019-10-31 06:48:00
105.7842,-3.5609,2019-10-31 13:00:00,ASMC,NOAA20,Verified Fire,SUMSEL,8326,2019,2019:8326,2019,8324,81242,0.19651912987702985,372.0,False,False,-48.0,1,Aqua,2019-10-31 06:48:00
105.77561188,-3.63621211,2019-10-31 14:00:00,LAPAN,Aqua,Verified Fire,SUMSEL,8338,2019,2019:8338,2019,8336,531824,0.2965681778008816,419.0,False,False,-1.0,2,NOAA20,2019-10-31 07:01:00
105.77755737,-3.55767035,2019-10-31 14:00:00,LAPAN,Aqua,Verified Fire,SUMSEL,8339,2019,2019:8339,2019,8337,531790,0.22756771448014199,419.0,False,False,-1.0,5,NOAA20,2019-10-31 07:01:00
105.72742462,-3.85914779,2019-10-31 14:00:00,LAPAN,Aqua,Verified Fire,SUMSEL,8341,2019,2019:8341,2019,8339,531624,0.2920810144378039,420.0,False,False,0.0,1,NOAA20,2019-10-31 07:00:00
105.87902069,-3.82295251,2019-10-31 14:00:00,LAPAN,Aqua,Verified Fire,SUMSEL,8342,2019,2019:8342,2019,8340,531768,0.33407163186841576,420.0,False,False,0.0,2,NOAA20,2019-10-31 07:00:00
105.76186371,-3.80898428,2019-10-31 14:00:00,LAPAN,Aqua,Verified Fire,SUMSEL,8343,2019,2019:8343,2019,8341,531763,0.4275243510452755,420.0,False,False,0.0,1,NOAA20,2019-10-31 07:00:00
105.77399445,-3.79580927,2019-10-31 14:00:00,LAPAN,Aqua,Verified Fire,SUMSEL,8344,2019,2019:8344,2019,8342,531758,0.2944276893045255,420.0,False,False,0.0,4,NOAA20,2019-10-31 07:00:00
105.58304596,-3.87193084,2019-10-31 14:00:00,LAPAN,Aqua,Verified Fire,SUMSEL,8345,2019,2019:8345,2019,8343,531619,0.2881417446988933,420.0,False,False,0.0,1,NOAA20,2019-10-31 07:00:00
105.552742,-3.81114483,2019-10-31 14:00:00,LAPAN,Aqua,Verified Fire,SUMSEL,8346,2019,2019:8346,2019,8344,531741,0.287639353372919,420.0,False,False,0.0,1,NOAA20,2019-10-31 07:00:00
105.71133423,-3.63564873,2019-10-31 14:00:00,LAPAN,Aqua,Verified Fire,SUMSEL,8347,2019,2019:8347,2019,8345,531911,0.29440693107937116,419.0,False,False,-1.0,2,NOAA20,2019-10-31 07:01:00
105.79568481,-3.32819271,2019-10-31 14:00:00,LAPAN,Aqua,Verified Fire,SUMSEL,8348,2019,2019:8348,2019,8346,531934,0.26419666949032644,419.0,False,False,-1.0,4,NOAA20,2019-10-31 07:01:00
105.78276825,-3.76087976,2019-10-31 14:00:00,LAPAN,Aqua,Verified Fire,SUMSEL,8349,2019,2019:8349,2019,8347,531932,0.2508462709366418,419.0,False,False,-1.0,2,NOAA20,2019-10-31 07:01:00
105.60626984,-3.80204797,2019-10-31 14:00:00,LAPAN,Aqua,Verified Fire,SUMSEL,8350,2019,2019:8350,2019,8348,531744,0.42179355488755077,420.0,False,False,0.0,1,NOAA20,2019-10-31 07:00:00
105.30067444,-2.98133278,2019-10-31 14:00:00,LAPAN,Aqua,Verified Fire,SUMSEL,8351,2019,2019:8351,2019,8349,531849,0.33541286207266663,419.0,False,False,-1.0,2,NOAA20,2019-10-31 07:01:00
105.32389069,-2.99932122,2019-10-31 14:00:00,LAPAN,Aqua,Verified Fire,SUMSEL,8353,2019,2019:8353,2019,8351,531842,0.3236080091855493,419.0,False,False,-1.0,1,NOAA20,2019-10-31 07:01:00
105.53990173,-3.34133863,2019-10-31 14:00:00,LAPAN,Aqua,Verified Fire,SUMSEL,8355,2019,2019:8355,2019,8353,531803,0.304771203309597,419.0,False,False,-1.0,1,NOAA20,2019-10-31 07:01:00
105.81052399,-3.88614368,2019-10-31 14:00:00,LAPAN,Aqua,Verified Fire,SUMSEL,8357,2019,2019:8357,2019,8355,531633,0.31096741004158984,420.0,False,False,0.0,2,NOAA20,2019-10-31 07:00:00
105.57283783,-3.80773234,2019-10-31 14:00:00,LAPAN,Aqua,Verified Fire,SUMSEL,8358,2019,2019:8358,2019,8356,531743,0.2879000251850973,420.0,False,False,0.0,1,NOAA20,2019-10-31 07:00:00
105.79546356,-3.37316203,2019-10-31 14:00:00,LAPAN,Aqua,Verified Fire,SUMSEL,8359,2019,2019:8359,2019,8357,531913,0.29955472128520605,419.0,False,False,-1.0,2,NOAA20,2019-10-31 07:01:00
105.5431366,-3.7161088,2019-10-31 14:00:00,LAPAN,Aqua,Verified Fire,SUMSEL,8361,2019,2019:8361,2019,8359,531829,0.30200035252160723,419.0,False,False,-1.0,1,NOAA20,2019-10-31 07:01:00
105.77533722,-3.766078,2019-10-31 14:00:00,LAPAN,Aqua,Verified Fire,SUMSEL,8362,2019,2019:8362,2019,8360,531930,0.43361744716878325,419.0,False,False,-1.0,2,NOAA20,2019-10-31 07:01:00
105.77226257,-3.7849617,2019-10-31 14:00:00,LAPAN,Aqua,Verified Fire,SUMSEL,8363,2019,2019:8363,2019,8361,531751,0.29533439597755234,420.0,False,False,0.0,3,NOAA20,2019-10-31 07:00:00
105.76837158,-3.55232573,2019-10-31 14:00:00,LAPAN,Aqua,Verified Fire,SUMSEL,8364,2019,2019:8364,2019,8362,531785,0.3140757283079265,419.0,False,False,-1.0,2,NOAA20,2019-10-31 07:01:00
105.99932098,-3.23721075,2019-11-01 01:00:00,LAPAN,Terra,Fire inside Sitrep,SUMSEL,8365,2019,2019:8365,2019,8363,532167,0.3045372662427682,417.0,False,False,-3.0,4,NOAA20,2019-10-31 18:03:00
105.62052917,-3.78077769,2019-11-01 01:00:00,LAPAN,Terra,Verified Fire,SUMSEL,8366,2019,2019:8366,2019,8364,1219967,0.17724839194415332,366.0,False,False,-54.0,6,SNPP,2019-10-31 18:54:00
105.81351471,-3.88941193,2019-11-01 01:00:00,LAPAN,Terra,Verified Fire,SUMSEL,8367,2019,2019:8367,2019,8365,1220008,0.24373729542370978,366.0,False,False,-54.0,8,SNPP,2019-10-31 18:54:00
105.25829315,-3.02328777,2019-11-01 01:00:00,LAPAN,Terra,Verified Fire,SUMSEL,8368,2019,2019:8368,2019,8366,1220056,0.053010590471664024,366.0,False,False,-54.0,6,SNPP,2019-10-31 18:54:00
105.80441284,-3.88793182,2019-11-01 01:00:00,LAPAN,Terra,Verified Fire,SUMSEL,8369,2019,2019:8369,2019,8367,1220007,0.23641611929587364,366.0,False,False,-54.0,5,SNPP,2019-10-31 18:54:00
105.28868103,-3.00853372,2019-11-01 01:00:00,LAPAN,Terra,Verified Fire,SUMSEL,8370,2019,2019:8370,2019,8368,532141,0.19284780675540392,417.0,False,False,-3.0,8,NOAA20,2019-10-31 18:03:00
105.77257538,-3.78194833,2019-11-01 01:00:00,LAPAN,Terra,Verified Fire,SUMSEL,8371,2019,2019:8371,2019,8369,1219957,0.19333360053888518,366.0,False,False,-54.0,6,SNPP,2019-10-31 18:54:00
105.29998779,-3.00224686,2019-11-01 01:00:00,LAPAN,Terra,Verified Fire,SUMSEL,8372,2019,2019:8372,2019,8370,532133,0.20200244819244428,417.0,False,False,-3.0,8,NOAA20,2019-10-31 18:03:00
105.22921753,-3.07521701,2019-11-01 01:00:00,LAPAN,Terra,Verified No fire,SUMSEL,8373,2019,2019:8373,2019,8371,1220059,0.24038143995594494,366.0,False,False,-54.0,6,SNPP,2019-10-31 18:54:00
105.99027252,-3.23572588,2019-11-01 01:00:00,LAPAN,Terra,Fire inside Sitrep,SUMSEL,8374,2019,2019:8374,2019,8372,532166,0.3050771610090681,417.0,False,False,-3.0,2,NOAA20,2019-10-31 18:03:00
105.30999756,-3.00382686,2019-11-01 01:00:00,LAPAN,Terra,Verified Fire,SUMSEL,8375,2019,2019:8375,2019,8373,532130,0.23276806960527283,417.0,False,False,-3.0,5,NOAA20,2019-10-31 18:03:00
105.9969101,-3.25222397,2019-11-01 01:00:00,LAPAN,Terra,Fire inside Sitrep,SUMSEL,8376,2019,2019:8376,2019,8374,1220066,0.14540435317799721,366.0,False,False,-54.0,7,SNPP,2019-10-31 18:54:00
105.39653778,-3.2534008,2019-11-01 13:00:00,LAPAN,Aqua,Verified Fire,SUMSEL,8389,2019,2019:8389,2019,8387,532935,0.3571541444030074,378.0,False,False,-42.0,1,NOAA20,2019-11-01 06:42:00
105.25758362,-3.02703476,2019-11-01 13:00:00,LAPAN,Aqua,Verified Fire,SUMSEL,8392,2019,2019:8392,2019,8390,532976,0.14727997585121094,378.0,False,False,-42.0,3,NOAA20,2019-11-01 06:42:00
105.34849548,-3.687047,2019-11-01 13:00:00,LAPAN,Aqua,Verified Fire,SUMSEL,8395,2019,2019:8395,2019,8393,533130,0.380096485238927,378.0,False,False,-42.0,1,NOAA20,2019-11-01 06:42:00
105.97625732,-3.24321938,2019-11-01 13:00:00,LAPAN,Aqua,Fire inside Sitrep,SUMSEL,8396,2019,2019:8396,2019,8394,532924,0.2504783199375788,378.0,False,False,-42.0,4,NOAA20,2019-11-01 06:42:00
101.93479156,-1.058213,2019-11-01 13:00:00,LAPAN,Aqua,Verified No fire,JAMBI SMF,8397,2019,2019:8397,2019,8395,533198,0.24289472640858492,377.0,False,False,-43.0,2,NOAA20,2019-11-01 06:43:00
105.98532104,-3.25142622,2019-11-01 13:00:00,LAPAN,Aqua,Fire inside Sitrep,SUMSEL,8401,2019,2019:8401,2019,8399,533063,0.2650480222993256,378.0,False,False,-42.0,1,NOAA20,2019-11-01 06:42:00
105.99352264,-3.2583425,2019-11-01 13:00:00,LAPAN,Aqua,Fire inside Sitrep,SUMSEL,8402,2019,2019:8402,2019,8400,533065,0.2891402580899272,378.0,False,False,-42.0,2,NOAA20,2019-11-01 06:42:00
105.42697144,-3.7534008,2019-11-01 13:00:00,LAPAN,Aqua,Verified Fire,SUMSEL,8407,2019,2019:8407,2019,8405,533141,0.31060093291505086,378.0,False,False,-42.0,3,NOAA20,2019-11-01 06:42:00
105.77895355,-3.78635383,2019-11-02 00:00:00,LAPAN,Aqua,Verified Fire,SUMSEL,8434,2019,2019:8434,2019,8432,533392,0.25009265720351426,376.0,False,False,-44.0,7,NOAA20,2019-11-01 17:44:00
105.75675201,-3.28764749,2019-11-02 00:00:00,LAPAN,Aqua,Verified Fire,SUMSEL,8435,2019,2019:8435,2019,8433,533280,0.317387167759642,376.0,False,False,-44.0,2,NOAA20,2019-11-01 17:44:00
105.86917877,-3.82406187,2019-11-02 00:00:00,LAPAN,Aqua,Verified Fire,SUMSEL,8436,2019,2019:8436,2019,8434,533349,0.30669301746383504,376.0,False,False,-44.0,4,NOAA20,2019-11-01 17:44:00
105.78076172,-3.77598119,2019-11-02 00:00:00,LAPAN,Aqua,Verified Fire,SUMSEL,8437,2019,2019:8437,2019,8435,533432,0.3141588059506344,376.0,False,False,-44.0,4,NOAA20,2019-11-01 17:44:00
105.67342377,-3.80155873,2019-11-02 00:00:00,LAPAN,Aqua,Verified Fire,SUMSEL,8438,2019,2019:8438,2019,8436,533343,0.28912033231105944,376.0,False,False,-44.0,3,NOAA20,2019-11-01 17:44:00
105.88030243,-3.82746887,2019-11-02 13:00:00,LAPAN,SNPP,Verified Fire,SUMSEL,8497,2019,2019:8497,2019,8495,534136,0.2095707208524936,397.0,False,False,-23.0,5,NOAA20,2019-11-02 06:23:00
105.87440491,-3.83512783,2019-11-02 13:00:00,LAPAN,SNPP,Verified Fire,SUMSEL,8506,2019,2019:8506,2019,8504,534134,0.25443101030641446,397.0,False,False,-23.0,2,NOAA20,2019-11-02 06:23:00
105.78052521,-3.78247046,2019-11-04 01:00:00,LAPAN,Aqua,Verified Fire,SUMSEL,8548,2019,2019:8548,2019,8546,535928,0.11440040601252399,373.0,False,False,-47.0,4,NOAA20,2019-11-03 18:47:00
105.87432098,-3.82488585,2019-11-04 01:00:00,LAPAN,Aqua,Verified Fire,SUMSEL,8551,2019,2019:8551,2019,8549,535908,0.3568044865304565,373.0,False,False,-47.0,3,NOAA20,2019-11-03 18:47:00
105.87289429,-3.83425045,2019-11-04 01:00:00,LAPAN,Aqua,Verified Fire,SUMSEL,8553,2019,2019:8553,2019,8551,535907,0.317444747487323,373.0,False,False,-47.0,2,NOAA20,2019-11-03 18:47:00
105.90509796,-3.83822298,2019-11-04 12:00:00,LAPAN,SNPP,Verified Fire,SUMSEL,8569,2019,2019:8569,2019,8567,536611,0.3465718700250534,375.0,False,False,-45.0,1,NOAA20,2019-11-04 05:45:00
105.92397308,-3.86907196,2019-11-04 12:00:00,LAPAN,SNPP,Verified Fire,SUMSEL,8570,2019,2019:8570,2019,8568,536637,0.2905212751022887,375.0,False,False,-45.0,2,NOAA20,2019-11-04 05:45:00
105.87499237,-3.83137465,2019-11-04 12:00:00,LAPAN,SNPP,Verified Fire,SUMSEL,8573,2019,2019:8573,2019,8571,536606,0.27177695513625927,375.0,False,False,-45.0,3,NOAA20,2019-11-04 05:45:00
105.7716217,-3.87413287,2019-11-04 12:00:00,LAPAN,SNPP,Verified Fire,SUMSEL,8574,2019,2019:8574,2019,8572,536634,0.2865656565232723,375.0,False,False,-45.0,4,NOAA20,2019-11-04 05:45:00
105.66610718,-3.98000979,2019-11-04 12:00:00,LAPAN,SNPP,Verified Fire,SUMSEL,8578,2019,2019:8578,2019,8576,536652,0.34316927755327287,375.0,False,False,-45.0,1,NOAA20,2019-11-04 05:45:00
105.83802032,-3.88178515,2019-11-04 12:00:00,LAPAN,SNPP,Verified Fire,SUMSEL,8580,2019,2019:8580,2019,8578,536624,0.3481565622330082,375.0,False,False,-45.0,3,NOAA20,2019-11-04 05:45:00
105.78420258,-3.86712718,2019-11-04 12:00:00,LAPAN,SNPP,Verified Fire,SUMSEL,8581,2019,2019:8581,2019,8579,536616,0.3488511594143229,375.0,False,False,-45.0,1,NOAA20,2019-11-04 05:45:00
105.777603149,-3.8555791378,2019-11-04 13:00:00,LAPAN,Aqua,Verified Fire,SUMSEL,8584,2019,2019:8584,2019,8582,1224799,0.15461285184838772,384.0,False,False,-36.0,2,SNPP,2019-11-04 06:36:00
105.61695099,-3.75271416,2019-11-05 01:00:00,LAPAN,SNPP,Verified Fire,SUMSEL,8614,2019,2019:8614,2019,8612,537633,0.24811945146548384,392.0,False,False,-28.0,3,NOAA20,2019-11-04 18:28:00
105.6049881,-3.72963762,2019-11-05 01:00:00,LAPAN,SNPP,Verified Fire,SUMSEL,8615,2019,2019:8615,2019,8613,537628,0.29271628127544663,392.0,False,False,-28.0,2,NOAA20,2019-11-04 18:28:00
105.79248047,-3.88884115,2019-11-05 01:00:00,LAPAN,SNPP,Verified Fire,SUMSEL,8618,2019,2019:8618,2019,8616,537649,0.1915115578208125,392.0,False,False,-28.0,6,NOAA20,2019-11-04 18:28:00
105.7856369,-3.88714862,2019-11-06 01:00:00,LAPAN,SNPP,Verified Fire,SUMSEL,8639,2019,2019:8639,2019,8637,540195,0.27267474676693404,411.0,False,False,-9.0,1,NOAA20,2019-11-05 18:09:00
105.86976624,-3.84889007,2019-11-06 01:00:00,LAPAN,SNPP,Verified Fire,SUMSEL,8640,2019,2019:8640,2019,8638,540159,0.2749248817806652,411.0,False,False,-9.0,2,NOAA20,2019-11-05 18:09:00
105.78126526,-3.76338601,2019-11-06 01:00:00,LAPAN,SNPP,Verified Fire,SUMSEL,8641,2019,2019:8641,2019,8639,540094,0.05760280038341601,411.0,False,False,-9.0,3,NOAA20,2019-11-05 18:09:00
105.78675842,-3.77855849,2019-11-06 01:00:00,LAPAN,SNPP,Verified Fire,SUMSEL,8642,2019,2019:8642,2019,8640,540100,0.2443284621582042,411.0,False,False,-9.0,4,NOAA20,2019-11-05 18:09:00
105.77238464,-3.8191011,2019-11-06 01:00:00,LAPAN,SNPP,Verified Fire,SUMSEL,8643,2019,2019:8643,2019,8641,540139,0.24549954495092072,411.0,False,False,-9.0,4,NOAA20,2019-11-05 18:09:00
105.74317169,-3.48842311,2019-11-06 01:00:00,LAPAN,SNPP,Verified Fire,SUMSEL,8644,2019,2019:8644,2019,8642,540045,0.2745120934038316,411.0,False,False,-9.0,2,NOAA20,2019-11-05 18:09:00
105.78452301,-3.79248738,2019-11-06 01:00:00,LAPAN,SNPP,Verified Fire,SUMSEL,8645,2019,2019:8645,2019,8643,540114,0.24539967045680589,411.0,False,False,-9.0,2,NOAA20,2019-11-05 18:09:00
105.87306213,-3.82808805,2019-11-06 01:00:00,LAPAN,SNPP,Verified Fire,SUMSEL,8646,2019,2019:8646,2019,8644,540136,0.27534716732728287,411.0,False,False,-9.0,3,NOAA20,2019-11-05 18:09:00
105.85127258,-3.81747842,2019-11-06 01:00:00,LAPAN,SNPP,Verified Fire,SUMSEL,8647,2019,2019:8647,2019,8645,540121,0.2747403971195203,411.0,False,False,-9.0,2,NOAA20,2019-11-05 18:09:00
105.84906769,-3.83135581,2019-11-06 01:00:00,LAPAN,SNPP,Verified Fire,SUMSEL,8648,2019,2019:8648,2019,8646,540148,0.27471406435686013,411.0,False,False,-9.0,2,NOAA20,2019-11-05 18:09:00
105.55898285,-2.67368412,2019-11-06 13:00:00,LAPAN,SNPP,Verified No fire,SUMSEL,8675,2019,2019:8675,2019,8673,541610,0.30600313990419803,372.0,False,False,-48.0,1,NOAA20,2019-11-06 06:48:00
105.6522522,-3.46957231,2019-11-06 13:00:00,LAPAN,SNPP,Verified Fire,SUMSEL,8676,2019,2019:8676,2019,8674,82842,0.21937533101543905,409.0,False,False,-11.0,3,Aqua,2019-11-06 06:11:00
105.68393707,-3.61838365,2019-11-06 13:00:00,LAPAN,SNPP,Verified Fire,SUMSEL,8677,2019,2019:8677,2019,8675,541340,0.38196358006466014,372.0,False,False,-48.0,1,NOAA20,2019-11-06 06:48:00
105.51528168,-3.34755087,2019-11-06 13:00:00,LAPAN,SNPP,Verified Fire,SUMSEL,8678,2019,2019:8678,2019,8676,541445,0.2655925253951401,372.0,False,False,-48.0,2,NOAA20,2019-11-06 06:48:00
105.79634857,-3.32973576,2019-11-06 13:00:00,LAPAN,SNPP,Verified Fire,SUMSEL,8682,2019,2019:8682,2019,8680,541439,0.3084892088816571,372.0,False,False,-48.0,1,NOAA20,2019-11-06 06:48:00
105.80619049,-3.85980701,2019-11-06 13:00:00,LAPAN,SNPP,Verified Fire,SUMSEL,8683,2019,2019:8683,2019,8681,541213,0.3092136976286877,372.0,False,False,-48.0,1,NOAA20,2019-11-06 06:48:00
105.79344177,-3.88869858,2019-11-06 13:00:00,LAPAN,SNPP,Verified Fire,SUMSEL,8684,2019,2019:8684,2019,8682,541190,0.2784351931282415,372.0,False,False,-48.0,6,NOAA20,2019-11-06 06:48:00
105.75862885,-3.83165455,2019-11-06 13:00:00,LAPAN,SNPP,Verified Fire,SUMSEL,8687,2019,2019:8687,2019,8685,541238,0.3074393123099693,372.0,False,False,-48.0,2,NOAA20,2019-11-06 06:48:00
105.61509705,-3.89027596,2019-11-06 13:00:00,LAPAN,SNPP,Verified Fire,SUMSEL,8694,2019,2019:8694,2019,8692,541215,0.39343226950691396,372.0,False,False,-48.0,1,NOAA20,2019-11-06 06:48:00
105.56109619,-3.80830932,2019-11-06 13:00:00,LAPAN,SNPP,Verified Fire,SUMSEL,8695,2019,2019:8695,2019,8693,541299,0.2620721337527868,372.0,False,False,-48.0,3,NOAA20,2019-11-06 06:48:00
105.61980438,-3.75474143,2019-11-06 13:00:00,LAPAN,SNPP,Verified Fire,SUMSEL,8698,2019,2019:8698,2019,8696,541319,0.30108065634150294,372.0,False,False,-48.0,1,NOAA20,2019-11-06 06:48:00
105.7328186,-3.25879049,2019-11-06 13:00:00,LAPAN,SNPP,Verified Fire,SUMSEL,8702,2019,2019:8702,2019,8700,541498,0.24534856862147844,372.0,False,False,-48.0,3,NOAA20,2019-11-06 06:48:00
105.59387207,-3.30828214,2019-11-06 13:00:00,LAPAN,SNPP,Verified Fire,SUMSEL,8711,2019,2019:8711,2019,8709,541461,0.266494320096043,372.0,False,False,-48.0,2,NOAA20,2019-11-06 06:48:00
105.78933716,-3.86249161,2019-11-06 13:00:00,LAPAN,SNPP,Verified Fire,SUMSEL,8716,2019,2019:8716,2019,8714,541209,0.2835161021605942,372.0,False,False,-48.0,3,NOAA20,2019-11-06 06:48:00
105.8753891,-3.85776687,2019-11-06 13:00:00,LAPAN,SNPP,Verified Fire,SUMSEL,8719,2019,2019:8719,2019,8717,541141,0.3099406457032219,372.0,False,False,-48.0,1,NOAA20,2019-11-06 06:48:00
105.85728455,-3.79764152,2019-11-06 13:00:00,LAPAN,SNPP,Verified Fire,SUMSEL,8721,2019,2019:8721,2019,8719,541258,0.2839003192115407,372.0,False,False,-48.0,4,NOAA20,2019-11-06 06:48:00
105.84699249,-3.78112698,2019-11-06 13:00:00,LAPAN,SNPP,Verified Fire,SUMSEL,8723,2019,2019:8723,2019,8721,541287,0.267675885151726,372.0,False,False,-48.0,2,NOAA20,2019-11-06 06:48:00
105.56790161,-3.79840732,2019-11-06 13:00:00,LAPAN,SNPP,Verified Fire,SUMSEL,8728,2019,2019:8728,2019,8726,541307,0.38470708362061723,372.0,False,False,-48.0,1,NOAA20,2019-11-06 06:48:00
105.61430359,-3.77333975,2019-11-06 13:00:00,LAPAN,SNPP,Verified Fire,SUMSEL,8730,2019,2019:8730,2019,8728,541315,0.38739731315979975,372.0,False,False,-48.0,2,NOAA20,2019-11-06 06:48:00
105.49755859,-3.83000255,2019-11-06 13:00:00,LAPAN,SNPP,Verified Fire,SUMSEL,8731,2019,2019:8731,2019,8729,541283,0.3665890017675276,372.0,False,False,-48.0,2,NOAA20,2019-11-06 06:48:00
105.4868927,-3.81124306,2019-11-06 13:00:00,LAPAN,SNPP,Verified Fire,SUMSEL,8732,2019,2019:8732,2019,8730,541311,0.4080586301710162,372.0,False,False,-48.0,1,NOAA20,2019-11-06 06:48:00
105.50033569,-3.79153705,2019-11-06 13:00:00,LAPAN,SNPP,Verified Fire,SUMSEL,8733,2019,2019:8733,2019,8731,541318,0.29833249762633135,372.0,False,False,-48.0,2,NOAA20,2019-11-06 06:48:00
105.98860168,-3.24435592,2019-11-06 13:00:00,LAPAN,SNPP,Fire inside Sitrep,SUMSEL,8734,2019,2019:8734,2019,8732,541466,0.4476014078647593,372.0,False,False,-48.0,1,NOAA20,2019-11-06 06:48:00
105.74268341,-3.26618695,2019-11-06 13:00:00,LAPAN,SNPP,Verified Fire,SUMSEL,8735,2019,2019:8735,2019,8733,541481,0.39922931979609466,372.0,False,False,-48.0,2,NOAA20,2019-11-06 06:48:00
105.76963806,-3.27082348,2019-11-06 13:00:00,LAPAN,SNPP,Verified Fire,SUMSEL,8736,2019,2019:8736,2019,8734,541477,0.4331225794552075,372.0,False,False,-48.0,1,NOAA20,2019-11-06 06:48:00
105.73551941,-3.27636433,2019-11-06 13:00:00,LAPAN,SNPP,Verified Fire,SUMSEL,8737,2019,2019:8737,2019,8735,541471,0.39928108617871233,372.0,False,False,-48.0,2,NOAA20,2019-11-06 06:48:00
105.59870911,-3.05527687,2019-11-06 13:00:00,LAPAN,SNPP,Verified Fire,SUMSEL,8740,2019,2019:8740,2019,8738,541536,0.39323049575054664,372.0,False,False,-48.0,1,NOAA20,2019-11-06 06:48:00
105.23682404,-3.09350276,2019-11-06 13:00:00,LAPAN,SNPP,Verified Fire,SUMSEL,8743,2019,2019:8743,2019,8741,541539,0.3662664296588384,372.0,False,False,-48.0,1,NOAA20,2019-11-06 06:48:00
105.70563507,-3.3081677,2019-11-06 13:00:00,LAPAN,SNPP,Verified Fire,SUMSEL,8751,2019,2019:8751,2019,8749,541451,0.26864579808946487,372.0,False,False,-48.0,2,NOAA20,2019-11-06 06:48:00
105.69010162,-3.3196311,2019-11-06 13:00:00,LAPAN,SNPP,Verified Fire,SUMSEL,8752,2019,2019:8752,2019,8750,541443,0.26712969975293005,372.0,False,False,-48.0,2,NOAA20,2019-11-06 06:48:00
105.66757965,-3.45822406,2019-11-06 13:00:00,LAPAN,SNPP,Verified Fire,SUMSEL,8753,2019,2019:8753,2019,8751,541385,0.2819306756738416,372.0,False,False,-48.0,1,NOAA20,2019-11-06 06:48:00
105.61239624,-3.87302089,2019-11-06 13:00:00,LAPAN,SNPP,Verified Fire,SUMSEL,8760,2019,2019:8760,2019,8758,541224,0.28006249655147203,372.0,False,False,-48.0,2,NOAA20,2019-11-06 06:48:00
105.53671265,-3.81215692,2019-11-06 13:00:00,LAPAN,SNPP,Verified Fire,SUMSEL,8761,2019,2019:8761,2019,8759,541305,0.3003429100023302,372.0,False,False,-48.0,3,NOAA20,2019-11-06 06:48:00
105.31164551,-2.99398398,2019-11-06 13:00:00,LAPAN,SNPP,Verified Fire,SUMSEL,8765,2019,2019:8765,2019,8763,541563,0.26973606195409894,372.0,False,False,-48.0,2,NOAA20,2019-11-06 06:48:00
105.79225922,-3.82619977,2019-11-06 13:00:00,LAPAN,SNPP,Verified Fire,SUMSEL,8766,2019,2019:8766,2019,8764,541237,0.2828140401590248,372.0,False,False,-48.0,2,NOAA20,2019-11-06 06:48:00
105.42448425,-3.19214225,2019-11-06 13:00:00,LAPAN,SNPP,Verified No fire,SUMSEL,8769,2019,2019:8769,2019,8767,541529,0.10231147871824878,372.0,False,False,-48.0,2,NOAA20,2019-11-06 06:48:00
105.58422089,-3.30092955,2019-11-06 13:00:00,LAPAN,SNPP,Verified Fire,SUMSEL,8770,2019,2019:8770,2019,8768,541474,0.26670179785560205,372.0,False,False,-48.0,2,NOAA20,2019-11-06 06:48:00
105.50799561,-3.41272163,2019-11-06 13:00:00,LAPAN,SNPP,Verified Fire,SUMSEL,8771,2019,2019:8771,2019,8769,541399,0.30377053324094017,372.0,False,False,-48.0,3,NOAA20,2019-11-06 06:48:00
105.51512909,-3.40068412,2019-11-06 13:00:00,LAPAN,SNPP,Verified Fire,SUMSEL,8772,2019,2019:8772,2019,8770,541412,0.230778416485808,372.0,False,False,-48.0,2,NOAA20,2019-11-06 06:48:00
105.7324295,-3.53812885,2019-11-06 13:00:00,LAPAN,SNPP,Verified Fire,SUMSEL,8774,2019,2019:8774,2019,8772,541352,0.42334537190239946,372.0,False,False,-48.0,1,NOAA20,2019-11-06 06:48:00
105.68237305,-3.83510756,2019-11-06 13:00:00,LAPAN,SNPP,Verified Fire,SUMSEL,8777,2019,2019:8777,2019,8775,541247,0.28024622683504014,372.0,False,False,-48.0,2,NOAA20,2019-11-06 06:48:00
105.8983078,-3.83607364,2019-11-06 13:00:00,LAPAN,SNPP,Verified Fire,SUMSEL,8778,2019,2019:8778,2019,8776,541217,0.39170986292562304,372.0,False,False,-48.0,1,NOAA20,2019-11-06 06:48:00
105.75392151,-3.79572868,2019-11-06 13:00:00,LAPAN,SNPP,Verified Fire,SUMSEL,8780,2019,2019:8780,2019,8778,541292,0.3951366676520014,372.0,False,False,-48.0,1,NOAA20,2019-11-06 06:48:00
105.83755493,-3.78287554,2019-11-06 13:00:00,LAPAN,SNPP,Verified Fire,SUMSEL,8781,2019,2019:8781,2019,8779,541289,0.198485784886825,372.0,False,False,-48.0,4,NOAA20,2019-11-06 06:48:00
105.84029388,-3.8004179,2019-11-06 13:00:00,LAPAN,SNPP,Verified Fire,SUMSEL,8788,2019,2019:8788,2019,8786,541265,0.40983186840012586,372.0,False,False,-48.0,1,NOAA20,2019-11-06 06:48:00
105.84741974,-3.79025245,2019-11-06 13:00:00,LAPAN,SNPP,Verified Fire,SUMSEL,8789,2019,2019:8789,2019,8787,541270,0.2840639867533073,372.0,False,False,-48.0,3,NOAA20,2019-11-06 06:48:00
105.77404785,-3.82019949,2019-11-06 13:00:00,LAPAN,SNPP,Verified Fire,SUMSEL,8800,2019,2019:8800,2019,8798,541254,0.3083971322894102,372.0,False,False,-48.0,3,NOAA20,2019-11-06 06:48:00
105.532211304,-3.80939269066,2019-11-06 13:00:00,LAPAN,Aqua,Verified Fire,SUMSEL,8802,2019,2019:8802,2019,8800,541305,0.32451320648465115,372.0,False,False,-48.0,2,NOAA20,2019-11-06 06:48:00
105.61971283,-3.74915099,2019-11-07 00:00:00,LAPAN,Aqua,Verified Fire,SUMSEL,8831,2019,2019:8831,2019,8829,542324,0.4897801275225924,370.0,False,False,-50.0,1,NOAA20,2019-11-06 17:50:00
105.84680176,-3.77716804,2019-11-07 00:00:00,LAPAN,Aqua,Verified Fire,SUMSEL,8832,2019,2019:8832,2019,8830,542327,0.325055345013781,370.0,False,False,-50.0,3,NOAA20,2019-11-06 17:50:00
105.78570557,-3.78615189,2019-11-07 00:00:00,LAPAN,Aqua,Verified Fire,SUMSEL,8833,2019,2019:8833,2019,8831,542317,0.30133992304564616,370.0,False,False,-50.0,2,NOAA20,2019-11-06 17:50:00
105.78096771,-3.81403828,2019-11-07 00:00:00,LAPAN,Aqua,Verified Fire,SUMSEL,8834,2019,2019:8834,2019,8832,542267,0.16020076915477777,370.0,False,False,-50.0,6,NOAA20,2019-11-06 17:50:00
105.61647034,-3.76795912,2019-11-07 00:00:00,LAPAN,Aqua,Verified Fire,SUMSEL,8835,2019,2019:8835,2019,8833,542305,0.32562757592271296,370.0,False,False,-50.0,2,NOAA20,2019-11-06 17:50:00
105.85018158,-3.81578088,2019-11-07 00:00:00,LAPAN,Aqua,Verified Fire,SUMSEL,8836,2019,2019:8836,2019,8834,542300,0.32374168395159136,370.0,False,False,-50.0,2,NOAA20,2019-11-06 17:50:00
105.84706879,-3.83428669,2019-11-07 00:00:00,LAPAN,Aqua,Verified Fire,SUMSEL,8837,2019,2019:8837,2019,8835,542253,0.2014739907478891,370.0,False,False,-50.0,4,NOAA20,2019-11-06 17:50:00
105.86637878,-3.85061431,2019-11-07 00:00:00,LAPAN,Aqua,Verified Fire,SUMSEL,8838,2019,2019:8838,2019,8836,542269,0.15584035404534807,370.0,False,False,-50.0,5,NOAA20,2019-11-06 17:50:00
105.84068298,-3.82724953,2019-11-07 00:00:00,LAPAN,Aqua,Verified Fire,SUMSEL,8839,2019,2019:8839,2019,8837,542291,0.13630405207986598,370.0,False,False,-50.0,5,NOAA20,2019-11-06 17:50:00
105.85978699,-3.817348,2019-11-07 00:00:00,LAPAN,Aqua,Verified Fire,SUMSEL,8840,2019,2019:8840,2019,8838,542299,0.460031164963453,370.0,False,False,-50.0,1,NOAA20,2019-11-06 17:50:00
106.00395203,-3.2444725,2019-11-07 13:00:00,LAPAN,Aqua,Fire inside Sitrep,SUMSEL,8925,2019,2019:8925,2019,8923,544236,0.22708246145371397,391.0,False,False,-29.0,2,NOAA20,2019-11-07 06:29:00
105.43721008,-3.30585575,2019-11-07 13:00:00,LAPAN,Aqua,Verified Fire,SUMSEL,8927,2019,2019:8927,2019,8925,544275,0.24131769905606695,391.0,False,False,-29.0,2,NOAA20,2019-11-07 06:29:00
105.90592194,-3.86508155,2019-11-07 13:00:00,LAPAN,Aqua,Verified Fire,SUMSEL,8932,2019,2019:8932,2019,8930,543710,0.2666373633047127,391.0,False,False,-29.0,2,NOAA20,2019-11-07 06:29:00
105.8677063,-3.85708117,2019-11-07 13:00:00,LAPAN,Aqua,Verified Fire,SUMSEL,8933,2019,2019:8933,2019,8931,543650,0.2669626198139793,391.0,False,False,-29.0,3,NOAA20,2019-11-07 06:29:00
105.80081177,-3.85351682,2019-11-07 13:00:00,LAPAN,Aqua,Verified Fire,SUMSEL,8936,2019,2019:8936,2019,8934,543744,0.23909647081033675,391.0,False,False,-29.0,1,NOAA20,2019-11-07 06:29:00
105.78437042,-3.84223366,2019-11-07 13:00:00,LAPAN,Aqua,Verified Fire,SUMSEL,8940,2019,2019:8940,2019,8938,543776,0.23839349907972104,391.0,False,False,-29.0,3,NOAA20,2019-11-07 06:29:00
105.85754395,-3.79158282,2019-11-07 13:00:00,LAPAN,Aqua,Verified Fire,SUMSEL,8944,2019,2019:8944,2019,8942,543864,0.2259297405221335,391.0,False,False,-29.0,2,NOAA20,2019-11-07 06:29:00
105.78028107,-3.81523609,2019-11-07 13:00:00,LAPAN,Aqua,Verified Fire,SUMSEL,8950,2019,2019:8950,2019,8948,543850,0.26859912148916043,391.0,False,False,-29.0,3,NOAA20,2019-11-07 06:29:00
105.78643799,-3.80737877,2019-11-07 13:00:00,LAPAN,Aqua,Verified Fire,SUMSEL,8951,2019,2019:8951,2019,8949,543861,0.2685512601401367,391.0,False,False,-29.0,4,NOAA20,2019-11-07 06:29:00
105.79160309,-3.79469347,2019-11-07 13:00:00,LAPAN,Aqua,Verified Fire,SUMSEL,8955,2019,2019:8955,2019,8953,543883,0.22736234145078918,391.0,False,False,-29.0,4,NOAA20,2019-11-07 06:29:00
105.68102264,-3.83747911,2019-11-07 13:00:00,LAPAN,Aqua,Verified Fire,SUMSEL,8964,2019,2019:8964,2019,8962,543831,0.2847469582804881,391.0,False,False,-29.0,1,NOAA20,2019-11-07 06:29:00
105.62893677,-3.78505659,2019-11-07 13:00:00,LAPAN,Aqua,Verified Fire,SUMSEL,8966,2019,2019:8966,2019,8964,543972,0.22989096928497726,391.0,False,False,-29.0,3,NOAA20,2019-11-07 06:29:00
105.57727814,-3.92216659,2019-11-07 13:00:00,LAPAN,Aqua,Verified Fire,SUMSEL,8972,2019,2019:8972,2019,8970,543696,0.27798157628765574,391.0,False,False,-29.0,1,NOAA20,2019-11-07 06:29:00
105.61585999,-3.88878703,2019-11-07 13:00:00,LAPAN,Aqua,Verified Fire,SUMSEL,8973,2019,2019:8973,2019,8971,543729,0.24337490781316792,391.0,False,False,-29.0,3,NOAA20,2019-11-07 06:29:00
105.68390656,-3.61983132,2019-11-07 13:00:00,LAPAN,Aqua,Verified Fire,SUMSEL,8977,2019,2019:8977,2019,8975,544140,0.2867853197946419,391.0,False,False,-29.0,2,NOAA20,2019-11-07 06:29:00
105.49398041,-3.8056972,2019-11-07 13:00:00,LAPAN,Aqua,Verified Fire,SUMSEL,8985,2019,2019:8985,2019,8983,543976,0.23271118243039338,391.0,False,False,-29.0,2,NOAA20,2019-11-07 06:29:00
105.46531677,-2.54857898,2019-11-07 13:00:00,LAPAN,Aqua,Verified No fire,SUMSEL,8986,2019,2019:8986,2019,8984,545331,0.26765356351008446,390.0,False,False,-30.0,3,NOAA20,2019-11-07 06:30:00
105.73876953,-3.31319666,2019-11-07 13:00:00,LAPAN,Aqua,Verified Fire,SUMSEL,8988,2019,2019:8988,2019,8986,544226,0.22597317531406125,391.0,False,False,-29.0,2,NOAA20,2019-11-07 06:29:00
105.30142212,-3.12883306,2019-11-07 13:00:00,LAPAN,Aqua,Verified Fire,SUMSEL,8989,2019,2019:8989,2019,8987,544331,0.2715471655849818,391.0,False,False,-29.0,2,NOAA20,2019-11-07 06:29:00
105.26346588,-2.84316421,2019-11-07 13:00:00,LAPAN,Aqua,Verified Fire,SUMSEL,8992,2019,2019:8992,2019,8990,543497,0.24412070046985843,391.0,False,False,-29.0,1,NOAA20,2019-11-07 06:29:00
105.26548004,-2.85656667,2019-11-07 13:00:00,LAPAN,Aqua,Verified Fire,SUMSEL,8993,2019,2019:8993,2019,8991,543514,0.24350650067462554,391.0,False,False,-29.0,2,NOAA20,2019-11-07 06:29:00
105.8914,-3.8673,2019-11-07 13:00:00,ASMC,NOAA20,Verified Fire,SUMSEL,8996,2019,2019:8996,2019,8994,83265,0.33440876894918653,366.0,False,False,-54.0,1,Aqua,2019-11-07 06:54:00
105.90904236,-3.83688092,2019-11-07 13:00:00,LAPAN,Aqua,Verified Fire,SUMSEL,9002,2019,2019:9002,2019,9000,543736,0.2368300390550438,391.0,False,False,-29.0,1,NOAA20,2019-11-07 06:29:00
105.8491745,-3.83225298,2019-11-07 13:00:00,LAPAN,Aqua,Verified Fire,SUMSEL,9007,2019,2019:9007,2019,9005,543774,0.2380711214282997,391.0,False,False,-29.0,3,NOAA20,2019-11-07 06:29:00
105.787361145,-3.80273509026,2019-11-07 13:00:00,LAPAN,Aqua,Verified Fire,SUMSEL,9011,2019,2019:9011,2019,9009,543868,0.11777326321992306,391.0,False,False,-29.0,5,NOAA20,2019-11-07 06:29:00
105.41977692,-3.19303989,2019-11-07 13:00:00,LAPAN,Aqua,Verified No fire,SUMSEL,9013,2019,2019:9013,2019,9011,544304,0.31937342552096765,391.0,False,False,-29.0,1,NOAA20,2019-11-07 06:29:00
105.75109863,-3.34590769,2019-11-07 13:00:00,LAPAN,Aqua,Verified Fire,SUMSEL,9016,2019,2019:9016,2019,9014,544212,0.22673062562999233,391.0,False,False,-29.0,1,NOAA20,2019-11-07 06:29:00
105.5329361,-3.40670514,2019-11-07 13:00:00,LAPAN,Aqua,Verified Fire,SUMSEL,9020,2019,2019:9020,2019,9018,544204,0.23042625837390043,391.0,False,False,-29.0,4,NOAA20,2019-11-07 06:29:00
105.77429199,-3.49030638,2019-11-07 13:00:00,LAPAN,Aqua,Verified Fire,SUMSEL,9037,2019,2019:9037,2019,9035,544511,0.29757941678808064,391.0,False,False,-29.0,1,NOAA20,2019-11-07 06:29:00
105.76798248,-3.64141035,2019-11-07 13:00:00,LAPAN,Aqua,Verified Fire,SUMSEL,9040,2019,2019:9040,2019,9038,544082,0.269063895556921,391.0,False,False,-29.0,1,NOAA20,2019-11-07 06:29:00
105.76294708,-3.5128181,2019-11-07 13:00:00,LAPAN,Aqua,Verified Fire,SUMSEL,9041,2019,2019:9041,2019,9039,544113,0.22594925244217967,391.0,False,False,-29.0,2,NOAA20,2019-11-07 06:29:00
105.7324295,-3.46426225,2019-11-07 13:00:00,LAPAN,Aqua,Verified Fire,SUMSEL,9043,2019,2019:9043,2019,9041,544471,0.24046205046515728,391.0,False,False,-29.0,4,NOAA20,2019-11-07 06:29:00
105.74171448,-3.4282701,2019-11-07 13:00:00,LAPAN,Aqua,Verified Fire,SUMSEL,9046,2019,2019:9046,2019,9044,544185,0.24032645031189812,391.0,False,False,-29.0,1,NOAA20,2019-11-07 06:29:00
105.73722839,-3.53751206,2019-11-07 13:00:00,LAPAN,Aqua,Verified Fire,SUMSEL,9049,2019,2019:9049,2019,9047,544181,0.226939808094072,391.0,False,False,-29.0,2,NOAA20,2019-11-07 06:29:00
105.75507355,-3.46772337,2019-11-07 13:00:00,LAPAN,Aqua,Verified Fire,SUMSEL,9050,2019,2019:9050,2019,9048,544479,0.23996902607682147,391.0,False,False,-29.0,1,NOAA20,2019-11-07 06:29:00
105.73006439,-3.4902432,2019-11-07 13:00:00,LAPAN,Aqua,Verified Fire,SUMSEL,9052,2019,2019:9052,2019,9050,544500,0.2661316803131626,391.0,False,False,-29.0,2,NOAA20,2019-11-07 06:29:00
105.44280243,-2.54509544,2019-11-07 13:00:00,LAPAN,Aqua,Verified No fire,SUMSEL,9055,2019,2019:9055,2019,9053,545327,0.22696171487870714,390.0,False,False,-30.0,1,NOAA20,2019-11-07 06:30:00
105.29335022,-3.12322712,2019-11-07 13:00:00,LAPAN,Aqua,Verified Fire,SUMSEL,9058,2019,2019:9058,2019,9056,544335,0.2325502735946799,391.0,False,False,-29.0,2,NOAA20,2019-11-07 06:29:00
102.03320312,-1.08055007,2019-11-07 13:00:00,LAPAN,Aqua,Verified No fire,JAMBI SMF,9062,2019,2019:9062,2019,9060,545420,0.3290655260353449,390.0,False,False,-30.0,1,NOAA20,2019-11-07 06:30:00
105.211906433,-3.06218981743,2019-11-07 13:00:00,LAPAN,Aqua,Verified Fire,SUMSEL,9064,2019,2019:9064,2019,9062,544398,0.372170716947938,391.0,False,False,-29.0,1,NOAA20,2019-11-07 06:29:00
105.24505615,-3.13750148,2019-11-07 13:00:00,LAPAN,Aqua,Verified Fire,SUMSEL,9067,2019,2019:9067,2019,9065,544332,0.27174945899547054,391.0,False,False,-29.0,1,NOAA20,2019-11-07 06:29:00
105.28097534,-2.90791178,2019-11-07 13:00:00,LAPAN,Aqua,Verified Fire,SUMSEL,9069,2019,2019:9069,2019,9067,543566,0.28005456221255803,391.0,False,False,-29.0,1,NOAA20,2019-11-07 06:29:00
105.28501129,-2.93471313,2019-11-07 13:00:00,LAPAN,Aqua,Verified Fire,SUMSEL,9070,2019,2019:9070,2019,9068,544516,0.27231691626377347,391.0,False,False,-29.0,1,NOAA20,2019-11-07 06:29:00
105.77629852,-3.55226707,2019-11-07 13:00:00,LAPAN,Aqua,Verified Fire,SUMSEL,9072,2019,2019:9072,2019,9070,544162,0.22613122279773704,391.0,False,False,-29.0,1,NOAA20,2019-11-07 06:29:00
105.31861115,-2.63816166,2019-11-07 13:00:00,LAPAN,Aqua,Verified No fire,SUMSEL,9077,2019,2019:9077,2019,9075,544439,0.24403953792624755,391.0,False,False,-29.0,1,NOAA20,2019-11-07 06:29:00
105.76286316,-3.79906726,2019-11-07 13:00:00,LAPAN,Aqua,Verified Fire,SUMSEL,9079,2019,2019:9079,2019,9077,543884,0.22830051404839238,391.0,False,False,-29.0,2,NOAA20,2019-11-07 06:29:00
105.79053497,-3.83437514,2019-11-07 13:00:00,LAPAN,Aqua,Verified Fire,SUMSEL,9080,2019,2019:9080,2019,9078,543788,0.23790661439769312,391.0,False,False,-29.0,3,NOAA20,2019-11-07 06:29:00
105.54967499,-3.79031777,2019-11-07 13:00:00,LAPAN,Aqua,Verified Fire,SUMSEL,9086,2019,2019:9086,2019,9084,543991,0.2845648472273429,391.0,False,False,-29.0,1,NOAA20,2019-11-07 06:29:00
105.77060699,-3.37537336,2019-11-07 13:00:00,LAPAN,Aqua,Verified Fire,SUMSEL,9091,2019,2019:9091,2019,9089,544195,0.2397910333595534,391.0,False,False,-29.0,1,NOAA20,2019-11-07 06:29:00
105.20886993,-3.13622212,2019-11-07 13:00:00,LAPAN,Aqua,Verified Fire,SUMSEL,9093,2019,2019:9093,2019,9091,544339,0.2336456677090683,391.0,False,False,-29.0,3,NOAA20,2019-11-07 06:29:00
105.764328,-3.48014808,2019-11-07 13:00:00,LAPAN,Aqua,Verified Fire,SUMSEL,9095,2019,2019:9095,2019,9093,544495,0.31637205264179236,391.0,False,False,-29.0,1,NOAA20,2019-11-07 06:29:00
105.73448944,-3.47776389,2019-11-07 13:00:00,LAPAN,Aqua,Verified Fire,SUMSEL,9097,2019,2019:9097,2019,9095,544489,0.24120451505012194,391.0,False,False,-29.0,3,NOAA20,2019-11-07 06:29:00
105.758872986,-3.88633823395,2019-11-07 13:00:00,LAPAN,Aqua,Verified Fire,SUMSEL,9103,2019,2019:9103,2019,9101,543714,0.1590581085321464,391.0,False,False,-29.0,2,NOAA20,2019-11-07 06:29:00
105.81312561,-3.88618159,2019-11-07 13:00:00,LAPAN,Aqua,Verified Fire,SUMSEL,9104,2019,2019:9104,2019,9102,543704,0.2685570138567268,391.0,False,False,-29.0,1,NOAA20,2019-11-07 06:29:00
105.8398819,-3.86826992,2019-11-07 13:00:00,LAPAN,Aqua,Verified Fire,SUMSEL,9106,2019,2019:9106,2019,9104,543717,0.23727306135825607,391.0,False,False,-29.0,2,NOAA20,2019-11-07 06:29:00
105.73005676,-3.87128472,2019-11-07 13:00:00,LAPAN,Aqua,Verified Fire,SUMSEL,9107,2019,2019:9107,2019,9105,543734,0.3147009793053171,391.0,False,False,-29.0,1,NOAA20,2019-11-07 06:29:00
105.20132446,-3.09035826,2019-11-07 13:00:00,LAPAN,Aqua,Verified Fire,SUMSEL,9117,2019,2019:9117,2019,9115,544378,0.2742909843267343,391.0,False,False,-29.0,2,NOAA20,2019-11-07 06:29:00
105.3074646,-3.12105203,2019-11-07 13:00:00,LAPAN,Aqua,Verified Fire,SUMSEL,9118,2019,2019:9118,2019,9116,544340,0.2700627246320656,391.0,False,False,-29.0,1,NOAA20,2019-11-07 06:29:00
105.72111511,-3.48671174,2019-11-07 13:00:00,LAPAN,Aqua,Verified Fire,SUMSEL,9122,2019,2019:9122,2019,9120,544493,0.2710443897439114,391.0,False,False,-29.0,3,NOAA20,2019-11-07 06:29:00
105.57099915,-3.78705049,2019-11-07 13:00:00,LAPAN,Aqua,Verified Fire,SUMSEL,9126,2019,2019:9126,2019,9124,543996,0.3184920444650399,391.0,False,False,-29.0,1,NOAA20,2019-11-07 06:29:00
105.57911682,-3.79268241,2019-11-07 13:00:00,LAPAN,Aqua,Verified Fire,SUMSEL,9127,2019,2019:9127,2019,9125,543973,0.23068314103669774,391.0,False,False,-29.0,1,NOAA20,2019-11-07 06:29:00
105.53501129,-2.71368408,2019-11-07 13:00:00,LAPAN,Aqua,Verified No fire,SUMSEL,9129,2019,2019:9129,2019,9127,544406,0.295919268006897,391.0,False,False,-29.0,1,NOAA20,2019-11-07 06:29:00
105.35390472,-3.14133763,2019-11-07 13:00:00,LAPAN,Aqua,Verified Fire,SUMSEL,9130,2019,2019:9130,2019,9128,544323,0.28575475750037743,391.0,False,False,-29.0,1,NOAA20,2019-11-07 06:29:00
105.83575439,-3.88963699,2019-11-07 13:00:00,LAPAN,Aqua,Verified Fire,SUMSEL,9133,2019,2019:9133,2019,9131,543672,0.23924794548944792,391.0,False,False,-29.0,1,NOAA20,2019-11-07 06:29:00
105.86463165,-3.83679056,2019-11-07 13:00:00,LAPAN,Aqua,Verified Fire,SUMSEL,9134,2019,2019:9134,2019,9132,543760,0.23745917209815795,391.0,False,False,-29.0,2,NOAA20,2019-11-07 06:29:00
105.55779266,-3.79593921,2019-11-07 13:00:00,LAPAN,Aqua,Verified Fire,SUMSEL,9142,2019,2019:9142,2019,9140,543982,0.270361642815791,391.0,False,False,-29.0,1,NOAA20,2019-11-07 06:29:00
105.57576752,-3.30377245,2019-11-07 13:00:00,LAPAN,Aqua,Verified Fire,SUMSEL,9148,2019,2019:9148,2019,9146,544241,0.2297042080808502,391.0,False,False,-29.0,3,NOAA20,2019-11-07 06:29:00
105.72077942,-3.62103796,2019-11-07 13:00:00,LAPAN,Aqua,Verified Fire,SUMSEL,9153,2019,2019:9153,2019,9151,544137,0.3141249130656171,391.0,False,False,-29.0,1,NOAA20,2019-11-07 06:29:00
105.78848267,-3.82087302,2019-11-07 13:00:00,LAPAN,Aqua,Verified Fire,SUMSEL,9158,2019,2019:9158,2019,9156,543827,0.23859966913116076,391.0,False,False,-29.0,2,NOAA20,2019-11-07 06:29:00
105.76179504,-3.88711667,2019-11-07 13:00:00,LAPAN,Aqua,Verified Fire,SUMSEL,9159,2019,2019:9159,2019,9157,543709,0.23841950465966175,391.0,False,False,-29.0,2,NOAA20,2019-11-07 06:29:00
105.79573059,-3.77333808,2019-11-07 13:00:00,LAPAN,Aqua,Verified Fire,SUMSEL,9161,2019,2019:9161,2019,9159,543942,0.2267850923730081,391.0,False,False,-29.0,3,NOAA20,2019-11-07 06:29:00
105.61164093,-3.76706791,2019-11-07 13:00:00,LAPAN,Aqua,Verified Fire,SUMSEL,9165,2019,2019:9165,2019,9163,544009,0.28796542990662377,391.0,False,False,-29.0,1,NOAA20,2019-11-07 06:29:00
105.53144073,-3.81369925,2019-11-07 13:00:00,LAPAN,Aqua,Verified Fire,SUMSEL,9166,2019,2019:9166,2019,9164,543945,0.28440396662087014,391.0,False,False,-29.0,1,NOAA20,2019-11-07 06:29:00
105.22045135,-3.12163138,2019-11-07 13:00:00,LAPAN,Aqua,Verified Fire,SUMSEL,9173,2019,2019:9173,2019,9171,544353,0.2460860535492432,391.0,False,False,-29.0,3,NOAA20,2019-11-07 06:29:00
105.24567413,-2.96129012,2019-11-07 13:00:00,LAPAN,Aqua,Verified Fire,SUMSEL,9174,2019,2019:9174,2019,9172,544527,0.2792545298019274,391.0,False,False,-29.0,2,NOAA20,2019-11-07 06:29:00
105.84093475,-3.82660079,2019-11-07 13:00:00,LAPAN,Aqua,Verified Fire,SUMSEL,9177,2019,2019:9177,2019,9175,543787,0.29236112868713804,391.0,False,False,-29.0,1,NOAA20,2019-11-07 06:29:00
105.78026581,-3.86358356,2019-11-07 13:00:00,LAPAN,Aqua,Verified Fire,SUMSEL,9178,2019,2019:9178,2019,9176,543652,0.28964057860809495,391.0,False,False,-29.0,1,NOAA20,2019-11-07 06:29:00
105.29006195,-2.96820831,2019-11-07 13:00:00,LAPAN,Aqua,Verified Fire,SUMSEL,9181,2019,2019:9181,2019,9179,544531,0.23278824143697588,391.0,False,False,-29.0,1,NOAA20,2019-11-07 06:29:00
105.61642456,-3.56293082,2019-11-07 13:00:00,LAPAN,Aqua,Verified Fire,SUMSEL,9182,2019,2019:9182,2019,9180,544176,0.23159281721176497,391.0,False,False,-29.0,1,NOAA20,2019-11-07 06:29:00
105.43463135,-2.53943777,2019-11-07 13:00:00,LAPAN,Aqua,Verified No fire,SUMSEL,9185,2019,2019:9185,2019,9183,545323,0.29322299118229905,390.0,False,False,-30.0,1,NOAA20,2019-11-07 06:30:00
105.6359787,-3.22042918,2019-11-07 13:00:00,LAPAN,Aqua,Verified Fire,SUMSEL,9191,2019,2019:9191,2019,9189,544291,0.2407048086842016,391.0,False,False,-29.0,3,NOAA20,2019-11-07 06:29:00
105.79052734,-3.88273025,2019-11-07 13:00:00,LAPAN,Aqua,Verified Fire,SUMSEL,9195,2019,2019:9195,2019,9193,543708,0.2891460320415805,391.0,False,False,-29.0,2,NOAA20,2019-11-07 06:29:00
105.51725769,-3.8158648,2019-11-07 13:00:00,LAPAN,Aqua,Verified Fire,SUMSEL,9202,2019,2019:9202,2019,9200,543954,0.3167069961646429,391.0,False,False,-29.0,1,NOAA20,2019-11-07 06:29:00
105.50954437,-3.34838748,2019-11-07 13:00:00,LAPAN,Aqua,Verified Fire,SUMSEL,9206,2019,2019:9206,2019,9204,544230,0.3208874884717301,391.0,False,False,-29.0,1,NOAA20,2019-11-07 06:29:00
105.61978149,-3.8208487,2019-11-07 13:00:00,LAPAN,Aqua,Verified Fire,SUMSEL,9214,2019,2019:9214,2019,9212,543886,0.2297664947971599,391.0,False,False,-29.0,2,NOAA20,2019-11-07 06:29:00
105.60771942,-3.88315773,2019-11-07 13:00:00,LAPAN,Aqua,Verified Fire,SUMSEL,9215,2019,2019:9215,2019,9213,543746,0.24348302895192928,391.0,False,False,-29.0,1,NOAA20,2019-11-07 06:29:00
105.53498077,-3.37199855,2019-11-07 13:00:00,LAPAN,Aqua,Verified Fire,SUMSEL,9217,2019,2019:9217,2019,9215,544215,0.26942737576135106,391.0,False,False,-29.0,1,NOAA20,2019-11-07 06:29:00
105.87078857,-3.87737536,2019-11-07 13:00:00,LAPAN,Aqua,Verified Fire,SUMSEL,9223,2019,2019:9223,2019,9221,543702,0.3190297765584552,391.0,False,False,-29.0,1,NOAA20,2019-11-07 06:29:00
105.55922699,-3.29420066,2019-11-07 13:00:00,LAPAN,Aqua,Verified Fire,SUMSEL,9237,2019,2019:9237,2019,9235,544260,0.2424469972652531,391.0,False,False,-29.0,3,NOAA20,2019-11-07 06:29:00
105.58066559,-3.29094648,2019-11-07 13:00:00,LAPAN,Aqua,Verified Fire,SUMSEL,9238,2019,2019:9238,2019,9236,544258,0.24116868478684034,391.0,False,False,-29.0,2,NOAA20,2019-11-07 06:29:00
105.84457397,-3.81349516,2019-11-08 00:00:00,LAPAN,SNPP,Verified Fire,SUMSEL,9240,2019,2019:9240,2019,9238,546314,0.360333989730681,388.0,False,False,-32.0,2,NOAA20,2019-11-07 17:32:00
105.6065979,-3.75919771,2019-11-08 00:00:00,LAPAN,SNPP,Verified Fire,SUMSEL,9241,2019,2019:9241,2019,9239,546326,0.3646488334334881,388.0,False,False,-32.0,2,NOAA20,2019-11-07 17:32:00
105.85482025,-3.81525922,2019-11-08 00:00:00,LAPAN,SNPP,Verified Fire,SUMSEL,9242,2019,2019:9242,2019,9240,546318,0.3588598439370674,388.0,False,False,-32.0,2,NOAA20,2019-11-07 17:32:00
105.7776947,-3.3882041,2019-11-08 13:00:00,LAPAN,SNPP,Verified Fire,SUMSEL,9305,2019,2019:9305,2019,9303,546893,0.2528906542919424,410.0,False,False,-10.0,2,NOAA20,2019-11-08 06:10:00
105.72875977,-3.33897328,2019-11-08 13:00:00,LAPAN,SNPP,Verified Fire,SUMSEL,9314,2019,2019:9314,2019,9312,546883,0.3489691298544713,410.0,False,False,-10.0,2,NOAA20,2019-11-08 06:10:00
106.00708008,-3.22406006,2019-11-08 13:00:00,LAPAN,SNPP,Fire inside Sitrep,SUMSEL,9333,2019,2019:9333,2019,9331,546868,0.2422713177399748,410.0,False,False,-10.0,1,NOAA20,2019-11-08 06:10:00
105.74765778,-3.35095978,2019-11-08 13:00:00,LAPAN,SNPP,Verified Fire,SUMSEL,9337,2019,2019:9337,2019,9335,546887,0.24132871382205656,410.0,False,False,-10.0,3,NOAA20,2019-11-08 06:10:00
105.79263306,-3.86386108,2019-11-08 13:00:00,LAPAN,SNPP,Verified Fire,SUMSEL,9340,2019,2019:9340,2019,9338,547296,0.25261213039804814,410.0,False,False,-10.0,2,NOAA20,2019-11-08 06:10:00
105.79999542,-3.85532928,2019-11-08 13:00:00,LAPAN,SNPP,Verified Fire,SUMSEL,9341,2019,2019:9341,2019,9339,547290,0.25137844925013475,410.0,False,False,-10.0,3,NOAA20,2019-11-08 06:10:00
105.78942871,-3.84202361,2019-11-08 13:00:00,LAPAN,SNPP,Verified Fire,SUMSEL,9347,2019,2019:9347,2019,9345,547277,0.25275050075092603,410.0,False,False,-10.0,1,NOAA20,2019-11-08 06:10:00
105.67669678,-3.84374666,2019-11-08 13:00:00,LAPAN,SNPP,Verified Fire,SUMSEL,9349,2019,2019:9349,2019,9347,547249,0.2519707385146782,410.0,False,False,-10.0,2,NOAA20,2019-11-08 06:10:00
105.77954865,-3.51845098,2019-11-08 13:00:00,LAPAN,SNPP,Verified Fire,SUMSEL,9364,2019,2019:9364,2019,9362,546984,0.35119020134782686,410.0,False,False,-10.0,1,NOAA20,2019-11-08 06:10:00
105.73221588,-3.86541867,2019-11-08 13:00:00,LAPAN,SNPP,Verified Fire,SUMSEL,9368,2019,2019:9368,2019,9366,547288,0.25236850073282546,410.0,False,False,-10.0,2,NOAA20,2019-11-08 06:10:00
105.65074921,-3.33579683,2019-11-08 13:00:00,LAPAN,SNPP,Verified Fire,SUMSEL,9391,2019,2019:9391,2019,9389,546878,0.38872974299611446,410.0,False,False,-10.0,1,NOAA20,2019-11-08 06:10:00
105.919487,-3.85230279,2019-11-08 13:00:00,LAPAN,SNPP,Verified Fire,SUMSEL,9393,2019,2019:9393,2019,9391,547305,0.25311370645233366,410.0,False,False,-10.0,2,NOAA20,2019-11-08 06:10:00
105.80950165,-3.86134338,2019-11-08 13:00:00,LAPAN,SNPP,Verified Fire,SUMSEL,9398,2019,2019:9398,2019,9396,547297,0.25231334615493534,410.0,False,False,-10.0,2,NOAA20,2019-11-08 06:10:00
105.79254913,-3.80439734,2019-11-08 13:00:00,LAPAN,SNPP,Verified Fire,SUMSEL,9399,2019,2019:9399,2019,9397,547234,0.25024861043864993,410.0,False,False,-10.0,1,NOAA20,2019-11-08 06:10:00
105.85460663,-3.81755185,2019-11-08 13:00:00,LAPAN,SNPP,Verified Fire,SUMSEL,9400,2019,2019:9400,2019,9398,547251,0.25187433970332224,410.0,False,False,-10.0,3,NOAA20,2019-11-08 06:10:00
105.8387146,-3.89103508,2019-11-08 13:00:00,LAPAN,SNPP,Verified Fire,SUMSEL,9406,2019,2019:9406,2019,9404,547334,0.13004644119761455,410.0,False,False,-10.0,4,NOAA20,2019-11-08 06:10:00
105.76634979,-3.30371785,2019-11-08 13:00:00,LAPAN,SNPP,Verified No fire,SUMSEL,9415,2019,2019:9415,2019,9413,546877,0.2881663982577486,410.0,False,False,-10.0,1,NOAA20,2019-11-08 06:10:00
105.81108093,-3.38328362,2019-11-08 13:00:00,LAPAN,SNPP,Verified Fire,SUMSEL,9419,2019,2019:9419,2019,9417,546896,0.2533428990526611,410.0,False,False,-10.0,2,NOAA20,2019-11-08 06:10:00
105.86160278,-3.81766796,2019-11-09 01:00:00,LAPAN,Aqua,Verified Fire,SUMSEL,9487,2019,2019:9487,2019,9485,1235200,0.45773622687135346,417.0,False,False,-3.0,1,SNPP,2019-11-08 18:03:00
105.59946442,-3.75604534,2019-11-09 01:00:00,LAPAN,Aqua,Verified Fire,SUMSEL,9490,2019,2019:9490,2019,9488,548558,0.15813584176675596,367.0,False,False,-53.0,8,NOAA20,2019-11-08 18:53:00
105.23813629,-3.04563618,2019-11-09 01:00:00,LAPAN,Aqua,Verified No fire,SUMSEL,9508,2019,2019:9508,2019,9506,1235472,0.1207827952769011,417.0,False,False,-3.0,9,SNPP,2019-11-08 18:03:00
105.24682617,-3.05018067,2019-11-09 12:00:00,LAPAN,SNPP,Verified Fire,SUMSEL,9554,2019,2019:9554,2019,9552,550072,0.3129425216719377,368.0,False,False,-52.0,3,NOAA20,2019-11-09 05:52:00
105.79297638,-3.39947295,2019-11-09 12:00:00,LAPAN,SNPP,Verified Fire,SUMSEL,9561,2019,2019:9561,2019,9559,550254,0.31540700730961035,368.0,False,False,-52.0,3,NOAA20,2019-11-09 05:52:00
105.64701843,-3.33952451,2019-11-09 12:00:00,LAPAN,SNPP,Verified Fire,SUMSEL,9563,2019,2019:9563,2019,9561,550156,0.35979728399632266,368.0,False,False,-52.0,2,NOAA20,2019-11-09 05:52:00
105.24713135,-2.90113878,2019-11-09 12:00:00,LAPAN,SNPP,Verified Fire,SUMSEL,9564,2019,2019:9564,2019,9562,550111,0.2504572187112675,368.0,False,False,-52.0,1,NOAA20,2019-11-09 05:52:00
105.28710938,-2.92641425,2019-11-09 12:00:00,LAPAN,SNPP,Verified Fire,SUMSEL,9565,2019,2019:9565,2019,9563,550099,0.24958782266258878,368.0,False,False,-52.0,2,NOAA20,2019-11-09 05:52:00
105.27527618,-2.92815828,2019-11-09 12:00:00,LAPAN,SNPP,Verified Fire,SUMSEL,9566,2019,2019:9566,2019,9564,550101,0.24949028151563327,368.0,False,False,-52.0,1,NOAA20,2019-11-09 05:52:00
105.26890564,-2.85285521,2019-11-09 12:00:00,LAPAN,SNPP,Verified Fire,SUMSEL,9570,2019,2019:9570,2019,9568,550121,0.3112525431748503,368.0,False,False,-52.0,2,NOAA20,2019-11-09 05:52:00
105.74137878,-3.35650539,2019-11-09 12:00:00,LAPAN,SNPP,Verified Fire,SUMSEL,9571,2019,2019:9571,2019,9569,550277,0.316275451454706,368.0,False,False,-52.0,1,NOAA20,2019-11-09 05:52:00
105.84841156,-3.81111526,2019-11-09 12:00:00,LAPAN,SNPP,Verified Fire,SUMSEL,9579,2019,2019:9579,2019,9577,549543,0.32007232092717186,369.0,False,False,-51.0,3,NOAA20,2019-11-09 05:51:00
105.5773468,-3.89162874,2019-11-09 12:00:00,LAPAN,SNPP,Verified Fire,SUMSEL,9581,2019,2019:9581,2019,9579,549689,0.30971489987683115,369.0,False,False,-51.0,1,NOAA20,2019-11-09 05:51:00
105.62703705,-3.78171349,2019-11-09 12:00:00,LAPAN,SNPP,Verified Fire,SUMSEL,9583,2019,2019:9583,2019,9581,549620,0.32253855049594193,369.0,False,False,-51.0,2,NOAA20,2019-11-09 05:51:00
105.60494995,-3.75953627,2019-11-09 12:00:00,LAPAN,SNPP,Verified Fire,SUMSEL,9585,2019,2019:9585,2019,9583,549641,0.24790470994379424,369.0,False,False,-51.0,4,NOAA20,2019-11-09 05:51:00
105.24986267,-3.02891707,2019-11-09 12:00:00,LAPAN,SNPP,Verified Fire,SUMSEL,9591,2019,2019:9591,2019,9589,550086,0.262145203608353,368.0,False,False,-52.0,1,NOAA20,2019-11-09 05:52:00
105.21379089,-3.07592607,2019-11-09 12:00:00,LAPAN,SNPP,Verified Fire,SUMSEL,9592,2019,2019:9592,2019,9590,550201,0.26226853986640725,368.0,False,False,-52.0,3,NOAA20,2019-11-09 05:52:00
105.74414825,-3.47355556,2019-11-09 12:00:00,LAPAN,SNPP,Verified Fire,SUMSEL,9594,2019,2019:9594,2019,9592,550230,0.3573002725085659,368.0,False,False,-52.0,1,NOAA20,2019-11-09 05:52:00
105.73943329,-3.55127501,2019-11-09 12:00:00,LAPAN,SNPP,Verified Fire,SUMSEL,9596,2019,2019:9596,2019,9594,549598,0.3629178743624282,369.0,False,False,-51.0,1,NOAA20,2019-11-09 05:51:00
105.6710968,-3.34627461,2019-11-09 12:00:00,LAPAN,SNPP,Verified Fire,SUMSEL,9603,2019,2019:9603,2019,9601,550158,0.3482413284206534,368.0,False,False,-52.0,1,NOAA20,2019-11-09 05:52:00
105.31573486,-2.6456008,2019-11-09 12:00:00,LAPAN,SNPP,Verified No fire,SUMSEL,9605,2019,2019:9605,2019,9603,550128,0.2608410607375286,368.0,False,False,-52.0,3,NOAA20,2019-11-09 05:52:00
105.29738617,-2.95597172,2019-11-09 12:00:00,LAPAN,SNPP,Verified Fire,SUMSEL,9608,2019,2019:9608,2019,9606,550096,0.2488105761739051,368.0,False,False,-52.0,3,NOAA20,2019-11-09 05:52:00
105.73677826,-3.87352419,2019-11-09 12:00:00,LAPAN,SNPP,Verified Fire,SUMSEL,9610,2019,2019:9610,2019,9608,549718,0.31597537880160753,369.0,False,False,-51.0,2,NOAA20,2019-11-09 05:51:00
105.78499603,-3.86674762,2019-11-09 12:00:00,LAPAN,SNPP,Verified Fire,SUMSEL,9611,2019,2019:9611,2019,9609,549727,0.36017307952726324,369.0,False,False,-51.0,1,NOAA20,2019-11-09 05:51:00
105.82749176,-3.82426953,2019-11-09 12:00:00,LAPAN,SNPP,Verified Fire,SUMSEL,9614,2019,2019:9614,2019,9612,549611,0.3185799158195511,369.0,False,False,-51.0,1,NOAA20,2019-11-09 05:51:00
105.82891083,-3.83417583,2019-11-09 12:00:00,LAPAN,SNPP,Verified Fire,SUMSEL,9615,2019,2019:9615,2019,9613,549675,0.3588997092175657,369.0,False,False,-51.0,1,NOAA20,2019-11-09 05:51:00
105.534935,-3.8875618,2019-11-09 12:00:00,LAPAN,SNPP,Verified Fire,SUMSEL,9622,2019,2019:9622,2019,9620,549685,0.39891939721156633,369.0,False,False,-51.0,1,NOAA20,2019-11-09 05:51:00
105.57434845,-3.79489183,2019-11-09 12:00:00,LAPAN,SNPP,Verified Fire,SUMSEL,9624,2019,2019:9624,2019,9622,549616,0.39839608324819675,369.0,False,False,-51.0,2,NOAA20,2019-11-09 05:51:00
105.67010498,-3.57125401,2019-11-09 12:00:00,LAPAN,SNPP,Verified Fire,SUMSEL,9631,2019,2019:9631,2019,9629,549593,0.30774218125280806,369.0,False,False,-51.0,3,NOAA20,2019-11-09 05:51:00
105.23937225,-3.04086232,2019-11-09 12:00:00,LAPAN,SNPP,Verified Fire,SUMSEL,9640,2019,2019:9640,2019,9638,550082,0.26267525016789645,368.0,False,False,-52.0,3,NOAA20,2019-11-09 05:52:00
105.6701889,-3.61199784,2019-11-09 12:00:00,LAPAN,SNPP,Verified Fire,SUMSEL,9644,2019,2019:9644,2019,9642,549576,0.465784481370578,369.0,False,False,-51.0,1,NOAA20,2019-11-09 05:51:00
105.83725739,-3.8127358,2019-11-09 12:00:00,LAPAN,SNPP,Verified Fire,SUMSEL,9647,2019,2019:9647,2019,9645,549541,0.3197921617765646,369.0,False,False,-51.0,3,NOAA20,2019-11-09 05:51:00
105.85105133,-3.84736443,2019-11-09 12:00:00,LAPAN,SNPP,Verified Fire,SUMSEL,9648,2019,2019:9648,2019,9646,549693,0.13934532515433973,369.0,False,False,-51.0,2,NOAA20,2019-11-09 05:51:00
105.79156494,-3.38960266,2019-11-09 12:00:00,LAPAN,SNPP,Verified Fire,SUMSEL,9650,2019,2019:9650,2019,9648,550264,0.35611817702579124,368.0,False,False,-52.0,1,NOAA20,2019-11-09 05:52:00
105.18665314,-3.10088778,2019-11-09 12:00:00,LAPAN,SNPP,Verified Fire,SUMSEL,9657,2019,2019:9657,2019,9655,550192,0.13308071175986336,368.0,False,False,-52.0,2,NOAA20,2019-11-09 05:52:00
105.84983063,-3.82101011,2019-11-09 12:00:00,LAPAN,SNPP,Verified Fire,SUMSEL,9660,2019,2019:9660,2019,9658,549546,0.35924836082340383,369.0,False,False,-51.0,1,NOAA20,2019-11-09 05:51:00
105.25133514,-3.03910613,2019-11-09 12:00:00,LAPAN,SNPP,Verified Fire,SUMSEL,9665,2019,2019:9665,2019,9663,550078,0.2621667805445176,368.0,False,False,-52.0,4,NOAA20,2019-11-09 05:52:00
105.59067535,-3.8176496,2019-11-09 12:00:00,LAPAN,SNPP,Verified Fire,SUMSEL,9668,2019,2019:9668,2019,9666,549492,0.3094304270035671,369.0,False,False,-51.0,1,NOAA20,2019-11-09 05:51:00
105.72319031,-3.79872799,2019-11-09 12:00:00,LAPAN,SNPP,Verified Fire,SUMSEL,9671,2019,2019:9671,2019,9669,549500,0.2571694249514031,369.0,False,False,-51.0,2,NOAA20,2019-11-09 05:51:00
105.24099731,-2.98520398,2019-11-09 12:00:00,LAPAN,SNPP,Verified Fire,SUMSEL,9675,2019,2019:9675,2019,9673,550093,0.4655881770293073,368.0,False,False,-52.0,1,NOAA20,2019-11-09 05:52:00
105.23484802,-3.0519464,2019-11-09 12:00:00,LAPAN,SNPP,Verified Fire,SUMSEL,9676,2019,2019:9676,2019,9674,550067,0.2621831467005923,368.0,False,False,-52.0,6,NOAA20,2019-11-09 05:52:00
105.70700836,-3.56601572,2019-11-09 12:00:00,LAPAN,SNPP,Verified Fire,SUMSEL,9680,2019,2019:9680,2019,9678,549592,0.3633439838516912,369.0,False,False,-51.0,1,NOAA20,2019-11-09 05:51:00
105.43710327,-2.52087855,2019-11-09 12:00:00,LAPAN,SNPP,Verified No fire,SUMSEL,9682,2019,2019:9682,2019,9680,550131,0.24024850515353505,368.0,False,False,-52.0,2,NOAA20,2019-11-09 05:52:00
105.80755615,-3.8635776,2019-11-09 12:00:00,LAPAN,SNPP,Verified Fire,SUMSEL,9687,2019,2019:9687,2019,9685,549704,0.17572340815280307,369.0,False,False,-51.0,3,NOAA20,2019-11-09 05:51:00
105.31367493,-2.90181899,2019-11-09 12:00:00,LAPAN,SNPP,Verified Fire,SUMSEL,9690,2019,2019:9690,2019,9688,550104,0.2500891339124878,368.0,False,False,-52.0,5,NOAA20,2019-11-09 05:52:00
105.64672089,-3.45699763,2019-11-09 12:00:00,LAPAN,SNPP,Verified Fire,SUMSEL,9691,2019,2019:9691,2019,9689,550241,0.21627208645391255,368.0,False,False,-52.0,4,NOAA20,2019-11-09 05:52:00
105.24990845,-2.98731852,2019-11-09 12:00:00,LAPAN,SNPP,Verified Fire,SUMSEL,9696,2019,2019:9696,2019,9694,550089,0.31167690169458284,368.0,False,False,-52.0,2,NOAA20,2019-11-09 05:52:00
105.82608795,-3.81435633,2019-11-09 12:00:00,LAPAN,SNPP,Verified Fire,SUMSEL,9700,2019,2019:9700,2019,9698,549535,0.49870074958967875,369.0,False,False,-51.0,1,NOAA20,2019-11-09 05:51:00
105.89567566,-3.82438993,2019-11-09 12:00:00,LAPAN,SNPP,Verified Fire,SUMSEL,9701,2019,2019:9701,2019,9699,549682,0.4915947860238615,369.0,False,False,-51.0,1,NOAA20,2019-11-09 05:51:00
105.79104614,-3.80930448,2019-11-09 12:00:00,LAPAN,SNPP,Verified Fire,SUMSEL,9702,2019,2019:9702,2019,9700,549509,0.3587044658693643,369.0,False,False,-51.0,1,NOAA20,2019-11-09 05:51:00
105.39606476,-3.69324851,2019-11-09 12:00:00,LAPAN,SNPP,Verified Fire,SUMSEL,9705,2019,2019:9705,2019,9703,549571,0.31280084916824924,369.0,False,False,-51.0,1,NOAA20,2019-11-09 05:51:00
105.761,-3.90972,2019-11-09 13:00:00,LAPAN,SNPP,Verified Fire,SUMSEL,9784,2019,2019:9784,2019,9782,84397,0.3809409312451513,379.0,False,False,-41.0,1,Aqua,2019-11-09 06:41:00
105.531669617,-3.88977384567,2019-11-09 13:00:00,LAPAN,Aqua,Verified Fire,SUMSEL,9794,2019,2019:9794,2019,9792,1236260,0.41196335279167506,378.0,False,False,-42.0,1,SNPP,2019-11-09 06:42:00
105.25405884,-3.03829741,2019-11-10 01:00:00,LAPAN,SNPP,Verified Fire,SUMSEL,9926,2019,2019:9926,2019,9924,550755,0.344856226971383,386.0,False,False,-34.0,2,NOAA20,2019-11-09 18:34:00
105.69595337,-3.57243133,2019-11-10 01:00:00,LAPAN,SNPP,Verified Fire,SUMSEL,9927,2019,2019:9927,2019,9925,550606,0.25299866837358725,386.0,False,False,-34.0,2,NOAA20,2019-11-09 18:34:00
105.23621368,-3.04293919,2019-11-10 01:00:00,LAPAN,SNPP,Verified Fire,SUMSEL,9928,2019,2019:9928,2019,9926,550749,0.25291558185414487,386.0,False,False,-34.0,4,NOAA20,2019-11-09 18:34:00
105.21510315,-3.08146906,2019-11-10 01:00:00,LAPAN,SNPP,Verified Fire,SUMSEL,9929,2019,2019:9929,2019,9927,550712,0.23964645332153248,386.0,False,False,-34.0,2,NOAA20,2019-11-09 18:34:00
105.61863708,-3.32694411,2019-11-10 01:00:00,LAPAN,SNPP,Verified Fire,SUMSEL,9930,2019,2019:9930,2019,9928,550679,0.29741271642920997,386.0,False,False,-34.0,1,NOAA20,2019-11-09 18:34:00
105.83789062,-3.83343291,2019-11-10 01:00:00,LAPAN,SNPP,Verified Fire,SUMSEL,9931,2019,2019:9931,2019,9929,550485,0.3081924285784852,386.0,False,False,-34.0,3,NOAA20,2019-11-09 18:34:00
105.77985382,-3.77030635,2019-11-10 01:00:00,LAPAN,SNPP,Verified Fire,SUMSEL,9932,2019,2019:9932,2019,9930,550589,0.37278124197680806,386.0,False,False,-34.0,1,NOAA20,2019-11-09 18:34:00
105.60634613,-3.7588563,2019-11-10 01:00:00,LAPAN,SNPP,Verified Fire,SUMSEL,9933,2019,2019:9933,2019,9931,550577,0.2603811032242252,386.0,False,False,-34.0,3,NOAA20,2019-11-09 18:34:00
105.6451416,-3.3310647,2019-11-10 01:00:00,LAPAN,SNPP,Verified Fire,SUMSEL,9934,2019,2019:9934,2019,9932,550681,0.2600970071653051,386.0,False,False,-34.0,4,NOAA20,2019-11-09 18:34:00
105.84976196,-3.80430698,2019-11-10 01:00:00,LAPAN,SNPP,Verified Fire,SUMSEL,9935,2019,2019:9935,2019,9933,550565,0.4009770228712149,386.0,False,False,-34.0,1,NOAA20,2019-11-09 18:34:00
105.84055328,-3.80288339,2019-11-10 01:00:00,LAPAN,SNPP,Verified Fire,SUMSEL,9936,2019,2019:9936,2019,9934,550563,0.305393656198454,386.0,False,False,-34.0,3,NOAA20,2019-11-09 18:34:00
105.82063293,-3.82310963,2019-11-10 01:00:00,LAPAN,SNPP,Verified Fire,SUMSEL,9937,2019,2019:9937,2019,9935,550508,0.2625000360463949,386.0,False,False,-34.0,3,NOAA20,2019-11-09 18:34:00
105.82868958,-3.8320477,2019-11-10 01:00:00,LAPAN,SNPP,Verified Fire,SUMSEL,9938,2019,2019:9938,2019,9936,550493,0.26177290559270344,386.0,False,False,-34.0,4,NOAA20,2019-11-09 18:34:00
105.52786255,-2.69533992,2019-11-10 01:00:00,LAPAN,SNPP,Fire inside Sitrep,SUMSEL,9939,2019,2019:9939,2019,9937,550784,0.2431271584281583,386.0,False,False,-34.0,3,NOAA20,2019-11-09 18:34:00
105.24678802,-3.02974892,2019-11-10 01:00:00,LAPAN,SNPP,Verified Fire,SUMSEL,9940,2019,2019:9940,2019,9938,550762,0.2540684997695365,386.0,False,False,-34.0,4,NOAA20,2019-11-09 18:34:00
105.21508026,-3.06929994,2019-11-10 01:00:00,LAPAN,SNPP,Verified Fire,SUMSEL,9941,2019,2019:9941,2019,9939,550724,0.25326595562608967,386.0,False,False,-34.0,5,NOAA20,2019-11-09 18:34:00
105.79772186,-3.85056353,2019-11-10 01:00:00,LAPAN,SNPP,Verified Fire,SUMSEL,9942,2019,2019:9942,2019,9940,550460,0.3079580831020578,386.0,False,False,-34.0,3,NOAA20,2019-11-09 18:34:00
105.59739685,-3.75746894,2019-11-10 01:00:00,LAPAN,SNPP,Verified Fire,SUMSEL,9943,2019,2019:9943,2019,9941,550578,0.25960327525524435,386.0,False,False,-34.0,2,NOAA20,2019-11-09 18:34:00
105.82907867,-3.8165803,2019-11-10 01:00:00,LAPAN,SNPP,Verified Fire,SUMSEL,9944,2019,2019:9944,2019,9942,550519,0.20989301527365942,386.0,False,False,-34.0,4,NOAA20,2019-11-09 18:34:00
105.83135986,-3.80145144,2019-11-10 01:00:00,LAPAN,SNPP,Verified Fire,SUMSEL,9945,2019,2019:9945,2019,9943,550568,0.268195283566198,386.0,False,False,-34.0,2,NOAA20,2019-11-09 18:34:00
105.84596252,-3.84239197,2019-11-10 01:00:00,LAPAN,SNPP,Verified Fire,SUMSEL,9946,2019,2019:9946,2019,9944,550479,0.3091503465128633,386.0,False,False,-34.0,3,NOAA20,2019-11-09 18:34:00
105.84941101,-3.81967068,2019-11-10 01:00:00,LAPAN,SNPP,Verified Fire,SUMSEL,9947,2019,2019:9947,2019,9945,550541,0.18133583371505502,386.0,False,False,-34.0,6,NOAA20,2019-11-09 18:34:00
105.85782623,-3.81331372,2019-11-10 01:00:00,LAPAN,SNPP,Verified Fire,SUMSEL,9948,2019,2019:9948,2019,9946,550529,0.2257206919890819,386.0,False,False,-34.0,4,NOAA20,2019-11-09 18:34:00
105.22675323,-3.04888153,2019-11-10 01:00:00,LAPAN,SNPP,Verified Fire,SUMSEL,9949,2019,2019:9949,2019,9947,550739,0.25311029889134473,386.0,False,False,-34.0,2,NOAA20,2019-11-09 18:34:00
105.23400879,-3.05743146,2019-11-10 01:00:00,LAPAN,SNPP,Verified Fire,SUMSEL,9950,2019,2019:9950,2019,9948,550731,0.25283714180892186,386.0,False,False,-34.0,3,NOAA20,2019-11-09 18:34:00
105.62632751,-3.33575439,2019-11-10 01:00:00,LAPAN,SNPP,Verified Fire,SUMSEL,9951,2019,2019:9951,2019,9949,550670,0.2619946344928111,386.0,False,False,-34.0,2,NOAA20,2019-11-09 18:34:00
105.24254608,-3.05041027,2019-11-10 12:00:00,LAPAN,Aqua,Verified Fire,SUMSEL,9956,2019,2019:9956,2019,9954,552068,0.3604811075303129,387.0,False,False,-33.0,4,NOAA20,2019-11-10 05:33:00
105.7534256,-3.41538477,2019-11-10 12:00:00,LAPAN,Aqua,Verified Fire,SUMSEL,9958,2019,2019:9958,2019,9956,552134,0.25459074190136904,387.0,False,False,-33.0,3,NOAA20,2019-11-10 05:33:00
105.79507446,-3.84638,2019-11-10 12:00:00,LAPAN,Aqua,Verified Fire,SUMSEL,9963,2019,2019:9963,2019,9961,551935,0.13602935186884857,387.0,False,False,-33.0,3,NOAA20,2019-11-10 05:33:00
105.84320068,-3.83967066,2019-11-10 12:00:00,LAPAN,Aqua,Verified Fire,SUMSEL,9964,2019,2019:9964,2019,9962,551938,0.10673115758279611,387.0,False,False,-33.0,3,NOAA20,2019-11-10 05:33:00
105.8312149,-3.84134364,2019-11-10 12:00:00,LAPAN,Aqua,Verified Fire,SUMSEL,9965,2019,2019:9965,2019,9963,551890,0.4262847555754229,387.0,False,False,-33.0,1,NOAA20,2019-11-10 05:33:00
105.81797791,-3.82003522,2019-11-10 12:00:00,LAPAN,Aqua,Verified Fire,SUMSEL,9966,2019,2019:9966,2019,9964,551957,0.32773321657396026,387.0,False,False,-33.0,3,NOAA20,2019-11-10 05:33:00
105.50983429,-3.76650858,2019-11-10 12:00:00,LAPAN,Aqua,Verified Fire,SUMSEL,9969,2019,2019:9969,2019,9967,551845,0.43455070340812907,387.0,False,False,-33.0,1,NOAA20,2019-11-10 05:33:00
105.23642731,-3.05853009,2019-11-10 12:00:00,LAPAN,Aqua,Verified Fire,SUMSEL,9972,2019,2019:9972,2019,9970,552053,0.3839476631650108,387.0,False,False,-33.0,3,NOAA20,2019-11-10 05:33:00
105.50004578,-3.34527302,2019-11-10 12:00:00,LAPAN,Aqua,Verified Fire,SUMSEL,9975,2019,2019:9975,2019,9973,552116,0.4289185211072166,387.0,False,False,-33.0,1,NOAA20,2019-11-10 05:33:00
105.28605652,-2.90317798,2019-11-10 12:00:00,LAPAN,Aqua,Verified Fire,SUMSEL,9982,2019,2019:9982,2019,9980,552029,0.4371644915976603,387.0,False,False,-33.0,1,NOAA20,2019-11-10 05:33:00
105.8537674,-3.81485057,2019-11-10 12:00:00,LAPAN,Aqua,Verified Fire,SUMSEL,9984,2019,2019:9984,2019,9982,551964,0.3105757541239133,387.0,False,False,-33.0,4,NOAA20,2019-11-10 05:33:00
105.84185791,-3.81657386,2019-11-10 12:00:00,LAPAN,Aqua,Verified Fire,SUMSEL,9986,2019,2019:9986,2019,9984,551961,0.31619051023182565,387.0,False,False,-33.0,3,NOAA20,2019-11-10 05:33:00
105.84505463,-3.8531611,2019-11-10 12:00:00,LAPAN,Aqua,Verified Fire,SUMSEL,9990,2019,2019:9990,2019,9988,551901,0.4263602162146084,387.0,False,False,-33.0,1,NOAA20,2019-11-10 05:33:00
105.73757172,-3.24721527,2019-11-10 12:00:00,LAPAN,Aqua,Verified Fire,SUMSEL,9999,2019,2019:9999,2019,9997,552103,0.4268119997124786,387.0,False,False,-33.0,1,NOAA20,2019-11-10 05:33:00
105.82990265,-3.81830716,2019-11-10 12:00:00,LAPAN,Aqua,Verified Fire,SUMSEL,10001,2019,2019:10001,2019,9999,551959,0.32139689213704853,387.0,False,False,-33.0,3,NOAA20,2019-11-10 05:33:00
105.74145508,-3.41706562,2019-11-10 12:00:00,LAPAN,Aqua,Verified Fire,SUMSEL,10004,2019,2019:10004,2019,10002,552133,0.4279031228967664,387.0,False,False,-33.0,1,NOAA20,2019-11-10 05:33:00
105.637146,-3.33984637,2019-11-10 12:00:00,LAPAN,Aqua,Verified Fire,SUMSEL,10011,2019,2019:10011,2019,10009,552117,0.4235069052786899,387.0,False,False,-33.0,1,NOAA20,2019-11-10 05:33:00
105.68345642,-3.57248211,2019-11-10 12:00:00,LAPAN,Aqua,Verified Fire,SUMSEL,10015,2019,2019:10015,2019,10013,551743,0.3734488849407359,387.0,False,False,-33.0,2,NOAA20,2019-11-10 05:33:00
105.79693604,-3.85990548,2019-11-10 12:00:00,LAPAN,Aqua,Verified Fire,SUMSEL,10016,2019,2019:10016,2019,10014,551898,0.4272204545507627,387.0,False,False,-33.0,1,NOAA20,2019-11-10 05:33:00
105.67540741,-3.34823537,2019-11-10 12:00:00,LAPAN,Aqua,Verified Fire,SUMSEL,10019,2019,2019:10019,2019,10017,552120,0.3702550530324832,387.0,False,False,-33.0,1,NOAA20,2019-11-10 05:33:00
105.79030609,-3.84483695,2019-11-11 01:00:00,LAPAN,SNPP,Verified Fire,SUMSEL,10265,2019,2019:10265,2019,10263,553640,0.23237796794358767,405.0,False,False,-15.0,3,NOAA20,2019-11-10 18:15:00
105.80039215,-3.82600808,2019-11-11 01:00:00,LAPAN,SNPP,Verified Fire,SUMSEL,10266,2019,2019:10266,2019,10264,553592,0.23281263000776495,405.0,False,False,-15.0,4,NOAA20,2019-11-10 18:15:00
105.84109497,-3.83928466,2019-11-11 01:00:00,LAPAN,SNPP,Verified Fire,SUMSEL,10267,2019,2019:10267,2019,10265,553617,0.2329690541851615,405.0,False,False,-15.0,4,NOAA20,2019-11-10 18:15:00
105.81049347,-3.80717516,2019-11-11 01:00:00,LAPAN,SNPP,Verified Fire,SUMSEL,10268,2019,2019:10268,2019,10266,553530,0.2315981066624948,405.0,False,False,-15.0,4,NOAA20,2019-11-10 18:15:00
105.80414581,-3.79958296,2019-11-11 01:00:00,LAPAN,SNPP,Verified Fire,SUMSEL,10269,2019,2019:10269,2019,10267,553505,0.24846066212847745,405.0,False,False,-15.0,4,NOAA20,2019-11-10 18:15:00
105.77349091,-3.76748705,2019-11-11 01:00:00,LAPAN,SNPP,Verified Fire,SUMSEL,10270,2019,2019:10270,2019,10268,553467,0.24731720620700087,405.0,False,False,-15.0,3,NOAA20,2019-11-10 18:15:00
105.57672882,-3.79043746,2019-11-11 01:00:00,LAPAN,SNPP,Verified Fire,SUMSEL,10271,2019,2019:10271,2019,10269,553595,0.23189586643654425,405.0,False,False,-15.0,4,NOAA20,2019-11-10 18:15:00
105.61339569,-3.32785225,2019-11-11 01:00:00,LAPAN,SNPP,Verified Fire,SUMSEL,10274,2019,2019:10274,2019,10272,553335,0.2739587006734891,405.0,False,False,-15.0,2,NOAA20,2019-11-10 18:15:00
105.82718658,-3.83707094,2019-11-11 01:00:00,LAPAN,SNPP,Verified Fire,SUMSEL,10275,2019,2019:10275,2019,10273,553613,0.2325869810977697,405.0,False,False,-15.0,2,NOAA20,2019-11-10 18:15:00
105.60250092,-3.76097631,2019-11-11 01:00:00,LAPAN,SNPP,Verified Fire,SUMSEL,10276,2019,2019:10276,2019,10274,553494,0.24512415741291496,405.0,False,False,-15.0,4,NOAA20,2019-11-10 18:15:00
105.54893494,-2.81415486,2019-11-11 01:00:00,LAPAN,SNPP,Verified Fire,SUMSEL,10280,2019,2019:10280,2019,10278,553203,0.24270483570681675,405.0,False,False,-15.0,4,NOAA20,2019-11-10 18:15:00
105.25009155,-3.03939056,2019-11-11 01:00:00,LAPAN,SNPP,Verified Fire,SUMSEL,10281,2019,2019:10281,2019,10279,553243,0.23831745327194134,405.0,False,False,-15.0,5,NOAA20,2019-11-10 18:15:00
105.24076843,-3.05175424,2019-11-11 01:00:00,LAPAN,SNPP,Verified Fire,SUMSEL,10282,2019,2019:10282,2019,10280,85167,0.2589414383428745,410.0,False,False,-10.0,3,Aqua,2019-11-10 18:10:00
105.23249054,-3.05737758,2019-11-11 01:00:00,LAPAN,SNPP,Verified Fire,SUMSEL,10283,2019,2019:10283,2019,10281,553268,0.23886860335659785,405.0,False,False,-15.0,6,NOAA20,2019-11-10 18:15:00
105.21627045,-3.06662726,2019-11-11 01:00:00,LAPAN,SNPP,Verified Fire,SUMSEL,10284,2019,2019:10284,2019,10282,553284,0.22641925500385562,405.0,False,False,-15.0,4,NOAA20,2019-11-10 18:15:00
105.43566132,-3.30672264,2019-11-11 01:00:00,LAPAN,SNPP,Verified Fire,SUMSEL,10285,2019,2019:10285,2019,10283,553351,0.23982527431039294,405.0,False,False,-15.0,4,NOAA20,2019-11-10 18:15:00
105.548187256,-2.80527663231,2019-11-11 01:00:00,LAPAN,Aqua,Verified No fire,SUMSEL,10292,2019,2019:10292,2019,10290,553198,0.040827124257149475,405.0,False,False,-15.0,2,NOAA20,2019-11-10 18:15:00
105.81188965,-3.88911772,2019-11-11 01:00:00,LAPAN,SNPP,Verified Fire,SUMSEL,10296,2019,2019:10296,2019,10294,553691,0.23209351151231009,405.0,False,False,-15.0,3,NOAA20,2019-11-10 18:15:00
105.71448517,-3.37054324,2019-11-11 01:00:00,LAPAN,SNPP,Verified Fire,SUMSEL,10298,2019,2019:10298,2019,10296,553366,0.23294188967341076,405.0,False,False,-15.0,4,NOAA20,2019-11-10 18:15:00
105.20694733,-3.07898045,2019-11-11 01:00:00,LAPAN,SNPP,Verified Fire,SUMSEL,10299,2019,2019:10299,2019,10297,553291,0.22535080416369288,405.0,False,False,-15.0,1,NOAA20,2019-11-10 18:15:00
105.23462677,-3.04386759,2019-11-11 01:00:00,LAPAN,SNPP,Verified Fire,SUMSEL,10300,2019,2019:10300,2019,10298,553251,0.23765425803739124,405.0,False,False,-15.0,3,NOAA20,2019-11-10 18:15:00
105.34365082,-2.62628746,2019-11-11 01:00:00,LAPAN,SNPP,Verified No fire,SUMSEL,10302,2019,2019:10302,2019,10300,553175,0.23622236624731163,405.0,False,False,-15.0,2,NOAA20,2019-11-10 18:15:00
105.84591675,-3.80615497,2019-11-11 01:00:00,LAPAN,SNPP,Verified Fire,SUMSEL,10303,2019,2019:10303,2019,10301,553508,0.24695723060711394,405.0,False,False,-15.0,5,NOAA20,2019-11-10 18:15:00
105.60460663,-3.74763298,2019-11-11 01:00:00,LAPAN,SNPP,Verified Fire,SUMSEL,10306,2019,2019:10306,2019,10304,553474,0.2753295518703624,405.0,False,False,-15.0,2,NOAA20,2019-11-10 18:15:00
105.72045135,-3.37832236,2019-11-11 01:00:00,LAPAN,SNPP,Verified Fire,SUMSEL,10308,2019,2019:10308,2019,10306,553385,0.2718596713601615,405.0,False,False,-15.0,4,NOAA20,2019-11-10 18:15:00
105.6344986,-3.3311801,2019-11-11 01:00:00,LAPAN,SNPP,Verified Fire,SUMSEL,10310,2019,2019:10310,2019,10308,553332,0.24473399930856887,405.0,False,False,-15.0,4,NOAA20,2019-11-10 18:15:00
105.6485672,-3.33338857,2019-11-11 01:00:00,LAPAN,SNPP,Verified Fire,SUMSEL,10311,2019,2019:10311,2019,10309,85161,0.11670649747005621,410.0,False,False,-10.0,4,Aqua,2019-11-10 18:10:00
105.57546997,-3.74987364,2019-11-11 01:00:00,LAPAN,SNPP,Verified Fire,SUMSEL,10312,2019,2019:10312,2019,10310,553478,0.24412861430743757,405.0,False,False,-15.0,4,NOAA20,2019-11-10 18:15:00
105.24395752,-3.03150368,2019-11-11 01:00:00,LAPAN,SNPP,Verified Fire,SUMSEL,10313,2019,2019:10313,2019,10311,553237,0.2379913360987318,405.0,False,False,-15.0,3,NOAA20,2019-11-10 18:15:00
105.8062439,-3.78628588,2019-11-11 01:00:00,LAPAN,SNPP,Verified Fire,SUMSEL,10315,2019,2019:10315,2019,10313,553479,0.2665684991676649,405.0,False,False,-15.0,2,NOAA20,2019-11-10 18:15:00
105.82231903,-3.82267928,2019-11-11 01:00:00,LAPAN,SNPP,Verified Fire,SUMSEL,10320,2019,2019:10320,2019,10318,553580,0.23226106733526428,405.0,False,False,-15.0,3,NOAA20,2019-11-10 18:15:00
105.80214691,-3.86033535,2019-11-11 01:00:00,LAPAN,SNPP,Verified Fire,SUMSEL,10321,2019,2019:10321,2019,10319,553674,0.27274618248944327,405.0,False,False,-15.0,3,NOAA20,2019-11-10 18:15:00
105.79901886,-3.88027477,2019-11-11 01:00:00,LAPAN,SNPP,Verified Fire,SUMSEL,10326,2019,2019:10326,2019,10324,553686,0.23106849866595933,405.0,False,False,-15.0,1,NOAA20,2019-11-10 18:15:00
105.85222626,-3.81381083,2019-11-11 01:00:00,LAPAN,SNPP,Verified Fire,SUMSEL,10327,2019,2019:10327,2019,10325,553537,0.23106848520842413,405.0,False,False,-15.0,4,NOAA20,2019-11-10 18:15:00
105.83136749,-3.81048822,2019-11-11 01:00:00,LAPAN,SNPP,Verified Fire,SUMSEL,10328,2019,2019:10328,2019,10326,553533,0.2307919376322167,405.0,False,False,-15.0,5,NOAA20,2019-11-10 18:15:00
105.441,-2.53447,2019-11-11 13:00:00,LAPAN,SNPP,Verified No fire,SUMSEL,10411,2019,2019:10411,2019,10409,85594,0.24700014244665475,390.0,False,False,-30.0,1,Aqua,2019-11-11 06:30:00
105.255,-2.94375,2019-11-11 13:00:00,LAPAN,SNPP,Verified Fire,SUMSEL,10422,2019,2019:10422,2019,10420,554930,0.08058924784711442,365.0,False,False,-55.0,1,NOAA20,2019-11-11 06:55:00
105.213,-3.06477,2019-11-11 13:00:00,LAPAN,SNPP,Verified Fire,SUMSEL,10423,2019,2019:10423,2019,10421,85433,0.06925150695692626,391.0,False,False,-29.0,3,Aqua,2019-11-11 06:29:00
105.612,-3.33798,2019-11-11 13:00:00,LAPAN,SNPP,Verified Fire,SUMSEL,10428,2019,2019:10428,2019,10426,85466,0.09741807621571082,391.0,False,False,-29.0,1,Aqua,2019-11-11 06:29:00
105.682846069,-3.36589932442,2019-11-11 13:00:00,LAPAN,Aqua,Verified Fire,SUMSEL,10429,2019,2019:10429,2019,10427,554776,0.45890512103430064,366.0,False,False,-54.0,1,NOAA20,2019-11-11 06:54:00
105.60565186,-3.33015156,2019-11-11 13:00:00,LAPAN,Aqua,Verified Fire,SUMSEL,10431,2019,2019:10431,2019,10429,554786,0.29769700273238314,366.0,False,False,-54.0,4,NOAA20,2019-11-11 06:54:00
105.611,-3.32993,2019-11-11 13:00:00,LAPAN,SNPP,Verified Fire,SUMSEL,10432,2019,2019:10432,2019,10430,554785,0.23178600777143923,366.0,False,False,-54.0,1,NOAA20,2019-11-11 06:54:00
105.595,-3.3319,2019-11-11 13:00:00,ASMC,NOAA20,Verified Fire,SUMSEL,10433,2019,2019:10433,2019,10431,85591,0.2436504365726972,391.0,False,False,-29.0,1,Aqua,2019-11-11 06:29:00
105.8303,-3.8449,2019-11-11 13:00:00,ASMC,NOAA20,Verified Fire,SUMSEL,10438,2019,2019:10438,2019,10436,85520,0.24971969848606365,391.0,False,False,-29.0,2,Aqua,2019-11-11 06:29:00
105.48361206,-3.76303506,2019-11-11 13:00:00,LAPAN,Aqua,Verified Fire,SUMSEL,10444,2019,2019:10444,2019,10442,554718,0.3337520966730435,366.0,False,False,-54.0,3,NOAA20,2019-11-11 06:54:00
105.4323,-3.3102,2019-11-11 13:00:00,ASMC,NOAA20,Verified Fire,SUMSEL,10450,2019,2019:10450,2019,10448,85551,0.1668851840539643,391.0,False,False,-29.0,1,Aqua,2019-11-11 06:29:00
105.471115112,-2.53117966652,2019-11-11 13:00:00,LAPAN,Aqua,Verified No fire,SUMSEL,10453,2019,2019:10453,2019,10451,1242716,0.13066471610974723,415.0,False,False,-5.0,2,SNPP,2019-11-11 06:05:00
105.247,-3.03577,2019-11-11 13:00:00,LAPAN,SNPP,Verified Fire,SUMSEL,10460,2019,2019:10460,2019,10458,554880,0.25983937166189786,366.0,False,False,-54.0,3,NOAA20,2019-11-11 06:54:00
105.68148804,-3.56337762,2019-11-11 13:00:00,LAPAN,Aqua,Verified Fire,SUMSEL,10463,2019,2019:10463,2019,10461,554733,0.30026620194621884,366.0,False,False,-54.0,2,NOAA20,2019-11-11 06:54:00
105.214,-3.073,2019-11-11 13:00:00,LAPAN,SNPP,Verified Fire,SUMSEL,10471,2019,2019:10471,2019,10469,85442,0.10250986412665479,391.0,False,False,-29.0,2,Aqua,2019-11-11 06:29:00
105.604,-3.33093,2019-11-11 13:00:00,LAPAN,SNPP,Verified Fire,SUMSEL,10480,2019,2019:10480,2019,10478,554786,0.1979561089070896,366.0,False,False,-54.0,4,NOAA20,2019-11-11 06:54:00
105.5558548,-2.69055271,2019-11-11 13:00:00,LAPAN,Aqua,Verified No fire,SUMSEL,10487,2019,2019:10487,2019,10485,554985,0.12730913791044257,365.0,False,False,-55.0,2,NOAA20,2019-11-11 06:55:00
105.805,-3.81345,2019-11-11 13:00:00,LAPAN,SNPP,Verified Fire,SUMSEL,10492,2019,2019:10492,2019,10490,554708,0.474452525458041,366.0,False,False,-54.0,1,NOAA20,2019-11-11 06:54:00
105.459,-2.55651,2019-11-11 13:00:00,LAPAN,SNPP,Verified No fire,SUMSEL,10497,2019,2019:10497,2019,10495,555000,0.2861594498712944,365.0,False,False,-55.0,1,NOAA20,2019-11-11 06:55:00
105.56739044,-3.27827406,2019-11-11 13:00:00,LAPAN,Aqua,Fire inside Sitrep,SUMSEL,10500,2019,2019:10500,2019,10498,554814,0.33330212974622914,366.0,False,False,-54.0,1,NOAA20,2019-11-11 06:54:00
105.76,-3.53952,2019-11-11 13:00:00,LAPAN,SNPP,Verified Fire,SUMSEL,10508,2019,2019:10508,2019,10506,554738,0.0884636827495206,366.0,False,False,-54.0,2,NOAA20,2019-11-11 06:54:00
105.77075195,-3.56863689,2019-11-11 13:00:00,LAPAN,Aqua,Verified Fire,SUMSEL,10509,2019,2019:10509,2019,10507,554729,0.3024316977848591,366.0,False,False,-54.0,2,NOAA20,2019-11-11 06:54:00
105.7537,-3.6015,2019-11-11 13:00:00,ASMC,NOAA20,Verified Fire,SUMSEL,10510,2019,2019:10510,2019,10508,85494,0.34519710792012015,391.0,False,False,-29.0,1,Aqua,2019-11-11 06:29:00
105.602,-3.32257,2019-11-11 13:00:00,LAPAN,SNPP,Verified Fire,SUMSEL,10518,2019,2019:10518,2019,10516,554795,0.3202748094656859,366.0,False,False,-54.0,1,NOAA20,2019-11-11 06:54:00
105.2483139,-3.03569484,2019-11-11 13:00:00,LAPAN,Aqua,Verified Fire,SUMSEL,10524,2019,2019:10524,2019,10522,554880,0.29001971385949515,366.0,False,False,-54.0,3,NOAA20,2019-11-11 06:54:00
105.201,-3.08336,2019-11-11 13:00:00,LAPAN,SNPP,Verified Fire,SUMSEL,10525,2019,2019:10525,2019,10523,554859,0.17897733325529422,366.0,False,False,-54.0,1,NOAA20,2019-11-11 06:54:00
105.322,-2.99121,2019-11-11 13:00:00,LAPAN,SNPP,Verified Fire,SUMSEL,10526,2019,2019:10526,2019,10524,554894,0.3460492854003421,366.0,False,False,-54.0,1,NOAA20,2019-11-11 06:54:00
105.255088806,-2.90271401405,2019-11-11 13:00:00,LAPAN,Aqua,Verified Fire,SUMSEL,10536,2019,2019:10536,2019,10534,554940,0.3326792303151766,365.0,False,False,-55.0,2,NOAA20,2019-11-11 06:55:00
105.68,-3.55933,2019-11-11 13:00:00,LAPAN,SNPP,Verified Fire,SUMSEL,10542,2019,2019:10542,2019,10540,554734,0.18909612234895976,366.0,False,False,-54.0,1,NOAA20,2019-11-11 06:54:00
105.681,-3.56737,2019-11-11 13:00:00,LAPAN,SNPP,Verified Fire,SUMSEL,10559,2019,2019:10559,2019,10557,554733,0.18166046195513721,366.0,False,False,-54.0,1,NOAA20,2019-11-11 06:54:00
105.25024414,-2.89820194,2019-11-11 13:00:00,LAPAN,Aqua,Verified Fire,SUMSEL,10564,2019,2019:10564,2019,10562,554940,0.47540477699681427,365.0,False,False,-55.0,2,NOAA20,2019-11-11 06:55:00
105.478,-2.54537,2019-11-11 13:00:00,LAPAN,SNPP,Verified No fire,SUMSEL,10577,2019,2019:10577,2019,10575,555003,0.11470798505995013,365.0,False,False,-55.0,2,NOAA20,2019-11-11 06:55:00
105.24681854,-2.79077005,2019-11-11 13:00:00,LAPAN,Aqua,Verified Fire,SUMSEL,10581,2019,2019:10581,2019,10579,1242682,0.204206735321137,415.0,False,False,-5.0,7,SNPP,2019-11-11 06:05:00
105.539,-2.71089,2019-11-11 13:00:00,LAPAN,SNPP,Fire inside Sitrep,SUMSEL,10583,2019,2019:10583,2019,10581,554982,0.21590119588564602,365.0,False,False,-55.0,3,NOAA20,2019-11-11 06:55:00
105.5372,-2.7137,2019-11-11 13:00:00,ASMC,NOAA20,Fire inside Sitrep,SUMSEL,10584,2019,2019:10584,2019,10582,85618,0.17400879206278796,390.0,False,False,-30.0,1,Aqua,2019-11-11 06:30:00
105.239898682,-3.05120062828,2019-11-11 13:00:00,LAPAN,Aqua,Verified Fire,SUMSEL,10604,2019,2019:10604,2019,10602,554872,0.2641620003383056,366.0,False,False,-54.0,2,NOAA20,2019-11-11 06:54:00
105.81130981,-3.8857522,2019-11-11 13:00:00,LAPAN,Aqua,Verified Fire,SUMSEL,10613,2019,2019:10613,2019,10611,1242856,0.07804052891831414,415.0,False,False,-5.0,3,SNPP,2019-11-11 06:05:00
105.813,-3.79592,2019-11-11 13:00:00,LAPAN,SNPP,Verified Fire,SUMSEL,10614,2019,2019:10614,2019,10612,554709,0.30373397536622654,366.0,False,False,-54.0,1,NOAA20,2019-11-11 06:54:00
105.77684784,-3.76596093,2019-11-12 00:00:00,LAPAN,Aqua,Verified Fire,SUMSEL,10630,2019,2019:10630,2019,10628,555947,0.16933868344142894,363.0,False,False,-57.0,7,NOAA20,2019-11-11 17:57:00
105.60791779,-3.73030615,2019-11-12 00:00:00,LAPAN,Aqua,Verified Fire,SUMSEL,10631,2019,2019:10631,2019,10629,555941,0.28288221032644717,363.0,False,False,-57.0,4,NOAA20,2019-11-11 17:57:00
105.77799988,-3.155689,2019-11-12 00:00:00,LAPAN,Aqua,Verified Fire,SUMSEL,10632,2019,2019:10632,2019,10630,555563,0.39201021581698564,364.0,False,False,-56.0,1,NOAA20,2019-11-11 17:56:00
105.58900452,-2.69152689,2019-11-12 00:00:00,LAPAN,Aqua,Verified No fire,SUMSEL,10633,2019,2019:10633,2019,10631,555516,0.3022301348073123,364.0,False,False,-56.0,2,NOAA20,2019-11-11 17:56:00
105.59766388,-3.33408737,2019-11-12 00:00:00,LAPAN,Aqua,Verified Fire,SUMSEL,10634,2019,2019:10634,2019,10632,555620,0.29898773978015447,364.0,False,False,-56.0,2,NOAA20,2019-11-11 17:56:00
105.72871399,-3.3729825,2019-11-12 00:00:00,LAPAN,Aqua,Verified Fire,SUMSEL,10635,2019,2019:10635,2019,10633,555717,0.2959791117917556,364.0,False,False,-56.0,1,NOAA20,2019-11-11 17:56:00
105.24661255,-3.03229928,2019-11-12 00:00:00,LAPAN,Aqua,Verified Fire,SUMSEL,10636,2019,2019:10636,2019,10634,555538,0.2673032656787913,364.0,False,False,-56.0,8,NOAA20,2019-11-11 17:56:00
105.59867096,-3.73750854,2019-11-12 00:00:00,LAPAN,Aqua,Verified Fire,SUMSEL,10637,2019,2019:10637,2019,10635,555943,0.2692404152704255,363.0,False,False,-57.0,8,NOAA20,2019-11-11 17:57:00
105.76239777,-3.15314007,2019-11-12 00:00:00,LAPAN,Aqua,Verified Fire,SUMSEL,10638,2019,2019:10638,2019,10636,555557,0.26030122146494844,364.0,False,False,-56.0,3,NOAA20,2019-11-11 17:56:00
105.82831573,-3.8398428,2019-11-12 00:00:00,LAPAN,Aqua,Verified Fire,SUMSEL,10639,2019,2019:10639,2019,10637,556012,0.2528884996676098,363.0,False,False,-57.0,3,NOAA20,2019-11-11 17:57:00
105.50715637,-3.22842598,2019-11-12 00:00:00,LAPAN,Aqua,Verified No fire,SUMSEL,10640,2019,2019:10640,2019,10638,555598,0.30623718874473677,364.0,False,False,-56.0,1,NOAA20,2019-11-11 17:56:00
105.7428894,-3.3839488,2019-11-12 00:00:00,LAPAN,Aqua,Verified Fire,SUMSEL,10641,2019,2019:10641,2019,10639,555731,0.25555302333316005,364.0,False,False,-56.0,4,NOAA20,2019-11-11 17:56:00
105.75203705,-3.37679124,2019-11-12 00:00:00,LAPAN,Aqua,Verified Fire,SUMSEL,10642,2019,2019:10642,2019,10640,555720,0.2942360150356269,364.0,False,False,-56.0,2,NOAA20,2019-11-11 17:56:00
105.75839996,-3.38647413,2019-11-12 00:00:00,LAPAN,Aqua,Verified Fire,SUMSEL,10643,2019,2019:10643,2019,10641,555747,0.29418253648386494,364.0,False,False,-56.0,3,NOAA20,2019-11-11 17:56:00
105.43009186,-3.30747056,2019-11-12 13:00:00,LAPAN,SNPP,Verified Fire,SUMSEL,10708,2019,2019:10708,2019,10706,556886,0.33396793007908887,384.0,False,False,-36.0,1,NOAA20,2019-11-12 06:36:00
105.54845428,-3.26811266,2019-11-12 13:00:00,LAPAN,SNPP,Fire inside Sitrep,SUMSEL,10709,2019,2019:10709,2019,10707,556724,0.2257466606358126,384.0,False,False,-36.0,3,NOAA20,2019-11-12 06:36:00
105.27114105,-3.11520886,2019-11-12 13:00:00,LAPAN,SNPP,Verified Fire,SUMSEL,10710,2019,2019:10710,2019,10708,557181,0.32752473664212833,384.0,False,False,-36.0,1,NOAA20,2019-11-12 06:36:00
105.25270081,-2.88647795,2019-11-12 13:00:00,LAPAN,SNPP,Verified Fire,SUMSEL,10711,2019,2019:10711,2019,10709,557068,0.32663569733832837,384.0,False,False,-36.0,1,NOAA20,2019-11-12 06:36:00
105.67722321,-3.68825769,2019-11-12 13:00:00,LAPAN,SNPP,Verified Fire,SUMSEL,10716,2019,2019:10716,2019,10714,556671,0.25039549437254605,385.0,False,False,-35.0,2,NOAA20,2019-11-12 06:35:00
105.49497986,-3.35561824,2019-11-12 13:00:00,LAPAN,SNPP,Verified Fire,SUMSEL,10718,2019,2019:10718,2019,10716,556941,0.2764141070188774,384.0,False,False,-36.0,2,NOAA20,2019-11-12 06:36:00
105.76333618,-3.36364961,2019-11-12 13:00:00,LAPAN,SNPP,Verified Fire,SUMSEL,10721,2019,2019:10721,2019,10719,556925,0.24425303656207767,384.0,False,False,-36.0,2,NOAA20,2019-11-12 06:36:00
105.83843994,-3.86714864,2019-11-12 13:00:00,LAPAN,SNPP,Verified Fire,SUMSEL,10725,2019,2019:10725,2019,10723,556560,0.37383369599039834,385.0,False,False,-35.0,1,NOAA20,2019-11-12 06:35:00
105.67735291,-3.85530877,2019-11-12 13:00:00,LAPAN,SNPP,Verified Fire,SUMSEL,10734,2019,2019:10734,2019,10732,556606,0.2382113787101917,385.0,False,False,-35.0,2,NOAA20,2019-11-12 06:35:00
105.60457611,-3.86660933,2019-11-12 13:00:00,LAPAN,SNPP,Verified Fire,SUMSEL,10735,2019,2019:10735,2019,10733,556610,0.3718459417232437,385.0,False,False,-35.0,1,NOAA20,2019-11-12 06:35:00
105.47502136,-2.54785538,2019-11-12 13:00:00,LAPAN,SNPP,Verified No fire,SUMSEL,10745,2019,2019:10745,2019,10743,557005,0.2795323997133086,384.0,False,False,-36.0,2,NOAA20,2019-11-12 06:36:00
105.55690002,-3.27294397,2019-11-12 13:00:00,LAPAN,SNPP,Fire inside Sitrep,SUMSEL,10746,2019,2019:10746,2019,10744,556726,0.2785154613246529,384.0,False,False,-36.0,1,NOAA20,2019-11-12 06:36:00
105.21529388,-3.01533914,2019-11-12 13:00:00,LAPAN,SNPP,Verified Fire,SUMSEL,10747,2019,2019:10747,2019,10745,557138,0.23306614603240802,384.0,False,False,-36.0,1,NOAA20,2019-11-12 06:36:00
105.26707458,-2.92769241,2019-11-12 13:00:00,LAPAN,SNPP,Verified Fire,SUMSEL,10748,2019,2019:10748,2019,10746,557102,0.24828951445488845,384.0,False,False,-36.0,2,NOAA20,2019-11-12 06:36:00
105.824646,-3.83243585,2019-11-12 13:00:00,LAPAN,SNPP,Verified Fire,SUMSEL,10749,2019,2019:10749,2019,10747,556604,0.2430019630019885,385.0,False,False,-35.0,2,NOAA20,2019-11-12 06:35:00
105.83509827,-3.84555912,2019-11-12 13:00:00,LAPAN,SNPP,Verified Fire,SUMSEL,10750,2019,2019:10750,2019,10748,556577,0.34684657091837057,385.0,False,False,-35.0,2,NOAA20,2019-11-12 06:35:00
105.74367523,-3.68509841,2019-11-12 13:00:00,LAPAN,SNPP,Verified Fire,SUMSEL,10752,2019,2019:10752,2019,10750,556669,0.25200358541286966,385.0,False,False,-35.0,2,NOAA20,2019-11-12 06:35:00
105.772789,-3.13766241,2019-11-12 13:00:00,LAPAN,SNPP,Verified Fire,SUMSEL,10756,2019,2019:10756,2019,10754,556777,0.24855584040135015,384.0,False,False,-36.0,2,NOAA20,2019-11-12 06:36:00
105.74006653,-3.88813519,2019-11-12 13:00:00,LAPAN,SNPP,Verified Fire,SUMSEL,10758,2019,2019:10758,2019,10756,556556,0.11315049348723427,385.0,False,False,-35.0,3,NOAA20,2019-11-12 06:35:00
105.66814423,-3.84943318,2019-11-12 13:00:00,LAPAN,SNPP,Verified Fire,SUMSEL,10763,2019,2019:10763,2019,10761,556612,0.23788585229285594,385.0,False,False,-35.0,2,NOAA20,2019-11-12 06:35:00
105.80213928,-3.85065269,2019-11-12 13:00:00,LAPAN,SNPP,Verified Fire,SUMSEL,10764,2019,2019:10764,2019,10762,556582,0.2813219802582499,385.0,False,False,-35.0,1,NOAA20,2019-11-12 06:35:00
105.67037964,-3.63936973,2019-11-12 13:00:00,LAPAN,SNPP,Verified Fire,SUMSEL,10778,2019,2019:10778,2019,10776,556678,0.2400989154089375,385.0,False,False,-35.0,3,NOAA20,2019-11-12 06:35:00
105.7815094,-3.76746202,2019-11-12 13:00:00,LAPAN,SNPP,Verified Fire,SUMSEL,10780,2019,2019:10780,2019,10778,556632,0.2554001731429084,385.0,False,False,-35.0,4,NOAA20,2019-11-12 06:35:00
105.61076355,-3.74256587,2019-11-12 13:00:00,LAPAN,SNPP,Verified Fire,SUMSEL,10783,2019,2019:10783,2019,10781,556653,0.2773011516637992,385.0,False,False,-35.0,3,NOAA20,2019-11-12 06:35:00
105.21492004,-3.06591082,2019-11-12 13:00:00,LAPAN,SNPP,Verified Fire,SUMSEL,10784,2019,2019:10784,2019,10782,557160,0.2338986828936147,384.0,False,False,-36.0,3,NOAA20,2019-11-12 06:36:00
105.58295441,-3.33475327,2019-11-12 13:00:00,LAPAN,SNPP,Verified Fire,SUMSEL,10790,2019,2019:10790,2019,10788,556942,0.24999205096508734,384.0,False,False,-36.0,3,NOAA20,2019-11-12 06:36:00
105.76553345,-3.37807488,2019-11-12 13:00:00,LAPAN,SNPP,Verified Fire,SUMSEL,10791,2019,2019:10791,2019,10789,556917,0.24451434602660133,384.0,False,False,-36.0,2,NOAA20,2019-11-12 06:36:00
105.23176575,-3.07053685,2019-11-12 13:00:00,LAPAN,SNPP,Verified Fire,SUMSEL,10793,2019,2019:10793,2019,10791,557168,0.2333893927941284,384.0,False,False,-36.0,3,NOAA20,2019-11-12 06:36:00
105.42028046,-3.18585467,2019-11-12 13:00:00,LAPAN,SNPP,Fire inside Sitrep,SUMSEL,10798,2019,2019:10798,2019,10796,557213,0.338977986724677,384.0,False,False,-36.0,2,NOAA20,2019-11-12 06:36:00
105.57700348,-3.79153371,2019-11-12 13:00:00,LAPAN,SNPP,Verified Fire,SUMSEL,10800,2019,2019:10800,2019,10798,556637,0.24705082844520848,385.0,False,False,-35.0,1,NOAA20,2019-11-12 06:35:00
105.72657776,-3.96353364,2019-11-12 13:00:00,LAPAN,SNPP,Verified Fire,SUMSEL,10803,2019,2019:10803,2019,10801,556523,0.27900188902705814,385.0,False,False,-35.0,2,NOAA20,2019-11-12 06:35:00
105.67378235,-3.38508701,2019-11-12 13:00:00,LAPAN,SNPP,Verified Fire,SUMSEL,10806,2019,2019:10806,2019,10804,556924,0.3751839104999158,384.0,False,False,-36.0,1,NOAA20,2019-11-12 06:36:00
105.815979,-3.89080453,2019-11-12 13:00:00,LAPAN,SNPP,Verified Fire,SUMSEL,10809,2019,2019:10809,2019,10807,556545,0.28079940220133753,385.0,False,False,-35.0,1,NOAA20,2019-11-12 06:35:00
105.79502106,-3.85910511,2019-11-12 13:00:00,LAPAN,SNPP,Verified Fire,SUMSEL,10810,2019,2019:10810,2019,10808,556572,0.24184024577901622,385.0,False,False,-35.0,3,NOAA20,2019-11-12 06:35:00
105.42632294,-3.27946186,2019-11-12 13:00:00,LAPAN,SNPP,Fire inside Sitrep,SUMSEL,10812,2019,2019:10812,2019,10810,556719,0.23581754281432954,384.0,False,False,-36.0,2,NOAA20,2019-11-12 06:36:00
105.31378174,-2.9131999,2019-11-12 13:00:00,LAPAN,SNPP,Verified No fire,SUMSEL,10817,2019,2019:10817,2019,10815,557094,0.27763003242929185,384.0,False,False,-36.0,1,NOAA20,2019-11-12 06:36:00
105.80666351,-3.88491845,2019-11-12 13:00:00,LAPAN,SNPP,Verified Fire,SUMSEL,10819,2019,2019:10819,2019,10817,556549,0.33867310251122795,385.0,False,False,-35.0,1,NOAA20,2019-11-12 06:35:00
105.73652649,-3.86079478,2019-11-12 13:00:00,LAPAN,SNPP,Verified Fire,SUMSEL,10820,2019,2019:10820,2019,10818,556580,0.3416445265688147,385.0,False,False,-35.0,2,NOAA20,2019-11-12 06:35:00
105.59218597,-3.34064436,2019-11-12 13:00:00,LAPAN,SNPP,Verified Fire,SUMSEL,10824,2019,2019:10824,2019,10822,556939,0.27982221811357194,384.0,False,False,-36.0,1,NOAA20,2019-11-12 06:36:00
105.54377747,-3.78935695,2019-11-12 13:00:00,LAPAN,SNPP,Verified Fire,SUMSEL,10825,2019,2019:10825,2019,10823,556641,0.27608443062941534,385.0,False,False,-35.0,1,NOAA20,2019-11-12 06:35:00
105.60856628,-3.72831678,2019-11-12 13:00:00,LAPAN,SNPP,Verified Fire,SUMSEL,10826,2019,2019:10826,2019,10824,556664,0.3376304117883675,385.0,False,False,-35.0,1,NOAA20,2019-11-12 06:35:00
105.26667023,-2.97842717,2019-11-12 13:00:00,LAPAN,SNPP,Verified Fire,SUMSEL,10827,2019,2019:10827,2019,10825,557115,0.3261587622768899,384.0,False,False,-36.0,1,NOAA20,2019-11-12 06:36:00
105.29705811,-3.12563276,2019-11-12 13:00:00,LAPAN,SNPP,Verified Fire,SUMSEL,10828,2019,2019:10828,2019,10826,557199,0.24783065362408238,384.0,False,False,-36.0,2,NOAA20,2019-11-12 06:36:00
105.52667236,-3.78473163,2019-11-12 13:00:00,LAPAN,SNPP,Verified Fire,SUMSEL,10831,2019,2019:10831,2019,10829,556645,0.27687398783150236,385.0,False,False,-35.0,2,NOAA20,2019-11-12 06:35:00
105.35014343,-3.15363407,2019-11-12 13:00:00,LAPAN,SNPP,Verified Fire,SUMSEL,10834,2019,2019:10834,2019,10832,557204,0.27648105225026676,384.0,False,False,-36.0,2,NOAA20,2019-11-12 06:36:00
105.25119019,-3.03864741,2019-11-12 13:00:00,LAPAN,SNPP,Verified Fire,SUMSEL,10835,2019,2019:10835,2019,10833,557148,0.2342251518920752,384.0,False,False,-36.0,2,NOAA20,2019-11-12 06:36:00
105.7561264,-3.14029503,2019-11-12 13:00:00,LAPAN,SNPP,Verified Fire,SUMSEL,10837,2019,2019:10837,2019,10835,556774,0.24751386606788764,384.0,False,False,-36.0,4,NOAA20,2019-11-12 06:36:00
105.81801605,-3.78925753,2019-11-12 13:00:00,LAPAN,SNPP,Verified Fire,SUMSEL,10839,2019,2019:10839,2019,10837,556617,0.24348306190517938,385.0,False,False,-35.0,1,NOAA20,2019-11-12 06:35:00
105.83070374,-3.81674933,2019-11-12 13:00:00,LAPAN,SNPP,Verified Fire,SUMSEL,10840,2019,2019:10840,2019,10838,556614,0.37517873101524724,385.0,False,False,-35.0,1,NOAA20,2019-11-12 06:35:00
105.80434418,-3.86502743,2019-11-12 13:00:00,LAPAN,SNPP,Verified Fire,SUMSEL,10841,2019,2019:10841,2019,10839,556564,0.2411962418772631,385.0,False,False,-35.0,4,NOAA20,2019-11-12 06:35:00
105.28664398,-2.89566493,2019-11-12 13:00:00,LAPAN,SNPP,Verified Fire,SUMSEL,10842,2019,2019:10842,2019,10840,557079,0.2495726548904372,384.0,False,False,-36.0,2,NOAA20,2019-11-12 06:36:00
105.60158539,-3.7366991,2019-11-12 13:00:00,LAPAN,SNPP,Verified Fire,SUMSEL,10843,2019,2019:10843,2019,10841,556658,0.2497694541491417,385.0,False,False,-35.0,4,NOAA20,2019-11-12 06:35:00
105.22019196,-2.99272966,2019-11-12 13:00:00,LAPAN,SNPP,Verified Fire,SUMSEL,10847,2019,2019:10847,2019,10845,557124,0.2748445566229561,384.0,False,False,-36.0,4,NOAA20,2019-11-12 06:36:00
105.38451385,-3.31210208,2019-11-16 01:00:00,LAPAN,SNPP,Verified Fire,SUMSEL,10875,2019,2019:10875,2019,10873,560149,0.20612251908930698,398.0,False,False,-22.0,3,NOAA20,2019-11-15 18:22:00
105.82571411,-3.84367824,2019-11-17 01:00:00,LAPAN,Aqua,Fire inside Sitrep,SUMSEL,10882,2019,2019:10882,2019,10880,1248685,0.23669316643462276,366.0,False,False,-54.0,5,SNPP,2019-11-16 18:54:00
105.82454681,-3.85101438,2019-11-17 13:00:00,LAPAN,Aqua,Verified Fire,SUMSEL,10892,2019,2019:10892,2019,10890,562262,0.3448968422841768,378.0,False,False,-42.0,2,NOAA20,2019-11-17 06:42:00
105.77794647,-3.424757,2019-11-17 13:00:00,LAPAN,Aqua,Verified Fire,SUMSEL,10893,2019,2019:10893,2019,10891,562227,0.3747335365531033,378.0,False,False,-42.0,1,NOAA20,2019-11-17 06:42:00
102.88877106,-0.88333821,2019-11-17 13:00:00,LAPAN,Aqua,Verified No fire,JAMBI SMF,10897,2019,2019:10897,2019,10895,562401,0.2337050439312878,377.0,False,False,-43.0,1,NOAA20,2019-11-17 06:43:00
105.82508087,-3.83948588,2019-11-17 13:00:00,LAPAN,Aqua,Fire inside Sitrep,SUMSEL,10898,2019,2019:10898,2019,10896,562257,0.1391910042833504,378.0,False,False,-42.0,2,NOAA20,2019-11-17 06:42:00
105.54534149,-3.7954042,2019-11-17 13:00:00,LAPAN,Aqua,Fire inside Sitrep,SUMSEL,10899,2019,2019:10899,2019,10897,562247,0.32818661531025317,378.0,False,False,-42.0,3,NOAA20,2019-11-17 06:42:00
105.81330109,-3.8447535,2019-11-17 13:00:00,LAPAN,Aqua,Verified Fire,SUMSEL,10903,2019,2019:10903,2019,10901,562259,0.37383320240534507,378.0,False,False,-42.0,2,NOAA20,2019-11-17 06:42:00
105.82165527,-3.8394897,2019-11-18 00:00:00,LAPAN,SNPP,Verified Fire,SUMSEL,10908,2019,2019:10908,2019,10906,562745,0.31140342233194374,376.0,False,False,-44.0,2,NOAA20,2019-11-17 17:44:00
102.87045288,-1.10637021,2019-11-18 13:00:00,LAPAN,SNPP,Verified Fire,JAMBI SMF,10928,2019,2019:10928,2019,10926,563442,0.29506171438067824,396.0,False,False,-24.0,1,NOAA20,2019-11-18 06:24:00
105.81388855,-3.84743619,2019-11-20 01:00:00,LAPAN,SNPP,Verified Fire,SUMSEL,10932,2019,2019:10932,2019,10930,564422,0.2970131486345674,373.0,False,False,-47.0,2,NOAA20,2019-11-19 18:47:00
105.20635223,-3.08042192,2019-11-23 13:00:00,LAPAN,SNPP,Verified Fire,SUMSEL,10946,2019,2019:10946,2019,10944,567201,0.2744833009473969,391.0,False,False,-29.0,1,NOAA20,2019-11-23 06:29:00
105.31814575,-3.00850844,2019-11-23 13:00:00,LAPAN,SNPP,Verified Fire,SUMSEL,10947,2019,2019:10947,2019,10945,567127,0.2719179723400826,391.0,False,False,-29.0,2,NOAA20,2019-11-23 06:29:00
105.32420349,-3.00071716,2019-11-23 13:00:00,LAPAN,SNPP,Verified No fire,SUMSEL,10951,2019,2019:10951,2019,10949,567129,0.24300779349251117,391.0,False,False,-29.0,2,NOAA20,2019-11-23 06:29:00
105.21439362,-3.08603883,2019-11-23 13:00:00,LAPAN,SNPP,Verified Fire,SUMSEL,10954,2019,2019:10954,2019,10952,567199,0.2751015184844315,391.0,False,False,-29.0,2,NOAA20,2019-11-23 06:29:00
105.29231262,-3.12105656,2019-11-23 13:00:00,LAPAN,SNPP,Verified Fire,SUMSEL,10955,2019,2019:10955,2019,10953,567189,0.3145437720531326,391.0,False,False,-29.0,1,NOAA20,2019-11-23 06:29:00
105.21237183,-3.07266831,2019-11-23 13:00:00,LAPAN,SNPP,Verified Fire,SUMSEL,10958,2019,2019:10958,2019,10956,567119,0.24395769280582894,391.0,False,False,-29.0,4,NOAA20,2019-11-23 06:29:00
105.22792816,-3.12411213,2019-11-23 13:00:00,LAPAN,SNPP,Verified Fire,SUMSEL,10960,2019,2019:10960,2019,10958,567191,0.2727700661462331,391.0,False,False,-29.0,2,NOAA20,2019-11-23 06:29:00
105.32565308,-2.64167142,2019-11-23 13:00:00,LAPAN,SNPP,Verified No fire,SUMSEL,10961,2019,2019:10961,2019,10959,567138,0.272701939992437,391.0,False,False,-29.0,1,NOAA20,2019-11-23 06:29:00
105.77075958,-3.5352838,2019-11-24 13:00:00,LAPAN,SNPP,Verified No fire,SUMSEL,10967,2019,2019:10967,2019,10965,567625,0.38525819080069007,410.0,False,False,-10.0,1,NOAA20,2019-11-24 06:10:00
105.39974213,-3.76037741,2019-11-25 12:00:00,LAPAN,SNPP,Verified No fire,SUMSEL,10984,2019,2019:10984,2019,10982,568458,0.41883114179679376,369.0,False,False,-51.0,1,NOAA20,2019-11-25 05:51:00
105.29396057,-3.12139916,2019-11-25 12:00:00,LAPAN,SNPP,Fire inside Sitrep,SUMSEL,10986,2019,2019:10986,2019,10984,568546,0.31798539527979425,368.0,False,False,-52.0,1,NOAA20,2019-11-25 05:52:00
105.21920776,-3.08207726,2019-11-26 01:00:00,LAPAN,Aqua,Fire inside Sitrep,SUMSEL,11006,2019,2019:11006,2019,11004,568740,0.36727293715113773,386.0,False,False,-34.0,1,NOAA20,2019-11-25 18:34:00
105.68432617,-3.58565474,2019-11-26 12:00:00,LAPAN,SNPP,Fire inside Sitrep,SUMSEL,11007,2019,2019:11007,2019,11005,569407,0.2772704810839225,387.0,False,False,-33.0,3,NOAA20,2019-11-26 05:33:00
105.20182037,-3.09153748,2019-11-27 13:00:00,LAPAN,SNPP,Verified Fire,SUMSEL,11020,2019,2019:11020,2019,11018,570170,0.33034150572062043,366.0,False,False,-54.0,3,NOAA20,2019-11-27 06:54:00
105.31498718,-3.00435853,2019-11-27 13:00:00,LAPAN,SNPP,Fire inside Sitrep,SUMSEL,11036,2019,2019:11036,2019,11034,88255,0.12645461254536447,391.0,False,False,-29.0,1,Aqua,2019-11-27 06:29:00
105.509,-3.72868,2019-11-27 13:00:00,LAPAN,SNPP,Verified Fire,SUMSEL,11044,2019,2019:11044,2019,11042,88267,0.33935309083026577,391.0,False,False,-29.0,1,Aqua,2019-11-27 06:29:00
105.77822113,-3.40895844,2019-11-27 13:00:00,LAPAN,SNPP,Fire inside Sitrep,SUMSEL,11045,2019,2019:11045,2019,11043,570206,0.31449141521033025,366.0,False,False,-54.0,1,NOAA20,2019-11-27 06:54:00
105.7922,-3.4268,2019-11-27 13:00:00,ASMC,NOAA20,Fire inside Sitrep,SUMSEL,11048,2019,2019:11048,2019,11046,1258101,0.3411712616108736,415.0,False,False,-5.0,1,SNPP,2019-11-27 06:05:00
105.7621,-3.5997,2019-11-27 13:00:00,ASMC,NOAA20,Fire inside Sitrep,SUMSEL,11064,2019,2019:11064,2019,11062,1258047,0.1877103389126744,416.0,False,False,-4.0,3,SNPP,2019-11-27 06:04:00
105.315,-3.0044,2019-11-27 13:00:00,ASMC,NOAA20,Fire inside Sitrep,SUMSEL,11078,2019,2019:11078,2019,11076,88255,0.12962749213628771,391.0,False,False,-29.0,1,Aqua,2019-11-27 06:29:00
103.984,-2.02477,2019-11-27 13:00:00,LAPAN,SNPP,Verified No fire,SUMSEL MUBA,11082,2019,2019:11082,2019,11080,88282,0.21193835354251428,390.0,False,False,-30.0,1,Aqua,2019-11-27 06:30:00
105.61845398,-3.90826797,2019-11-28 13:00:00,LAPAN,SNPP,Verified Fire,SUMSEL,11109,2019,2019:11109,2019,11107,571216,0.27827388064128616,385.0,False,False,-35.0,3,NOAA20,2019-11-28 06:35:00
105.61560822,-3.77825499,2019-11-28 13:00:00,LAPAN,SNPP,Verified Fire,SUMSEL,11113,2019,2019:11113,2019,11111,571236,0.33695622144398524,385.0,False,False,-35.0,1,NOAA20,2019-11-28 06:35:00
105.47839355,-3.79262185,2019-11-28 13:00:00,LAPAN,SNPP,Verified Fire,SUMSEL,11117,2019,2019:11117,2019,11115,571006,0.23704851786858608,385.0,False,False,-35.0,1,NOAA20,2019-11-28 06:35:00
105.48406219,-2.55495119,2019-11-28 13:00:00,LAPAN,SNPP,Verified Fire,SUMSEL,11118,2019,2019:11118,2019,11116,571343,0.34364181318155634,384.0,False,False,-36.0,1,NOAA20,2019-11-28 06:36:00
105.76974487,-3.40827394,2019-11-28 13:00:00,LAPAN,SNPP,Verified Fire,SUMSEL,11120,2019,2019:11120,2019,11118,571458,0.2415988561126245,384.0,False,False,-36.0,4,NOAA20,2019-11-28 06:36:00
105.77693176,-3.39978909,2019-11-28 13:00:00,LAPAN,SNPP,Verified Fire,SUMSEL,11121,2019,2019:11121,2019,11119,571451,0.24247593170653514,384.0,False,False,-36.0,1,NOAA20,2019-11-28 06:36:00
105.20063019,-3.07621956,2019-11-28 13:00:00,LAPAN,SNPP,Verified Fire,SUMSEL,11128,2019,2019:11128,2019,11126,571386,0.24863042298852334,384.0,False,False,-36.0,3,NOAA20,2019-11-28 06:36:00
105.25157928,-2.9885304,2019-11-28 13:00:00,LAPAN,SNPP,Verified Fire,SUMSEL,11129,2019,2019:11129,2019,11127,571365,0.23543732955369928,384.0,False,False,-36.0,1,NOAA20,2019-11-28 06:36:00
105.31143951,-3.00820708,2019-11-28 13:00:00,LAPAN,SNPP,Verified Fire,SUMSEL,11130,2019,2019:11130,2019,11128,571371,0.2372987495730906,384.0,False,False,-36.0,2,NOAA20,2019-11-28 06:36:00
105.57884979,-3.69738197,2019-11-28 13:00:00,LAPAN,SNPP,Verified Fire,SUMSEL,11133,2019,2019:11133,2019,11131,571015,0.2510557331279909,385.0,False,False,-35.0,2,NOAA20,2019-11-28 06:35:00
105.56735229,-3.78585863,2019-11-28 13:00:00,LAPAN,SNPP,Verified Fire,SUMSEL,11134,2019,2019:11134,2019,11132,571240,0.27733454758934206,385.0,False,False,-35.0,1,NOAA20,2019-11-28 06:35:00
105.58128357,-3.43712044,2019-11-28 13:00:00,LAPAN,SNPP,Verified Fire,SUMSEL,11140,2019,2019:11140,2019,11138,571455,0.3412368695731274,384.0,False,False,-36.0,1,NOAA20,2019-11-28 06:36:00
105.79631042,-3.35985017,2019-11-28 13:00:00,LAPAN,SNPP,Verified Fire,SUMSEL,11141,2019,2019:11141,2019,11139,571439,0.3481856995711864,384.0,False,False,-36.0,1,NOAA20,2019-11-28 06:36:00
105.6576767,-3.61307669,2019-11-28 13:00:00,LAPAN,SNPP,Verified Fire,SUMSEL,11142,2019,2019:11142,2019,11140,571031,0.2783434454934062,385.0,False,False,-35.0,1,NOAA20,2019-11-28 06:35:00
105.63749695,-3.53701925,2019-11-28 13:00:00,LAPAN,SNPP,Verified Fire,SUMSEL,11143,2019,2019:11143,2019,11141,571516,0.25177496243353636,384.0,False,False,-36.0,2,NOAA20,2019-11-28 06:36:00
105.6603775,-3.5760355,2019-11-28 13:00:00,LAPAN,SNPP,Verified Fire,SUMSEL,11145,2019,2019:11145,2019,11143,571056,0.23943947387651113,385.0,False,False,-35.0,3,NOAA20,2019-11-28 06:35:00
105.68704224,-3.58653116,2019-11-28 13:00:00,LAPAN,SNPP,Verified Fire,SUMSEL,11146,2019,2019:11146,2019,11144,571043,0.2791328194862163,385.0,False,False,-35.0,2,NOAA20,2019-11-28 06:35:00
105.7082901,-3.56118631,2019-11-28 13:00:00,LAPAN,SNPP,Verified Fire,SUMSEL,11149,2019,2019:11149,2019,11147,571060,0.2793793844810239,385.0,False,False,-35.0,2,NOAA20,2019-11-28 06:35:00
105.7395401,-3.49195004,2019-11-28 13:00:00,LAPAN,SNPP,Verified Fire,SUMSEL,11150,2019,2019:11150,2019,11148,571511,0.25565082618666096,384.0,False,False,-36.0,2,NOAA20,2019-11-28 06:36:00
105.69848633,-3.60676718,2019-11-28 13:00:00,LAPAN,SNPP,Verified Fire,SUMSEL,11154,2019,2019:11154,2019,11152,571026,0.3437040130431278,385.0,False,False,-35.0,2,NOAA20,2019-11-28 06:35:00
105.20956421,-3.08202863,2019-11-28 13:00:00,LAPAN,SNPP,Verified Fire,SUMSEL,11158,2019,2019:11158,2019,11156,571391,0.3221725661250804,384.0,False,False,-36.0,1,NOAA20,2019-11-28 06:36:00
105.33426666,-2.99743462,2019-11-28 13:00:00,LAPAN,SNPP,Fire inside Sitrep,SUMSEL,11159,2019,2019:11159,2019,11157,571368,0.2759358288763494,384.0,False,False,-36.0,1,NOAA20,2019-11-28 06:36:00
105.72579956,-3.45727777,2019-11-28 13:00:00,LAPAN,SNPP,Verified Fire,SUMSEL,11161,2019,2019:11161,2019,11159,571489,0.2828519318820973,384.0,False,False,-36.0,2,NOAA20,2019-11-28 06:36:00
105.50046539,-2.55242443,2019-11-28 13:00:00,LAPAN,SNPP,Verified No fire,SUMSEL,11163,2019,2019:11163,2019,11161,571341,0.3725394539919436,384.0,False,False,-36.0,1,NOAA20,2019-11-28 06:36:00
105.60454559,-3.42624426,2019-11-28 13:00:00,LAPAN,SNPP,Verified Fire,SUMSEL,11164,2019,2019:11164,2019,11162,571447,0.23944720360878585,384.0,False,False,-36.0,3,NOAA20,2019-11-28 06:36:00
105.83390045,-3.84500384,2019-11-28 13:00:00,LAPAN,SNPP,Verified Fire,SUMSEL,11166,2019,2019:11166,2019,11164,571217,0.25555789037178633,385.0,False,False,-35.0,1,NOAA20,2019-11-28 06:35:00
105.77806091,-3.41217947,2019-11-28 13:00:00,LAPAN,SNPP,Verified Fire,SUMSEL,11167,2019,2019:11167,2019,11165,571462,0.2846669481030843,384.0,False,False,-36.0,2,NOAA20,2019-11-28 06:36:00
105.741745,-3.50633168,2019-11-28 13:00:00,LAPAN,SNPP,Verified Fire,SUMSEL,11169,2019,2019:11169,2019,11167,571512,0.36047881900244794,384.0,False,False,-36.0,1,NOAA20,2019-11-28 06:36:00
105.73020935,-3.48603344,2019-11-28 13:00:00,LAPAN,SNPP,Verified Fire,SUMSEL,11170,2019,2019:11170,2019,11168,571504,0.33741553772107835,384.0,False,False,-36.0,1,NOAA20,2019-11-28 06:36:00
105.20276642,-3.0903008,2019-11-28 13:00:00,LAPAN,SNPP,Verified Fire,SUMSEL,11172,2019,2019:11172,2019,11170,571394,0.3464961631665309,384.0,False,False,-36.0,1,NOAA20,2019-11-28 06:36:00
105.5582428,-3.78001833,2019-11-28 13:00:00,LAPAN,SNPP,Verified Fire,SUMSEL,11174,2019,2019:11174,2019,11172,571244,0.33634484498312645,385.0,False,False,-35.0,1,NOAA20,2019-11-28 06:35:00
105.49139404,-3.76909566,2019-11-28 13:00:00,LAPAN,SNPP,Verified Fire,SUMSEL,11175,2019,2019:11175,2019,11173,571009,0.2781755602310356,385.0,False,False,-35.0,1,NOAA20,2019-11-28 06:35:00
105.67507935,-3.61771631,2019-11-28 13:00:00,LAPAN,SNPP,Verified Fire,SUMSEL,11176,2019,2019:11176,2019,11174,571020,0.23947639972256926,385.0,False,False,-35.0,2,NOAA20,2019-11-28 06:35:00
103.36051178,-1.17701674,2019-11-28 13:00:00,LAPAN,SNPP,Verified No fire,JAMBI SMF,11181,2019,2019:11181,2019,11179,571253,0.27118044975403566,384.0,False,False,-36.0,1,NOAA20,2019-11-28 06:36:00
105.2149353,-3.06637025,2019-11-28 13:00:00,LAPAN,SNPP,Verified Fire,SUMSEL,11183,2019,2019:11183,2019,11181,571382,0.2229611063051451,384.0,False,False,-36.0,4,NOAA20,2019-11-28 06:36:00
105.69631195,-3.59242392,2019-11-28 13:00:00,LAPAN,SNPP,Verified Fire,SUMSEL,11185,2019,2019:11185,2019,11183,571037,0.2420286164346929,385.0,False,False,-35.0,2,NOAA20,2019-11-28 06:35:00
105.75592041,-3.59787226,2019-11-28 13:00:00,LAPAN,SNPP,Verified Fire,SUMSEL,11186,2019,2019:11186,2019,11184,571028,0.2822014923198914,385.0,False,False,-35.0,3,NOAA20,2019-11-28 06:35:00
105.63161469,-3.55126524,2019-11-28 13:00:00,LAPAN,SNPP,Verified Fire,SUMSEL,11187,2019,2019:11187,2019,11185,571067,0.27653149332333254,385.0,False,False,-35.0,2,NOAA20,2019-11-28 06:35:00
105.77261353,-3.13911366,2019-11-28 13:00:00,LAPAN,SNPP,Fire inside Sitrep,SUMSEL,11194,2019,2019:11194,2019,11192,571416,0.25002089525019605,384.0,False,False,-36.0,3,NOAA20,2019-11-28 06:36:00
105.78744507,-3.41807628,2019-11-28 13:00:00,LAPAN,SNPP,Verified Fire,SUMSEL,11197,2019,2019:11197,2019,11195,571464,0.3377429749073706,384.0,False,False,-36.0,2,NOAA20,2019-11-28 06:36:00
105.62213135,-3.77475309,2019-11-29 13:00:00,LAPAN,SNPP,Verified Fire,SUMSEL,11213,2019,2019:11213,2019,11211,572884,0.24326037924507232,403.0,False,False,-17.0,2,NOAA20,2019-11-29 06:17:00
105.71429443,-3.83772826,2019-11-29 13:00:00,LAPAN,SNPP,Verified Fire,SUMSEL,11218,2019,2019:11218,2019,11216,572875,0.2791524228759086,403.0,False,False,-17.0,1,NOAA20,2019-11-29 06:17:00
105.87588501,-3.82021523,2019-11-29 13:00:00,LAPAN,SNPP,Fire inside Sitrep,SUMSEL,11219,2019,2019:11219,2019,11217,572759,0.23186296021319805,403.0,False,False,-17.0,1,NOAA20,2019-11-29 06:17:00
105.76792145,-3.40244651,2019-11-29 13:00:00,LAPAN,SNPP,Verified Fire,SUMSEL,11220,2019,2019:11220,2019,11218,88763,0.12901758824476983,403.0,False,False,-17.0,2,Aqua,2019-11-29 06:17:00
105.75963593,-3.39676523,2019-11-29 13:00:00,LAPAN,SNPP,Verified Fire,SUMSEL,11225,2019,2019:11225,2019,11223,572799,0.23196220802290152,403.0,False,False,-17.0,5,NOAA20,2019-11-29 06:17:00
105.75872803,-3.43602252,2019-11-29 13:00:00,LAPAN,SNPP,Verified Fire,SUMSEL,11227,2019,2019:11227,2019,11225,88820,0.048133453675846795,403.0,False,False,-17.0,2,Aqua,2019-11-29 06:17:00
105.7449646,-3.4936583,2019-11-29 13:00:00,LAPAN,SNPP,Verified Fire,SUMSEL,11229,2019,2019:11229,2019,11227,88833,0.20814382772462367,403.0,False,False,-17.0,3,Aqua,2019-11-29 06:17:00
105.50254059,-3.68411732,2019-11-29 13:00:00,LAPAN,SNPP,Verified Fire,SUMSEL,11241,2019,2019:11241,2019,11239,572927,0.2886674880157239,403.0,False,False,-17.0,1,NOAA20,2019-11-29 06:17:00
105.86560059,-3.8009572,2019-11-29 13:00:00,LAPAN,SNPP,Fire inside Sitrep,SUMSEL,11245,2019,2019:11245,2019,11243,572876,0.23205854790642247,403.0,False,False,-17.0,1,NOAA20,2019-11-29 06:17:00
105.78578186,-3.41811967,2019-11-29 13:00:00,LAPAN,SNPP,Verified Fire,SUMSEL,11247,2019,2019:11247,2019,11245,572791,0.24555778523832322,403.0,False,False,-17.0,3,NOAA20,2019-11-29 06:17:00
105.63167572,-3.53551245,2019-11-29 13:00:00,LAPAN,SNPP,Verified Fire,SUMSEL,11249,2019,2019:11249,2019,11247,572992,0.2804358342380127,403.0,False,False,-17.0,2,NOAA20,2019-11-29 06:17:00
105.59156036,-3.56938553,2019-11-29 13:00:00,LAPAN,SNPP,Verified Fire,SUMSEL,11251,2019,2019:11251,2019,11249,572983,0.28865739522947087,403.0,False,False,-17.0,1,NOAA20,2019-11-29 06:17:00
105.77352905,-3.58392525,2019-11-29 13:00:00,LAPAN,SNPP,Verified Fire,SUMSEL,11252,2019,2019:11252,2019,11250,572945,0.23503904134139222,403.0,False,False,-17.0,2,NOAA20,2019-11-29 06:17:00
105.70152283,-3.60173297,2019-11-29 13:00:00,LAPAN,SNPP,Verified Fire,SUMSEL,11256,2019,2019:11256,2019,11254,572939,0.23752028821254142,403.0,False,False,-17.0,1,NOAA20,2019-11-29 06:17:00
105.77472687,-3.54207778,2019-11-29 13:00:00,LAPAN,SNPP,Verified Fire,SUMSEL,11258,2019,2019:11258,2019,11256,572984,0.2737452057237362,403.0,False,False,-17.0,2,NOAA20,2019-11-29 06:17:00
105.73667145,-3.48796201,2019-11-29 13:00:00,LAPAN,SNPP,Verified Fire,SUMSEL,11260,2019,2019:11260,2019,11258,572755,0.24912393544237058,403.0,False,False,-17.0,2,NOAA20,2019-11-29 06:17:00
105.73161316,-3.45397449,2019-11-29 13:00:00,LAPAN,SNPP,Verified Fire,SUMSEL,11263,2019,2019:11263,2019,11261,572904,0.2483411959983355,403.0,False,False,-17.0,1,NOAA20,2019-11-29 06:17:00
105.7283783,-3.48225856,2019-11-29 13:00:00,LAPAN,SNPP,Verified Fire,SUMSEL,11264,2019,2019:11264,2019,11262,572898,0.2829310662231332,403.0,False,False,-17.0,1,NOAA20,2019-11-29 06:17:00
105.78181458,-3.58962631,2019-11-29 13:00:00,LAPAN,SNPP,Verified Fire,SUMSEL,11265,2019,2019:11265,2019,11263,572940,0.27423771722452406,403.0,False,False,-17.0,1,NOAA20,2019-11-29 06:17:00
105.79405212,-3.42381454,2019-11-29 13:00:00,LAPAN,SNPP,Verified Fire,SUMSEL,11269,2019,2019:11269,2019,11267,572780,0.2469029078420553,403.0,False,False,-17.0,3,NOAA20,2019-11-29 06:17:00
105.77236176,-3.13620448,2019-11-29 13:00:00,LAPAN,SNPP,Fire inside Sitrep,SUMSEL,11270,2019,2019:11270,2019,11268,572817,0.2886878134617316,403.0,False,False,-17.0,1,NOAA20,2019-11-29 06:17:00
105.65637207,-3.9550252,2019-11-29 13:00:00,LAPAN,SNPP,Verified Fire,SUMSEL,11274,2019,2019:11274,2019,11272,572768,0.311236059845888,403.0,False,False,-17.0,1,NOAA20,2019-11-29 06:17:00
105.6931839,-3.5960238,2019-11-29 13:00:00,LAPAN,SNPP,Verified Fire,SUMSEL,11281,2019,2019:11281,2019,11279,572948,0.29039404835594773,403.0,False,False,-17.0,3,NOAA20,2019-11-29 06:17:00
105.7253418,-3.46186614,2019-11-29 13:00:00,LAPAN,SNPP,Verified Fire,SUMSEL,11282,2019,2019:11282,2019,11280,572901,0.27855734170940377,403.0,False,False,-17.0,2,NOAA20,2019-11-29 06:17:00
105.76096344,-3.59972239,2019-11-29 13:00:00,LAPAN,SNPP,Verified Fire,SUMSEL,11287,2019,2019:11287,2019,11285,572936,0.2754128010232439,403.0,False,False,-17.0,3,NOAA20,2019-11-29 06:17:00
105.69528198,-4.0086937,2019-11-29 13:00:00,LAPAN,SNPP,Verified Fire,SUMSEL,11291,2019,2019:11291,2019,11289,572686,0.28101355213887147,404.0,False,False,-16.0,1,NOAA20,2019-11-29 06:16:00
105.81040955,-3.38907146,2019-11-29 13:00:00,LAPAN,SNPP,Verified Fire,SUMSEL,11293,2019,2019:11293,2019,11291,572796,0.22966906294540065,403.0,False,False,-17.0,1,NOAA20,2019-11-29 06:17:00
105.78154755,-3.43955922,2019-11-29 13:00:00,LAPAN,SNPP,Verified Fire,SUMSEL,11294,2019,2019:11294,2019,11292,572912,0.2844100117840739,403.0,False,False,-17.0,1,NOAA20,2019-11-29 06:17:00
105.75266266,-3.59402299,2019-11-29 13:00:00,LAPAN,SNPP,Verified Fire,SUMSEL,11297,2019,2019:11297,2019,11295,572938,0.2354803962283392,403.0,False,False,-17.0,3,NOAA20,2019-11-29 06:17:00
105.72367096,-3.54969645,2019-11-29 13:00:00,LAPAN,SNPP,Verified Fire,SUMSEL,11298,2019,2019:11298,2019,11296,572986,0.32570072555595614,403.0,False,False,-17.0,1,NOAA20,2019-11-29 06:17:00
105.775383,-3.156533,2019-11-29 13:00:00,LAPAN,SNPP,Fire inside Sitrep,SUMSEL,11307,2019,2019:11307,2019,11305,572814,0.2739186891318981,403.0,False,False,-17.0,1,NOAA20,2019-11-29 06:17:00
105.7861557,-3.61910796,2019-11-30 12:00:00,LAPAN,SNPP,Fire inside Sitrep,SUMSEL,11326,2019,2019:11326,2019,11324,573693,0.30813380101166293,362.0,False,False,-58.0,1,NOAA20,2019-11-30 05:58:00
105.86329651,-3.8053894,2019-11-30 12:00:00,LAPAN,SNPP,Verified Fire,SUMSEL,11328,2019,2019:11328,2019,11326,573695,0.3077291251347363,362.0,False,False,-58.0,2,NOAA20,2019-11-30 05:58:00
105.79862213,-3.5094831,2019-11-30 12:00:00,LAPAN,SNPP,Fire inside Sitrep,SUMSEL,11332,2019,2019:11332,2019,11330,573683,0.28633484560603334,362.0,False,False,-58.0,1,NOAA20,2019-11-30 05:58:00
103.02967072,-2.41774368,2019-11-30 12:00:00,LAPAN,SNPP,Verified No fire,SUMSEL MUBA,11335,2019,2019:11335,2019,11333,573652,0.265355702949184,362.0,False,False,-58.0,2,NOAA20,2019-11-30 05:58:00
105.81051636,-3.8450644,2019-12-01 01:00:00,LAPAN,Aqua,Verified Fire,SUMSEL,11355,2019,2019:11355,2019,11353,573900,0.346413732336474,379.0,False,False,-41.0,2,NOAA20,2019-11-30 18:41:00
105.756866455,-3.55814957619,2019-12-01 12:00:00,LAPAN,Aqua,Fire inside Sitrep,SUMSEL,11363,2019,2019:11363,2019,11361,574256,0.2466047214044402,381.0,False,False,-39.0,2,NOAA20,2019-12-01 05:39:00
105.76179504,-3.56038713,2019-12-01 12:00:00,LAPAN,Aqua,Fire inside Sitrep,SUMSEL,11366,2019,2019:11366,2019,11364,574256,0.48380970199264145,381.0,False,False,-39.0,1,NOAA20,2019-12-01 05:39:00
105.75241089,-3.56170821,2019-12-01 12:00:00,LAPAN,Aqua,Fire inside Sitrep,SUMSEL,11368,2019,2019:11368,2019,11366,574255,0.4703336136933403,381.0,False,False,-39.0,1,NOAA20,2019-12-01 05:39:00
105.95297241,-3.26474857,2019-12-02 01:00:00,LAPAN,Aqua,Verified No fire,SUMSEL,11385,2019,2019:11385,2019,11383,574375,0.2179375635996457,398.0,False,False,-22.0,1,NOAA20,2019-12-01 18:22:00
105.80192566,-3.77548432,2019-12-03 13:00:00,LAPAN,SNPP,Fire inside Sitrep,SUMSEL,11386,2019,2019:11386,2019,11384,574801,0.19731619606797446,378.0,False,False,-42.0,3,NOAA20,2019-12-03 06:42:00
105.85953522,-3.81471324,2019-12-03 13:00:00,LAPAN,SNPP,Fire inside Sitrep,SUMSEL,11387,2019,2019:11387,2019,11385,574807,0.3363981802508025,378.0,False,False,-42.0,2,NOAA20,2019-12-03 06:42:00
105.7986145,-3.65608835,2019-12-03 13:00:00,LAPAN,SNPP,Verified Fire,SUMSEL,11390,2019,2019:11390,2019,11388,574796,0.35601428070161906,378.0,False,False,-42.0,2,NOAA20,2019-12-03 06:42:00
105.49069977,-2.55348611,2019-12-04 13:00:00,LAPAN,SNPP,Verified No fire,SUMSEL,11398,2019,2019:11398,2019,11396,575075,0.31578956783512113,397.0,False,False,-23.0,1,NOAA20,2019-12-04 06:23:00
105.63529205,-3.43400478,2019-12-04 13:00:00,LAPAN,SNPP,Verified Fire,SUMSEL,11399,2019,2019:11399,2019,11397,575084,0.2228488289435558,397.0,False,False,-23.0,1,NOAA20,2019-12-04 06:23:00
105.7869339,-3.58754182,2019-12-04 13:00:00,LAPAN,SNPP,Verified Fire,SUMSEL,11402,2019,2019:11402,2019,11400,575087,0.22201526036839792,397.0,False,False,-23.0,1,NOAA20,2019-12-04 06:23:00
105.75349426,-3.59937787,2019-12-04 13:00:00,LAPAN,SNPP,Verified Fire,SUMSEL,11403,2019,2019:11403,2019,11401,575074,0.22087000957355318,397.0,False,False,-23.0,1,NOAA20,2019-12-04 06:23:00
105.52054596,-2.55546021,2019-12-09 13:00:00,LAPAN,SNPP,Verified No fire,SUMSEL,11411,2019,2019:11411,2019,11409,576754,0.2688103924263702,391.0,False,False,-29.0,1,NOAA20,2019-12-09 06:29:00
103.10497,-0.8974,2023-02-14 10:00:00,NASA,Aqua,Verified No fire,JAMBI SMF,10,2023,2023:10,2023,11434,90884,0.0033354432474587466,416.0,False,False,-4.0,1,Terra,2023-02-14 03:04:00
105.41003,-3.13477,2023-03-08 10:00:00,NASA,Aqua,Verified No fire,SUMSEL,74,2023,2023:74,2023,11498,91164,0.004714079452755688,396.0,False,False,-24.0,1,Terra,2023-03-08 03:24:00
103.48235,-1.08476,2023-03-20 10:00:00,NASA,Aqua,Verified No fire,JAMBI SMF,213,2023,2023:213,2023,11637,91468,0.007119181071679829,396.0,False,False,-24.0,1,Terra,2023-03-20 03:24:00
105.56316,-2.76191,2023-03-22 10:00:00,NASA,Aqua,Verified No fire,SUMSEL,216,2023,2023:216,2023,11640,91489,0.004579678454220157,411.0,False,False,-9.0,1,Terra,2023-03-22 03:09:00
105.55409,-2.7606,2023-03-22 10:00:00,NASA,Aqua,Verified No fire,SUMSEL,217,2023,2023:217,2023,11641,91488,0.001110660375593119,411.0,False,False,-9.0,1,Terra,2023-03-22 03:09:00
105.52071,-2.97681,2023-03-22 10:00:00,NASA,Aqua,Verified No fire,SUMSEL,218,2023,2023:218,2023,11642,91491,0.001571475304066997,411.0,False,False,-9.0,1,Terra,2023-03-22 03:09:00
105.563293457,-2.76173400879,2023-03-22 10:00:00,LAPAN,Aqua,Verified No fire,SUMSEL,219,2023,2023:219,2023,11643,91489,0.02117588035565964,411.0,False,False,-9.0,1,Terra,2023-03-22 03:09:00
105.51163,-2.97548,2023-03-22 10:00:00,NASA,Aqua,Verified No fire,SUMSEL,220,2023,2023:220,2023,11644,91490,0.0040054544377032195,411.0,False,False,-9.0,1,Terra,2023-03-22 03:09:00
103.63507,-1.27025,2023-04-18 10:00:00,NASA,Aqua,Verified No fire,JAMBI SMF,378,2023,2023:378,2023,11802,92104,0.006483309890481224,386.0,False,False,-34.0,1,Terra,2023-04-18 03:34:00
103.48782,-1.06959,2023-05-14 10:00:00,NASA,Aqua,Verified No fire,JAMBI SMF,555,2023,2023:555,2023,11979,92848,0.0024860510027741502,402.0,False,False,-18.0,1,Terra,2023-05-14 03:18:00
105.38947,-3.07572,2023-05-26 10:00:00,NASA,Aqua,Verified No fire,SUMSEL,629,2023,2023:629,2023,12053,93356,0.004005198292331971,402.0,False,False,-18.0,1,Terra,2023-05-26 03:18:00
105.55302,-2.76403,2023-05-28 10:00:00,NASA,Aqua,Verified No fire,SUMSEL,635,2023,2023:635,2023,12059,93451,0.004007761069050618,418.0,False,False,-2.0,1,Terra,2023-05-28 03:02:00
105.55302,-2.76404,2023-05-28 10:00:00,NASA,Aqua,Verified No fire,SUMSEL,636,2023,2023:636,2023,12060,93451,0.004971638648702815,418.0,False,False,-2.0,1,Terra,2023-05-28 03:02:00
105.38942,-3.07653,2023-06-02 10:00:00,NASA,Aqua,Verified No fire,SUMSEL,686,2023,2023:686,2023,12110,93720,0.004007418601506724,410.0,False,False,-10.0,1,Terra,2023-06-02 03:10:00
105.38941,-3.07653,2023-06-02 10:00:00,NASA,Aqua,Verified No fire,SUMSEL,688,2023,2023:688,2023,12112,93720,0.00351579072545066,410.0,False,False,-10.0,1,Terra,2023-06-02 03:10:00
103.47004,-1.07006,2023-06-24 10:00:00,NASA,Aqua,Verified No fire,JAMBI SMF,919,2023,2023:919,2023,12343,94927,0.006289595146636988,395.0,False,False,-25.0,1,Terra,2023-06-24 03:25:00
105.31553,-3.05487,2023-06-29 10:00:00,NASA,Aqua,Verified No fire,SUMSEL,966,2023,2023:966,2023,12390,95233,0.0047142569114924536,387.0,False,False,-33.0,1,Terra,2023-06-29 03:33:00
105.30865,-3.05644,2023-06-29 10:00:00,NASA,Aqua,Verified No fire,SUMSEL,967,2023,2023:967,2023,12391,95232,0.007113785216712882,387.0,False,False,-33.0,1,Terra,2023-06-29 03:33:00
105.33289,-3.04808,2023-07-01 10:00:00,NASA,Aqua,Verified No fire,SUMSEL,988,2023,2023:988,2023,12412,95332,0.002485694456152788,404.0,False,False,-16.0,1,Terra,2023-07-01 03:16:00
103.63146,-1.29153,2023-07-05 09:00:00,NASA,Aqua,Verified No fire,JAMBI SMF,1031,2023,2023:1031,2023,12455,95454,0.005558850110979432,377.0,False,False,-43.0,1,Terra,2023-07-05 02:43:00
105.30537,-3.05228,2023-08-04 10:00:00,NASA,Aqua,Verified No fire,SUMSEL,1250,2023,2023:1250,2023,12674,100150,0.004005258908391517,390.0,False,False,-30.0,1,Terra,2023-08-04 03:30:00
105.50507,-2.93055,2023-08-04 10:00:00,NASA,Aqua,Verified No fire,SUMSEL,1251,2023,2023:1251,2023,12675,100149,0.006481488268876165,390.0,False,False,-30.0,1,Terra,2023-08-04 03:30:00
103.13768,-0.9092,2023-08-11 10:00:00,NASA,Aqua,Verified No fire,JAMBI SMF,1416,2023,2023:1416,2023,12840,102476,0.0022236216087037184,399.0,False,False,-21.0,1,Terra,2023-08-11 03:21:00
105.928443909,-3.84285378456,2023-08-13 22:00:00,LAPAN,Aqua,Fire inside Sitrep,SUMSEL,1473,2023,2023:1473,2023,12897,103230,0.007713540513856384,397.0,False,False,-23.0,1,Terra,2023-08-13 15:23:00
105.92841,-3.8428,2023-08-13 22:00:00,NASA,Aqua,Fire inside Sitrep,SUMSEL,1474,2023,2023:1474,2023,12898,103230,0.0011094507849328894,397.0,False,False,-23.0,1,Terra,2023-08-13 15:23:00
105.49747,-2.95501,2023-08-15 09:00:00,NASA,Aqua,Verified No fire,SUMSEL,1485,2023,2023:1485,2023,12909,103601,0.003512089487399741,372.0,False,False,-48.0,1,Terra,2023-08-15 02:48:00
105.39246,-3.06863,2023-08-18 10:00:00,NASA,Aqua,Verified No fire,SUMSEL,1515,2023,2023:1515,2023,12939,104535,0.005554653319144912,407.0,False,False,-13.0,1,Terra,2023-08-18 03:13:00
105.4458,-2.89263,2023-08-20 09:00:00,NASA,Aqua,Verified No fire,SUMSEL,1536,2023,2023:1536,2023,12960,105376,0.0033358524069832564,364.0,False,False,-56.0,1,Terra,2023-08-20 02:56:00
103.62453,-1.3827,2023-08-26 10:00:00,NASA,Aqua,Verified No fire,JAMBI SMF,1650,2023,2023:1650,2023,13074,106655,0.0033348810767328966,376.0,False,False,-44.0,1,Terra,2023-08-26 03:44:00
105.30062,-3.05102,2023-08-28 10:00:00,NASA,Aqua,Verified No fire,SUMSEL,1671,2023,2023:1671,2023,13095,106985,0.0031428436008845992,392.0,False,False,-28.0,1,Terra,2023-08-28 03:28:00
105.65825,-2.88262,2023-08-30 10:00:00,NASA,Aqua,Verified No fire,SUMSEL,1684,2023,2023:1684,2023,13108,107613,0.005981507118608923,408.0,False,False,-12.0,1,Terra,2023-08-30 03:12:00
105.27359,-2.85088,2023-09-01 09:00:00,NASA,Aqua,Fire inside Sitrep,SUMSEL,1735,2023,2023:1735,2023,13159,109274,0.002485782431005195,365.0,False,False,-55.0,1,Terra,2023-09-01 02:55:00
105.28263,-2.85221,2023-09-01 09:00:00,NASA,Aqua,Fire inside Sitrep,SUMSEL,1736,2023,2023:1736,2023,13160,109275,0.003512377075482666,365.0,False,False,-55.0,1,Terra,2023-09-01 02:55:00
103.42682,-2.25841,2023-09-01 09:00:00,NASA,Aqua,Verified No fire,SUMSEL MUBA,1737,2023,2023:1737,2023,13161,109273,0.0024848526880569257,365.0,False,False,-55.0,1,Terra,2023-09-01 02:55:00
105.30415,-3.05722,2023-09-02 10:00:00,NASA,Aqua,Verified No fire,SUMSEL,1809,2023,2023:1809,2023,13233,109851,0.005980692237929273,384.0,False,False,-36.0,1,Terra,2023-09-02 03:36:00
105.63377,-2.88385,2023-09-03 09:00:00,NASA,Aqua,Verified No fire,SUMSEL,1843,2023,2023:1843,2023,13267,111236,0.006481559075375873,381.0,False,False,-39.0,1,Terra,2023-09-03 02:39:00
103.43273,-2.2838,2023-09-03 21:00:00,NASA,Aqua,Verified No fire,SUMSEL MUBA,1852,2023,2023:1852,2023,13276,111595,0.0033332027486030705,362.0,False,False,-58.0,1,Terra,2023-09-03 14:58:00
102.97455,-1.00931,2023-09-04 10:00:00,NASA,Aqua,Verified Fire,JAMBI SMF,1876,2023,2023:1876,2023,13300,111722,0.005669012983695974,401.0,False,False,-19.0,1,Terra,2023-09-04 03:19:00
105.29944,-3.11931,2023-09-06 10:00:00,NASA,Aqua,Fire inside Sitrep,SUMSEL,1955,2023,2023:1955,2023,13379,112647,0.004578297745945643,417.0,False,False,-3.0,1,Terra,2023-09-06 03:03:00
105.29034,-3.11801,2023-09-06 10:00:00,NASA,Aqua,Fire inside Sitrep,SUMSEL,1956,2023,2023:1956,2023,13380,112646,0.004578303072499397,417.0,False,False,-3.0,1,Terra,2023-09-06 03:03:00
103.43901,-2.27624,2023-09-06 10:00:00,NASA,Aqua,Verified No fire,SUMSEL MUBA,1957,2023,2023:1957,2023,13381,112644,0.0045844778947216995,417.0,False,False,-3.0,1,Terra,2023-09-06 03:03:00
103.454307556,-2.22734236717,2023-09-08 22:00:00,LAPAN,Aqua,Verified No fire,SUMSEL MUBA,1983,2023,2023:1983,2023,13407,113191,0.018870888468616228,414.0,False,False,-6.0,1,Terra,2023-09-08 15:06:00
103.4544,-2.22722,2023-09-08 22:00:00,NASA,Aqua,Verified No fire,SUMSEL MUBA,1984,2023,2023:1984,2023,13408,113191,0.002223901604696773,414.0,False,False,-6.0,1,Terra,2023-09-08 15:06:00
105.48621,-2.95932,2023-09-09 10:00:00,NASA,Aqua,Verified No fire,SUMSEL,1998,2023,2023:1998,2023,13422,113235,0.002485734788702948,393.0,False,False,-27.0,1,Terra,2023-09-09 03:27:00
103.19276,-1.43483,2023-09-09 10:00:00,NASA,Aqua,Verified No fire,JAMBI SMF,1999,2023,2023:1999,2023,13423,113238,0.0055586384215532345,393.0,False,False,-27.0,1,Terra,2023-09-09 03:27:00
105.58514,-3.56886,2023-09-09 10:00:00,NASA,Aqua,Verified No fire,SUMSEL,2000,2023,2023:2000,2023,13424,113237,0.006284047299325537,393.0,False,False,-27.0,1,Terra,2023-09-09 03:27:00
105.51003,-2.9626,2023-09-09 10:00:00,NASA,Aqua,Verified No fire,SUMSEL,2001,2023,2023:2001,2023,13425,113240,0.003331393988550878,393.0,False,False,-27.0,1,Terra,2023-09-09 03:27:00
105.44298,-3.34435,2023-09-11 10:00:00,NASA,Aqua,Verified Fire,SUMSEL,2057,2023,2023:2057,2023,13481,113747,0.005986632736675096,409.0,False,False,-11.0,1,Terra,2023-09-11 03:11:00
105.39471,-3.06586,2023-09-13 09:00:00,NASA,Aqua,Verified No fire,SUMSEL,2122,2023,2023:2122,2023,13546,114114,0.004584304863925063,366.0,False,False,-54.0,1,Terra,2023-09-13 02:54:00
103.452537537,-2.29857683182,2023-09-13 22:00:00,LAPAN,Aqua,Verified No fire,SUMSEL MUBA,2150,2023,2023:2150,2023,13574,114423,0.009506944281981103,407.0,False,False,-13.0,1,Terra,2023-09-13 15:13:00
103.4525,-2.29847,2023-09-13 22:00:00,NASA,Aqua,Verified No fire,SUMSEL MUBA,2151,2023,2023:2151,2023,13575,114423,0.0033358524070239747,407.0,False,False,-13.0,1,Terra,2023-09-13 15:13:00
105.30371,-3.05312,2023-09-15 09:00:00,NASA,Aqua,Verified No fire,SUMSEL,2238,2023,2023:2238,2023,13662,114727,0.0024856921399371876,382.0,False,False,-38.0,1,Terra,2023-09-15 02:38:00
103.492683411,-2.27945375443,2023-09-15 21:00:00,LAPAN,Aqua,Verified No fire,SUMSEL MUBA,2387,2023,2023:2387,2023,13811,115052,0.029519522190332395,363.0,False,False,-57.0,1,Terra,2023-09-15 14:57:00
103.49294,-2.2793,2023-09-15 21:00:00,NASA,Aqua,Verified No fire,SUMSEL MUBA,2388,2023,2023:2388,2023,13812,115052,0.004444284236401925,363.0,False,False,-57.0,1,Terra,2023-09-15 14:57:00
103.47208,-2.29228,2023-09-15 21:00:00,NASA,Aqua,Verified No fire,SUMSEL MUBA,2389,2023,2023:2389,2023,13813,115051,0.0031438136972280132,363.0,False,False,-57.0,1,Terra,2023-09-15 14:57:00
103.471809387,-2.29243826866,2023-09-15 21:00:00,LAPAN,Aqua,Verified No fire,SUMSEL MUBA,2390,2023,2023:2390,2023,13814,115051,0.035762491333460135,363.0,False,False,-57.0,1,Terra,2023-09-15 14:57:00
105.38338,-3.69274,2023-09-16 10:00:00,NASA,Aqua,Fire inside Sitrep,SUMSEL,2444,2023,2023:2444,2023,13868,115140,0.004970731984719872,402.0,False,False,-18.0,1,Terra,2023-09-16 03:18:00
105.26879883,-3.12852454,2023-09-16 13:00:00,LAPAN,SNPP,Fire inside Sitrep,SUMSEL,2467,2023,2023:2467,2023,13891,690284,0.26756951303295107,408.0,False,False,-12.0,2,NOAA20,2023-09-16 06:12:00
105.20210266,-3.09045172,2023-09-16 13:00:00,LAPAN,SNPP,Fire inside Sitrep,SUMSEL,2470,2023,2023:2470,2023,13894,690269,0.42598733856130205,408.0,False,False,-12.0,2,NOAA20,2023-09-16 06:12:00
105.38406372,-3.6952126,2023-09-16 13:00:00,LAPAN,SNPP,Fire inside Sitrep,SUMSEL,2475,2023,2023:2475,2023,13899,690436,0.3702438572907127,408.0,False,False,-12.0,1,NOAA20,2023-09-16 06:12:00
105.27626038,-3.13277268,2023-09-16 13:00:00,LAPAN,SNPP,Fire inside Sitrep,SUMSEL,2480,2023,2023:2480,2023,13904,690289,0.46409532082528326,408.0,False,False,-12.0,1,NOAA20,2023-09-16 06:12:00
105.27957153,-3.13223124,2023-09-16 13:00:00,LAPAN,SNPP,Fire inside Sitrep,SUMSEL,2481,2023,2023:2481,2023,13905,690291,0.27253406667858704,408.0,False,False,-12.0,2,NOAA20,2023-09-16 06:12:00
105.19661713,-3.08978486,2023-09-16 13:00:00,LAPAN,SNPP,Fire inside Sitrep,SUMSEL,2484,2023,2023:2484,2023,13908,690269,0.4440594106601968,408.0,False,False,-12.0,1,NOAA20,2023-09-16 06:12:00
105.2053833,-3.08990264,2023-09-16 13:00:00,LAPAN,SNPP,Fire inside Sitrep,SUMSEL,2503,2023,2023:2503,2023,13927,690270,0.37723449718693297,408.0,False,False,-12.0,2,NOAA20,2023-09-16 06:12:00
105.37076569,-3.70487738,2023-09-16 13:00:00,LAPAN,SNPP,Fire inside Sitrep,SUMSEL,2504,2023,2023:2504,2023,13928,690434,0.4967042402976527,408.0,False,False,-12.0,1,NOAA20,2023-09-16 06:12:00
105.26467896,-3.12373567,2023-09-16 13:00:00,LAPAN,SNPP,Fire inside Sitrep,SUMSEL,2506,2023,2023:2506,2023,13930,690281,0.3198532688510011,408.0,False,False,-12.0,2,NOAA20,2023-09-16 06:12:00
105.26798248,-3.12319207,2023-09-16 13:00:00,LAPAN,SNPP,Fire inside Sitrep,SUMSEL,2521,2023,2023:2521,2023,13945,690281,0.09714607899395483,408.0,False,False,-12.0,2,NOAA20,2023-09-16 06:12:00
105.36844635,-3.70331788,2023-09-16 13:00:00,LAPAN,SNPP,Fire inside Sitrep,SUMSEL,2524,2023,2023:2524,2023,13948,690434,0.44863175004319283,408.0,False,False,-12.0,1,NOAA20,2023-09-16 06:12:00
105.37174988,-3.70275998,2023-09-16 13:00:00,LAPAN,SNPP,Fire inside Sitrep,SUMSEL,2535,2023,2023:2535,2023,13959,690434,0.2631866619958713,408.0,False,False,-12.0,2,NOAA20,2023-09-16 06:12:00
105.65612,-3.58322,2023-09-18 10:00:00,NASA,Aqua,Verified Fire,SUMSEL,2670,2023,2023:2670,2023,14094,115570,0.0031419991428314905,418.0,False,False,-2.0,1,Terra,2023-09-18 03:02:00
105.44498,-3.32567,2023-09-18 22:00:00,NASA,Aqua,Fire inside Sitrep,SUMSEL,2681,2023,2023:2681,2023,14105,115743,0.004007119354860583,400.0,False,False,-20.0,1,Terra,2023-09-18 15:20:00
105.43003,-3.32793,2023-09-18 22:00:00,NASA,Aqua,Fire inside Sitrep,SUMSEL,2682,2023,2023:2682,2023,14106,115742,0.004713631630503476,400.0,False,False,-20.0,1,Terra,2023-09-18 15:20:00
105.22923,-3.11653,2023-09-18 22:00:00,NASA,Aqua,Fire inside Sitrep,SUMSEL,2683,2023,2023:2683,2023,14107,115749,0.004714120432237544,399.0,False,False,-21.0,1,Terra,2023-09-18 15:21:00
105.43864,-3.32744,2023-09-18 22:00:00,NASA,Aqua,Fire inside Sitrep,SUMSEL,2684,2023,2023:2684,2023,14108,115741,0.006284843752388633,400.0,False,False,-20.0,1,Terra,2023-09-18 15:20:00
105.38541,-3.27729,2023-09-18 22:00:00,NASA,Aqua,Fire inside Sitrep,SUMSEL,2685,2023,2023:2685,2023,14109,115745,0.001571250528489824,400.0,False,False,-20.0,1,Terra,2023-09-18 15:20:00
105.41357,-2.98416,2023-09-19 21:00:00,NASA,Aqua,Verified No fire,SUMSEL,2773,2023,2023:2773,2023,14197,115907,0.005557041034343571,397.0,False,False,-23.0,1,Terra,2023-09-19 14:23:00
105.413131714,-2.98435997963,2023-09-19 21:00:00,LAPAN,Aqua,Verified No fire,SUMSEL,2774,2023,2023:2774,2023,14198,115907,0.05495904787126398,397.0,False,False,-23.0,1,Terra,2023-09-19 14:23:00
105.3911,-3.28061,2023-09-20 09:00:00,NASA,Aqua,Fire inside Sitrep,SUMSEL,2802,2023,2023:2802,2023,14226,115943,0.0011119508022385384,375.0,False,False,-45.0,1,Terra,2023-09-20 02:45:00
105.44474,-2.88882,2023-09-20 09:00:00,NASA,Aqua,Verified No fire,SUMSEL,2803,2023,2023:2803,2023,14227,115959,0.004967740338874328,375.0,False,False,-45.0,1,Terra,2023-09-20 02:45:00
105.41039,-2.97679,2023-09-20 22:00:00,NASA,Aqua,Verified No fire,SUMSEL,2861,2023,2023:2861,2023,14285,116137,0.0015714753108809207,416.0,False,False,-4.0,1,Terra,2023-09-20 15:04:00
105.42067,-2.98448,2023-09-20 22:00:00,NASA,Aqua,Verified No fire,SUMSEL,2862,2023,2023:2862,2023,14286,116139,0.0040054317826781136,416.0,False,False,-4.0,1,Terra,2023-09-20 15:04:00
105.41939,-2.97553,2023-09-20 22:00:00,NASA,Aqua,Verified No fire,SUMSEL,2863,2023,2023:2863,2023,14287,116138,0.003515823404734077,416.0,False,False,-4.0,1,Terra,2023-09-20 15:04:00
105.44082,-2.87097,2023-09-21 10:00:00,NASA,Aqua,Verified No fire,SUMSEL,2898,2023,2023:2898,2023,14322,116212,0.00400764795521613,394.0,False,False,-26.0,1,Terra,2023-09-21 03:26:00
105.43253,-3.14452,2023-09-21 10:00:00,NASA,Aqua,Verified No fire,SUMSEL,2899,2023,2023:2899,2023,14323,116210,0.004005017547118893,394.0,False,False,-26.0,1,Terra,2023-09-21 03:26:00
105.242073059,-3.10576915741,2023-09-22 21:00:00,LAPAN,Aqua,Fire inside Sitrep,SUMSEL,3043,2023,2023:3043,2023,14467,117155,0.02350426978787128,373.0,False,False,-47.0,1,Terra,2023-09-22 14:47:00
105.235168457,-3.10395264626,2023-09-22 21:00:00,LAPAN,Aqua,Fire inside Sitrep,SUMSEL,3044,2023,2023:3044,2023,14468,117153,0.02239241171209231,373.0,False,False,-47.0,1,Terra,2023-09-22 14:47:00
105.23009,-3.10733,2023-09-22 21:00:00,NASA,Aqua,Fire inside Sitrep,SUMSEL,3045,2023,2023:3045,2023,14469,117156,0.0035157805423793645,373.0,False,False,-47.0,1,Terra,2023-09-22 14:47:00
105.23532,-3.1038,2023-09-22 21:00:00,NASA,Aqua,Fire inside Sitrep,SUMSEL,3046,2023,2023:3046,2023,14470,117153,0.002220639322206173,373.0,False,False,-47.0,1,Terra,2023-09-22 14:47:00
105.38416,-2.4314,2023-09-22 21:00:00,NASA,Aqua,Verified No fire,SUMSEL,3047,2023,2023:3047,2023,14471,117242,0.004443798991122195,372.0,False,False,-48.0,1,Terra,2023-09-22 14:48:00
105.229934692,-3.10748553276,2023-09-22 21:00:00,LAPAN,Aqua,Fire inside Sitrep,SUMSEL,3048,2023,2023:3048,2023,14472,117156,0.027613309850075828,373.0,False,False,-47.0,1,Terra,2023-09-22 14:47:00
105.24223,-3.10561,2023-09-22 21:00:00,NASA,Aqua,Fire inside Sitrep,SUMSEL,3049,2023,2023:3049,2023,14473,117155,0.003511649814723813,373.0,False,False,-47.0,1,Terra,2023-09-22 14:47:00
105.24763,-3.1058,2023-09-23 10:00:00,NASA,Aqua,Fire inside Sitrep,SUMSEL,3064,2023,2023:3064,2023,14488,117271,0.003330952675649851,411.0,False,False,-9.0,1,Terra,2023-09-23 03:09:00
105.23679,-3.10423,2023-09-23 10:00:00,NASA,Aqua,Fire inside Sitrep,SUMSEL,3065,2023,2023:3065,2023,14489,117270,0.0035157815722453986,411.0,False,False,-9.0,1,Terra,2023-09-23 03:09:00
105.231330872,-3.10470294952,2023-09-23 22:00:00,LAPAN,Aqua,Fire inside Sitrep,SUMSEL,3094,2023,2023:3094,2023,14518,117691,0.011949663193107604,392.0,False,False,-28.0,1,Terra,2023-09-23 15:28:00
105.23132,-3.10456,2023-09-23 22:00:00,NASA,Aqua,Fire inside Sitrep,SUMSEL,3095,2023,2023:3095,2023,14519,117691,0.004971336349630608,392.0,False,False,-28.0,1,Terra,2023-09-23 15:28:00
105.25208,-3.10146,2023-09-23 22:00:00,NASA,Aqua,Fire inside Sitrep,SUMSEL,3096,2023,2023:3096,2023,14520,117690,0.004971339259028049,392.0,False,False,-28.0,1,Terra,2023-09-23 15:28:00
105.70767212,-3.66076756,2023-09-24 13:00:00,LAPAN,NOAA20,Verified No fire,SUMSEL,3147,2023,2023:3147,2023,14571,1391036,0.462192026522627,408.0,False,False,-12.0,1,SNPP,2023-09-24 06:12:00
105.23914337,-3.10863233,2023-09-24 13:00:00,LAPAN,NOAA20,Fire inside Sitrep,SUMSEL,3152,2023,2023:3152,2023,14576,1391243,0.366331764227687,408.0,False,False,-12.0,1,SNPP,2023-09-24 06:12:00
105.70330048,-3.65589333,2023-09-24 13:00:00,LAPAN,NOAA20,Fire inside Sitrep,SUMSEL,3155,2023,2023:3155,2023,14579,1391041,0.1069373004516513,408.0,False,False,-12.0,2,SNPP,2023-09-24 06:12:00
105.65605927,-3.47107744,2023-09-24 13:00:00,LAPAN,NOAA20,Fire inside Sitrep,SUMSEL,3162,2023,2023:3162,2023,14586,1391120,0.19156679772583138,408.0,False,False,-12.0,2,SNPP,2023-09-24 06:12:00
105.65727997,-3.47215772,2023-09-24 13:00:00,LAPAN,NOAA20,Fire inside Sitrep,SUMSEL,3164,2023,2023:3164,2023,14588,1391120,0.023237842609059308,408.0,False,False,-12.0,2,SNPP,2023-09-24 06:12:00
103.49614,-1.04935,2023-09-25 09:00:00,NASA,Aqua,Verified No fire,JAMBI SMF,3191,2023,2023:3191,2023,14615,118224,0.007119493155732219,368.0,False,False,-52.0,1,Terra,2023-09-25 02:52:00
105.25753,-2.90678,2023-09-25 09:00:00,NASA,Aqua,Fire inside Sitrep,SUMSEL,3192,2023,2023:3192,2023,14616,118280,0.004005625133373209,367.0,False,False,-53.0,1,Terra,2023-09-25 02:53:00
105.25882,-2.8977,2023-09-25 09:00:00,NASA,Aqua,Fire inside Sitrep,SUMSEL,3193,2023,2023:3193,2023,14617,118278,0.0022210580976325858,367.0,False,False,-53.0,1,Terra,2023-09-25 02:53:00
105.26807,-2.89907,2023-09-25 09:00:00,NASA,Aqua,Fire inside Sitrep,SUMSEL,3194,2023,2023:3194,2023,14618,118279,0.004714589804509805,367.0,False,False,-53.0,1,Terra,2023-09-25 02:53:00
105.26679,-2.90814,2023-09-25 09:00:00,NASA,Aqua,Fire inside Sitrep,SUMSEL,3195,2023,2023:3195,2023,14619,118281,0.004584343509047154,367.0,False,False,-53.0,1,Terra,2023-09-25 02:53:00
105.237670898,-3.10218787193,2023-09-25 22:00:00,LAPAN,Aqua,Fire inside Sitrep,SUMSEL,3442,2023,2023:3442,2023,14866,118817,0.021138856910638004,408.0,False,False,-12.0,1,Terra,2023-09-25 15:12:00
105.227226257,-3.10367250443,2023-09-25 22:00:00,LAPAN,Aqua,Fire inside Sitrep,SUMSEL,3443,2023,2023:3443,2023,14867,118816,0.019401928469487018,408.0,False,False,-12.0,1,Terra,2023-09-25 15:12:00
105.22723,-3.10353,2023-09-25 22:00:00,NASA,Aqua,Fire inside Sitrep,SUMSEL,3444,2023,2023:3444,2023,14868,118816,0.004714149448330316,408.0,False,False,-12.0,1,Terra,2023-09-25 15:12:00
105.2182,-3.11461,2023-09-25 22:00:00,NASA,Aqua,Fire inside Sitrep,SUMSEL,3445,2023,2023:3445,2023,14869,118818,0.0011119508023871,408.0,False,False,-12.0,1,Terra,2023-09-25 15:12:00
105.2168,-3.10501,2023-09-25 22:00:00,NASA,Aqua,Fire inside Sitrep,SUMSEL,3446,2023,2023:3446,2023,14870,118815,0.0011119508023439517,408.0,False,False,-12.0,1,Terra,2023-09-25 15:12:00
105.460968018,-3.32658600807,2023-09-25 22:00:00,LAPAN,Aqua,Fire inside Sitrep,SUMSEL,3447,2023,2023:3447,2023,14871,118772,0.020985668860673424,409.0,False,False,-11.0,1,Terra,2023-09-25 15:11:00
105.20638,-3.10649,2023-09-25 22:00:00,NASA,Aqua,Fire inside Sitrep,SUMSEL,3448,2023,2023:3448,2023,14872,118814,0.0024834750708364424,408.0,False,False,-12.0,1,Terra,2023-09-25 15:12:00
105.206382751,-3.10663580894,2023-09-25 22:00:00,LAPAN,Aqua,Fire inside Sitrep,SUMSEL,3449,2023,2023:3449,2023,14873,118814,0.015222245997983875,408.0,False,False,-12.0,1,Terra,2023-09-25 15:12:00
105.548980713,-3.43597984314,2023-09-25 22:00:00,LAPAN,Aqua,Fire inside Sitrep,SUMSEL,3450,2023,2023:3450,2023,14874,118765,0.02011193112142181,409.0,False,False,-11.0,1,Terra,2023-09-25 15:11:00
105.54899,-3.43583,2023-09-25 22:00:00,NASA,Aqua,Fire inside Sitrep,SUMSEL,3451,2023,2023:3451,2023,14875,118765,0.0035156656602436994,409.0,False,False,-11.0,1,Terra,2023-09-25 15:11:00
105.23768,-3.10204,2023-09-25 22:00:00,NASA,Aqua,Fire inside Sitrep,SUMSEL,3452,2023,2023:3452,2023,14876,118817,0.004971338753229179,408.0,False,False,-12.0,1,Terra,2023-09-25 15:12:00
105.55978,-3.4343,2023-09-25 22:00:00,NASA,Aqua,Fire inside Sitrep,SUMSEL,3453,2023,2023:3453,2023,14877,118764,0.002219907799684766,409.0,False,False,-11.0,1,Terra,2023-09-25 15:11:00
105.216796875,-3.10515522957,2023-09-25 22:00:00,LAPAN,Aqua,Fire inside Sitrep,SUMSEL,3454,2023,2023:3454,2023,14878,118815,0.01726425156474189,408.0,False,False,-12.0,1,Terra,2023-09-25 15:12:00
105.46099,-3.32644,2023-09-25 22:00:00,NASA,Aqua,Fire inside Sitrep,SUMSEL,3455,2023,2023:3455,2023,14879,118772,0.004584236590171012,409.0,False,False,-11.0,1,Terra,2023-09-25 15:11:00
104.15852,-1.93903,2023-09-26 10:00:00,NASA,Aqua,Verified No fire,SUMSEL MUBA,3563,2023,2023:3563,2023,14987,118998,0.004008489423796888,387.0,False,False,-33.0,1,Terra,2023-09-26 03:33:00
103.49718,-1.04662,2023-09-26 10:00:00,NASA,Aqua,Verified No fire,JAMBI SMF,3564,2023,2023:3564,2023,14988,118997,0.0031448094707313442,387.0,False,False,-33.0,1,Terra,2023-09-26 03:33:00
105.21418,-3.11057,2023-09-27 09:00:00,NASA,Aqua,Fire inside Sitrep,SUMSEL,3774,2023,2023:3774,2023,15198,120189,0.004007379054863657,384.0,False,False,-36.0,1,Terra,2023-09-27 02:36:00
105.31586,-2.89893,2023-09-27 09:00:00,NASA,Aqua,Fire inside Sitrep,SUMSEL,3775,2023,2023:3775,2023,15199,120187,0.005555201631218122,384.0,False,False,-36.0,1,Terra,2023-09-27 02:36:00
105.68433,-2.77862,2023-09-27 09:00:00,NASA,Aqua,Verified No fire,SUMSEL,3776,2023,2023:3776,2023,15200,120185,0.004005932968112754,384.0,False,False,-36.0,1,Terra,2023-09-27 02:36:00
103.4717,-2.28838,2023-09-27 09:00:00,NASA,Aqua,Verified No fire,SUMSEL MUBA,3777,2023,2023:3777,2023,15201,120184,0.002223901604707803,384.0,False,False,-36.0,1,Terra,2023-09-27 02:36:00
105.24758,-3.11565,2023-09-27 09:00:00,NASA,Aqua,Fire inside Sitrep,SUMSEL,3778,2023,2023:3778,2023,15202,120190,0.005986818238342369,384.0,False,False,-36.0,1,Terra,2023-09-27 02:36:00
103.27412,-2.49068,2023-09-27 09:00:00,NASA,Aqua,Verified No fire,SUMSEL MUBA,3779,2023,2023:3779,2023,15203,120186,0.003143586580144544,384.0,False,False,-36.0,1,Terra,2023-09-27 02:36:00
103.47501,-2.28588,2023-09-27 21:00:00,NASA,Aqua,Verified No fire,SUMSEL MUBA,4395,2023,2023:4395,2023,15819,120734,0.002486001996461856,365.0,False,False,-55.0,1,Terra,2023-09-27 14:55:00
105.65489,-3.52461,2023-09-27 21:00:00,NASA,Aqua,Fire inside Sitrep,SUMSEL,4396,2023,2023:4396,2023,15820,120796,0.0015710493766103281,365.0,False,False,-55.0,1,Terra,2023-09-27 14:55:00
103.469177246,-2.28724098206,2023-09-27 21:00:00,LAPAN,Aqua,Verified No fire,SUMSEL MUBA,4397,2023,2023:4397,2023,15821,120733,0.0364768465088215,365.0,False,False,-55.0,1,Terra,2023-09-27 14:55:00
105.64562,-3.52591,2023-09-27 21:00:00,NASA,Aqua,Fire inside Sitrep,SUMSEL,4398,2023,2023:4398,2023,15822,120797,0.002482633081988225,365.0,False,False,-55.0,1,Terra,2023-09-27 14:55:00
105.31509,-2.89981,2023-09-27 21:00:00,NASA,Aqua,Fire inside Sitrep,SUMSEL,4399,2023,2023:4399,2023,15823,120760,0.001571529435118858,365.0,False,False,-55.0,1,Terra,2023-09-27 14:55:00
105.305580139,-2.90128302574,2023-09-27 21:00:00,LAPAN,Aqua,Fire inside Sitrep,SUMSEL,4400,2023,2023:4400,2023,15824,120759,0.02431800485202094,365.0,False,False,-55.0,1,Terra,2023-09-27 14:55:00
105.315002441,-2.89997386932,2023-09-27 21:00:00,LAPAN,Aqua,Fire inside Sitrep,SUMSEL,4401,2023,2023:4401,2023,15825,120760,0.022162141540608766,365.0,False,False,-55.0,1,Terra,2023-09-27 14:55:00
105.210205078,-3.09855532646,2023-09-27 21:00:00,LAPAN,Aqua,Fire inside Sitrep,SUMSEL,4402,2023,2023:4402,2023,15826,120770,0.02023327956057693,365.0,False,False,-55.0,1,Terra,2023-09-27 14:55:00
105.22113,-3.10627,2023-09-27 21:00:00,NASA,Aqua,Fire inside Sitrep,SUMSEL,4403,2023,2023:4403,2023,15827,120870,0.004714143275809551,365.0,False,False,-55.0,1,Terra,2023-09-27 14:55:00
105.229263306,-3.095911026,2023-09-27 21:00:00,LAPAN,Aqua,Fire inside Sitrep,SUMSEL,4404,2023,2023:4404,2023,15828,120768,0.013000457395557136,365.0,False,False,-55.0,1,Terra,2023-09-27 14:55:00
105.24017,-3.10362,2023-09-27 21:00:00,NASA,Aqua,Fire inside Sitrep,SUMSEL,4405,2023,2023:4405,2023,15829,120868,0.004005125477421262,365.0,False,False,-55.0,1,Terra,2023-09-27 14:55:00
105.240066528,-3.10378360748,2023-09-27 21:00:00,LAPAN,Aqua,Fire inside Sitrep,SUMSEL,4406,2023,2023:4406,2023,15830,120868,0.025227872027610978,365.0,False,False,-55.0,1,Terra,2023-09-27 14:55:00
105.230552673,-3.10510778427,2023-09-27 21:00:00,LAPAN,Aqua,Fire inside Sitrep,SUMSEL,4407,2023,2023:4407,2023,15831,120869,0.02369461915488198,365.0,False,False,-55.0,1,Terra,2023-09-27 14:55:00
105.23065,-3.10495,2023-09-27 21:00:00,NASA,Aqua,Fire inside Sitrep,SUMSEL,4408,2023,2023:4408,2023,15832,120869,0.0078569105103703,365.0,False,False,-55.0,1,Terra,2023-09-27 14:55:00
105.30566,-2.90112,2023-09-27 21:00:00,NASA,Aqua,Fire inside Sitrep,SUMSEL,4409,2023,2023:4409,2023,15833,120759,0.00496769721869521,365.0,False,False,-55.0,1,Terra,2023-09-27 14:55:00
105.211502075,-3.10775923729,2023-09-27 21:00:00,LAPAN,Aqua,Fire inside Sitrep,SUMSEL,4410,2023,2023:4410,2023,15834,120871,0.020778203523624063,365.0,False,False,-55.0,1,Terra,2023-09-27 14:55:00
105.219741821,-3.09723258018,2023-09-27 21:00:00,LAPAN,Aqua,Fire inside Sitrep,SUMSEL,4411,2023,2023:4411,2023,15835,120769,0.016095432878505223,365.0,False,False,-55.0,1,Terra,2023-09-27 14:55:00
105.21159,-3.1076,2023-09-27 21:00:00,NASA,Aqua,Fire inside Sitrep,SUMSEL,4412,2023,2023:4412,2023,15836,120871,0.0011103156668874747,365.0,False,False,-55.0,1,Terra,2023-09-27 14:55:00
105.44001,-2.44984,2023-09-27 21:00:00,NASA,Aqua,Verified Fire,SUMSEL,4413,2023,2023:4413,2023,15837,120745,0.004584444231409266,365.0,False,False,-55.0,1,Terra,2023-09-27 14:55:00
105.654808044,-3.52477049828,2023-09-27 21:00:00,LAPAN,Aqua,Fire inside Sitrep,SUMSEL,4414,2023,2023:4414,2023,15838,120796,0.021530999835096237,365.0,False,False,-55.0,1,Terra,2023-09-27 14:55:00
105.2103,-3.09839,2023-09-27 21:00:00,NASA,Aqua,Fire inside Sitrep,SUMSEL,4415,2023,2023:4415,2023,15839,120770,0.0011119508022585376,365.0,False,False,-55.0,1,Terra,2023-09-27 14:55:00
105.30695,-2.91028,2023-09-27 21:00:00,NASA,Aqua,Fire inside Sitrep,SUMSEL,4416,2023,2023:4416,2023,15840,120762,0.005981381125382833,365.0,False,False,-55.0,1,Terra,2023-09-27 14:55:00
105.221031189,-3.10643291473,2023-09-27 21:00:00,LAPAN,Aqua,Fire inside Sitrep,SUMSEL,4417,2023,2023:4417,2023,15841,120870,0.01663746511748793,365.0,False,False,-55.0,1,Terra,2023-09-27 14:55:00
103.46805,-2.277,2023-09-27 21:00:00,NASA,Aqua,Verified No fire,SUMSEL MUBA,4418,2023,2023:4418,2023,15842,120732,0.005555364165657813,365.0,False,False,-55.0,1,Terra,2023-09-27 14:55:00
103.467773438,-2.27719068527,2023-09-27 21:00:00,LAPAN,Aqua,Verified No fire,SUMSEL MUBA,4419,2023,2023:4419,2023,15843,120732,0.032912650358059556,365.0,False,False,-55.0,1,Terra,2023-09-27 14:55:00
105.22935,-3.09575,2023-09-27 21:00:00,NASA,Aqua,Fire inside Sitrep,SUMSEL,4420,2023,2023:4420,2023,15844,120768,0.007856944441390356,365.0,False,False,-55.0,1,Terra,2023-09-27 14:55:00
105.21983,-3.09707,2023-09-27 21:00:00,NASA,Aqua,Fire inside Sitrep,SUMSEL,4421,2023,2023:4421,2023,15845,120769,0.004714163754441375,365.0,False,False,-55.0,1,Terra,2023-09-27 14:55:00
105.645530701,-3.52606725693,2023-09-27 21:00:00,LAPAN,Aqua,Fire inside Sitrep,SUMSEL,4422,2023,2023:4422,2023,15846,120797,0.020125715952558396,365.0,False,False,-55.0,1,Terra,2023-09-27 14:55:00
105.439926147,-2.44999623299,2023-09-27 21:00:00,LAPAN,Aqua,Verified Fire,SUMSEL,4423,2023,2023:4423,2023,15847,120745,0.02331166760257224,365.0,False,False,-55.0,1,Terra,2023-09-27 14:55:00
103.46946,-2.28705,2023-09-27 21:00:00,NASA,Aqua,Verified No fire,SUMSEL MUBA,4424,2023,2023:4424,2023,15848,120733,0.0086805315059225,365.0,False,False,-55.0,1,Terra,2023-09-27 14:55:00
105.306869507,-2.91043591499,2023-09-27 21:00:00,LAPAN,Aqua,Fire inside Sitrep,SUMSEL,4425,2023,2023:4425,2023,15849,120762,0.015487806462569764,365.0,False,False,-55.0,1,Terra,2023-09-27 14:55:00
105.64873,-3.52548,2023-09-28 10:00:00,NASA,Aqua,Fire inside Sitrep,SUMSEL,4660,2023,2023:4660,2023,16084,121067,0.004003944458550672,403.0,False,False,-17.0,1,Terra,2023-09-28 03:17:00
105.22328949,-3.09705233574,2023-09-28 10:00:00,LAPAN,Aqua,Fire inside Sitrep,SUMSEL,4661,2023,2023:4661,2023,16085,121025,0.026688296976556773,403.0,False,False,-17.0,1,Terra,2023-09-28 03:17:00
105.3904953,-3.28140473366,2023-09-28 10:00:00,LAPAN,Aqua,Fire inside Sitrep,SUMSEL,4662,2023,2023:4662,2023,16086,121038,0.02413030405178379,403.0,False,False,-17.0,1,Terra,2023-09-28 03:17:00
105.23319,-3.13304,2023-09-28 10:00:00,NASA,Aqua,Fire inside Sitrep,SUMSEL,4663,2023,2023:4663,2023,16087,121028,0.004584287800258803,403.0,False,False,-17.0,1,Terra,2023-09-28 03:17:00
105.2288,-3.09799,2023-09-28 10:00:00,NASA,Aqua,Fire inside Sitrep,SUMSEL,4664,2023,2023:4664,2023,16088,121022,0.0011119508023799865,403.0,False,False,-17.0,1,Terra,2023-09-28 03:17:00
105.39025,-3.28153,2023-09-28 10:00:00,NASA,Aqua,Fire inside Sitrep,SUMSEL,4665,2023,2023:4665,2023,16089,121038,0.006475916321869474,403.0,False,False,-17.0,1,Terra,2023-09-28 03:17:00
105.43314,-3.31103,2023-09-28 10:00:00,NASA,Aqua,Fire inside Sitrep,SUMSEL,4666,2023,2023:4666,2023,16090,121040,0.005553816135431185,403.0,False,False,-17.0,1,Terra,2023-09-28 03:17:00
105.21255,-3.10713,2023-09-28 10:00:00,NASA,Aqua,Fire inside Sitrep,SUMSEL,4667,2023,2023:4667,2023,16091,121023,0.0064767246002390136,403.0,False,False,-17.0,1,Terra,2023-09-28 03:17:00
105.214332581,-3.09575200081,2023-09-28 10:00:00,LAPAN,Aqua,Fire inside Sitrep,SUMSEL,4668,2023,2023:4668,2023,16092,121021,0.030622064901400833,403.0,False,False,-17.0,1,Terra,2023-09-28 03:17:00
105.21409,-3.09587,2023-09-28 10:00:00,NASA,Aqua,Fire inside Sitrep,SUMSEL,4669,2023,2023:4669,2023,16093,121021,0.0035157843331851068,403.0,False,False,-17.0,1,Terra,2023-09-28 03:17:00
105.639076233,-3.55601263046,2023-09-28 10:00:00,LAPAN,Aqua,Fire inside Sitrep,SUMSEL,4670,2023,2023:4670,2023,16094,121068,0.021838448530202892,403.0,False,False,-17.0,1,Terra,2023-09-28 03:17:00
105.221740723,-3.1083240509,2023-09-28 10:00:00,LAPAN,Aqua,Fire inside Sitrep,SUMSEL,4671,2023,2023:4671,2023,16095,121026,0.03312330663225164,403.0,False,False,-17.0,1,Terra,2023-09-28 03:17:00
105.45401001,-3.34710669518,2023-09-28 10:00:00,LAPAN,Aqua,Fire inside Sitrep,SUMSEL,4672,2023,2023:4672,2023,16096,121042,0.025516701320441537,403.0,False,False,-17.0,1,Terra,2023-09-28 03:17:00
105.30264,-2.86725,2023-09-28 10:00:00,NASA,Aqua,Fire inside Sitrep,SUMSEL,4673,2023,2023:4673,2023,16097,121104,0.007116482005769407,403.0,False,False,-17.0,1,Terra,2023-09-28 03:17:00
105.31284,-2.90326,2023-09-28 10:00:00,NASA,Aqua,Fire inside Sitrep,SUMSEL,4674,2023,2023:4674,2023,16098,121106,0.00628610809022557,403.0,False,False,-17.0,1,Terra,2023-09-28 03:17:00
105.22726,-3.10926,2023-09-28 10:00:00,NASA,Aqua,Fire inside Sitrep,SUMSEL,4675,2023,2023:4675,2023,16099,121024,0.006285515461584825,403.0,False,False,-17.0,1,Terra,2023-09-28 03:17:00
105.22308,-3.09718,2023-09-28 10:00:00,NASA,Aqua,Fire inside Sitrep,SUMSEL,4676,2023,2023:4676,2023,16100,121025,0.003142775680873713,403.0,False,False,-17.0,1,Terra,2023-09-28 03:17:00
105.227516174,-3.10914063454,2023-09-28 10:00:00,LAPAN,Aqua,Fire inside Sitrep,SUMSEL,4677,2023,2023:4677,2023,16101,121024,0.02983492031786817,403.0,False,False,-17.0,1,Terra,2023-09-28 03:17:00
105.229042053,-3.09786725044,2023-09-28 10:00:00,LAPAN,Aqua,Fire inside Sitrep,SUMSEL,4678,2023,2023:4678,2023,16102,121022,0.03066263203034839,403.0,False,False,-17.0,1,Terra,2023-09-28 03:17:00
105.45382,-3.34724,2023-09-28 10:00:00,NASA,Aqua,Fire inside Sitrep,SUMSEL,4679,2023,2023:4679,2023,16103,121042,0.004971099639639842,403.0,False,False,-17.0,1,Terra,2023-09-28 03:17:00
105.22153,-3.10845,2023-09-28 10:00:00,NASA,Aqua,Fire inside Sitrep,SUMSEL,4680,2023,2023:4680,2023,16104,121026,0.006481207770075234,403.0,False,False,-17.0,1,Terra,2023-09-28 03:17:00
105.212799072,-3.10701155663,2023-09-28 10:00:00,LAPAN,Aqua,Fire inside Sitrep,SUMSEL,4681,2023,2023:4681,2023,16105,121023,0.024192396904829116,403.0,False,False,-17.0,1,Terra,2023-09-28 03:17:00
105.31941,-3.09943,2023-09-28 10:00:00,NASA,Aqua,Fire inside Sitrep,SUMSEL,4682,2023,2023:4682,2023,16106,121020,0.0035157831639642985,403.0,False,False,-17.0,1,Terra,2023-09-28 03:17:00
105.63887,-3.55614,2023-09-28 10:00:00,NASA,Aqua,Fire inside Sitrep,SUMSEL,4683,2023,2023:4683,2023,16107,121068,0.00555590252562507,403.0,False,False,-17.0,1,Terra,2023-09-28 03:17:00
103.51848,-2.02209,2023-09-28 10:00:00,NASA,Aqua,Verified No fire,SUMSEL MUBA,4684,2023,2023:4684,2023,16108,121014,0.0024851590254895005,403.0,False,False,-17.0,1,Terra,2023-09-28 03:17:00
105.233421326,-3.1329190731,2023-09-28 10:00:00,LAPAN,Aqua,Fire inside Sitrep,SUMSEL,4685,2023,2023:4685,2023,16109,121028,0.026169389214380268,403.0,False,False,-17.0,1,Terra,2023-09-28 03:17:00
105.23433,-3.09598,2023-09-28 22:00:00,NASA,Aqua,Fire inside Sitrep,SUMSEL,5261,2023,2023:5261,2023,16685,121975,0.004005145428248434,384.0,False,False,-36.0,1,Terra,2023-09-28 15:36:00
105.2047,-3.10045,2023-09-28 22:00:00,NASA,Aqua,Verified Fire,SUMSEL,5262,2023,2023:5262,2023,16686,121974,0.0055597540116696376,384.0,False,False,-36.0,1,Terra,2023-09-28 15:36:00
105.22231,-3.09513,2023-09-29 21:00:00,NASA,Aqua,Fire inside Sitrep,SUMSEL,5690,2023,2023:5690,2023,17114,122739,0.0035157845877123346,382.0,False,False,-38.0,1,Terra,2023-09-29 14:38:00
105.222076416,-3.09532308578,2023-09-29 21:00:00,LAPAN,Aqua,Fire inside Sitrep,SUMSEL,5691,2023,2023:5691,2023,17115,122739,0.035094570456848356,382.0,False,False,-38.0,1,Terra,2023-09-29 14:38:00
105.220397949,-3.08305311203,2023-09-29 21:00:00,LAPAN,Aqua,Fire inside Sitrep,SUMSEL,5692,2023,2023:5692,2023,17116,122736,0.028163282712465185,382.0,False,False,-38.0,1,Terra,2023-09-29 14:38:00
105.22062,-3.08286,2023-09-29 21:00:00,NASA,Aqua,Fire inside Sitrep,SUMSEL,5693,2023,2023:5693,2023,17117,122736,0.0049713566556422815,382.0,False,False,-38.0,1,Terra,2023-09-29 14:38:00
105.204299927,-3.0977833271,2023-09-29 21:00:00,LAPAN,Aqua,Fire inside Sitrep,SUMSEL,5694,2023,2023:5694,2023,17118,122738,0.030150303314960495,382.0,False,False,-38.0,1,Terra,2023-09-29 14:38:00
105.20454,-3.09759,2023-09-29 21:00:00,NASA,Aqua,Fire inside Sitrep,SUMSEL,5695,2023,2023:5695,2023,17119,122738,0.00457838639838361,382.0,False,False,-38.0,1,Terra,2023-09-29 14:38:00
105.21969,-3.09452,2023-09-30 10:00:00,NASA,Aqua,Fire inside Sitrep,SUMSEL,5832,2023,2023:5832,2023,17256,122969,0.002485672895378797,420.0,False,False,0.0,1,Terra,2023-09-30 03:00:00
105.22094,-3.08561,2023-09-30 10:00:00,NASA,Aqua,Fire inside Sitrep,SUMSEL,5833,2023,2023:5833,2023,17257,122968,0.004578435093886503,420.0,False,False,0.0,1,Terra,2023-09-30 03:00:00
105.21844,-3.10343,2023-09-30 10:00:00,NASA,Aqua,Fire inside Sitrep,SUMSEL,5834,2023,2023:5834,2023,17258,122970,0.005554537033985962,420.0,False,False,0.0,1,Terra,2023-09-30 03:00:00
105.71309,-2.93583,2023-09-30 10:00:00,NASA,Aqua,Verified No fire,SUMSEL,5835,2023,2023:5835,2023,17259,122966,0.0035158359530296705,420.0,False,False,0.0,1,Terra,2023-09-30 03:00:00
105.36121,-3.73313,2023-09-30 10:00:00,NASA,Aqua,Fire inside Sitrep,SUMSEL,5836,2023,2023:5836,2023,17260,122990,0.003515551789965529,420.0,False,False,0.0,1,Terra,2023-09-30 03:00:00
105.70399,-2.93452,2023-09-30 10:00:00,NASA,Aqua,Verified No fire,SUMSEL,5837,2023,2023:5837,2023,17261,122965,0.002485745842224527,420.0,False,False,0.0,1,Terra,2023-09-30 03:00:00
105.53499,-2.78063,2023-09-30 10:00:00,NASA,Aqua,Verified No fire,SUMSEL,5838,2023,2023:5838,2023,17262,122963,0.0035158833947525046,420.0,False,False,0.0,1,Terra,2023-09-30 03:00:00
105.22018,-3.10088,2023-09-30 22:00:00,NASA,Aqua,Fire inside Sitrep,SUMSEL,6019,2023,2023:6019,2023,17443,123344,0.003142770194551911,401.0,False,False,-19.0,1,Terra,2023-09-30 15:19:00
105.36034,-3.12714,2023-09-30 22:00:00,NASA,Aqua,Fire inside Sitrep,SUMSEL,6020,2023,2023:6020,2023,17444,123342,0.0062854622313168245,401.0,False,False,-19.0,1,Terra,2023-09-30 15:19:00
105.36807251,-3.12496709824,2023-09-30 22:00:00,LAPAN,Aqua,Fire inside Sitrep,SUMSEL,6021,2023,2023:6021,2023,17445,123343,0.020249689039148814,401.0,False,False,-19.0,1,Terra,2023-09-30 15:19:00
105.368,-3.12482,2023-09-30 22:00:00,NASA,Aqua,Fire inside Sitrep,SUMSEL,6022,2023,2023:6022,2023,17446,123343,0.0022239016046623813,401.0,False,False,-19.0,1,Terra,2023-09-30 15:19:00
105.23091,-3.07685,2023-09-30 22:00:00,NASA,Aqua,Fire inside Sitrep,SUMSEL,6023,2023,2023:6023,2023,17447,123347,0.00566954468843843,401.0,False,False,-19.0,1,Terra,2023-09-30 15:19:00
105.232528687,-3.08801150322,2023-09-30 22:00:00,LAPAN,Aqua,Fire inside Sitrep,SUMSEL,6024,2023,2023:6024,2023,17448,123345,0.01280121690926952,401.0,False,False,-19.0,1,Terra,2023-09-30 15:19:00
105.541542053,-3.43335318565,2023-09-30 22:00:00,LAPAN,Aqua,Fire inside Sitrep,SUMSEL,6025,2023,2023:6025,2023,17449,123313,0.01766146007705583,401.0,False,False,-19.0,1,Terra,2023-09-30 15:19:00
105.54153,-3.4332,2023-09-30 22:00:00,NASA,Aqua,Fire inside Sitrep,SUMSEL,6026,2023,2023:6026,2023,17450,123313,0.0033298655362557555,401.0,False,False,-19.0,1,Terra,2023-09-30 15:19:00
105.778381348,-3.61764764786,2023-09-30 22:00:00,LAPAN,Aqua,Fire inside Sitrep,SUMSEL,6027,2023,2023:6027,2023,17451,123303,0.016547682066598852,401.0,False,False,-19.0,1,Terra,2023-09-30 15:19:00
105.7784,-3.61748,2023-09-30 22:00:00,NASA,Aqua,Fire inside Sitrep,SUMSEL,6028,2023,2023:6028,2023,17452,123303,0.002223901604618992,401.0,False,False,-19.0,1,Terra,2023-09-30 15:19:00
105.79977,-3.61321,2023-09-30 22:00:00,NASA,Aqua,Fire inside Sitrep,SUMSEL,6029,2023,2023:6029,2023,17453,123300,0.0035100071790941357,401.0,False,False,-19.0,1,Terra,2023-09-30 15:19:00
105.23252,-3.08785,2023-09-30 22:00:00,NASA,Aqua,Fire inside Sitrep,SUMSEL,6030,2023,2023:6030,2023,17454,123345,0.005986839894752972,401.0,False,False,-19.0,1,Terra,2023-09-30 15:19:00
105.21856,-3.08989,2023-09-30 22:00:00,NASA,Aqua,Fire inside Sitrep,SUMSEL,6031,2023,2023:6031,2023,17455,123346,0.004578417692370538,401.0,False,False,-19.0,1,Terra,2023-09-30 15:19:00
105.37463,-3.12501,2023-09-30 22:00:00,NASA,Aqua,Verified No fire,SUMSEL,6032,2023,2023:6032,2023,17456,123341,0.0035115915884467975,401.0,False,False,-19.0,1,Terra,2023-09-30 15:19:00
105.47584,-3.32819,2023-09-30 22:00:00,NASA,Aqua,Fire inside Sitrep,SUMSEL,6033,2023,2023:6033,2023,17457,123316,0.0045774131507937315,401.0,False,False,-19.0,1,Terra,2023-09-30 15:19:00
105.7316,-3.61258,2023-09-30 22:00:00,NASA,Aqua,Fire inside Sitrep,SUMSEL,6034,2023,2023:6034,2023,17458,123304,0.002223901604610706,401.0,False,False,-19.0,1,Terra,2023-09-30 15:19:00
105.793495178,-3.61549186707,2023-09-30 22:00:00,LAPAN,Aqua,Fire inside Sitrep,SUMSEL,6035,2023,2023:6035,2023,17459,123302,0.021341384063019286,401.0,False,False,-19.0,1,Terra,2023-09-30 15:19:00
105.79352,-3.61533,2023-09-30 22:00:00,NASA,Aqua,Fire inside Sitrep,SUMSEL,6036,2023,2023:6036,2023,17460,123302,0.004006742352479763,401.0,False,False,-19.0,1,Terra,2023-09-30 15:19:00
105.21695,-3.07891,2023-09-30 22:00:00,NASA,Aqua,Fire inside Sitrep,SUMSEL,6037,2023,2023:6037,2023,17461,123348,0.005661989474286639,401.0,False,False,-19.0,1,Terra,2023-09-30 15:19:00
105.4775,-3.33935,2023-09-30 22:00:00,NASA,Aqua,Fire inside Sitrep,SUMSEL,6038,2023,2023:6038,2023,17462,123315,0.0055597540117351026,401.0,False,False,-19.0,1,Terra,2023-09-30 15:19:00
105.230903625,-3.07701230049,2023-09-30 22:00:00,LAPAN,Aqua,Fire inside Sitrep,SUMSEL,6039,2023,2023:6039,2023,17463,123347,0.012493747206183962,401.0,False,False,-19.0,1,Terra,2023-09-30 15:19:00
105.731575012,-3.61273908615,2023-09-30 22:00:00,LAPAN,Aqua,Fire inside Sitrep,SUMSEL,6040,2023,2023:6040,2023,17464,123304,0.015712332329531117,401.0,False,False,-19.0,1,Terra,2023-09-30 15:19:00
105.78465271,-3.61564159393,2023-09-30 22:00:00,LAPAN,Aqua,Fire inside Sitrep,SUMSEL,6041,2023,2023:6041,2023,17465,123301,0.016596137343116348,401.0,False,False,-19.0,1,Terra,2023-09-30 15:19:00
105.220184326,-3.10103845596,2023-09-30 22:00:00,LAPAN,Aqua,Fire inside Sitrep,SUMSEL,6042,2023,2023:6042,2023,17466,123344,0.015493672144439736,401.0,False,False,-19.0,1,Terra,2023-09-30 15:19:00
105.78468,-3.61548,2023-09-30 22:00:00,NASA,Aqua,Fire inside Sitrep,SUMSEL,6043,2023,2023:6043,2023,17467,123301,0.003141943578390214,401.0,False,False,-19.0,1,Terra,2023-09-30 15:19:00
105.477478027,-3.33951592445,2023-09-30 22:00:00,LAPAN,Aqua,Fire inside Sitrep,SUMSEL,6044,2023,2023:6044,2023,17468,123315,0.013118970932321675,401.0,False,False,-19.0,1,Terra,2023-09-30 15:19:00
105.218559265,-3.09005212784,2023-09-30 22:00:00,LAPAN,Aqua,Fire inside Sitrep,SUMSEL,6045,2023,2023:6045,2023,17469,123346,0.017510100261817756,401.0,False,False,-19.0,1,Terra,2023-09-30 15:19:00
105.216934204,-3.07906532288,2023-09-30 22:00:00,LAPAN,Aqua,Fire inside Sitrep,SUMSEL,6046,2023,2023:6046,2023,17470,123348,0.018771294978744447,401.0,False,False,-19.0,1,Terra,2023-09-30 15:19:00
105.77882,-3.76318,2023-10-01 13:00:00,NASA,NOAA20,Fire inside Sitrep,SUMSEL,6307,2023,2023:6307,2023,17731,123671,0.2606181165435998,379.0,False,False,-41.0,1,Aqua,2023-10-01 06:41:00
105.56807,-3.82665,2023-10-01 13:00:00,NASA,NOAA20,Fire inside Sitrep,SUMSEL,6310,2023,2023:6310,2023,17734,123660,0.333255493687119,379.0,False,False,-41.0,1,Aqua,2023-10-01 06:41:00
105.7422,-3.78958,2023-10-01 13:00:00,NASA,NOAA20,Fire inside Sitrep,SUMSEL,6325,2023,2023:6325,2023,17749,123664,0.4280774701849717,379.0,False,False,-41.0,1,Aqua,2023-10-01 06:41:00
105.78242,-3.76262,2023-10-01 13:00:00,NASA,NOAA20,Fire inside Sitrep,SUMSEL,6326,2023,2023:6326,2023,17750,123671,0.3540726753580166,379.0,False,False,-41.0,1,Aqua,2023-10-01 06:41:00
105.62596,-3.11309,2023-10-01 13:00:00,NASA,NOAA20,Fire inside Sitrep,SUMSEL,6344,2023,2023:6344,2023,17768,123831,0.3865431840237984,378.0,False,False,-42.0,1,Aqua,2023-10-01 06:42:00
105.73409,-3.61866,2023-10-01 13:00:00,NASA,NOAA20,Fire inside Sitrep,SUMSEL,6347,2023,2023:6347,2023,17771,123695,0.2177282219626616,379.0,False,False,-41.0,1,Aqua,2023-10-01 06:41:00
105.7372,-3.61472,2023-10-01 13:00:00,NASA,NOAA20,Fire inside Sitrep,SUMSEL,6349,2023,2023:6349,2023,17773,123695,0.36597547332066327,379.0,False,False,-41.0,1,Aqua,2023-10-01 06:41:00
105.73822,-3.62149,2023-10-01 13:00:00,NASA,NOAA20,Fire inside Sitrep,SUMSEL,6353,2023,2023:6353,2023,17777,123695,0.49972457813423077,379.0,False,False,-41.0,1,Aqua,2023-10-01 06:41:00
105.54208,-3.77701,2023-10-01 13:00:00,NASA,NOAA20,Fire inside Sitrep,SUMSEL,6358,2023,2023:6358,2023,17782,123674,0.21756286181879136,379.0,False,False,-41.0,1,Aqua,2023-10-01 06:41:00
105.73358,-3.61527,2023-10-01 13:00:00,NASA,NOAA20,Fire inside Sitrep,SUMSEL,6366,2023,2023:6366,2023,17790,123695,0.36565586916196274,379.0,False,False,-41.0,1,Aqua,2023-10-01 06:41:00
105.34571,-3.17145,2023-10-01 13:00:00,NASA,NOAA20,Fire inside Sitrep,SUMSEL,6378,2023,2023:6378,2023,17802,123830,0.4846202732340673,378.0,False,False,-42.0,1,Aqua,2023-10-01 06:42:00
105.39898,-3.67653,2023-10-01 13:00:00,NASA,NOAA20,Fire inside Sitrep,SUMSEL,6379,2023,2023:6379,2023,17803,123694,0.31121750887807553,379.0,False,False,-41.0,1,Aqua,2023-10-01 06:41:00
105.56756,-3.82328,2023-10-01 13:00:00,NASA,NOAA20,Fire inside Sitrep,SUMSEL,6394,2023,2023:6394,2023,17818,123660,0.42987075249821566,379.0,False,False,-41.0,1,Aqua,2023-10-01 06:41:00
105.74271,-3.79296,2023-10-01 13:00:00,NASA,NOAA20,Fire inside Sitrep,SUMSEL,6396,2023,2023:6396,2023,17820,123664,0.48605563876891184,379.0,False,False,-41.0,1,Aqua,2023-10-01 06:41:00
105.7386,-3.79013,2023-10-01 13:00:00,NASA,NOAA20,Fire inside Sitrep,SUMSEL,6403,2023,2023:6403,2023,17827,123664,0.11949494815099673,379.0,False,False,-41.0,1,Aqua,2023-10-01 06:41:00
105.61915,-3.23439,2023-10-01 13:00:00,NASA,NOAA20,Fire inside Sitrep,SUMSEL,6404,2023,2023:6404,2023,17828,123822,0.4410650191828776,378.0,False,False,-42.0,1,Aqua,2023-10-01 06:42:00
105.35904,-3.71913,2023-10-01 13:00:00,NASA,NOAA20,Fire inside Sitrep,SUMSEL,6406,2023,2023:6406,2023,17830,123687,0.46631780306687715,379.0,False,False,-41.0,1,Aqua,2023-10-01 06:41:00
105.37318,-3.71696,2023-10-01 13:00:00,NASA,NOAA20,Fire inside Sitrep,SUMSEL,6433,2023,2023:6433,2023,17857,123686,0.43811423675781014,379.0,False,False,-41.0,1,Aqua,2023-10-01 06:41:00
105.36257,-3.71859,2023-10-01 13:00:00,NASA,NOAA20,Fire inside Sitrep,SUMSEL,6434,2023,2023:6434,2023,17858,123687,0.46440736450551623,379.0,False,False,-41.0,1,Aqua,2023-10-01 06:41:00
105.34216,-3.172,2023-10-01 13:00:00,NASA,NOAA20,Fire inside Sitrep,SUMSEL,6443,2023,2023:6443,2023,17867,123830,0.21137564633046402,378.0,False,False,-42.0,1,Aqua,2023-10-01 06:42:00
105.23852,-3.08053,2023-10-01 21:00:00,NASA,Aqua,Verified No fire,SUMSEL,6453,2023,2023:6453,2023,17877,123871,0.0040074139792637435,398.0,False,False,-22.0,1,Terra,2023-10-01 14:22:00
105.2004,-3.0856,2023-10-01 21:00:00,NASA,Aqua,Fire inside Sitrep,SUMSEL,6454,2023,2023:6454,2023,17878,123872,0.0,398.0,False,False,-22.0,1,Terra,2023-10-01 14:22:00
105.21954,-3.07378,2023-10-02 02:00:00,NASA,Aqua,Fire inside Sitrep,SUMSEL,6637,2023,2023:6637,2023,18061,730203,0.21462356851676534,407.0,False,False,-13.0,3,NOAA20,2023-10-01 19:13:00
105.219573975,-3.07377552986,2023-10-02 02:00:00,LAPAN,Aqua,Fire inside Sitrep,SUMSEL,6645,2023,2023:6645,2023,18069,730203,0.21685873843997544,407.0,False,False,-13.0,3,NOAA20,2023-10-01 19:13:00
105.231002808,-3.07542181015,2023-10-02 02:00:00,LAPAN,Aqua,Fire inside Sitrep,SUMSEL,6655,2023,2023:6655,2023,18079,730204,0.15893492953191368,407.0,False,False,-13.0,2,NOAA20,2023-10-01 19:13:00
105.23096,-3.07543,2023-10-02 02:00:00,NASA,Aqua,Fire inside Sitrep,SUMSEL,6663,2023,2023:6663,2023,18087,730204,0.15731216262286882,407.0,False,False,-13.0,2,NOAA20,2023-10-01 19:13:00
105.2206,-3.08391,2023-10-02 09:00:00,NASA,Aqua,Fire inside Sitrep,SUMSEL,6664,2023,2023:6664,2023,18088,124145,0.0011119508023845922,376.0,False,False,-44.0,1,Terra,2023-10-02 02:44:00
105.23264,-3.08572,2023-10-02 09:00:00,NASA,Aqua,Verified No fire,SUMSEL,6665,2023,2023:6665,2023,18089,124146,0.0049670280625672605,376.0,False,False,-44.0,1,Terra,2023-10-02 02:44:00
105.22207,-3.07364,2023-10-02 09:00:00,NASA,Aqua,Fire inside Sitrep,SUMSEL,6666,2023,2023:6666,2023,18090,124143,0.0055568760903994,376.0,False,False,-44.0,1,Terra,2023-10-02 02:44:00
105.23411,-3.07545,2023-10-02 09:00:00,NASA,Aqua,Verified No fire,SUMSEL,6667,2023,2023:6667,2023,18091,124144,0.005669544974277926,376.0,False,False,-44.0,1,Terra,2023-10-02 02:44:00
105.46135712,-3.76171803,2023-10-02 13:00:00,LAPAN,SNPP,Fire inside Sitrep,SUMSEL,6703,2023,2023:6703,2023,18127,731198,0.38857707508385364,409.0,False,False,-11.0,1,NOAA20,2023-10-02 06:11:00
105.46552277,-3.76650643,2023-10-02 13:00:00,LAPAN,SNPP,Fire inside Sitrep,SUMSEL,6707,2023,2023:6707,2023,18131,731199,0.22105714879720875,409.0,False,False,-11.0,1,NOAA20,2023-10-02 06:11:00
105.45806122,-3.76225734,2023-10-02 13:00:00,LAPAN,SNPP,Fire inside Sitrep,SUMSEL,6714,2023,2023:6714,2023,18138,731198,0.4510358914585528,409.0,False,False,-11.0,1,NOAA20,2023-10-02 06:11:00
106.02883,-3.23829,2023-10-02 22:00:00,NASA,Aqua,Fire inside Sitrep,SUMSEL,6745,2023,2023:6745,2023,18169,124512,0.003511244343252188,418.0,False,False,-2.0,1,Terra,2023-10-02 15:02:00
103.46335,-2.2903,2023-10-02 22:00:00,NASA,Aqua,Verified No fire,SUMSEL MUBA,6746,2023,2023:6746,2023,18170,124556,0.005555312740721532,417.0,False,False,-3.0,1,Terra,2023-10-02 15:03:00
103.22602,-2.47962,2023-10-02 22:00:00,NASA,Aqua,Fire inside Sitrep,SUMSEL MUBA,6747,2023,2023:6747,2023,18171,124549,0.003143599760757578,417.0,False,False,-3.0,1,Terra,2023-10-02 15:03:00
103.41453,-2.27861,2023-10-02 22:00:00,NASA,Aqua,Verified No fire,SUMSEL MUBA,6748,2023,2023:6748,2023,18172,124554,0.003513795013715242,417.0,False,False,-3.0,1,Terra,2023-10-02 15:03:00
105.72893,-3.61232,2023-10-02 22:00:00,NASA,Aqua,Fire inside Sitrep,SUMSEL,6749,2023,2023:6749,2023,18173,124499,0.004003682807025677,418.0,False,False,-2.0,1,Terra,2023-10-02 15:02:00
105.78403,-3.61367,2023-10-02 22:00:00,NASA,Aqua,Fire inside Sitrep,SUMSEL,6750,2023,2023:6750,2023,18174,124498,0.004712920045233625,418.0,False,False,-2.0,1,Terra,2023-10-02 15:02:00
103.21656,-2.48093,2023-10-02 22:00:00,NASA,Aqua,Verified No fire,SUMSEL MUBA,6751,2023,2023:6751,2023,18175,124557,0.005556419417643058,417.0,False,False,-3.0,1,Terra,2023-10-02 15:03:00
106.01971,-3.23957,2023-10-02 22:00:00,NASA,Aqua,Verified No fire,SUMSEL,6752,2023,2023:6752,2023,18176,124513,0.0035157356671236153,418.0,False,False,-2.0,1,Terra,2023-10-02 15:02:00
103.45411,-2.2916,2023-10-02 22:00:00,NASA,Aqua,Verified No fire,SUMSEL MUBA,6753,2023,2023:6753,2023,18177,124555,0.0011110615413601782,417.0,False,False,-3.0,1,Terra,2023-10-02 15:03:00
105.29397,-3.08724,2023-10-03 10:00:00,NASA,Aqua,Fire inside Sitrep,SUMSEL,6926,2023,2023:6926,2023,18350,124741,0.005556850583729776,396.0,False,False,-24.0,1,Terra,2023-10-03 03:24:00
105.3152,-3.09024,2023-10-03 10:00:00,NASA,Aqua,Fire inside Sitrep,SUMSEL,6927,2023,2023:6927,2023,18351,124740,0.004447803209354707,396.0,False,False,-24.0,1,Terra,2023-10-03 03:24:00
105.3101,-3.08623,2023-10-03 10:00:00,NASA,Aqua,Fire inside Sitrep,SUMSEL,6928,2023,2023:6928,2023,18352,124738,0.0033358524069918415,396.0,False,False,-24.0,1,Terra,2023-10-03 03:24:00
105.23079,-3.0783,2023-10-03 10:00:00,NASA,Aqua,Verified No fire,SUMSEL,6929,2023,2023:6929,2023,18353,124742,0.0011103463466894076,396.0,False,False,-24.0,1,Terra,2023-10-03 03:24:00
105.2256,-3.07496,2023-10-03 10:00:00,NASA,Aqua,Fire inside Sitrep,SUMSEL,6930,2023,2023:6930,2023,18354,124739,0.00444780320941471,396.0,False,False,-24.0,1,Terra,2023-10-03 03:24:00
105.78741,-3.61383,2023-10-03 10:00:00,NASA,Aqua,Fire inside Sitrep,SUMSEL,6931,2023,2023:6931,2023,18355,124725,0.003515598611979728,396.0,False,False,-24.0,1,Terra,2023-10-03 03:24:00
105.36727,-3.70823,2023-10-03 10:00:00,NASA,Aqua,Fire inside Sitrep,SUMSEL,6932,2023,2023:6932,2023,18356,124724,0.2577442337764757,396.0,False,False,-24.0,1,Terra,2023-10-03 03:24:00
105.66747,-3.50239,2023-10-04 21:00:00,NASA,Aqua,Fire inside Sitrep,SUMSEL,7448,2023,2023:7448,2023,18872,125815,0.0035103869132368697,374.0,False,False,-46.0,1,Terra,2023-10-04 14:46:00
105.2273,-3.08138,2023-10-04 21:00:00,NASA,Aqua,Fire inside Sitrep,SUMSEL,7449,2023,2023:7449,2023,18873,125748,0.002223901604738519,374.0,False,False,-46.0,1,Terra,2023-10-04 14:46:00
105.261611938,-2.81220412254,2023-10-04 21:00:00,LAPAN,Aqua,Fire inside Sitrep,SUMSEL,7450,2023,2023:7450,2023,18874,125852,0.02471490738637559,374.0,False,False,-46.0,1,Terra,2023-10-04 14:46:00
105.667289734,-3.50258517265,2023-10-04 21:00:00,LAPAN,Aqua,Fire inside Sitrep,SUMSEL,7451,2023,2023:7451,2023,18875,125815,0.03112185079667212,374.0,False,False,-46.0,1,Terra,2023-10-04 14:46:00
105.22089,-3.07617,2023-10-04 21:00:00,NASA,Aqua,Fire inside Sitrep,SUMSEL,7452,2023,2023:7452,2023,18876,125747,0.003515790833580957,374.0,False,False,-46.0,1,Terra,2023-10-04 14:46:00
105.26175,-2.81202,2023-10-04 21:00:00,NASA,Aqua,Verified Fire,SUMSEL,7453,2023,2023:7453,2023,18877,125852,0.005981823032193149,374.0,False,False,-46.0,1,Terra,2023-10-04 14:46:00
105.679267883,-3.50096225739,2023-10-04 21:00:00,LAPAN,Aqua,Fire inside Sitrep,SUMSEL,7454,2023,2023:7454,2023,18878,125816,0.023249419925800343,374.0,False,False,-46.0,1,Terra,2023-10-04 14:46:00
105.67944,-3.50077,2023-10-04 21:00:00,NASA,Aqua,Fire inside Sitrep,SUMSEL,7455,2023,2023:7455,2023,18879,125816,0.005553116428971126,374.0,False,False,-46.0,1,Terra,2023-10-04 14:46:00
105.220741272,-3.07636094093,2023-10-04 21:00:00,LAPAN,Aqua,Fire inside Sitrep,SUMSEL,7456,2023,2023:7456,2023,18880,125747,0.025117292789985524,374.0,False,False,-46.0,1,Terra,2023-10-04 14:46:00
105.66943,-3.50724,2023-10-05 10:00:00,NASA,Aqua,Fire inside Sitrep,SUMSEL,7580,2023,2023:7580,2023,19004,125954,0.005556007624401683,412.0,False,False,-8.0,1,Terra,2023-10-05 03:08:00
105.68069,-3.50886,2023-10-05 10:00:00,NASA,Aqua,Fire inside Sitrep,SUMSEL,7581,2023,2023:7581,2023,19005,125955,0.004584185477833695,412.0,False,False,-8.0,1,Terra,2023-10-05 03:08:00
105.6708,-3.4973,2023-10-05 10:00:00,NASA,Aqua,Fire inside Sitrep,SUMSEL,7582,2023,2023:7582,2023,19006,125950,0.0,412.0,False,False,-8.0,1,Terra,2023-10-05 03:08:00
105.40054,-3.68483,2023-10-05 10:00:00,NASA,Aqua,Fire inside Sitrep,SUMSEL,7583,2023,2023:7583,2023,19007,125958,0.00555240074891904,412.0,False,False,-8.0,1,Terra,2023-10-05 03:08:00
105.36388,-3.70961,2023-10-05 10:00:00,NASA,Aqua,Fire inside Sitrep,SUMSEL,7584,2023,2023:7584,2023,19008,125960,0.0024822308288442755,412.0,False,False,-8.0,1,Terra,2023-10-05 03:08:00
105.68204,-3.4989,2023-10-05 10:00:00,NASA,Aqua,Fire inside Sitrep,SUMSEL,7585,2023,2023:7585,2023,19009,125951,0.004439512372748117,412.0,False,False,-8.0,1,Terra,2023-10-05 03:08:00
105.23474,-3.09456,2023-10-05 22:00:00,NASA,Aqua,Fire inside Sitrep,SUMSEL,7996,2023,2023:7996,2023,19420,126453,0.006285559093170051,394.0,False,False,-26.0,1,Terra,2023-10-05 15:26:00
103.47184,-2.28495,2023-10-05 22:00:00,NASA,Aqua,Verified No fire,SUMSEL MUBA,7997,2023,2023:7997,2023,19421,126468,0.007117750424267361,393.0,False,False,-27.0,1,Terra,2023-10-05 15:27:00
103.48672,-2.28285,2023-10-05 22:00:00,NASA,Aqua,Verified No fire,SUMSEL MUBA,7998,2023,2023:7998,2023,19422,126463,0.0059873830728928755,393.0,False,False,-27.0,1,Terra,2023-10-05 15:27:00
105.32355,-3.10684,2023-10-05 22:00:00,NASA,Aqua,Fire inside Sitrep,SUMSEL,7999,2023,2023:7999,2023,19423,126452,0.007113580031730308,394.0,False,False,-26.0,1,Terra,2023-10-05 15:26:00
103.47735,-2.28362,2023-10-05 22:00:00,NASA,Aqua,Verified No fire,SUMSEL MUBA,8000,2023,2023:8000,2023,19424,126469,0.005983938989034576,393.0,False,False,-27.0,1,Terra,2023-10-05 15:27:00
105.24159,-3.09169,2023-10-06 01:00:00,NASA,Aqua,Verified No fire,SUMSEL,8055,2023,2023:8055,2023,19479,1435404,0.3328074728968149,372.0,False,False,-48.0,2,SNPP,2023-10-05 18:48:00
105.367385864,-3.75022435188,2023-10-06 13:00:00,LAPAN,Aqua,Fire inside Sitrep,SUMSEL,8255,2023,2023:8255,2023,19679,744124,0.44605944016483096,384.0,False,False,-36.0,2,NOAA20,2023-10-06 06:36:00
105.358482361,-3.75150990486,2023-10-06 13:00:00,LAPAN,Aqua,Fire inside Sitrep,SUMSEL,8604,2023,2023:8604,2023,20028,744123,0.13967685166636587,384.0,False,False,-36.0,4,NOAA20,2023-10-06 06:36:00
105.22958374,-3.08928966522,2023-10-06 21:00:00,LAPAN,Aqua,Verified No fire,SUMSEL,8646,2023,2023:8646,2023,20070,127224,0.05080314090687097,391.0,False,False,-29.0,1,Terra,2023-10-06 14:29:00
103.48487,-2.28674,2023-10-06 21:00:00,NASA,Aqua,Verified No fire,SUMSEL MUBA,8647,2023,2023:8647,2023,20071,127253,0.005558160553813912,390.0,False,False,-30.0,1,Terra,2023-10-06 14:30:00
103.48804,-2.27575,2023-10-06 21:00:00,NASA,Aqua,Verified No fire,SUMSEL MUBA,8648,2023,2023:8648,2023,20072,127254,0.0071177682640962405,390.0,False,False,-30.0,1,Terra,2023-10-06 14:30:00
103.48257,-2.27018,2023-10-06 21:00:00,NASA,Aqua,Verified No fire,SUMSEL MUBA,8649,2023,2023:8649,2023,20073,127252,0.004007017441287467,390.0,False,False,-30.0,1,Terra,2023-10-06 14:30:00
105.22997,-3.08905,2023-10-06 21:00:00,NASA,Aqua,Verified No fire,SUMSEL,8650,2023,2023:8650,2023,20074,127224,0.0064812391512300655,391.0,False,False,-29.0,1,Terra,2023-10-06 14:29:00
103.481613159,-2.27050495148,2023-10-06 21:00:00,LAPAN,Aqua,Verified No fire,SUMSEL MUBA,8651,2023,2023:8651,2023,20075,127252,0.114769390297223,390.0,False,False,-30.0,1,Terra,2023-10-06 14:30:00
103.483856201,-2.28707551956,2023-10-06 21:00:00,LAPAN,Aqua,Verified No fire,SUMSEL MUBA,8652,2023,2023:8652,2023,20076,127253,0.12326096269704262,390.0,False,False,-30.0,1,Terra,2023-10-06 14:30:00
105.66961,-3.50606,2023-10-07 09:00:00,NASA,Aqua,Fire inside Sitrep,SUMSEL,8931,2023,2023:8931,2023,20355,127336,0.004584186282637698,369.0,False,False,-51.0,1,Terra,2023-10-07 02:51:00
105.28364,-2.70226,2023-10-07 09:00:00,NASA,Aqua,Fire inside Sitrep,SUMSEL,8932,2023,2023:8932,2023,20356,127325,0.006286647272522982,369.0,False,False,-51.0,1,Terra,2023-10-07 02:51:00
105.67873,-3.5074,2023-10-07 09:00:00,NASA,Aqua,Fire inside Sitrep,SUMSEL,8933,2023,2023:8933,2023,20357,127344,0.0033296040405593657,369.0,False,False,-51.0,1,Terra,2023-10-07 02:51:00
105.36316,-3.747,2023-10-07 09:00:00,NASA,Aqua,Fire inside Sitrep,SUMSEL,8934,2023,2023:8934,2023,20358,127342,0.004438295347227671,369.0,False,False,-51.0,1,Terra,2023-10-07 02:51:00
105.23486,-3.07328,2023-10-07 09:00:00,NASA,Aqua,Verified No fire,SUMSEL,8935,2023,2023:8935,2023,20359,127328,0.00496707437650379,369.0,False,False,-51.0,1,Terra,2023-10-07 02:51:00
105.23225,-3.09163,2023-10-07 09:00:00,NASA,Aqua,Verified No fire,SUMSEL,8936,2023,2023:8936,2023,20360,127329,0.006476794303959803,369.0,False,False,-51.0,1,Terra,2023-10-07 02:51:00
105.63026,-3.10371,2023-10-07 09:00:00,NASA,Aqua,Fire inside Sitrep,SUMSEL,8937,2023,2023:8937,2023,20361,127327,0.004578361512116058,369.0,False,False,-51.0,1,Terra,2023-10-07 02:51:00
105.65408,-3.5498,2023-10-07 09:00:00,NASA,Aqua,Fire inside Sitrep,SUMSEL,8938,2023,2023:8938,2023,20362,127338,0.002219634737220138,369.0,False,False,-51.0,1,Terra,2023-10-07 02:51:00
103.48396,-2.28253,2023-10-07 09:00:00,NASA,Aqua,Verified No fire,SUMSEL MUBA,8939,2023,2023:8939,2023,20363,127324,0.005556931289307937,369.0,False,False,-51.0,1,Terra,2023-10-07 02:51:00
103.47473,-2.25883,2023-10-07 22:00:00,NASA,Aqua,Verified No fire,SUMSEL MUBA,9305,2023,2023:9305,2023,20729,127924,0.004715775244104306,410.0,False,False,-10.0,1,Terra,2023-10-07 15:10:00
103.444107056,-2.29969620705,2023-10-07 22:00:00,LAPAN,Aqua,Verified No fire,SUMSEL MUBA,9306,2023,2023:9306,2023,20730,127920,0.021831339171655462,410.0,False,False,-10.0,1,Terra,2023-10-07 15:10:00
103.453025818,-2.29844260216,2023-10-07 22:00:00,LAPAN,Aqua,Verified No fire,SUMSEL MUBA,9307,2023,2023:9307,2023,20731,127919,0.01611403298082194,410.0,False,False,-10.0,1,Terra,2023-10-07 15:10:00
103.45304,-2.29827,2023-10-07 22:00:00,NASA,Aqua,Verified No fire,SUMSEL MUBA,9308,2023,2023:9308,2023,20732,127919,0.005556892160971463,410.0,False,False,-10.0,1,Terra,2023-10-07 15:10:00
103.492576599,-2.25648403168,2023-10-07 22:00:00,LAPAN,Aqua,Verified No fire,SUMSEL MUBA,9309,2023,2023:9309,2023,20733,127922,0.020627936327012146,410.0,False,False,-10.0,1,Terra,2023-10-07 15:10:00
105.234291077,-3.09833741188,2023-10-07 22:00:00,LAPAN,Aqua,Fire inside Sitrep,SUMSEL,9310,2023,2023:9310,2023,20734,127865,0.015311611848664532,410.0,False,False,-10.0,1,Terra,2023-10-07 15:10:00
103.46196,-2.29701,2023-10-07 22:00:00,NASA,Aqua,Verified No fire,SUMSEL MUBA,9311,2023,2023:9311,2023,20735,127918,0.004581223549750633,410.0,False,False,-10.0,1,Terra,2023-10-07 15:10:00
103.461952209,-2.29718852043,2023-10-07 22:00:00,LAPAN,Aqua,Verified No fire,SUMSEL MUBA,9312,2023,2023:9312,2023,20736,127918,0.02162458814885305,410.0,False,False,-10.0,1,Terra,2023-10-07 15:10:00
103.49257,-2.25631,2023-10-07 22:00:00,NASA,Aqua,Verified No fire,SUMSEL MUBA,9313,2023,2023:9313,2023,20737,127922,0.0035138437418134683,410.0,False,False,-10.0,1,Terra,2023-10-07 15:10:00
105.23431,-3.09816,2023-10-07 22:00:00,NASA,Aqua,Fire inside Sitrep,SUMSEL,9314,2023,2023:9314,2023,20738,127865,0.004584296700539174,410.0,False,False,-10.0,1,Terra,2023-10-07 15:10:00
105.66762,-3.51083,2023-10-07 22:00:00,NASA,Aqua,Fire inside Sitrep,SUMSEL,9315,2023,2023:9315,2023,20739,127822,0.004006881991462554,410.0,False,False,-10.0,1,Terra,2023-10-07 15:10:00
105.23294,-3.08871,2023-10-07 22:00:00,NASA,Aqua,Fire inside Sitrep,SUMSEL,9316,2023,2023:9316,2023,20740,127866,0.00457842252294363,410.0,False,False,-10.0,1,Terra,2023-10-07 15:10:00
105.222824097,-3.09030938148,2023-10-07 22:00:00,LAPAN,Aqua,Fire inside Sitrep,SUMSEL,9317,2023,2023:9317,2023,20741,127867,0.023435423541442846,410.0,False,False,-10.0,1,Terra,2023-10-07 15:10:00
105.542167664,-3.7329993248,2023-10-07 22:00:00,LAPAN,Aqua,Fire inside Sitrep,SUMSEL,9318,2023,2023:9318,2023,20742,127806,0.022452475999025494,410.0,False,False,-10.0,1,Terra,2023-10-07 15:10:00
105.54219,-3.73282,2023-10-07 22:00:00,NASA,Aqua,Fire inside Sitrep,SUMSEL,9319,2023,2023:9319,2023,20743,127806,0.002485343498593532,410.0,False,False,-10.0,1,Terra,2023-10-07 15:10:00
105.66556,-3.57011,2023-10-07 22:00:00,NASA,Aqua,Fire inside Sitrep,SUMSEL,9320,2023,2023:9320,2023,20744,127813,0.004576317196165939,410.0,False,False,-10.0,1,Terra,2023-10-07 15:10:00
105.65224,-3.55236,2023-10-07 22:00:00,NASA,Aqua,Fire inside Sitrep,SUMSEL,9321,2023,2023:9321,2023,20745,127817,0.006284103494781681,410.0,False,False,-10.0,1,Terra,2023-10-07 15:10:00
105.676048279,-3.568795681,2023-10-07 22:00:00,LAPAN,Aqua,Fire inside Sitrep,SUMSEL,9322,2023,2023:9322,2023,20746,127812,0.02250313472571358,410.0,False,False,-10.0,1,Terra,2023-10-07 15:10:00
105.66274,-3.55086,2023-10-07 22:00:00,NASA,Aqua,Fire inside Sitrep,SUMSEL,9323,2023,2023:9323,2023,20747,127816,0.006284108588809803,410.0,False,False,-10.0,1,Terra,2023-10-07 15:10:00
105.67608,-3.56862,2023-10-07 22:00:00,NASA,Aqua,Fire inside Sitrep,SUMSEL,9324,2023,2023:9324,2023,20748,127812,0.0031420241102133825,410.0,False,False,-10.0,1,Terra,2023-10-07 15:10:00
103.44411,-2.29952,2023-10-07 22:00:00,NASA,Aqua,Verified No fire,SUMSEL MUBA,9325,2023,2023:9325,2023,20749,127920,0.0024859972700207443,410.0,False,False,-10.0,1,Terra,2023-10-07 15:10:00
105.232925415,-3.08888792992,2023-10-07 22:00:00,LAPAN,Aqua,Fire inside Sitrep,SUMSEL,9326,2023,2023:9326,2023,20750,127866,0.021086557741435447,410.0,False,False,-10.0,1,Terra,2023-10-07 15:10:00
105.667625427,-3.51100301743,2023-10-07 22:00:00,LAPAN,Aqua,Fire inside Sitrep,SUMSEL,9327,2023,2023:9327,2023,20751,127822,0.02275024836713658,410.0,False,False,-10.0,1,Terra,2023-10-07 15:10:00
104.154747009,-1.79404473305,2023-10-07 22:00:00,LAPAN,Aqua,Verified No fire,SUMSEL MUBA,9328,2023,2023:9328,2023,20752,127933,0.01692041915175357,410.0,False,False,-10.0,1,Terra,2023-10-07 15:10:00
103.48364,-2.25757,2023-10-07 22:00:00,NASA,Aqua,Verified No fire,SUMSEL MUBA,9329,2023,2023:9329,2023,20753,127923,0.005556992596406787,410.0,False,False,-10.0,1,Terra,2023-10-07 15:10:00
105.531867981,-3.73448467255,2023-10-07 22:00:00,LAPAN,Aqua,Fire inside Sitrep,SUMSEL,9330,2023,2023:9330,2023,20754,127807,0.020839755244159538,410.0,False,False,-10.0,1,Terra,2023-10-07 15:10:00
103.474716187,-2.25900697708,2023-10-07 22:00:00,LAPAN,Aqua,Verified No fire,SUMSEL MUBA,9331,2023,2023:9331,2023,20755,127924,0.023084999435574422,410.0,False,False,-10.0,1,Terra,2023-10-07 15:10:00
105.53188,-3.73431,2023-10-07 22:00:00,NASA,Aqua,Fire inside Sitrep,SUMSEL,9332,2023,2023:9332,2023,20756,127807,0.002482175186556398,410.0,False,False,-10.0,1,Terra,2023-10-07 15:10:00
105.23021,-3.06981,2023-10-07 22:00:00,NASA,Aqua,Fire inside Sitrep,SUMSEL,9333,2023,2023:9333,2023,20757,127868,0.0015714080405846436,410.0,False,False,-10.0,1,Terra,2023-10-07 15:10:00
105.665527344,-3.5702893734,2023-10-07 22:00:00,LAPAN,Aqua,Fire inside Sitrep,SUMSEL,9334,2023,2023:9334,2023,20758,127813,0.02254840719621794,410.0,False,False,-10.0,1,Terra,2023-10-07 15:10:00
105.22285,-3.09013,2023-10-07 22:00:00,NASA,Aqua,Fire inside Sitrep,SUMSEL,9335,2023,2023:9335,2023,20759,127867,0.006476801030354277,410.0,False,False,-10.0,1,Terra,2023-10-07 15:10:00
104.15472,-1.79388,2023-10-07 22:00:00,NASA,Aqua,Verified No fire,SUMSEL MUBA,9336,2023,2023:9336,2023,20760,127933,0.0031443012113192143,410.0,False,False,-10.0,1,Terra,2023-10-07 15:10:00
103.47727,-2.27667,2023-10-07 22:00:00,NASA,Aqua,Verified No fire,SUMSEL MUBA,9337,2023,2023:9337,2023,20761,127921,0.004715746144481816,410.0,False,False,-10.0,1,Terra,2023-10-07 15:10:00
103.483642578,-2.2577457428,2023-10-07 22:00:00,LAPAN,Aqua,Verified No fire,SUMSEL MUBA,9338,2023,2023:9338,2023,20762,127923,0.016882268444593236,410.0,False,False,-10.0,1,Terra,2023-10-07 15:10:00
105.230186462,-3.06998872757,2023-10-07 22:00:00,LAPAN,Aqua,Fire inside Sitrep,SUMSEL,9339,2023,2023:9339,2023,20763,127868,0.021039345534987354,410.0,False,False,-10.0,1,Terra,2023-10-07 15:10:00
105.54427,-3.43675,2023-10-07 22:00:00,NASA,Aqua,Fire inside Sitrep,SUMSEL,9340,2023,2023:9340,2023,20764,127836,0.006480647044548502,410.0,False,False,-10.0,1,Terra,2023-10-07 15:10:00
103.477256775,-2.27684307098,2023-10-07 22:00:00,LAPAN,Aqua,Verified No fire,SUMSEL MUBA,9341,2023,2023:9341,2023,20765,127921,0.016617901885039345,410.0,False,False,-10.0,1,Terra,2023-10-07 15:10:00
105.51437,-3.35129,2023-10-08 10:00:00,NASA,Aqua,Fire inside Sitrep,SUMSEL,9572,2023,2023:9572,2023,20996,128156,0.003510885687189471,388.0,False,False,-32.0,1,Terra,2023-10-08 03:32:00
105.70502,-3.57511,2023-10-08 10:00:00,NASA,Aqua,Fire inside Sitrep,SUMSEL,9573,2023,2023:9573,2023,20997,128162,0.0024825273471123484,388.0,False,False,-32.0,1,Terra,2023-10-08 03:32:00
105.54633,-3.35562,2023-10-08 10:00:00,NASA,Aqua,Fire inside Sitrep,SUMSEL,9574,2023,2023:9574,2023,20998,128157,0.004004438063133183,388.0,False,False,-32.0,1,Terra,2023-10-08 03:32:00
103.64848,-1.38546,2023-10-08 10:00:00,NASA,Aqua,Verified No fire,JAMBI SMF,9575,2023,2023:9575,2023,20999,128146,0.004972504436757945,389.0,False,False,-31.0,1,Terra,2023-10-08 03:31:00
105.67185,-3.57061,2023-10-08 10:00:00,NASA,Aqua,Fire inside Sitrep,SUMSEL,9576,2023,2023:9576,2023,21000,128161,0.005659276285411472,388.0,False,False,-32.0,1,Terra,2023-10-08 03:32:00
103.87602,-2.1086,2023-10-08 10:00:00,NASA,Aqua,Verified No fire,SUMSEL MUBA,9577,2023,2023:9577,2023,21001,128151,0.0022223957607265736,388.0,False,False,-32.0,1,Terra,2023-10-08 03:32:00
105.67393,-3.55453,2023-10-08 10:00:00,NASA,Aqua,Fire inside Sitrep,SUMSEL,9578,2023,2023:9578,2023,21002,128150,0.004713072177060062,388.0,False,False,-32.0,1,Terra,2023-10-08 03:32:00
102.82950592,-1.15631425381,2023-10-09 01:00:00,LAPAN,Aqua,Verified No fire,JAMBI SMF,10013,2023,2023:10013,2023,21437,752806,0.35951711106072315,379.0,False,False,-41.0,2,NOAA20,2023-10-08 18:41:00
103.27230835,-2.49529600143,2023-10-09 01:00:00,LAPAN,Aqua,Verified No fire,SUMSEL MUBA,10016,2023,2023:10016,2023,21440,752784,0.20674587585661658,379.0,False,False,-41.0,2,NOAA20,2023-10-08 18:41:00
103.64433,-1.37385,2023-10-09 09:00:00,NASA,Aqua,Verified No fire,JAMBI SMF,10040,2023,2023:10040,2023,21464,128625,0.006483238339156047,386.0,False,False,-34.0,1,Terra,2023-10-09 02:34:00
104.15717,-1.7936,2023-10-09 21:00:00,NASA,Aqua,Verified Fire,SUMSEL MUBA,10105,2023,2023:10105,2023,21529,128932,0.0033342180505339897,366.0,False,False,-54.0,1,Terra,2023-10-09 14:54:00
104.156951904,-1.79380822182,2023-10-09 21:00:00,LAPAN,Aqua,Verified Fire,SUMSEL MUBA,10106,2023,2023:10106,2023,21530,128932,0.036005174130647286,366.0,False,False,-54.0,1,Terra,2023-10-09 14:54:00
105.509002686,-3.35632991791,2023-10-09 21:00:00,LAPAN,Aqua,Fire inside Sitrep,SUMSEL,10107,2023,2023:10107,2023,21531,128898,0.027754212494855438,367.0,False,False,-53.0,1,Terra,2023-10-09 14:53:00
105.23097,-3.09263,2023-10-09 21:00:00,NASA,Aqua,Fire inside Sitrep,SUMSEL,10108,2023,2023:10108,2023,21532,128882,0.004714173681459285,367.0,False,False,-53.0,1,Terra,2023-10-09 14:53:00
105.240638733,-3.09145021439,2023-10-09 21:00:00,LAPAN,Aqua,Fire inside Sitrep,SUMSEL,10109,2023,2023:10109,2023,21533,128881,0.01803524269813252,367.0,False,False,-53.0,1,Terra,2023-10-09 14:53:00
105.64677,-3.55871,2023-10-09 21:00:00,NASA,Aqua,Fire inside Sitrep,SUMSEL,10110,2023,2023:10110,2023,21534,128905,0.0035101954188546058,367.0,False,False,-53.0,1,Terra,2023-10-09 14:53:00
105.54551,-3.4074,2023-10-09 21:00:00,NASA,Aqua,Fire inside Sitrep,SUMSEL,10111,2023,2023:10111,2023,21535,128895,0.001109985049795263,367.0,False,False,-53.0,1,Terra,2023-10-09 14:53:00
105.24074,-3.09126,2023-10-09 21:00:00,NASA,Aqua,Fire inside Sitrep,SUMSEL,10112,2023,2023:10112,2023,21536,128881,0.006285568859925184,367.0,False,False,-53.0,1,Terra,2023-10-09 14:53:00
105.22836,-3.07402,2023-10-09 21:00:00,NASA,Aqua,Fire inside Sitrep,SUMSEL,10113,2023,2023:10113,2023,21537,128883,0.0049670716964235456,367.0,False,False,-53.0,1,Terra,2023-10-09 14:53:00
105.647979736,-3.56807041168,2023-10-09 21:00:00,LAPAN,Aqua,Fire inside Sitrep,SUMSEL,10114,2023,2023:10114,2023,21538,128890,0.0231775881343298,367.0,False,False,-53.0,1,Terra,2023-10-09 14:53:00
105.646690369,-3.55889558792,2023-10-09 21:00:00,LAPAN,Aqua,Fire inside Sitrep,SUMSEL,10115,2023,2023:10115,2023,21539,128905,0.0249204228775965,367.0,False,False,-53.0,1,Terra,2023-10-09 14:53:00
105.53813,-3.73908,2023-10-09 21:00:00,NASA,Aqua,Fire inside Sitrep,SUMSEL,10116,2023,2023:10116,2023,21540,128910,0.004003289320980006,367.0,False,False,-53.0,1,Terra,2023-10-09 14:53:00
105.528419495,-3.74059963226,2023-10-09 21:00:00,LAPAN,Aqua,Fire inside Sitrep,SUMSEL,10117,2023,2023:10117,2023,21541,128909,0.02392801120505013,367.0,False,False,-53.0,1,Terra,2023-10-09 14:53:00
102.766387939,-1.25984752178,2023-10-09 21:00:00,LAPAN,Aqua,Verified No fire,JAMBI SMF,10118,2023,2023:10118,2023,21542,128930,0.1967245607069436,366.0,False,False,-54.0,1,Terra,2023-10-09 14:54:00
105.45942,-3.63909,2023-10-09 21:00:00,NASA,Aqua,Fire inside Sitrep,SUMSEL,10119,2023,2023:10119,2023,21543,128907,0.002482387637267397,367.0,False,False,-53.0,1,Terra,2023-10-09 14:53:00
105.26154,-3.09781,2023-10-09 21:00:00,NASA,Aqua,Fire inside Sitrep,SUMSEL,10120,2023,2023:10120,2023,21544,128880,0.004578385545455153,367.0,False,False,-53.0,1,Terra,2023-10-09 14:53:00
105.64806,-3.56788,2023-10-09 21:00:00,NASA,Aqua,Fire inside Sitrep,SUMSEL,10121,2023,2023:10121,2023,21545,128890,0.004965085887530321,367.0,False,False,-53.0,1,Terra,2023-10-09 14:53:00
105.538047791,-3.73927283287,2023-10-09 21:00:00,LAPAN,Aqua,Fire inside Sitrep,SUMSEL,10122,2023,2023:10122,2023,21546,128910,0.02007229451676033,367.0,False,False,-53.0,1,Terra,2023-10-09 14:53:00
105.63728,-3.56002,2023-10-09 21:00:00,NASA,Aqua,Fire inside Sitrep,SUMSEL,10123,2023,2023:10123,2023,21547,128904,0.00314203876911341,367.0,False,False,-53.0,1,Terra,2023-10-09 14:53:00
105.228271484,-3.07421541214,2023-10-09 21:00:00,LAPAN,Aqua,Fire inside Sitrep,SUMSEL,10124,2023,2023:10124,2023,21548,128883,0.027881210750248114,367.0,False,False,-53.0,1,Terra,2023-10-09 14:53:00
105.54704,-3.44302,2023-10-09 21:00:00,NASA,Aqua,Fire inside Sitrep,SUMSEL,10125,2023,2023:10125,2023,21549,128900,0.004965615854275232,367.0,False,False,-53.0,1,Terra,2023-10-09 14:53:00
105.546936035,-3.44321513176,2023-10-09 21:00:00,LAPAN,Aqua,Fire inside Sitrep,SUMSEL,10126,2023,2023:10126,2023,21550,128900,0.02495293852936179,367.0,False,False,-53.0,1,Terra,2023-10-09 14:53:00
105.230873108,-3.0928208828,2023-10-09 21:00:00,LAPAN,Aqua,Fire inside Sitrep,SUMSEL,10127,2023,2023:10127,2023,21551,128882,0.028315237713096617,367.0,False,False,-53.0,1,Terra,2023-10-09 14:53:00
104.155586243,-1.7840886116,2023-10-09 21:00:00,LAPAN,Aqua,Verified Fire,SUMSEL MUBA,10128,2023,2023:10128,2023,21552,128931,0.0316900335366753,366.0,False,False,-54.0,1,Terra,2023-10-09 14:54:00
105.50909,-3.35614,2023-10-09 21:00:00,NASA,Aqua,Fire inside Sitrep,SUMSEL,10129,2023,2023:10129,2023,21553,128898,0.0045842284554014155,367.0,False,False,-53.0,1,Terra,2023-10-09 14:53:00
105.637199402,-3.5602145195,2023-10-09 21:00:00,LAPAN,Aqua,Fire inside Sitrep,SUMSEL,10130,2023,2023:10130,2023,21554,128904,0.02633693732160524,367.0,False,False,-53.0,1,Terra,2023-10-09 14:53:00
104.15581,-1.78388,2023-10-09 21:00:00,NASA,Aqua,Verified Fire,SUMSEL MUBA,10131,2023,2023:10131,2023,21555,128931,0.0024861566232946236,366.0,False,False,-54.0,1,Terra,2023-10-09 14:54:00
105.49951,-3.35746,2023-10-09 21:00:00,NASA,Aqua,Fire inside Sitrep,SUMSEL,10132,2023,2023:10132,2023,21556,128918,0.0045842280811680645,367.0,False,False,-53.0,1,Terra,2023-10-09 14:53:00
105.52852,-3.74041,2023-10-09 21:00:00,NASA,Aqua,Fire inside Sitrep,SUMSEL,10133,2023,2023:10133,2023,21557,128909,0.0024821613899312254,367.0,False,False,-53.0,1,Terra,2023-10-09 14:53:00
102.76811,-1.25943,2023-10-09 21:00:00,NASA,Aqua,Verified No fire,JAMBI SMF,10134,2023,2023:10134,2023,21558,128930,0.0035162122467249355,366.0,False,False,-54.0,1,Terra,2023-10-09 14:54:00
105.545646667,-3.43401098251,2023-10-09 21:00:00,LAPAN,Aqua,Fire inside Sitrep,SUMSEL,10135,2023,2023:10135,2023,21559,128899,0.024195554707267468,367.0,False,False,-53.0,1,Terra,2023-10-09 14:53:00
105.261436462,-3.09800291061,2023-10-09 21:00:00,LAPAN,Aqua,Fire inside Sitrep,SUMSEL,10136,2023,2023:10136,2023,21560,128880,0.023639875974561485,367.0,False,False,-53.0,1,Terra,2023-10-09 14:53:00
105.54574,-3.43382,2023-10-09 21:00:00,NASA,Aqua,Fire inside Sitrep,SUMSEL,10137,2023,2023:10137,2023,21561,128899,0.004965654152017694,367.0,False,False,-53.0,1,Terra,2023-10-09 14:53:00
104.1575,-1.78406,2023-10-10 10:00:00,NASA,Aqua,Verified Fire,SUMSEL MUBA,10331,2023,2023:10331,2023,21755,128974,0.004447803209357311,405.0,False,False,-15.0,1,Terra,2023-10-10 03:15:00
104.15613,-1.79404,2023-10-10 10:00:00,NASA,Aqua,Verified Fire,SUMSEL MUBA,10332,2023,2023:10332,2023,21756,128983,0.005558773092248822,405.0,False,False,-15.0,1,Terra,2023-10-10 03:15:00
105.66251,-3.55727,2023-10-10 10:00:00,NASA,Aqua,Fire inside Sitrep,SUMSEL,10333,2023,2023:10333,2023,21757,128996,0.0035156202707621407,405.0,False,False,-15.0,1,Terra,2023-10-10 03:15:00
102.96358,-0.74835,2023-10-10 10:00:00,NASA,Aqua,Verified No fire,JAMBI SMF,10334,2023,2023:10334,2023,21758,128980,0.005987967877520292,405.0,False,False,-15.0,1,Terra,2023-10-10 03:15:00
105.79803,-3.61151,2023-10-10 10:00:00,NASA,Aqua,Fire inside Sitrep,SUMSEL,10335,2023,2023:10335,2023,21759,128997,0.0035100130923898533,405.0,False,False,-15.0,1,Terra,2023-10-10 03:15:00
105.79469299,-3.54753804,2023-10-10 13:00:00,LAPAN,NOAA20,Fire inside Sitrep,SUMSEL,10354,2023,2023:10354,2023,21778,1447951,0.2166583530959984,409.0,False,False,-11.0,2,SNPP,2023-10-10 06:11:00
105.79116058,-3.54811883,2023-10-10 13:00:00,LAPAN,NOAA20,Fire inside Sitrep,SUMSEL,10374,2023,2023:10374,2023,21798,1447952,0.14148701612384185,409.0,False,False,-11.0,1,SNPP,2023-10-10 06:11:00
105.27432,-3.09613,2023-10-11 21:00:00,NASA,Aqua,Fire inside Sitrep,SUMSEL,10781,2023,2023:10781,2023,22205,129641,0.004007395903129581,383.0,False,False,-37.0,1,Terra,2023-10-11 14:37:00
105.25541687,-3.09889006615,2023-10-11 21:00:00,LAPAN,Aqua,Fire inside Sitrep,SUMSEL,10782,2023,2023:10782,2023,22206,129642,0.037880409282994,383.0,False,False,-37.0,1,Terra,2023-10-11 14:37:00
105.23528,-3.08865,2023-10-11 21:00:00,NASA,Aqua,Verified No fire,SUMSEL,10783,2023,2023:10783,2023,22207,129643,0.005986839313135319,383.0,False,False,-37.0,1,Terra,2023-10-11 14:37:00
105.40784,-3.299,2023-10-11 21:00:00,NASA,Aqua,Fire inside Sitrep,SUMSEL,10784,2023,2023:10784,2023,22208,129638,0.0044404324033414586,383.0,False,False,-37.0,1,Terra,2023-10-11 14:37:00
105.69732666,-3.55872941017,2023-10-11 21:00:00,LAPAN,Aqua,Fire inside Sitrep,SUMSEL,10785,2023,2023:10785,2023,22209,129616,0.031949971397586964,384.0,False,False,-36.0,1,Terra,2023-10-11 14:36:00
105.70456,-3.56236,2023-10-11 21:00:00,NASA,Aqua,Fire inside Sitrep,SUMSEL,10786,2023,2023:10786,2023,22210,129615,0.006284069466592717,384.0,False,False,-36.0,1,Terra,2023-10-11 14:36:00
105.704345703,-3.56258273125,2023-10-11 21:00:00,LAPAN,Aqua,Fire inside Sitrep,SUMSEL,10787,2023,2023:10787,2023,22211,129615,0.0347754490406628,384.0,False,False,-36.0,1,Terra,2023-10-11 14:36:00
105.37527,-3.67206,2023-10-11 21:00:00,NASA,Aqua,Fire inside Sitrep,SUMSEL,10788,2023,2023:10788,2023,22212,129611,0.005555647502723209,384.0,False,False,-36.0,1,Terra,2023-10-11 14:36:00
105.374931335,-3.67229819298,2023-10-11 21:00:00,LAPAN,Aqua,Fire inside Sitrep,SUMSEL,10789,2023,2023:10789,2023,22213,129611,0.04646794365369183,384.0,False,False,-36.0,1,Terra,2023-10-11 14:36:00
105.69755,-3.55851,2023-10-11 21:00:00,NASA,Aqua,Fire inside Sitrep,SUMSEL,10790,2023,2023:10790,2023,22214,129616,0.005659347863667714,384.0,False,False,-36.0,1,Terra,2023-10-11 14:36:00
105.274040222,-3.09635543823,2023-10-11 21:00:00,LAPAN,Aqua,Fire inside Sitrep,SUMSEL,10791,2023,2023:10791,2023,22215,129641,0.04048118223584467,383.0,False,False,-37.0,1,Terra,2023-10-11 14:37:00
105.36967,-3.67079,2023-10-11 21:00:00,NASA,Aqua,Fire inside Sitrep,SUMSEL,10792,2023,2023:10792,2023,22216,129612,0.0035098051599071313,384.0,False,False,-36.0,1,Terra,2023-10-11 14:36:00
105.25569,-3.09866,2023-10-11 21:00:00,NASA,Aqua,Fire inside Sitrep,SUMSEL,10793,2023,2023:10793,2023,22217,129642,0.0045842965740985776,383.0,False,False,-37.0,1,Terra,2023-10-11 14:37:00
105.39566803,-3.29261732101,2023-10-12 22:00:00,LAPAN,Aqua,Fire inside Sitrep,SUMSEL,11483,2023,2023:11483,2023,22907,129944,0.024424254603080772,403.0,False,False,-17.0,1,Terra,2023-10-12 15:17:00
105.409233093,-3.29066085815,2023-10-12 22:00:00,LAPAN,Aqua,Fire inside Sitrep,SUMSEL,11484,2023,2023:11484,2023,22908,129943,0.018260007294348075,403.0,False,False,-17.0,1,Terra,2023-10-12 15:17:00
105.24503,-3.09719,2023-10-12 22:00:00,NASA,Aqua,Fire inside Sitrep,SUMSEL,11485,2023,2023:11485,2023,22909,129949,0.0035116749414550196,403.0,False,False,-17.0,1,Terra,2023-10-12 15:17:00
105.271682739,-3.09347629547,2023-10-12 22:00:00,LAPAN,Aqua,Fire inside Sitrep,SUMSEL,11486,2023,2023:11486,2023,22910,129947,0.019696653219807535,403.0,False,False,-17.0,1,Terra,2023-10-12 15:17:00
105.27168,-3.09329,2023-10-12 22:00:00,NASA,Aqua,Fire inside Sitrep,SUMSEL,11487,2023,2023:11487,2023,22911,129947,0.00248349984242266,403.0,False,False,-17.0,1,Terra,2023-10-12 15:17:00
105.380569458,-3.67358374596,2023-10-12 22:00:00,LAPAN,Aqua,Fire inside Sitrep,SUMSEL,11488,2023,2023:11488,2023,22912,129969,0.021837079500356443,403.0,False,False,-17.0,1,Terra,2023-10-12 15:17:00
102.833847046,-1.15276479721,2023-10-12 22:00:00,LAPAN,Aqua,Verified Fire,JAMBI SMF,11489,2023,2023:11489,2023,22913,129974,0.072293715647803,402.0,False,False,-18.0,1,Terra,2023-10-12 15:18:00
105.68925,-3.58394,2023-10-12 22:00:00,NASA,Aqua,Fire inside Sitrep,SUMSEL,11490,2023,2023:11490,2023,22914,129970,0.0071114718752426365,403.0,False,False,-17.0,1,Terra,2023-10-12 15:17:00
105.40925,-3.29047,2023-10-12 22:00:00,NASA,Aqua,Fire inside Sitrep,SUMSEL,11491,2023,2023:11491,2023,22915,129943,0.006475873558800332,403.0,False,False,-17.0,1,Terra,2023-10-12 15:17:00
105.245033264,-3.09738135338,2023-10-12 22:00:00,LAPAN,Aqua,Fire inside Sitrep,SUMSEL,11492,2023,2023:11492,2023,22916,129949,0.02050104144210339,403.0,False,False,-17.0,1,Terra,2023-10-12 15:17:00
105.25833,-3.09524,2023-10-12 22:00:00,NASA,Aqua,Fire inside Sitrep,SUMSEL,11493,2023,2023:11493,2023,22917,129948,0.0055568355269215025,403.0,False,False,-17.0,1,Terra,2023-10-12 15:17:00
105.5565,-3.75422,2023-10-12 22:00:00,NASA,Aqua,Fire inside Sitrep,SUMSEL,11494,2023,2023:11494,2023,22918,129968,0.00222390160473229,403.0,False,False,-17.0,1,Terra,2023-10-12 15:17:00
102.82319,-1.15409,2023-10-12 22:00:00,NASA,Aqua,Verified Fire,JAMBI SMF,11495,2023,2023:11495,2023,22919,129975,0.0015723764123493358,402.0,False,False,-18.0,1,Terra,2023-10-12 15:18:00
105.38054,-3.6734,2023-10-12 22:00:00,NASA,Aqua,Fire inside Sitrep,SUMSEL,11496,2023,2023:11496,2023,22920,129969,0.004438665064969758,403.0,False,False,-17.0,1,Terra,2023-10-12 15:17:00
105.258338928,-3.09543132782,2023-10-12 22:00:00,LAPAN,Aqua,Fire inside Sitrep,SUMSEL,11497,2023,2023:11497,2023,22921,129948,0.026083135722488285,403.0,False,False,-17.0,1,Terra,2023-10-12 15:17:00
105.556480408,-3.75441408157,2023-10-12 22:00:00,LAPAN,Aqua,Fire inside Sitrep,SUMSEL,11498,2023,2023:11498,2023,22922,129968,0.02390386980491116,403.0,False,False,-17.0,1,Terra,2023-10-12 15:17:00
102.83324,-1.15266,2023-10-12 22:00:00,NASA,Aqua,Verified Fire,JAMBI SMF,11499,2023,2023:11499,2023,22923,129974,0.006289507212133847,402.0,False,False,-18.0,1,Terra,2023-10-12 15:18:00
105.39568,-3.29243,2023-10-12 22:00:00,NASA,Aqua,Fire inside Sitrep,SUMSEL,11500,2023,2023:11500,2023,22924,129944,0.0040071606547953335,403.0,False,False,-17.0,1,Terra,2023-10-12 15:17:00
105.41086,-3.30131,2023-10-12 22:00:00,NASA,Aqua,Fire inside Sitrep,SUMSEL,11501,2023,2023:11501,2023,22925,129942,0.00457753023425148,403.0,False,False,-17.0,1,Terra,2023-10-12 15:17:00
105.490036011,-3.82338500023,2023-10-13 13:00:00,LAPAN,Aqua,Fire inside Sitrep,SUMSEL,12174,2023,2023:12174,2023,23598,1454234,0.460110836203287,365.0,False,False,-55.0,1,SNPP,2023-10-13 06:55:00
105.50516,-3.35281,2023-10-14 09:00:00,NASA,Aqua,Fire inside Sitrep,SUMSEL,12675,2023,2023:12675,2023,24099,130661,0.004577305164283331,378.0,False,False,-42.0,1,Terra,2023-10-14 02:42:00
103.48273,-2.29973,2023-10-14 22:00:00,NASA,Aqua,Verified No fire,SUMSEL MUBA,13228,2023,2023:13228,2023,24652,131017,0.004715708307067466,419.0,False,False,-1.0,1,Terra,2023-10-14 15:01:00
103.43577,-2.24084,2023-10-14 22:00:00,NASA,Aqua,Verified No fire,SUMSEL MUBA,13229,2023,2023:13229,2023,24653,131014,0.005558223857253578,419.0,False,False,-1.0,1,Terra,2023-10-14 15:01:00
103.30341,-2.462,2023-10-14 22:00:00,NASA,Aqua,Verified No fire,SUMSEL MUBA,13230,2023,2023:13230,2023,24654,131019,0.001110924395427177,419.0,False,False,-1.0,1,Terra,2023-10-14 15:01:00
103.43272,-2.28805,2023-10-14 22:00:00,NASA,Aqua,Verified No fire,SUMSEL MUBA,13231,2023,2023:13231,2023,24655,131015,0.00598738008632642,419.0,False,False,-1.0,1,Terra,2023-10-14 15:01:00
102.77019,-1.25677,2023-10-14 22:00:00,NASA,Aqua,Verified No fire,JAMBI SMF,13232,2023,2023:13232,2023,24656,131003,0.003516212601457486,419.0,False,False,-1.0,1,Terra,2023-10-14 15:01:00
105.24245,-3.09492,2023-10-14 22:00:00,NASA,Aqua,Fire inside Sitrep,SUMSEL,13233,2023,2023:13233,2023,24657,130943,0.0059805100082830406,419.0,False,False,-1.0,1,Terra,2023-10-14 15:01:00
105.24119,-3.08605,2023-10-14 22:00:00,NASA,Aqua,Verified No fire,SUMSEL,13234,2023,2023:13234,2023,24658,130941,0.005669542808957341,419.0,False,False,-1.0,1,Terra,2023-10-14 15:01:00
105.25127,-3.09368,2023-10-14 22:00:00,NASA,Aqua,Fire inside Sitrep,SUMSEL,13235,2023,2023:13235,2023,24659,130944,0.0040051514421326605,419.0,False,False,-1.0,1,Terra,2023-10-14 15:01:00
105.26891,-3.09121,2023-10-14 22:00:00,NASA,Aqua,Verified No fire,SUMSEL,13236,2023,2023:13236,2023,24660,130945,0.0015713922704363242,419.0,False,False,-1.0,1,Terra,2023-10-14 15:01:00
102.76871,-1.24742,2023-10-14 22:00:00,NASA,Aqua,Verified No fire,JAMBI SMF,13237,2023,2023:13237,2023,24661,131002,0.0024862797437785415,419.0,False,False,-1.0,1,Terra,2023-10-14 15:01:00
103.29374,-2.46334,2023-10-14 22:00:00,NASA,Aqua,Verified No fire,SUMSEL MUBA,13238,2023,2023:13238,2023,24662,131018,0.006287238062825769,419.0,False,False,-1.0,1,Terra,2023-10-14 15:01:00
105.63125,-3.12341,2023-10-14 22:00:00,NASA,Aqua,Fire inside Sitrep,SUMSEL,13239,2023,2023:13239,2023,24663,130950,0.005661760418708382,419.0,False,False,-1.0,1,Terra,2023-10-14 15:01:00
105.27774,-3.08997,2023-10-14 22:00:00,NASA,Aqua,Verified No fire,SUMSEL,13240,2023,2023:13240,2023,24664,130946,0.0055545820656834576,419.0,False,False,-1.0,1,Terra,2023-10-14 15:01:00
105.23237,-3.08729,2023-10-14 22:00:00,NASA,Aqua,Fire inside Sitrep,SUMSEL,13241,2023,2023:13241,2023,24665,130940,0.003511704435785648,419.0,False,False,-1.0,1,Terra,2023-10-14 15:01:00
103.47326,-2.30107,2023-10-14 22:00:00,NASA,Aqua,Verified No fire,SUMSEL MUBA,13242,2023,2023:13242,2023,24666,131016,0.005556885185354819,419.0,False,False,-1.0,1,Terra,2023-10-14 15:01:00
103.6718,-2.1961,2023-10-15 10:00:00,NASA,Aqua,Verified No fire,SUMSEL MUBA,13564,2023,2023:13564,2023,24988,131082,0.0,398.0,False,False,-22.0,1,Terra,2023-10-15 03:22:00
103.43037,-2.28879,2023-10-15 10:00:00,NASA,Aqua,Verified No fire,SUMSEL MUBA,13565,2023,2023:13565,2023,24989,131088,0.003513772588106028,398.0,False,False,-22.0,1,Terra,2023-10-15 03:22:00
105.22634,-3.09011,2023-10-15 10:00:00,NASA,Aqua,Fire inside Sitrep,SUMSEL,13566,2023,2023:13566,2023,24990,131097,0.0045784168413362395,398.0,False,False,-22.0,1,Terra,2023-10-15 03:22:00
103.30935,-2.46661,2023-10-15 10:00:00,NASA,Aqua,Verified No fire,SUMSEL MUBA,13567,2023,2023:13567,2023,24991,131092,0.005664807715974745,398.0,False,False,-22.0,1,Terra,2023-10-15 03:22:00
103.2957,-2.46467,2023-10-15 10:00:00,NASA,Aqua,Verified No fire,SUMSEL MUBA,13568,2023,2023:13568,2023,24992,131091,0.003335852407031032,398.0,False,False,-22.0,1,Terra,2023-10-15 03:22:00
102.93762,-0.921,2023-10-15 10:00:00,NASA,Aqua,Verified No fire,JAMBI SMF,13569,2023,2023:13569,2023,24993,131086,0.0022236142938346797,398.0,False,False,-22.0,1,Terra,2023-10-15 03:22:00
103.430923462,-2.28867387772,2023-10-15 10:00:00,LAPAN,Aqua,Verified No fire,SUMSEL MUBA,13571,2023,2023:13571,2023,24995,131088,0.05982691002435145,398.0,False,False,-22.0,1,Terra,2023-10-15 03:22:00
105.60189,-3.01318,2023-10-15 10:00:00,NASA,Aqua,Fire inside Sitrep,SUMSEL,13572,2023,2023:13572,2023,24996,131096,0.0024857104532794417,398.0,False,False,-22.0,1,Terra,2023-10-15 03:22:00
105.24609,-3.09284,2023-10-15 10:00:00,NASA,Aqua,Fire inside Sitrep,SUMSEL,13573,2023,2023:13573,2023,24997,131098,0.0045842980613342256,398.0,False,False,-22.0,1,Terra,2023-10-15 03:22:00
103.67225647,-2.19596791267,2023-10-15 10:00:00,LAPAN,Aqua,Verified No fire,SUMSEL MUBA,13574,2023,2023:13574,2023,24998,131082,0.05280373002005508,398.0,False,False,-22.0,1,Terra,2023-10-15 03:22:00
105.19663,-3.09117,2023-10-15 22:00:00,NASA,Aqua,Fire inside Sitrep,SUMSEL,13652,2023,2023:13652,2023,25076,131307,0.004714176855587558,379.0,False,False,-41.0,1,Terra,2023-10-15 15:41:00
105.22902,-3.08342,2023-10-15 22:00:00,NASA,Aqua,Fire inside Sitrep,SUMSEL,13653,2023,2023:13653,2023,25077,131308,0.003142796055425389,379.0,False,False,-41.0,1,Terra,2023-10-15 15:41:00
105.23626,-3.08493,2023-10-15 22:00:00,NASA,Aqua,Fire inside Sitrep,SUMSEL,13654,2023,2023:13654,2023,25078,131306,0.005554599015730299,379.0,False,False,-41.0,1,Terra,2023-10-15 15:41:00
103.55339,-2.14378,2023-10-15 22:00:00,NASA,Aqua,Verified No fire,SUMSEL MUBA,13655,2023,2023:13655,2023,25079,131317,0.002486049631254808,379.0,False,False,-41.0,1,Terra,2023-10-15 15:41:00
103.54863,-2.14839,2023-10-15 22:00:00,NASA,Aqua,Verified No fire,SUMSEL MUBA,13656,2023,2023:13656,2023,25080,131321,0.0035140727712959906,378.0,False,False,-42.0,1,Terra,2023-10-15 15:42:00
105.22581,-3.08864,2023-10-16 02:00:00,NASA,Aqua,Fire inside Sitrep,SUMSEL,13879,2023,2023:13879,2023,25303,1460072,0.20576673855479508,420.0,False,False,0.0,5,SNPP,2023-10-15 19:00:00
105.23663,-3.08083,2023-10-16 02:00:00,NASA,Aqua,Verified No fire,SUMSEL,13880,2023,2023:13880,2023,25304,1460061,0.1862088359915709,420.0,False,False,0.0,2,SNPP,2023-10-15 19:00:00
105.64394,-3.14032,2023-10-16 02:00:00,NASA,Aqua,Fire inside Sitrep,SUMSEL,13882,2023,2023:13882,2023,25306,1460059,0.11464598278975155,420.0,False,False,0.0,2,SNPP,2023-10-15 19:00:00
105.58857,-3.01204,2023-10-16 02:00:00,NASA,Aqua,Fire inside Sitrep,SUMSEL,13894,2023,2023:13894,2023,25318,1459923,0.16193928305916439,420.0,False,False,0.0,2,SNPP,2023-10-15 19:00:00
105.59501,-3.00622,2023-10-16 02:00:00,NASA,Aqua,Fire inside Sitrep,SUMSEL,13896,2023,2023:13896,2023,25320,1459925,0.3237516483485601,420.0,False,False,0.0,1,SNPP,2023-10-15 19:00:00
105.59634,-2.99687,2023-10-16 02:00:00,NASA,Aqua,Fire inside Sitrep,SUMSEL,13909,2023,2023:13909,2023,25333,1459932,0.39928424044527566,420.0,False,False,0.0,1,SNPP,2023-10-15 19:00:00
105.55307,-3.76269,2023-10-16 02:00:00,NASA,Aqua,Fire inside Sitrep,SUMSEL,13912,2023,2023:13912,2023,25336,1460146,0.07010154301121657,420.0,False,False,0.0,2,SNPP,2023-10-15 19:00:00
105.55441,-3.75329,2023-10-16 02:00:00,NASA,Aqua,Fire inside Sitrep,SUMSEL,13927,2023,2023:13927,2023,25351,1460141,0.4032965117315717,420.0,False,False,0.0,1,SNPP,2023-10-15 19:00:00
105.5852,-3.00476,2023-10-16 02:00:00,NASA,Aqua,Fire inside Sitrep,SUMSEL,13936,2023,2023:13936,2023,25360,1459927,0.15227405487670137,420.0,False,False,0.0,2,SNPP,2023-10-15 19:00:00
105.46323,-3.72391,2023-10-16 02:00:00,NASA,Aqua,Fire inside Sitrep,SUMSEL,13938,2023,2023:13938,2023,25362,1460138,0.24493041901870938,420.0,False,False,0.0,2,SNPP,2023-10-15 19:00:00
105.22713,-3.07943,2023-10-16 02:00:00,NASA,Aqua,Fire inside Sitrep,SUMSEL,13942,2023,2023:13942,2023,25366,1460084,0.014814936305032195,420.0,False,False,0.0,6,SNPP,2023-10-15 19:00:00
105.23531,-3.09003,2023-10-16 02:00:00,NASA,Aqua,Fire inside Sitrep,SUMSEL,13954,2023,2023:13954,2023,25378,1460069,0.24164060837800042,420.0,False,False,0.0,7,SNPP,2023-10-15 19:00:00
105.5061,-3.73674,2023-10-16 02:00:00,NASA,Aqua,Fire inside Sitrep,SUMSEL,13968,2023,2023:13968,2023,25392,1460140,0.18696598287915683,420.0,False,False,0.0,1,SNPP,2023-10-15 19:00:00
105.67258,-3.55142,2023-10-16 02:00:00,NASA,Aqua,Fire inside Sitrep,SUMSEL,13970,2023,2023:13970,2023,25394,1460108,0.18934031641876678,420.0,False,False,0.0,2,SNPP,2023-10-15 19:00:00
105.24483,-3.09143,2023-10-16 02:00:00,NASA,Aqua,Fire inside Sitrep,SUMSEL,13973,2023,2023:13973,2023,25397,1460046,0.201486073275482,420.0,False,False,0.0,4,SNPP,2023-10-15 19:00:00
103.44395,-2.26975,2023-10-16 21:00:00,NASA,Aqua,Verified No fire,SUMSEL MUBA,15558,2023,2023:15558,2023,26982,132061,0.007859595842925966,376.0,False,False,-44.0,1,Terra,2023-10-16 14:44:00
103.449325562,-2.27336931229,2023-10-16 21:00:00,LAPAN,Aqua,Verified No fire,SUMSEL MUBA,15559,2023,2023:15559,2023,26983,132060,0.0705005716020497,376.0,False,False,-44.0,1,Terra,2023-10-16 14:44:00
105.220878601,-3.07838582993,2023-10-16 21:00:00,LAPAN,Aqua,Fire inside Sitrep,SUMSEL,15560,2023,2023:15560,2023,26984,131959,0.024671274279900273,376.0,False,False,-44.0,1,Terra,2023-10-16 14:44:00
103.25038,-2.48271,2023-10-16 21:00:00,NASA,Aqua,Verified No fire,SUMSEL MUBA,15561,2023,2023:15561,2023,26985,132056,0.002484530657439951,376.0,False,False,-44.0,1,Terra,2023-10-16 14:44:00
103.27998,-2.46345,2023-10-16 21:00:00,NASA,Aqua,Verified No fire,SUMSEL MUBA,15562,2023,2023:15562,2023,26986,132057,0.005987275353587141,376.0,False,False,-44.0,1,Terra,2023-10-16 14:44:00
105.459762573,-3.72131061554,2023-10-16 21:00:00,LAPAN,Aqua,Fire inside Sitrep,SUMSEL,15563,2023,2023:15563,2023,26987,132032,0.03524954835513725,376.0,False,False,-44.0,1,Terra,2023-10-16 14:44:00
105.502037048,-3.7371931076,2023-10-16 21:00:00,LAPAN,Aqua,Fire inside Sitrep,SUMSEL,15564,2023,2023:15564,2023,26988,132035,0.028071218349921667,376.0,False,False,-44.0,1,Terra,2023-10-16 14:44:00
105.235740662,-3.08732938766,2023-10-16 21:00:00,LAPAN,Aqua,Fire inside Sitrep,SUMSEL,15565,2023,2023:15565,2023,26989,131962,0.031041886253579336,376.0,False,False,-44.0,1,Terra,2023-10-16 14:44:00
105.23593,-3.0871,2023-10-16 21:00:00,NASA,Aqua,Fire inside Sitrep,SUMSEL,15566,2023,2023:15566,2023,26990,131962,0.003331011486086023,376.0,False,False,-44.0,1,Terra,2023-10-16 14:44:00
102.83538,-1.13831,2023-10-16 21:00:00,NASA,Aqua,Verified Fire,JAMBI SMF,15567,2023,2023:15567,2023,26991,132077,0.002486005045572844,375.0,False,False,-45.0,1,Terra,2023-10-16 14:45:00
105.5872,-3.00034,2023-10-16 21:00:00,NASA,Aqua,Fire inside Sitrep,SUMSEL,15568,2023,2023:15568,2023,26992,131953,0.004447803209319333,376.0,False,False,-44.0,1,Terra,2023-10-16 14:44:00
105.587051392,-3.00055861473,2023-10-16 21:00:00,LAPAN,Aqua,Fire inside Sitrep,SUMSEL,15569,2023,2023:15569,2023,26993,131953,0.03315504823827923,376.0,False,False,-44.0,1,Terra,2023-10-16 14:44:00
105.592605591,-2.99570870399,2023-10-16 21:00:00,LAPAN,Aqua,Fire inside Sitrep,SUMSEL,15570,2023,2023:15570,2023,26994,131956,0.03169527853963067,376.0,False,False,-44.0,1,Terra,2023-10-16 14:44:00
105.59276,-2.99549,2023-10-16 21:00:00,NASA,Aqua,Fire inside Sitrep,SUMSEL,15571,2023,2023:15571,2023,26995,131956,0.004578795027932732,376.0,False,False,-44.0,1,Terra,2023-10-16 14:44:00
105.58575,-2.98987,2023-10-16 21:00:00,NASA,Aqua,Fire inside Sitrep,SUMSEL,15572,2023,2023:15572,2023,26996,131952,0.006477243157701654,376.0,False,False,-44.0,1,Terra,2023-10-16 14:44:00
105.58018,-2.99718,2023-10-16 21:00:00,NASA,Aqua,Verified No fire,SUMSEL,15573,2023,2023:15573,2023,26997,131955,0.0031429214768267984,376.0,False,False,-44.0,1,Terra,2023-10-16 14:44:00
105.58001709,-2.9973962307,2023-10-16 21:00:00,LAPAN,Aqua,Verified No fire,SUMSEL,15574,2023,2023:15574,2023,26998,131955,0.029810047362054365,376.0,False,False,-44.0,1,Terra,2023-10-16 14:44:00
105.23444,-3.07634,2023-10-16 21:00:00,NASA,Aqua,Verified No fire,SUMSEL,15575,2023,2023:15575,2023,26999,131960,0.0062856130043477424,376.0,False,False,-44.0,1,Terra,2023-10-16 14:44:00
105.22255,-3.08894,2023-10-16 21:00:00,NASA,Aqua,Fire inside Sitrep,SUMSEL,15576,2023,2023:15576,2023,27000,131961,0.007113653289180326,376.0,False,False,-44.0,1,Terra,2023-10-16 14:44:00
105.50222,-3.73697,2023-10-16 21:00:00,NASA,Aqua,Fire inside Sitrep,SUMSEL,15577,2023,2023:15577,2023,27001,132035,0.004006574631342234,376.0,False,False,-44.0,1,Terra,2023-10-16 14:44:00
105.585609436,-2.99009251595,2023-10-16 21:00:00,LAPAN,Aqua,Fire inside Sitrep,SUMSEL,15578,2023,2023:15578,2023,27002,131952,0.030100453395005295,376.0,False,False,-44.0,1,Terra,2023-10-16 14:44:00
103.249656677,-2.48301005363,2023-10-16 21:00:00,LAPAN,Aqua,Verified No fire,SUMSEL MUBA,15579,2023,2023:15579,2023,27003,132056,0.08948443868686533,376.0,False,False,-44.0,1,Terra,2023-10-16 14:44:00
103.279296875,-2.46374750137,2023-10-16 21:00:00,LAPAN,Aqua,Verified No fire,SUMSEL MUBA,15580,2023,2023:15580,2023,27004,132057,0.08714662285185025,376.0,False,False,-44.0,1,Terra,2023-10-16 14:44:00
103.44992,-2.27309,2023-10-16 21:00:00,NASA,Aqua,Verified No fire,SUMSEL MUBA,15581,2023,2023:15581,2023,27005,132060,0.00248483252783398,376.0,False,False,-44.0,1,Terra,2023-10-16 14:44:00
105.25077,-3.09603,2023-10-16 21:00:00,NASA,Aqua,Fire inside Sitrep,SUMSEL,15582,2023,2023:15582,2023,27006,131964,0.004714166130960818,376.0,False,False,-44.0,1,Terra,2023-10-16 14:44:00
105.445121765,-3.71242833138,2023-10-16 21:00:00,LAPAN,Aqua,Fire inside Sitrep,SUMSEL,15583,2023,2023:15583,2023,27007,132030,0.032183198704774346,376.0,False,False,-44.0,1,Terra,2023-10-16 14:44:00
105.458297729,-3.71062064171,2023-10-16 21:00:00,LAPAN,Aqua,Fire inside Sitrep,SUMSEL,15584,2023,2023:15584,2023,27008,132031,0.03325178624715149,376.0,False,False,-44.0,1,Terra,2023-10-16 14:44:00
105.5095,-3.69255,2023-10-16 21:00:00,NASA,Aqua,Fire inside Sitrep,SUMSEL,15585,2023,2023:15585,2023,27009,132029,0.005559754011773201,376.0,False,False,-44.0,1,Terra,2023-10-16 14:44:00
105.22105,-3.07816,2023-10-16 21:00:00,NASA,Aqua,Fire inside Sitrep,SUMSEL,15586,2023,2023:15586,2023,27010,131959,0.00711369704012492,376.0,False,False,-44.0,1,Terra,2023-10-16 14:44:00
105.7924,-3.3467,2023-10-16 21:00:00,NASA,Aqua,Fire inside Sitrep,SUMSEL,15587,2023,2023:15587,2023,27011,132007,0.0,376.0,False,False,-44.0,1,Terra,2023-10-16 14:44:00
105.58163,-3.00765,2023-10-16 21:00:00,NASA,Aqua,Verified No fire,SUMSEL,15588,2023,2023:15588,2023,27012,131958,0.006481368683486144,376.0,False,False,-44.0,1,Terra,2023-10-16 14:44:00
105.581474304,-3.00787138939,2023-10-16 21:00:00,LAPAN,Aqua,Fire inside Sitrep,SUMSEL,15589,2023,2023:15589,2023,27013,131958,0.02362216599183087,376.0,False,False,-44.0,1,Terra,2023-10-16 14:44:00
105.45995,-3.72108,2023-10-16 21:00:00,NASA,Aqua,Fire inside Sitrep,SUMSEL,15590,2023,2023:15590,2023,27014,132032,0.005977157152186715,376.0,False,False,-44.0,1,Terra,2023-10-16 14:44:00
105.66689,-3.54722,2023-10-16 21:00:00,NASA,Aqua,Fire inside Sitrep,SUMSEL,15591,2023,2023:15591,2023,27015,132022,0.0024854456026874357,376.0,False,False,-44.0,1,Terra,2023-10-16 14:44:00
105.23425293,-3.07656431198,2023-10-16 21:00:00,LAPAN,Aqua,Verified No fire,SUMSEL,15592,2023,2023:15592,2023,27016,131960,0.03362214685615326,376.0,False,False,-44.0,1,Terra,2023-10-16 14:44:00
103.443267822,-2.2700521946,2023-10-16 21:00:00,LAPAN,Aqua,Verified No fire,SUMSEL MUBA,15593,2023,2023:15593,2023,27017,132061,0.08041973390246857,376.0,False,False,-44.0,1,Terra,2023-10-16 14:44:00
105.44531,-3.7122,2023-10-16 21:00:00,NASA,Aqua,Fire inside Sitrep,SUMSEL,15594,2023,2023:15594,2023,27018,132030,0.0011096177682121016,376.0,False,False,-44.0,1,Terra,2023-10-16 14:44:00
105.45849,-3.71039,2023-10-16 21:00:00,NASA,Aqua,Fire inside Sitrep,SUMSEL,15595,2023,2023:15595,2023,27019,132031,0.0015708886690364652,376.0,False,False,-44.0,1,Terra,2023-10-16 14:44:00
105.222366333,-3.08916211128,2023-10-16 21:00:00,LAPAN,Aqua,Fire inside Sitrep,SUMSEL,15596,2023,2023:15596,2023,27020,131961,0.03270672567795947,376.0,False,False,-44.0,1,Terra,2023-10-16 14:44:00
105.55683,-3.76035,2023-10-17 10:00:00,NASA,Aqua,Fire inside Sitrep,SUMSEL,15938,2023,2023:15938,2023,27362,132164,0.006480039519867063,414.0,False,False,-6.0,1,Terra,2023-10-17 03:06:00
105.5064,-3.73335,2023-10-17 10:00:00,NASA,Aqua,Fire inside Sitrep,SUMSEL,15939,2023,2023:15939,2023,27363,132162,0.005559754011785612,414.0,False,False,-6.0,1,Terra,2023-10-17 03:06:00
103.2445,-2.51235,2023-10-17 10:00:00,NASA,Aqua,Verified Fire,SUMSEL MUBA,15940,2023,2023:15940,2023,27364,132221,0.00555975401165533,414.0,False,False,-6.0,1,Terra,2023-10-17 03:06:00
103.4498,-2.21131,2023-10-17 10:00:00,NASA,Aqua,Verified No fire,SUMSEL MUBA,15941,2023,2023:15941,2023,27365,132201,0.0011119508023645689,414.0,False,False,-6.0,1,Terra,2023-10-17 03:06:00
105.27256,-3.09908,2023-10-17 10:00:00,NASA,Aqua,Fire inside Sitrep,SUMSEL,15942,2023,2023:15942,2023,27366,132130,0.00496697796092685,414.0,False,False,-6.0,1,Terra,2023-10-17 03:06:00
103.25333,-2.51363,2023-10-17 10:00:00,NASA,Aqua,Verified Fire,SUMSEL MUBA,15943,2023,2023:15943,2023,27367,132222,0.004715338688331947,414.0,False,False,-6.0,1,Terra,2023-10-17 03:06:00
103.46883,-2.26848,2023-10-17 10:00:00,NASA,Aqua,Verified No fire,SUMSEL MUBA,15944,2023,2023:15944,2023,27368,132209,0.004007020700566046,414.0,False,False,-6.0,1,Terra,2023-10-17 03:06:00
105.27248,-2.99745,2023-10-17 10:00:00,NASA,Aqua,Verified No fire,SUMSEL,15945,2023,2023:15945,2023,27369,132234,0.0059869090189128525,414.0,False,False,-6.0,1,Terra,2023-10-17 03:06:00
103.47767,-2.26977,2023-10-17 10:00:00,NASA,Aqua,Verified No fire,SUMSEL MUBA,15946,2023,2023:15946,2023,27370,132210,0.004715757408565057,414.0,False,False,-6.0,1,Terra,2023-10-17 03:06:00
105.6469,-3.10918,2023-10-17 10:00:00,NASA,Aqua,Fire inside Sitrep,SUMSEL,15947,2023,2023:15947,2023,27371,132126,0.00222390160466862,414.0,False,False,-6.0,1,Terra,2023-10-17 03:06:00
105.63633,-3.10766,2023-10-17 10:00:00,NASA,Aqua,Fire inside Sitrep,SUMSEL,15948,2023,2023:15948,2023,27372,132235,0.005556811999449021,414.0,False,False,-6.0,1,Terra,2023-10-17 03:06:00
103.29485,-2.47436,2023-10-17 10:00:00,NASA,Aqua,Verified No fire,SUMSEL MUBA,15949,2023,2023:15949,2023,27373,132219,0.007115912026287396,414.0,False,False,-6.0,1,Terra,2023-10-17 03:06:00
105.72823,-3.56106,2023-10-17 10:00:00,NASA,Aqua,Fire inside Sitrep,SUMSEL,15950,2023,2023:15950,2023,27374,132155,0.00555589178347006,414.0,False,False,-6.0,1,Terra,2023-10-17 03:06:00
105.56749,-3.76189,2023-10-17 10:00:00,NASA,Aqua,Fire inside Sitrep,SUMSEL,15951,2023,2023:15951,2023,27375,132165,0.001570842664896229,414.0,False,False,-6.0,1,Terra,2023-10-17 03:06:00
105.64557,-3.11885,2023-10-17 10:00:00,NASA,Aqua,Fire inside Sitrep,SUMSEL,15952,2023,2023:15952,2023,27376,132128,0.0064811908670394085,414.0,False,False,-6.0,1,Terra,2023-10-17 03:06:00
105.24356,-3.08535,2023-10-17 10:00:00,NASA,Aqua,Verified No fire,SUMSEL,15953,2023,2023:15953,2023,27377,132129,0.007115933417276505,414.0,False,False,-6.0,1,Terra,2023-10-17 03:06:00
103.30368,-2.47565,2023-10-17 10:00:00,NASA,Aqua,Verified No fire,SUMSEL MUBA,15954,2023,2023:15954,2023,27378,132220,0.005987267782419728,414.0,False,False,-6.0,1,Terra,2023-10-17 03:06:00
103.28728,-2.4642,2023-10-17 10:00:00,NASA,Aqua,Verified No fire,SUMSEL MUBA,15955,2023,2023:15955,2023,27379,132218,0.0022218451214530044,414.0,False,False,-6.0,1,Terra,2023-10-17 03:06:00
105.54483,-3.40016,2023-10-17 10:00:00,NASA,Aqua,Fire inside Sitrep,SUMSEL,15956,2023,2023:15956,2023,27380,132145,0.005556232620383372,414.0,False,False,-6.0,1,Terra,2023-10-17 03:06:00
105.78421,-3.58298,2023-10-17 22:00:00,NASA,Aqua,Fire inside Sitrep,SUMSEL,17200,2023,2023:17200,2023,28624,132802,0.0024854263225322815,396.0,False,False,-24.0,1,Terra,2023-10-17 15:24:00
105.53616,-3.3973,2023-10-17 22:00:00,NASA,Aqua,Fire inside Sitrep,SUMSEL,17201,2023,2023:17201,2023,28625,132801,0.004439986736080428,396.0,False,False,-24.0,1,Terra,2023-10-17 15:24:00
105.23627,-3.07626,2023-10-17 22:00:00,NASA,Aqua,Verified No fire,SUMSEL,17202,2023,2023:17202,2023,28626,132832,0.005556871110537749,395.0,False,False,-25.0,1,Terra,2023-10-17 15:25:00
105.29407,-3.08028,2023-10-17 22:00:00,NASA,Aqua,Verified No fire,SUMSEL,17203,2023,2023:17203,2023,28627,132830,0.004005186384439825,395.0,False,False,-25.0,1,Terra,2023-10-17 15:25:00
105.60468,-3.78065,2023-10-17 22:00:00,NASA,Aqua,Fire inside Sitrep,SUMSEL,17204,2023,2023:17204,2023,28628,132812,0.00598624262971247,396.0,False,False,-24.0,1,Terra,2023-10-17 15:24:00
105.56239,-3.76115,2023-10-17 22:00:00,NASA,Aqua,Fire inside Sitrep,SUMSEL,17205,2023,2023:17205,2023,28629,132813,0.005669389631889071,396.0,False,False,-24.0,1,Terra,2023-10-17 15:24:00
105.58762,-2.97025,2023-10-17 22:00:00,NASA,Aqua,Fire inside Sitrep,SUMSEL,17206,2023,2023:17206,2023,28630,132837,0.005986929368464341,395.0,False,False,-25.0,1,Terra,2023-10-17 15:25:00
105.61853,-3.77812,2023-10-17 22:00:00,NASA,Aqua,Fire inside Sitrep,SUMSEL,17207,2023,2023:17207,2023,28631,132811,0.004003165492012849,396.0,False,False,-24.0,1,Terra,2023-10-17 15:24:00
105.45213,-3.71219,2023-10-17 22:00:00,NASA,Aqua,Fire inside Sitrep,SUMSEL,17208,2023,2023:17208,2023,28632,132803,0.0035096579646981788,396.0,False,False,-24.0,1,Terra,2023-10-17 15:24:00
105.28811,-3.07924,2023-10-17 22:00:00,NASA,Aqua,Verified No fire,SUMSEL,17209,2023,2023:17209,2023,28633,132834,0.004584301503193543,395.0,False,False,-25.0,1,Terra,2023-10-17 15:25:00
105.23211,-3.0873,2023-10-17 22:00:00,NASA,Aqua,Fire inside Sitrep,SUMSEL,17210,2023,2023:17210,2023,28634,132835,0.0011103369537194378,395.0,False,False,-25.0,1,Terra,2023-10-17 15:25:00
105.64468,-3.13242,2023-10-17 22:00:00,NASA,Aqua,Fire inside Sitrep,SUMSEL,17211,2023,2023:17211,2023,28635,132791,0.03667430396371562,396.0,False,False,-24.0,1,Terra,2023-10-17 15:24:00
105.562339783,-3.76136636734,2023-10-17 22:00:00,LAPAN,Aqua,Fire inside Sitrep,SUMSEL,17212,2023,2023:17212,2023,28636,132813,0.0196688271025444,396.0,False,False,-24.0,1,Terra,2023-10-17 15:24:00
105.21777,-3.07909,2023-10-17 22:00:00,NASA,Aqua,Fire inside Sitrep,SUMSEL,17213,2023,2023:17213,2023,28637,132833,0.003511728791522658,395.0,False,False,-25.0,1,Terra,2023-10-17 15:25:00
105.556762695,-3.76134109497,2023-10-17 22:00:00,LAPAN,Aqua,Fire inside Sitrep,SUMSEL,17214,2023,2023:17214,2023,28638,132809,0.027126235028363265,396.0,False,False,-24.0,1,Terra,2023-10-17 15:24:00
105.63257,-3.09484,2023-10-17 22:00:00,NASA,Aqua,Fire inside Sitrep,SUMSEL,17215,2023,2023:17215,2023,28639,132827,0.00555683628079655,395.0,False,False,-25.0,1,Terra,2023-10-17 15:25:00
105.23812,-3.08876,2023-10-17 22:00:00,NASA,Aqua,Fire inside Sitrep,SUMSEL,17216,2023,2023:17216,2023,28640,132831,0.004971351148982343,395.0,False,False,-25.0,1,Terra,2023-10-17 15:25:00
105.23025,-3.0748,2023-10-17 22:00:00,NASA,Aqua,Fire inside Sitrep,SUMSEL,17217,2023,2023:17217,2023,28641,132836,0.005551749961634868,395.0,False,False,-25.0,1,Terra,2023-10-17 15:25:00
105.618545532,-3.77832984924,2023-10-17 22:00:00,LAPAN,Aqua,Fire inside Sitrep,SUMSEL,17218,2023,2023:17218,2023,28642,132811,0.026052614410931277,396.0,False,False,-24.0,1,Terra,2023-10-17 15:24:00
105.33544,-3.09976,2023-10-17 22:00:00,NASA,Aqua,Verified No fire,SUMSEL,17219,2023,2023:17219,2023,28643,132829,0.006285543682537473,395.0,False,False,-25.0,1,Terra,2023-10-17 15:25:00
105.5568,-3.76113,2023-10-17 22:00:00,NASA,Aqua,Fire inside Sitrep,SUMSEL,17220,2023,2023:17220,2023,28644,132809,0.003335852407029428,396.0,False,False,-24.0,1,Terra,2023-10-17 15:24:00
105.75380707,-3.60662794,2023-10-18 13:00:00,LAPAN,SNPP,Fire inside Sitrep,SUMSEL,17961,2023,2023:17961,2023,29385,779045,0.4906625216830831,409.0,False,False,-11.0,1,NOAA20,2023-10-18 06:11:00
105.46042633,-3.71775007,2023-10-18 13:00:00,LAPAN,SNPP,Fire inside Sitrep,SUMSEL,17968,2023,2023:17968,2023,29392,779075,0.4500153737701643,409.0,False,False,-11.0,1,NOAA20,2023-10-18 06:11:00
105.45628357,-3.71297503,2023-10-18 13:00:00,LAPAN,SNPP,Fire inside Sitrep,SUMSEL,17991,2023,2023:17991,2023,29415,779074,0.22059753160903178,409.0,False,False,-11.0,3,NOAA20,2023-10-18 06:11:00
105.73016357,-3.87046552,2023-10-18 13:00:00,LAPAN,SNPP,Fire inside Sitrep,SUMSEL,17997,2023,2023:17997,2023,29421,779193,0.25250820218373865,409.0,False,False,-11.0,1,NOAA20,2023-10-18 06:11:00
105.53845978,-3.8561182,2023-10-18 13:00:00,LAPAN,SNPP,Fire inside Sitrep,SUMSEL,18034,2023,2023:18034,2023,29458,779173,0.34471969104773686,409.0,False,False,-11.0,1,NOAA20,2023-10-18 06:11:00
105.741889954,-3.61021566391,2023-10-19 22:00:00,LAPAN,Aqua,Fire inside Sitrep,SUMSEL,18480,2023,2023:18480,2023,29904,133618,0.024006666068886698,412.0,False,False,-8.0,1,Terra,2023-10-19 15:08:00
105.74192,-3.61001,2023-10-19 22:00:00,NASA,Aqua,Fire inside Sitrep,SUMSEL,18481,2023,2023:18481,2023,29905,133618,0.0024824514550809483,412.0,False,False,-8.0,1,Terra,2023-10-19 15:08:00
105.55427,-3.84514,2023-10-20 13:00:00,NASA,Aqua,Fire inside Sitrep,SUMSEL,18653,2023,2023:18653,2023,30077,1473105,0.40379017427344566,396.0,False,False,-24.0,1,SNPP,2023-10-20 06:24:00
105.36947,-2.6746,2023-10-21 09:00:00,NASA,Aqua,Verified No fire,SUMSEL,18676,2023,2023:18676,2023,30100,133797,0.0033322185279193043,388.0,False,False,-32.0,1,Terra,2023-10-21 02:32:00
105.59849,-3.00974,2023-10-21 09:00:00,NASA,Aqua,Fire inside Sitrep,SUMSEL,18677,2023,2023:18677,2023,30101,133798,0.004584318854022009,388.0,False,False,-32.0,1,Terra,2023-10-21 02:32:00
105.22617,-3.08598,2023-10-21 21:00:00,NASA,Aqua,Fire inside Sitrep,SUMSEL,18824,2023,2023:18824,2023,30248,134049,0.0040051715393089465,369.0,False,False,-51.0,1,Terra,2023-10-21 14:51:00
105.68362,-3.56978,2023-10-22 10:00:00,NASA,Aqua,Fire inside Sitrep,SUMSEL,18911,2023,2023:18911,2023,30335,134109,0.003142022095948883,407.0,False,False,-13.0,1,Terra,2023-10-22 03:13:00
105.79087,-3.61553,2023-10-24 09:00:00,NASA,Aqua,Fire inside Sitrep,SUMSEL,19608,2023,2023:19608,2023,31032,134574,0.004712915300503093,363.0,False,False,-57.0,1,Terra,2023-10-24 02:57:00
105.6788,-3.57204,2023-10-24 09:00:00,NASA,Aqua,Fire inside Sitrep,SUMSEL,19609,2023,2023:19609,2023,31033,134573,0.004447803209325065,363.0,False,False,-57.0,1,Terra,2023-10-24 02:57:00
105.38615,-3.28033,2023-10-24 09:00:00,NASA,Aqua,Fire inside Sitrep,SUMSEL,19610,2023,2023:19610,2023,31034,134567,0.006475922034471348,364.0,False,False,-56.0,1,Terra,2023-10-24 02:56:00
105.7133,-3.6498,2023-10-24 09:00:00,NASA,Aqua,Fire inside Sitrep,SUMSEL,19611,2023,2023:19611,2023,31035,134579,0.0,363.0,False,False,-57.0,1,Terra,2023-10-24 02:57:00
105.46263,-3.71468,2023-10-24 09:00:00,NASA,Aqua,Fire inside Sitrep,SUMSEL,19612,2023,2023:19612,2023,31036,134580,0.004003366104765001,363.0,False,False,-57.0,1,Terra,2023-10-24 02:57:00
105.49047,-3.79269,2023-10-24 09:00:00,NASA,Aqua,Fire inside Sitrep,SUMSEL,19613,2023,2023:19613,2023,31037,134582,0.0035093670340380486,363.0,False,False,-57.0,1,Terra,2023-10-24 02:57:00
105.49796,-3.7393,2023-10-24 09:00:00,NASA,Aqua,Fire inside Sitrep,SUMSEL,19614,2023,2023:19614,2023,31038,134581,0.004438334370045834,363.0,False,False,-57.0,1,Terra,2023-10-24 02:57:00
105.62148,-3.84939,2023-10-24 09:00:00,NASA,Aqua,Fire inside Sitrep,SUMSEL,19615,2023,2023:19615,2023,31039,134583,0.0024819110696925914,363.0,False,False,-57.0,1,Terra,2023-10-24 02:57:00
105.7044,-3.64851,2023-10-24 09:00:00,NASA,Aqua,Fire inside Sitrep,SUMSEL,19616,2023,2023:19616,2023,31040,134578,0.0011119508023446462,363.0,False,False,-57.0,1,Terra,2023-10-24 02:57:00
105.490585327,-3.79249548912,2023-10-24 09:00:00,LAPAN,Aqua,Fire inside Sitrep,SUMSEL,19617,2023,2023:19617,2023,31041,134582,0.024632544643515285,363.0,False,False,-57.0,1,Terra,2023-10-24 02:57:00
105.22822,-3.08202,2023-10-24 09:00:00,NASA,Aqua,Fire inside Sitrep,SUMSEL,19618,2023,2023:19618,2023,31042,134566,0.003142798118532386,364.0,False,False,-56.0,1,Terra,2023-10-24 02:56:00
105.55556,-3.44247,2023-10-24 09:00:00,NASA,Aqua,Fire inside Sitrep,SUMSEL,19619,2023,2023:19619,2023,31043,134556,0.005553335527508706,364.0,False,False,-56.0,1,Terra,2023-10-24 02:56:00
105.69876,-3.45421,2023-10-24 09:00:00,NASA,Aqua,Fire inside Sitrep,SUMSEL,19620,2023,2023:19620,2023,31044,134570,0.004576851850796251,364.0,False,False,-56.0,1,Terra,2023-10-24 02:56:00
105.61671,-3.05531,2023-10-24 09:00:00,NASA,Aqua,Fire inside Sitrep,SUMSEL,19621,2023,2023:19621,2023,31045,134565,0.0015714186638840027,364.0,False,False,-56.0,1,Terra,2023-10-24 02:56:00
105.67843,-3.46217,2023-10-24 22:00:00,NASA,Aqua,Fire inside Sitrep,SUMSEL,20010,2023,2023:20010,2023,31434,134984,0.004713304565550374,405.0,False,False,-15.0,1,Terra,2023-10-24 15:15:00
103.20055,-2.46268,2023-10-24 22:00:00,NASA,Aqua,Verified No fire,SUMSEL MUBA,20011,2023,2023:20011,2023,31435,134987,0.005983270985983742,405.0,False,False,-15.0,1,Terra,2023-10-24 15:15:00
105.77122,-3.49666,2023-10-24 22:00:00,NASA,Aqua,Fire inside Sitrep,SUMSEL,20012,2023,2023:20012,2023,31436,134993,0.0049709450061635775,405.0,False,False,-15.0,1,Terra,2023-10-24 15:15:00
105.60534,-3.74866,2023-10-24 22:00:00,NASA,Aqua,Fire inside Sitrep,SUMSEL,20013,2023,2023:20013,2023,31437,134995,0.0062834181231494245,405.0,False,False,-15.0,1,Terra,2023-10-24 15:15:00
105.78465,-3.49467,2023-10-24 22:00:00,NASA,Aqua,Fire inside Sitrep,SUMSEL,20014,2023,2023:20014,2023,31438,134994,0.006474868547005784,405.0,False,False,-15.0,1,Terra,2023-10-24 15:15:00
105.56985,-3.77537,2023-10-24 22:00:00,NASA,Aqua,Fire inside Sitrep,SUMSEL,20015,2023,2023:20015,2023,31439,134996,0.0064733885242572245,405.0,False,False,-15.0,1,Terra,2023-10-24 15:15:00
105.6917,-3.46026,2023-10-24 22:00:00,NASA,Aqua,Fire inside Sitrep,SUMSEL,20016,2023,2023:20016,2023,31440,134983,0.004447803209399471,405.0,False,False,-15.0,1,Terra,2023-10-24 15:15:00
105.49873,-3.3172,2023-10-25 13:00:00,NASA,Aqua,Fire inside Sitrep,SUMSEL,20293,2023,2023:20293,2023,31717,1481824,0.33031844706624636,390.0,False,False,-30.0,2,SNPP,2023-10-25 06:30:00
105.24708,-2.97592,2023-10-25 13:00:00,NASA,Aqua,Fire inside Sitrep,SUMSEL,20297,2023,2023:20297,2023,31721,1481365,0.24186977395586268,390.0,False,False,-30.0,2,SNPP,2023-10-25 06:30:00
105.63548,-3.22314,2023-10-25 13:00:00,NASA,Aqua,Fire inside Sitrep,SUMSEL,20300,2023,2023:20300,2023,31724,1481405,0.3424555230185727,390.0,False,False,-30.0,1,SNPP,2023-10-25 06:30:00
105.64473,-3.22178,2023-10-25 13:00:00,NASA,Aqua,Fire inside Sitrep,SUMSEL,20367,2023,2023:20367,2023,31791,1481406,0.29988417814609464,390.0,False,False,-30.0,2,SNPP,2023-10-25 06:30:00
105.635520935,-3.22314381599,2023-10-25 13:00:00,LAPAN,Aqua,Fire inside Sitrep,SUMSEL,20368,2023,2023:20368,2023,31792,1481405,0.3382377712253066,390.0,False,False,-30.0,1,SNPP,2023-10-25 06:30:00
105.524414062,-3.87540650368,2023-10-25 13:00:00,LAPAN,Aqua,Fire inside Sitrep,SUMSEL,20402,2023,2023:20402,2023,31826,1481598,0.31620803153420757,390.0,False,False,-30.0,1,SNPP,2023-10-25 06:30:00
105.64215,-3.26859,2023-10-25 13:00:00,NASA,Aqua,Fire inside Sitrep,SUMSEL,20437,2023,2023:20437,2023,31861,1481280,0.40053656751771943,390.0,False,False,-30.0,1,SNPP,2023-10-25 06:30:00
105.258705139,-2.9282541275,2023-10-25 13:00:00,LAPAN,Aqua,Fire inside Sitrep,SUMSEL,20563,2023,2023:20563,2023,31987,1481342,0.3443597498274287,390.0,False,False,-30.0,2,SNPP,2023-10-25 06:30:00
105.256,-2.91023,2023-10-25 13:00:00,NASA,Aqua,Fire inside Sitrep,SUMSEL,20566,2023,2023:20566,2023,31990,1481333,0.13393867924565153,390.0,False,False,-30.0,4,SNPP,2023-10-25 06:30:00
105.27474,-2.999,2023-10-25 13:00:00,NASA,Aqua,Fire inside Sitrep,SUMSEL,20597,2023,2023:20597,2023,32021,1481375,0.35060643670597536,390.0,False,False,-30.0,1,SNPP,2023-10-25 06:30:00
105.247138977,-2.97592926025,2023-10-25 13:00:00,LAPAN,Aqua,Fire inside Sitrep,SUMSEL,20630,2023,2023:20630,2023,32054,1481365,0.23551507477018083,390.0,False,False,-30.0,2,SNPP,2023-10-25 06:30:00
105.63557,-3.28811,2023-10-25 13:00:00,NASA,Aqua,Fire inside Sitrep,SUMSEL,20644,2023,2023:20644,2023,32068,1481274,0.21793233198701314,390.0,False,False,-30.0,2,SNPP,2023-10-25 06:30:00
105.52435,-3.8754,2023-10-25 13:00:00,NASA,Aqua,Fire inside Sitrep,SUMSEL,20649,2023,2023:20649,2023,32073,1481598,0.32193541094860495,390.0,False,False,-30.0,1,SNPP,2023-10-25 06:30:00
105.25864,-2.92825,2023-10-25 13:00:00,NASA,Aqua,Fire inside Sitrep,SUMSEL,20697,2023,2023:20697,2023,32121,1481342,0.3480349767245798,390.0,False,False,-30.0,2,SNPP,2023-10-25 06:30:00
105.70461,-3.33239,2023-10-25 13:00:00,NASA,Aqua,Fire inside Sitrep,SUMSEL,20730,2023,2023:20730,2023,32154,1481811,0.18009607628139376,390.0,False,False,-30.0,1,SNPP,2023-10-25 06:30:00
105.498779297,-3.3172044754,2023-10-25 13:00:00,LAPAN,Aqua,Fire inside Sitrep,SUMSEL,20746,2023,2023:20746,2023,32170,1481824,0.32922447447178577,390.0,False,False,-30.0,2,SNPP,2023-10-25 06:30:00
105.5907,-3.30388,2023-10-25 13:00:00,NASA,Aqua,Fire inside Sitrep,SUMSEL,20842,2023,2023:20842,2023,32266,1481827,0.18537743288142935,390.0,False,False,-30.0,2,SNPP,2023-10-25 06:30:00
105.78896,-3.61635,2023-10-26 09:00:00,NASA,Aqua,Fire inside Sitrep,SUMSEL,21026,2023,2023:21026,2023,32450,135462,0.007114429743736103,380.0,False,False,-40.0,1,Terra,2023-10-26 02:40:00
105.28423,-3.05316,2023-10-26 09:00:00,NASA,Aqua,Verified No fire,SUMSEL,21027,2023,2023:21027,2023,32451,135460,0.005556914214031213,380.0,False,False,-40.0,1,Terra,2023-10-26 02:40:00
105.7576828,-3.6310575,2023-10-26 13:00:00,LAPAN,NOAA20,Fire inside Sitrep,SUMSEL,21030,2023,2023:21030,2023,32454,1484361,0.3552543849836202,409.0,False,False,-11.0,1,SNPP,2023-10-26 06:11:00
105.60440826,-3.03343868,2023-10-26 13:00:00,LAPAN,NOAA20,Fire inside Sitrep,SUMSEL,21034,2023,2023:21034,2023,32458,1484779,0.13608151552617564,408.0,False,False,-12.0,1,SNPP,2023-10-26 06:12:00
105.60356903,-3.02803302,2023-10-26 13:00:00,LAPAN,NOAA20,Fire inside Sitrep,SUMSEL,21035,2023,2023:21035,2023,32459,1484776,0.1292002247877021,408.0,False,False,-12.0,1,SNPP,2023-10-26 06:12:00
105.73704529,-3.45825338,2023-10-26 13:00:00,LAPAN,NOAA20,Fire inside Sitrep,SUMSEL,21037,2023,2023:21037,2023,32461,1484315,0.09875752257066696,409.0,False,False,-11.0,3,SNPP,2023-10-26 06:11:00
105.75304413,-3.61864924,2023-10-26 13:00:00,LAPAN,NOAA20,Fire inside Sitrep,SUMSEL,21050,2023,2023:21050,2023,32474,1484355,0.2596724873052611,409.0,False,False,-11.0,1,SNPP,2023-10-26 06:11:00
105.76798248,-3.62931705,2023-10-26 13:00:00,LAPAN,NOAA20,Fire inside Sitrep,SUMSEL,21051,2023,2023:21051,2023,32475,1484357,0.4412013993929267,409.0,False,False,-11.0,1,SNPP,2023-10-26 06:11:00
105.74738312,-3.632797,2023-10-26 13:00:00,LAPAN,NOAA20,Fire inside Sitrep,SUMSEL,21052,2023,2023:21052,2023,32476,1484363,0.3682396611927987,409.0,False,False,-11.0,1,SNPP,2023-10-26 06:11:00
105.63640594,-3.21882248,2023-10-26 13:00:00,LAPAN,NOAA20,Fire inside Sitrep,SUMSEL,21063,2023,2023:21063,2023,32487,1484799,0.3676342032593684,408.0,False,False,-12.0,1,SNPP,2023-10-26 06:12:00
105.63897705,-3.2128706,2023-10-26 13:00:00,LAPAN,NOAA20,Fire inside Sitrep,SUMSEL,21064,2023,2023:21064,2023,32488,1484797,0.061068835095940764,408.0,False,False,-12.0,3,SNPP,2023-10-26 06:12:00
105.63244629,-3.23280549,2023-10-26 13:00:00,LAPAN,NOAA20,Fire inside Sitrep,SUMSEL,21066,2023,2023:21066,2023,32490,1484804,0.034864849520318736,408.0,False,False,-12.0,1,SNPP,2023-10-26 06:12:00
105.63983154,-3.21827292,2023-10-26 13:00:00,LAPAN,NOAA20,Fire inside Sitrep,SUMSEL,21067,2023,2023:21067,2023,32491,1484799,0.17292083414447582,408.0,False,False,-12.0,2,SNPP,2023-10-26 06:12:00
105.59966278,-3.54150462,2023-10-26 13:00:00,LAPAN,NOAA20,Fire inside Sitrep,SUMSEL,21069,2023,2023:21069,2023,32493,1484334,0.3345052043329491,409.0,False,False,-11.0,1,SNPP,2023-10-26 06:11:00
105.60215759,-3.53560448,2023-10-26 13:00:00,LAPAN,NOAA20,Fire inside Sitrep,SUMSEL,21070,2023,2023:21070,2023,32494,1484334,0.4004161964813544,409.0,False,False,-11.0,1,SNPP,2023-10-26 06:11:00
105.52192688,-3.87656045,2023-10-26 13:00:00,LAPAN,NOAA20,Fire inside Sitrep,SUMSEL,21078,2023,2023:21078,2023,32502,1484428,0.44069022176347317,409.0,False,False,-11.0,1,SNPP,2023-10-26 06:11:00
105.57035065,-3.77582431,2023-10-26 13:00:00,LAPAN,NOAA20,Fire inside Sitrep,SUMSEL,21082,2023,2023:21082,2023,32506,1484390,0.2414056859359141,409.0,False,False,-11.0,1,SNPP,2023-10-26 06:11:00
105.55975342,-3.83769512,2023-10-26 13:00:00,LAPAN,NOAA20,Fire inside Sitrep,SUMSEL,21084,2023,2023:21084,2023,32508,1484407,0.06686057651659474,409.0,False,False,-11.0,2,SNPP,2023-10-26 06:11:00
105.46166229,-3.71904349,2023-10-26 13:00:00,LAPAN,NOAA20,Fire inside Sitrep,SUMSEL,21089,2023,2023:21089,2023,32513,1484368,0.43628565659828716,409.0,False,False,-11.0,1,SNPP,2023-10-26 06:11:00
105.68204498,-3.9667964,2023-10-26 13:00:00,LAPAN,NOAA20,Fire inside Sitrep,SUMSEL,21093,2023,2023:21093,2023,32517,1484442,0.26987432689193913,409.0,False,False,-11.0,4,SNPP,2023-10-26 06:11:00
105.59999084,-3.27136683,2023-10-26 13:00:00,LAPAN,NOAA20,Fire inside Sitrep,SUMSEL,21097,2023,2023:21097,2023,32521,1484262,0.37338346912566567,409.0,False,False,-11.0,3,SNPP,2023-10-26 06:11:00
105.61359406,-3.29123306,2023-10-26 13:00:00,LAPAN,NOAA20,Fire inside Sitrep,SUMSEL,21099,2023,2023:21099,2023,32523,1484282,0.45718519078661746,409.0,False,False,-11.0,2,SNPP,2023-10-26 06:11:00
105.62467957,-3.29495478,2023-10-26 13:00:00,LAPAN,NOAA20,Fire inside Sitrep,SUMSEL,21114,2023,2023:21114,2023,32538,1484286,0.2900061083707136,409.0,False,False,-11.0,1,SNPP,2023-10-26 06:11:00
105.60843658,-3.30311799,2023-10-26 13:00:00,LAPAN,NOAA20,Fire inside Sitrep,SUMSEL,21117,2023,2023:21117,2023,32541,1484293,0.1883853112931528,409.0,False,False,-11.0,1,SNPP,2023-10-26 06:11:00
105.61872101,-3.27934289,2023-10-26 13:00:00,LAPAN,NOAA20,Fire inside Sitrep,SUMSEL,21133,2023,2023:21133,2023,32557,1484639,0.11509150528868504,408.0,False,False,-12.0,6,SNPP,2023-10-26 06:12:00
105.597435,-3.27730823,2023-10-26 13:00:00,LAPAN,NOAA20,Fire inside Sitrep,SUMSEL,21140,2023,2023:21140,2023,32564,1484265,0.34003342299797407,409.0,False,False,-11.0,3,SNPP,2023-10-26 06:11:00
105.59145355,-3.30587292,2023-10-26 13:00:00,LAPAN,NOAA20,Fire inside Sitrep,SUMSEL,21142,2023,2023:21142,2023,32566,1484291,0.20595930172955715,409.0,False,False,-11.0,2,SNPP,2023-10-26 06:11:00
105.59829712,-3.28268766,2023-10-26 13:00:00,LAPAN,NOAA20,Fire inside Sitrep,SUMSEL,21144,2023,2023:21144,2023,32568,1484811,0.47586204210627053,408.0,False,False,-12.0,1,SNPP,2023-10-26 06:12:00
105.62556458,-3.2782228,2023-10-26 13:00:00,LAPAN,NOAA20,Fire inside Sitrep,SUMSEL,21156,2023,2023:21156,2023,32580,1484279,0.3772588900134197,409.0,False,False,-11.0,3,SNPP,2023-10-26 06:11:00
105.59633636,-3.85356879,2023-10-26 13:00:00,LAPAN,NOAA20,Fire inside Sitrep,SUMSEL,21160,2023,2023:21160,2023,32584,1484414,0.3625214977041873,409.0,False,False,-11.0,1,SNPP,2023-10-26 06:11:00
105.60508728,-3.28157568,2023-10-26 13:00:00,LAPAN,NOAA20,Fire inside Sitrep,SUMSEL,21163,2023,2023:21163,2023,32587,1484636,0.0407872406234965,408.0,False,False,-12.0,6,SNPP,2023-10-26 06:12:00
105.61105347,-3.27507305,2023-10-26 13:00:00,LAPAN,NOAA20,Fire inside Sitrep,SUMSEL,21164,2023,2023:21164,2023,32588,1484267,0.12815533756350234,409.0,False,False,-11.0,7,SNPP,2023-10-26 06:11:00
105.61787415,-3.27395368,2023-10-26 13:00:00,LAPAN,NOAA20,Fire inside Sitrep,SUMSEL,21171,2023,2023:21171,2023,32595,1484269,0.26143965391575597,409.0,False,False,-11.0,4,SNPP,2023-10-26 06:11:00
105.61700439,-3.29067731,2023-10-26 13:00:00,LAPAN,NOAA20,Fire inside Sitrep,SUMSEL,21173,2023,2023:21173,2023,32597,1484285,0.11420653004237649,409.0,False,False,-11.0,2,SNPP,2023-10-26 06:11:00
105.61053467,-3.85673237,2023-10-26 13:00:00,LAPAN,NOAA20,Fire inside Sitrep,SUMSEL,21182,2023,2023:21182,2023,32606,1484422,0.1560435269583797,409.0,False,False,-11.0,1,SNPP,2023-10-26 06:11:00
105.59712219,-3.85161209,2023-10-26 13:00:00,LAPAN,NOAA20,Fire inside Sitrep,SUMSEL,21183,2023,2023:21183,2023,32607,1484414,0.4036126777221085,409.0,False,False,-11.0,1,SNPP,2023-10-26 06:11:00
105.60168457,-3.2821331,2023-10-26 13:00:00,LAPAN,NOAA20,Fire inside Sitrep,SUMSEL,21187,2023,2023:21187,2023,32611,1484270,0.232303249134801,409.0,False,False,-11.0,4,SNPP,2023-10-26 06:11:00
105.77423096,-3.49108219,2023-10-26 13:00:00,LAPAN,NOAA20,Fire inside Sitrep,SUMSEL,21190,2023,2023:21190,2023,32614,1484322,0.18273039182707163,409.0,False,False,-11.0,1,SNPP,2023-10-26 06:11:00
105.62126923,-3.29550982,2023-10-26 13:00:00,LAPAN,NOAA20,Fire inside Sitrep,SUMSEL,21192,2023,2023:21192,2023,32616,1484286,0.30033711499490373,409.0,False,False,-11.0,1,SNPP,2023-10-26 06:11:00
105.62213135,-3.2787838,2023-10-26 13:00:00,LAPAN,NOAA20,Fire inside Sitrep,SUMSEL,21194,2023,2023:21194,2023,32618,1484640,0.06318987762299359,408.0,False,False,-12.0,6,SNPP,2023-10-26 06:12:00
105.604599,-3.8558116,2023-10-26 13:00:00,LAPAN,NOAA20,Fire inside Sitrep,SUMSEL,21202,2023,2023:21202,2023,32626,1484419,0.35794120738122215,409.0,False,False,-11.0,1,SNPP,2023-10-26 06:11:00
105.59302521,-3.85410881,2023-10-26 13:00:00,LAPAN,NOAA20,Fire inside Sitrep,SUMSEL,21205,2023,2023:21205,2023,32629,1484414,0.24576045372112648,409.0,False,False,-11.0,1,SNPP,2023-10-26 06:11:00
105.5982132,-2.99903798,2023-10-26 13:00:00,LAPAN,NOAA20,Fire inside Sitrep,SUMSEL,21213,2023,2023:21213,2023,32637,1484760,0.22555527928972743,408.0,False,False,-12.0,4,SNPP,2023-10-26 06:12:00
105.77547455,-3.58166361,2023-10-26 13:00:00,LAPAN,NOAA20,Fire inside Sitrep,SUMSEL,21215,2023,2023:21215,2023,32639,1484347,0.2205519681384193,409.0,False,False,-11.0,2,SNPP,2023-10-26 06:11:00
105.60105133,-3.01181531,2023-10-26 13:00:00,LAPAN,NOAA20,Fire inside Sitrep,SUMSEL,21221,2023,2023:21221,2023,32645,1484766,0.3953559130675146,408.0,False,False,-12.0,2,SNPP,2023-10-26 06:12:00
105.59853363,-2.99559569,2023-10-26 13:00:00,LAPAN,NOAA20,Fire inside Sitrep,SUMSEL,21222,2023,2023:21222,2023,32646,1484757,0.1271221356120632,408.0,False,False,-12.0,3,SNPP,2023-10-26 06:12:00
105.59648132,-3.01039863,2023-10-26 13:00:00,LAPAN,NOAA20,Fire inside Sitrep,SUMSEL,21230,2023,2023:21230,2023,32654,1484766,0.14208156377572162,408.0,False,False,-12.0,2,SNPP,2023-10-26 06:12:00
105.59477997,-2.99958897,2023-10-26 13:00:00,LAPAN,NOAA20,Fire inside Sitrep,SUMSEL,21231,2023,2023:21231,2023,32655,1484759,0.14238564624856412,408.0,False,False,-12.0,3,SNPP,2023-10-26 06:12:00
105.59677124,-3.00698423,2023-10-26 13:00:00,LAPAN,NOAA20,Fire inside Sitrep,SUMSEL,21232,2023,2023:21232,2023,32656,1484763,0.05538057014873948,408.0,False,False,-12.0,2,SNPP,2023-10-26 06:12:00
105.59992218,-3.00985003,2023-10-26 13:00:00,LAPAN,NOAA20,Fire inside Sitrep,SUMSEL,21233,2023,2023:21233,2023,32657,1484766,0.2943167479514639,408.0,False,False,-12.0,3,SNPP,2023-10-26 06:12:00
105.58615112,-3.01204562,2023-10-26 13:00:00,LAPAN,NOAA20,Fire inside Sitrep,SUMSEL,21236,2023,2023:21236,2023,32660,1484765,0.3278659671715877,408.0,False,False,-12.0,2,SNPP,2023-10-26 06:12:00
105.6002121,-3.00640869,2023-10-26 13:00:00,LAPAN,NOAA20,Fire inside Sitrep,SUMSEL,21237,2023,2023:21237,2023,32661,1484764,0.12415160718208446,408.0,False,False,-12.0,2,SNPP,2023-10-26 06:12:00
105.59593201,-3.00157905,2023-10-26 13:00:00,LAPAN,NOAA20,Fire inside Sitrep,SUMSEL,21240,2023,2023:21240,2023,32664,1484759,0.16560420325192085,408.0,False,False,-12.0,1,SNPP,2023-10-26 06:12:00
105.70516205,-3.52449012,2023-10-26 13:00:00,LAPAN,NOAA20,Fire inside Sitrep,SUMSEL,21247,2023,2023:21247,2023,32671,1484335,0.27636201450365644,409.0,False,False,-11.0,1,SNPP,2023-10-26 06:11:00
105.70772552,-3.51853776,2023-10-26 13:00:00,LAPAN,NOAA20,Fire inside Sitrep,SUMSEL,21248,2023,2023:21248,2023,32672,1484331,0.1612615230473289,409.0,False,False,-11.0,3,SNPP,2023-10-26 06:11:00
105.78514862,-3.50767708,2023-10-26 13:00:00,LAPAN,NOAA20,Fire inside Sitrep,SUMSEL,21250,2023,2023:21250,2023,32674,1484333,0.18050009537672176,409.0,False,False,-11.0,2,SNPP,2023-10-26 06:11:00
105.77474976,-3.50943923,2023-10-26 13:00:00,LAPAN,NOAA20,Fire inside Sitrep,SUMSEL,21253,2023,2023:21253,2023,32677,1484329,0.4677169104743446,409.0,False,False,-11.0,1,SNPP,2023-10-26 06:11:00
105.78466034,-3.51166081,2023-10-26 13:00:00,LAPAN,NOAA20,Fire inside Sitrep,SUMSEL,21254,2023,2023:21254,2023,32678,1484332,0.4907510934492037,409.0,False,False,-11.0,1,SNPP,2023-10-26 06:11:00
105.77822113,-3.50885248,2023-10-26 13:00:00,LAPAN,NOAA20,Fire inside Sitrep,SUMSEL,21258,2023,2023:21258,2023,32682,1484332,0.4888403457513433,409.0,False,False,-11.0,1,SNPP,2023-10-26 06:11:00
105.78167725,-3.50826502,2023-10-26 13:00:00,LAPAN,NOAA20,Fire inside Sitrep,SUMSEL,21260,2023,2023:21260,2023,32684,1484332,0.10439473325421046,409.0,False,False,-11.0,1,SNPP,2023-10-26 06:11:00
105.77143097,-3.62873554,2023-10-26 13:00:00,LAPAN,NOAA20,Fire inside Sitrep,SUMSEL,21265,2023,2023:21265,2023,32689,1484362,0.23069043151195948,409.0,False,False,-11.0,2,SNPP,2023-10-26 06:11:00
105.77200317,-3.6266849,2023-10-26 13:00:00,LAPAN,NOAA20,Fire inside Sitrep,SUMSEL,21266,2023,2023:21266,2023,32690,1484362,0.2564099665821819,409.0,False,False,-11.0,2,SNPP,2023-10-26 06:11:00
105.7456665,-3.49017978,2023-10-26 13:00:00,LAPAN,NOAA20,Fire inside Sitrep,SUMSEL,21267,2023,2023:21267,2023,32691,1484320,0.3362392759390379,409.0,False,False,-11.0,1,SNPP,2023-10-26 06:11:00
105.77334595,-3.50792265,2023-10-26 13:00:00,LAPAN,NOAA20,Fire inside Sitrep,SUMSEL,21268,2023,2023:21268,2023,32692,1484329,0.2802231748801843,409.0,False,False,-11.0,2,SNPP,2023-10-26 06:11:00
105.75167084,-3.63762307,2023-10-26 13:00:00,LAPAN,NOAA20,Fire inside Sitrep,SUMSEL,21272,2023,2023:21272,2023,32696,1484364,0.29503125058253166,409.0,False,False,-11.0,2,SNPP,2023-10-26 06:11:00
105.77129364,-3.51002574,2023-10-26 13:00:00,LAPAN,NOAA20,Fire inside Sitrep,SUMSEL,21274,2023,2023:21274,2023,32698,1484328,0.49487911938570306,409.0,False,False,-11.0,1,SNPP,2023-10-26 06:11:00
105.59736633,-2.99363136,2023-10-26 13:00:00,LAPAN,NOAA20,Fire inside Sitrep,SUMSEL,21279,2023,2023:21279,2023,32703,1484753,0.2922320554231622,408.0,False,False,-12.0,3,SNPP,2023-10-26 06:12:00
105.61211395,-3.86001182,2023-10-26 13:00:00,LAPAN,NOAA20,Fire inside Sitrep,SUMSEL,21289,2023,2023:21289,2023,32713,1484422,0.35876995196190997,409.0,False,False,-11.0,1,SNPP,2023-10-26 06:11:00
105.52288055,-3.87517357,2023-10-26 13:00:00,LAPAN,NOAA20,Fire inside Sitrep,SUMSEL,21290,2023,2023:21290,2023,32714,1484428,0.3912350203511711,409.0,False,False,-11.0,1,SNPP,2023-10-26 06:11:00
105.6059494,-3.28695774,2023-10-26 13:00:00,LAPAN,NOAA20,Fire inside Sitrep,SUMSEL,21303,2023,2023:21303,2023,32727,1484276,0.3274724399992055,409.0,False,False,-11.0,2,SNPP,2023-10-26 06:11:00
105.64020538,-3.21488142,2023-10-26 13:00:00,LAPAN,NOAA20,Fire inside Sitrep,SUMSEL,21311,2023,2023:21311,2023,32735,1484799,0.25581357826969636,408.0,False,False,-12.0,4,SNPP,2023-10-26 06:12:00
105.60934448,-3.28640318,2023-10-26 13:00:00,LAPAN,NOAA20,Fire inside Sitrep,SUMSEL,21317,2023,2023:21317,2023,32741,1484281,0.2811277690988295,409.0,False,False,-11.0,3,SNPP,2023-10-26 06:11:00
105.60083771,-3.27674985,2023-10-26 13:00:00,LAPAN,NOAA20,Fire inside Sitrep,SUMSEL,21318,2023,2023:21318,2023,32742,1484810,0.2033277851715496,408.0,False,False,-12.0,4,SNPP,2023-10-26 06:12:00
105.61877441,-3.85887933,2023-10-26 13:00:00,LAPAN,NOAA20,Fire inside Sitrep,SUMSEL,21326,2023,2023:21326,2023,32750,1484423,0.4114657371716051,409.0,False,False,-11.0,1,SNPP,2023-10-26 06:11:00
105.60044098,-3.85104513,2023-10-26 13:00:00,LAPAN,NOAA20,Fire inside Sitrep,SUMSEL,21327,2023,2023:21327,2023,32751,1484415,0.19824536710008375,409.0,False,False,-11.0,1,SNPP,2023-10-26 06:11:00
105.70672607,-3.52650404,2023-10-26 13:00:00,LAPAN,NOAA20,Fire inside Sitrep,SUMSEL,21334,2023,2023:21334,2023,32758,1484335,0.42126151740821693,409.0,False,False,-11.0,1,SNPP,2023-10-26 06:11:00
105.59761047,-3.01238918,2023-10-26 13:00:00,LAPAN,NOAA20,Fire inside Sitrep,SUMSEL,21342,2023,2023:21342,2023,32766,1484766,0.1467551460800317,408.0,False,False,-12.0,2,SNPP,2023-10-26 06:12:00
105.60097504,-3.03400779,2023-10-26 13:00:00,LAPAN,NOAA20,Fire inside Sitrep,SUMSEL,21343,2023,2023:21343,2023,32767,1484779,0.48589677672096293,408.0,False,False,-12.0,1,SNPP,2023-10-26 06:12:00
105.64363861,-3.2143054,2023-10-26 13:00:00,LAPAN,NOAA20,Fire inside Sitrep,SUMSEL,21344,2023,2023:21344,2023,32768,1484798,0.20976763185726388,408.0,False,False,-12.0,2,SNPP,2023-10-26 06:12:00
105.59845734,-3.01779413,2023-10-26 13:00:00,LAPAN,NOAA20,Fire inside Sitrep,SUMSEL,21345,2023,2023:21345,2023,32769,1484770,0.06856857368866216,408.0,False,False,-12.0,3,SNPP,2023-10-26 06:12:00
105.6102066,-3.26968598,2023-10-26 13:00:00,LAPAN,NOAA20,Fire inside Sitrep,SUMSEL,21350,2023,2023:21350,2023,32774,1484807,0.27628820400688936,408.0,False,False,-12.0,3,SNPP,2023-10-26 06:12:00
105.60680389,-3.27024674,2023-10-26 13:00:00,LAPAN,NOAA20,Fire inside Sitrep,SUMSEL,21351,2023,2023:21351,2023,32775,1484807,0.10953447472588937,408.0,False,False,-12.0,3,SNPP,2023-10-26 06:12:00
105.6050415,-3.30366993,2023-10-26 13:00:00,LAPAN,NOAA20,Fire inside Sitrep,SUMSEL,21353,2023,2023:21353,2023,32777,1484293,0.19963591527479518,409.0,False,False,-11.0,1,SNPP,2023-10-26 06:11:00
105.76855469,-3.62724161,2023-10-26 13:00:00,LAPAN,NOAA20,Fire inside Sitrep,SUMSEL,21368,2023,2023:21368,2023,32792,1484357,0.20348619597113443,409.0,False,False,-11.0,1,SNPP,2023-10-26 06:11:00
105.64287567,-3.54280567,2023-10-26 13:00:00,LAPAN,NOAA20,Fire inside Sitrep,SUMSEL,21369,2023,2023:21369,2023,32793,1484337,0.1909246119278829,409.0,False,False,-11.0,1,SNPP,2023-10-26 06:11:00
105.78814697,-3.51109838,2023-10-26 13:00:00,LAPAN,NOAA20,Fire inside Sitrep,SUMSEL,21370,2023,2023:21370,2023,32794,1484333,0.4633155213138674,409.0,False,False,-11.0,1,SNPP,2023-10-26 06:11:00
105.78030396,-3.50679708,2023-10-26 13:00:00,LAPAN,NOAA20,Fire inside Sitrep,SUMSEL,21371,2023,2023:21371,2023,32795,1484332,0.26849755866667735,409.0,False,False,-11.0,1,SNPP,2023-10-26 06:11:00
105.70429993,-3.51909113,2023-10-26 13:00:00,LAPAN,NOAA20,Fire inside Sitrep,SUMSEL,21380,2023,2023:21380,2023,32804,1484331,0.22977364845720047,409.0,False,False,-11.0,3,SNPP,2023-10-26 06:11:00
105.59937286,-3.00100231,2023-10-26 13:00:00,LAPAN,NOAA20,Fire inside Sitrep,SUMSEL,21383,2023,2023:21383,2023,32807,1484760,0.1945439353145402,408.0,False,False,-12.0,2,SNPP,2023-10-26 06:12:00
105.63678741,-3.2154572,2023-10-26 13:00:00,LAPAN,NOAA20,Fire inside Sitrep,SUMSEL,21384,2023,2023:21384,2023,32808,1484799,0.3027470772517993,408.0,False,False,-12.0,2,SNPP,2023-10-26 06:12:00
105.60189056,-3.01722145,2023-10-26 13:00:00,LAPAN,NOAA20,Fire inside Sitrep,SUMSEL,21391,2023,2023:21391,2023,32815,1484771,0.12558043091710847,408.0,False,False,-12.0,2,SNPP,2023-10-26 06:12:00
105.61446381,-3.27451348,2023-10-26 13:00:00,LAPAN,NOAA20,Fire inside Sitrep,SUMSEL,21395,2023,2023:21395,2023,32819,1484268,0.18142076774558033,409.0,False,False,-11.0,6,SNPP,2023-10-26 06:11:00
105.61274719,-3.28584671,2023-10-26 13:00:00,LAPAN,NOAA20,Fire inside Sitrep,SUMSEL,21396,2023,2023:21396,2023,32820,1484282,0.1504121881231238,409.0,False,False,-11.0,2,SNPP,2023-10-26 06:11:00
105.56703186,-3.77638292,2023-10-26 13:00:00,LAPAN,NOAA20,Fire inside Sitrep,SUMSEL,21402,2023,2023:21402,2023,32826,1484390,0.49949833174747665,409.0,False,False,-11.0,1,SNPP,2023-10-26 06:11:00
105.59381866,-3.85217667,2023-10-26 13:00:00,LAPAN,NOAA20,Fire inside Sitrep,SUMSEL,21404,2023,2023:21404,2023,32828,1484414,0.04341811112171398,409.0,False,False,-11.0,1,SNPP,2023-10-26 06:11:00
105.6006012,-3.53892398,2023-10-26 13:00:00,LAPAN,NOAA20,Fire inside Sitrep,SUMSEL,21412,2023,2023:21412,2023,32836,1484334,0.07679269584375804,409.0,False,False,-11.0,1,SNPP,2023-10-26 06:11:00
105.77681732,-3.50736141,2023-10-26 13:00:00,LAPAN,NOAA20,Fire inside Sitrep,SUMSEL,21413,2023,2023:21413,2023,32837,1484329,0.4235445434998121,409.0,False,False,-11.0,1,SNPP,2023-10-26 06:11:00
105.58730316,-3.01411176,2023-10-26 13:00:00,LAPAN,NOAA20,Fire inside Sitrep,SUMSEL,21416,2023,2023:21416,2023,32840,1484765,0.2803934148035573,408.0,False,False,-12.0,2,SNPP,2023-10-26 06:12:00
105.64326477,-3.21772313,2023-10-26 13:00:00,LAPAN,NOAA20,Fire inside Sitrep,SUMSEL,21417,2023,2023:21417,2023,32841,1484800,0.16185772498307618,408.0,False,False,-12.0,2,SNPP,2023-10-26 06:12:00
105.76987457,-3.50848532,2023-10-26 13:00:00,LAPAN,NOAA20,Fire inside Sitrep,SUMSEL,21422,2023,2023:21422,2023,32846,1484328,0.27962949496565515,409.0,False,False,-11.0,1,SNPP,2023-10-26 06:11:00
105.59562683,-3.00499392,2023-10-26 13:00:00,LAPAN,NOAA20,Fire inside Sitrep,SUMSEL,21423,2023,2023:21423,2023,32847,1484763,0.31056914169351674,408.0,False,False,-12.0,1,SNPP,2023-10-26 06:12:00
105.60254669,-3.28751349,2023-10-26 13:00:00,LAPAN,NOAA20,Fire inside Sitrep,SUMSEL,21439,2023,2023:21439,2023,32863,1484276,0.3500672358728831,409.0,False,False,-11.0,1,SNPP,2023-10-26 06:11:00
105.61544037,-3.85944581,2023-10-26 13:00:00,LAPAN,NOAA20,Fire inside Sitrep,SUMSEL,21450,2023,2023:21450,2023,32874,1484423,0.3778593687821937,409.0,False,False,-11.0,2,SNPP,2023-10-26 06:11:00
105.52520752,-3.87602949,2023-10-26 13:00:00,LAPAN,NOAA20,Fire inside Sitrep,SUMSEL,21451,2023,2023:21451,2023,32875,1484428,0.13426566457059536,409.0,False,False,-11.0,1,SNPP,2023-10-26 06:11:00
105.60849762,-3.28101802,2023-10-26 13:00:00,LAPAN,NOAA20,Fire inside Sitrep,SUMSEL,21463,2023,2023:21463,2023,32887,1484637,0.1046413198457756,408.0,False,False,-12.0,7,SNPP,2023-10-26 06:12:00
105.59658813,-3.2719264,2023-10-26 13:00:00,LAPAN,NOAA20,Fire inside Sitrep,SUMSEL,21464,2023,2023:21464,2023,32888,1484265,0.3173817319515179,409.0,False,False,-11.0,1,SNPP,2023-10-26 06:11:00
105.59965515,-3.85302806,2023-10-26 13:00:00,LAPAN,NOAA20,Fire inside Sitrep,SUMSEL,21471,2023,2023:21471,2023,32895,1484415,0.3837415175594425,409.0,False,False,-11.0,1,SNPP,2023-10-26 06:11:00
105.75598907,-3.62023973,2023-10-26 13:00:00,LAPAN,NOAA20,Fire inside Sitrep,SUMSEL,21475,2023,2023:21475,2023,32899,1484355,0.11752684591248232,409.0,False,False,-11.0,1,SNPP,2023-10-26 06:11:00
105.77487183,-3.62815428,2023-10-26 13:00:00,LAPAN,NOAA20,Fire inside Sitrep,SUMSEL,21476,2023,2023:21476,2023,32900,1484362,0.15683069702484115,409.0,False,False,-11.0,1,SNPP,2023-10-26 06:11:00
105.70587921,-3.52110457,2023-10-26 13:00:00,LAPAN,NOAA20,Fire inside Sitrep,SUMSEL,21478,2023,2023:21478,2023,32902,1484335,0.2129649233150344,409.0,False,False,-11.0,2,SNPP,2023-10-26 06:11:00
105.61382294,-3.04852414,2023-10-26 13:00:00,LAPAN,NOAA20,Fire inside Sitrep,SUMSEL,21488,2023,2023:21488,2023,32912,1484782,0.267696456787658,408.0,False,False,-12.0,2,SNPP,2023-10-26 06:12:00
105.460502625,-3.72307491302,2023-10-26 21:00:00,LAPAN,Aqua,Fire inside Sitrep,SUMSEL,21696,2023,2023:21696,2023,33120,135801,0.03242229692613923,362.0,False,False,-58.0,1,Terra,2023-10-26 14:58:00
105.46057,-3.72285,2023-10-26 21:00:00,NASA,Aqua,Fire inside Sitrep,SUMSEL,21697,2023,2023:21697,2023,33121,135801,0.006480112804181074,362.0,False,False,-58.0,1,Terra,2023-10-26 14:58:00
105.459243774,-3.71420645714,2023-10-26 21:00:00,LAPAN,Aqua,Fire inside Sitrep,SUMSEL,21698,2023,2023:21698,2023,33122,135800,0.023789679530049717,362.0,False,False,-58.0,1,Terra,2023-10-26 14:58:00
105.57307,-3.77217,2023-10-26 21:00:00,NASA,Aqua,Fire inside Sitrep,SUMSEL,21699,2023,2023:21699,2023,33123,135807,0.004712500195897109,362.0,False,False,-58.0,1,Terra,2023-10-26 14:58:00
105.564170837,-3.77363348007,2023-10-26 21:00:00,LAPAN,Aqua,Fire inside Sitrep,SUMSEL,21700,2023,2023:21700,2023,33124,135806,0.026162701925437955,362.0,False,False,-58.0,1,Terra,2023-10-26 14:58:00
105.56424,-3.7734,2023-10-26 21:00:00,NASA,Aqua,Fire inside Sitrep,SUMSEL,21701,2023,2023:21701,2023,33125,135806,0.004438160945093376,362.0,False,False,-58.0,1,Terra,2023-10-26 14:58:00
105.48962,-3.73686,2023-10-26 21:00:00,NASA,Aqua,Fire inside Sitrep,SUMSEL,21702,2023,2023:21702,2023,33126,135802,0.004970682404269221,362.0,False,False,-58.0,1,Terra,2023-10-26 14:58:00
105.498382568,-3.73585343361,2023-10-26 21:00:00,LAPAN,Aqua,Fire inside Sitrep,SUMSEL,21703,2023,2023:21703,2023,33127,135803,0.031047197288696666,362.0,False,False,-58.0,1,Terra,2023-10-26 14:58:00
105.527565002,-3.7697122097,2023-10-26 21:00:00,LAPAN,Aqua,Fire inside Sitrep,SUMSEL,21704,2023,2023:21704,2023,33128,135805,0.023914058324161363,362.0,False,False,-58.0,1,Terra,2023-10-26 14:58:00
105.347953796,-3.69356012344,2023-10-26 21:00:00,LAPAN,Aqua,Fire inside Sitrep,SUMSEL,21705,2023,2023:21705,2023,33129,135798,0.02937532320736102,362.0,False,False,-58.0,1,Terra,2023-10-26 14:58:00
105.68161,-3.46244,2023-10-26 21:00:00,NASA,Aqua,Fire inside Sitrep,SUMSEL,21706,2023,2023:21706,2023,33130,135786,0.004584198750459623,362.0,False,False,-58.0,1,Terra,2023-10-26 14:58:00
105.604553223,-3.7408747673,2023-10-26 21:00:00,LAPAN,Aqua,Fire inside Sitrep,SUMSEL,21707,2023,2023:21707,2023,33131,135804,0.030990498416819404,362.0,False,False,-58.0,1,Terra,2023-10-26 14:58:00
105.60462,-3.74065,2023-10-26 21:00:00,NASA,Aqua,Fire inside Sitrep,SUMSEL,21708,2023,2023:21708,2023,33132,135804,0.0059862803783750276,362.0,False,False,-58.0,1,Terra,2023-10-26 14:58:00
105.74593,-3.55466,2023-10-26 21:00:00,NASA,Aqua,Fire inside Sitrep,SUMSEL,21709,2023,2023:21709,2023,33133,135791,0.005555905640504821,362.0,False,False,-58.0,1,Terra,2023-10-26 14:58:00
105.737052917,-3.55612111092,2023-10-26 21:00:00,LAPAN,Aqua,Fire inside Sitrep,SUMSEL,21710,2023,2023:21710,2023,33134,135790,0.0251355783435205,362.0,False,False,-58.0,1,Terra,2023-10-26 14:58:00
105.708000183,-3.52218532562,2023-10-26 21:00:00,LAPAN,Aqua,Fire inside Sitrep,SUMSEL,21711,2023,2023:21711,2023,33135,135789,0.023396305329865728,362.0,False,False,-58.0,1,Terra,2023-10-26 14:58:00
105.69924,-3.52319,2023-10-26 21:00:00,NASA,Aqua,Fire inside Sitrep,SUMSEL,21712,2023,2023:21712,2023,33136,135788,0.004576535716673936,362.0,False,False,-58.0,1,Terra,2023-10-26 14:58:00
105.79511261,-3.35466337204,2023-10-26 21:00:00,LAPAN,Aqua,Fire inside Sitrep,SUMSEL,21713,2023,2023:21713,2023,33137,135784,0.03085051244098547,362.0,False,False,-58.0,1,Terra,2023-10-26 14:58:00
105.699180603,-3.52342176437,2023-10-26 21:00:00,LAPAN,Aqua,Fire inside Sitrep,SUMSEL,21714,2023,2023:21714,2023,33138,135788,0.024752898635659333,362.0,False,False,-58.0,1,Terra,2023-10-26 14:58:00
105.228134155,-3.08355236053,2023-10-26 21:00:00,LAPAN,Aqua,Fire inside Sitrep,SUMSEL,21715,2023,2023:21715,2023,33139,135766,0.028998017643855643,362.0,False,False,-58.0,1,Terra,2023-10-26 14:58:00
105.73837,-3.56475,2023-10-26 21:00:00,NASA,Aqua,Fire inside Sitrep,SUMSEL,21716,2023,2023:21716,2023,33140,135792,0.006480413333638478,362.0,False,False,-58.0,1,Terra,2023-10-26 14:58:00
105.52763,-3.76948,2023-10-26 21:00:00,NASA,Aqua,Fire inside Sitrep,SUMSEL,21717,2023,2023:21717,2023,33141,135805,0.0040031929572926835,362.0,False,False,-58.0,1,Terra,2023-10-26 14:58:00
105.49846,-3.73562,2023-10-26 21:00:00,NASA,Aqua,Fire inside Sitrep,SUMSEL,21718,2023,2023:21718,2023,33142,135803,0.004964344477199615,362.0,False,False,-58.0,1,Terra,2023-10-26 14:58:00
105.681541443,-3.46266794205,2023-10-26 21:00:00,LAPAN,Aqua,Fire inside Sitrep,SUMSEL,21719,2023,2023:21719,2023,33143,135786,0.030494499518899525,362.0,False,False,-58.0,1,Terra,2023-10-26 14:58:00
105.45931,-3.71398,2023-10-26 21:00:00,NASA,Aqua,Fire inside Sitrep,SUMSEL,21720,2023,2023:21720,2023,33144,135800,0.0024853540886244038,362.0,False,False,-58.0,1,Terra,2023-10-26 14:58:00
105.745872498,-3.55488491058,2023-10-26 21:00:00,LAPAN,Aqua,Fire inside Sitrep,SUMSEL,21721,2023,2023:21721,2023,33145,135791,0.020786454756907834,362.0,False,False,-58.0,1,Terra,2023-10-26 14:58:00
105.2282,-3.08332,2023-10-26 21:00:00,NASA,Aqua,Fire inside Sitrep,SUMSEL,21722,2023,2023:21722,2023,33146,135766,0.002223901604664308,362.0,False,False,-58.0,1,Terra,2023-10-26 14:58:00
105.738311768,-3.56497645378,2023-10-26 21:00:00,LAPAN,Aqua,Fire inside Sitrep,SUMSEL,21723,2023,2023:21723,2023,33147,135792,0.03226219068733306,362.0,False,False,-58.0,1,Terra,2023-10-26 14:58:00
105.73711,-3.55589,2023-10-26 21:00:00,NASA,Aqua,Fire inside Sitrep,SUMSEL,21724,2023,2023:21724,2023,33148,135790,0.0015710228860423385,362.0,False,False,-58.0,1,Terra,2023-10-26 14:58:00
105.573005676,-3.77239775658,2023-10-26 21:00:00,LAPAN,Aqua,Fire inside Sitrep,SUMSEL,21725,2023,2023:21725,2023,33149,135807,0.024353035299099414,362.0,False,False,-58.0,1,Terra,2023-10-26 14:58:00
105.59106,-3.29085,2023-10-26 21:00:00,NASA,Aqua,Fire inside Sitrep,SUMSEL,21726,2023,2023:21726,2023,33150,135777,0.00867616466991677,362.0,False,False,-58.0,1,Terra,2023-10-26 14:58:00
105.59987,-3.28961,2023-10-26 21:00:00,NASA,Aqua,Fire inside Sitrep,SUMSEL,21727,2023,2023:21727,2023,33151,135778,0.0035110830117766932,362.0,False,False,-58.0,1,Terra,2023-10-26 14:58:00
105.489547729,-3.73709273338,2023-10-26 21:00:00,LAPAN,Aqua,Fire inside Sitrep,SUMSEL,21728,2023,2023:21728,2023,33152,135802,0.022201959041939435,362.0,False,False,-58.0,1,Terra,2023-10-26 14:58:00
105.34802,-3.69333,2023-10-26 21:00:00,NASA,Aqua,Fire inside Sitrep,SUMSEL,21729,2023,2023:21729,2023,33153,135798,0.004006635466150709,362.0,False,False,-58.0,1,Terra,2023-10-26 14:58:00
105.70806,-3.52196,2023-10-26 21:00:00,NASA,Aqua,Fire inside Sitrep,SUMSEL,21730,2023,2023:21730,2023,33154,135789,0.006284206348958447,362.0,False,False,-58.0,1,Terra,2023-10-26 14:58:00
105.79517,-3.35444,2023-10-26 21:00:00,NASA,Aqua,Fire inside Sitrep,SUMSEL,21731,2023,2023:21731,2023,33155,135784,0.005556326686657725,362.0,False,False,-58.0,1,Terra,2023-10-26 14:58:00
102.97316,-0.97092,2023-10-27 10:00:00,NASA,Aqua,Verified No fire,JAMBI SMF,22016,2023,2023:22016,2023,33440,135889,0.004972224005357851,400.0,False,False,-20.0,1,Terra,2023-10-27 03:20:00
105.48928,-3.74546,2023-10-28 21:00:00,NASA,Aqua,Fire inside Sitrep,SUMSEL,23437,2023,2023:23437,2023,34861,136616,0.0049706726802045634,378.0,False,False,-42.0,1,Terra,2023-10-28 14:42:00
105.45232,-3.72617,2023-10-28 21:00:00,NASA,Aqua,Fire inside Sitrep,SUMSEL,23438,2023,2023:23438,2023,34862,136610,0.004006589743377009,378.0,False,False,-42.0,1,Terra,2023-10-28 14:42:00
105.466209412,-3.72447538376,2023-10-28 21:00:00,LAPAN,Aqua,Fire inside Sitrep,SUMSEL,23439,2023,2023:23439,2023,34863,136611,0.037214111177831834,378.0,False,False,-42.0,1,Terra,2023-10-28 14:42:00
105.4506073,-3.71539497375,2023-10-28 21:00:00,LAPAN,Aqua,Fire inside Sitrep,SUMSEL,23440,2023,2023:23440,2023,34864,136609,0.03915375821041412,378.0,False,False,-42.0,1,Terra,2023-10-28 14:42:00
105.45081,-3.71514,2023-10-28 21:00:00,NASA,Aqua,Fire inside Sitrep,SUMSEL,23441,2023,2023:23441,2023,34865,136609,0.004584124434899243,378.0,False,False,-42.0,1,Terra,2023-10-28 14:42:00
105.34658,-3.6955,2023-10-28 21:00:00,NASA,Aqua,Fire inside Sitrep,SUMSEL,23442,2023,2023:23442,2023,34866,136608,0.0022192774102856123,378.0,False,False,-42.0,1,Terra,2023-10-28 14:42:00
105.54577,-3.40421,2023-10-28 21:00:00,NASA,Aqua,Fire inside Sitrep,SUMSEL,23443,2023,2023:23443,2023,34867,136598,0.0035107135329404656,378.0,False,False,-42.0,1,Terra,2023-10-28 14:42:00
105.46642,-3.72422,2023-10-28 21:00:00,NASA,Aqua,Fire inside Sitrep,SUMSEL,23444,2023,2023:23444,2023,34868,136611,0.0031417527813611696,378.0,False,False,-42.0,1,Terra,2023-10-28 14:42:00
105.487548828,-3.73470830917,2023-10-28 21:00:00,LAPAN,Aqua,Fire inside Sitrep,SUMSEL,23445,2023,2023:23445,2023,34869,136615,0.04418158111949628,378.0,False,False,-42.0,1,Terra,2023-10-28 14:42:00
105.57511,-3.46991,2023-10-28 21:00:00,NASA,Aqua,Fire inside Sitrep,SUMSEL,23446,2023,2023:23446,2023,34870,136603,0.0015710951215749578,378.0,False,False,-42.0,1,Terra,2023-10-28 14:42:00
105.346389771,-3.6957526207,2023-10-28 21:00:00,LAPAN,Aqua,Fire inside Sitrep,SUMSEL,23447,2023,2023:23447,2023,34871,136608,0.03651363241287462,378.0,False,False,-42.0,1,Terra,2023-10-28 14:42:00
105.48776,-3.73445,2023-10-28 21:00:00,NASA,Aqua,Fire inside Sitrep,SUMSEL,23448,2023,2023:23448,2023,34872,136615,0.007114063225732907,378.0,False,False,-42.0,1,Terra,2023-10-28 14:42:00
105.431907654,-3.33939790726,2023-10-28 21:00:00,LAPAN,Aqua,Fire inside Sitrep,SUMSEL,23449,2023,2023:23449,2023,34873,136592,0.03941080488922226,378.0,False,False,-42.0,1,Terra,2023-10-28 14:42:00
105.43209,-3.33914,2023-10-28 21:00:00,NASA,Aqua,Fire inside Sitrep,SUMSEL,23450,2023,2023:23450,2023,34874,136592,0.004584233120503695,378.0,False,False,-42.0,1,Terra,2023-10-28 14:42:00
105.55189,-3.40146,2023-10-29 10:00:00,NASA,Aqua,Fire inside Sitrep,SUMSEL,23726,2023,2023:23726,2023,35150,136718,0.004584215892455427,416.0,False,False,-4.0,1,Terra,2023-10-29 03:04:00
105.74229,-3.44838,2023-10-29 10:00:00,NASA,Aqua,Fire inside Sitrep,SUMSEL,23727,2023,2023:23727,2023,35151,136719,0.0024854978516846383,416.0,False,False,-4.0,1,Terra,2023-10-29 03:04:00
103.87495,-1.33299,2023-10-29 10:00:00,NASA,Aqua,Verified Fire,JAMBI SMF,23728,2023,2023:23728,2023,35152,136698,0.005668383477209763,417.0,False,False,-3.0,1,Terra,2023-10-29 03:03:00
105.84071,-3.89352,2023-10-29 10:00:00,NASA,Aqua,Fire inside Sitrep,SUMSEL,23729,2023,2023:23729,2023,35153,136728,0.002485250909141271,416.0,False,False,-4.0,1,Terra,2023-10-29 03:04:00
105.49028,-3.74171,2023-10-29 10:00:00,NASA,Aqua,Fire inside Sitrep,SUMSEL,23730,2023,2023:23730,2023,35154,136726,0.0024821584462641675,416.0,False,False,-4.0,1,Terra,2023-10-29 03:04:00
103.88377,-1.33427,2023-10-29 10:00:00,NASA,Aqua,Verified Fire,JAMBI SMF,23731,2023,2023:23731,2023,35155,136699,0.004716968180806799,417.0,False,False,-3.0,1,Terra,2023-10-29 03:03:00
105.64698,-3.48783,2023-10-29 10:00:00,NASA,Aqua,Fire inside Sitrep,SUMSEL,23732,2023,2023:23732,2023,35156,136720,0.004006912178097894,416.0,False,False,-4.0,1,Terra,2023-10-29 03:04:00
105.29398,-2.68153,2023-10-29 10:00:00,NASA,Aqua,Fire inside Sitrep,SUMSEL,23733,2023,2023:23733,2023,35157,136715,0.004007845380630268,417.0,False,False,-3.0,1,Terra,2023-10-29 03:03:00
105.7136,-3.67172,2023-10-29 10:00:00,NASA,Aqua,Fire inside Sitrep,SUMSEL,23734,2023,2023:23734,2023,35158,136722,0.002223901604673615,416.0,False,False,-4.0,1,Terra,2023-10-29 03:04:00
105.83018,-3.89201,2023-10-29 10:00:00,NASA,Aqua,Fire inside Sitrep,SUMSEL,23735,2023,2023:23735,2023,35159,136727,0.0024818112577526634,416.0,False,False,-4.0,1,Terra,2023-10-29 03:04:00
105.721084595,-3.77421021461,2023-10-29 22:00:00,LAPAN,Aqua,Fire inside Sitrep,SUMSEL,25065,2023,2023:25065,2023,36489,137163,0.02343723996281444,398.0,False,False,-22.0,1,Terra,2023-10-29 15:22:00
105.49053,-3.74185,2023-10-29 22:00:00,NASA,Aqua,Fire inside Sitrep,SUMSEL,25066,2023,2023:25066,2023,36490,137180,0.0064800757174018255,398.0,False,False,-22.0,1,Terra,2023-10-29 15:22:00
105.45183,-3.72278,2023-10-29 22:00:00,NASA,Aqua,Fire inside Sitrep,SUMSEL,25067,2023,2023:25067,2023,36491,137179,0.004003340669224099,398.0,False,False,-22.0,1,Terra,2023-10-29 15:22:00
105.44997406,-3.71086859703,2023-10-29 22:00:00,LAPAN,Aqua,Fire inside Sitrep,SUMSEL,25068,2023,2023:25068,2023,36492,137178,0.030005046124889592,398.0,False,False,-22.0,1,Terra,2023-10-29 15:22:00
105.451805115,-3.72301769257,2023-10-29 22:00:00,LAPAN,Aqua,Fire inside Sitrep,SUMSEL,25069,2023,2023:25069,2023,36493,137179,0.024212995651904403,398.0,False,False,-22.0,1,Terra,2023-10-29 15:22:00
105.44999,-3.71063,2023-10-29 22:00:00,NASA,Aqua,Fire inside Sitrep,SUMSEL,25070,2023,2023:25070,2023,36494,137178,0.003515560736507362,398.0,False,False,-22.0,1,Terra,2023-10-29 15:22:00
105.54912,-3.77066,2023-10-29 22:00:00,NASA,Aqua,Fire inside Sitrep,SUMSEL,25071,2023,2023:25071,2023,36495,137159,0.004970644058937254,398.0,False,False,-22.0,1,Terra,2023-10-29 15:22:00
105.566856384,-3.76831197739,2023-10-29 22:00:00,LAPAN,Aqua,Fire inside Sitrep,SUMSEL,25072,2023,2023:25072,2023,36496,137160,0.024062510738997393,398.0,False,False,-22.0,1,Terra,2023-10-29 15:22:00
105.46223,-3.71641,2023-10-29 22:00:00,NASA,Aqua,Fire inside Sitrep,SUMSEL,25073,2023,2023:25073,2023,36497,137177,0.0035096429047602544,398.0,False,False,-22.0,1,Terra,2023-10-29 15:22:00
105.56691,-3.76807,2023-10-29 22:00:00,NASA,Aqua,Fire inside Sitrep,SUMSEL,25074,2023,2023:25074,2023,36498,137160,0.0035155377779379493,398.0,False,False,-22.0,1,Terra,2023-10-29 15:22:00
105.75951,-3.6099,2023-10-29 22:00:00,NASA,Aqua,Fire inside Sitrep,SUMSEL,25075,2023,2023:25075,2023,36499,137174,0.0011097445410212902,398.0,False,False,-22.0,1,Terra,2023-10-29 15:22:00
105.490509033,-3.7420938015,2023-10-29 22:00:00,LAPAN,Aqua,Fire inside Sitrep,SUMSEL,25076,2023,2023:25076,2023,36500,137180,0.021573068948522046,398.0,False,False,-22.0,1,Terra,2023-10-29 15:22:00
105.444725037,-3.71916246414,2023-10-29 22:00:00,LAPAN,Aqua,Fire inside Sitrep,SUMSEL,25077,2023,2023:25077,2023,36501,137176,0.03034693491914112,398.0,False,False,-22.0,1,Terra,2023-10-29 15:22:00
105.44476,-3.71892,2023-10-29 22:00:00,NASA,Aqua,Fire inside Sitrep,SUMSEL,25078,2023,2023:25078,2023,36502,137176,0.004964419822060562,398.0,False,False,-22.0,1,Terra,2023-10-29 15:22:00
105.72107,-3.77398,2023-10-29 22:00:00,NASA,Aqua,Fire inside Sitrep,SUMSEL,25079,2023,2023:25079,2023,36503,137163,0.004003178628869754,398.0,False,False,-22.0,1,Terra,2023-10-29 15:22:00
105.462226868,-3.7166492939,2023-10-29 22:00:00,LAPAN,Aqua,Fire inside Sitrep,SUMSEL,25080,2023,2023:25080,2023,36504,137177,0.027880113646587178,398.0,False,False,-22.0,1,Terra,2023-10-29 15:22:00
105.759437561,-3.61014938354,2023-10-29 22:00:00,LAPAN,Aqua,Fire inside Sitrep,SUMSEL,25081,2023,2023:25081,2023,36505,137174,0.02858282941086001,398.0,False,False,-22.0,1,Terra,2023-10-29 15:22:00
105.748207092,-3.44019603729,2023-10-30 21:00:00,LAPAN,Aqua,Fire inside Sitrep,SUMSEL,26092,2023,2023:26092,2023,37516,137585,0.05463956318957128,395.0,False,False,-25.0,1,Terra,2023-10-30 14:25:00
105.74863,-3.43989,2023-10-30 21:00:00,NASA,Aqua,Fire inside Sitrep,SUMSEL,26093,2023,2023:26093,2023,37517,137585,0.0035105958863890737,395.0,False,False,-25.0,1,Terra,2023-10-30 14:25:00
105.42335,-3.31745,2023-10-30 21:00:00,NASA,Aqua,Fire inside Sitrep,SUMSEL,26094,2023,2023:26094,2023,37518,137629,0.007856094400522548,395.0,False,False,-25.0,1,Terra,2023-10-30 14:25:00
105.7673,-3.60762,2023-10-31 09:00:00,NASA,Aqua,Fire inside Sitrep,SUMSEL,26528,2023,2023:26528,2023,37952,137711,0.0022239016046202427,373.0,False,False,-47.0,1,Terra,2023-10-31 02:47:00
105.7577,-3.60621,2023-10-31 09:00:00,NASA,Aqua,Fire inside Sitrep,SUMSEL,26529,2023,2023:26529,2023,37953,137710,0.0011119508023575465,373.0,False,False,-47.0,1,Terra,2023-10-31 02:47:00
105.55839,-3.76725,2023-10-31 22:00:00,NASA,Aqua,Fire inside Sitrep,SUMSEL,26589,2023,2023:26589,2023,38013,137968,0.005669388123374493,415.0,False,False,-5.0,1,Terra,2023-10-31 15:05:00
105.56789,-3.76588,2023-10-31 22:00:00,NASA,Aqua,Fire inside Sitrep,SUMSEL,26590,2023,2023:26590,2023,38014,137973,0.0024853247563156166,415.0,False,False,-5.0,1,Terra,2023-10-31 15:05:00
105.567840576,-3.76612257957,2023-10-31 22:00:00,LAPAN,Aqua,Fire inside Sitrep,SUMSEL,26591,2023,2023:26591,2023,38015,137973,0.02561294682442882,415.0,False,False,-5.0,1,Terra,2023-10-31 15:05:00
105.55972,-3.77642,2023-10-31 22:00:00,NASA,Aqua,Fire inside Sitrep,SUMSEL,26592,2023,2023:26592,2023,38016,137975,0.0031416591711141547,415.0,False,False,-5.0,1,Terra,2023-10-31 15:05:00
105.236755371,-3.07630157471,2023-10-31 22:00:00,LAPAN,Aqua,Verified No fire,SUMSEL,26593,2023,2023:26593,2023,38017,137989,0.022955355246943497,414.0,False,False,-6.0,1,Terra,2023-10-31 15:06:00
105.559669495,-3.776658535,2023-10-31 22:00:00,LAPAN,Aqua,Fire inside Sitrep,SUMSEL,26594,2023,2023:26594,2023,38018,137975,0.028946380578669273,415.0,False,False,-5.0,1,Terra,2023-10-31 15:05:00
105.55022,-3.77778,2023-10-31 22:00:00,NASA,Aqua,Fire inside Sitrep,SUMSEL,26595,2023,2023:26595,2023,38019,137974,0.003141656679968185,415.0,False,False,-5.0,1,Terra,2023-10-31 15:05:00
105.48084,-3.74217,2023-10-31 22:00:00,NASA,Aqua,Fire inside Sitrep,SUMSEL,26596,2023,2023:26596,2023,38020,137971,0.0055521701669371025,415.0,False,False,-5.0,1,Terra,2023-10-31 15:05:00
105.480804443,-3.74241137505,2023-10-31 22:00:00,LAPAN,Aqua,Fire inside Sitrep,SUMSEL,26597,2023,2023:26597,2023,38021,137971,0.023509035193045702,415.0,False,False,-5.0,1,Terra,2023-10-31 15:05:00
105.49029,-3.74084,2023-10-31 22:00:00,NASA,Aqua,Fire inside Sitrep,SUMSEL,26598,2023,2023:26598,2023,38022,137972,0.004584116585127599,415.0,False,False,-5.0,1,Terra,2023-10-31 15:05:00
105.37804,-2.41055,2023-10-31 22:00:00,NASA,Aqua,Verified No fire,SUMSEL,26599,2023,2023:26599,2023,38023,137984,0.007117501141461942,414.0,False,False,-6.0,1,Terra,2023-10-31 15:06:00
105.23879,-3.06719,2023-10-31 22:00:00,NASA,Aqua,Verified No fire,SUMSEL,26600,2023,2023:26600,2023,38024,137981,0.001571409956582259,414.0,False,False,-6.0,1,Terra,2023-10-31 15:06:00
105.238754272,-3.06742739677,2023-10-31 22:00:00,LAPAN,Aqua,Verified No fire,SUMSEL,26601,2023,2023:26601,2023,38025,137981,0.025790153092857274,414.0,False,False,-6.0,1,Terra,2023-10-31 15:06:00
105.558349609,-3.76749038696,2023-10-31 22:00:00,LAPAN,Aqua,Fire inside Sitrep,SUMSEL,26602,2023,2023:26602,2023,38026,137968,0.03277009324279816,415.0,False,False,-5.0,1,Terra,2023-10-31 15:05:00
105.22746,-3.0774,2023-10-31 22:00:00,NASA,Aqua,Fire inside Sitrep,SUMSEL,26603,2023,2023:26603,2023,38027,137990,0.006662083705738013,414.0,False,False,-6.0,1,Terra,2023-10-31 15:06:00
105.34359,-2.62793,2023-10-31 22:00:00,NASA,Aqua,Verified No fire,SUMSEL,26604,2023,2023:26604,2023,38028,137983,0.003515927564706523,414.0,False,False,-6.0,1,Terra,2023-10-31 15:06:00
105.23679,-3.07606,2023-10-31 22:00:00,NASA,Aqua,Verified No fire,SUMSEL,26605,2023,2023:26605,2023,38029,137989,0.004584302295300739,414.0,False,False,-6.0,1,Terra,2023-10-31 15:06:00
105.490249634,-3.74107480049,2023-10-31 22:00:00,LAPAN,Aqua,Fire inside Sitrep,SUMSEL,26606,2023,2023:26606,2023,38030,137972,0.03106330534837138,415.0,False,False,-5.0,1,Terra,2023-10-31 15:05:00
105.229400635,-3.06873726845,2023-10-31 22:00:00,LAPAN,Aqua,Fire inside Sitrep,SUMSEL,26607,2023,2023:26607,2023,38031,137982,0.02638317854873717,414.0,False,False,-6.0,1,Terra,2023-10-31 15:06:00
105.4486,-3.71878,2023-10-31 22:00:00,NASA,Aqua,Fire inside Sitrep,SUMSEL,26608,2023,2023:26608,2023,38032,137970,0.0022239016045967905,415.0,False,False,-5.0,1,Terra,2023-10-31 15:05:00
105.22944,-3.0685,2023-10-31 22:00:00,NASA,Aqua,Fire inside Sitrep,SUMSEL,26609,2023,2023:26609,2023,38033,137982,0.004441426174376902,414.0,False,False,-6.0,1,Terra,2023-10-31 15:06:00
105.227409363,-3.07764029503,2023-10-31 22:00:00,LAPAN,Aqua,Fire inside Sitrep,SUMSEL,26610,2023,2023:26610,2023,38034,137990,0.026739842432862905,414.0,False,False,-6.0,1,Terra,2023-10-31 15:06:00
102.93832,-0.92036,2023-11-01 10:00:00,NASA,Aqua,Verified No fire,JAMBI SMF,26619,2023,2023:26619,2023,38043,138028,0.004972666854219774,393.0,False,False,-27.0,1,Terra,2023-11-01 03:27:00
105.55841,-3.77487,2023-11-02 21:00:00,NASA,Aqua,Fire inside Sitrep,SUMSEL,26840,2023,2023:26840,2023,38264,138371,0.0035155350383345,371.0,False,False,-49.0,1,Terra,2023-11-02 14:49:00
105.76055,-3.60627,2023-11-02 21:00:00,NASA,Aqua,Fire inside Sitrep,SUMSEL,26841,2023,2023:26841,2023,38265,138369,0.006474293776441806,371.0,False,False,-49.0,1,Terra,2023-11-02 14:49:00
105.40948,-3.30605,2023-11-02 21:00:00,NASA,Aqua,Fire inside Sitrep,SUMSEL,26842,2023,2023:26842,2023,38266,138358,0.00598666475586149,371.0,False,False,-49.0,1,Terra,2023-11-02 14:49:00
105.42136,-3.31422,2023-11-02 21:00:00,NASA,Aqua,Fire inside Sitrep,SUMSEL,26843,2023,2023:26843,2023,38267,138360,0.00496614271554491,371.0,False,False,-49.0,1,Terra,2023-11-02 14:49:00
105.42124176,-3.31447196007,2023-11-02 21:00:00,LAPAN,Aqua,Fire inside Sitrep,SUMSEL,26844,2023,2023:26844,2023,38268,138360,0.03497230813431037,371.0,False,False,-49.0,1,Terra,2023-11-02 14:49:00
105.22882,-3.07472,2023-11-02 21:00:00,NASA,Aqua,Fire inside Sitrep,SUMSEL,26845,2023,2023:26845,2023,38269,138351,0.0031428088703949267,371.0,False,False,-49.0,1,Terra,2023-11-02 14:49:00
105.22869873,-3.07497930527,2023-11-02 21:00:00,LAPAN,Aqua,Fire inside Sitrep,SUMSEL,26846,2023,2023:26846,2023,38270,138351,0.03303028071067141,371.0,False,False,-49.0,1,Terra,2023-11-02 14:49:00
105.558296204,-3.77512311935,2023-11-02 21:00:00,LAPAN,Aqua,Fire inside Sitrep,SUMSEL,26847,2023,2023:26847,2023,38271,138371,0.02735244227216648,371.0,False,False,-49.0,1,Terra,2023-11-02 14:49:00
105.56754,-3.76381,2023-11-02 21:00:00,NASA,Aqua,Fire inside Sitrep,SUMSEL,26848,2023,2023:26848,2023,38272,138370,0.004575384323977291,371.0,False,False,-49.0,1,Terra,2023-11-02 14:49:00
105.760452271,-3.6065196991,2023-11-02 21:00:00,LAPAN,Aqua,Fire inside Sitrep,SUMSEL,26849,2023,2023:26849,2023,38273,138369,0.029420546030366503,371.0,False,False,-49.0,1,Terra,2023-11-02 14:49:00
105.23953,-3.07322,2023-11-02 21:00:00,NASA,Aqua,Verified No fire,SUMSEL,26850,2023,2023:26850,2023,38274,138339,0.00400520478390705,371.0,False,False,-49.0,1,Terra,2023-11-02 14:49:00
105.567428589,-3.76406097412,2023-11-02 21:00:00,LAPAN,Aqua,Fire inside Sitrep,SUMSEL,26851,2023,2023:26851,2023,38275,138370,0.030081310265579673,371.0,False,False,-49.0,1,Terra,2023-11-02 14:49:00
105.382766724,-2.40902137756,2023-11-02 21:00:00,LAPAN,Aqua,Verified No fire,SUMSEL,26852,2023,2023:26852,2023,38276,138352,0.028726046915699563,371.0,False,False,-49.0,1,Terra,2023-11-02 14:49:00
105.38293,-2.40876,2023-11-02 21:00:00,NASA,Aqua,Verified No fire,SUMSEL,26853,2023,2023:26853,2023,38277,138352,0.0055579859781748646,371.0,False,False,-49.0,1,Terra,2023-11-02 14:49:00
105.41083,-3.31568,2023-11-02 21:00:00,NASA,Aqua,Fire inside Sitrep,SUMSEL,26854,2023,2023:26854,2023,38278,138359,0.0040045505274851284,371.0,False,False,-49.0,1,Terra,2023-11-02 14:49:00
105.409370422,-3.30630230904,2023-11-02 21:00:00,LAPAN,Aqua,Fire inside Sitrep,SUMSEL,26855,2023,2023:26855,2023,38279,138358,0.036563635789424904,371.0,False,False,-49.0,1,Terra,2023-11-02 14:49:00
105.23395,-3.07926,2023-11-03 10:00:00,NASA,Aqua,Fire inside Sitrep,SUMSEL,27018,2023,2023:27018,2023,38442,138416,0.007113692564003601,409.0,False,False,-11.0,1,Terra,2023-11-03 03:11:00
105.65274,-3.55975,2023-11-03 10:00:00,NASA,Aqua,Fire inside Sitrep,SUMSEL,27019,2023,2023:27019,2023,38443,138421,0.007114601314587575,409.0,False,False,-11.0,1,Terra,2023-11-03 03:11:00
105.26355,-3.00208,2023-11-03 10:00:00,NASA,Aqua,Fire inside Sitrep,SUMSEL,27020,2023,2023:27020,2023,38444,138413,0.005980954660335817,409.0,False,False,-11.0,1,Terra,2023-11-03 03:11:00
105.61852,-3.0518,2023-11-03 10:00:00,NASA,Aqua,Fire inside Sitrep,SUMSEL,27021,2023,2023:27021,2023,38445,138414,0.0022207476916457354,409.0,False,False,-11.0,1,Terra,2023-11-03 03:11:00
105.33644,-3.02295,2023-11-03 10:00:00,NASA,Aqua,Verified No fire,SUMSEL,27022,2023,2023:27022,2023,38446,138415,0.007116094374520314,409.0,False,False,-11.0,1,Terra,2023-11-03 03:11:00
105.63443,-2.77841,2023-11-03 10:00:00,NASA,Aqua,Verified No fire,SUMSEL,27023,2023,2023:27023,2023,38447,138410,0.0035125772636502863,409.0,False,False,-11.0,1,Terra,2023-11-03 03:11:00
105.79103,-3.61576,2023-11-03 10:00:00,NASA,Aqua,Fire inside Sitrep,SUMSEL,27024,2023,2023:27024,2023,38448,138422,0.005555772338524023,409.0,False,False,-11.0,1,Terra,2023-11-03 03:11:00
105.23204803,-3.0745995,2023-11-03 13:00:00,LAPAN,SNPP,Fire inside Sitrep,SUMSEL,27032,2023,2023:27032,2023,38456,809828,0.22052106424927434,409.0,False,False,-11.0,1,NOAA20,2023-11-03 06:11:00
105.23123169,-3.06927681,2023-11-03 13:00:00,LAPAN,SNPP,Fire inside Sitrep,SUMSEL,27034,2023,2023:27034,2023,38458,809829,0.14884526860196942,409.0,False,False,-11.0,2,NOAA20,2023-11-03 06:11:00
105.76053619,-3.6067338,2023-11-03 13:00:00,LAPAN,SNPP,Fire inside Sitrep,SUMSEL,27058,2023,2023:27058,2023,38482,809800,0.05580518810211278,409.0,False,False,-11.0,2,NOAA20,2023-11-03 06:11:00
105.64182281,-3.63687468,2023-11-03 13:00:00,LAPAN,SNPP,Fire inside Sitrep,SUMSEL,27060,2023,2023:27060,2023,38484,809797,0.32988621117935246,409.0,False,False,-11.0,1,NOAA20,2023-11-03 06:11:00
105.64406586,-3.63766646,2023-11-03 13:00:00,LAPAN,SNPP,Fire inside Sitrep,SUMSEL,27070,2023,2023:27070,2023,38494,809797,0.2649059304568743,409.0,False,False,-11.0,1,NOAA20,2023-11-03 06:11:00
105.7620163,-3.60624123,2023-11-03 13:00:00,LAPAN,SNPP,Fire inside Sitrep,SUMSEL,27071,2023,2023:27071,2023,38495,809800,0.13850277405295566,409.0,False,False,-11.0,3,NOAA20,2023-11-03 06:11:00
105.70214081,-3.96078324,2023-11-03 13:00:00,LAPAN,SNPP,Fire inside Sitrep,SUMSEL,27080,2023,2023:27080,2023,38504,138477,0.4434994868855232,379.0,False,False,-41.0,1,Aqua,2023-11-03 06:41:00
105.72898,-3.46025,2023-11-04 21:00:00,NASA,Aqua,Fire inside Sitrep,SUMSEL,27278,2023,2023:27278,2023,38702,138625,0.005986533778094575,388.0,False,False,-32.0,1,Terra,2023-11-04 14:32:00
105.72381,-3.46194,2023-11-04 21:00:00,NASA,Aqua,Fire inside Sitrep,SUMSEL,27279,2023,2023:27279,2023,38703,138628,0.004584198892222145,388.0,False,False,-32.0,1,Terra,2023-11-04 14:32:00
105.728675842,-3.46054267883,2023-11-04 21:00:00,LAPAN,Aqua,Fire inside Sitrep,SUMSEL,27280,2023,2023:27280,2023,38704,138625,0.0524063224161629,388.0,False,False,-32.0,1,Terra,2023-11-04 14:32:00
105.723495483,-3.462236166,2023-11-04 21:00:00,LAPAN,Aqua,Fire inside Sitrep,SUMSEL,27281,2023,2023:27281,2023,38705,138628,0.050394810659354666,388.0,False,False,-32.0,1,Terra,2023-11-04 14:32:00
103.22784,-2.47998,2023-11-05 09:00:00,NASA,Aqua,Verified No fire,SUMSEL MUBA,27331,2023,2023:27331,2023,38755,138657,0.00496906947333623,366.0,False,False,-54.0,1,Terra,2023-11-05 02:54:00
103.87914,-1.33498,2023-11-05 09:00:00,NASA,Aqua,Verified No fire,JAMBI SMF,27332,2023,2023:27332,2023,38756,138661,0.004971715373486975,366.0,False,False,-54.0,1,Terra,2023-11-05 02:54:00
105.23589325,-3.07258415222,2023-11-05 09:00:00,LAPAN,Aqua,Verified No fire,SUMSEL,27333,2023,2023:27333,2023,38757,138658,0.026139322153091647,366.0,False,False,-54.0,1,Terra,2023-11-05 02:54:00
105.73089,-3.46695,2023-11-05 09:00:00,NASA,Aqua,Fire inside Sitrep,SUMSEL,27335,2023,2023:27335,2023,38759,138655,0.005669460080557349,366.0,False,False,-54.0,1,Terra,2023-11-05 02:54:00
105.731002808,-3.46672177315,2023-11-05 09:00:00,LAPAN,Aqua,Fire inside Sitrep,SUMSEL,27336,2023,2023:27336,2023,38760,138655,0.0329747346088829,366.0,False,False,-54.0,1,Terra,2023-11-05 02:54:00
105.72958,-3.5589,2023-11-05 09:00:00,NASA,Aqua,Fire inside Sitrep,SUMSEL,27337,2023,2023:27337,2023,38761,138667,0.002219612840202702,366.0,False,False,-54.0,1,Terra,2023-11-05 02:54:00
105.78783,-3.61426,2023-11-05 09:00:00,NASA,Aqua,Fire inside Sitrep,SUMSEL,27338,2023,2023:27338,2023,38762,138666,0.0055557756373369105,366.0,False,False,-54.0,1,Terra,2023-11-05 02:54:00
105.23578,-3.07281,2023-11-05 09:00:00,NASA,Aqua,Verified No fire,SUMSEL,27339,2023,2023:27339,2023,38763,138658,0.0024835380903030935,366.0,False,False,-54.0,1,Terra,2023-11-05 02:54:00
105.71806,-3.45922,2023-11-05 22:00:00,NASA,Aqua,Fire inside Sitrep,SUMSEL,27433,2023,2023:27433,2023,38857,138798,0.004965548168342122,407.0,False,False,-13.0,1,Terra,2023-11-05 15:13:00
105.732,-3.46782,2023-11-05 22:00:00,NASA,Aqua,Fire inside Sitrep,SUMSEL,27434,2023,2023:27434,2023,38858,138801,0.002223901604693386,407.0,False,False,-13.0,1,Terra,2023-11-05 15:13:00
105.705680847,-3.46125841141,2023-11-05 22:00:00,LAPAN,Aqua,Fire inside Sitrep,SUMSEL,27435,2023,2023:27435,2023,38859,138797,0.02881260802599777,407.0,False,False,-13.0,1,Terra,2023-11-05 15:13:00
105.7196,-3.4696,2023-11-05 22:00:00,NASA,Aqua,Fire inside Sitrep,SUMSEL,27436,2023,2023:27436,2023,38860,138800,0.0,407.0,False,False,-13.0,1,Terra,2023-11-05 15:13:00
105.730438232,-3.45767998695,2023-11-05 22:00:00,LAPAN,Aqua,Fire inside Sitrep,SUMSEL,27437,2023,2023:27437,2023,38861,138799,0.03187908868868787,407.0,False,False,-13.0,1,Terra,2023-11-05 15:13:00
105.73046,-3.45743,2023-11-05 22:00:00,NASA,Aqua,Fire inside Sitrep,SUMSEL,27438,2023,2023:27438,2023,38862,138799,0.0055532797686722035,407.0,False,False,-13.0,1,Terra,2023-11-05 15:13:00
105.719581604,-3.46985030174,2023-11-05 22:00:00,LAPAN,Aqua,Fire inside Sitrep,SUMSEL,27439,2023,2023:27439,2023,38863,138800,0.02790711519226516,407.0,False,False,-13.0,1,Terra,2023-11-05 15:13:00
105.70567,-3.46101,2023-11-05 22:00:00,NASA,Aqua,Fire inside Sitrep,SUMSEL,27440,2023,2023:27440,2023,38864,138797,0.003510525722443268,407.0,False,False,-13.0,1,Terra,2023-11-05 15:13:00
105.731971741,-3.46806883812,2023-11-05 22:00:00,LAPAN,Aqua,Fire inside Sitrep,SUMSEL,27441,2023,2023:27441,2023,38865,138801,0.030057571544613675,407.0,False,False,-13.0,1,Terra,2023-11-05 15:13:00
105.718048096,-3.45947122574,2023-11-05 22:00:00,LAPAN,Aqua,Fire inside Sitrep,SUMSEL,27442,2023,2023:27442,2023,38866,138798,0.030704265611079237,407.0,False,False,-13.0,1,Terra,2023-11-05 15:13:00
105.721672058,-3.4478096962,2023-11-06 01:00:00,LAPAN,Aqua,Fire inside Sitrep,SUMSEL,27444,2023,2023:27444,2023,38868,811663,0.4707761326177493,404.0,False,False,-16.0,1,NOAA20,2023-11-05 18:16:00
105.73067,-3.44917,2023-11-06 01:00:00,NASA,Aqua,Fire inside Sitrep,SUMSEL,27484,2023,2023:27484,2023,38908,811664,0.411615689193673,404.0,False,False,-16.0,1,NOAA20,2023-11-05 18:16:00
105.730606079,-3.44914960861,2023-11-06 01:00:00,LAPAN,Aqua,Fire inside Sitrep,SUMSEL,27506,2023,2023:27506,2023,38930,811664,0.40784800165973023,404.0,False,False,-16.0,1,NOAA20,2023-11-05 18:16:00
105.72174,-3.44783,2023-11-06 01:00:00,NASA,Aqua,Verified Fire,SUMSEL,27509,2023,2023:27509,2023,38933,811663,0.4642308357712339,404.0,False,False,-16.0,1,NOAA20,2023-11-05 18:16:00
105.45644,-3.14941,2023-11-06 10:00:00,NASA,Aqua,Verified No fire,SUMSEL,27545,2023,2023:27545,2023,38969,138846,0.00457817381056197,385.0,False,False,-35.0,1,Terra,2023-11-06 03:35:00
105.42574,-2.56111,2023-11-06 10:00:00,NASA,Aqua,Verified No fire,SUMSEL,27546,2023,2023:27546,2023,38970,138843,0.004580380624876099,386.0,False,False,-34.0,1,Terra,2023-11-06 03:34:00
103.1303,-0.90616,2023-11-06 10:00:00,NASA,Aqua,Verified No fire,JAMBI SMF,27547,2023,2023:27547,2023,38971,138842,0.004447803209350202,386.0,False,False,-34.0,1,Terra,2023-11-06 03:34:00
105.71597,-3.46317,2023-11-07 21:00:00,NASA,Aqua,Fire inside Sitrep,SUMSEL,27744,2023,2023:27744,2023,39168,139044,0.004713302081135346,364.0,False,False,-56.0,1,Terra,2023-11-07 14:56:00
105.59923,-3.30704,2023-11-08 10:00:00,NASA,Aqua,Fire inside Sitrep,SUMSEL,27816,2023,2023:27816,2023,39240,139095,0.005556422784876149,402.0,False,False,-18.0,1,Terra,2023-11-08 03:18:00
105.43143,-3.33389,2023-11-08 10:00:00,NASA,Aqua,Fire inside Sitrep,SUMSEL,27817,2023,2023:27817,2023,39241,139096,0.0035109417166460178,402.0,False,False,-18.0,1,Terra,2023-11-08 03:18:00
105.6077,-3.91673,2023-11-08 13:00:00,NASA,Aqua,Fire inside Sitrep,SUMSEL,27869,2023,2023:27869,2023,39293,813817,0.268157487027926,403.0,False,False,-17.0,2,NOAA20,2023-11-08 06:17:00
105.75778,-3.62211,2023-11-09 09:00:00,NASA,Aqua,Fire inside Sitrep,SUMSEL,28058,2023,2023:28058,2023,39482,139273,0.002482424972983225,399.0,False,False,-21.0,1,Terra,2023-11-09 02:21:00
105.712364197,-3.4537987709,2023-11-09 21:00:00,LAPAN,Aqua,Fire inside Sitrep,SUMSEL,28367,2023,2023:28367,2023,39791,139407,0.042292931876609104,381.0,False,False,-39.0,1,Terra,2023-11-09 14:39:00
105.72708,-3.45152,2023-11-09 21:00:00,NASA,Aqua,Fire inside Sitrep,SUMSEL,28368,2023,2023:28368,2023,39792,139408,0.0031422206923630326,381.0,False,False,-39.0,1,Terra,2023-11-09 14:39:00
105.726852417,-3.45181107521,2023-11-09 21:00:00,LAPAN,Aqua,Fire inside Sitrep,SUMSEL,28369,2023,2023:28369,2023,39793,139408,0.044177196288429824,381.0,False,False,-39.0,1,Terra,2023-11-09 14:39:00
105.7126,-3.45351,2023-11-09 21:00:00,NASA,Aqua,Fire inside Sitrep,SUMSEL,28370,2023,2023:28370,2023,39794,139407,0.0011119508023491756,381.0,False,False,-39.0,1,Terra,2023-11-09 14:39:00
105.35858,-3.0226,2023-11-10 10:00:00,NASA,Aqua,Verified No fire,SUMSEL,28467,2023,2023:28467,2023,39891,139460,0.002220807741198696,419.0,False,False,-1.0,1,Terra,2023-11-10 03:01:00
102.96851,-0.97034,2023-11-10 10:00:00,NASA,Aqua,Verified No fire,JAMBI SMF,28468,2023,2023:28468,2023,39892,139453,0.004584651938069673,419.0,False,False,-1.0,1,Terra,2023-11-10 03:01:00
105.72795,-3.45097,2023-11-10 22:00:00,NASA,Aqua,Fire inside Sitrep,SUMSEL,28539,2023,2023:28539,2023,39963,139567,0.0064750886997611634,400.0,False,False,-20.0,1,Terra,2023-11-10 15:20:00
105.70913,-3.44141,2023-11-10 22:00:00,NASA,Aqua,Fire inside Sitrep,SUMSEL,28540,2023,2023:28540,2023,39964,139574,0.003510590881713092,400.0,False,False,-20.0,1,Terra,2023-11-10 15:20:00
105.71741,-3.45849,2023-11-10 22:00:00,NASA,Aqua,Fire inside Sitrep,SUMSEL,28541,2023,2023:28541,2023,39965,139570,0.0015711045751491794,400.0,False,False,-20.0,1,Terra,2023-11-10 15:20:00
105.71561,-3.4465,2023-11-10 22:00:00,NASA,Aqua,Fire inside Sitrep,SUMSEL,28542,2023,2023:28542,2023,39966,139572,0.0011099396919273371,400.0,False,False,-20.0,1,Terra,2023-11-10 15:20:00
105.70042,-3.46104,2023-11-10 22:00:00,NASA,Aqua,Fire inside Sitrep,SUMSEL,28543,2023,2023:28543,2023,39967,139571,0.004970982511161997,400.0,False,False,-20.0,1,Terra,2023-11-10 15:20:00
105.71094,-3.4534,2023-11-10 22:00:00,NASA,Aqua,Fire inside Sitrep,SUMSEL,28544,2023,2023:28544,2023,39968,139573,0.0044397265335661155,400.0,False,False,-20.0,1,Terra,2023-11-10 15:20:00
105.70581,-3.49696,2023-11-10 22:00:00,NASA,Aqua,Fire inside Sitrep,SUMSEL,28545,2023,2023:28545,2023,39969,139569,0.004584188894144652,400.0,False,False,-20.0,1,Terra,2023-11-10 15:20:00
105.72282,-3.49446,2023-11-10 22:00:00,NASA,Aqua,Fire inside Sitrep,SUMSEL,28546,2023,2023:28546,2023,39970,139568,0.004970947330527058,400.0,False,False,-20.0,1,Terra,2023-11-10 15:20:00
105.722312927,-3.44958806038,2023-11-11 21:00:00,LAPAN,Aqua,Fire inside Sitrep,SUMSEL,28639,2023,2023:28639,2023,40063,139761,0.06917121810793392,398.0,False,False,-22.0,1,Terra,2023-11-11 14:22:00
105.71682,-3.45481,2023-11-11 21:00:00,NASA,Aqua,Fire inside Sitrep,SUMSEL,28640,2023,2023:28640,2023,40064,139749,0.0024827833013860204,398.0,False,False,-22.0,1,Terra,2023-11-11 14:22:00
105.77523,-3.86486,2023-11-11 21:00:00,NASA,Aqua,Fire inside Sitrep,SUMSEL,28641,2023,2023:28641,2023,40065,139754,0.005555205453074845,398.0,False,False,-22.0,1,Terra,2023-11-11 14:22:00
105.774681091,-3.86521220207,2023-11-11 21:00:00,LAPAN,Aqua,Fire inside Sitrep,SUMSEL,28642,2023,2023:28642,2023,40066,139754,0.06722597639432981,398.0,False,False,-22.0,1,Terra,2023-11-11 14:22:00
105.716300964,-3.45516204834,2023-11-11 21:00:00,LAPAN,Aqua,Fire inside Sitrep,SUMSEL,28643,2023,2023:28643,2023,40067,139749,0.06847409673946826,398.0,False,False,-22.0,1,Terra,2023-11-11 14:22:00
105.72281,-3.44924,2023-11-11 21:00:00,NASA,Aqua,Fire inside Sitrep,SUMSEL,28644,2023,2023:28644,2023,40068,139761,0.0045842024889212185,398.0,False,False,-22.0,1,Terra,2023-11-11 14:22:00
105.79036,-3.86981,2023-11-12 09:00:00,NASA,Aqua,Fire inside Sitrep,SUMSEL,28755,2023,2023:28755,2023,40179,139803,0.004574852995071479,375.0,False,False,-45.0,1,Terra,2023-11-12 02:45:00
105.78632,-3.50065,2023-11-12 09:00:00,NASA,Aqua,Fire inside Sitrep,SUMSEL,28756,2023,2023:28756,2023,40180,139795,0.018895358703409287,376.0,False,False,-44.0,1,Terra,2023-11-12 02:44:00
105.71062,-3.45069,2023-11-12 09:00:00,NASA,Aqua,Fire inside Sitrep,SUMSEL,28757,2023,2023:28757,2023,40181,139800,0.013378951592883959,376.0,False,False,-44.0,1,Terra,2023-11-12 02:44:00
105.7208,-3.45222,2023-11-12 09:00:00,NASA,Aqua,Fire inside Sitrep,SUMSEL,28758,2023,2023:28758,2023,40182,139793,0.01735631658447278,376.0,False,False,-44.0,1,Terra,2023-11-12 02:44:00
105.71403,-3.49969,2023-11-12 09:00:00,NASA,Aqua,Fire inside Sitrep,SUMSEL,28759,2023,2023:28759,2023,40183,139796,0.012669283533101412,376.0,False,False,-44.0,1,Terra,2023-11-12 02:44:00
105.77398,-3.41628,2023-11-12 09:00:00,NASA,Aqua,Fire inside Sitrep,SUMSEL,28760,2023,2023:28760,2023,40184,139799,0.003142278540686407,376.0,False,False,-44.0,1,Terra,2023-11-12 02:44:00
105.79171,-3.8604,2023-11-12 09:00:00,NASA,Aqua,Fire inside Sitrep,SUMSEL,28761,2023,2023:28761,2023,40185,139804,0.0011094278410908333,375.0,False,False,-45.0,1,Terra,2023-11-12 02:45:00
105.72418,-3.50118,2023-11-12 09:00:00,NASA,Aqua,Fire inside Sitrep,SUMSEL,28762,2023,2023:28762,2023,40186,139797,0.009168375402014551,376.0,False,False,-44.0,1,Terra,2023-11-12 02:44:00
105.78171,-3.85891,2023-11-12 09:00:00,NASA,Aqua,Fire inside Sitrep,SUMSEL,28763,2023,2023:28763,2023,40187,139805,0.0015707542946740726,375.0,False,False,-45.0,1,Terra,2023-11-12 02:45:00
105.774093628,-3.41603469849,2023-11-12 09:00:00,LAPAN,Aqua,Fire inside Sitrep,SUMSEL,28764,2023,2023:28764,2023,40188,139799,0.03127725433334029,376.0,False,False,-44.0,1,Terra,2023-11-12 02:44:00
105.72436,-3.45066,2023-11-12 22:00:00,NASA,Aqua,Fire inside Sitrep,SUMSEL,28907,2023,2023:28907,2023,40331,140200,0.0062844441271408015,417.0,False,False,-3.0,1,Terra,2023-11-12 15:03:00
105.70577,-3.45329,2023-11-12 22:00:00,NASA,Aqua,Fire inside Sitrep,SUMSEL,28908,2023,2023:28908,2023,40332,140202,0.0035105513978522453,417.0,False,False,-3.0,1,Terra,2023-11-12 15:03:00
105.7193,-3.5064,2023-11-12 22:00:00,NASA,Aqua,Fire inside Sitrep,SUMSEL,28909,2023,2023:28909,2023,40333,140196,0.0,417.0,False,False,-3.0,1,Terra,2023-11-12 15:03:00
105.76683,-3.48175,2023-11-12 22:00:00,NASA,Aqua,Fire inside Sitrep,SUMSEL,28910,2023,2023:28910,2023,40334,140199,0.006480565908867745,417.0,False,False,-3.0,1,Terra,2023-11-12 15:03:00
105.71376,-3.4429,2023-11-12 22:00:00,NASA,Aqua,Fire inside Sitrep,SUMSEL,28911,2023,2023:28911,2023,40335,140203,0.004439775559615116,417.0,False,False,-3.0,1,Terra,2023-11-12 15:03:00
105.70447,-3.44421,2023-11-12 22:00:00,NASA,Aqua,Fire inside Sitrep,SUMSEL,28912,2023,2023:28912,2023,40336,140204,0.0035105815950542763,417.0,False,False,-3.0,1,Terra,2023-11-12 15:03:00
105.7847,-3.85646,2023-11-12 22:00:00,NASA,Aqua,Fire inside Sitrep,SUMSEL,28913,2023,2023:28913,2023,40337,140194,0.004447803209305015,417.0,False,False,-3.0,1,Terra,2023-11-12 15:03:00
105.786,-3.86553,2023-11-12 22:00:00,NASA,Aqua,Fire inside Sitrep,SUMSEL,28914,2023,2023:28914,2023,40338,140191,0.0033358524070433242,417.0,False,False,-3.0,1,Terra,2023-11-12 15:03:00
105.77673,-3.86686,2023-11-12 22:00:00,NASA,Aqua,Fire inside Sitrep,SUMSEL,28915,2023,2023:28915,2023,40339,140192,0.005555200750336283,417.0,False,False,-3.0,1,Terra,2023-11-12 15:03:00
105.79398,-3.85513,2023-11-12 22:00:00,NASA,Aqua,Fire inside Sitrep,SUMSEL,28916,2023,2023:28916,2023,40340,140193,0.0040064065019782625,417.0,False,False,-3.0,1,Terra,2023-11-12 15:03:00
105.71507,-3.45197,2023-11-12 22:00:00,NASA,Aqua,Fire inside Sitrep,SUMSEL,28917,2023,2023:28917,2023,40341,140201,0.0047133298640814345,417.0,False,False,-3.0,1,Terra,2023-11-12 15:03:00
105.79529,-3.8642,2023-11-12 22:00:00,NASA,Aqua,Fire inside Sitrep,SUMSEL,28918,2023,2023:28918,2023,40342,140190,0.001109422874016742,417.0,False,False,-3.0,1,Terra,2023-11-12 15:03:00
105.71799,-3.49733,2023-11-12 22:00:00,NASA,Aqua,Fire inside Sitrep,SUMSEL,28919,2023,2023:28919,2023,40343,140198,0.003515642875723532,417.0,False,False,-3.0,1,Terra,2023-11-12 15:03:00
105.71001,-3.50773,2023-11-12 22:00:00,NASA,Aqua,Fire inside Sitrep,SUMSEL,28920,2023,2023:28920,2023,40344,140197,0.0035156389833766698,417.0,False,False,-3.0,1,Terra,2023-11-12 15:03:00
105.72858,-3.50508,2023-11-12 22:00:00,NASA,Aqua,Fire inside Sitrep,SUMSEL,28921,2023,2023:28921,2023,40345,140195,0.003142131556617586,417.0,False,False,-3.0,1,Terra,2023-11-12 15:03:00
103.25559,-1.04392,2023-11-13 10:00:00,NASA,Aqua,Verified No fire,JAMBI SMF,28989,2023,2023:28989,2023,40413,140257,0.0024863150526134663,396.0,False,False,-24.0,1,Terra,2023-11-13 03:24:00
103.2388,-1.05313,2023-11-13 10:00:00,NASA,Aqua,Verified No fire,JAMBI SMF,28990,2023,2023:28990,2023,40414,140258,0.0033358524070043393,396.0,False,False,-24.0,1,Terra,2023-11-13 03:24:00
105.64517,-2.88621,2023-11-13 10:00:00,NASA,Aqua,Verified No fire,SUMSEL,28991,2023,2023:28991,2023,40415,140260,0.0035122830874856938,395.0,False,False,-25.0,1,Terra,2023-11-13 03:25:00
102.94148,-0.91854,2023-11-13 10:00:00,NASA,Aqua,Verified No fire,JAMBI SMF,28992,2023,2023:28992,2023,40416,140256,0.0049726673728900245,396.0,False,False,-24.0,1,Terra,2023-11-13 03:24:00
103.89344,-1.95019,2023-11-13 10:00:00,NASA,Aqua,Verified No fire,SUMSEL MUBA,28993,2023,2023:28993,2023,40417,140259,0.004582191342714758,395.0,False,False,-25.0,1,Terra,2023-11-13 03:25:00
105.722885132,-3.50539660454,2023-11-13 13:00:00,LAPAN,Aqua,Fire inside Sitrep,SUMSEL,29038,2023,2023:29038,2023,40462,819223,0.19362203776353254,396.0,False,False,-24.0,4,NOAA20,2023-11-13 06:24:00
105.388465881,-3.27899670601,2023-11-13 13:00:00,LAPAN,Aqua,Verified No fire,SUMSEL,29046,2023,2023:29046,2023,40470,819198,0.49006057569771116,396.0,False,False,-24.0,1,NOAA20,2023-11-13 06:24:00
105.712860107,-3.50688147545,2023-11-13 13:00:00,LAPAN,Aqua,Fire inside Sitrep,SUMSEL,29089,2023,2023:29089,2023,40513,819222,0.27251096832123867,396.0,False,False,-24.0,3,NOAA20,2023-11-13 06:24:00
105.75025177,-3.48202943802,2023-11-13 13:00:00,LAPAN,Aqua,Fire inside Sitrep,SUMSEL,29090,2023,2023:29090,2023,40514,819217,0.19865977500879,396.0,False,False,-24.0,2,NOAA20,2023-11-13 06:24:00
102.9373,-0.9218,2023-11-15 10:00:00,NASA,Aqua,Verified No fire,JAMBI SMF,29486,2023,2023:29486,2023,40910,140551,0.0,412.0,False,False,-8.0,1,Terra,2023-11-15 03:08:00
103.13506,-0.93227,2023-11-15 10:00:00,NASA,Aqua,Verified No fire,JAMBI SMF,29488,2023,2023:29488,2023,40912,140550,0.005559282993768539,412.0,False,False,-8.0,1,Terra,2023-11-15 03:08:00
102.96649,-0.97143,2023-11-15 10:00:00,NASA,Aqua,Verified No fire,JAMBI SMF,29490,2023,2023:29490,2023,40914,140552,0.0035162466477202123,412.0,False,False,-8.0,1,Terra,2023-11-15 03:08:00
105.39618,-3.00298,2023-11-15 10:00:00,NASA,Aqua,Verified No fire,SUMSEL,29491,2023,2023:29491,2023,40915,140557,0.003142913148985471,412.0,False,False,-8.0,1,Terra,2023-11-15 03:08:00
105.36671,-2.79409,2023-11-15 10:00:00,NASA,Aqua,Verified No fire,SUMSEL,29492,2023,2023:29492,2023,40916,140559,0.0015716014417030942,412.0,False,False,-8.0,1,Terra,2023-11-15 03:08:00
103.1352005,-0.932026207447,2023-11-15 10:00:00,LAPAN,Aqua,Verified No fire,JAMBI SMF,29493,2023,2023:29493,2023,40917,140550,0.03243008639750288,412.0,False,False,-8.0,1,Terra,2023-11-15 03:08:00
105.40216,-3.00316,2023-11-15 10:00:00,NASA,Aqua,Verified No fire,SUMSEL,29494,2023,2023:29494,2023,40918,140556,0.006285825753098342,412.0,False,False,-8.0,1,Terra,2023-11-15 03:08:00
105.39239,-3.07392,2023-11-15 10:00:00,NASA,Aqua,Verified No fire,SUMSEL,29495,2023,2023:29495,2023,40919,140554,0.002485682503180839,412.0,False,False,-8.0,1,Terra,2023-11-15 03:08:00
105.34379,-2.79079,2023-11-15 10:00:00,NASA,Aqua,Verified No fire,SUMSEL,29496,2023,2023:29496,2023,40920,140560,0.0015716036466853602,412.0,False,False,-8.0,1,Terra,2023-11-15 03:08:00
105.36457,-3.0185,2023-11-15 10:00:00,NASA,Aqua,Verified No fire,SUMSEL,29497,2023,2023:29497,2023,40921,140555,0.003331224191538541,412.0,False,False,-8.0,1,Terra,2023-11-15 03:08:00
102.966636658,-0.971188902855,2023-11-15 10:00:00,LAPAN,Aqua,Verified No fire,JAMBI SMF,29498,2023,2023:29498,2023,40922,140552,0.027961096207216506,412.0,False,False,-8.0,1,Terra,2023-11-15 03:08:00
105.57038,-2.91548,2023-11-15 10:00:00,NASA,Aqua,Verified No fire,SUMSEL,29499,2023,2023:29499,2023,40923,140558,0.00314303704674254,412.0,False,False,-8.0,1,Terra,2023-11-15 03:08:00
105.34348,-2.79246,2023-11-17 09:00:00,NASA,Aqua,Verified No fire,SUMSEL,29632,2023,2023:29632,2023,41056,140816,0.004971614725770648,369.0,False,False,-51.0,1,Terra,2023-11-17 02:51:00
105.31142,-3.01857,2023-11-17 09:00:00,NASA,Aqua,Verified No fire,SUMSEL,29633,2023,2023:29633,2023,41057,140815,0.0040074848453369675,369.0,False,False,-51.0,1,Terra,2023-11-17 02:51:00
105.74809,-2.93448,2023-11-17 09:00:00,NASA,Aqua,Verified No fire,SUMSEL,29634,2023,2023:29634,2023,41058,140814,0.0024857458513111524,369.0,False,False,-51.0,1,Terra,2023-11-17 02:51:00
105.39379,-3.27978,2023-11-17 09:00:00,NASA,Aqua,Verified No fire,SUMSEL,29635,2023,2023:29635,2023,41059,140810,0.002485583601166123,369.0,False,False,-51.0,1,Terra,2023-11-17 02:51:00
105.70976,-3.45483,2023-11-17 09:00:00,NASA,Aqua,Fire inside Sitrep,SUMSEL,29636,2023,2023:29636,2023,41060,140813,0.005553289494804876,369.0,False,False,-51.0,1,Terra,2023-11-17 02:51:00
103.25883,-2.42202,2023-11-17 13:00:00,NASA,SNPP,Verified No fire,SUMSEL MUBA,29638,2023,2023:29638,2023,41062,821912,0.46258288769810857,371.0,False,False,-49.0,1,NOAA20,2023-11-17 06:49:00
105.60764,-3.04081,2023-11-19 09:00:00,NASA,Aqua,Fire inside Sitrep,SUMSEL,29689,2023,2023:29689,2023,41113,140993,0.004578615373486987,385.0,False,False,-35.0,1,Terra,2023-11-19 02:35:00
105.2339325,-3.03510952,2023-11-19 13:00:00,LAPAN,SNPP,Fire inside Sitrep,SUMSEL,29700,2023,2023:29700,2023,41124,823157,0.05602526361785378,409.0,False,False,-11.0,1,NOAA20,2023-11-19 06:11:00
105.874458313,-3.87157917023,2023-11-20 13:00:00,LAPAN,Aqua,Fire inside Sitrep,SUMSEL,29743,2023,2023:29743,2023,41167,1514516,0.09836701518407306,377.0,False,False,-43.0,3,SNPP,2023-11-20 06:43:00
105.87302,-3.86253,2023-11-20 13:00:00,NASA,Aqua,Fire inside Sitrep,SUMSEL,29753,2023,2023:29753,2023,41177,1514521,0.48463545805817415,377.0,False,False,-43.0,1,SNPP,2023-11-20 06:43:00
105.83758,-3.87697,2023-11-20 13:00:00,NASA,Aqua,Fire inside Sitrep,SUMSEL,29757,2023,2023:29757,2023,41181,1514519,0.22361588912131114,377.0,False,False,-43.0,1,SNPP,2023-11-20 06:43:00
105.86516,-3.87294,2023-11-20 13:00:00,NASA,Aqua,Fire inside Sitrep,SUMSEL,29759,2023,2023:29759,2023,41183,1514518,0.029361166386432647,377.0,False,False,-43.0,1,SNPP,2023-11-20 06:43:00
105.873123169,-3.86252307892,2023-11-20 13:00:00,LAPAN,Aqua,Fire inside Sitrep,SUMSEL,29763,2023,2023:29763,2023,41187,1514521,0.4957165803487394,377.0,False,False,-43.0,1,SNPP,2023-11-20 06:43:00
105.87435,-3.87159,2023-11-20 13:00:00,NASA,Aqua,Fire inside Sitrep,SUMSEL,29774,2023,2023:29774,2023,41198,1514516,0.1093239673417699,377.0,False,False,-43.0,3,SNPP,2023-11-20 06:43:00
104.00169,-2.02976,2023-12-02 10:00:00,NASA,Aqua,Verified No fire,SUMSEL MUBA,29881,2023,2023:29881,2023,41305,141683,0.0045845214436610405,408.0,False,False,-12.0,1,Terra,2023-12-02 03:12:00
105.56886,-2.91292,2023-12-02 10:00:00,NASA,Aqua,Verified No fire,SUMSEL,29882,2023,2023:29882,2023,41306,141687,0.00496765567630035,408.0,False,False,-12.0,1,Terra,2023-12-02 03:12:00
105.73335,-2.93522,2023-12-06 09:00:00,NASA,Aqua,Verified No fire,SUMSEL,29895,2023,2023:29895,2023,41319,141877,0.005981266665518013,382.0,False,False,-38.0,1,Terra,2023-12-06 02:38:00
105.74544,-2.93703,2023-12-06 09:00:00,NASA,Aqua,Verified No fire,SUMSEL,29896,2023,2023:29896,2023,41320,141878,0.005555081238649018,382.0,False,False,-38.0,1,Terra,2023-12-06 02:38:00
105.36169,-2.67465,2023-12-14 10:00:00,NASA,Aqua,Verified No fire,SUMSEL,29935,2023,2023:29935,2023,41359,142077,0.005669621396390505,411.0,False,False,-9.0,1,Terra,2023-12-14 03:09:00
105.73359,-2.93392,2023-12-14 10:00:00,NASA,Aqua,Verified No fire,SUMSEL,29936,2023,2023:29936,2023,41360,142078,0.0024857461087112957,411.0,False,False,-9.0,1,Terra,2023-12-14 03:09:00
103.98667,-2.02506,2023-12-14 10:00:00,NASA,Aqua,Verified No fire,SUMSEL MUBA,29937,2023,2023:29937,2023,41361,142076,0.005558504226516311,411.0,False,False,-9.0,1,Terra,2023-12-14 03:09:00
105.65961,-2.88599,2023-12-16 09:00:00,NASA,Aqua,Verified No fire,SUMSEL,29970,2023,2023:29970,2023,41394,142153,0.0015715389930947958,368.0,False,False,-52.0,1,Terra,2023-12-16 02:52:00
