Longitude,Latitude,Tgl_Hotspot,Sumber,Satellite,Status,Region,excel_row,sheet,customer_id,year,customer_index,sid,distance_km,delta_minutes,same_satellite,unknown_satellite,time_residual_minutes,candidate_count,utc,latitude,longitude,n_1km_30min,n_2km_30min,n_1km_60min,n_1km_1440min
105.484695435,-2.9646115303,2019-01-04 10:00:00,LAPAN,Terra,Verified No fire,SUMSEL,3,2019,2019:3,2019,1,39,0.038728375020397186,391.0,True,False,-29.0,1,2019-01-04 03:29:00,-2.9649,105.4845,0,0,0,0
105.457717896,-2.96065616608,2019-01-04 10:00:00,LAPAN,Terra,Verified No fire,SUMSEL,4,2019,2019:4,2019,2,38,0.03634003842518551,391.0,True,False,-29.0,1,2019-01-04 03:29:00,-2.9609,105.4575,0,0,0,0
105.510429382,-2.97757530212,2019-01-04 10:00:00,LAPAN,Terra,Verified No fire,SUMSEL,6,2019,2019:6,2019,4,40,0.03568015266177598,391.0,True,False,-29.0,1,2019-01-04 03:29:00,-2.9778,105.5102,0,0,0,0
104.150947571,-1.72887861729,2019-02-03 13:00:00,LAPAN,Aqua,Verified No fire,SUMSEL MUBA,8,2019,2019:8,2019,6,445,0.02761868011001473,384.0,True,False,-36.0,1,2019-02-03 06:36:00,-1.7289,104.1507,0,0,0,0
103.0598526,-0.894679129124,2019-02-05 10:00:00,LAPAN,Terra,Verified No fire,JAMBI SMF,9,2019,2019:9,2019,7,473,0.0462604121470325,392.0,True,False,-28.0,1,2019-02-05 03:28:00,-0.8949,103.0595,0,0,0,0
103.797065735,-2.21958136559,2019-02-18 22:00:00,LAPAN,Terra,Verified No fire,SUMSEL MUBA,10,2019,2019:10,2019,8,1007,0.01991421997798461,402.0,True,False,-18.0,1,2019-02-18 15:18:00,-2.2197,103.7972,0,0,0,3
105.271598816,-2.74993348122,2019-02-21 13:00:00,LAPAN,Aqua,Verified No fire,SUMSEL,13,2019,2019:13,2019,11,1117,0.02881761951244182,396.0,True,False,-24.0,1,2019-02-21 06:24:00,-2.7501,105.2714,0,0,0,0
105.385879517,-2.64102172852,2019-02-21 13:00:00,LAPAN,Aqua,Verified No fire,SUMSEL,14,2019,2019:14,2019,12,1118,0.0368363938740412,396.0,True,False,-24.0,1,2019-02-21 06:24:00,-2.6412,105.3856,0,0,0,0
105.667098999,-2.91249752045,2019-02-23 13:00:00,LAPAN,Aqua,Verified No fire,SUMSEL,16,2019,2019:16,2019,14,1283,0.07122970145789657,409.0,True,False,-11.0,1,2019-02-23 06:11:00,-2.9129,105.6666,0,0,0,0
105.672210693,-2.908462286,2019-03-07 10:00:00,LAPAN,Terra,Verified No fire,SUMSEL,19,2019,2019:19,2019,17,1924,0.03774851862541274,379.0,True,False,-41.0,1,2019-03-07 03:41:00,-2.9086,105.6719,0,0,0,0
105.833427429,-3.03464603424,2019-03-07 10:00:00,LAPAN,Terra,Verified No fire,SUMSEL,20,2019,2019:20,2019,18,1926,0.03050971641116325,379.0,True,False,-41.0,1,2019-03-07 03:41:00,-3.0348,105.8332,0,0,0,0
103.693206787,-1.37343096733,2019-03-09 10:00:00,LAPAN,Terra,Verified No fire,JAMBI SMF,21,2019,2019:21,2019,19,1988,0.02969311291553358,392.0,True,False,-28.0,1,2019-03-09 03:28:00,-1.3736,103.693,0,0,0,0
104.156738281,-1.94495880604,2019-03-18 10:00:00,LAPAN,Terra,Verified No fire,SUMSEL MUBA,27,2019,2019:27,2019,25,2465,0.030784807917272096,397.0,True,False,-23.0,1,2019-03-18 03:23:00,-1.9451,104.1565,0,0,0,0
103.062484741,-0.892672359943,2019-03-18 10:00:00,LAPAN,Terra,Verified No fire,JAMBI SMF,28,2019,2019:28,2019,26,2463,0.03469388775976886,398.0,True,False,-22.0,1,2019-03-18 03:22:00,-0.8928,103.0622,0,0,0,0
105.673034668,-2.91868638992,2019-03-20 10:00:00,LAPAN,Terra,Verified No fire,SUMSEL,29,2019,2019:29,2019,27,3069,0.035260510117255034,410.0,True,False,-10.0,1,2019-03-20 03:10:00,-2.9189,105.6728,0,0,0,0
105.387580872,-2.6387526989,2019-04-03 10:00:00,LAPAN,Terra,Verified No fire,SUMSEL,34,2019,2019:34,2019,32,3902,0.025921323824093116,397.0,True,False,-23.0,1,2019-04-03 03:23:00,-2.6389,105.3874,0,0,0,0
103.104614258,-0.906912744045,2019-04-08 10:00:00,LAPAN,Terra,Verified No fire,JAMBI SMF,40,2019,2019:40,2019,38,4114,0.025721561370930485,379.0,True,False,-41.0,1,2019-04-08 03:41:00,-0.907,103.1044,0,0,0,0
103.103065491,-0.964927375317,2019-04-08 13:00:00,LAPAN,Aqua,Verified No fire,JAMBI SMF,41,2019,2019:41,2019,39,4140,0.03273934321173459,383.0,True,False,-37.0,1,2019-04-08 06:37:00,-0.9648,103.1028,0,0,0,0
103.477890015,-1.06274461746,2019-04-13 13:00:00,LAPAN,Aqua,Verified No fire,JAMBI SMF,42,2019,2019:42,2019,40,4313,0.051615741706174195,365.0,True,False,-55.0,1,2019-04-13 06:55:00,-1.0632,103.4778,0,0,0,0
105.516426086,-2.97167944908,2019-04-17 10:00:00,LAPAN,Terra,Verified No fire,SUMSEL,48,2019,2019:48,2019,46,4430,0.01418654547633863,385.0,True,False,-35.0,1,2019-04-17 03:35:00,-2.9717,105.5163,0,0,0,0
105.379203796,-3.12619805336,2019-04-17 10:00:00,LAPAN,Terra,Verified No fire,SUMSEL,49,2019,2019:49,2019,47,4431,0.01616528824572506,385.0,True,False,-35.0,1,2019-04-17 03:35:00,-3.1263,105.3791,0,0,0,1
105.381011963,-3.13251376152,2019-04-17 13:00:00,LAPAN,Aqua,Verified No fire,SUMSEL,50,2019,2019:50,2019,48,4442,0.026823671542661163,390.0,True,False,-30.0,1,2019-04-17 06:30:00,-3.1323,105.3809,0,0,0,1
103.10295105,-0.889533042908,2019-04-17 13:00:00,LAPAN,Aqua,Verified No fire,JAMBI SMF,54,2019,2019:54,2019,52,4443,0.03159023264314908,389.0,True,False,-31.0,1,2019-04-17 06:31:00,-0.8894,103.1027,0,0,0,0
103.109939575,-0.903308033943,2019-04-29 10:00:00,LAPAN,Terra,Verified No fire,JAMBI SMF,56,2019,2019:56,2019,54,4765,0.02921982661946527,361.0,True,False,-59.0,1,2019-04-29 03:59:00,-0.9032,103.1097,0,0,0,0
104.181594849,-1.86725318432,2019-05-01 10:00:00,LAPAN,Terra,Verified No fire,SUMSEL MUBA,59,2019,2019:59,2019,57,4782,0.022447749469726747,373.0,True,False,-47.0,1,2019-05-01 03:47:00,-1.8672,104.1814,0,0,0,0
103.944900513,-1.84924030304,2019-05-01 13:00:00,LAPAN,Aqua,Verified No fire,SUMSEL MUBA,64,2019,2019:64,2019,62,4809,0.027202721795107156,378.0,True,False,-42.0,1,2019-05-01 06:42:00,-1.8491,103.9447,0,0,0,0
105.675758362,-2.91373252869,2019-05-03 10:00:00,LAPAN,Terra,Verified No fire,SUMSEL,68,2019,2019:68,2019,66,4840,0.00991427416940683,385.0,True,False,-35.0,1,2019-05-03 03:35:00,-2.9138,105.6757,0,0,0,0
105.515090942,-2.97299838066,2019-05-03 10:00:00,LAPAN,Terra,Verified No fire,SUMSEL,69,2019,2019:69,2019,67,4841,0.021203999400359573,385.0,True,False,-35.0,1,2019-05-03 03:35:00,-2.973,105.5149,0,0,0,0
105.315055847,-3.03624844551,2019-05-03 10:00:00,LAPAN,Terra,Verified No fire,SUMSEL,70,2019,2019:70,2019,68,4842,0.0084449734603744,385.0,True,False,-35.0,1,2019-05-03 03:35:00,-3.0363,105.315,0,0,0,0
105.668182373,-2.9207701683,2019-05-03 13:00:00,LAPAN,Aqua,Verified No fire,SUMSEL,71,2019,2019:71,2019,69,4866,0.012023106266773945,390.0,True,False,-30.0,1,2019-05-03 06:30:00,-2.9207,105.6681,0,0,0,0
104.149490356,-1.95018863678,2019-05-03 13:00:00,LAPAN,Aqua,Verified No fire,SUMSEL MUBA,73,2019,2019:73,2019,71,4869,0.02119209201171493,390.0,True,False,-30.0,1,2019-05-03 06:30:00,-1.9502,104.1493,0,0,0,0
104.165024,-1.948391,2019-05-04 14:00:00,LAPAN,Aqua,Verified No fire,SUMSEL MUBA,74,2019,2019:74,2019,72,4914,0.019584605192492166,407.0,True,False,-13.0,1,2019-05-04 07:13:00,-1.9484,104.1652,0,0,0,0
105.67489624,-2.91336274147,2019-05-07 10:00:00,LAPAN,Terra,Verified No fire,SUMSEL,75,2019,2019:75,2019,73,4986,0.03315769984415786,409.0,True,False,-11.0,1,2019-05-07 03:11:00,-2.9134,105.6746,0,0,0,0
105.601089478,-2.90190315247,2019-05-08 10:00:00,LAPAN,Terra,Verified No fire,SUMSEL,79,2019,2019:79,2019,77,5054,0.024678474824931945,367.0,True,False,-53.0,1,2019-05-08 03:53:00,-2.9017,105.601,0,0,0,0
105.392868042,-2.72674012184,2019-05-08 10:00:00,LAPAN,Terra,Verified No fire,SUMSEL,80,2019,2019:80,2019,78,5053,0.024312935843449617,367.0,True,False,-53.0,1,2019-05-08 03:53:00,-2.7266,105.3927,0,0,0,0
103.107063293,-0.906800031662,2019-05-10 10:00:00,LAPAN,Terra,Verified No fire,JAMBI SMF,83,2019,2019:83,2019,81,5211,0.007036989679149303,379.0,True,False,-41.0,1,2019-05-10 03:41:00,-0.9068,103.107,0,0,0,0
104.158996582,-1.94774150848,2019-05-10 10:00:00,LAPAN,Terra,Verified No fire,SUMSEL MUBA,87,2019,2019:87,2019,85,5215,0.011683561463253524,379.0,True,False,-41.0,1,2019-05-10 03:41:00,-1.9477,104.1589,0,0,0,0
104.166023254,-1.91227686405,2019-05-10 13:00:00,LAPAN,Aqua,Verified No fire,SUMSEL MUBA,88,2019,2019:88,2019,86,5229,0.03165990599030775,384.0,True,False,-36.0,1,2019-05-10 06:36:00,-1.9121,104.1658,0,0,0,0
102.971076965,-0.849695682526,2019-05-11 14:00:00,LAPAN,Aqua,Verified No fire,JAMBI SMF,90,2019,2019:90,2019,88,5276,0.010943336192529409,401.0,True,False,-19.0,1,2019-05-11 07:19:00,-0.8496,102.9711,0,0,0,0
103.103790283,-0.963185608387,2019-05-12 10:00:00,LAPAN,Terra,Verified No fire,JAMBI SMF,91,2019,2019:91,2019,89,5305,0.010164370994310386,392.0,True,False,-28.0,1,2019-05-12 03:28:00,-0.9632,103.1037,0,0,0,0
105.320419312,-3.03253817558,2019-05-19 10:00:00,LAPAN,Terra,Verified No fire,SUMSEL,95,2019,2019:95,2019,93,5457,0.013911783433608839,385.0,True,False,-35.0,1,2019-05-19 03:35:00,-3.0325,105.3203,0,0,0,0
103.728050232,-1.34644651413,2019-05-21 13:00:00,LAPAN,Aqua,Verified No fire,JAMBI SMF,99,2019,2019:99,2019,97,5534,0.06370654636501724,402.0,True,False,-18.0,1,2019-05-21 06:18:00,-1.3469,103.7277,0,0,0,0
103.463256836,-1.14639592171,2019-05-26 13:00:00,LAPAN,Aqua,Verified No fire,JAMBI SMF,103,2019,2019:103,2019,101,5730,0.020439537210766984,384.0,True,False,-36.0,1,2019-05-26 06:36:00,-1.1463,103.4631,0,0,0,0
103.748161316,-1.34468102455,2019-05-26 13:00:00,LAPAN,Aqua,Verified No fire,JAMBI SMF,104,2019,2019:104,2019,102,5729,0.020068632644980447,384.0,True,False,-36.0,1,2019-05-26 06:36:00,-1.3446,103.748,0,0,0,0
103.470191956,-1.0609947443,2019-05-26 13:00:00,LAPAN,Aqua,Verified No fire,JAMBI SMF,105,2019,2019:105,2019,103,5732,0.023799632346453835,384.0,True,False,-36.0,1,2019-05-26 06:36:00,-1.0609,103.47,0,0,0,0
104.174789429,-1.90426468849,2019-05-28 13:00:00,LAPAN,Aqua,Verified No fire,SUMSEL MUBA,107,2019,2019:107,2019,105,5828,0.04924202789843458,396.0,True,False,-24.0,1,2019-05-28 06:24:00,-1.9046,104.1745,0,0,0,0
103.92741394,-1.51323986053,2019-06-25 13:00:00,LAPAN,Aqua,Verified No fire,JAMBI SMF,113,2019,2019:113,2019,111,6551,0.0315774083150301,372.0,True,False,-48.0,1,2019-06-25 06:48:00,-1.5135,103.9273,0,0,0,0
103.474090576,-1.06246054173,2019-06-27 10:00:00,LAPAN,Terra,Verified No fire,JAMBI SMF,117,2019,2019:117,2019,115,6661,0.012112861558039595,380.0,True,False,-40.0,1,2019-06-27 03:40:00,-1.0624,103.474,0,0,0,0
103.026618958,-2.30914163589,2019-06-27 13:00:00,LAPAN,Aqua,Verified Fire,SUMSEL MUBA,122,2019,2019:122,2019,120,6697,0.02476390213689171,384.0,True,False,-36.0,1,2019-06-27 06:36:00,-2.3091,103.0264,0,0,0,0
103.462677002,-1.06333208084,2019-06-29 13:00:00,LAPAN,Aqua,Verified No fire,JAMBI SMF,124,2019,2019:124,2019,122,6862,0.05120629215980766,396.0,True,False,-24.0,1,2019-06-29 06:24:00,-1.0637,103.4624,0,0,0,0
103.724914551,-1.34801471233,2019-06-29 13:00:00,LAPAN,Aqua,Verified No fire,JAMBI SMF,126,2019,2019:126,2019,124,6861,0.039688342893206704,396.0,True,False,-24.0,1,2019-06-29 06:24:00,-1.3483,103.7247,0,0,0,0
103.104011536,-0.90896242857,2019-06-29 13:00:00,LAPAN,Aqua,Verified No fire,JAMBI SMF,127,2019,2019:127,2019,125,6864,0.051075316952091804,396.0,True,False,-24.0,1,2019-06-29 06:24:00,-0.9093,103.1037,0,0,0,0
105.479095459,-2.95304369926,2019-07-04 10:00:00,LAPAN,Terra,Verified No fire,SUMSEL,134,2019,2019:134,2019,132,7090,0.015986605775517727,373.0,True,False,-47.0,1,2019-07-04 03:47:00,-2.9529,105.4791,0,0,0,0
105.383361816,-2.63666677475,2019-07-06 10:00:00,LAPAN,Terra,Verified No fire,SUMSEL,138,2019,2019:138,2019,136,7232,0.019447340775096168,385.0,True,False,-35.0,1,2019-07-06 03:35:00,-2.6366,105.3832,0,0,0,0
105.391777039,-2.69587278366,2019-07-11 10:00:00,LAPAN,Terra,Verified No fire,SUMSEL,141,2019,2019:141,2019,139,7578,0.021032064236829434,367.0,True,False,-53.0,1,2019-07-11 03:53:00,-2.6957,105.3917,0,0,0,0
103.467483521,-1.06016755104,2019-07-13 13:00:00,LAPAN,Aqua,Verified No fire,JAMBI SMF,147,2019,2019:147,2019,145,7799,0.036615105516604095,384.0,True,False,-36.0,1,2019-07-13 06:36:00,-1.06,103.4672,0,0,0,0
103.111877441,-0.964895069599,2019-07-13 13:00:00,LAPAN,Aqua,Verified No fire,JAMBI SMF,151,2019,2019:151,2019,149,7800,0.03770871478765768,384.0,True,False,-36.0,1,2019-07-13 06:36:00,-0.9647,103.1116,0,0,0,0
103.108818054,-0.905763149261,2019-07-15 10:00:00,LAPAN,Terra,Verified No fire,JAMBI SMF,154,2019,2019:154,2019,152,7997,0.01375013431329072,392.0,True,False,-28.0,1,2019-07-15 03:28:00,-0.9058,103.1087,0,0,0,0
103.745498657,-1.34573888779,2019-07-15 13:00:00,LAPAN,Aqua,Verified No fire,JAMBI SMF,155,2019,2019:155,2019,153,8034,0.05298061266492348,396.0,True,False,-24.0,1,2019-07-15 06:24:00,-1.346,103.7451,0,0,0,0
103.68901825,-1.39827752113,2019-07-20 13:00:00,LAPAN,Aqua,Verified No fire,JAMBI SMF,159,2019,2019:159,2019,157,8396,0.03925401817497399,378.0,True,False,-42.0,1,2019-07-20 06:42:00,-1.398,103.6888,0,0,0,0
105.668426514,-2.91700196266,2019-07-29 10:00:00,LAPAN,Terra,Verified No fire,SUMSEL,172,2019,2019:172,2019,170,9545,0.011713838716052208,379.0,True,False,-41.0,1,2019-07-29 03:41:00,-2.9169,105.6684,0,0,0,0
103.108695984,-0.909075260162,2019-07-29 13:00:00,LAPAN,Aqua,Verified No fire,JAMBI SMF,178,2019,2019:178,2019,176,9612,0.029233139221838546,384.0,True,False,-36.0,1,2019-07-29 06:36:00,-0.9089,103.1085,0,0,0,0
102.781394958,-0.948433220387,2019-07-31 22:00:00,LAPAN,Terra,Verified No fire,JAMBI SMF,196,2019,2019:196,2019,194,10106,0.018553542774383806,371.0,True,False,-49.0,1,2019-07-31 15:49:00,-0.9486,102.7814,0,0,0,6
105.399368286,-2.72736692429,2019-08-03 10:00:00,LAPAN,Terra,Verified No fire,SUMSEL,209,2019,2019:209,2019,207,10945,0.030634395459875778,361.0,True,False,-59.0,1,2019-08-03 03:59:00,-2.7271,105.3993,0,0,0,0
102.984992981,-0.856868743896,2019-08-06 22:00:00,LAPAN,Terra,Verified Fire,JAMBI SMF,239,2019,2019:239,2019,237,12288,0.04795990666357991,408.0,True,False,-12.0,1,2019-08-06 15:12:00,-0.8573,102.985,0,0,0,20
102.984970093,-0.863904416561,2019-08-07 10:00:00,LAPAN,Terra,Verified Fire,JAMBI SMF,241,2019,2019:241,2019,239,12421,0.0078085693487171684,386.0,True,False,-34.0,1,2019-08-07 03:34:00,-0.8639,102.9849,0,0,0,10
103.004302979,-0.793012440205,2019-08-07 10:00:00,LAPAN,Terra,Verified Fire,JAMBI SMF,242,2019,2019:242,2019,240,12420,0.01153291970117354,386.0,True,False,-34.0,1,2019-08-07 03:34:00,-0.793,103.0042,0,0,0,4
105.462348938,-3.64820623398,2019-08-07 10:00:00,LAPAN,Terra,Verified Fire,SUMSEL,243,2019,2019:243,2019,241,12431,0.016542142640065902,385.0,True,False,-35.0,1,2019-08-07 03:35:00,-3.6482,105.4622,0,0,0,2
105.797065735,-3.59234929085,2019-08-07 13:00:00,LAPAN,Aqua,Verified Fire,SUMSEL,246,2019,2019:246,2019,244,12459,0.01923760653226714,391.0,True,False,-29.0,1,2019-08-07 06:29:00,-3.5924,105.7969,0,0,0,0
103.147285461,-0.908646941185,2019-08-12 10:00:00,LAPAN,Terra,Verified No fire,JAMBI SMF,265,2019,2019:265,2019,263,14570,0.010840933388937832,367.0,True,False,-53.0,1,2019-08-12 03:53:00,-0.9086,103.1472,0,0,0,0
102.933258057,-0.855255901814,2019-08-12 10:00:00,LAPAN,Terra,Verified No fire,JAMBI SMF,266,2019,2019:266,2019,264,14569,0.008961300534740028,367.0,True,False,-53.0,1,2019-08-12 03:53:00,-0.8552,102.9332,0,0,0,10
103.475540161,-1.06075406075,2019-08-12 10:00:00,LAPAN,Terra,Verified No fire,JAMBI SMF,267,2019,2019:267,2019,265,14572,0.016701833545113485,367.0,True,False,-53.0,1,2019-08-12 03:53:00,-1.0607,103.4754,0,0,0,0
103.638977051,-1.29236865044,2019-08-12 10:00:00,LAPAN,Terra,Verified No fire,JAMBI SMF,268,2019,2019:268,2019,266,14574,0.011473435583303255,367.0,True,False,-53.0,1,2019-08-12 03:53:00,-1.2923,103.6389,0,0,0,0
102.916923523,-0.856624543667,2019-08-13 22:00:00,LAPAN,Terra,Verified Fire,JAMBI SMF,298,2019,2019:298,2019,296,15494,0.041830735820495846,401.0,True,False,-19.0,1,2019-08-13 15:19:00,-0.857,102.9169,0,0,0,14
103.008850098,-0.7750390172,2019-08-13 22:00:00,LAPAN,Terra,Verified Fire,JAMBI SMF,299,2019,2019:299,2019,297,15497,0.04052116178969845,401.0,True,False,-19.0,1,2019-08-13 15:19:00,-0.7754,103.0089,0,0,0,27
102.937026978,-0.841209292412,2019-08-14 10:00:00,LAPAN,Terra,Verified Fire,JAMBI SMF,333,2019,2019:333,2019,331,15670,0.014155568781839186,380.0,True,False,-40.0,1,2019-08-14 03:40:00,-0.8412,102.9369,0,0,0,4
103.798194885,-1.51169240475,2019-08-14 10:00:00,LAPAN,Terra,Verified No fire,JAMBI SMF,334,2019,2019:334,2019,332,15672,0.010580832830533807,380.0,True,False,-40.0,1,2019-08-14 03:40:00,-1.5117,103.7981,0,0,0,5
102.925453186,-0.857898771763,2019-08-14 10:00:00,LAPAN,Terra,Verified Fire,JAMBI SMF,342,2019,2019:342,2019,340,15671,0.017032167747467547,380.0,True,False,-40.0,1,2019-08-14 03:40:00,-0.8579,102.9253,0,0,0,32
103.66709137,-1.45867598057,2019-08-14 13:00:00,LAPAN,Aqua,Verified No fire,JAMBI SMF,358,2019,2019:358,2019,356,15781,0.04461774457763447,384.0,True,False,-36.0,1,2019-08-14 06:36:00,-1.4584,103.6668,0,0,0,0
103.123092651,-0.956385850906,2019-08-14 13:00:00,LAPAN,Aqua,Verified No fire,JAMBI SMF,360,2019,2019:360,2019,358,15794,0.04548565132752839,384.0,True,False,-36.0,1,2019-08-14 06:36:00,-0.9561,103.1228,0,0,0,0
103.418632507,-1.09810352325,2019-08-14 13:00:00,LAPAN,Aqua,Verified No fire,JAMBI SMF,361,2019,2019:361,2019,359,15788,0.042511730338715956,384.0,True,False,-36.0,1,2019-08-14 06:36:00,-1.0978,103.4184,0,0,0,1
102.91884613,-0.859830737114,2019-08-16 10:00:00,LAPAN,Terra,Verified Fire,JAMBI SMF,481,2019,2019:481,2019,479,16417,0.01798011560621915,392.0,True,False,-28.0,1,2019-08-16 03:28:00,-0.8599,102.9187,0,0,0,20
103.965133667,-1.84510195255,2019-08-16 22:00:00,LAPAN,Terra,Fire inside Sitrep,SUMSEL MUBA,541,2019,2019:541,2019,539,16823,0.023223085820395107,371.0,True,False,-49.0,1,2019-08-16 15:49:00,-1.8453,103.9652,0,0,0,40
102.920974731,-0.856364428997,2019-08-17 01:00:00,LAPAN,Aqua,Verified Fire,JAMBI SMF,580,2019,2019:580,2019,578,16904,0.018498288292767628,374.0,True,False,-46.0,1,2019-08-16 18:46:00,-0.8562,102.921,0,0,0,22
103.829833984,-1.87926912308,2019-08-17 21:00:00,LAPAN,Terra,Fire inside Sitrep,SUMSEL MUBA,609,2019,2019:609,2019,607,17324,0.07025200608531285,366.0,True,False,-54.0,1,2019-08-17 14:54:00,-1.8799,103.8298,0,0,0,0
105.481552124,-2.94752216339,2019-08-18 13:00:00,LAPAN,Aqua,Verified No fire,SUMSEL,627,2019,2019:627,2019,625,17660,0.06865591388317917,409.0,True,False,-11.0,1,2019-08-18 06:11:00,-2.9478,105.481,0,0,0,0
103.959358215,-1.84848999977,2019-08-18 22:00:00,LAPAN,Terra,Fire inside Sitrep,SUMSEL MUBA,654,2019,2019:654,2019,652,17993,0.023808283434693007,383.0,True,False,-37.0,1,2019-08-18 15:37:00,-1.8487,103.9594,0,0,0,14
103.426567078,-2.25538420677,2019-08-18 22:00:00,LAPAN,Terra,Verified No fire,SUMSEL MUBA,656,2019,2019:656,2019,654,17974,0.024272359759648834,384.0,True,False,-36.0,1,2019-08-18 15:36:00,-2.2556,103.4266,0,0,0,13
103.97063446,-2.17794466019,2019-08-18 22:00:00,LAPAN,Terra,Verified No fire,SUMSEL MUBA,668,2019,2019:668,2019,666,17973,0.01769233340240262,384.0,True,False,-36.0,1,2019-08-18 15:36:00,-2.1781,103.9706,0,0,0,1
102.906585693,-0.838844895363,2019-08-18 22:00:00,LAPAN,Terra,Verified No fire,JAMBI SMF,676,2019,2019:676,2019,674,18038,0.01732007307855577,383.0,True,False,-37.0,1,2019-08-18 15:37:00,-0.839,102.9066,0,0,0,14
103.245819092,-1.06489121914,2019-08-19 10:00:00,LAPAN,Terra,Verified No fire,JAMBI SMF,748,2019,2019:748,2019,746,18211,0.026385272975784194,361.0,True,False,-59.0,1,2019-08-19 03:59:00,-1.0648,103.2456,0,0,0,0
105.566116333,-2.76451015472,2019-08-19 13:00:00,LAPAN,Aqua,Verified No fire,SUMSEL,774,2019,2019:774,2019,772,18307,0.010153712641096501,366.0,True,False,-54.0,1,2019-08-19 06:54:00,-2.7646,105.5661,0,0,0,0
103.067344666,-0.762075960636,2019-08-19 13:00:00,LAPAN,Aqua,Verified No fire,JAMBI SMF,791,2019,2019:791,2019,789,18356,0.014659401366777805,365.0,True,False,-55.0,1,2019-08-19 06:55:00,-0.7622,103.0673,0,0,0,5
102.891532898,-0.854850053787,2019-08-19 23:00:00,LAPAN,Terra,Verified Fire,JAMBI SMF,800,2019,2019:800,2019,798,18434,0.05890283829915841,400.0,True,False,-20.0,1,2019-08-19 16:20:00,-0.8551,102.892,0,0,0,0
103.002037048,-0.908482551575,2019-08-20 22:00:00,LAPAN,Terra,Verified Fire,JAMBI SMF,811,2019,2019:811,2019,809,18800,0.035538217569690514,395.0,True,False,-25.0,1,2019-08-20 15:25:00,-0.9088,103.002,0,0,0,12
103.071784973,-0.7650436759,2019-08-20 22:00:00,LAPAN,Terra,Verified No fire,JAMBI SMF,812,2019,2019:812,2019,810,18818,0.028550907223038796,395.0,True,False,-25.0,1,2019-08-20 15:25:00,-0.7653,103.0718,0,0,0,11
103.44078064,-2.25521349907,2019-08-20 22:00:00,LAPAN,Terra,Verified No fire,SUMSEL MUBA,830,2019,2019:830,2019,828,18761,0.03193003313516441,396.0,True,False,-24.0,1,2019-08-20 15:24:00,-2.2555,103.4408,0,0,0,3
105.404899597,-2.68917608261,2019-08-21 10:00:00,LAPAN,Terra,Verified No fire,SUMSEL,853,2019,2019:853,2019,851,19039,0.013926619328870597,373.0,True,False,-47.0,1,2019-08-21 03:47:00,-2.6891,105.4048,0,0,0,0
103.113441467,-2.38809347153,2019-08-21 10:00:00,LAPAN,Terra,Verified No fire,SUMSEL MUBA,859,2019,2019:859,2019,857,19040,0.015733528618751245,373.0,True,False,-47.0,1,2019-08-21 03:47:00,-2.3881,103.1133,0,0,0,0
103.831733704,-2.02786254883,2019-08-23 10:00:00,LAPAN,Terra,Verified Fire,SUMSEL MUBA,912,2019,2019:912,2019,910,20164,0.015430482132872516,386.0,True,False,-34.0,1,2019-08-23 03:34:00,-2.0279,103.8316,0,0,0,7
102.868606567,-0.871746182442,2019-08-23 10:00:00,LAPAN,Terra,Verified No fire,JAMBI SMF,918,2019,2019:918,2019,916,20134,0.013273836096155829,386.0,True,False,-34.0,1,2019-08-23 03:34:00,-0.8718,102.8685,0,0,0,18
103.869628906,-1.91328895092,2019-08-23 10:00:00,LAPAN,Terra,Verified No fire,SUMSEL MUBA,919,2019,2019:919,2019,917,20161,0.014378309162403489,386.0,True,False,-34.0,1,2019-08-23 03:34:00,-1.9133,103.8695,0,0,0,0
103.878456116,-1.85535132885,2019-08-23 22:00:00,LAPAN,Terra,Fire inside Sitrep,SUMSEL MUBA,955,2019,2019:955,2019,953,20505,0.022999920456689332,365.0,True,False,-55.0,1,2019-08-23 15:55:00,-1.8555,103.8786,0,0,0,42
103.42741394,-2.25445652008,2019-08-23 22:00:00,LAPAN,Terra,Verified No fire,SUMSEL MUBA,958,2019,2019:958,2019,956,20496,0.018600297915732592,365.0,True,False,-55.0,1,2019-08-23 15:55:00,-2.2546,103.4275,0,0,0,2
102.935066223,-0.847942531109,2019-08-24 11:00:00,LAPAN,Terra,Verified No fire,JAMBI SMF,970,2019,2019:970,2019,968,20840,0.048236975711067366,403.0,True,False,-17.0,1,2019-08-24 04:17:00,-0.8476,102.9348,0,0,0,27
103.382896423,-1.09445309639,2019-08-25 10:00:00,LAPAN,Terra,Verified No fire,JAMBI SMF,986,2019,2019:986,2019,984,20996,0.02245145889983351,398.0,True,False,-22.0,1,2019-08-25 03:22:00,-1.0945,103.3827,0,0,0,0
105.670516968,-3.5678563118,2019-08-25 10:00:00,LAPAN,Terra,Verified Fire,SUMSEL,987,2019,2019:987,2019,985,21000,0.024564164614225982,397.0,True,False,-23.0,1,2019-08-25 03:23:00,-3.5679,105.6703,0,0,0,6
104.114883423,-1.73012709618,2019-08-27 10:00:00,LAPAN,Terra,Fire inside Sitrep,SUMSEL MUBA,1011,2019,2019:1011,2019,1009,21313,0.042721692868263966,410.0,True,False,-10.0,1,2019-08-27 03:10:00,-1.7301,104.1145,0,0,0,3
103.914024353,-1.86821329594,2019-08-31 14:00:00,LAPAN,Aqua,Fire inside Sitrep,SUMSEL MUBA,1033,2019,2019:1033,2019,1031,23106,0.026732732197684808,401.0,True,False,-19.0,1,2019-08-31 07:19:00,-1.8683,103.9138,0,0,0,0
105.579910278,-2.76348924637,2019-09-01 10:00:00,LAPAN,Terra,Verified No fire,SUMSEL,1045,2019,2019:1045,2019,1043,23493,0.012306341215367738,392.0,True,False,-28.0,1,2019-09-01 03:28:00,-2.7635,105.5798,0,0,0,0
103.832466125,-2.03541755676,2019-09-01 10:00:00,LAPAN,Terra,Verified Fire,SUMSEL MUBA,1046,2019,2019:1046,2019,1044,23476,0.020611497645148767,392.0,True,False,-28.0,1,2019-09-01 03:28:00,-2.0355,103.8323,0,0,0,3
102.807830811,-1.00558924675,2019-09-01 10:00:00,LAPAN,Terra,Verified No fire,JAMBI SMF,1047,2019,2019:1047,2019,1045,23443,0.028463245229322677,392.0,True,False,-28.0,1,2019-09-01 03:28:00,-1.0057,102.8076,0,0,0,4
104.109916687,-1.73007726669,2019-09-01 13:00:00,LAPAN,Aqua,Fire inside Sitrep,SUMSEL MUBA,1052,2019,2019:1052,2019,1050,23742,0.050266573755643446,396.0,True,False,-24.0,1,2019-09-01 06:24:00,-1.7304,104.1096,0,0,0,11
104.109916687,-1.73007667065,2019-09-01 13:00:00,LAPAN,Aqua,Fire inside Sitrep,SUMSEL MUBA,1053,2019,2019:1053,2019,1051,23742,0.050313911493614166,396.0,True,False,-24.0,1,2019-09-01 06:24:00,-1.7304,104.1096,0,0,0,11
103.450622559,-2.27890658379,2019-09-01 22:00:00,LAPAN,Terra,Verified Fire,SUMSEL MUBA,1061,2019,2019:1061,2019,1059,23855,0.02316422132925602,371.0,True,False,-49.0,1,2019-09-01 15:49:00,-2.2791,103.4507,0,0,0,4
105.309494019,-3.09937214851,2019-09-03 22:00:00,LAPAN,Terra,Verified Fire,SUMSEL,1104,2019,2019:1104,2019,1102,25816,0.018454745572285415,384.0,True,False,-36.0,1,2019-09-03 15:36:00,-3.0995,105.3096,0,0,0,14
102.786308289,-1.02222549915,2019-09-03 22:00:00,LAPAN,Terra,Verified No fire,JAMBI SMF,1105,2019,2019:1105,2019,1103,25881,0.019425507555591894,383.0,True,False,-37.0,1,2019-09-03 15:37:00,-1.0224,102.7863,0,0,0,8
103.409866333,-1.09011816978,2019-09-03 22:00:00,LAPAN,Terra,Verified Fire,JAMBI SMF,1106,2019,2019:1106,2019,1104,25880,0.020562157877109865,383.0,True,False,-37.0,1,2019-09-03 15:37:00,-1.0903,103.4099,0,0,0,18
103.389610291,-1.09842324257,2019-09-04 10:00:00,LAPAN,Terra,Verified Fire,JAMBI SMF,1109,2019,2019:1109,2019,1107,26097,0.027099403734640804,361.0,True,False,-59.0,1,2019-09-04 03:59:00,-1.0983,103.3894,0,0,0,2
101.882171631,-0.985904574394,2019-09-05 22:00:00,LAPAN,Terra,Verified Fire,JAMBI SMF,1183,2019,2019:1183,2019,1181,29055,0.033000940894628294,396.0,True,False,-24.0,1,2019-09-05 15:24:00,-0.9862,101.8822,0,0,0,14
104.149047852,-1.68208277225,2019-09-05 22:00:00,LAPAN,Terra,Verified Fire,SUMSEL MUBA,1184,2019,2019:1184,2019,1182,28975,0.024840335302965134,396.0,True,False,-24.0,1,2019-09-05 15:24:00,-1.6823,104.1491,0,0,0,5
104.102111816,-1.72814249992,2019-09-05 22:00:00,LAPAN,Terra,Fire inside Sitrep,SUMSEL MUBA,1188,2019,2019:1188,2019,1186,28974,0.01756240529122912,396.0,True,False,-24.0,1,2019-09-05 15:24:00,-1.7283,104.1021,0,0,0,31
105.489883423,-2.9520585537,2019-09-06 10:00:00,LAPAN,Terra,Verified No fire,SUMSEL,1193,2019,2019:1193,2019,1191,29500,0.011323063740984886,373.0,True,False,-47.0,1,2019-09-06 03:47:00,-2.952,105.4898,0,0,0,0
103.144836426,-0.910091221333,2019-09-06 13:00:00,LAPAN,Aqua,Verified No fire,JAMBI SMF,1199,2019,2019:1199,2019,1197,29871,0.018247072021697293,378.0,True,False,-42.0,1,2019-09-06 06:42:00,-0.91,103.1447,0,0,0,0
103.107872009,-0.906225323677,2019-09-06 13:00:00,LAPAN,Aqua,Verified No fire,JAMBI SMF,1232,2019,2019:1232,2019,1230,29872,0.01933035687488857,378.0,True,False,-42.0,1,2019-09-06 06:42:00,-0.9062,103.1077,0,0,0,0
102.925575256,-0.842780292034,2019-09-07 22:00:00,LAPAN,Terra,Verified No fire,JAMBI SMF,1276,2019,2019:1276,2019,1274,31258,0.047413589561840094,408.0,True,False,-12.0,1,2019-09-07 15:12:00,-0.8432,102.9255,0,0,0,59
103.450027466,-2.30846500397,2019-09-08 10:00:00,LAPAN,Terra,Verified Fire,SUMSEL MUBA,1284,2019,2019:1284,2019,1282,31791,0.020637144007375124,386.0,True,False,-34.0,1,2019-09-08 03:34:00,-2.3086,103.4499,0,0,0,21
103.917320251,-1.84290802479,2019-09-08 10:00:00,LAPAN,Terra,Fire inside Sitrep,SUMSEL MUBA,1285,2019,2019:1285,2019,1283,31778,0.01682862742746998,386.0,True,False,-34.0,1,2019-09-08 03:34:00,-1.843,103.9172,0,0,0,27
103.276519775,-1.0754185915,2019-09-08 10:00:00,LAPAN,Terra,Verified No fire,JAMBI SMF,1290,2019,2019:1290,2019,1288,31686,0.016101546999894994,386.0,True,False,-34.0,1,2019-09-08 03:34:00,-1.0755,103.2764,0,0,0,0
102.798492432,-1.0051292181,2019-09-08 10:00:00,LAPAN,Terra,Verified No fire,JAMBI SMF,1291,2019,2019:1291,2019,1289,31685,0.012944140322431843,386.0,True,False,-34.0,1,2019-09-08 03:34:00,-1.0052,102.7984,0,0,0,7
103.431129456,-2.23189425468,2019-09-08 10:00:00,LAPAN,Terra,Verified Fire,SUMSEL MUBA,1293,2019,2019:1293,2019,1291,31788,0.018578402093926537,386.0,True,False,-34.0,1,2019-09-08 03:34:00,-2.232,103.431,0,0,0,5
102.823928833,-1.04558336735,2019-09-08 10:00:00,LAPAN,Terra,Verified No fire,JAMBI SMF,1297,2019,2019:1297,2019,1295,31694,0.028555770911974008,386.0,True,False,-34.0,1,2019-09-08 03:34:00,-1.0457,102.8237,0,0,0,15
101.885856628,-0.988749980927,2019-09-08 10:00:00,LAPAN,Terra,Verified No fire,JAMBI SMF,1306,2019,2019:1306,2019,1304,31703,0.01828032665746158,386.0,True,False,-34.0,1,2019-09-08 03:34:00,-0.9888,101.8857,0,0,0,5
103.032798767,-0.984336793423,2019-09-08 10:00:00,LAPAN,Terra,Verified No fire,JAMBI SMF,1307,2019,2019:1307,2019,1305,31679,0.013037409824145994,386.0,True,False,-34.0,1,2019-09-08 03:34:00,-0.9844,103.0327,0,0,0,0
104.039123535,-2.05421900749,2019-09-08 10:00:00,LAPAN,Terra,Verified No fire,SUMSEL MUBA,1319,2019,2019:1319,2019,1317,31781,0.016418161159625758,386.0,True,False,-34.0,1,2019-09-08 03:34:00,-2.0543,104.039,0,0,0,0
105.502349854,-2.92036724091,2019-09-08 13:00:00,LAPAN,Aqua,Verified No fire,SUMSEL,1414,2019,2019:1414,2019,1412,32070,0.01824388126851193,391.0,True,False,-29.0,1,2019-09-08 06:29:00,-2.9203,105.5022,0,0,0,0
103.024009705,-0.988406956196,2019-09-08 13:00:00,LAPAN,Aqua,Verified No fire,JAMBI SMF,1427,2019,2019:1427,2019,1425,32394,0.02332752203148036,390.0,True,False,-30.0,1,2019-09-08 06:30:00,-0.9884,103.0238,0,0,0,0
104.123458862,-1.75904428959,2019-09-08 22:00:00,LAPAN,Terra,Fire inside Sitrep,SUMSEL MUBA,1470,2019,2019:1470,2019,1468,32620,0.03190707355537382,365.0,True,False,-55.0,1,2019-09-08 15:55:00,-1.7592,104.1237,0,0,0,74
103.077507019,-2.27881979942,2019-09-08 22:00:00,LAPAN,Terra,Verified No fire,SUMSEL MUBA,1474,2019,2019:1474,2019,1472,32609,0.029346871719818434,365.0,True,False,-55.0,1,2019-09-08 15:55:00,-2.279,103.0777,0,0,0,9
102.931343079,-0.84188503027,2019-09-08 22:00:00,LAPAN,Terra,Verified No fire,JAMBI SMF,1476,2019,2019:1476,2019,1474,32695,0.0216293502751026,365.0,True,False,-55.0,1,2019-09-08 15:55:00,-0.842,102.9315,0,0,0,39
103.440536499,-2.2145884037,2019-09-08 22:00:00,LAPAN,Terra,Verified Fire,SUMSEL MUBA,1491,2019,2019:1491,2019,1489,32610,0.022000443717831778,365.0,True,False,-55.0,1,2019-09-08 15:55:00,-2.2147,103.4407,0,0,0,14
103.367172241,-2.39788818359,2019-09-08 22:00:00,LAPAN,Terra,Fire inside Sitrep,SUMSEL MUBA,1495,2019,2019:1495,2019,1493,32603,0.018869349125665878,365.0,True,False,-55.0,1,2019-09-08 15:55:00,-2.398,103.3673,0,0,0,22
105.481933594,-2.93137717247,2019-09-09 14:00:00,LAPAN,Aqua,Verified No fire,SUMSEL,1612,2019,2019:1612,2019,1610,33825,0.025851440784125785,408.0,True,False,-12.0,1,2019-09-09 07:12:00,-2.9316,105.482,0,0,0,0
105.338882446,-2.62266421318,2019-09-09 14:00:00,LAPAN,Aqua,Verified No fire,SUMSEL,1614,2019,2019:1614,2019,1612,33829,0.029290023251463064,408.0,True,False,-12.0,1,2019-09-09 07:12:00,-2.6229,105.339,0,0,2,6
103.829986572,-1.34162652493,2019-09-09 14:00:00,LAPAN,Aqua,Verified Fire,JAMBI SMF,1615,2019,2019:1615,2019,1613,33849,0.030445697509266106,407.0,True,False,-13.0,1,2019-09-09 07:13:00,-1.3419,103.83,0,0,4,13
103.631477356,-1.29604113102,2019-09-09 14:00:00,LAPAN,Aqua,Verified No fire,JAMBI SMF,1617,2019,2019:1617,2019,1615,33852,0.028894814984425764,407.0,True,False,-13.0,1,2019-09-09 07:13:00,-1.2963,103.6315,0,0,0,0
105.69733429,-3.68665933609,2019-09-10 10:00:00,LAPAN,Terra,Verified Fire,SUMSEL,1676,2019,2019:1676,2019,1674,35159,0.021603225711608113,398.0,True,False,-22.0,1,2019-09-10 03:22:00,-3.6868,105.6972,0,0,0,18
102.770446777,-1.01249849796,2019-09-10 10:00:00,LAPAN,Terra,Verified No fire,JAMBI SMF,1681,2019,2019:1681,2019,1679,34976,0.07190738532743061,398.0,True,False,-22.0,1,2019-09-10 03:22:00,-1.0125,102.7698,0,0,0,35
104.131011963,-1.76490175724,2019-09-10 10:00:00,LAPAN,Terra,Fire inside Sitrep,SUMSEL MUBA,1683,2019,2019:1683,2019,1681,35091,0.025967642638873783,398.0,True,False,-22.0,1,2019-09-10 03:22:00,-1.765,104.1308,0,0,0,49
102.800094604,-1.41084849834,2019-09-10 10:00:00,LAPAN,Terra,Verified Fire,JAMBI SMF,1693,2019,2019:1693,2019,1691,35060,0.02237762771787334,398.0,True,False,-22.0,1,2019-09-10 03:22:00,-1.4109,102.7999,0,0,0,38
105.306442261,-3.13999509811,2019-09-10 10:00:00,LAPAN,Terra,Verified Fire,SUMSEL,1700,2019,2019:1700,2019,1698,35146,0.019635261052756897,398.0,True,False,-22.0,1,2019-09-10 03:22:00,-3.1401,105.3063,0,0,0,12
103.818275452,-2.21854114532,2019-09-10 13:00:00,LAPAN,Aqua,Verified No fire,SUMSEL MUBA,1710,2019,2019:1710,2019,1708,36065,0.0815625060047424,403.0,True,False,-17.0,1,2019-09-10 06:17:00,-2.2191,103.8178,0,0,0,0
103.836387634,-2.2160115242,2019-09-10 13:00:00,LAPAN,Aqua,Verified No fire,SUMSEL MUBA,1756,2019,2019:1756,2019,1754,36064,0.06932048058046707,403.0,True,False,-17.0,1,2019-09-10 06:17:00,-2.2165,103.836,0,0,2,2
104.029174805,-2.00601220131,2019-09-10 13:00:00,LAPAN,Aqua,Fire inside Sitrep,SUMSEL MUBA,1757,2019,2019:1757,2019,1755,36103,0.07567076846524894,403.0,True,False,-17.0,1,2019-09-10 06:17:00,-2.0065,104.0287,0,0,1,6
102.89881897,-0.871285438538,2019-09-10 22:00:00,LAPAN,Terra,Verified No fire,JAMBI SMF,1797,2019,2019:1797,2019,1795,36686,0.015602485015362483,377.0,True,False,-43.0,1,2019-09-10 15:43:00,-0.8714,102.8989,0,0,0,18
103.403808594,-2.49216675758,2019-09-10 22:00:00,LAPAN,Terra,Verified No fire,SUMSEL MUBA,1798,2019,2019:1798,2019,1796,36478,0.017961637390250865,378.0,True,False,-42.0,1,2019-09-10 15:42:00,-2.4923,103.4039,0,0,0,7
103.42816925,-2.28601503372,2019-09-10 22:00:00,LAPAN,Terra,Verified Fire,SUMSEL MUBA,1803,2019,2019:1803,2019,1801,36493,0.017329185290342726,378.0,True,False,-42.0,1,2019-09-10 15:42:00,-2.2861,103.4283,0,0,0,3
103.34513092,-2.38999915123,2019-09-10 22:00:00,LAPAN,Terra,Verified No fire,SUMSEL MUBA,1804,2019,2019:1804,2019,1802,36490,0.013588667513590872,378.0,True,False,-42.0,1,2019-09-10 15:42:00,-2.3901,103.3452,0,0,0,7
102.967750549,-1.50557339191,2019-09-10 22:00:00,LAPAN,Terra,Verified Fire,JAMBI SMF,1842,2019,2019:1842,2019,1840,36607,0.015113257002832243,377.0,True,False,-43.0,1,2019-09-10 15:43:00,-1.5057,102.9678,0,0,0,19
103.896461487,-1.34670042992,2019-09-10 22:00:00,LAPAN,Terra,Verified Fire,JAMBI SMF,1847,2019,2019:1847,2019,1845,36613,0.011870632163706799,377.0,True,False,-43.0,1,2019-09-10 15:43:00,-1.3468,103.8965,0,0,0,27
102.846206665,-1.13696503639,2019-09-10 22:00:00,LAPAN,Terra,Verified Fire,JAMBI SMF,1850,2019,2019:1850,2019,1848,36679,0.01824520102232845,377.0,True,False,-43.0,1,2019-09-10 15:43:00,-1.1371,102.8463,0,0,0,6
103.442863464,-2.25583124161,2019-09-10 22:00:00,LAPAN,Terra,Verified Fire,SUMSEL MUBA,1854,2019,2019:1854,2019,1852,36494,0.008656468979962056,378.0,True,False,-42.0,1,2019-09-10 15:42:00,-2.2559,103.4429,0,0,0,28
104.128334045,-1.71475934982,2019-09-11 11:00:00,LAPAN,Terra,Fire inside Sitrep,SUMSEL MUBA,1926,2019,2019:1926,2019,1924,37442,0.023150041149941517,415.0,True,False,-5.0,1,2019-09-11 04:05:00,-1.7146,104.1282,0,0,0,34
104.100715637,-1.71079313755,2019-09-11 11:00:00,LAPAN,Terra,Fire inside Sitrep,SUMSEL MUBA,1937,2019,2019:1937,2019,1935,37441,0.025028061762194746,415.0,True,False,-5.0,1,2019-09-11 04:05:00,-1.7106,104.1006,0,0,0,49
103.802574158,-1.30284965038,2019-09-11 11:00:00,LAPAN,Terra,Verified Fire,JAMBI SMF,1938,2019,2019:1938,2019,1936,37414,0.025529035961332307,415.0,True,False,-5.0,1,2019-09-11 04:05:00,-1.3027,103.8024,0,0,0,1
103.824371338,-1.33568286896,2019-09-11 11:00:00,LAPAN,Terra,Verified Fire,JAMBI SMF,1941,2019,2019:1941,2019,1939,37418,0.027861373090205813,415.0,True,False,-5.0,1,2019-09-11 04:05:00,-1.3355,103.8242,0,0,0,18
103.861465454,-1.84230363369,2019-09-12 10:00:00,LAPAN,Terra,Fire inside Sitrep,SUMSEL MUBA,2214,2019,2019:2214,2019,2212,39814,0.04061769133998213,410.0,True,False,-10.0,1,2019-09-12 03:10:00,-1.8423,103.8611,0,0,0,40
104.110610962,-1.70915544033,2019-09-12 10:00:00,LAPAN,Terra,Fire inside Sitrep,SUMSEL MUBA,2215,2019,2019:2215,2019,2213,39769,0.03491541570932027,410.0,True,False,-10.0,1,2019-09-12 03:10:00,-1.7092,104.1103,0,0,0,92
104.12613678,-1.72393786907,2019-09-12 10:00:00,LAPAN,Terra,Fire inside Sitrep,SUMSEL MUBA,2217,2019,2019:2217,2019,2215,39772,0.038063550259039396,410.0,True,False,-10.0,1,2019-09-12 03:10:00,-1.724,104.1258,0,0,0,20
102.817573547,-1.04274487495,2019-09-12 22:00:00,LAPAN,Terra,Verified No fire,JAMBI SMF,2306,2019,2019:2306,2019,2304,41615,0.017498060940546834,389.0,True,False,-31.0,1,2019-09-12 15:31:00,-1.0429,102.8176,0,0,0,4
103.432182312,-2.28034877777,2019-09-12 22:00:00,LAPAN,Terra,Verified Fire,SUMSEL MUBA,2307,2019,2019:2307,2019,2305,41433,0.016929622719332967,390.0,True,False,-30.0,1,2019-09-12 15:30:00,-2.2805,103.4322,0,0,0,6
105.364204407,-2.61616396904,2019-09-12 22:00:00,LAPAN,Terra,Verified No fire,SUMSEL,2308,2019,2019:2308,2019,2306,41336,0.026250046411823776,390.0,True,False,-30.0,1,2019-09-12 15:30:00,-2.6164,105.3642,0,0,0,17
104.124984741,-1.7100918293,2019-09-12 22:00:00,LAPAN,Terra,Fire inside Sitrep,SUMSEL MUBA,2313,2019,2019:2313,2019,2311,41483,0.012147028153693836,390.0,True,False,-30.0,1,2019-09-12 15:30:00,-1.7102,104.125,0,0,0,58
103.343406677,-2.38518381119,2019-09-12 22:00:00,LAPAN,Terra,Verified No fire,SUMSEL MUBA,2314,2019,2019:2314,2019,2312,41430,0.01656543122439925,390.0,True,False,-30.0,1,2019-09-12 15:30:00,-2.3853,103.3435,0,0,0,20
103.1040802,-2.51192474365,2019-09-12 22:00:00,LAPAN,Terra,Verified No fire,SUMSEL MUBA,2316,2019,2019:2316,2019,2314,41425,0.019611381169616065,390.0,True,False,-30.0,1,2019-09-12 15:30:00,-2.5121,103.1041,0,0,0,6
102.793518066,-1.42385113239,2019-09-12 22:00:00,LAPAN,Terra,Verified Fire,JAMBI SMF,2317,2019,2019:2317,2019,2315,41609,0.01889354616951819,390.0,True,False,-30.0,1,2019-09-12 15:30:00,-1.424,102.7936,0,0,0,12
103.676994324,-1.45382356644,2019-09-12 22:00:00,LAPAN,Terra,Verified Fire,JAMBI SMF,2324,2019,2019:2324,2019,2322,41560,0.022866485898382263,390.0,True,False,-30.0,1,2019-09-12 15:30:00,-1.454,103.6771,0,0,0,1
103.768890381,-1.33895611763,2019-09-12 22:00:00,LAPAN,Terra,Verified Fire,JAMBI SMF,2328,2019,2019:2328,2019,2326,41589,0.016034704954972286,390.0,True,False,-30.0,1,2019-09-12 15:30:00,-1.3391,103.7689,0,0,0,22
103.367980957,-2.51195645332,2019-09-12 22:00:00,LAPAN,Terra,Verified No fire,SUMSEL MUBA,2330,2019,2019:2330,2019,2328,41414,0.016101258245123398,390.0,True,False,-30.0,1,2019-09-12 15:30:00,-2.5121,103.368,0,0,0,5
101.913887024,-0.967749893665,2019-09-12 22:00:00,LAPAN,Terra,Verified No fire,JAMBI SMF,2333,2019,2019:2333,2019,2331,41620,0.01675331677340371,389.0,True,False,-31.0,1,2019-09-12 15:31:00,-0.9679,101.9139,0,0,0,40
103.811233521,-1.30478787422,2019-09-12 22:00:00,LAPAN,Terra,Verified Fire,JAMBI SMF,2337,2019,2019:2337,2019,2335,41598,0.01449352533443139,390.0,True,False,-30.0,1,2019-09-12 15:30:00,-1.3049,103.8113,0,0,0,7
103.187988281,-2.42701625824,2019-09-12 22:00:00,LAPAN,Terra,Verified No fire,SUMSEL MUBA,2342,2019,2019:2342,2019,2340,41429,0.020472618725413744,390.0,True,False,-30.0,1,2019-09-12 15:30:00,-2.4272,103.188,0,0,0,18
103.435127258,-2.20687532425,2019-09-12 22:00:00,LAPAN,Terra,Verified Fire,SUMSEL MUBA,2345,2019,2019:2345,2019,2343,41443,0.01604741665332689,390.0,True,False,-30.0,1,2019-09-12 15:30:00,-2.207,103.4352,0,0,0,14
103.397315979,-2.50765037537,2019-09-12 22:00:00,LAPAN,Terra,Verified No fire,SUMSEL MUBA,2353,2019,2019:2353,2019,2351,41413,0.01673194813033537,390.0,True,False,-30.0,1,2019-09-12 15:30:00,-2.5078,103.3973,0,0,0,14
104.12865448,-1.67573428154,2019-09-13 10:00:00,LAPAN,Terra,Verified Fire,SUMSEL MUBA,2406,2019,2019:2406,2019,2404,42317,0.017588126055801713,367.0,True,False,-53.0,1,2019-09-13 03:53:00,-1.6757,104.1285,0,0,0,54
102.800300598,-1.41577148438,2019-09-13 10:00:00,LAPAN,Terra,Verified Fire,JAMBI SMF,2409,2019,2019:2409,2019,2407,42309,0.011623434168072497,367.0,True,False,-53.0,1,2019-09-13 03:53:00,-1.4158,102.8002,0,0,0,13
101.996734619,-0.961216449738,2019-09-13 10:00:00,LAPAN,Terra,Verified Fire,JAMBI SMF,2413,2019,2019:2413,2019,2411,42291,0.017615849099214653,368.0,True,False,-52.0,1,2019-09-13 03:52:00,-0.9613,101.9966,0,0,0,9
102.876014709,-1.10823559761,2019-09-13 10:00:00,LAPAN,Terra,Verified Fire,JAMBI SMF,2415,2019,2019:2415,2019,2413,42299,0.02419608522735256,368.0,True,False,-52.0,1,2019-09-13 03:52:00,-1.1082,102.8758,0,0,0,7
103.3985672,-2.51214456558,2019-09-13 10:00:00,LAPAN,Terra,Verified No fire,SUMSEL MUBA,2421,2019,2019:2421,2019,2419,42346,0.030093581829930726,367.0,True,False,-53.0,1,2019-09-13 03:53:00,-2.5121,103.3983,0,0,0,12
103.201148987,-2.42562890053,2019-09-13 10:00:00,LAPAN,Terra,Verified No fire,SUMSEL MUBA,2422,2019,2019:2422,2019,2420,42340,0.016860858673143044,367.0,True,False,-53.0,1,2019-09-13 03:53:00,-2.4256,103.201,0,0,0,13
103.900779724,-1.35143685341,2019-09-13 13:00:00,LAPAN,Aqua,Verified Fire,JAMBI SMF,2456,2019,2019:2456,2019,2454,42854,0.00976401375587893,372.0,True,False,-48.0,1,2019-09-13 06:48:00,-1.3514,103.9007,0,0,0,3
104.005378723,-1.98897337914,2019-09-13 13:00:00,LAPAN,Aqua,Fire inside Sitrep,SUMSEL MUBA,2467,2019,2019:2467,2019,2465,42794,0.009235563494157347,372.0,True,False,-48.0,1,2019-09-13 06:48:00,-1.989,104.0053,0,0,0,8
102.004089355,-0.949580550194,2019-09-13 13:00:00,LAPAN,Aqua,Verified Fire,JAMBI SMF,2476,2019,2019:2476,2019,2474,42888,0.02116324965745239,372.0,True,False,-48.0,1,2019-09-13 06:48:00,-0.9496,102.0039,0,0,0,21
102.88697052,-0.878682672977,2019-09-13 13:00:00,LAPAN,Aqua,Verified No fire,JAMBI SMF,2479,2019,2019:2479,2019,2477,42883,0.008073809292831163,372.0,True,False,-48.0,1,2019-09-13 06:48:00,-0.8787,102.8869,0,0,0,10
103.920860291,-2.15612053871,2019-09-13 13:00:00,LAPAN,Aqua,Verified Fire,SUMSEL MUBA,2493,2019,2019:2493,2019,2491,42773,0.01988214439878301,372.0,True,False,-48.0,1,2019-09-13 06:48:00,-2.1562,103.9207,0,0,1,15
103.854034424,-1.35593128204,2019-09-13 23:00:00,LAPAN,Terra,Verified Fire,JAMBI SMF,2498,2019,2019:2498,2019,2496,43402,0.05505059115462656,407.0,True,False,-13.0,1,2019-09-13 16:13:00,-1.3561,103.8545,0,0,0,15
103.591339111,-1.15591371059,2019-09-13 23:00:00,LAPAN,Terra,Verified Fire,JAMBI SMF,2501,2019,2019:2501,2019,2499,43413,0.0356412949955221,407.0,True,False,-13.0,1,2019-09-13 16:13:00,-1.1561,103.5916,0,0,0,5
103.573112488,-1.15326452255,2019-09-14 02:00:00,LAPAN,Aqua,Verified Fire,JAMBI SMF,2532,2019,2019:2532,2019,2530,43638,0.01512826390234915,410.0,True,False,-10.0,1,2019-09-13 19:10:00,-1.1534,103.5731,0,0,0,47
102.841163635,-1.14136743546,2019-09-14 22:00:00,LAPAN,Terra,Verified Fire,JAMBI SMF,2606,2019,2019:2606,2019,2604,46265,0.026174139450812914,402.0,True,False,-18.0,1,2019-09-14 15:18:00,-1.1416,102.8412,0,0,0,0
105.632347107,-2.75667667389,2019-09-15 10:00:00,LAPAN,Terra,Verified No fire,SUMSEL,2629,2019,2019:2629,2019,2627,46913,0.01654324223672572,379.0,True,False,-41.0,1,2019-09-15 03:41:00,-2.7567,105.6322,0,0,0,0
105.450660706,-3.76246213913,2019-09-15 10:00:00,LAPAN,Terra,Verified Fire,SUMSEL,2631,2019,2019:2631,2019,2629,46929,0.01832144505094748,379.0,True,False,-41.0,1,2019-09-15 03:41:00,-3.7625,105.4505,0,0,0,1
105.751464844,-3.78317379951,2019-09-15 10:00:00,LAPAN,Terra,Verified Fire,SUMSEL,2640,2019,2019:2640,2019,2638,46910,0.018520477733049257,379.0,True,False,-41.0,1,2019-09-15 03:41:00,-3.7832,105.7513,0,0,0,5
101.880462646,-0.997294187546,2019-09-15 10:00:00,LAPAN,Terra,Verified No fire,JAMBI SMF,2643,2019,2019:2643,2019,2641,46884,0.02157355984476385,380.0,True,False,-40.0,1,2019-09-15 03:40:00,-0.9974,101.8803,0,0,0,0
102.820350647,-1.25541353226,2019-09-15 10:00:00,LAPAN,Terra,Verified No fire,JAMBI SMF,2644,2019,2019:2644,2019,2642,46886,0.019310937517902835,380.0,True,False,-40.0,1,2019-09-15 03:40:00,-1.2555,102.8202,0,0,0,0
105.44291687,-3.76529502869,2019-09-15 13:00:00,LAPAN,Aqua,Verified Fire,SUMSEL,2650,2019,2019:2650,2019,2648,47071,0.03239308885512048,385.0,True,False,-35.0,1,2019-09-15 06:35:00,-3.7651,105.4427,0,0,0,1
103.200080872,-2.4276099205,2019-09-15 13:00:00,LAPAN,Aqua,Verified No fire,SUMSEL MUBA,2689,2019,2019:2689,2019,2687,47350,0.03351200313844162,384.0,True,False,-36.0,1,2019-09-15 06:36:00,-2.4275,103.1998,0,0,0,5
103.557060242,-2.33324360847,2019-09-15 13:00:00,LAPAN,Aqua,Verified Fire,SUMSEL MUBA,2700,2019,2019:2700,2019,2698,47356,0.023915560958253805,384.0,True,False,-36.0,1,2019-09-15 06:36:00,-2.3331,103.5569,0,0,0,0
103.579902649,-1.156509161,2019-09-16 01:00:00,LAPAN,Aqua,Verified Fire,JAMBI SMF,2717,2019,2019:2717,2019,2715,47757,0.03604056775495025,362.0,True,False,-58.0,1,2019-09-15 18:58:00,-1.1562,103.58,0,0,6,52
105.364852905,-2.59951376915,2019-09-17 10:00:00,LAPAN,Terra,Verified No fire,SUMSEL,2784,2019,2019:2784,2019,2782,49327,0.019504391636501726,392.0,True,False,-28.0,1,2019-09-17 03:28:00,-2.5996,105.3647,0,0,0,14
102.982147217,-0.855883002281,2019-09-17 10:00:00,LAPAN,Terra,Verified No fire,JAMBI SMF,2786,2019,2019:2786,2019,2784,49375,0.030409582243532858,392.0,True,False,-28.0,1,2019-09-17 03:28:00,-0.856,102.9819,0,0,0,10
103.650749207,-1.37774562836,2019-09-17 10:00:00,LAPAN,Terra,Verified No fire,JAMBI SMF,2787,2019,2019:2787,2019,2785,49364,0.023869536021739943,392.0,True,False,-28.0,1,2019-09-17 03:28:00,-1.3779,103.6506,0,0,0,0
103.317817688,-0.978493452072,2019-09-17 10:00:00,LAPAN,Terra,Verified No fire,JAMBI SMF,2788,2019,2019:2788,2019,2786,49367,0.026946563679378664,392.0,True,False,-28.0,1,2019-09-17 03:28:00,-0.9786,103.3176,0,0,0,12
102.840843201,-1.01902759075,2019-09-17 10:00:00,LAPAN,Terra,Verified No fire,JAMBI SMF,2790,2019,2019:2790,2019,2788,49370,0.02821181946449083,392.0,True,False,-28.0,1,2019-09-17 03:28:00,-1.0191,102.8406,0,0,0,7
104.010734558,-1.97601747513,2019-09-17 10:00:00,LAPAN,Terra,Fire inside Sitrep,SUMSEL MUBA,2792,2019,2019:2792,2019,2790,49343,0.027634246825095354,392.0,True,False,-28.0,1,2019-09-17 03:28:00,-1.9761,104.0105,0,0,0,23
104.136955261,-1.68112289906,2019-09-17 10:00:00,LAPAN,Terra,Fire inside Sitrep,SUMSEL MUBA,2793,2019,2019:2793,2019,2791,49347,0.0192691113049589,392.0,True,False,-28.0,1,2019-09-17 03:28:00,-1.6812,104.1368,0,0,0,53
101.998306274,-0.961145758629,2019-09-17 13:00:00,LAPAN,Aqua,Verified Fire,JAMBI SMF,2845,2019,2019:2845,2019,2843,49710,0.05328678720150078,396.0,True,False,-24.0,1,2019-09-17 06:24:00,-0.9614,101.9979,0,0,0,0
103.846580505,-2.00487732887,2019-09-17 22:00:00,LAPAN,Terra,Verified Fire,SUMSEL MUBA,2873,2019,2019:2873,2019,2871,50115,0.019036709342078312,371.0,True,False,-49.0,1,2019-09-17 15:49:00,-2.005,103.8467,0,0,0,17
105.777534485,-3.65887188911,2019-09-17 22:00:00,LAPAN,Terra,Verified Fire,SUMSEL,2874,2019,2019:2874,2019,2872,49979,0.015993213864109127,372.0,True,False,-48.0,1,2019-09-17 15:48:00,-3.659,105.7776,0,0,0,42
103.865982056,-1.93110835552,2019-09-17 22:00:00,LAPAN,Terra,Fire inside Sitrep,SUMSEL MUBA,2877,2019,2019:2877,2019,2875,50108,0.0103836989288672,371.0,True,False,-49.0,1,2019-09-17 15:49:00,-1.9312,103.866,0,0,0,16
105.460754395,-3.32751607895,2019-09-17 22:00:00,LAPAN,Terra,Verified Fire,SUMSEL,2879,2019,2019:2879,2019,2877,49963,0.01866359996603243,372.0,True,False,-48.0,1,2019-09-17 15:48:00,-3.3276,105.4609,0,0,0,18
102.851066589,-1.14867925644,2019-09-17 22:00:00,LAPAN,Terra,Verified No fire,JAMBI SMF,2893,2019,2019:2893,2019,2891,50172,0.01393041986178377,371.0,True,False,-49.0,1,2019-09-17 15:49:00,-1.1488,102.8511,0,0,0,0
104.092018127,-1.71443998814,2019-09-17 22:00:00,LAPAN,Terra,Fire inside Sitrep,SUMSEL MUBA,2901,2019,2019:2901,2019,2899,50079,0.01998450711438452,371.0,True,False,-49.0,1,2019-09-17 15:49:00,-1.7146,104.0921,0,0,0,12
103.396850586,-2.40456151962,2019-09-18 11:00:00,LAPAN,Terra,Verified Fire,SUMSEL MUBA,2954,2019,2019:2954,2019,2952,50899,0.05789227628153388,409.0,True,False,-11.0,1,2019-09-18 04:11:00,-2.4043,103.3964,0,0,0,18
101.914642334,-0.963333129883,2019-09-18 11:00:00,LAPAN,Terra,Verified Fire,JAMBI SMF,2960,2019,2019:2960,2019,2958,50863,0.0408379751302313,409.0,True,False,-11.0,1,2019-09-18 04:11:00,-0.9632,101.9143,0,0,0,3
103.933456421,-1.9692325592,2019-09-18 21:00:00,LAPAN,Terra,Verified No fire,SUMSEL MUBA,3070,2019,2019:3070,2019,3068,51910,0.05220224588904909,366.0,True,False,-54.0,1,2019-09-18 14:54:00,-1.9697,103.9335,0,0,0,0
103.970375061,-1.96341717243,2019-09-18 21:00:00,LAPAN,Terra,Fire inside Sitrep,SUMSEL MUBA,3071,2019,2019:3071,2019,3069,51912,0.06766459056905932,366.0,True,False,-54.0,1,2019-09-18 14:54:00,-1.964,103.9702,0,0,0,33
104.140907288,-1.68796575069,2019-09-19 10:00:00,LAPAN,Terra,Fire inside Sitrep,SUMSEL MUBA,3076,2019,2019:3076,2019,3074,52577,0.02745278100755189,404.0,True,False,-16.0,1,2019-09-19 03:16:00,-1.6881,104.1407,0,0,0,29
105.731071472,-3.69981431961,2019-09-19 13:00:00,LAPAN,Aqua,Verified Fire,SUMSEL,3090,2019,2019:3090,2019,3088,53278,0.05948325225735294,409.0,True,False,-11.0,1,2019-09-19 06:11:00,-3.7002,105.7307,0,0,2,2
103.793655396,-1.30033504963,2019-09-19 22:00:00,LAPAN,Terra,Verified Fire,JAMBI SMF,3154,2019,2019:3154,2019,3152,54362,0.008760480784572524,383.0,True,False,-37.0,1,2019-09-19 15:37:00,-1.3004,103.7937,0,0,0,8
103.844566345,-2.01083636284,2019-09-19 22:00:00,LAPAN,Terra,Verified Fire,SUMSEL MUBA,3165,2019,2019:3165,2019,3163,54097,0.008003692249489604,384.0,True,False,-36.0,1,2019-09-19 15:36:00,-2.0109,103.8446,0,0,0,17
103.321617126,-0.971972644329,2019-09-19 22:00:00,LAPAN,Terra,Verified No fire,JAMBI SMF,3191,2019,2019:3191,2019,3189,54392,0.01689491705138167,383.0,True,False,-37.0,1,2019-09-19 15:37:00,-0.9721,103.3217,0,0,0,5
104.12071228,-1.76294398308,2019-09-20 10:00:00,LAPAN,Terra,Fire inside Sitrep,SUMSEL MUBA,3303,2019,2019:3303,2019,3301,55049,0.01340321826436562,361.0,True,False,-59.0,1,2019-09-20 03:59:00,-1.7629,104.1206,0,0,0,0
103.94744873,-1.97235548496,2019-09-20 10:00:00,LAPAN,Terra,Fire inside Sitrep,SUMSEL MUBA,3305,2019,2019:3305,2019,3303,55091,0.02832134799902747,361.0,True,False,-59.0,1,2019-09-20 03:59:00,-1.9723,103.9472,0,0,0,39
103.452041626,-2.21252775192,2019-09-21 22:00:00,LAPAN,Terra,Verified No fire,SUMSEL MUBA,3781,2019,2019:3781,2019,3779,57084,0.020221566213742343,396.0,True,False,-24.0,1,2019-09-21 15:24:00,-2.2127,103.4521,0,0,0,14
105.724830627,-3.78172492981,2019-09-21 22:00:00,LAPAN,Terra,Verified Fire,SUMSEL,3790,2019,2019:3790,2019,3788,56835,0.019761309815049408,396.0,True,False,-24.0,1,2019-09-21 15:24:00,-3.7819,105.7248,0,0,0,5
101.934234619,-0.974458694458,2019-09-21 22:00:00,LAPAN,Terra,Verified No fire,JAMBI SMF,3812,2019,2019:3812,2019,3810,57477,0.027106635971795873,396.0,True,False,-24.0,1,2019-09-21 15:24:00,-0.9747,101.9342,0,0,0,6
105.780982971,-3.77381968498,2019-09-21 22:00:00,LAPAN,Terra,Verified Fire,SUMSEL,3823,2019,2019:3823,2019,3821,56837,0.009128319015131253,396.0,True,False,-24.0,1,2019-09-21 15:24:00,-3.7739,105.781,0,0,0,10
105.345367432,-2.62097263336,2019-09-21 22:00:00,LAPAN,Terra,Verified No fire,SUMSEL,3831,2019,2019:3831,2019,3829,56995,0.0146172763603148,396.0,True,False,-24.0,1,2019-09-21 15:24:00,-2.6211,105.3454,0,0,0,41
103.008216858,-2.32528734207,2019-09-21 22:00:00,LAPAN,Terra,Verified No fire,SUMSEL MUBA,3841,2019,2019:3841,2019,3839,57080,0.02372057682344487,396.0,True,False,-24.0,1,2019-09-21 15:24:00,-2.3255,103.0082,0,0,0,25
103.968887329,-1.93515527248,2019-09-22 10:00:00,LAPAN,Terra,Verified Fire,SUMSEL MUBA,3923,2019,2019:3923,2019,3921,58221,0.021404024318054417,373.0,True,False,-47.0,1,2019-09-22 03:47:00,-1.9352,103.9687,0,0,0,105
104.131576538,-1.70409274101,2019-09-22 10:00:00,LAPAN,Terra,Verified No fire,SUMSEL MUBA,3925,2019,2019:3925,2019,3923,58204,0.01963807041296541,374.0,True,False,-46.0,1,2019-09-22 03:46:00,-1.7041,104.1314,0,0,0,52
105.733413696,-3.79209303856,2019-09-22 10:00:00,LAPAN,Terra,Verified Fire,SUMSEL,3946,2019,2019:3946,2019,3944,58342,0.025868673561337915,373.0,True,False,-47.0,1,2019-09-22 03:47:00,-3.792,105.7332,0,0,0,1
105.366844177,-3.72224664688,2019-09-22 13:00:00,LAPAN,Aqua,Verified Fire,SUMSEL,4064,2019,2019:4064,2019,4062,58589,0.007136709232794736,378.0,True,False,-42.0,1,2019-09-22 06:42:00,-3.7222,105.3668,0,0,0,2
103.3176651,-0.979104399681,2019-09-22 13:00:00,LAPAN,Aqua,Verified Fire,JAMBI SMF,4085,2019,2019:4085,2019,4083,58976,0.021211600757565504,378.0,True,False,-42.0,1,2019-09-22 06:42:00,-0.9792,103.3175,0,0,0,1
105.653648376,-3.46871805191,2019-09-23 22:00:00,LAPAN,Terra,Verified Fire,SUMSEL,4218,2019,2019:4218,2019,4216,60851,0.02102745375299524,409.0,True,False,-11.0,1,2019-09-23 15:11:00,-3.4689,105.6537,0,0,0,5
105.747550964,-3.76616501808,2019-09-23 22:00:00,LAPAN,Terra,Verified Fire,SUMSEL,4219,2019,2019:4219,2019,4217,60748,0.026689287927184835,409.0,True,False,-11.0,1,2019-09-23 15:11:00,-3.7664,105.7476,0,0,0,9
105.715583801,-3.56303787231,2019-09-23 22:00:00,LAPAN,Terra,Verified Fire,SUMSEL,4220,2019,2019:4220,2019,4218,60822,0.02920269882738962,409.0,True,False,-11.0,1,2019-09-23 15:11:00,-3.5633,105.7156,0,0,0,2
104.124771118,-1.74636244774,2019-09-24 13:00:00,LAPAN,Aqua,Fire inside Sitrep,SUMSEL MUBA,4248,2019,2019:4248,2019,4246,61724,0.019471635614362822,390.0,True,False,-30.0,1,2019-09-24 06:30:00,-1.7464,104.1246,0,0,0,0
103.994018555,-1.98114073277,2019-09-24 13:00:00,LAPAN,Aqua,Fire inside Sitrep,SUMSEL MUBA,4249,2019,2019:4249,2019,4247,61719,0.025165931428292942,390.0,True,False,-30.0,1,2019-09-24 06:30:00,-1.9812,103.9938,0,0,0,29
104.132034302,-1.94242596626,2019-09-25 14:00:00,LAPAN,Aqua,Verified No fire,SUMSEL MUBA,4314,2019,2019:4314,2019,4312,62885,0.03560305502973825,407.0,True,False,-13.0,1,2019-09-25 07:13:00,-1.9427,104.1322,0,0,0,0
103.910728455,-1.97616076469,2019-09-25 14:00:00,LAPAN,Aqua,Fire inside Sitrep,SUMSEL MUBA,4316,2019,2019:4316,2019,4314,62890,0.0422648511739366,407.0,True,False,-13.0,1,2019-09-25 07:13:00,-1.9765,103.9109,0,0,3,8
105.843330383,-3.86150741577,2019-09-26 10:00:00,LAPAN,Terra,Verified Fire,SUMSEL,4332,2019,2019:4332,2019,4330,64156,0.02755472441117256,398.0,True,False,-22.0,1,2019-09-26 03:22:00,-3.8616,105.8431,0,0,0,6
103.973060608,-1.97314214706,2019-09-26 10:00:00,LAPAN,Terra,Fire inside Sitrep,SUMSEL MUBA,4333,2019,2019:4333,2019,4331,64150,0.03386498318362219,398.0,True,False,-22.0,1,2019-09-26 03:22:00,-1.9733,103.9728,0,0,0,12
105.458106995,-3.33002495766,2019-09-26 13:00:00,LAPAN,Aqua,Verified Fire,SUMSEL,4342,2019,2019:4342,2019,4340,64348,0.057603727090781695,403.0,True,False,-17.0,1,2019-09-26 06:17:00,-3.3305,105.4579,0,0,0,0
103.552986145,-1.17650127411,2019-09-26 22:00:00,LAPAN,Terra,Verified No fire,JAMBI SMF,4366,2019,2019:4366,2019,4364,64545,0.011085363994571593,377.0,True,False,-43.0,1,2019-09-26 15:43:00,-1.1766,103.553,0,0,0,8
103.958175659,-1.92095911503,2019-09-26 22:00:00,LAPAN,Terra,Fire inside Sitrep,SUMSEL MUBA,4368,2019,2019:4368,2019,4366,64469,0.00529012776362025,378.0,True,False,-42.0,1,2019-09-26 15:42:00,-1.921,103.9582,0,0,0,18
104.136444092,-1.69225919247,2019-09-26 22:00:00,LAPAN,Terra,Fire inside Sitrep,SUMSEL MUBA,4369,2019,2019:4369,2019,4367,64486,0.007694372548999938,377.0,True,False,-43.0,1,2019-09-26 15:43:00,-1.6923,104.1365,0,0,0,3
103.595115662,-1.38289964199,2019-09-26 22:00:00,LAPAN,Terra,Verified Fire,JAMBI SMF,4370,2019,2019:4370,2019,4368,64546,0.014574822883972197,377.0,True,False,-43.0,1,2019-09-26 15:43:00,-1.383,103.5952,0,0,0,11
103.992576599,-1.97913861275,2019-09-26 22:00:00,LAPAN,Terra,Verified No fire,SUMSEL MUBA,4371,2019,2019:4371,2019,4369,64459,0.015318323346542756,378.0,True,False,-42.0,1,2019-09-26 15:42:00,-1.9792,103.9927,0,0,0,14
103.941833496,-1.84817504883,2019-09-27 11:00:00,LAPAN,Terra,Fire inside Sitrep,SUMSEL MUBA,4374,2019,2019:4374,2019,4372,64656,0.05196100200956522,415.0,True,False,-5.0,1,2019-09-27 04:05:00,-1.848,103.9414,0,0,0,0
104.108421326,-1.68930709362,2019-09-27 11:00:00,LAPAN,Terra,Fire inside Sitrep,SUMSEL MUBA,4375,2019,2019:4375,2019,4373,64658,0.01799033655774172,415.0,True,False,-5.0,1,2019-09-27 04:05:00,-1.6892,104.1083,0,0,0,3
103.94254303,-1.95489776134,2019-09-27 11:00:00,LAPAN,Terra,Fire inside Sitrep,SUMSEL MUBA,4376,2019,2019:4376,2019,4374,64655,0.05392178948178461,415.0,True,False,-5.0,1,2019-09-27 04:05:00,-1.9547,103.9421,0,0,0,4
103.923660278,-1.95367836952,2019-09-28 10:00:00,LAPAN,Terra,Fire inside Sitrep,SUMSEL MUBA,4400,2019,2019:4400,2019,4398,64878,0.051207415450413234,410.0,True,False,-10.0,1,2019-09-28 03:10:00,-1.9537,103.9232,0,0,0,18
105.314102173,-3.04961037636,2019-09-28 13:00:00,LAPAN,Aqua,Verified No fire,SUMSEL,4436,2019,2019:4436,2019,4434,65037,0.08919605050167279,415.0,True,False,-5.0,1,2019-09-28 06:05:00,-3.05,105.3134,0,0,0,0
105.347068787,-3.69133710861,2019-09-28 22:00:00,LAPAN,Terra,Verified Fire,SUMSEL,4439,2019,2019:4439,2019,4437,65130,0.007803914408302484,390.0,True,False,-30.0,1,2019-09-28 15:30:00,-3.6914,105.3471,0,0,0,9
105.627319336,-3.7617046833,2019-09-28 22:00:00,LAPAN,Terra,Verified Fire,SUMSEL,4440,2019,2019:4440,2019,4438,65123,0.013872203251218506,390.0,True,False,-30.0,1,2019-09-28 15:30:00,-3.7618,105.6274,0,0,0,15
103.918815613,-1.95573103428,2019-09-29 10:00:00,LAPAN,Terra,Verified No fire,SUMSEL MUBA,4449,2019,2019:4449,2019,4447,65278,0.024208358700474577,367.0,True,False,-53.0,1,2019-09-29 03:53:00,-1.9557,103.9186,0,0,0,8
105.626922607,-3.76498746872,2019-09-30 22:00:00,LAPAN,Terra,Verified Fire,SUMSEL,4545,2019,2019:4545,2019,4543,65777,0.012761863627255126,403.0,True,False,-17.0,1,2019-09-30 15:17:00,-3.7651,105.6269,0,0,0,17
103.950843811,-1.92629206181,2019-09-30 22:00:00,LAPAN,Terra,Fire inside Sitrep,SUMSEL MUBA,4547,2019,2019:4547,2019,4545,65798,0.023950069515769407,402.0,True,False,-18.0,1,2019-09-30 15:18:00,-1.9265,103.9509,0,0,0,19
105.61190033,-3.58335447311,2019-09-30 22:00:00,LAPAN,Terra,Verified Fire,SUMSEL,4548,2019,2019:4548,2019,4546,65776,0.01618191565153947,403.0,True,False,-17.0,1,2019-09-30 15:17:00,-3.5835,105.6119,0,0,0,20
105.352874756,-3.13483405113,2019-10-01 10:00:00,LAPAN,Terra,Verified Fire,SUMSEL,4558,2019,2019:4558,2019,4556,65884,0.020742452235117996,379.0,True,False,-41.0,1,2019-10-01 03:41:00,-3.1349,105.3527,0,0,0,6
105.57283783,-3.44204473495,2019-10-01 10:00:00,LAPAN,Terra,Verified No fire,SUMSEL,4559,2019,2019:4559,2019,4557,65890,0.02710365885750588,379.0,True,False,-41.0,1,2019-10-01 03:41:00,-3.4421,105.5726,0,0,0,3
104.28717804,-2.02155280113,2019-10-01 10:00:00,LAPAN,Terra,Fire inside Sitrep,SUMSEL MUBA,4560,2019,2019:4560,2019,4558,65879,0.025677711029530485,380.0,True,False,-40.0,1,2019-10-01 03:40:00,-2.0217,104.287,0,0,0,33
105.646987915,-3.52270579338,2019-10-01 10:00:00,LAPAN,Terra,Verified Fire,SUMSEL,4561,2019,2019:4561,2019,4559,65882,0.023338683092882343,379.0,True,False,-41.0,1,2019-10-01 03:41:00,-3.5228,105.6468,0,0,0,31
105.612220764,-3.5830488205,2019-10-01 10:00:00,LAPAN,Terra,Verified Fire,SUMSEL,4562,2019,2019:4562,2019,4560,65881,0.014560325657467345,379.0,True,False,-41.0,1,2019-10-01 03:41:00,-3.5831,105.6121,0,0,0,16
105.243766785,-3.11911463737,2019-10-01 10:00:00,LAPAN,Terra,Verified Fire,SUMSEL,4563,2019,2019:4563,2019,4561,65886,0.02080912920223201,379.0,True,False,-41.0,1,2019-10-01 03:41:00,-3.1192,105.2436,0,0,0,10
105.666801453,-3.47444415092,2019-10-01 13:00:00,LAPAN,Aqua,Verified Fire,SUMSEL,4569,2019,2019:4569,2019,4567,66162,0.029390982748281808,384.0,True,False,-36.0,1,2019-10-01 06:36:00,-3.4742,105.6667,0,0,0,0
105.4479599,-3.79026532173,2019-10-01 13:00:00,LAPAN,Aqua,Verified Fire,SUMSEL,4754,2019,2019:4754,2019,4752,66029,0.025547674654205044,385.0,True,False,-35.0,1,2019-10-01 06:35:00,-3.7901,105.4478,0,0,0,2
105.218505859,-3.09298419952,2019-10-03 22:00:00,LAPAN,Terra,Verified Fire,SUMSEL,4880,2019,2019:4880,2019,4878,66887,0.02510910621035492,372.0,True,False,-48.0,1,2019-10-03 15:48:00,-3.0931,105.2187,0,0,0,20
105.504119873,-3.2463092804,2019-10-03 22:00:00,LAPAN,Terra,Verified Fire,SUMSEL,4881,2019,2019:4881,2019,4879,66886,0.02239738676870227,372.0,True,False,-48.0,1,2019-10-03 15:48:00,-3.2464,105.5043,0,0,0,10
103.660102844,-1.375030756,2019-10-04 11:00:00,LAPAN,Terra,Verified No fire,JAMBI SMF,4889,2019,2019:4889,2019,4887,66992,0.05161155165336353,409.0,True,False,-11.0,1,2019-10-04 04:11:00,-1.3748,103.6597,0,0,0,0
105.198913574,-3.03149056435,2019-10-05 10:00:00,LAPAN,Terra,Fire inside Sitrep,SUMSEL,4928,2019,2019:4928,2019,4926,67367,0.026654932947648417,404.0,True,False,-16.0,1,2019-10-05 03:16:00,-3.0316,105.1987,0,0,0,32
105.669967651,-3.68479371071,2019-10-05 22:00:00,LAPAN,Terra,Verified Fire,SUMSEL,5009,2019,2019:5009,2019,5007,67673,0.01470277567100274,384.0,True,False,-36.0,1,2019-10-05 15:36:00,-3.6848,105.6701,0,0,0,5
103.810684204,-1.31059098244,2019-10-05 22:00:00,LAPAN,Terra,Verified Fire,JAMBI SMF,5015,2019,2019:5015,2019,5013,67770,0.012248738195500554,383.0,True,False,-37.0,1,2019-10-05 15:37:00,-1.3107,103.8107,0,0,0,9
104.15209198,-1.85601603985,2019-10-08 10:00:00,LAPAN,Terra,Verified No fire,SUMSEL MUBA,5094,2019,2019:5094,2019,5092,68336,0.01384401170734444,374.0,True,False,-46.0,1,2019-10-08 03:46:00,-1.8561,104.152,0,0,0,0
104.199546814,-1.83513247967,2019-10-08 10:00:00,LAPAN,Terra,Verified No fire,SUMSEL MUBA,5095,2019,2019:5095,2019,5093,68337,0.02843936118249356,374.0,True,False,-46.0,1,2019-10-08 03:46:00,-1.8352,104.1993,0,0,0,0
104.281288147,-1.98782670498,2019-10-08 10:00:00,LAPAN,Terra,Fire inside Sitrep,SUMSEL MUBA,5096,2019,2019:5096,2019,5094,68333,0.02244071538215178,374.0,True,False,-46.0,1,2019-10-08 03:46:00,-1.9879,104.2811,0,0,0,10
105.481376648,-3.33147525787,2019-10-08 10:00:00,LAPAN,Terra,Fire inside Sitrep,SUMSEL,5097,2019,2019:5097,2019,5095,68346,0.03083289938823202,373.0,True,False,-47.0,1,2019-10-08 03:47:00,-3.3315,105.4811,0,0,0,7
105.205657959,-3.09721636772,2019-10-09 22:00:00,LAPAN,Terra,Fire inside Sitrep,SUMSEL,5177,2019,2019:5177,2019,5175,69136,0.02094577094687726,409.0,True,False,-11.0,1,2019-10-09 15:11:00,-3.0974,105.2057,0,0,0,22
105.743537903,-3.61521983147,2019-10-10 10:00:00,LAPAN,Terra,Verified Fire,SUMSEL,5199,2019,2019:5199,2019,5197,69334,0.017710628010251563,385.0,True,False,-35.0,1,2019-10-10 03:35:00,-3.6153,105.7434,0,0,0,3
105.346992493,-3.68972253799,2019-10-10 10:00:00,LAPAN,Terra,Verified Fire,SUMSEL,5200,2019,2019:5200,2019,5198,69336,0.02303119980475054,385.0,True,False,-35.0,1,2019-10-10 03:35:00,-3.6898,105.3468,0,0,0,18
103.35723114,-2.53346037865,2019-10-10 10:00:00,LAPAN,Terra,Verified No fire,SUMSEL MUBA,5202,2019,2019:5202,2019,5200,69327,0.021289783242770845,386.0,True,False,-34.0,1,2019-10-10 03:34:00,-2.5336,103.3571,0,0,0,1
104.19644928,-1.83715248108,2019-10-10 10:00:00,LAPAN,Terra,Verified No fire,SUMSEL MUBA,5203,2019,2019:5203,2019,5201,69300,0.023330690079529627,386.0,True,False,-34.0,1,2019-10-10 03:34:00,-1.8373,104.1963,0,0,0,0
105.716941833,-3.65104913712,2019-10-10 10:00:00,LAPAN,Terra,Verified Fire,SUMSEL,5204,2019,2019:5204,2019,5202,69338,0.023002773929375657,385.0,True,False,-35.0,1,2019-10-10 03:35:00,-3.6512,105.7168,0,0,0,6
105.206359863,-3.10393381119,2019-10-10 13:00:00,LAPAN,Aqua,Fire inside Sitrep,SUMSEL,5215,2019,2019:5215,2019,5213,69660,0.018143700605230975,390.0,True,False,-30.0,1,2019-10-10 06:30:00,-3.1039,105.2062,0,0,0,17
105.778594971,-3.65802550316,2019-10-10 13:00:00,LAPAN,Aqua,Verified Fire,SUMSEL,5258,2019,2019:5258,2019,5256,69441,0.01748763883753405,391.0,True,False,-29.0,1,2019-10-10 06:29:00,-3.6579,105.7785,0,0,0,0
105.547576904,-3.4328417778,2019-10-10 13:00:00,LAPAN,Aqua,Verified Fire,SUMSEL,5262,2019,2019:5262,2019,5260,69545,0.0201776042070632,391.0,True,False,-29.0,1,2019-10-10 06:29:00,-3.4328,105.5474,0,0,0,2
105.558753967,-2.99023389816,2019-10-10 13:00:00,LAPAN,Aqua,Verified No fire,SUMSEL,5292,2019,2019:5292,2019,5290,69577,0.017507633857997678,390.0,True,False,-30.0,1,2019-10-10 06:30:00,-2.9902,105.5586,0,0,0,0
105.464744568,-2.63552618027,2019-10-10 13:00:00,LAPAN,Aqua,Verified No fire,SUMSEL,5324,2019,2019:5324,2019,5322,69641,0.016319984628868935,390.0,True,False,-30.0,1,2019-10-10 06:30:00,-2.6355,105.4646,0,0,0,0
105.774978638,-3.38743162155,2019-10-10 22:00:00,LAPAN,Terra,Verified Fire,SUMSEL,5358,2019,2019:5358,2019,5356,69708,0.02572085831066161,366.0,True,False,-54.0,1,2019-10-10 15:54:00,-3.3875,105.7752,0,0,0,0
105.446342468,-3.29304718971,2019-10-10 22:00:00,LAPAN,Terra,Fire inside Sitrep,SUMSEL,5359,2019,2019:5359,2019,5357,69706,0.018447451610575486,366.0,True,False,-54.0,1,2019-10-10 15:54:00,-3.2931,105.4465,0,0,0,20
105.795272827,-3.38435220718,2019-10-10 22:00:00,LAPAN,Terra,Verified Fire,SUMSEL,5360,2019,2019:5360,2019,5358,69709,0.01508354694927975,366.0,True,False,-54.0,1,2019-10-10 15:54:00,-3.3844,105.7954,0,0,0,0
105.465538025,-3.29021120071,2019-10-10 22:00:00,LAPAN,Terra,Fire inside Sitrep,SUMSEL,5363,2019,2019:5363,2019,5361,69696,0.020513847179629795,366.0,True,False,-54.0,1,2019-10-10 15:54:00,-3.2903,105.4657,0,0,0,39
102.914604187,-0.864452064037,2019-10-10 22:00:00,LAPAN,Terra,Verified Fire,JAMBI SMF,5365,2019,2019:5365,2019,5363,69727,0.029555786732386,365.0,True,False,-55.0,1,2019-10-10 15:55:00,-0.8647,102.9147,0,0,0,8
105.420448303,-3.28869128227,2019-10-11 21:00:00,LAPAN,Terra,Verified Fire,SUMSEL,5477,2019,2019:5477,2019,5475,70109,0.03823605415498143,361.0,True,False,-59.0,1,2019-10-11 14:59:00,-3.289,105.4206,0,0,0,10
105.447044373,-3.01108217239,2019-10-12 10:00:00,LAPAN,Terra,Verified No fire,SUMSEL,5488,2019,2019:5488,2019,5486,70184,0.030132988985632218,398.0,True,False,-22.0,1,2019-10-12 03:22:00,-3.0112,105.4468,0,0,0,0
105.761299133,-3.64730858803,2019-10-12 10:00:00,LAPAN,Terra,Fire inside Sitrep,SUMSEL,5490,2019,2019:5490,2019,5488,70166,0.030680980196847944,398.0,True,False,-22.0,1,2019-10-12 03:22:00,-3.6475,105.7611,0,0,0,15
104.31451416,-2.03187012672,2019-10-12 10:00:00,LAPAN,Terra,Fire inside Sitrep,SUMSEL MUBA,5492,2019,2019:5492,2019,5490,70158,0.02783742021939031,398.0,True,False,-22.0,1,2019-10-12 03:22:00,-2.032,104.3143,0,0,0,60
105.481956482,-3.28337621689,2019-10-12 10:00:00,LAPAN,Terra,Fire inside Sitrep,SUMSEL,5493,2019,2019:5493,2019,5491,70171,0.02216342695435739,398.0,True,False,-22.0,1,2019-10-12 03:22:00,-3.2835,105.4818,0,0,0,18
105.617027283,-3.05482316017,2019-10-12 10:00:00,LAPAN,Terra,Fire inside Sitrep,SUMSEL,5494,2019,2019:5494,2019,5492,70159,0.03199312079714923,398.0,True,False,-22.0,1,2019-10-12 03:22:00,-3.055,105.6168,0,0,0,8
104.251167297,-1.76949381828,2019-10-12 22:00:00,LAPAN,Terra,Fire inside Sitrep,SUMSEL MUBA,5589,2019,2019:5589,2019,5587,70400,0.014764893272064813,378.0,True,False,-42.0,1,2019-10-12 15:42:00,-1.7695,104.2513,0,0,0,7
105.442512512,-3.29101586342,2019-10-12 22:00:00,LAPAN,Terra,Fire inside Sitrep,SUMSEL,5593,2019,2019:5593,2019,5591,70391,0.022819350360848253,378.0,True,False,-42.0,1,2019-10-12 15:42:00,-3.2911,105.4427,0,0,0,37
104.265823364,-2.00006508827,2019-10-12 22:00:00,LAPAN,Terra,Verified Fire,SUMSEL MUBA,5594,2019,2019:5594,2019,5592,70398,0.00935939733042503,378.0,True,False,-42.0,1,2019-10-12 15:42:00,-2.0001,104.2659,0,0,0,11
105.81237793,-3.89091920853,2019-10-12 22:00:00,LAPAN,Terra,Verified Fire,SUMSEL,5597,2019,2019:5597,2019,5595,70396,0.016251126411406823,378.0,True,False,-42.0,1,2019-10-12 15:42:00,-3.891,105.8125,0,0,0,35
104.254806519,-1.76538419724,2019-10-13 01:00:00,LAPAN,Aqua,Fire inside Sitrep,SUMSEL MUBA,5612,2019,2019:5612,2019,5610,70467,0.020494637976770314,380.0,True,False,-40.0,1,2019-10-12 18:40:00,-1.7652,104.2548,0,0,0,5
102.930595,-0.87039,2019-10-13 11:00:00,LAPAN,Terra,Verified No fire,JAMBI SMF,5629,2019,2019:5629,2019,5627,70640,0.03429154609301158,415.0,True,False,-5.0,1,2019-10-13 04:05:00,-0.8703,102.9303,0,0,0,3
105.797615051,-3.6069457531,2019-10-14 10:00:00,LAPAN,Terra,Fire inside Sitrep,SUMSEL,5987,2019,2019:5987,2019,5985,71201,0.029389175696870176,410.0,True,False,-10.0,1,2019-10-14 03:10:00,-3.6071,105.7974,0,0,0,10
105.218833923,-3.10729336739,2019-10-14 10:00:00,LAPAN,Terra,Fire inside Sitrep,SUMSEL,5990,2019,2019:5990,2019,5988,71167,0.028551314419800737,410.0,True,False,-10.0,1,2019-10-14 03:10:00,-3.1074,105.2186,0,0,0,67
103.845581055,-1.92361462116,2019-10-15 10:00:00,LAPAN,Terra,Fire inside Sitrep,SUMSEL MUBA,6244,2019,2019:6244,2019,6242,72566,0.02018665625541071,367.0,True,False,-53.0,1,2019-10-15 03:53:00,-1.9236,103.8454,0,0,0,43
105.491142273,-2.99676918983,2019-10-15 10:00:00,LAPAN,Terra,Verified No fire,SUMSEL,6245,2019,2019:6245,2019,6243,72580,0.03877789597271675,367.0,True,False,-53.0,1,2019-10-15 03:53:00,-2.9967,105.4908,0,0,0,0
105.770614624,-3.61912178993,2019-10-15 10:00:00,LAPAN,Terra,Verified Fire,SUMSEL,6246,2019,2019:6246,2019,6244,72576,0.02394046335726351,367.0,True,False,-53.0,1,2019-10-15 03:53:00,-3.6191,105.7704,0,0,0,4
105.355148315,-2.61154818535,2019-10-15 10:00:00,LAPAN,Terra,Verified No fire,SUMSEL,6247,2019,2019:6247,2019,6245,72599,0.039059919774293295,367.0,True,False,-53.0,1,2019-10-15 03:53:00,-2.6115,105.3548,0,0,0,27
104.048416138,-2.02069878578,2019-10-15 10:00:00,LAPAN,Terra,Verified Fire,SUMSEL MUBA,6249,2019,2019:6249,2019,6247,72597,0.024018916593071378,367.0,True,False,-53.0,1,2019-10-15 03:53:00,-2.0207,104.0482,0,0,0,40
103.43661499,-2.41512155533,2019-10-15 10:00:00,LAPAN,Terra,Verified No fire,SUMSEL MUBA,6250,2019,2019:6250,2019,6248,72598,0.015468824654170382,367.0,True,False,-53.0,1,2019-10-15 03:53:00,-2.4152,103.4365,0,0,0,39
105.524017334,-3.26171875,2019-10-15 10:00:00,LAPAN,Terra,Fire inside Sitrep,SUMSEL,6253,2019,2019:6253,2019,6251,72567,0.024217237161773802,367.0,True,False,-53.0,1,2019-10-15 03:53:00,-3.2617,105.5238,0,0,0,9
105.753173828,-3.6241979599,2019-10-15 10:00:00,LAPAN,Terra,Verified Fire,SUMSEL,6255,2019,2019:6255,2019,6253,72577,0.04289091809770099,367.0,True,False,-53.0,1,2019-10-15 03:53:00,-3.6241,105.7528,0,0,0,3
103.431419373,-2.41698408127,2019-10-15 13:00:00,LAPAN,Aqua,Verified No fire,SUMSEL MUBA,6320,2019,2019:6320,2019,6318,72962,0.027428350020850548,372.0,True,False,-48.0,1,2019-10-15 06:48:00,-2.4172,103.4313,0,0,2,20
103.923309326,-1.95308351517,2019-10-15 13:00:00,LAPAN,Aqua,Fire inside Sitrep,SUMSEL MUBA,6350,2019,2019:6350,2019,6348,72969,0.017758869569458574,372.0,True,False,-48.0,1,2019-10-15 06:48:00,-1.9532,103.9232,0,0,0,3
104.285316467,-1.99038100243,2019-10-16 09:00:00,LAPAN,Terra,Fire inside Sitrep,SUMSEL MUBA,6455,2019,2019:6455,2019,6453,73214,0.07964755765469117,362.0,True,False,-58.0,1,2019-10-16 02:58:00,-1.9904,104.2846,0,0,0,0
105.622589111,-3.04971504211,2019-10-17 10:00:00,LAPAN,Terra,Verified No fire,SUMSEL,6511,2019,2019:6511,2019,6509,73616,0.02302559447998022,379.0,True,False,-41.0,1,2019-10-17 03:41:00,-3.0498,105.6224,0,0,0,4
104.271560669,-1.98635876179,2019-10-17 10:00:00,LAPAN,Terra,Verified Fire,SUMSEL MUBA,6512,2019,2019:6512,2019,6510,73600,0.0237790472751785,380.0,True,False,-40.0,1,2019-10-17 03:40:00,-1.9865,104.2714,0,0,0,4
104.055465698,-2.00789618492,2019-10-17 10:00:00,LAPAN,Terra,Verified No fire,SUMSEL MUBA,6513,2019,2019:6513,2019,6511,73599,0.02173279079198485,380.0,True,False,-40.0,1,2019-10-17 03:40:00,-2.008,104.0553,0,0,0,25
105.373680115,-3.13821101189,2019-10-17 10:00:00,LAPAN,Terra,Verified Fire,SUMSEL,6514,2019,2019:6514,2019,6512,73620,0.02231202579729012,379.0,True,False,-41.0,1,2019-10-17 03:41:00,-3.1383,105.3735,0,0,0,2
105.654083252,-3.54576039314,2019-10-17 10:00:00,LAPAN,Terra,Verified Fire,SUMSEL,6515,2019,2019:6515,2019,6513,73618,0.02080909872793465,379.0,True,False,-41.0,1,2019-10-17 03:41:00,-3.5458,105.6539,0,0,0,6
105.536659241,-3.3453578949,2019-10-17 10:00:00,LAPAN,Terra,Verified Fire,SUMSEL,6516,2019,2019:6516,2019,6514,73623,0.018286160488793855,379.0,True,False,-41.0,1,2019-10-17 03:41:00,-3.3454,105.5365,0,0,0,9
103.829467773,-1.94034588337,2019-10-17 10:00:00,LAPAN,Terra,Fire inside Sitrep,SUMSEL MUBA,6518,2019,2019:6518,2019,6516,73598,0.025324040098373194,380.0,True,False,-40.0,1,2019-10-17 03:40:00,-1.9405,103.8293,0,0,0,14
105.695175171,-2.89809775352,2019-10-17 10:00:00,LAPAN,Terra,Verified No fire,SUMSEL,6519,2019,2019:6519,2019,6517,73613,0.03260497915163482,379.0,True,False,-41.0,1,2019-10-17 03:41:00,-2.8982,105.6949,0,0,0,0
105.612594604,-3.2210547924,2019-10-17 10:00:00,LAPAN,Terra,Verified Fire,SUMSEL,6520,2019,2019:6520,2019,6518,73615,0.022181921699267547,379.0,True,False,-41.0,1,2019-10-17 03:41:00,-3.2211,105.6124,0,0,0,4
105.448135376,-2.78149843216,2019-10-17 10:00:00,LAPAN,Terra,Verified No fire,SUMSEL,6524,2019,2019:6524,2019,6522,73602,0.01880463940741324,380.0,True,False,-40.0,1,2019-10-17 03:40:00,-2.7816,105.448,0,0,0,0
105.618164062,-3.08153343201,2019-10-17 10:00:00,LAPAN,Terra,Verified Fire,SUMSEL,6526,2019,2019:6526,2019,6524,73619,0.030239855192019938,379.0,True,False,-41.0,1,2019-10-17 03:41:00,-3.0816,105.6179,0,0,0,6
104.340202332,-2.04920530319,2019-10-17 10:00:00,LAPAN,Terra,Fire inside Sitrep,SUMSEL MUBA,6527,2019,2019:6527,2019,6525,73578,0.024827492817782192,380.0,True,False,-40.0,1,2019-10-17 03:40:00,-2.0493,104.34,0,0,0,11
105.609275818,-3.55114030838,2019-10-17 13:00:00,LAPAN,Aqua,Verified Fire,SUMSEL,6568,2019,2019:6568,2019,6566,73898,0.020020717416151166,384.0,True,False,-36.0,1,2019-10-17 06:36:00,-3.5511,105.6091,0,0,0,0
105.457679749,-3.8026137352,2019-10-17 13:00:00,LAPAN,Aqua,Fire inside Sitrep,SUMSEL,6628,2019,2019:6628,2019,6626,73717,0.023615095923985384,385.0,True,False,-35.0,1,2019-10-17 06:35:00,-3.8025,105.4575,0,0,0,1
105.478431702,-3.25651693344,2019-10-17 13:00:00,LAPAN,Aqua,Verified Fire,SUMSEL,6646,2019,2019:6646,2019,6644,73785,0.019566187626607327,384.0,True,False,-36.0,1,2019-10-17 06:36:00,-3.2564,105.4783,0,0,0,0
105.597900391,-3.26896739006,2019-10-19 10:00:00,LAPAN,Terra,Verified Fire,SUMSEL,6685,2019,2019:6685,2019,6683,74585,0.02668945270477043,392.0,True,False,-28.0,1,2019-10-19 03:28:00,-3.2691,105.5977,0,0,0,3
105.62387085,-3.28198933601,2019-10-19 10:00:00,LAPAN,Terra,Verified Fire,SUMSEL,6686,2019,2019:6686,2019,6684,74604,0.022608605844921033,392.0,True,False,-28.0,1,2019-10-19 03:28:00,-3.2821,105.6237,0,0,0,4
104.11114502,-1.69525098801,2019-10-19 10:00:00,LAPAN,Terra,Fire inside Sitrep,SUMSEL MUBA,6695,2019,2019:6695,2019,6693,74572,0.02311600134716529,392.0,True,False,-28.0,1,2019-10-19 03:28:00,-1.6954,104.111,0,0,0,4
104.046401978,-2.01766180992,2019-10-19 10:00:00,LAPAN,Terra,Verified Fire,SUMSEL MUBA,6698,2019,2019:6698,2019,6696,74608,0.027201016524400264,392.0,True,False,-28.0,1,2019-10-19 03:28:00,-2.0178,104.0462,0,0,0,19
105.316940308,-2.97908329964,2019-10-19 10:00:00,LAPAN,Terra,Verified Fire,SUMSEL,6699,2019,2019:6699,2019,6697,74611,0.028694407802663618,392.0,True,False,-28.0,1,2019-10-19 03:28:00,-2.9793,105.3168,0,0,0,0
105.409355164,-3.29659557343,2019-10-19 10:00:00,LAPAN,Terra,Verified Fire,SUMSEL,6704,2019,2019:6704,2019,6702,74603,0.03631903940953332,392.0,True,False,-28.0,1,2019-10-19 03:28:00,-3.2968,105.4091,0,0,0,15
105.590568542,-3.27401661873,2019-10-19 22:00:00,LAPAN,Terra,Verified Fire,SUMSEL,6722,2019,2019:6722,2019,6720,74920,0.01728977106117752,372.0,True,False,-48.0,1,2019-10-19 15:48:00,-3.2741,105.5907,0,0,0,8
105.591079712,-3.77927327156,2019-10-19 22:00:00,LAPAN,Terra,Verified Fire,SUMSEL,6735,2019,2019:6735,2019,6733,74862,0.024621710832642158,372.0,True,False,-48.0,1,2019-10-19 15:48:00,-3.7793,105.5913,0,0,0,13
105.346801758,-2.86271357536,2019-10-19 22:00:00,LAPAN,Terra,Verified Fire,SUMSEL,6736,2019,2019:6736,2019,6734,74907,0.0220677151148025,372.0,True,False,-48.0,1,2019-10-19 15:48:00,-2.8627,105.347,0,0,0,18
105.360404968,-3.12487959862,2019-10-19 22:00:00,LAPAN,Terra,Verified Fire,SUMSEL,6737,2019,2019:6737,2019,6735,74900,0.010792489533006206,372.0,True,False,-48.0,1,2019-10-19 15:48:00,-3.1249,105.3605,0,0,0,12
105.715438843,-3.5617620945,2019-10-20 14:00:00,LAPAN,Aqua,Verified Fire,SUMSEL,6869,2019,2019:6869,2019,6867,75646,0.038181526247258714,414.0,True,False,-6.0,1,2019-10-20 07:06:00,-3.5621,105.7155,0,0,0,0
105.761497498,-3.76290369034,2019-10-21 10:00:00,LAPAN,Terra,Verified Fire,SUMSEL,6875,2019,2019:6875,2019,6873,76004,0.039573785429176306,404.0,True,False,-16.0,1,2019-10-21 03:16:00,-3.7631,105.7612,0,0,0,3
105.691726685,-3.55867648125,2019-10-21 10:00:00,LAPAN,Terra,Verified Fire,SUMSEL,6877,2019,2019:6877,2019,6875,76003,0.03536435884392323,404.0,True,False,-16.0,1,2019-10-21 03:16:00,-3.5589,105.6915,0,0,0,10
105.628593445,-3.56867337227,2019-10-21 10:00:00,LAPAN,Terra,Verified Fire,SUMSEL,6878,2019,2019:6878,2019,6876,76002,0.03547992854924185,404.0,True,False,-16.0,1,2019-10-21 03:16:00,-3.5688,105.6283,0,0,0,4
105.339187622,-3.12792634964,2019-10-21 13:00:00,LAPAN,Aqua,Verified Fire,SUMSEL,6893,2019,2019:6893,2019,6891,76511,0.06801540969860231,409.0,True,False,-11.0,1,2019-10-21 06:11:00,-3.1284,105.3388,0,0,0,1
105.390647888,-3.27558970451,2019-10-21 22:00:00,LAPAN,Terra,Verified Fire,SUMSEL,6906,2019,2019:6906,2019,6904,76581,0.005897315193306055,384.0,True,False,-36.0,1,2019-10-21 15:36:00,-3.2756,105.3907,0,0,0,11
105.782325745,-3.46595740318,2019-10-21 22:00:00,LAPAN,Terra,Verified Fire,SUMSEL,6907,2019,2019:6907,2019,6905,76568,0.009505808269703082,384.0,True,False,-36.0,1,2019-10-21 15:36:00,-3.466,105.7824,0,0,0,2
105.598770142,-3.77857136726,2019-10-21 22:00:00,LAPAN,Terra,Verified Fire,SUMSEL,6914,2019,2019:6914,2019,6912,76565,0.0045947419533027825,384.0,True,False,-36.0,1,2019-10-21 15:36:00,-3.7786,105.5988,0,0,0,22
105.266387939,-3.0174176693,2019-10-21 22:00:00,LAPAN,Terra,Verified Fire,SUMSEL,6916,2019,2019:6916,2019,6914,76585,0.012597512305559357,384.0,True,False,-36.0,1,2019-10-21 15:36:00,-3.0174,105.2665,0,0,0,6
105.355003357,-3.11558127403,2019-10-21 22:00:00,LAPAN,Terra,Verified Fire,SUMSEL,6917,2019,2019:6917,2019,6915,76578,0.010930505583999375,384.0,True,False,-36.0,1,2019-10-21 15:36:00,-3.1156,105.3551,0,0,0,21
105.74432373,-3.54800820351,2019-10-21 22:00:00,LAPAN,Terra,Verified Fire,SUMSEL,6922,2019,2019:6922,2019,6920,76569,0.008513602883749083,384.0,True,False,-36.0,1,2019-10-21 15:36:00,-3.548,105.7444,0,0,0,5
105.493118286,-3.37324047089,2019-10-22 10:00:00,LAPAN,Terra,Verified Fire,SUMSEL,6965,2019,2019:6965,2019,6963,76851,0.04898765140759844,361.0,True,False,-59.0,1,2019-10-22 03:59:00,-3.3731,105.4927,0,0,0,14
105.550636292,-3.8203587532,2019-10-22 10:00:00,LAPAN,Terra,Fire inside Sitrep,SUMSEL,6966,2019,2019:6966,2019,6964,76845,0.027017884265581674,361.0,True,False,-59.0,1,2019-10-22 03:59:00,-3.8203,105.5504,0,0,0,1
105.746292114,-3.78803324699,2019-10-22 10:00:00,LAPAN,Terra,Fire inside Sitrep,SUMSEL,6968,2019,2019:6968,2019,6966,76837,0.05657567787998199,361.0,True,False,-59.0,1,2019-10-22 03:59:00,-3.7879,105.7458,0,0,0,3
105.55316925,-3.36598539352,2019-10-22 10:00:00,LAPAN,Terra,Verified Fire,SUMSEL,6969,2019,2019:6969,2019,6967,76849,0.052946673745747456,361.0,True,False,-59.0,1,2019-10-22 03:59:00,-3.3659,105.5527,0,0,0,8
105.743087769,-3.79222273827,2019-10-23 10:00:00,LAPAN,Terra,Fire inside Sitrep,SUMSEL,7018,2019,2019:7018,2019,7016,77479,0.05479641484938185,416.0,True,False,-4.0,1,2019-10-23 03:04:00,-3.7923,105.7426,0,0,0,12
105.352600098,-3.11578345299,2019-10-23 10:00:00,LAPAN,Terra,Verified Fire,SUMSEL,7019,2019,2019:7019,2019,7017,77506,0.046274881148448466,416.0,True,False,-4.0,1,2019-10-23 03:04:00,-3.1159,105.3522,0,0,0,32
105.497337341,-3.3314909935,2019-10-23 12:00:00,LAPAN,Aqua,Verified Fire,SUMSEL,7020,2019,2019:7020,2019,7018,77782,0.09951326402360351,361.0,True,False,-59.0,1,2019-10-23 05:59:00,-3.332,105.4966,0,0,0,0
105.841438293,-3.2843170166,2019-10-23 12:00:00,LAPAN,Aqua,Fire inside Sitrep,SUMSEL,7023,2019,2019:7023,2019,7021,77853,0.09798805415975473,361.0,True,False,-59.0,1,2019-10-23 05:59:00,-3.2848,105.8407,0,0,0,0
105.694358826,-3.65184354782,2019-10-23 12:00:00,LAPAN,Aqua,Verified Fire,SUMSEL,7029,2019,2019:7029,2019,7027,78022,0.09831991896949278,361.0,True,False,-59.0,1,2019-10-23 05:59:00,-3.6523,105.6936,0,0,0,0
105.714179993,-3.63422513008,2019-10-24 10:00:00,LAPAN,Terra,Verified Fire,SUMSEL,7238,2019,2019:7238,2019,7236,78308,0.031196634942937517,373.0,True,False,-47.0,1,2019-10-24 03:47:00,-3.6342,105.7139,0,0,0,6
105.587135315,-3.83645033836,2019-10-24 10:00:00,LAPAN,Terra,Verified Fire,SUMSEL,7245,2019,2019:7245,2019,7243,78282,0.026684857441393994,373.0,True,False,-47.0,1,2019-10-24 03:47:00,-3.8365,105.5869,0,0,0,7
105.559707642,-3.86258649826,2019-10-24 10:00:00,LAPAN,Terra,Verified Fire,SUMSEL,7247,2019,2019:7247,2019,7245,78269,0.023085192583657235,373.0,True,False,-47.0,1,2019-10-24 03:47:00,-3.8626,105.5595,0,0,0,21
105.551635742,-3.84365606308,2019-10-24 10:00:00,LAPAN,Terra,Verified Fire,SUMSEL,7248,2019,2019:7248,2019,7246,78270,0.02660678084814954,373.0,True,False,-47.0,1,2019-10-24 03:47:00,-3.8437,105.5514,0,0,0,12
104.442085266,-2.04443502426,2019-10-24 10:00:00,LAPAN,Terra,Verified Fire,SUMSEL MUBA,7251,2019,2019:7251,2019,7249,78201,0.02181851876405451,374.0,True,False,-46.0,1,2019-10-24 03:46:00,-2.0445,104.4419,0,0,0,3
105.671424866,-3.69010949135,2019-10-24 10:00:00,LAPAN,Terra,Verified Fire,SUMSEL,7252,2019,2019:7252,2019,7250,78314,0.03606405381465559,373.0,True,False,-47.0,1,2019-10-24 03:47:00,-3.6901,105.6711,0,0,0,18
103.805343628,-2.10842227936,2019-10-24 10:00:00,LAPAN,Terra,Verified Fire,SUMSEL MUBA,7255,2019,2019:7255,2019,7253,78239,0.028417851040615994,373.0,True,False,-47.0,1,2019-10-24 03:47:00,-2.1085,103.8051,0,0,0,1
105.748908997,-3.80966567993,2019-10-24 10:00:00,LAPAN,Terra,Verified Fire,SUMSEL,7258,2019,2019:7258,2019,7256,78266,0.03449476962793115,373.0,True,False,-47.0,1,2019-10-24 03:47:00,-3.8097,105.7486,0,0,0,12
105.591644287,-3.04298830032,2019-10-24 10:00:00,LAPAN,Terra,Verified Fire,SUMSEL,7266,2019,2019:7266,2019,7264,78246,0.03825117023018014,373.0,True,False,-47.0,1,2019-10-24 03:47:00,-3.043,105.5913,0,0,0,24
105.547790527,-3.42761254311,2019-10-24 10:00:00,LAPAN,Terra,Verified Fire,SUMSEL,7268,2019,2019:7268,2019,7266,78275,0.03227753124759225,373.0,True,False,-47.0,1,2019-10-24 03:47:00,-3.4276,105.5475,0,0,0,26
105.577514648,-3.69418478012,2019-10-24 10:00:00,LAPAN,Terra,Verified Fire,SUMSEL,7270,2019,2019:7270,2019,7268,78272,0.0238782571984066,373.0,True,False,-47.0,1,2019-10-24 03:47:00,-3.6942,105.5773,0,0,0,10
103.273551941,-1.07952129841,2019-10-24 13:00:00,LAPAN,Aqua,Verified No fire,JAMBI SMF,7617,2019,2019:7617,2019,7615,79000,0.020692794369018656,378.0,True,False,-42.0,1,2019-10-24 06:42:00,-1.0797,103.2735,0,0,0,0
105.343444824,-2.62352204323,2019-10-24 13:00:00,LAPAN,Aqua,Verified No fire,SUMSEL,7704,2019,2019:7704,2019,7702,78574,0.009996579476422792,378.0,True,False,-42.0,1,2019-10-24 06:42:00,-2.6236,105.3434,0,0,0,8
105.626533508,-3.06167817116,2019-10-25 22:00:00,LAPAN,Terra,Verified No fire,SUMSEL,7789,2019,2019:7789,2019,7787,79645,0.01542802762163778,409.0,True,False,-11.0,1,2019-10-25 15:11:00,-3.0618,105.6266,0,0,0,6
105.796821594,-3.88554501534,2019-10-25 22:00:00,LAPAN,Terra,Verified Fire,SUMSEL,7792,2019,2019:7792,2019,7790,79617,0.017399242629916798,409.0,True,False,-11.0,1,2019-10-25 15:11:00,-3.8857,105.7968,0,0,0,22
105.558677673,-3.41523122787,2019-10-25 22:00:00,LAPAN,Terra,Verified Fire,SUMSEL,7798,2019,2019:7798,2019,7796,79637,0.02316351805277636,409.0,True,False,-11.0,1,2019-10-25 15:11:00,-3.4154,105.5588,0,0,0,11
103.82950592,-1.94040691853,2019-10-25 22:00:00,LAPAN,Terra,Fire inside Sitrep,SUMSEL MUBA,7799,2019,2019:7799,2019,7797,79671,0.02147978717401413,408.0,True,False,-12.0,1,2019-10-25 15:12:00,-1.9406,103.8295,0,0,0,24
105.398071289,-3.28838944435,2019-10-25 22:00:00,LAPAN,Terra,Verified Fire,SUMSEL,7802,2019,2019:7802,2019,7800,79605,0.018848980259588817,409.0,True,False,-11.0,1,2019-10-25 15:11:00,-3.2885,105.3982,0,0,0,9
105.544647217,-3.34268450737,2019-10-26 10:00:00,LAPAN,Terra,Verified Fire,SUMSEL,7808,2019,2019:7808,2019,7806,79761,0.020784174075074293,385.0,True,False,-35.0,1,2019-10-26 03:35:00,-3.3428,105.5445,0,0,0,35
105.645050049,-3.32513093948,2019-10-26 13:00:00,LAPAN,Aqua,Verified Fire,SUMSEL,7814,2019,2019:7814,2019,7812,79902,0.01959942770147928,391.0,True,False,-29.0,1,2019-10-26 06:29:00,-3.3253,105.6451,0,0,0,0
105.649398804,-3.26911950111,2019-10-26 13:00:00,LAPAN,Aqua,Verified Fire,SUMSEL,7817,2019,2019:7817,2019,7815,79820,0.022872244611480068,391.0,True,False,-29.0,1,2019-10-26 06:29:00,-3.2693,105.6493,0,0,0,0
105.62159729,-3.54034900665,2019-10-26 13:00:00,LAPAN,Aqua,Verified Fire,SUMSEL,7828,2019,2019:7828,2019,7826,79830,0.01996199174713012,391.0,True,False,-29.0,1,2019-10-26 06:29:00,-3.5405,105.6215,0,0,0,1
105.5597229,-3.41920399666,2019-10-26 13:00:00,LAPAN,Aqua,Verified Fire,SUMSEL,7873,2019,2019:7873,2019,7871,79862,0.02571180100634824,391.0,True,False,-29.0,1,2019-10-26 06:29:00,-3.4194,105.5596,0,0,0,9
105.343704224,-2.62228274345,2019-10-26 13:00:00,LAPAN,Aqua,Verified No fire,SUMSEL,7876,2019,2019:7876,2019,7874,79908,0.017436367895205234,390.0,True,False,-30.0,1,2019-10-26 06:30:00,-2.6224,105.3436,0,0,0,3
105.506851196,-3.72182369232,2019-10-26 13:00:00,LAPAN,Aqua,Verified Fire,SUMSEL,7883,2019,2019:7883,2019,7881,79811,0.02580308121364795,391.0,True,False,-29.0,1,2019-10-26 06:29:00,-3.722,105.5067,0,0,0,0
105.635375977,-3.96041703224,2019-10-26 13:00:00,LAPAN,Aqua,Verified Fire,SUMSEL,7908,2019,2019:7908,2019,7906,79871,0.02819565495850209,391.0,True,False,-29.0,1,2019-10-26 06:29:00,-3.9606,105.6352,0,0,0,0
105.221176147,-3.01156520844,2019-10-26 22:00:00,LAPAN,Terra,Verified Fire,SUMSEL,7921,2019,2019:7921,2019,7919,79940,0.025156225799355857,366.0,True,False,-54.0,1,2019-10-26 15:54:00,-3.0116,105.2214,0,0,0,18
105.768363953,-3.78085803986,2019-10-26 22:00:00,LAPAN,Terra,Fire inside Sitrep,SUMSEL,7923,2019,2019:7923,2019,7921,79947,0.037576239438338044,366.0,True,False,-54.0,1,2019-10-26 15:54:00,-3.7809,105.7687,0,0,0,41
105.649726868,-3.53454375267,2019-10-27 14:00:00,LAPAN,Aqua,Verified Fire,SUMSEL,7996,2019,2019:7996,2019,7994,80145,0.0513776125638244,408.0,True,False,-12.0,1,2019-10-27 07:12:00,-3.535,105.6498,0,0,1,1
105.814613342,-3.89026975632,2019-10-27 21:00:00,LAPAN,Terra,Verified Fire,SUMSEL,7998,2019,2019:7998,2019,7996,80166,0.03292819884241803,361.0,True,False,-59.0,1,2019-10-27 14:59:00,-3.8905,105.8148,0,0,0,20
105.269950867,-3.02075028419,2019-10-28 10:00:00,LAPAN,Terra,Verified Fire,SUMSEL,8025,2019,2019:8025,2019,8023,80209,0.023617495944917383,398.0,True,False,-22.0,1,2019-10-28 03:22:00,-3.0209,105.2698,0,0,0,55
105.767448425,-3.78579640388,2019-10-28 10:00:00,LAPAN,Terra,Verified Fire,SUMSEL,8026,2019,2019:8026,2019,8024,80215,0.02799496324031155,398.0,True,False,-22.0,1,2019-10-28 03:22:00,-3.786,105.7673,0,0,0,49
105.883544922,-3.82276082039,2019-10-28 22:00:00,LAPAN,Terra,Verified No fire,SUMSEL,8097,2019,2019:8097,2019,8095,80317,0.017748535709863476,378.0,True,False,-42.0,1,2019-10-28 15:42:00,-3.8228,105.8837,0,0,0,3
105.558135986,-3.34033918381,2019-10-28 22:00:00,LAPAN,Terra,Verified Fire,SUMSEL,8100,2019,2019:8100,2019,8098,80300,0.018720653877371915,378.0,True,False,-42.0,1,2019-10-28 15:42:00,-3.3403,105.5583,0,0,0,48
105.530990601,-3.39601111412,2019-10-28 22:00:00,LAPAN,Terra,Verified Fire,SUMSEL,8101,2019,2019:8101,2019,8099,80310,0.02327608201100489,378.0,True,False,-42.0,1,2019-10-28 15:42:00,-3.396,105.5312,0,0,0,9
105.275169373,-3.01880073547,2019-10-29 01:00:00,LAPAN,Aqua,Fire inside Sitrep,SUMSEL,8113,2019,2019:8113,2019,8111,80327,0.033612791242306046,380.0,True,False,-40.0,1,2019-10-28 18:40:00,-3.0185,105.2752,0,0,0,51
105.492530823,-2.9391784668,2019-10-29 11:00:00,LAPAN,Terra,Verified No fire,SUMSEL,8117,2019,2019:8117,2019,8115,80412,0.0417546813167048,415.0,True,False,-5.0,1,2019-10-29 04:05:00,-2.939,105.4922,0,0,0,0
105.589385986,-3.0437912941,2019-10-29 11:00:00,LAPAN,Terra,Verified Fire,SUMSEL,8118,2019,2019:8118,2019,8116,80414,0.06845544461638077,415.0,True,False,-5.0,1,2019-10-29 04:05:00,-3.0436,105.5888,0,0,0,2
104.106864929,-1.75303316116,2019-10-29 11:00:00,LAPAN,Terra,Fire inside Sitrep,SUMSEL MUBA,8119,2019,2019:8119,2019,8117,80410,0.029674997324708793,415.0,True,False,-5.0,1,2019-10-29 04:05:00,-1.753,104.1066,0,0,0,0
105.768386841,-3.78344726562,2019-10-30 10:00:00,LAPAN,Terra,Verified Fire,SUMSEL,8166,2019,2019:8166,2019,8164,80727,0.03607372856198196,410.0,True,False,-10.0,1,2019-10-30 03:10:00,-3.7836,105.7681,0,0,0,43
105.584869385,-2.69009256363,2019-10-30 22:00:00,LAPAN,Terra,Fire inside Sitrep,SUMSEL,8221,2019,2019:8221,2019,8219,80959,0.0034995782399250305,390.0,True,False,-30.0,1,2019-10-30 15:30:00,-2.6901,105.5849,0,0,0,13
105.222320557,-3.01780176163,2019-10-30 22:00:00,LAPAN,Terra,Verified Fire,SUMSEL,8223,2019,2019:8223,2019,8221,80974,0.008823595053611443,390.0,True,False,-30.0,1,2019-10-30 15:30:00,-3.0178,105.2224,0,0,0,3
105.270439148,-3.02268409729,2019-10-31 10:00:00,LAPAN,Terra,Verified Fire,SUMSEL,8263,2019,2019:8263,2019,8261,81076,0.037700614944419474,367.0,True,False,-53.0,1,2019-10-31 03:53:00,-3.0227,105.2701,0,0,0,51
105.75958252,-3.80810379982,2019-10-31 10:00:00,LAPAN,Terra,Verified Fire,SUMSEL,8264,2019,2019:8264,2019,8262,81068,0.04398191383780361,367.0,True,False,-53.0,1,2019-10-31 03:53:00,-3.808,105.7592,0,0,0,10
105.554786682,-3.33700561523,2019-10-31 10:00:00,LAPAN,Terra,Verified Fire,SUMSEL,8267,2019,2019:8267,2019,8265,81078,0.031829702025497605,367.0,True,False,-53.0,1,2019-10-31 03:53:00,-3.337,105.5545,0,0,0,12
105.468597412,-3.76137161255,2019-10-31 13:00:00,LAPAN,Aqua,Verified Fire,SUMSEL,8284,2019,2019:8284,2019,8282,81248,0.017906067036625492,372.0,True,False,-48.0,1,2019-10-31 06:48:00,-3.7615,105.4685,0,0,0,0
105.441879272,-3.81654047966,2019-10-31 13:00:00,LAPAN,Aqua,Verified Fire,SUMSEL,8285,2019,2019:8285,2019,8283,81208,0.019798641179247067,372.0,True,False,-48.0,1,2019-10-31 06:48:00,-3.8167,105.4418,0,0,0,0
105.691368103,-3.17641544342,2019-10-31 13:00:00,LAPAN,Aqua,Verified Fire,SUMSEL,8302,2019,2019:8302,2019,8300,81225,0.02187038161590016,372.0,True,False,-48.0,1,2019-10-31 06:48:00,-3.1766,105.6913,0,0,0,0
105.481643677,-3.72993183136,2019-10-31 13:00:00,LAPAN,Aqua,Verified Fire,SUMSEL,8320,2019,2019:8320,2019,8318,81209,0.008996891728032757,372.0,True,False,-48.0,1,2019-10-31 06:48:00,-3.73,105.4816,0,0,0,0
105.631271362,-3.46210455894,2019-10-31 13:00:00,LAPAN,Aqua,Verified Fire,SUMSEL,8334,2019,2019:8334,2019,8332,81239,0.01324247006866674,372.0,True,False,-48.0,1,2019-10-31 06:48:00,-3.4622,105.6312,0,0,0,0
105.199081421,-3.05496931076,2019-10-31 13:00:00,LAPAN,Aqua,Verified Fire,SUMSEL,8335,2019,2019:8335,2019,8333,81233,0.017114735102210774,372.0,True,False,-48.0,1,2019-10-31 06:48:00,-3.0551,105.199,0,0,0,1
105.494041443,-2.99483680725,2019-11-01 09:00:00,LAPAN,Terra,Verified No fire,SUMSEL,8381,2019,2019:8381,2019,8379,81294,0.07157364945880458,362.0,True,False,-58.0,1,2019-11-01 02:58:00,-2.9949,105.4934,0,0,0,0
105.590614319,-3.87587285042,2019-11-01 09:00:00,LAPAN,Terra,Verified Fire,SUMSEL,8387,2019,2019:8387,2019,8385,81292,0.058784493752656576,362.0,True,False,-58.0,1,2019-11-01 02:58:00,-3.876,105.5901,0,0,0,8
105.754493713,-3.29043865204,2019-11-01 22:00:00,LAPAN,Terra,Verified Fire,SUMSEL,8408,2019,2019:8408,2019,8406,81404,0.006857201757030063,402.0,True,False,-18.0,1,2019-11-01 15:18:00,-3.2905,105.7545,0,0,0,10
105.741004944,-3.64962649345,2019-11-01 22:00:00,LAPAN,Terra,Verified Fire,SUMSEL,8424,2019,2019:8424,2019,8422,81389,0.013344448943391395,403.0,True,False,-17.0,1,2019-11-01 15:17:00,-3.6497,105.7411,0,0,0,0
105.268318176,-2.82639050484,2019-11-02 10:00:00,LAPAN,Terra,Verified Fire,SUMSEL,8470,2019,2019:8470,2019,8468,81525,0.017902338519327876,379.0,True,False,-41.0,1,2019-11-02 03:41:00,-2.8265,105.2682,0,0,0,0
104.050773621,-2.01303315163,2019-11-02 10:00:00,LAPAN,Terra,Verified No fire,SUMSEL MUBA,8475,2019,2019:8475,2019,8473,81488,0.026766721252482917,380.0,True,False,-40.0,1,2019-11-02 03:40:00,-2.0132,104.0506,0,0,0,0
105.365577698,-3.74878883362,2019-11-02 10:00:00,LAPAN,Terra,Verified Fire,SUMSEL,8489,2019,2019:8489,2019,8487,81493,0.02327128813104901,379.0,True,False,-41.0,1,2019-11-02 03:41:00,-3.7489,105.3654,0,0,0,0
105.540733337,-3.79579401016,2019-11-02 10:00:00,LAPAN,Terra,Verified Fire,SUMSEL,8490,2019,2019:8490,2019,8488,81520,0.018914503351107365,379.0,True,False,-41.0,1,2019-11-02 03:41:00,-3.7959,105.5406,0,0,0,0
105.495674133,-2.75707769394,2019-11-02 10:00:00,LAPAN,Terra,Verified No fire,SUMSEL,8491,2019,2019:8491,2019,8489,81526,0.03334625145058687,379.0,True,False,-41.0,1,2019-11-02 03:41:00,-2.7572,105.4954,0,0,0,0
104.206726074,-1.89538097382,2019-11-02 10:00:00,LAPAN,Terra,Verified No fire,SUMSEL MUBA,8492,2019,2019:8492,2019,8490,81489,0.019273830534234027,380.0,True,False,-40.0,1,2019-11-02 03:40:00,-1.8955,104.2066,0,0,0,0
105.626068115,-3.10241699219,2019-11-02 13:00:00,LAPAN,Aqua,Verified Fire,SUMSEL,8507,2019,2019:8507,2019,8505,81646,0.022752112647942795,384.0,True,False,-36.0,1,2019-11-02 06:36:00,-3.1023,105.6259,0,0,0,5
105.8960495,-3.83235478401,2019-11-03 01:00:00,LAPAN,Aqua,Verified Fire,SUMSEL,8531,2019,2019:8531,2019,8529,81715,0.05087917437519164,361.0,True,False,-59.0,1,2019-11-02 18:59:00,-3.8319,105.8961,0,0,0,1
105.305999756,-2.90157985687,2019-11-04 10:00:00,LAPAN,Terra,Verified Fire,SUMSEL,8558,2019,2019:8558,2019,8556,81984,0.033035083746845655,392.0,True,False,-28.0,1,2019-11-04 03:28:00,-2.9018,105.3058,0,0,0,0
105.792228699,-3.86664557457,2019-11-04 10:00:00,LAPAN,Terra,Verified Fire,SUMSEL,8559,2019,2019:8559,2019,8557,82016,0.022332036983873656,391.0,True,False,-29.0,1,2019-11-04 03:29:00,-3.8668,105.7921,0,0,0,14
105.837203979,-3.88256907463,2019-11-04 10:00:00,LAPAN,Terra,Verified Fire,SUMSEL,8565,2019,2019:8565,2019,8563,82032,0.03422626879899511,391.0,True,False,-29.0,1,2019-11-04 03:29:00,-3.8828,105.837,0,0,0,11
105.614616394,-3.7762670517,2019-11-04 10:00:00,LAPAN,Terra,Verified Fire,SUMSEL,8566,2019,2019:8566,2019,8564,82027,0.028195900245008294,391.0,True,False,-29.0,1,2019-11-04 03:29:00,-3.7764,105.6144,0,0,0,8
105.554992676,-3.82252407074,2019-11-04 10:00:00,LAPAN,Terra,Verified Fire,SUMSEL,8567,2019,2019:8567,2019,8565,82028,0.02897696529116395,391.0,True,False,-29.0,1,2019-11-04 03:29:00,-3.8227,105.5548,0,0,0,0
103.636116028,-1.2986279726,2019-11-04 13:00:00,LAPAN,Aqua,Verified No fire,JAMBI SMF,8601,2019,2019:8601,2019,8599,82158,0.03862217141496964,396.0,True,False,-24.0,1,2019-11-04 06:24:00,-1.2989,103.6359,0,0,0,0
101.91268158,-0.992693305016,2019-11-04 13:00:00,LAPAN,Aqua,Verified No fire,JAMBI SMF,8604,2019,2019:8604,2019,8602,82164,0.05443125737976801,396.0,True,False,-24.0,1,2019-11-04 06:24:00,-0.993,101.9123,0,0,0,0
103.861709595,-2.05668234825,2019-11-04 13:00:00,LAPAN,Aqua,Verified No fire,SUMSEL MUBA,8612,2019,2019:8612,2019,8610,82151,0.033588601664350966,396.0,True,False,-24.0,1,2019-11-04 06:24:00,-2.0569,103.8615,0,0,0,0
105.780250549,-3.50838422775,2019-11-06 10:00:00,LAPAN,Terra,Verified Fire,SUMSEL,8652,2019,2019:8652,2019,8650,82718,0.03672761432663194,404.0,True,False,-16.0,1,2019-11-06 03:16:00,-3.5086,105.78,0,0,0,5
105.694099426,-3.14628720284,2019-11-06 10:00:00,LAPAN,Terra,Fire inside Sitrep,SUMSEL,8653,2019,2019:8653,2019,8651,82710,0.03240598320374822,404.0,True,False,-16.0,1,2019-11-06 03:16:00,-3.1465,105.6939,0,0,0,0
105.678672791,-3.9923081398,2019-11-06 10:00:00,LAPAN,Terra,Verified Fire,SUMSEL,8654,2019,2019:8654,2019,8652,82719,0.03702387720196303,404.0,True,False,-16.0,1,2019-11-06 03:16:00,-3.9925,105.6784,0,0,0,0
105.781990051,-3.56650209427,2019-11-06 10:00:00,LAPAN,Terra,Verified Fire,SUMSEL,8655,2019,2019:8655,2019,8653,82708,0.03048170945569485,404.0,True,False,-16.0,1,2019-11-06 03:16:00,-3.5667,105.7818,0,0,0,0
105.478607178,-3.35101652145,2019-11-06 10:00:00,LAPAN,Terra,Verified Fire,SUMSEL,8656,2019,2019:8656,2019,8654,82717,0.03973575849696687,404.0,True,False,-16.0,1,2019-11-06 03:16:00,-3.3512,105.4783,0,0,0,0
105.73790741,-3.4884724617,2019-11-06 22:00:00,LAPAN,Terra,Verified Fire,SUMSEL,8812,2019,2019:8812,2019,8810,82918,0.010722991406014301,384.0,True,False,-36.0,1,2019-11-06 15:36:00,-3.4885,105.738,0,0,0,43
105.866600037,-3.85692501068,2019-11-06 22:00:00,LAPAN,Terra,Verified Fire,SUMSEL,8814,2019,2019:8814,2019,8812,82883,0.011433603056011718,384.0,True,False,-36.0,1,2019-11-06 15:36:00,-3.8569,105.8667,0,0,0,31
105.786758423,-3.83376407623,2019-11-06 22:00:00,LAPAN,Terra,Verified Fire,SUMSEL,8815,2019,2019:8815,2019,8813,82904,0.017247860458843238,384.0,True,False,-36.0,1,2019-11-06 15:36:00,-3.8337,105.7869,0,0,0,41
105.810600281,-3.88420724869,2019-11-06 22:00:00,LAPAN,Terra,Verified Fire,SUMSEL,8817,2019,2019:8817,2019,8815,82921,0.011092116184333686,384.0,True,False,-36.0,1,2019-11-06 15:36:00,-3.8842,105.8107,0,0,0,12
105.771385193,-3.51225495338,2019-11-06 22:00:00,LAPAN,Terra,Verified Fire,SUMSEL,8821,2019,2019:8821,2019,8819,82923,0.014131426841174665,384.0,True,False,-36.0,1,2019-11-06 15:36:00,-3.5122,105.7715,0,0,0,15
105.435798645,-3.30376887321,2019-11-06 22:00:00,LAPAN,Terra,Verified Fire,SUMSEL,8825,2019,2019:8825,2019,8823,82917,0.013610494863776622,384.0,True,False,-36.0,1,2019-11-06 15:36:00,-3.3037,105.4359,0,0,0,7
105.779777527,-3.476385355,2019-11-06 22:00:00,LAPAN,Terra,Verified Fire,SUMSEL,8826,2019,2019:8826,2019,8824,82907,0.013690530422305119,384.0,True,False,-36.0,1,2019-11-06 15:36:00,-3.4764,105.7799,0,0,0,0
105.381378174,-3.26447725296,2019-11-06 22:00:00,LAPAN,Terra,Verified Fire,SUMSEL,8829,2019,2019:8829,2019,8827,82920,0.013758958782400764,384.0,True,False,-36.0,1,2019-11-06 15:36:00,-3.2645,105.3815,0,0,0,10
105.584136963,-2.68723988533,2019-11-07 10:00:00,LAPAN,Terra,Verified No fire,SUMSEL,8886,2019,2019:8886,2019,8884,83093,0.05096628549241246,361.0,True,False,-59.0,1,2019-11-07 03:59:00,-2.6871,105.5837,0,0,0,2
105.501655579,-3.40596866608,2019-11-07 10:00:00,LAPAN,Terra,Verified Fire,SUMSEL,8889,2019,2019:8889,2019,8887,83088,0.029378469421318984,361.0,True,False,-59.0,1,2019-11-07 03:59:00,-3.4059,105.5014,0,0,0,25
101.900215149,-1.08283412457,2019-11-07 10:00:00,LAPAN,Terra,Verified No fire,JAMBI SMF,8890,2019,2019:8890,2019,8888,83081,0.035794280540715324,361.0,True,False,-59.0,1,2019-11-07 03:59:00,-1.0829,101.8999,0,0,0,7
105.633094788,-2.75613236427,2019-11-07 10:00:00,LAPAN,Terra,Verified No fire,SUMSEL,8891,2019,2019:8891,2019,8889,83084,0.056891193210131835,361.0,True,False,-59.0,1,2019-11-07 03:59:00,-2.756,105.6326,0,0,0,0
105.684989929,-3.83950161934,2019-11-07 10:00:00,LAPAN,Terra,Verified Fire,SUMSEL,8892,2019,2019:8892,2019,8890,83078,0.05551749714334839,361.0,True,False,-59.0,1,2019-11-07 03:59:00,-3.8394,105.6845,0,0,0,48
105.692764282,-3.96329188347,2019-11-07 10:00:00,LAPAN,Terra,Verified Fire,SUMSEL,8894,2019,2019:8894,2019,8892,83089,0.04168110470076196,361.0,True,False,-59.0,1,2019-11-07 03:59:00,-3.9632,105.6924,0,0,0,0
105.80406189,-3.38729023933,2019-11-07 13:00:00,LAPAN,Aqua,Verified Fire,SUMSEL,9090,2019,2019:9090,2019,9088,83306,0.056840510706592795,366.0,True,False,-54.0,1,2019-11-07 06:54:00,-3.3878,105.8041,0,0,0,3
105.488540649,-3.11567425728,2019-11-08 22:00:00,LAPAN,Terra,Verified Fire,SUMSEL,9434,2019,2019:9434,2019,9432,84041,0.007184633011759721,396.0,True,False,-24.0,1,2019-11-08 15:24:00,-3.1157,105.4886,0,0,0,5
105.431663513,-3.30761790276,2019-11-08 22:00:00,LAPAN,Terra,Verified Fire,SUMSEL,9439,2019,2019:9439,2019,9437,84027,0.004513175608321948,396.0,True,False,-24.0,1,2019-11-08 15:24:00,-3.3076,105.4317,0,0,0,13
105.794776917,-3.78027582169,2019-11-08 22:00:00,LAPAN,Terra,Verified Fire,SUMSEL,9446,2019,2019:9446,2019,9444,83981,0.0037131489802288316,397.0,True,False,-23.0,1,2019-11-08 15:23:00,-3.7803,105.7948,0,0,0,42
105.674667358,-3.32937479019,2019-11-08 22:00:00,LAPAN,Terra,Verified Fire,SUMSEL,9450,2019,2019:9450,2019,9448,84046,0.00458123856432341,396.0,True,False,-24.0,1,2019-11-08 15:24:00,-3.3294,105.6747,0,0,0,20
105.717796326,-3.47922468185,2019-11-08 22:00:00,LAPAN,Terra,Verified Fire,SUMSEL,9452,2019,2019:9452,2019,9450,84057,0.0027746287220797466,396.0,True,False,-24.0,1,2019-11-08 15:24:00,-3.4792,105.7178,0,0,0,7
105.528694153,-3.40463757515,2019-11-08 22:00:00,LAPAN,Terra,Verified Fire,SUMSEL,9454,2019,2019:9454,2019,9452,84047,0.012469707283656763,396.0,True,False,-24.0,1,2019-11-08 15:24:00,-3.4046,105.5288,0,0,0,4
105.783592224,-3.3871576786,2019-11-08 22:00:00,LAPAN,Terra,Verified Fire,SUMSEL,9455,2019,2019:9455,2019,9453,84048,0.012855526279574574,396.0,True,False,-24.0,1,2019-11-08 15:24:00,-3.3872,105.7837,0,0,0,25
105.694213867,-3.1786031723,2019-11-08 22:00:00,LAPAN,Terra,Verified Fire,SUMSEL,9463,2019,2019:9463,2019,9461,84067,0.009569334791049282,396.0,True,False,-24.0,1,2019-11-08 15:24:00,-3.1786,105.6943,0,0,0,1
105.783981323,-3.83777761459,2019-11-08 22:00:00,LAPAN,Terra,Verified Fire,SUMSEL,9464,2019,2019:9464,2019,9462,83995,0.003238763945492244,397.0,True,False,-23.0,1,2019-11-08 15:23:00,-3.8378,105.784,0,0,0,27
105.307060242,-2.92189025879,2019-11-08 22:00:00,LAPAN,Terra,Verified Fire,SUMSEL,9469,2019,2019:9469,2019,9467,84032,0.004546073793396678,396.0,True,False,-24.0,1,2019-11-08 15:24:00,-2.9219,105.3071,0,0,0,0
105.716423035,-3.56202840805,2019-11-08 22:00:00,LAPAN,Terra,Verified Fire,SUMSEL,9473,2019,2019:9473,2019,9471,84058,0.009106981228840873,396.0,True,False,-24.0,1,2019-11-08 15:24:00,-3.562,105.7165,0,0,0,6
105.778579712,-3.86655545235,2019-11-08 22:00:00,LAPAN,Terra,Verified Fire,SUMSEL,9475,2019,2019:9475,2019,9473,83980,0.005440865611232405,397.0,True,False,-23.0,1,2019-11-08 15:23:00,-3.8666,105.7786,0,0,0,21
105.678367615,-3.83400964737,2019-11-08 22:00:00,LAPAN,Terra,Verified Fire,SUMSEL,9480,2019,2019:9480,2019,9478,83986,0.0037497163415640073,397.0,True,False,-23.0,1,2019-11-08 15:23:00,-3.834,105.6784,0,0,0,14
105.620399475,-3.82707715034,2019-11-09 10:00:00,LAPAN,Terra,Verified Fire,SUMSEL,9538,2019,2019:9538,2019,9536,84173,0.02227654543792372,373.0,True,False,-47.0,1,2019-11-09 03:47:00,-3.8271,105.6202,0,0,0,32
105.746856689,-3.46623468399,2019-11-09 10:00:00,LAPAN,Terra,Verified Fire,SUMSEL,9539,2019,2019:9539,2019,9537,84193,0.02940149413549404,373.0,True,False,-47.0,1,2019-11-09 03:47:00,-3.4663,105.7466,0,0,0,3
105.311065674,-2.90178871155,2019-11-09 10:00:00,LAPAN,Terra,Fire inside Sitrep,SUMSEL,9540,2019,2019:9540,2019,9538,84179,0.02217293672460525,373.0,True,False,-47.0,1,2019-11-09 03:47:00,-2.9019,105.3109,0,0,0,10
105.544631958,-2.70447301865,2019-11-09 10:00:00,LAPAN,Terra,Verified No fire,SUMSEL,9541,2019,2019:9541,2019,9539,84194,0.025937957762549743,373.0,True,False,-47.0,1,2019-11-09 03:47:00,-2.7045,105.5444,0,0,0,6
105.991615295,-3.25157737732,2019-11-09 10:00:00,LAPAN,Terra,Fire inside Sitrep,SUMSEL,9543,2019,2019:9543,2019,9541,84177,0.03509308569419519,373.0,True,False,-47.0,1,2019-11-09 03:47:00,-3.2516,105.9913,0,0,0,6
105.68283844,-3.26176667213,2019-11-09 10:00:00,LAPAN,Terra,Verified Fire,SUMSEL,9546,2019,2019:9546,2019,9544,84198,0.02672855955523199,373.0,True,False,-47.0,1,2019-11-09 03:47:00,-3.2618,105.6826,0,0,0,6
105.733039856,-3.36047124863,2019-11-09 10:00:00,LAPAN,Terra,Verified Fire,SUMSEL,9548,2019,2019:9548,2019,9546,84208,0.0378605564650781,373.0,True,False,-47.0,1,2019-11-09 03:47:00,-3.3605,105.7327,0,0,0,13
105.505638123,-3.78628015518,2019-11-09 10:00:00,LAPAN,Terra,Verified Fire,SUMSEL,9549,2019,2019:9549,2019,9547,84169,0.026512302593294016,373.0,True,False,-47.0,1,2019-11-09 03:47:00,-3.7863,105.5054,0,0,0,0
105.560295105,-2.63914513588,2019-11-09 10:00:00,LAPAN,Terra,Verified No fire,SUMSEL,9550,2019,2019:9550,2019,9548,84181,0.033342283454365206,373.0,True,False,-47.0,1,2019-11-09 03:47:00,-2.6392,105.56,0,0,0,0
105.751876831,-3.42974925041,2019-11-09 10:00:00,LAPAN,Terra,Verified Fire,SUMSEL,9551,2019,2019:9551,2019,9549,84207,0.031240997783831673,373.0,True,False,-47.0,1,2019-11-09 03:47:00,-3.4298,105.7516,0,0,0,12
105.649856567,-3.33646178246,2019-11-09 10:00:00,LAPAN,Terra,Verified Fire,SUMSEL,9552,2019,2019:9552,2019,9550,84176,0.03980876382733842,373.0,True,False,-47.0,1,2019-11-09 03:47:00,-3.3365,105.6495,0,0,0,37
105.467437744,-2.55336308479,2019-11-09 13:00:00,LAPAN,Aqua,Verified No fire,SUMSEL,9833,2019,2019:9833,2019,9831,84478,0.02372716577411099,378.0,True,False,-42.0,1,2019-11-09 06:42:00,-2.5532,105.4673,0,0,0,17
105.692825317,-2.89813446999,2019-11-09 13:00:00,LAPAN,Aqua,Verified No fire,SUMSEL,9884,2019,2019:9884,2019,9882,84512,0.020426746474665403,378.0,True,False,-42.0,1,2019-11-09 06:42:00,-2.898,105.6927,0,0,0,0
105.598678589,-3.04966449738,2019-11-10 09:00:00,LAPAN,Terra,Verified Fire,SUMSEL,9952,2019,2019:9952,2019,9950,84688,0.07545224067527045,368.0,True,False,-52.0,1,2019-11-10 02:52:00,-3.0497,105.598,0,0,0,0
105.69153595,-3.56690001488,2019-11-10 09:00:00,LAPAN,Terra,Verified Fire,SUMSEL,9953,2019,2019:9953,2019,9951,84696,0.09277346112858927,368.0,True,False,-52.0,1,2019-11-10 02:52:00,-3.5669,105.6907,0,0,0,18
105.433891296,-2.55236053467,2019-11-10 09:00:00,LAPAN,Terra,Verified No fire,SUMSEL,9955,2019,2019:9955,2019,9953,84630,0.09910661186883567,369.0,True,False,-51.0,1,2019-11-10 02:51:00,-2.5524,105.433,0,0,0,0
105.774154663,-3.76229810715,2019-11-10 22:00:00,LAPAN,Terra,Verified Fire,SUMSEL,10226,2019,2019:10226,2019,10224,84933,0.01239650422724566,409.0,True,False,-11.0,1,2019-11-10 15:11:00,-3.7624,105.7742,0,0,0,22
105.792419434,-3.85144805908,2019-11-10 22:00:00,LAPAN,Terra,Verified Fire,SUMSEL,10237,2019,2019:10237,2019,10235,84984,0.010641929010227135,409.0,True,False,-11.0,1,2019-11-10 15:11:00,-3.8515,105.7925,0,0,0,81
105.577896118,-3.78981208801,2019-11-10 22:00:00,LAPAN,Terra,Verified Fire,SUMSEL,10242,2019,2019:10242,2019,10240,84913,0.009784865105327063,409.0,True,False,-11.0,1,2019-11-10 15:11:00,-3.7899,105.5779,0,0,0,28
105.435905457,-3.30556082726,2019-11-10 22:00:00,LAPAN,Terra,Verified Fire,SUMSEL,10259,2019,2019:10259,2019,10257,84915,0.01869854002714061,409.0,True,False,-11.0,1,2019-11-10 15:11:00,-3.3057,105.436,0,0,0,26
105.179420471,-3.11446738243,2019-11-11 10:00:00,LAPAN,Terra,Verified Fire,SUMSEL,10344,2019,2019:10344,2019,10342,85294,0.02857765342918786,386.0,True,False,-34.0,1,2019-11-11 03:34:00,-3.1146,105.1792,0,0,0,2
105.290641785,-2.8163497448,2019-11-11 10:00:00,LAPAN,Terra,Verified Fire,SUMSEL,10350,2019,2019:10350,2019,10348,85276,0.03162624776038742,386.0,True,False,-34.0,1,2019-11-11 03:34:00,-2.8165,105.2904,0,0,0,1
105.28868866,-2.92725133896,2019-11-11 10:00:00,LAPAN,Terra,Verified Fire,SUMSEL,10359,2019,2019:10359,2019,10357,85273,0.026686789722560243,386.0,True,False,-34.0,1,2019-11-11 03:34:00,-2.9274,105.2885,0,0,0,1
105.781517029,-3.17353630066,2019-11-11 10:00:00,LAPAN,Terra,Verified Fire,SUMSEL,10360,2019,2019:10360,2019,10358,85232,0.030198155480489132,386.0,True,False,-34.0,1,2019-11-11 03:34:00,-3.1737,105.7813,0,0,0,11
105.438598633,-2.54252648354,2019-11-11 10:00:00,LAPAN,Terra,Verified No fire,SUMSEL,10364,2019,2019:10364,2019,10362,85228,0.02931111217326971,386.0,True,False,-34.0,1,2019-11-11 03:34:00,-2.5427,105.4384,0,0,0,3
105.491767883,-3.34458613396,2019-11-11 10:00:00,LAPAN,Terra,Verified Fire,SUMSEL,10365,2019,2019:10365,2019,10363,85371,0.030213045117298377,385.0,True,False,-35.0,1,2019-11-11 03:35:00,-3.3448,105.4916,0,0,0,6
105.761291504,-3.41685152054,2019-11-11 10:00:00,LAPAN,Terra,Verified Fire,SUMSEL,10388,2019,2019:10388,2019,10386,85336,0.026915102892115877,385.0,True,False,-35.0,1,2019-11-11 03:35:00,-3.417,105.7611,0,0,0,21
105.770904541,-3.50021672249,2019-11-11 13:00:00,LAPAN,Aqua,Verified Fire,SUMSEL,10416,2019,2019:10416,2019,10414,85525,0.014844950280066235,391.0,True,False,-29.0,1,2019-11-11 06:29:00,-3.5003,105.7708,0,0,0,0
105.416526794,-3.74337816238,2019-11-11 13:00:00,LAPAN,Aqua,Verified Fire,SUMSEL,10495,2019,2019:10495,2019,10493,85475,0.019531312146163816,391.0,True,False,-29.0,1,2019-11-11 06:29:00,-3.7435,105.4164,0,0,0,4
105.72530365,-3.24062299728,2019-11-11 13:00:00,LAPAN,Aqua,Verified Fire,SUMSEL,10505,2019,2019:10505,2019,10503,85534,0.01434304883546779,391.0,True,False,-29.0,1,2019-11-11 06:29:00,-3.2407,105.7252,0,0,0,3
105.671401978,-3.59806966782,2019-11-11 13:00:00,LAPAN,Aqua,Verified Fire,SUMSEL,10521,2019,2019:10521,2019,10519,85496,0.018387588581087303,391.0,True,False,-29.0,1,2019-11-11 06:29:00,-3.5982,105.6713,0,0,0,1
105.192176819,-3.05794525146,2019-11-11 13:00:00,LAPAN,Aqua,Verified Fire,SUMSEL,10534,2019,2019:10534,2019,10532,85538,0.026106722698278066,391.0,True,False,-29.0,1,2019-11-11 06:29:00,-3.0581,105.192,0,0,0,1
105.904495239,-3.86796951294,2019-11-11 13:00:00,LAPAN,Aqua,Verified Fire,SUMSEL,10569,2019,2019:10569,2019,10567,85484,0.017948988206493186,391.0,True,False,-29.0,1,2019-11-11 06:29:00,-3.8681,105.9044,0,0,0,0
105.736557007,-3.88236045837,2019-11-11 13:00:00,LAPAN,Aqua,Verified Fire,SUMSEL,10588,2019,2019:10588,2019,10586,85487,0.023327140350869937,391.0,True,False,-29.0,1,2019-11-11 06:29:00,-3.8825,105.7364,0,0,0,2
105.52835083,-3.41586494446,2019-11-11 13:00:00,LAPAN,Aqua,Verified Fire,SUMSEL,10616,2019,2019:10616,2019,10614,85460,0.022490265566603274,391.0,True,False,-29.0,1,2019-11-11 06:29:00,-3.416,105.5282,0,0,0,0
105.833068848,-3.81322693825,2019-11-11 22:00:00,LAPAN,Terra,Verified Fire,SUMSEL,10619,2019,2019:10619,2019,10617,85709,0.036862855720938566,366.0,True,False,-54.0,1,2019-11-11 15:54:00,-3.8132,105.8334,0,0,0,57
105.823226929,-3.8400645256,2019-11-11 22:00:00,LAPAN,Terra,Verified Fire,SUMSEL,10624,2019,2019:10624,2019,10622,85682,0.030551695641622627,366.0,True,False,-54.0,1,2019-11-11 15:54:00,-3.8401,105.8235,0,0,0,44
105.809326172,-3.88206315041,2019-11-11 22:00:00,LAPAN,Terra,Verified Fire,SUMSEL,10625,2019,2019:10625,2019,10623,85699,0.03065355526218164,366.0,True,False,-54.0,1,2019-11-11 15:54:00,-3.8821,105.8096,0,0,0,30
105.853225708,-3.81021308899,2019-11-11 22:00:00,LAPAN,Terra,Verified Fire,SUMSEL,10626,2019,2019:10626,2019,10624,85681,0.04155293208520634,366.0,True,False,-54.0,1,2019-11-11 15:54:00,-3.8102,105.8536,0,0,0,43
105.768821716,-3.45081663132,2019-11-12 14:00:00,LAPAN,Aqua,Verified Fire,SUMSEL,10853,2019,2019:10853,2019,10851,85866,0.028413354965821806,408.0,True,False,-12.0,1,2019-11-12 07:12:00,-3.451,105.769,0,0,0,0
105.750038147,-3.37831258774,2019-11-12 14:00:00,LAPAN,Aqua,Verified Fire,SUMSEL,10856,2019,2019:10856,2019,10854,85872,0.03268800893048581,408.0,True,False,-12.0,1,2019-11-12 07:12:00,-3.3786,105.7501,0,0,0,20
105.750862122,-3.134516716,2019-11-12 21:00:00,LAPAN,Terra,Verified Fire,SUMSEL,10857,2019,2019:10857,2019,10855,85887,0.020809670569935816,361.0,True,False,-59.0,1,2019-11-12 14:59:00,-3.1347,105.7509,0,0,0,9
105.475502014,-2.54404115677,2019-11-13 22:00:00,LAPAN,Terra,Verified No fire,SUMSEL,10860,2019,2019:10860,2019,10858,86020,0.011807754996662744,378.0,True,False,-42.0,1,2019-11-13 15:42:00,-2.544,105.4756,0,0,0,4
105.50668335,-2.99660348892,2019-11-16 10:00:00,LAPAN,Terra,Verified No fire,SUMSEL,10876,2019,2019:10876,2019,10874,86433,0.04257011570599705,367.0,True,False,-53.0,1,2019-11-16 03:53:00,-2.9966,105.5063,0,0,0,0
105.563446045,-2.76524448395,2019-11-18 10:00:00,LAPAN,Terra,Verified No fire,SUMSEL,10912,2019,2019:10912,2019,10910,86908,0.032338939004727875,380.0,True,False,-40.0,1,2019-11-18 03:40:00,-2.7654,105.5632,0,0,0,0
103.269081116,-1.48341393471,2019-11-18 10:00:00,LAPAN,Terra,Verified No fire,JAMBI SMF,10913,2019,2019:10913,2019,10911,86904,0.028868202678634162,380.0,True,False,-40.0,1,2019-11-18 03:40:00,-1.4836,103.2689,0,0,0,0
105.383987427,-2.792283535,2019-11-18 10:00:00,LAPAN,Terra,Verified No fire,SUMSEL,10914,2019,2019:10914,2019,10912,86920,0.03444936109844249,380.0,True,False,-40.0,1,2019-11-18 03:40:00,-2.7924,105.3837,0,0,0,0
104.416870117,-2.15931415558,2019-11-18 10:00:00,LAPAN,Terra,Verified No fire,SUMSEL MUBA,10915,2019,2019:10915,2019,10913,86919,0.028006342263247778,380.0,True,False,-40.0,1,2019-11-18 03:40:00,-2.1595,104.4167,0,0,0,0
103.215843201,-0.932405769825,2019-11-18 10:00:00,LAPAN,Terra,Verified No fire,JAMBI SMF,10918,2019,2019:10918,2019,10916,86905,0.03460587084652177,380.0,True,False,-40.0,1,2019-11-18 03:40:00,-0.9326,103.2156,0,0,0,0
103.232948303,-1.11909711361,2019-11-18 10:00:00,LAPAN,Terra,Verified No fire,JAMBI SMF,10919,2019,2019:10919,2019,10917,86910,0.03565077018365349,380.0,True,False,-40.0,1,2019-11-18 03:40:00,-1.1193,103.2327,0,0,0,0
105.489082336,-2.75454735756,2019-11-18 10:00:00,LAPAN,Terra,Verified No fire,SUMSEL,10920,2019,2019:10920,2019,10918,86911,0.03565692162253506,380.0,True,False,-40.0,1,2019-11-18 03:40:00,-2.7547,105.4888,0,0,0,0
102.902198792,-0.923095524311,2019-11-18 10:00:00,LAPAN,Terra,Verified No fire,JAMBI SMF,10921,2019,2019:10921,2019,10919,86906,0.03170879501658375,380.0,True,False,-40.0,1,2019-11-18 03:40:00,-0.9233,102.902,0,0,0,0
103.952148438,-1.8780990839,2019-11-18 10:00:00,LAPAN,Terra,Verified No fire,SUMSEL MUBA,10922,2019,2019:10922,2019,10920,86915,0.02777150287510254,380.0,True,False,-40.0,1,2019-11-18 03:40:00,-1.8783,103.952,0,0,0,0
104.363494873,-2.16130447388,2019-11-18 10:00:00,LAPAN,Terra,Verified No fire,SUMSEL MUBA,10923,2019,2019:10923,2019,10921,86903,0.03068499382278774,380.0,True,False,-40.0,1,2019-11-18 03:40:00,-2.1615,104.3633,0,0,0,0
103.329666138,-1.05555987358,2019-11-19 01:00:00,LAPAN,Aqua,Verified No fire,JAMBI SMF,10929,2019,2019:10929,2019,10927,87063,0.04019286718120062,362.0,True,False,-58.0,1,2019-11-18 18:58:00,-1.0552,103.3297,0,0,0,0
105.511627197,-2.99039149284,2019-11-23 10:00:00,LAPAN,Terra,Verified No fire,SUMSEL,10945,2019,2019:10945,2019,10943,87645,0.03773061625313997,361.0,True,False,-59.0,1,2019-11-23 03:59:00,-2.9903,105.5113,0,0,0,0
105.563026428,-2.76913619041,2019-11-25 10:00:00,LAPAN,Terra,Verified No fire,SUMSEL,10968,2019,2019:10968,2019,10966,87798,0.036942579456552896,373.0,True,False,-47.0,1,2019-11-25 03:47:00,-2.7692,105.5627,0,0,0,0
104.157852173,-1.93422603607,2019-11-25 10:00:00,LAPAN,Terra,Verified No fire,SUMSEL MUBA,10969,2019,2019:10969,2019,10967,87791,0.02569392979423939,374.0,True,False,-46.0,1,2019-11-25 03:46:00,-1.9344,104.1577,0,0,0,1
103.989875793,-2.02269816399,2019-11-25 10:00:00,LAPAN,Terra,Verified No fire,SUMSEL MUBA,10971,2019,2019:10971,2019,10969,87778,0.03267273858832517,374.0,True,False,-46.0,1,2019-11-25 03:46:00,-2.0228,103.9896,0,0,0,1
105.436050415,-3.15364980698,2019-11-25 10:00:00,LAPAN,Terra,Verified No fire,SUMSEL,10973,2019,2019:10973,2019,10971,87796,0.03930370609087703,373.0,True,False,-47.0,1,2019-11-25 03:47:00,-3.1537,105.4357,0,0,0,0
104.213478088,-1.89949631691,2019-11-25 10:00:00,LAPAN,Terra,Verified No fire,SUMSEL MUBA,10975,2019,2019:10975,2019,10973,87793,0.022904748472425233,374.0,True,False,-46.0,1,2019-11-25 03:46:00,-1.8996,104.2133,0,0,0,0
103.187141418,-1.51560592651,2019-11-25 13:00:00,LAPAN,Aqua,Verified No fire,JAMBI SMF,10995,2019,2019:10995,2019,10993,87864,0.019642694059730084,378.0,True,False,-42.0,1,2019-11-25 06:42:00,-1.5155,103.187,0,0,0,0
103.967399597,-2.00186038017,2019-11-25 13:00:00,LAPAN,Aqua,Verified No fire,SUMSEL MUBA,11000,2019,2019:11000,2019,10998,87867,0.02098886537179258,378.0,True,False,-42.0,1,2019-11-25 06:42:00,-2.0017,103.9673,0,0,0,0
103.985855103,-2.02643823624,2019-11-25 13:00:00,LAPAN,Aqua,Verified No fire,SUMSEL MUBA,11003,2019,2019:11003,2019,11001,87868,0.017752555227257362,378.0,True,False,-42.0,1,2019-11-25 06:42:00,-2.0264,103.9857,0,0,0,1
104.150909424,-1.9388436079,2019-11-25 13:00:00,LAPAN,Aqua,Verified No fire,SUMSEL MUBA,11005,2019,2019:11005,2019,11003,87866,0.020071600931953267,378.0,True,False,-42.0,1,2019-11-25 06:42:00,-1.9387,104.1508,0,0,0,1
105.214645386,-3.08186674118,2019-11-27 10:00:00,LAPAN,Terra,Fire inside Sitrep,SUMSEL,11012,2019,2019:11012,2019,11010,88161,0.037617791516477074,386.0,True,False,-34.0,1,2019-11-27 03:34:00,-3.0821,105.2144,0,0,0,12
105.61730957,-2.89298629761,2019-11-27 10:00:00,LAPAN,Terra,Verified No fire,SUMSEL,11014,2019,2019:11014,2019,11012,88158,0.03326134855589589,386.0,True,False,-34.0,1,2019-11-27 03:34:00,-2.8932,105.6171,0,0,0,0
105.71496582,-3.65270400047,2019-11-27 10:00:00,LAPAN,Terra,Fire inside Sitrep,SUMSEL,11016,2019,2019:11016,2019,11014,88165,0.028523322114959226,385.0,True,False,-35.0,1,2019-11-27 03:35:00,-3.6529,105.7148,0,0,0,0
103.969985962,-1.99859309196,2019-11-27 10:00:00,LAPAN,Terra,Verified No fire,SUMSEL MUBA,11017,2019,2019:11017,2019,11015,88156,0.030925576329276446,386.0,True,False,-34.0,1,2019-11-27 03:34:00,-1.9988,103.9698,0,0,0,0
103.986022949,-2.0256280899,2019-11-27 13:00:00,LAPAN,Aqua,Verified No fire,SUMSEL MUBA,11033,2019,2019:11033,2019,11031,88282,0.03545522121004731,390.0,True,False,-30.0,1,2019-11-27 06:30:00,-2.0254,103.9858,0,0,0,0
105.289360046,-3.1175661087,2019-11-27 13:00:00,LAPAN,Aqua,Fire inside Sitrep,SUMSEL,11077,2019,2019:11077,2019,11075,88275,0.03427551511481405,391.0,True,False,-29.0,1,2019-11-27 06:29:00,-3.1174,105.2891,0,0,0,5
105.507011414,-3.7310154438,2019-11-27 13:00:00,LAPAN,Aqua,Verified Fire,SUMSEL,11084,2019,2019:11084,2019,11082,88267,0.033529080098033126,391.0,True,False,-29.0,1,2019-11-27 06:29:00,-3.7308,105.5068,0,0,0,0
105.216163635,-3.08389234543,2019-11-28 14:00:00,LAPAN,Aqua,Verified Fire,SUMSEL,11201,2019,2019:11201,2019,11199,88495,0.013900363203870305,408.0,True,False,-12.0,1,2019-11-28 07:12:00,-3.084,105.2161,0,0,3,16
105.783607483,-3.40875124931,2019-11-28 14:00:00,LAPAN,Aqua,Verified Fire,SUMSEL,11203,2019,2019:11203,2019,11201,88489,0.016561186764493332,408.0,True,False,-12.0,1,2019-11-28 07:12:00,-3.4089,105.7836,0,0,3,9
105.814575195,-3.86063361168,2019-11-28 14:00:00,LAPAN,Aqua,Verified Fire,SUMSEL,11204,2019,2019:11204,2019,11202,88497,0.014341760951417147,408.0,True,False,-12.0,1,2019-11-28 07:12:00,-3.8606,105.8147,0,0,0,0
105.731277466,-3.49249362946,2019-11-28 14:00:00,LAPAN,Aqua,Verified Fire,SUMSEL,11205,2019,2019:11205,2019,11203,88494,0.0025993989243178733,408.0,True,False,-12.0,1,2019-11-28 07:12:00,-3.4925,105.7313,0,0,5,20
104.124336243,-1.76006674767,2019-11-29 10:00:00,LAPAN,Terra,Verified No fire,SUMSEL MUBA,11210,2019,2019:11210,2019,11208,88572,0.03690684282092736,398.0,True,False,-22.0,1,2019-11-29 03:22:00,-1.7603,104.1241,0,0,0,0
105.722618103,-3.45657658577,2019-11-29 10:00:00,LAPAN,Terra,Verified Fire,SUMSEL,11211,2019,2019:11211,2019,11209,88574,0.03468678910232794,398.0,True,False,-22.0,1,2019-11-29 03:22:00,-3.4568,105.7224,0,0,0,25
105.17930603,-3.10393738747,2019-11-29 13:00:00,LAPAN,Aqua,Verified Fire,SUMSEL,11306,2019,2019:11306,2019,11304,88766,0.04857326546781925,403.0,True,False,-17.0,1,2019-11-29 06:17:00,-3.1041,105.1789,0,0,0,1
105.681152344,-3.61268377304,2019-11-29 22:00:00,LAPAN,Terra,Verified Fire,SUMSEL,11314,2019,2019:11314,2019,11312,88869,0.01884868254194422,378.0,True,False,-42.0,1,2019-11-29 15:42:00,-3.6126,105.6813,0,0,0,0
105.717140198,-3.45471978188,2019-11-29 22:00:00,LAPAN,Terra,Verified Fire,SUMSEL,11315,2019,2019:11315,2019,11313,88871,0.017872779574528416,378.0,True,False,-42.0,1,2019-11-29 15:42:00,-3.4547,105.7173,0,0,0,18
105.617362976,-3.77613139153,2019-11-29 22:00:00,LAPAN,Terra,Verified Fire,SUMSEL,11316,2019,2019:11316,2019,11314,88863,0.015598878484231412,378.0,True,False,-42.0,1,2019-11-29 15:42:00,-3.7761,105.6175,0,0,0,8
105.604019165,-2.89333724976,2019-11-30 11:00:00,LAPAN,Terra,Verified No fire,SUMSEL,11319,2019,2019:11319,2019,11317,88941,0.08131075770479507,415.0,True,False,-5.0,1,2019-11-30 04:05:00,-2.8932,105.6033,0,0,0,0
105.501548767,-2.99105739594,2019-11-30 11:00:00,LAPAN,Terra,Verified No fire,SUMSEL,11321,2019,2019:11321,2019,11319,88938,0.07413686759444402,415.0,True,False,-5.0,1,2019-11-30 04:05:00,-2.9909,105.5009,0,0,0,0
105.727921,-3.563193,2019-12-15 13:00:00,LAPAN,Aqua,Verified No fire,SUMSEL,11415,2019,2019:11415,2019,11413,90010,0.0424135959123959,403.0,True,False,-17.0,1,2019-12-15 06:17:00,-3.5634,105.7276,0,0,0,0
105.406013489,-2.72113633156,2019-12-20 10:00:00,LAPAN,Terra,Verified No fire,SUMSEL,11416,2019,2019:11416,2019,11414,90172,0.039288417549644405,380.0,True,False,-40.0,1,2019-12-20 03:40:00,-2.7213,105.4057,0,0,0,0
104.383239746,-2.14475750923,2019-12-20 10:00:00,LAPAN,Terra,Verified No fire,SUMSEL MUBA,11417,2019,2019:11417,2019,11415,90167,0.030995567463685713,380.0,True,False,-40.0,1,2019-12-20 03:40:00,-2.1449,104.383,0,0,0,0
104.129852295,-1.75973534584,2019-12-20 10:00:00,LAPAN,Terra,Verified No fire,SUMSEL MUBA,11418,2019,2019:11418,2019,11416,90176,0.03348868880825969,380.0,True,False,-40.0,1,2019-12-20 03:40:00,-1.7599,104.1296,0,0,0,0
103.868942261,-2.04560947418,2019-12-20 10:00:00,LAPAN,Terra,Verified No fire,SUMSEL MUBA,11420,2019,2019:11420,2019,11418,90170,0.03425741475271528,380.0,True,False,-40.0,1,2019-12-20 03:40:00,-2.0458,103.8687,0,0,0,0
103.682640076,-1.39951169491,2019-12-20 10:00:00,LAPAN,Terra,Verified No fire,JAMBI SMF,11421,2019,2019:11421,2019,11419,90169,0.02609376515369098,380.0,True,False,-40.0,1,2019-12-20 03:40:00,-1.3997,103.6825,0,0,0,0
103.10057,-0.90266,2023-01-06 13:00:00,NASA,Aqua,Verified No fire,JAMBI SMF,2,2023,2023:2,2023,11426,90523,0.019418998830185785,364.0,True,False,-56.0,1,2023-01-06 06:56:00,-0.9025,103.1005,0,0,0,0
103.54609,-2.05427,2023-01-10 13:00:00,NASA,SNPP,Verified No fire,SUMSEL MUBA,3,2023,2023:3,2023,11427,1268393,0.013007663268930107,389.0,True,False,-31.0,1,2023-01-10 06:31:00,-2.05423,103.54598,0,0,0,0
105.91415,-3.34907,2023-01-13 13:00:00,NASA,NOAA20,Verified No fire,SUMSEL,4,2023,2023:4,2023,11428,580977,0.0,397.0,True,False,-23.0,1,2023-01-13 06:23:00,-3.34907,105.91415,0,0,0,0
105.80674,-3.627,2023-02-06 13:00:00,NASA,SNPP,Verified No fire,SUMSEL,9,2023,2023:9,2023,11433,1269764,0.00845403725124918,395.0,True,False,-25.0,1,2023-02-06 06:25:00,-3.62703,105.80667,0,0,0,0
102.83836,-1.14669,2023-02-14 14:00:00,NASA,SNPP,Verified No fire,JAMBI SMF,11,2023,2023:11,2023,11435,1270317,0.05267543778042589,404.0,True,False,-16.0,1,2023-02-14 07:16:00,-1.14675,102.83789,0,0,0,0
103.24366,-1.06325,2023-02-16 00:00:00,NASA,SNPP,Verified No fire,JAMBI SMF,12,2023,2023:12,2023,11436,1270384,0.041002650297590995,362.0,True,False,-58.0,1,2023-02-15 17:58:00,-1.06301,103.24338,0,0,0,0
103.33837,-1.16653,2023-02-16 01:00:00,NASA,NOAA20,Verified No fire,JAMBI SMF,13,2023,2023:13,2023,11437,582527,0.0,374.0,True,False,-46.0,1,2023-02-15 18:46:00,-1.16653,103.33837,0,0,0,3
103.45608,-2.29256,2023-02-16 13:00:00,NASA,SNPP,Verified No fire,SUMSEL MUBA,14,2023,2023:14,2023,11438,1270402,0.018324947567309905,382.0,True,False,-38.0,1,2023-02-16 06:38:00,-2.2926,103.45592,0,0,0,0
103.45549774,-2.29237056,2023-02-16 13:00:00,LAPAN,SNPP,Verified No fire,SUMSEL MUBA,15,2023,2023:15,2023,11439,1270402,0.05340385243875949,382.0,True,False,-38.0,1,2023-02-16 06:38:00,-2.2926,103.45592,0,0,0,0
103.24207,-1.06186,2023-02-17 01:00:00,NASA,NOAA20,Verified No fire,JAMBI SMF,20,2023,2023:20,2023,11444,582559,0.0,392.0,True,False,-28.0,1,2023-02-16 18:28:00,-1.06186,103.24207,0,0,0,0
103.33932,-1.16883,2023-02-17 01:00:00,NASA,NOAA20,Verified No fire,JAMBI SMF,21,2023,2023:21,2023,11445,582563,0.0,392.0,True,False,-28.0,1,2023-02-16 18:28:00,-1.16883,103.33932,0,0,2,4
103.46083,-1.14056,2023-02-17 01:00:00,NASA,NOAA20,Verified No fire,JAMBI SMF,22,2023,2023:22,2023,11446,582558,0.0,392.0,True,False,-28.0,1,2023-02-16 18:28:00,-1.14056,103.46083,0,0,0,0
103.80028,-2.10129,2023-02-17 01:00:00,NASA,NOAA20,Verified No fire,SUMSEL MUBA,23,2023,2023:23,2023,11447,582561,0.0,392.0,True,False,-28.0,1,2023-02-16 18:28:00,-2.10129,103.80028,0,0,0,0
102.11594,-1.11008,2023-02-17 13:00:00,NASA,SNPP,Verified No fire,JAMBI SMF,24,2023,2023:24,2023,11448,1270511,0.025082276743637485,400.0,True,False,-20.0,1,2023-02-17 06:20:00,-1.11003,102.11616,0,0,0,0
103.38221,-1.20304,2023-02-17 13:00:00,NASA,SNPP,Verified No fire,JAMBI SMF,25,2023,2023:25,2023,11449,1270495,0.009564650166928604,401.0,True,False,-19.0,1,2023-02-17 06:19:00,-1.20311,103.38226,0,0,1,2
103.3403,-1.17076,2023-02-17 14:00:00,NASA,NOAA20,Verified No fire,JAMBI SMF,26,2023,2023:26,2023,11450,582658,0.0,412.0,True,False,-8.0,1,2023-02-17 07:08:00,-1.17076,103.3403,0,0,0,3
105.79298,-3.34721,2023-02-17 14:00:00,NASA,NOAA20,Fire inside Sitrep,SUMSEL,27,2023,2023:27,2023,11451,582623,0.0,413.0,True,False,-7.0,1,2023-02-17 07:07:00,-3.34721,105.79298,0,0,0,0
102.84393,-1.21045,2023-02-17 14:00:00,NASA,NOAA20,Verified No fire,JAMBI SMF,28,2023,2023:28,2023,11452,582657,0.0,412.0,True,False,-8.0,1,2023-02-17 07:08:00,-1.21045,102.84393,0,0,0,0
103.38276,-1.20593,2023-02-17 14:00:00,NASA,NOAA20,Verified No fire,JAMBI SMF,29,2023,2023:29,2023,11453,582670,0.0,412.0,True,False,-8.0,1,2023-02-17 07:08:00,-1.20593,103.38276,0,0,1,2
105.28014,-2.75237,2023-02-18 01:00:00,NASA,NOAA20,Verified No fire,SUMSEL,30,2023,2023:30,2023,11454,582715,0.0,411.0,True,False,-9.0,1,2023-02-17 18:09:00,-2.75237,105.28014,0,0,0,0
103.33604,-1.16722,2023-02-19 00:00:00,NASA,NOAA20,Verified No fire,JAMBI SMF,34,2023,2023:34,2023,11458,582961,0.0,370.0,True,False,-50.0,1,2023-02-18 17:50:00,-1.16722,103.33604,0,0,1,1
103.79789,-2.10221,2023-02-19 00:00:00,NASA,NOAA20,Verified No fire,SUMSEL MUBA,35,2023,2023:35,2023,11459,582965,0.0,370.0,True,False,-50.0,1,2023-02-18 17:50:00,-2.10221,103.79789,0,0,0,0
102.04979,-1.1017,2023-02-19 00:00:00,NASA,NOAA20,Verified No fire,JAMBI SMF,36,2023,2023:36,2023,11460,582955,0.0,370.0,True,False,-50.0,1,2023-02-18 17:50:00,-1.1017,102.04979,0,0,0,0
103.24216,-1.06261,2023-02-19 00:00:00,NASA,NOAA20,Verified No fire,JAMBI SMF,37,2023,2023:37,2023,11461,582959,0.0,370.0,True,False,-50.0,1,2023-02-18 17:50:00,-1.06261,103.24216,0,0,1,1
103.24267,-1.06349,2023-02-19 01:00:00,NASA,SNPP,Verified No fire,JAMBI SMF,40,2023,2023:40,2023,11464,1270778,0.008963669815529266,378.0,True,False,-42.0,1,2023-02-18 18:42:00,-1.06353,103.24274,0,0,1,1
103.33685,-1.169,2023-02-19 01:00:00,NASA,SNPP,Verified No fire,JAMBI SMF,41,2023,2023:41,2023,11465,1270776,0.006762362967633816,378.0,True,False,-42.0,1,2023-02-18 18:42:00,-1.16901,103.33691,0,0,1,1
103.36987,-1.19088,2023-02-24 01:00:00,NASA,SNPP,Verified No fire,JAMBI SMF,42,2023,2023:42,2023,11466,1271260,0.013571121661622854,372.0,True,False,-48.0,1,2023-02-23 18:48:00,-1.19095,103.36977,0,0,0,0
103.38131,-1.20321,2023-02-26 01:00:00,NASA,SNPP,Verified No fire,JAMBI SMF,45,2023,2023:45,2023,11469,1271350,0.011606758924637844,409.0,True,False,-11.0,1,2023-02-25 18:11:00,-1.20318,103.38141,0,0,1,2
103.3381,-1.1673,2023-02-27 00:00:00,NASA,SNPP,Verified No fire,JAMBI SMF,46,2023,2023:46,2023,11470,1271416,0.007861080432996761,368.0,True,False,-52.0,1,2023-02-26 17:52:00,-1.16731,103.33817,0,0,0,1
103.24158,-1.06335,2023-02-27 01:00:00,NASA,NOAA20,Verified No fire,JAMBI SMF,55,2023,2023:55,2023,11479,583665,0.0,380.0,True,False,-40.0,1,2023-02-26 18:40:00,-1.06335,103.24158,0,0,2,2
103.79887,-2.10106,2023-02-27 01:00:00,NASA,NOAA20,Verified No fire,SUMSEL MUBA,56,2023,2023:56,2023,11480,583668,0.0,379.0,True,False,-41.0,1,2023-02-26 18:41:00,-2.10106,103.79887,0,0,0,0
103.80083,-2.10331,2023-03-02 01:00:00,NASA,SNPP,Verified No fire,SUMSEL MUBA,57,2023,2023:57,2023,11481,1271538,0.002485057559255012,384.0,True,False,-36.0,1,2023-03-01 18:36:00,-2.1033,103.80085,0,0,0,0
103.37165,-1.18669,2023-03-03 02:00:00,NASA,NOAA20,Verified No fire,JAMBI SMF,60,2023,2023:60,2023,11484,583835,0.0,414.0,True,False,-6.0,1,2023-03-02 19:06:00,-1.18669,103.37165,0,0,0,0
103.38194,-1.20438,2023-03-03 02:00:00,NASA,NOAA20,Verified No fire,JAMBI SMF,61,2023,2023:61,2023,11485,583834,0.0,414.0,True,False,-6.0,1,2023-03-02 19:06:00,-1.20438,103.38194,0,0,0,0
104.07038879,-2.07041192,2023-03-05 01:00:00,LAPAN,NOAA20,Verified No fire,SUMSEL MUBA,64,2023,2023:64,2023,11488,583909,0.0356191874221509,392.0,True,False,-28.0,1,2023-03-04 18:28:00,-2.07057,104.07011,0,0,0,0
104.07011,-2.07057,2023-03-05 01:00:00,NASA,NOAA20,Verified No fire,SUMSEL MUBA,65,2023,2023:65,2023,11489,583909,0.0,392.0,True,False,-28.0,1,2023-03-04 18:28:00,-2.07057,104.07011,0,0,0,0
103.33644867,-2.54119635,2023-03-06 01:00:00,LAPAN,NOAA20,Verified No fire,SUMSEL MUBA,66,2023,2023:66,2023,11490,583959,0.04917479590861732,411.0,True,False,-9.0,1,2023-03-05 18:09:00,-2.54134,103.33603,0,0,0,0
103.22481,-2.56534,2023-03-06 01:00:00,NASA,NOAA20,Verified No fire,SUMSEL MUBA,67,2023,2023:67,2023,11491,583960,0.0,411.0,True,False,-9.0,1,2023-03-05 18:09:00,-2.56534,103.22481,0,0,0,0
103.33603,-2.54134,2023-03-06 01:00:00,NASA,NOAA20,Verified No fire,SUMSEL MUBA,68,2023,2023:68,2023,11492,583959,0.0,411.0,True,False,-9.0,1,2023-03-05 18:09:00,-2.54134,103.33603,0,0,0,0
103.22525024,-2.56520152,2023-03-06 01:00:00,LAPAN,NOAA20,Verified No fire,SUMSEL MUBA,69,2023,2023:69,2023,11493,583960,0.051270424823259254,411.0,True,False,-9.0,1,2023-03-05 18:09:00,-2.56534,103.22481,0,0,0,0
103.38227,-1.20333,2023-03-06 02:00:00,NASA,SNPP,Verified No fire,JAMBI SMF,70,2023,2023:70,2023,11494,1271706,0.01641694300278097,419.0,True,False,-1.0,1,2023-03-05 19:01:00,-1.20346,103.38234,0,0,0,0
103.22572327,-2.56384873,2023-03-07 01:00:00,LAPAN,SNPP,Verified No fire,SUMSEL MUBA,71,2023,2023:71,2023,11495,1271793,0.05156695934884226,378.0,True,False,-42.0,1,2023-03-06 18:42:00,-2.56356,103.22536,0,0,0,0
103.2252,-2.56352,2023-03-07 01:00:00,NASA,SNPP,Verified No fire,SUMSEL MUBA,72,2023,2023:72,2023,11496,1271793,0.01832148971191533,378.0,True,False,-42.0,1,2023-03-06 18:42:00,-2.56356,103.22536,0,0,0,0
103.37061,-1.18887,2023-03-08 02:00:00,NASA,NOAA20,Verified No fire,JAMBI SMF,73,2023,2023:73,2023,11497,584176,0.0,408.0,True,False,-12.0,1,2023-03-07 19:12:00,-1.18887,103.37061,0,0,0,0
103.22718,-2.56382,2023-03-08 14:00:00,NASA,SNPP,Verified No fire,SUMSEL MUBA,75,2023,2023:75,2023,11499,1271957,0.011598446472092573,417.0,True,False,-3.0,1,2023-03-08 07:03:00,-2.56385,103.22728,0,0,0,0
103.38091,-1.20417,2023-03-09 01:00:00,NASA,SNPP,Verified No fire,JAMBI SMF,77,2023,2023:77,2023,11501,1271993,0.015123877234476621,416.0,True,False,-4.0,1,2023-03-08 18:04:00,-1.20404,103.38087,0,0,0,3
103.79781,-2.10108,2023-03-09 01:00:00,NASA,SNPP,Verified No fire,SUMSEL MUBA,78,2023,2023:78,2023,11502,1272012,0.004444812964818931,415.0,True,False,-5.0,1,2023-03-08 18:05:00,-2.10108,103.79785,0,0,0,2
103.53895,-2.38728,2023-03-09 12:00:00,NASA,NOAA20,Verified No fire,SUMSEL MUBA,79,2023,2023:79,2023,11503,584362,0.0,367.0,True,False,-53.0,1,2023-03-09 05:53:00,-2.38728,103.53895,0,0,0,0
103.38252258,-1.20501351,2023-03-09 12:00:00,LAPAN,NOAA20,Verified No fire,JAMBI SMF,80,2023,2023:80,2023,11504,584368,0.08228295402925499,367.0,True,False,-53.0,1,2023-03-09 05:53:00,-1.20495,103.38326,0,0,0,3
103.38326,-1.20495,2023-03-09 12:00:00,NASA,NOAA20,Verified No fire,JAMBI SMF,81,2023,2023:81,2023,11505,584368,0.0,367.0,True,False,-53.0,1,2023-03-09 05:53:00,-1.20495,103.38326,0,0,0,3
103.04849,-1.5679,2023-03-09 13:00:00,NASA,SNPP,Verified No fire,JAMBI SMF,83,2023,2023:83,2023,11507,1272070,0.0011119508023038223,375.0,True,False,-45.0,1,2023-03-09 06:45:00,-1.56791,103.04849,0,0,0,0
102.82226562,-1.16308129,2023-03-09 13:00:00,LAPAN,SNPP,Verified No fire,JAMBI SMF,85,2023,2023:85,2023,11509,1272069,0.08347956278183659,375.0,True,False,-45.0,1,2023-03-09 06:45:00,-1.16285,102.82298,0,0,0,0
102.82545471,-1.1838901,2023-03-09 13:00:00,LAPAN,SNPP,Verified No fire,JAMBI SMF,86,2023,2023:86,2023,11510,1272067,0.08394772501608898,375.0,True,False,-45.0,1,2023-03-09 06:45:00,-1.18368,102.82618,0,0,0,0
102.82304,-1.16286,2023-03-09 13:00:00,NASA,SNPP,Verified No fire,JAMBI SMF,87,2023,2023:87,2023,11511,1272069,0.006762377340816986,375.0,True,False,-45.0,1,2023-03-09 06:45:00,-1.16285,102.82298,0,0,0,0
103.04769897,-1.56811345,2023-03-09 13:00:00,LAPAN,SNPP,Verified No fire,JAMBI SMF,88,2023,2023:88,2023,11512,1272070,0.09078939326467851,375.0,True,False,-45.0,1,2023-03-09 06:45:00,-1.56791,103.04849,0,0,0,0
102.82624,-1.18369,2023-03-09 13:00:00,NASA,SNPP,Verified No fire,JAMBI SMF,89,2023,2023:89,2023,11513,1272067,0.006762328350702778,375.0,True,False,-45.0,1,2023-03-09 06:45:00,-1.18368,102.82618,0,0,0,0
105.2796402,-2.75282168,2023-03-10 01:00:00,LAPAN,NOAA20,Verified No fire,SUMSEL,106,2023,2023:106,2023,11530,584439,0.02355765476106861,385.0,True,False,-35.0,1,2023-03-09 18:35:00,-2.75285,105.27943,0,0,0,0
103.37224,-1.18981,2023-03-10 01:00:00,NASA,NOAA20,Verified No fire,JAMBI SMF,107,2023,2023:107,2023,11531,584429,0.0,386.0,True,False,-34.0,1,2023-03-09 18:34:00,-1.18981,103.37224,0,0,2,2
103.35709,-1.17423,2023-03-10 01:00:00,NASA,NOAA20,Verified No fire,JAMBI SMF,108,2023,2023:108,2023,11532,584430,0.0,386.0,True,False,-34.0,1,2023-03-09 18:34:00,-1.17423,103.35709,0,0,2,2
103.22748,-2.56363,2023-03-10 01:00:00,NASA,NOAA20,Verified No fire,SUMSEL MUBA,109,2023,2023:109,2023,11533,584438,0.0,385.0,True,False,-35.0,1,2023-03-09 18:35:00,-2.56363,103.22748,0,0,0,0
103.79887,-2.09993,2023-03-10 01:00:00,NASA,NOAA20,Verified No fire,SUMSEL MUBA,110,2023,2023:110,2023,11534,584436,0.0,386.0,True,False,-34.0,1,2023-03-09 18:34:00,-2.09993,103.79887,0,0,2,2
103.22775269,-2.5634892,2023-03-10 01:00:00,LAPAN,NOAA20,Verified No fire,SUMSEL MUBA,111,2023,2023:111,2023,11535,584438,0.034098241903826494,385.0,True,False,-35.0,1,2023-03-09 18:35:00,-2.56363,103.22748,0,0,0,0
105.27943,-2.75285,2023-03-10 01:00:00,NASA,NOAA20,Verified No fire,SUMSEL,112,2023,2023:112,2023,11536,584439,0.0,385.0,True,False,-35.0,1,2023-03-09 18:35:00,-2.75285,105.27943,0,0,0,0
103.3572464,-1.17417002,2023-03-10 01:00:00,LAPAN,NOAA20,Verified No fire,JAMBI SMF,113,2023,2023:113,2023,11537,584430,0.018622533119228,386.0,True,False,-34.0,1,2023-03-09 18:34:00,-1.17423,103.35709,0,0,2,2
103.37250519,-1.18967414,2023-03-10 01:00:00,LAPAN,NOAA20,Verified No fire,JAMBI SMF,114,2023,2023:114,2023,11538,584429,0.03312668412960249,386.0,True,False,-34.0,1,2023-03-09 18:34:00,-1.18981,103.37224,0,0,2,2
103.35976,-1.01484,2023-03-10 01:00:00,NASA,NOAA20,Verified No fire,JAMBI SMF,115,2023,2023:115,2023,11539,584431,0.0,386.0,True,False,-34.0,1,2023-03-09 18:34:00,-1.01484,103.35976,0,0,1,1
103.35786,-1.01241,2023-03-10 02:00:00,NASA,SNPP,Verified No fire,JAMBI SMF,116,2023,2023:116,2023,11540,1272170,0.07074712436690422,394.0,True,False,-26.0,1,2023-03-09 19:26:00,-1.01273,103.35841,0,0,1,1
103.46092,-1.13951,2023-03-11 02:00:00,NASA,SNPP,Verified No fire,JAMBI SMF,117,2023,2023:117,2023,11541,1272289,0.0074580126737573155,413.0,True,False,-7.0,1,2023-03-10 19:07:00,-1.13948,103.46086,0,0,0,0
103.35723,-1.172,2023-03-11 02:00:00,NASA,SNPP,Verified No fire,JAMBI SMF,120,2023,2023:120,2023,11544,1272287,0.006482734332588173,413.0,True,False,-7.0,1,2023-03-10 19:07:00,-1.17197,103.35718,0,0,0,0
103.37993,-1.20432,2023-03-12 01:00:00,NASA,SNPP,Verified No fire,JAMBI SMF,121,2023,2023:121,2023,11545,1272405,0.0024862877420050145,371.0,True,False,-49.0,1,2023-03-11 18:49:00,-1.20434,103.37994,0,0,0,2
103.24254,-1.06348,2023-03-13 01:00:00,NASA,SNPP,Verified No fire,JAMBI SMF,125,2023,2023:125,2023,11549,1272516,0.005559141088935142,390.0,True,False,-30.0,1,2023-03-12 18:30:00,-1.06351,103.24258,0,0,1,1
103.80106,-2.0984,2023-03-13 02:00:00,NASA,NOAA20,Verified No fire,SUMSEL MUBA,127,2023,2023:127,2023,11551,584794,0.0,402.0,True,False,-18.0,1,2023-03-12 19:18:00,-2.0984,103.80106,0,0,0,0
103.35925,-1.17438,2023-03-13 02:00:00,NASA,NOAA20,Verified No fire,JAMBI SMF,128,2023,2023:128,2023,11552,584796,0.0,402.0,True,False,-18.0,1,2023-03-12 19:18:00,-1.17438,103.35925,0,0,0,0
103.24341,-1.06332,2023-03-13 02:00:00,NASA,NOAA20,Verified No fire,JAMBI SMF,129,2023,2023:129,2023,11553,584797,0.0,402.0,True,False,-18.0,1,2023-03-12 19:18:00,-1.06332,103.24341,0,0,1,1
103.38161,-1.20427,2023-03-13 02:00:00,NASA,NOAA20,Verified No fire,JAMBI SMF,130,2023,2023:130,2023,11554,584795,0.0,402.0,True,False,-18.0,1,2023-03-12 19:18:00,-1.20427,103.38161,0,0,1,1
103.24311,-1.06132,2023-03-16 01:00:00,NASA,NOAA20,Verified No fire,JAMBI SMF,131,2023,2023:131,2023,11555,585037,0.0,398.0,True,False,-22.0,1,2023-03-15 18:22:00,-1.06132,103.24311,0,0,2,2
103.35858,-1.17402,2023-03-16 01:00:00,NASA,NOAA20,Verified No fire,JAMBI SMF,132,2023,2023:132,2023,11556,585039,0.0,398.0,True,False,-22.0,1,2023-03-15 18:22:00,-1.17402,103.35858,0,0,2,4
103.46068573,-1.14054823,2023-03-16 01:00:00,LAPAN,NOAA20,Verified No fire,JAMBI SMF,133,2023,2023:133,2023,11557,585038,0.03148997786876508,398.0,True,False,-22.0,1,2023-03-15 18:22:00,-1.14067,103.46043,0,0,0,0
103.31871033,-1.18176782,2023-03-16 01:00:00,LAPAN,NOAA20,Verified No fire,JAMBI SMF,134,2023,2023:134,2023,11558,585040,0.03298113812807049,398.0,True,False,-22.0,1,2023-03-15 18:22:00,-1.18189,103.31844,0,0,1,1
103.33860016,-2.54123831,2023-03-16 01:00:00,LAPAN,NOAA20,Verified No fire,SUMSEL MUBA,135,2023,2023:135,2023,11559,585044,0.015559436444164229,398.0,True,False,-22.0,1,2023-03-15 18:22:00,-2.54129,103.33847,0,0,0,0
103.38132,-1.20241,2023-03-16 01:00:00,NASA,NOAA20,Verified No fire,JAMBI SMF,136,2023,2023:136,2023,11560,585041,0.0,398.0,True,False,-22.0,1,2023-03-15 18:22:00,-1.20241,103.38132,0,0,0,2
103.3815918,-1.20229542,2023-03-16 01:00:00,LAPAN,NOAA20,Verified No fire,JAMBI SMF,137,2023,2023:137,2023,11561,585041,0.032792424334054646,398.0,True,False,-22.0,1,2023-03-15 18:22:00,-1.20241,103.38132,0,0,0,2
103.46043,-1.14067,2023-03-16 01:00:00,NASA,NOAA20,Verified No fire,JAMBI SMF,138,2023,2023:138,2023,11562,585038,0.0,398.0,True,False,-22.0,1,2023-03-15 18:22:00,-1.14067,103.46043,0,0,0,0
103.31844,-1.18189,2023-03-16 01:00:00,NASA,NOAA20,Verified No fire,JAMBI SMF,139,2023,2023:139,2023,11563,585040,0.0,398.0,True,False,-22.0,1,2023-03-15 18:22:00,-1.18189,103.31844,0,0,1,1
103.35884857,-1.17390621,2023-03-16 01:00:00,LAPAN,NOAA20,Verified No fire,JAMBI SMF,140,2023,2023:140,2023,11564,585039,0.03242775924219935,398.0,True,False,-22.0,1,2023-03-15 18:22:00,-1.17402,103.35858,0,0,2,4
103.33847,-2.54129,2023-03-16 01:00:00,NASA,NOAA20,Verified No fire,SUMSEL MUBA,141,2023,2023:141,2023,11565,585044,0.0,398.0,True,False,-22.0,1,2023-03-15 18:22:00,-2.54129,103.33847,0,0,0,0
103.31685,-1.18188,2023-03-16 02:00:00,NASA,SNPP,Verified No fire,JAMBI SMF,148,2023,2023:148,2023,11572,1272753,0.028692045669583863,406.0,True,False,-14.0,1,2023-03-15 19:14:00,-1.18173,103.31664,0,0,1,1
103.79816,-2.10233,2023-03-17 01:00:00,NASA,NOAA20,Verified No fire,SUMSEL MUBA,155,2023,2023:155,2023,11579,585167,0.0,417.0,True,False,-3.0,1,2023-03-16 18:03:00,-2.10233,103.79816,0,0,1,1
103.08736,-1.31713,2023-03-17 01:00:00,NASA,SNPP,Verified No fire,JAMBI SMF,158,2023,2023:158,2023,11582,1272860,0.007861640824669378,365.0,True,False,-55.0,1,2023-03-16 18:55:00,-1.31718,103.08731,0,0,0,0
103.79803,-2.10216,2023-03-17 01:00:00,NASA,SNPP,Verified No fire,SUMSEL MUBA,159,2023,2023:159,2023,11583,1272861,0.005984564488468099,365.0,True,False,-55.0,1,2023-03-16 18:55:00,-2.10214,103.79798,0,0,1,2
103.38688,-1.03729,2023-03-17 01:00:00,NASA,NOAA20,Verified No fire,JAMBI SMF,160,2023,2023:160,2023,11584,585161,0.0,417.0,True,False,-3.0,1,2023-03-16 18:03:00,-1.03729,103.38688,0,0,0,0
103.3579,-1.17541,2023-03-18 00:00:00,NASA,NOAA20,Verified No fire,JAMBI SMF,171,2023,2023:171,2023,11595,585298,0.0,376.0,True,False,-44.0,1,2023-03-17 17:44:00,-1.17541,103.3579,0,0,1,3
103.35844421,-1.17547655,2023-03-18 00:00:00,LAPAN,NOAA20,Verified No fire,JAMBI SMF,172,2023,2023:172,2023,11596,585298,0.06095162095358575,376.0,True,False,-44.0,1,2023-03-17 17:44:00,-1.17541,103.3579,0,0,1,3
103.79768,-2.10216,2023-03-18 01:00:00,NASA,SNPP,Verified No fire,SUMSEL MUBA,174,2023,2023:174,2023,11598,1272965,0.0,384.0,True,False,-36.0,1,2023-03-17 18:36:00,-2.10216,103.79768,0,0,0,2
103.38612,-1.04071,2023-03-18 01:00:00,NASA,SNPP,Verified No fire,JAMBI SMF,175,2023,2023:175,2023,11599,1272972,0.00111176737639943,384.0,True,False,-36.0,1,2023-03-17 18:36:00,-1.04071,103.38613,0,0,0,0
103.22683716,-2.564466,2023-03-18 01:00:00,LAPAN,SNPP,Verified No fire,SUMSEL MUBA,176,2023,2023:176,2023,11600,1272962,0.07623333800248026,384.0,True,False,-36.0,1,2023-03-17 18:36:00,-2.56408,103.22627,0,0,0,0
103.46120453,-1.14030898,2023-03-18 01:00:00,LAPAN,SNPP,Verified No fire,JAMBI SMF,177,2023,2023:177,2023,11601,1272974,0.05816112412481928,384.0,True,False,-36.0,1,2023-03-17 18:36:00,-1.14005,103.46075,0,0,0,0
103.41772,-1.11609,2023-03-18 01:00:00,NASA,SNPP,Verified No fire,JAMBI SMF,178,2023,2023:178,2023,11602,1272973,0.005559078951798713,384.0,True,False,-36.0,1,2023-03-17 18:36:00,-1.11612,103.41776,0,0,0,0
103.38684845,-1.04058397,2023-03-18 01:00:00,LAPAN,SNPP,Verified No fire,JAMBI SMF,182,2023,2023:182,2023,11606,1272972,0.08109496962304959,384.0,True,False,-36.0,1,2023-03-17 18:36:00,-1.04071,103.38613,0,0,0,0
103.38276,-2.53575,2023-03-18 01:00:00,NASA,SNPP,Verified No fire,SUMSEL MUBA,183,2023,2023:183,2023,11607,1272963,0.01351457767230207,384.0,True,False,-36.0,1,2023-03-17 18:36:00,-2.53573,103.38264,0,0,0,0
103.35801,-1.17411,2023-03-18 01:00:00,NASA,SNPP,Verified No fire,JAMBI SMF,184,2023,2023:184,2023,11608,1272975,0.00157237083532122,384.0,True,False,-36.0,1,2023-03-17 18:36:00,-1.1741,103.35802,0,0,1,1
103.22634,-2.56412,2023-03-18 01:00:00,NASA,SNPP,Verified No fire,SUMSEL MUBA,187,2023,2023:187,2023,11611,1272962,0.008958068569779976,384.0,True,False,-36.0,1,2023-03-17 18:36:00,-2.56408,103.22627,0,0,0,0
103.35874176,-1.17406547,2023-03-18 01:00:00,LAPAN,SNPP,Verified No fire,JAMBI SMF,188,2023,2023:188,2023,11612,1272975,0.08033112352096833,384.0,True,False,-36.0,1,2023-03-17 18:36:00,-1.1741,103.35802,0,0,1,1
103.41821289,-1.116395,2023-03-18 01:00:00,LAPAN,SNPP,Verified No fire,JAMBI SMF,189,2023,2023:189,2023,11613,1272973,0.058907844647193355,384.0,True,False,-36.0,1,2023-03-17 18:36:00,-1.11612,103.41776,0,0,0,0
103.46072,-1.14002,2023-03-18 01:00:00,NASA,SNPP,Verified No fire,JAMBI SMF,190,2023,2023:190,2023,11614,1272974,0.0047171408236105624,384.0,True,False,-36.0,1,2023-03-17 18:36:00,-1.14005,103.46075,0,0,0,0
105.66969,-2.91069,2023-03-18 13:00:00,NASA,Aqua,Verified No fire,SUMSEL,192,2023,2023:192,2023,11616,91400,0.045603506294773166,398.0,True,False,-22.0,1,2023-03-18 06:22:00,-2.9111,105.6697,0,0,0,0
105.61298,-2.89357,2023-03-18 13:00:00,NASA,Aqua,Verified No fire,SUMSEL,193,2023,2023:193,2023,11617,91401,0.036761534225920454,398.0,True,False,-22.0,1,2023-03-18 06:22:00,-2.8939,105.613,0,0,0,0
103.79901,-2.10239,2023-03-19 01:00:00,NASA,SNPP,Verified No fire,SUMSEL MUBA,197,2023,2023:197,2023,11621,1273143,0.008090086345660295,402.0,True,False,-18.0,1,2023-03-18 18:18:00,-2.10237,103.79894,0,0,0,1
103.24426,-1.06359,2023-03-19 01:00:00,NASA,SNPP,Verified No fire,JAMBI SMF,199,2023,2023:199,2023,11623,1273114,0.0055591409630853135,403.0,True,False,-17.0,1,2023-03-18 18:17:00,-1.06362,103.24422,0,0,0,0
103.22617,-2.56508,2023-03-19 02:00:00,NASA,NOAA20,Verified No fire,SUMSEL MUBA,200,2023,2023:200,2023,11624,585468,0.0,414.0,True,False,-6.0,1,2023-03-18 19:06:00,-2.56508,103.22617,0,0,0,0
103.37078,-1.18584,2023-03-19 02:00:00,NASA,NOAA20,Verified No fire,JAMBI SMF,201,2023,2023:201,2023,11625,585466,0.0,414.0,True,False,-6.0,1,2023-03-18 19:06:00,-1.18584,103.37078,0,0,1,3
103.46091,-1.14042,2023-03-19 02:00:00,NASA,NOAA20,Verified No fire,JAMBI SMF,202,2023,2023:202,2023,11626,585467,0.0,414.0,True,False,-6.0,1,2023-03-18 19:06:00,-1.14042,103.46091,0,0,0,0
103.33562,-2.53802,2023-03-19 02:00:00,NASA,NOAA20,Verified No fire,SUMSEL MUBA,203,2023,2023:203,2023,11627,585469,0.0,414.0,True,False,-6.0,1,2023-03-18 19:06:00,-2.53802,103.33562,0,0,0,1
103.33821,-1.16463,2023-03-19 02:00:00,NASA,NOAA20,Verified No fire,JAMBI SMF,204,2023,2023:204,2023,11628,585464,0.0,414.0,True,False,-6.0,1,2023-03-18 19:06:00,-1.16463,103.33821,0,0,0,0
103.38111,-1.20362,2023-03-19 02:00:00,NASA,NOAA20,Verified No fire,JAMBI SMF,205,2023,2023:205,2023,11629,585465,0.0,414.0,True,False,-6.0,1,2023-03-18 19:06:00,-1.20362,103.38111,0,0,1,1
103.33726,-2.54152,2023-03-20 01:00:00,NASA,NOAA20,Verified No fire,SUMSEL MUBA,207,2023,2023:207,2023,11631,585623,0.0,373.0,True,False,-47.0,1,2023-03-19 18:47:00,-2.54152,103.33726,0,0,0,1
103.33761597,-2.54145837,2023-03-20 01:00:00,LAPAN,NOAA20,Verified No fire,SUMSEL MUBA,208,2023,2023:208,2023,11632,585623,0.04013260450651749,373.0,True,False,-47.0,1,2023-03-19 18:47:00,-2.54152,103.33726,0,0,0,1
103.80142,-2.10004,2023-03-20 01:00:00,NASA,NOAA20,Verified No fire,SUMSEL MUBA,212,2023,2023:212,2023,11636,585622,0.0,373.0,True,False,-47.0,1,2023-03-19 18:47:00,-2.10004,103.80142,0,0,0,0
103.24271,-1.06057,2023-03-23 00:00:00,NASA,NOAA20,Verified No fire,JAMBI SMF,221,2023,2023:221,2023,11645,585808,0.0,370.0,True,False,-50.0,1,2023-03-22 17:50:00,-1.06057,103.24271,0,0,1,1
103.33788,-1.16601,2023-03-23 00:00:00,NASA,NOAA20,Verified No fire,JAMBI SMF,226,2023,2023:226,2023,11650,585811,0.0,370.0,True,False,-50.0,1,2023-03-22 17:50:00,-1.16601,103.33788,0,0,1,1
103.244,-1.06371,2023-03-23 01:00:00,NASA,SNPP,Verified No fire,JAMBI SMF,230,2023,2023:230,2023,11654,1273540,0.0035162365885443828,378.0,True,False,-42.0,1,2023-03-22 18:42:00,-1.06374,103.24401,0,0,1,1
103.33834,-1.16807,2023-03-23 01:00:00,NASA,SNPP,Verified No fire,JAMBI SMF,232,2023,2023:232,2023,11656,1273538,0.004447803209374651,378.0,True,False,-42.0,1,2023-03-22 18:42:00,-1.16811,103.33834,0,0,1,3
103.79681,-2.10229,2023-03-23 01:00:00,NASA,SNPP,Verified No fire,SUMSEL MUBA,237,2023,2023:237,2023,11661,1273549,0.009944251817668632,377.0,True,False,-43.0,1,2023-03-22 18:43:00,-2.10237,103.79685,0,0,3,3
105.28022,-2.75384,2023-03-24 01:00:00,NASA,SNPP,Verified No fire,SUMSEL,241,2023,2023:241,2023,11665,1273674,0.008086481515231288,396.0,True,False,-24.0,1,2023-03-23 18:24:00,-2.75382,105.28029,0,0,0,0
103.24168,-1.06148,2023-03-25 01:00:00,NASA,NOAA20,Verified No fire,JAMBI SMF,253,2023,2023:253,2023,11677,586116,0.0,367.0,True,False,-53.0,1,2023-03-24 18:53:00,-1.06148,103.24168,0,0,0,0
103.34039,-1.16764,2023-03-25 01:00:00,NASA,NOAA20,Verified No fire,JAMBI SMF,255,2023,2023:255,2023,11679,586117,0.0,367.0,True,False,-53.0,1,2023-03-24 18:53:00,-1.16764,103.34039,0,0,0,0
103.33904,-1.16875,2023-03-29 01:00:00,NASA,SNPP,Verified No fire,JAMBI SMF,261,2023,2023:261,2023,11685,1273989,0.0024859837722850863,390.0,True,False,-30.0,1,2023-03-28 18:30:00,-1.16874,103.33902,0,0,0,1
103.24242,-1.06022,2023-03-29 02:00:00,NASA,NOAA20,Verified No fire,JAMBI SMF,262,2023,2023:262,2023,11686,586338,0.0,402.0,True,False,-18.0,1,2023-03-28 19:18:00,-1.06022,103.24242,0,0,0,2
103.79752,-2.10085,2023-03-30 01:00:00,NASA,SNPP,Verified No fire,SUMSEL MUBA,266,2023,2023:266,2023,11690,1274029,0.005984568813498226,409.0,True,False,-11.0,1,2023-03-29 18:11:00,-2.10083,103.79757,0,0,0,0
103.24406,-1.06199,2023-03-30 01:00:00,NASA,SNPP,Verified No fire,JAMBI SMF,268,2023,2023:268,2023,11692,1274023,0.0011117598005022495,409.0,True,False,-11.0,1,2023-03-29 18:11:00,-1.06199,103.24405,0,0,1,2
103.33755,-1.16754,2023-03-30 01:00:00,NASA,SNPP,Verified No fire,JAMBI SMF,271,2023,2023:271,2023,11695,1274021,0.012578981309250501,409.0,True,False,-11.0,1,2023-03-29 18:11:00,-1.16762,103.33747,0,0,1,2
103.41794,-1.11558,2023-03-30 01:00:00,NASA,SNPP,Verified No fire,JAMBI SMF,273,2023,2023:273,2023,11697,1274022,0.0022234800756220003,409.0,True,False,-11.0,1,2023-03-29 18:11:00,-1.11558,103.41792,0,0,0,0
103.2434,-1.06344,2023-03-30 02:00:00,NASA,NOAA20,Verified No fire,JAMBI SMF,274,2023,2023:274,2023,11698,586404,0.0,420.0,True,False,0.0,1,2023-03-29 19:00:00,-1.06344,103.2434,0,0,1,2
103.33791,-1.16635,2023-03-30 02:00:00,NASA,NOAA20,Verified No fire,JAMBI SMF,276,2023,2023:276,2023,11700,586405,0.0,420.0,True,False,0.0,1,2023-03-29 19:00:00,-1.16635,103.33791,0,0,1,1
103.37189,-1.19074,2023-04-01 01:00:00,NASA,NOAA20,Verified No fire,JAMBI SMF,278,2023,2023:278,2023,11702,586496,0.0,398.0,True,False,-22.0,1,2023-03-31 18:22:00,-1.19074,103.37189,0,0,0,0
105.28217,-2.75277,2023-04-01 01:00:00,NASA,NOAA20,Verified No fire,SUMSEL,279,2023,2023:279,2023,11703,586497,0.0,398.0,True,False,-22.0,1,2023-03-31 18:22:00,-2.75277,105.28217,0,0,0,0
103.24326,-1.06172,2023-04-01 01:00:00,NASA,NOAA20,Verified No fire,JAMBI SMF,280,2023,2023:280,2023,11704,586494,0.0,398.0,True,False,-22.0,1,2023-03-31 18:22:00,-1.06172,103.24326,0,0,0,0
103.80069,-2.09947,2023-04-02 01:00:00,NASA,NOAA20,Verified No fire,SUMSEL MUBA,281,2023,2023:281,2023,11705,586528,0.0,417.0,True,False,-3.0,1,2023-04-01 18:03:00,-2.09947,103.80069,0,0,0,0
103.79833,-2.10159,2023-04-03 01:00:00,NASA,SNPP,Verified No fire,SUMSEL MUBA,282,2023,2023:282,2023,11706,1274184,0.011114722025538253,383.0,True,False,-37.0,1,2023-04-02 18:37:00,-2.10153,103.79825,0,0,0,0
103.38088226,-1.20309806,2023-04-05 13:00:00,LAPAN,SNPP,Verified No fire,JAMBI SMF,285,2023,2023:285,2023,11709,1274325,0.08479444132584081,381.0,True,False,-39.0,1,2023-04-05 06:39:00,-1.20284,103.3816,0,0,0,0
103.38162,-1.20286,2023-04-05 13:00:00,NASA,SNPP,Verified No fire,JAMBI SMF,286,2023,2023:286,2023,11710,1274325,0.0031447253059033557,381.0,True,False,-39.0,1,2023-04-05 06:39:00,-1.20284,103.3816,0,0,0,0
103.38098,-1.20488,2023-04-09 01:00:00,NASA,SNPP,Verified No fire,JAMBI SMF,291,2023,2023:291,2023,11715,1274529,0.008683826515835347,396.0,True,False,-24.0,1,2023-04-08 18:24:00,-1.20482,103.38093,0,0,0,0
103.37173,-1.18917,2023-04-09 01:00:00,NASA,SNPP,Verified No fire,JAMBI SMF,292,2023,2023:292,2023,11716,1274530,0.008683846901198153,396.0,True,False,-24.0,1,2023-04-08 18:24:00,-1.18911,103.37168,0,0,0,0
103.3395,-1.16983,2023-04-09 01:00:00,NASA,SNPP,Verified No fire,JAMBI SMF,293,2023,2023:293,2023,11717,1274531,0.00868387162808954,396.0,True,False,-24.0,1,2023-04-08 18:24:00,-1.16977,103.33945,0,0,0,1
103.33717,-1.16958,2023-04-10 01:00:00,NASA,SNPP,Verified No fire,JAMBI SMF,294,2023,2023:294,2023,11718,1274668,0.01483233951559051,415.0,True,False,-5.0,1,2023-04-09 18:05:00,-1.16961,103.3373,0,0,0,1
103.4251,-2.29298,2023-04-10 13:00:00,NASA,SNPP,Verified No fire,SUMSEL MUBA,295,2023,2023:295,2023,11719,1274761,0.005556905317475564,375.0,True,False,-45.0,1,2023-04-10 06:45:00,-2.29301,103.42506,0,0,0,0
103.42427826,-2.29320765,2023-04-10 13:00:00,LAPAN,SNPP,Verified No fire,SUMSEL MUBA,300,2023,2023:300,2023,11724,1274761,0.08959347153985854,375.0,True,False,-45.0,1,2023-04-10 06:45:00,-2.29301,103.42506,0,0,0,0
103.34055,-1.16835,2023-04-11 01:00:00,NASA,NOAA20,Verified No fire,JAMBI SMF,301,2023,2023:301,2023,11725,587199,0.0,385.0,True,False,-35.0,1,2023-04-10 18:35:00,-1.16835,103.34055,0,0,0,2
103.24256,-1.06117,2023-04-11 01:00:00,NASA,NOAA20,Verified No fire,JAMBI SMF,306,2023,2023:306,2023,11730,587198,0.0,385.0,True,False,-35.0,1,2023-04-10 18:35:00,-1.06117,103.24256,0,0,0,1
103.38113,-1.20461,2023-04-11 13:00:00,NASA,SNPP,Verified No fire,JAMBI SMF,310,2023,2023:310,2023,11734,1274967,0.004972575387229768,394.0,True,False,-26.0,1,2023-04-11 06:26:00,-1.20457,103.38111,0,0,0,4
103.38054657,-1.20442796,2023-04-11 13:00:00,LAPAN,SNPP,Verified No fire,JAMBI SMF,312,2023,2023:312,2023,11736,1274967,0.06459739876908262,394.0,True,False,-26.0,1,2023-04-11 06:26:00,-1.20457,103.38111,0,0,0,4
103.38391,-1.04038,2023-04-12 01:00:00,NASA,NOAA20,Verified No fire,JAMBI SMF,313,2023,2023:313,2023,11737,587433,0.0,404.0,True,False,-16.0,1,2023-04-11 18:16:00,-1.04038,103.38391,0,0,0,0
103.38396454,-1.04040241,2023-04-12 01:00:00,LAPAN,NOAA20,Verified No fire,JAMBI SMF,317,2023,2023:317,2023,11741,587433,0.006555644570748339,404.0,True,False,-16.0,1,2023-04-11 18:16:00,-1.04038,103.38391,0,0,0,0
103.24479,-1.06165,2023-04-12 01:00:00,NASA,NOAA20,Verified No fire,JAMBI SMF,323,2023,2023:323,2023,11747,587434,0.0,404.0,True,False,-16.0,1,2023-04-11 18:16:00,-1.06165,103.24479,0,0,2,3
105.99737,-3.24953,2023-04-13 12:00:00,NASA,SNPP,Verified No fire,SUMSEL,332,2023,2023:332,2023,11756,1275377,0.012952135433919414,372.0,True,False,-48.0,1,2023-04-13 05:48:00,-3.24959,105.99747,0,0,0,0
104.16892,-1.94896,2023-04-13 13:00:00,NASA,Aqua,Verified No fire,SUMSEL MUBA,333,2023,2023:333,2023,11757,91955,0.07171803347237263,381.0,True,False,-39.0,1,2023-04-13 06:39:00,-1.9496,104.169,0,0,0,0
103.38212,-1.20279,2023-04-13 13:00:00,NASA,NOAA20,Verified No fire,JAMBI SMF,334,2023,2023:334,2023,11758,587745,0.0,383.0,True,False,-37.0,1,2023-04-13 06:37:00,-1.20279,103.38212,0,0,0,0
103.11893,-0.95775,2023-04-13 13:00:00,NASA,Aqua,Verified No fire,JAMBI SMF,335,2023,2023:335,2023,11759,91958,0.07269459735992874,381.0,True,False,-39.0,1,2023-04-13 06:39:00,-0.9584,103.119,0,0,0,0
103.38198853,-1.20288706,2023-04-13 13:00:00,LAPAN,NOAA20,Verified No fire,JAMBI SMF,336,2023,2023:336,2023,11760,587745,0.018168537042086663,383.0,True,False,-37.0,1,2023-04-13 06:37:00,-1.20279,103.38212,0,0,0,0
103.33595,-1.16914,2023-04-14 00:00:00,NASA,NOAA20,Verified No fire,JAMBI SMF,341,2023,2023:341,2023,11765,587885,0.0,382.0,True,False,-38.0,1,2023-04-13 17:38:00,-1.16914,103.33595,0,0,0,0
103.80027,-2.09928,2023-04-14 01:00:00,NASA,SNPP,Verified No fire,SUMSEL MUBA,342,2023,2023:342,2023,11766,1275511,0.004008367889686658,390.0,True,False,-30.0,1,2023-04-13 18:30:00,-2.09931,103.80025,0,0,0,1
103.24191,-1.06141,2023-04-14 01:00:00,NASA,SNPP,Verified No fire,JAMBI SMF,343,2023,2023:343,2023,11767,1275506,0.0011119508023737948,390.0,True,False,-30.0,1,2023-04-13 18:30:00,-1.06142,103.24191,0,0,4,5
103.24094,-1.06326,2023-04-15 01:00:00,NASA,SNPP,Verified No fire,JAMBI SMF,346,2023,2023:346,2023,11770,1275619,0.0035157522797181324,409.0,True,False,-11.0,1,2023-04-14 18:11:00,-1.06327,103.24097,0,0,1,4
103.41645,-1.15606,2023-04-15 01:00:00,NASA,SNPP,Verified No fire,JAMBI SMF,347,2023,2023:347,2023,11771,1275614,0.01343348605681806,409.0,True,False,-11.0,1,2023-04-14 18:11:00,-1.15611,103.41656,0,0,1,1
103.41713715,-1.15651703,2023-04-15 01:00:00,LAPAN,SNPP,Verified No fire,JAMBI SMF,348,2023,2023:348,2023,11772,1275614,0.07851978150743627,409.0,True,False,-11.0,1,2023-04-14 18:11:00,-1.15611,103.41656,0,0,1,1
103.41885,-1.11693,2023-04-15 01:00:00,NASA,SNPP,Verified No fire,JAMBI SMF,349,2023,2023:349,2023,11773,1275613,0.0031447730306079272,409.0,True,False,-11.0,1,2023-04-14 18:11:00,-1.11695,103.41887,0,0,0,0
103.79645,-2.10192,2023-04-15 01:00:00,NASA,SNPP,Verified No fire,SUMSEL MUBA,351,2023,2023:351,2023,11775,1275621,0.006288027823335938,408.0,True,False,-12.0,1,2023-04-14 18:12:00,-2.10196,103.79641,0,0,0,1
103.24323,-1.06311,2023-04-15 02:00:00,NASA,NOAA20,Verified No fire,JAMBI SMF,352,2023,2023:352,2023,11776,588130,0.0,420.0,True,False,0.0,1,2023-04-14 19:00:00,-1.06311,103.24323,0,0,1,4
103.4153,-1.15447,2023-04-15 02:00:00,NASA,NOAA20,Verified No fire,JAMBI SMF,353,2023,2023:353,2023,11777,588129,0.0,420.0,True,False,0.0,1,2023-04-14 19:00:00,-1.15447,103.4153,0,0,1,1
103.38179,-1.20261,2023-04-15 02:00:00,NASA,NOAA20,Verified No fire,JAMBI SMF,354,2023,2023:354,2023,11778,588128,0.0,420.0,True,False,0.0,1,2023-04-14 19:00:00,-1.20261,103.38179,0,0,0,1
103.24277,-1.0615,2023-04-16 01:00:00,NASA,NOAA20,Verified No fire,JAMBI SMF,355,2023,2023:355,2023,11779,588280,0.0,379.0,True,False,-41.0,1,2023-04-15 18:41:00,-1.0615,103.24277,0,0,0,2
103.3385,-1.16686,2023-04-16 01:00:00,NASA,NOAA20,Verified No fire,JAMBI SMF,356,2023,2023:356,2023,11780,588281,0.0,379.0,True,False,-41.0,1,2023-04-15 18:41:00,-1.16686,103.3385,0,0,0,0
103.24263,-1.06262,2023-04-16 13:00:00,NASA,SNPP,Verified No fire,JAMBI SMF,361,2023,2023:361,2023,11785,1275856,0.005987150594851675,387.0,True,False,-33.0,1,2023-04-16 06:33:00,-1.0626,103.24268,0,0,0,1
103.45420837,-2.29311609,2023-04-17 13:00:00,LAPAN,SNPP,Verified No fire,SUMSEL MUBA,362,2023,2023:362,2023,11786,1276039,0.09713128454811862,406.0,True,False,-14.0,1,2023-04-17 06:14:00,-2.29267,103.45496,0,0,0,0
103.45502,-2.29264,2023-04-17 13:00:00,NASA,SNPP,Verified No fire,SUMSEL MUBA,363,2023,2023:363,2023,11787,1276039,0.00745441644989771,406.0,True,False,-14.0,1,2023-04-17 06:14:00,-2.29267,103.45496,0,0,0,0
103.3371,-1.16917,2023-04-19 01:00:00,NASA,SNPP,Verified No fire,JAMBI SMF,379,2023,2023:379,2023,11803,1276291,0.011819132049470554,384.0,True,False,-36.0,1,2023-04-18 18:36:00,-1.16925,103.33717,0,0,0,0
103.37075043,-1.18792081,2023-04-19 01:00:00,LAPAN,SNPP,Verified No fire,JAMBI SMF,380,2023,2023:380,2023,11804,1276282,0.07988771233147816,384.0,True,False,-36.0,1,2023-04-18 18:36:00,-1.18812,103.37006,0,0,0,0
103.37001,-1.18804,2023-04-19 01:00:00,NASA,SNPP,Verified No fire,JAMBI SMF,383,2023,2023:383,2023,11807,1276282,0.010489489460910432,384.0,True,False,-36.0,1,2023-04-18 18:36:00,-1.18812,103.37006,0,0,0,0
103.43704987,-2.30709052,2023-04-21 13:00:00,LAPAN,SNPP,Verified No fire,SUMSEL MUBA,390,2023,2023:390,2023,11814,1276692,0.07873471583267165,381.0,True,False,-39.0,1,2023-04-21 06:39:00,-2.3072,103.43775,0,0,0,0
103.43763,-2.30726,2023-04-21 13:00:00,NASA,SNPP,Verified No fire,SUMSEL MUBA,391,2023,2023:391,2023,11815,1276692,0.014908711081854235,381.0,True,False,-39.0,1,2023-04-21 06:39:00,-2.3072,103.43775,0,0,0,0
103.38308,-1.20319,2023-04-21 13:00:00,NASA,SNPP,Verified No fire,JAMBI SMF,392,2023,2023:392,2023,11816,1276683,0.0071193465306944505,381.0,True,False,-39.0,1,2023-04-21 06:39:00,-1.20324,103.38304,0,0,0,1
103.38250732,-1.20305049,2023-04-21 13:00:00,LAPAN,SNPP,Verified No fire,JAMBI SMF,393,2023,2023:393,2023,11817,1276683,0.06285590678995959,381.0,True,False,-39.0,1,2023-04-21 06:39:00,-1.20324,103.38304,0,0,0,1
103.41841125,-1.11507547,2023-04-22 01:00:00,LAPAN,NOAA20,Verified No fire,JAMBI SMF,394,2023,2023:394,2023,11818,589166,0.015938459117265193,391.0,True,False,-29.0,1,2023-04-21 18:29:00,-1.1151,103.41827,0,0,0,0
103.37132,-1.18919,2023-04-22 01:00:00,NASA,NOAA20,Verified No fire,JAMBI SMF,395,2023,2023:395,2023,11819,589164,0.0,391.0,True,False,-29.0,1,2023-04-21 18:29:00,-1.18919,103.37132,0,0,0,2
103.33939,-1.16717,2023-04-22 01:00:00,NASA,NOAA20,Verified No fire,JAMBI SMF,396,2023,2023:396,2023,11820,589165,0.0,391.0,True,False,-29.0,1,2023-04-21 18:29:00,-1.16717,103.33939,0,0,0,0
103.41827,-1.1151,2023-04-22 01:00:00,NASA,NOAA20,Verified No fire,JAMBI SMF,397,2023,2023:397,2023,11821,589166,0.0,391.0,True,False,-29.0,1,2023-04-21 18:29:00,-1.1151,103.41827,0,0,0,0
103.38306,-1.20462,2023-04-22 01:00:00,NASA,NOAA20,Verified No fire,JAMBI SMF,398,2023,2023:398,2023,11822,589155,0.0,391.0,True,False,-29.0,1,2023-04-21 18:29:00,-1.20462,103.38306,0,0,0,2
103.24207,-1.06356,2023-04-22 01:00:00,NASA,NOAA20,Verified No fire,JAMBI SMF,399,2023,2023:399,2023,11823,589167,0.0,391.0,True,False,-29.0,1,2023-04-21 18:29:00,-1.06356,103.24207,0,0,0,0
103.22615051,-2.56284904,2023-04-22 01:00:00,LAPAN,NOAA20,Verified No fire,SUMSEL MUBA,400,2023,2023:400,2023,11824,589161,0.015983536023078254,391.0,True,False,-29.0,1,2023-04-21 18:29:00,-2.56288,103.22601,0,0,0,0
103.22601,-2.56288,2023-04-22 01:00:00,NASA,NOAA20,Verified No fire,SUMSEL MUBA,401,2023,2023:401,2023,11825,589161,0.0,391.0,True,False,-29.0,1,2023-04-21 18:29:00,-2.56288,103.22601,0,0,0,0
103.37133026,-1.18922961,2023-04-22 01:00:00,LAPAN,NOAA20,Verified No fire,JAMBI SMF,402,2023,2023:402,2023,11826,589164,0.004549733047312984,391.0,True,False,-29.0,1,2023-04-21 18:29:00,-1.18919,103.37132,0,0,0,2
103.3830719,-1.20465946,2023-04-22 01:00:00,LAPAN,NOAA20,Verified No fire,JAMBI SMF,403,2023,2023:403,2023,11827,589155,0.0045828550309608964,391.0,True,False,-29.0,1,2023-04-21 18:29:00,-1.20462,103.38306,0,0,0,2
103.10691,-2.4502,2023-04-23 13:00:00,NASA,NOAA20,Verified No fire,SUMSEL MUBA,412,2023,2023:412,2023,11836,589415,0.0,370.0,True,False,-50.0,1,2023-04-23 06:50:00,-2.4502,103.10691,0,0,0,0
103.10687256,-2.45016336,2023-04-23 13:00:00,LAPAN,NOAA20,Verified No fire,SUMSEL MUBA,413,2023,2023:413,2023,11837,589415,0.005822293031361118,370.0,True,False,-50.0,1,2023-04-23 06:50:00,-2.4502,103.10691,0,0,0,0
103.33831,-1.16706,2023-04-26 01:00:00,NASA,NOAA20,Verified No fire,JAMBI SMF,416,2023,2023:416,2023,11840,589737,0.0,366.0,True,False,-54.0,1,2023-04-25 18:54:00,-1.16706,103.33831,0,0,0,0
103.3812,-1.20385,2023-04-26 13:00:00,NASA,SNPP,Verified No fire,JAMBI SMF,420,2023,2023:420,2023,11844,1277506,0.016528339644912873,375.0,True,False,-45.0,1,2023-04-26 06:45:00,-1.20375,103.38131,0,0,0,2
103.38255,-1.20251,2023-04-27 01:00:00,NASA,NOAA20,Verified No fire,JAMBI SMF,422,2023,2023:422,2023,11846,589868,0.0,385.0,True,False,-35.0,1,2023-04-26 18:35:00,-1.20251,103.38255,0,0,0,3
103.38256836,-1.20258033,2023-04-27 01:00:00,LAPAN,NOAA20,Verified No fire,JAMBI SMF,423,2023,2023:423,2023,11847,589868,0.008082322109030515,385.0,True,False,-35.0,1,2023-04-26 18:35:00,-1.20251,103.38255,0,0,0,3
103.38323975,-1.2050451,2023-04-28 01:00:00,LAPAN,NOAA20,Verified No fire,JAMBI SMF,424,2023,2023:424,2023,11848,589932,0.005014975131429724,404.0,True,False,-16.0,1,2023-04-27 18:16:00,-1.205,103.38324,0,0,0,2
103.38324,-1.205,2023-04-28 01:00:00,NASA,NOAA20,Verified No fire,JAMBI SMF,425,2023,2023:425,2023,11849,589932,0.0,404.0,True,False,-16.0,1,2023-04-27 18:16:00,-1.205,103.38324,0,0,0,2
103.33785,-1.17029,2023-04-29 00:00:00,NASA,NOAA20,Verified No fire,JAMBI SMF,430,2023,2023:430,2023,11854,590019,0.0,363.0,True,False,-57.0,1,2023-04-28 17:57:00,-1.17029,103.33785,0,0,1,1
103.38061,-1.20474,2023-04-29 01:00:00,NASA,SNPP,Verified No fire,JAMBI SMF,435,2023,2023:435,2023,11859,1277767,0.02345658127734219,371.0,True,False,-49.0,1,2023-04-28 18:49:00,-1.20453,103.38059,0,0,1,2
103.38143158,-1.20454538,2023-04-29 01:00:00,LAPAN,SNPP,Verified No fire,JAMBI SMF,436,2023,2023:436,2023,11860,1277767,0.09357450562565721,371.0,True,False,-49.0,1,2023-04-28 18:49:00,-1.20453,103.38059,0,0,1,2
103.33904,-1.16713,2023-04-29 01:00:00,NASA,SNPP,Verified No fire,JAMBI SMF,437,2023,2023:437,2023,11861,1277765,0.023587940733328018,371.0,True,False,-49.0,1,2023-04-28 18:49:00,-1.16692,103.33901,0,0,1,2
103.24441,-1.06367,2023-04-29 01:00:00,NASA,SNPP,Verified No fire,JAMBI SMF,438,2023,2023:438,2023,11862,1277766,0.00896445376679412,371.0,True,False,-49.0,1,2023-04-28 18:49:00,-1.0636,103.24445,0,0,2,2
103.33984,-1.1685,2023-04-30 01:00:00,NASA,SNPP,Verified No fire,JAMBI SMF,439,2023,2023:439,2023,11863,1277843,0.04723959003981383,390.0,True,False,-30.0,1,2023-04-29 18:30:00,-1.16812,103.33965,0,0,1,2
103.33781,-1.16944,2023-04-30 02:00:00,NASA,NOAA20,Verified No fire,JAMBI SMF,444,2023,2023:444,2023,11868,590132,0.0,401.0,True,False,-19.0,1,2023-04-29 19:19:00,-1.16944,103.33781,0,0,1,1
103.24216,-1.06031,2023-04-30 02:00:00,NASA,NOAA20,Verified No fire,JAMBI SMF,448,2023,2023:448,2023,11872,590133,0.0,401.0,True,False,-19.0,1,2023-04-29 19:19:00,-1.06031,103.24216,0,0,0,0
103.30613708,-2.53381133,2023-04-30 13:00:00,LAPAN,NOAA20,Verified No fire,SUMSEL MUBA,449,2023,2023:449,2023,11873,590172,0.0215616280106406,402.0,True,False,-18.0,1,2023-04-30 06:18:00,-2.53379,103.30633,0,0,0,0
103.30633,-2.53379,2023-04-30 13:00:00,NASA,NOAA20,Verified No fire,SUMSEL MUBA,450,2023,2023:450,2023,11874,590172,0.0,402.0,True,False,-18.0,1,2023-04-30 06:18:00,-2.53379,103.30633,0,0,0,0
103.24345,-1.06361,2023-05-02 00:00:00,NASA,SNPP,Verified No fire,JAMBI SMF,455,2023,2023:455,2023,11879,1277984,0.0628908160738513,368.0,True,False,-52.0,1,2023-05-01 17:52:00,-1.06353,103.24401,0,0,1,1
105.28190613,-2.75347972,2023-05-02 01:00:00,LAPAN,NOAA20,Verified No fire,SUMSEL,457,2023,2023:457,2023,11881,590301,0.023837798688094932,378.0,True,False,-42.0,1,2023-05-01 18:42:00,-2.75342,105.2817,0,0,0,0
105.2817,-2.75342,2023-05-02 01:00:00,NASA,NOAA20,Verified No fire,SUMSEL,458,2023,2023:458,2023,11882,590301,0.0,378.0,True,False,-42.0,1,2023-05-01 18:42:00,-2.75342,105.2817,0,0,0,0
103.3394,-1.16798,2023-05-02 01:00:00,NASA,NOAA20,Verified No fire,JAMBI SMF,461,2023,2023:461,2023,11885,590288,0.0,379.0,True,False,-41.0,1,2023-05-01 18:41:00,-1.16798,103.3394,0,0,0,1
103.24421,-1.06224,2023-05-02 01:00:00,NASA,NOAA20,Verified No fire,JAMBI SMF,464,2023,2023:464,2023,11888,590281,0.0,379.0,True,False,-41.0,1,2023-05-01 18:41:00,-1.06224,103.24421,0,0,1,1
103.38227081,-1.20216596,2023-05-02 13:00:00,LAPAN,SNPP,Verified No fire,JAMBI SMF,465,2023,2023:465,2023,11889,1278041,0.07788717098636552,388.0,True,False,-32.0,1,2023-05-02 06:32:00,-1.20182,103.38288,0,0,0,6
103.38295,-1.20189,2023-05-02 13:00:00,NASA,SNPP,Verified No fire,JAMBI SMF,467,2023,2023:467,2023,11891,1278041,0.011006540577302434,388.0,True,False,-32.0,1,2023-05-02 06:32:00,-1.20182,103.38288,0,0,0,6
104.07189941,-2.07152939,2023-05-03 01:00:00,LAPAN,NOAA20,Verified No fire,SUMSEL MUBA,471,2023,2023:471,2023,11895,590416,0.006707905927215664,397.0,True,False,-23.0,1,2023-05-02 18:23:00,-2.07147,104.07191,0,0,2,2
104.07191,-2.07147,2023-05-03 01:00:00,NASA,NOAA20,Verified No fire,SUMSEL MUBA,476,2023,2023:476,2023,11900,590416,0.0,397.0,True,False,-23.0,1,2023-05-02 18:23:00,-2.07147,104.07191,0,0,2,2
103.34031,-1.16766,2023-05-03 01:00:00,NASA,NOAA20,Verified No fire,JAMBI SMF,477,2023,2023:477,2023,11901,590401,0.0,398.0,True,False,-22.0,1,2023-05-02 18:22:00,-1.16766,103.34031,0,0,0,1
103.24124,-1.06131,2023-05-03 02:00:00,NASA,SNPP,Verified No fire,JAMBI SMF,480,2023,2023:480,2023,11904,1278174,0.04409882493669044,406.0,True,False,-14.0,1,2023-05-02 19:14:00,-1.06098,103.24102,0,0,0,0
103.33949,-1.16685,2023-05-04 01:00:00,NASA,SNPP,Verified No fire,JAMBI SMF,484,2023,2023:484,2023,11908,1278288,0.009498784592117697,365.0,True,False,-55.0,1,2023-05-03 18:55:00,-1.16688,103.33941,0,0,0,0
103.79591,-2.10135,2023-05-05 01:00:00,NASA,SNPP,Verified No fire,SUMSEL MUBA,489,2023,2023:489,2023,11913,1278377,0.004444812196484947,384.0,True,False,-36.0,1,2023-05-04 18:36:00,-2.10135,103.79587,0,0,0,0
103.24175,-1.0629,2023-05-05 01:00:00,NASA,SNPP,Verified No fire,JAMBI SMF,490,2023,2023:490,2023,11914,1278381,0.004972624038251028,384.0,True,False,-36.0,1,2023-05-04 18:36:00,-1.06294,103.24177,0,0,0,0
103.38482666,-1.03922403,2023-05-06 01:00:00,LAPAN,SNPP,Verified No fire,JAMBI SMF,492,2023,2023:492,2023,11916,1278452,0.09252287215698708,403.0,True,False,-17.0,1,2023-05-05 18:17:00,-1.03932,103.384,0,0,0,0
103.46312,-1.14038,2023-05-06 01:00:00,NASA,SNPP,Verified No fire,JAMBI SMF,493,2023,2023:493,2023,11917,1278448,0.025207482402819448,403.0,True,False,-17.0,1,2023-05-05 18:17:00,-1.14055,103.46327,0,0,0,0
103.38385,-1.03917,2023-05-06 01:00:00,NASA,SNPP,Verified No fire,JAMBI SMF,494,2023,2023:494,2023,11918,1278452,0.023586098620196626,403.0,True,False,-17.0,1,2023-05-05 18:17:00,-1.03932,103.384,0,0,0,0
103.48638,-1.29857,2023-05-06 01:00:00,NASA,SNPP,Verified No fire,JAMBI SMF,495,2023,2023:495,2023,11919,1278449,0.01197565242814578,403.0,True,False,-17.0,1,2023-05-05 18:17:00,-1.29867,103.48642,0,0,0,0
103.46370697,-1.14080477,2023-05-06 01:00:00,LAPAN,SNPP,Verified No fire,JAMBI SMF,496,2023,2023:496,2023,11920,1278448,0.056236010483517146,403.0,True,False,-17.0,1,2023-05-05 18:17:00,-1.14055,103.46327,0,0,0,0
103.79877,-2.10177,2023-05-10 00:00:00,NASA,NOAA20,Verified No fire,SUMSEL MUBA,497,2023,2023:497,2023,11921,590915,0.0,369.0,True,False,-51.0,1,2023-05-09 17:51:00,-2.10177,103.79877,0,0,0,0
103.34026,-1.16797,2023-05-11 01:00:00,NASA,SNPP,Verified No fire,JAMBI SMF,502,2023,2023:502,2023,11926,1278732,0.013571196860732429,397.0,True,False,-23.0,1,2023-05-10 18:23:00,-1.1679,103.34016,0,0,0,1
103.2414,-1.06209,2023-05-11 01:00:00,NASA,SNPP,Verified No fire,JAMBI SMF,503,2023,2023:503,2023,11927,1278731,0.032413881925404675,397.0,True,False,-23.0,1,2023-05-10 18:23:00,-1.06198,103.24113,0,0,1,3
103.24324,-1.06062,2023-05-11 02:00:00,NASA,NOAA20,Verified No fire,JAMBI SMF,509,2023,2023:509,2023,11933,591026,0.0,407.0,True,False,-13.0,1,2023-05-10 19:13:00,-1.06062,103.24324,0,0,1,3
103.24165,-1.0628,2023-05-12 01:00:00,NASA,SNPP,Verified No fire,JAMBI SMF,515,2023,2023:515,2023,11939,1278885,0.01572270780901075,415.0,True,False,-5.0,1,2023-05-11 18:05:00,-1.06282,103.24179,0,0,0,2
103.79848,-2.10109,2023-05-12 01:00:00,NASA,SNPP,Verified No fire,SUMSEL MUBA,520,2023,2023:520,2023,11944,1278880,0.00868116816331574,415.0,True,False,-5.0,1,2023-05-11 18:05:00,-2.10104,103.79854,0,0,1,3
103.3377,-1.16647,2023-05-12 01:00:00,NASA,SNPP,Verified No fire,JAMBI SMF,522,2023,2023:522,2023,11946,1278873,0.011118033238505928,415.0,True,False,-5.0,1,2023-05-11 18:05:00,-1.16653,103.33778,0,0,1,2
103.79956,-2.09838,2023-05-12 01:00:00,NASA,NOAA20,Verified No fire,SUMSEL MUBA,523,2023,2023:523,2023,11947,591151,0.0,366.0,True,False,-54.0,1,2023-05-11 18:54:00,-2.09838,103.79956,0,0,1,2
103.33976,-1.1682,2023-05-12 01:00:00,NASA,NOAA20,Verified No fire,JAMBI SMF,524,2023,2023:524,2023,11948,591147,0.0,366.0,True,False,-54.0,1,2023-05-11 18:54:00,-1.1682,103.33976,0,0,1,2
103.36904,-1.19056,2023-05-13 00:00:00,NASA,SNPP,Verified No fire,JAMBI SMF,526,2023,2023:526,2023,11950,1279083,0.02004298204233385,374.0,True,False,-46.0,1,2023-05-12 17:46:00,-1.19066,103.36919,0,0,1,4
103.38431,-1.03968,2023-05-13 01:00:00,NASA,NOAA20,Verified No fire,JAMBI SMF,527,2023,2023:527,2023,11951,591320,0.0,385.0,True,False,-35.0,1,2023-05-12 18:35:00,-1.03968,103.38431,0,0,0,1
103.33896,-1.16866,2023-05-13 01:00:00,NASA,NOAA20,Verified No fire,JAMBI SMF,528,2023,2023:528,2023,11952,591317,0.0,385.0,True,False,-35.0,1,2023-05-12 18:35:00,-1.16866,103.33896,0,0,0,2
103.24513,-1.06213,2023-05-13 01:00:00,NASA,NOAA20,Verified No fire,JAMBI SMF,529,2023,2023:529,2023,11953,591303,0.0,385.0,True,False,-35.0,1,2023-05-12 18:35:00,-1.06213,103.24513,0,0,0,1
103.79852,-2.09976,2023-05-13 01:00:00,NASA,NOAA20,Verified No fire,SUMSEL MUBA,531,2023,2023:531,2023,11955,591308,0.0,385.0,True,False,-35.0,1,2023-05-12 18:35:00,-2.09976,103.79852,0,0,0,1
103.3594,-1.17528,2023-05-13 01:00:00,NASA,NOAA20,Verified No fire,JAMBI SMF,532,2023,2023:532,2023,11956,591316,0.0,385.0,True,False,-35.0,1,2023-05-12 18:35:00,-1.17528,103.3594,0,0,0,0
105.27986,-2.75197,2023-05-13 01:00:00,NASA,NOAA20,Verified No fire,SUMSEL,533,2023,2023:533,2023,11957,591306,0.0,385.0,True,False,-35.0,1,2023-05-12 18:35:00,-2.75197,105.27986,0,0,0,0
103.4619,-1.14071,2023-05-13 01:00:00,NASA,NOAA20,Verified No fire,JAMBI SMF,536,2023,2023:536,2023,11960,591319,0.0,385.0,True,False,-35.0,1,2023-05-12 18:35:00,-1.14071,103.4619,0,0,0,1
102.86489,-1.12519,2023-05-13 13:00:00,NASA,SNPP,Verified Fire,JAMBI SMF,538,2023,2023:538,2023,11962,1279215,0.009944056097666356,394.0,True,False,-26.0,1,2023-05-13 06:26:00,-1.12523,102.86497,0,0,0,0
105.52117,-3.69697,2023-05-13 13:00:00,NASA,SNPP,Verified Fire,SUMSEL,539,2023,2023:539,2023,11963,1279177,0.006750038306816854,395.0,True,False,-25.0,1,2023-05-13 06:25:00,-3.69698,105.52123,0,0,0,0
103.46032,-1.13966,2023-05-14 01:00:00,NASA,NOAA20,Verified No fire,JAMBI SMF,542,2023,2023:542,2023,11966,591557,0.0,404.0,True,False,-16.0,1,2023-05-13 18:16:00,-1.13966,103.46032,0,0,1,2
103.38506,-1.04,2023-05-14 01:00:00,NASA,NOAA20,Verified No fire,JAMBI SMF,545,2023,2023:545,2023,11969,591561,0.0,404.0,True,False,-16.0,1,2023-05-13 18:16:00,-1.04,103.38506,0,0,0,1
103.24274,-1.06348,2023-05-14 01:00:00,NASA,NOAA20,Verified No fire,JAMBI SMF,547,2023,2023:547,2023,11971,591559,0.0,404.0,True,False,-16.0,1,2023-05-13 18:16:00,-1.06348,103.24274,0,0,1,2
103.3389,-1.16808,2023-05-14 01:00:00,NASA,NOAA20,Verified No fire,JAMBI SMF,548,2023,2023:548,2023,11972,591556,0.0,404.0,True,False,-16.0,1,2023-05-13 18:16:00,-1.16808,103.3389,0,0,1,2
103.33823,-1.16993,2023-05-14 02:00:00,NASA,SNPP,Verified No fire,JAMBI SMF,551,2023,2023:551,2023,11975,1279351,0.021357162696886412,413.0,True,False,-7.0,1,2023-05-13 19:07:00,-1.16981,103.33808,0,0,1,2
103.46021,-1.141,2023-05-14 02:00:00,NASA,SNPP,Verified No fire,JAMBI SMF,552,2023,2023:552,2023,11976,1279349,0.022512141274416364,413.0,True,False,-7.0,1,2023-05-13 19:07:00,-1.14089,103.46004,0,0,1,1
103.24197,-1.06452,2023-05-14 02:00:00,NASA,SNPP,Verified No fire,JAMBI SMF,554,2023,2023:554,2023,11978,1279348,0.018235371895923894,413.0,True,False,-7.0,1,2023-05-13 19:07:00,-1.06442,103.24184,0,0,1,1
102.79443,-1.23254,2023-05-14 13:00:00,NASA,SNPP,Verified No fire,JAMBI SMF,556,2023,2023:556,2023,11980,1279448,0.00868378989587772,413.0,True,False,-7.0,1,2023-05-14 06:07:00,-1.2326,102.79438,0,0,1,1
102.79781,-1.23371,2023-05-14 13:00:00,NASA,NOAA20,Verified No fire,JAMBI SMF,557,2023,2023:557,2023,11981,591645,0.0,364.0,True,False,-56.0,1,2023-05-14 06:56:00,-1.23371,102.79781,0,0,1,1
103.38143,-1.20339,2023-05-14 13:00:00,NASA,NOAA20,Verified No fire,JAMBI SMF,558,2023,2023:558,2023,11982,591644,0.0,364.0,True,False,-56.0,1,2023-05-14 06:56:00,-1.20339,103.38143,0,0,0,9
103.49767,-2.2794,2023-05-14 13:00:00,NASA,NOAA20,Verified No fire,SUMSEL MUBA,559,2023,2023:559,2023,11983,591667,0.0,364.0,True,False,-56.0,1,2023-05-14 06:56:00,-2.2794,103.49767,0,0,0,1
103.38313,-1.20324,2023-05-15 01:00:00,NASA,SNPP,Verified No fire,JAMBI SMF,569,2023,2023:569,2023,11993,1279512,0.02004157154734077,371.0,True,False,-49.0,1,2023-05-14 18:49:00,-1.20325,103.38331,0,0,3,7
103.33652,-1.1688,2023-05-15 01:00:00,NASA,SNPP,Verified No fire,JAMBI SMF,570,2023,2023:570,2023,11994,1279513,0.01893191358286642,371.0,True,False,-49.0,1,2023-05-14 18:49:00,-1.16881,103.33669,0,0,0,1
103.38370514,-1.20352602,2023-05-15 01:00:00,LAPAN,SNPP,Verified No fire,JAMBI SMF,571,2023,2023:571,2023,11995,1279512,0.053587929980101895,371.0,True,False,-49.0,1,2023-05-14 18:49:00,-1.20325,103.38331,0,0,3,7
103.50030518,-2.28202653,2023-05-15 13:00:00,LAPAN,NOAA20,Verified No fire,SUMSEL MUBA,572,2023,2023:572,2023,11996,591842,0.009299280363341215,383.0,True,False,-37.0,1,2023-05-15 06:37:00,-2.28211,103.5003,0,0,0,1
103.3829,-1.2041,2023-05-15 13:00:00,NASA,NOAA20,Verified No fire,JAMBI SMF,573,2023,2023:573,2023,11997,591917,0.0,382.0,True,False,-38.0,1,2023-05-15 06:38:00,-1.2041,103.3829,0,0,0,5
103.39767,-2.54134,2023-05-15 13:00:00,NASA,NOAA20,Verified No fire,SUMSEL MUBA,574,2023,2023:574,2023,11998,591831,0.0,383.0,True,False,-37.0,1,2023-05-15 06:37:00,-2.54134,103.39767,0,0,0,0
103.38291168,-1.20402026,2023-05-15 13:00:00,LAPAN,NOAA20,Verified No fire,JAMBI SMF,575,2023,2023:575,2023,11999,591917,0.008961267852733379,382.0,True,False,-38.0,1,2023-05-15 06:38:00,-1.2041,103.3829,0,0,0,5
103.5003,-2.28211,2023-05-15 13:00:00,NASA,NOAA20,Verified No fire,SUMSEL MUBA,576,2023,2023:576,2023,12000,591842,0.0,383.0,True,False,-37.0,1,2023-05-15 06:37:00,-2.28211,103.5003,0,0,0,1
103.38197,-1.20377,2023-05-16 14:00:00,NASA,SNPP,Verified No fire,JAMBI SMF,582,2023,2023:582,2023,12006,1279816,0.06820633677180467,410.0,True,False,-10.0,1,2023-05-16 07:10:00,-1.20357,103.38255,0,0,0,1
103.79729,-2.10116,2023-05-17 01:00:00,NASA,SNPP,Verified No fire,SUMSEL MUBA,583,2023,2023:583,2023,12007,1279861,0.0070321216836810125,409.0,True,False,-11.0,1,2023-05-16 18:11:00,-2.1011,103.79731,0,0,0,0
103.24334,-1.06183,2023-05-17 01:00:00,NASA,SNPP,Verified No fire,JAMBI SMF,584,2023,2023:584,2023,12008,1279850,0.00943440540309204,409.0,True,False,-11.0,1,2023-05-16 18:11:00,-1.06177,103.24328,0,0,2,3
103.33775,-1.16741,2023-05-17 01:00:00,NASA,SNPP,Verified No fire,JAMBI SMF,585,2023,2023:585,2023,12009,1279852,0.022918975020519806,409.0,True,False,-11.0,1,2023-05-16 18:11:00,-1.16736,103.33755,0,0,0,0
103.24138,-1.06185,2023-05-18 00:00:00,NASA,SNPP,Verified No fire,JAMBI SMF,592,2023,2023:592,2023,12016,1280056,0.08678140705536487,368.0,True,False,-52.0,1,2023-05-17 17:52:00,-1.06182,103.2406,0,0,0,3
105.2804,-2.75209,2023-05-19 01:00:00,NASA,NOAA20,Verified No fire,SUMSEL,593,2023,2023:593,2023,12017,592436,0.0,397.0,True,False,-23.0,1,2023-05-18 18:23:00,-2.75209,105.2804,0,0,0,0
103.78088,-1.26312,2023-05-19 01:00:00,NASA,NOAA20,Verified No fire,JAMBI SMF,595,2023,2023:595,2023,12019,592431,0.0,398.0,True,False,-22.0,1,2023-05-18 18:22:00,-1.26312,103.78088,0,0,0,0
103.24438,-1.06295,2023-05-19 01:00:00,NASA,NOAA20,Verified No fire,JAMBI SMF,597,2023,2023:597,2023,12021,592433,0.0,398.0,True,False,-22.0,1,2023-05-18 18:22:00,-1.06295,103.24438,0,0,0,0
103.24179,-1.06422,2023-05-20 01:00:00,NASA,SNPP,Verified No fire,JAMBI SMF,598,2023,2023:598,2023,12022,1280337,0.004447803209360668,365.0,True,False,-55.0,1,2023-05-19 18:55:00,-1.06418,103.24179,0,0,0,0
103.38103,-1.20198,2023-05-20 01:00:00,NASA,SNPP,Verified No fire,JAMBI SMF,599,2023,2023:599,2023,12023,1280335,0.024051509823205437,365.0,True,False,-55.0,1,2023-05-19 18:55:00,-1.20186,103.38085,0,0,0,1
103.26517,-1.32218,2023-05-20 01:00:00,NASA,SNPP,Verified No fire,JAMBI SMF,600,2023,2023:600,2023,12024,1280336,0.03839781790315019,365.0,True,False,-55.0,1,2023-05-19 18:55:00,-1.32205,103.26485,0,0,0,0
103.41992,-1.11656,2023-05-21 01:00:00,NASA,SNPP,Verified No fire,JAMBI SMF,601,2023,2023:601,2023,12025,1280526,0.017926315812587443,384.0,True,False,-36.0,1,2023-05-20 18:36:00,-1.11658,103.41976,0,0,0,0
103.38528,-1.03922,2023-05-21 01:00:00,NASA,SNPP,Verified No fire,JAMBI SMF,602,2023,2023:602,2023,12026,1280523,0.017926764091272984,384.0,True,False,-36.0,1,2023-05-20 18:36:00,-1.03924,103.38512,0,0,0,0
103.33998,-1.16752,2023-05-21 01:00:00,NASA,SNPP,Verified No fire,JAMBI SMF,605,2023,2023:605,2023,12029,1280527,0.007031280348991187,384.0,True,False,-36.0,1,2023-05-20 18:36:00,-1.16754,103.33992,0,0,0,0
103.79774,-2.1035,2023-05-23 00:00:00,NASA,SNPP,Verified No fire,SUMSEL MUBA,606,2023,2023:606,2023,12030,1280882,0.040980388951203095,362.0,True,False,-58.0,1,2023-05-22 17:58:00,-2.10342,103.7981,0,0,0,0
103.3708,-1.19011,2023-05-24 01:00:00,NASA,NOAA20,Verified No fire,JAMBI SMF,607,2023,2023:607,2023,12031,593403,0.0,391.0,True,False,-29.0,1,2023-05-23 18:29:00,-1.19011,103.3708,0,0,0,1
103.37086487,-1.19012189,2023-05-24 01:00:00,LAPAN,NOAA20,Verified No fire,JAMBI SMF,608,2023,2023:608,2023,12032,593403,0.007331857938732114,391.0,True,False,-29.0,1,2023-05-23 18:29:00,-1.19011,103.3708,0,0,0,1
103.27432,-1.33105,2023-05-24 01:00:00,NASA,NOAA20,Verified No fire,JAMBI SMF,609,2023,2023:609,2023,12033,593408,0.0,391.0,True,False,-29.0,1,2023-05-23 18:29:00,-1.33105,103.27432,0,0,0,1
103.27427673,-1.33113468,2023-05-24 01:00:00,LAPAN,NOAA20,Verified No fire,JAMBI SMF,610,2023,2023:610,2023,12034,593408,0.010573468183031941,391.0,True,False,-29.0,1,2023-05-23 18:29:00,-1.33105,103.27432,0,0,0,1
103.38226,-1.20184,2023-05-24 14:00:00,NASA,NOAA20,Verified No fire,JAMBI SMF,611,2023,2023:611,2023,12035,593552,0.0,411.0,True,False,-9.0,1,2023-05-24 07:09:00,-1.20184,103.38226,0,0,0,3
103.20313,-2.50561,2023-05-24 14:00:00,NASA,NOAA20,Verified No fire,SUMSEL MUBA,612,2023,2023:612,2023,12036,593534,0.0,412.0,True,False,-8.0,1,2023-05-24 07:08:00,-2.50561,103.20313,0,0,0,0
103.24261,-1.06374,2023-05-25 01:00:00,NASA,NOAA20,Verified No fire,JAMBI SMF,615,2023,2023:615,2023,12039,593627,0.0,410.0,True,False,-10.0,1,2023-05-24 18:10:00,-1.06374,103.24261,0,0,0,0
103.27498627,-1.3283354,2023-05-25 01:00:00,LAPAN,NOAA20,Verified No fire,JAMBI SMF,618,2023,2023:618,2023,12042,593633,0.010152598205938146,410.0,True,False,-10.0,1,2023-05-24 18:10:00,-1.32827,103.27505,0,0,0,1
103.27505,-1.32827,2023-05-25 01:00:00,NASA,NOAA20,Verified No fire,JAMBI SMF,621,2023,2023:621,2023,12045,593633,0.0,410.0,True,False,-10.0,1,2023-05-24 18:10:00,-1.32827,103.27505,0,0,0,1
103.33899,-1.16806,2023-05-25 02:00:00,NASA,SNPP,Verified No fire,JAMBI SMF,626,2023,2023:626,2023,12050,1281441,0.019703492414828067,419.0,True,False,-1.0,1,2023-05-24 19:01:00,-1.16823,103.33904,0,0,2,2
103.37936,-1.20434,2023-05-26 00:00:00,NASA,NOAA20,Verified No fire,JAMBI SMF,627,2023,2023:627,2023,12051,593916,0.0,369.0,True,False,-51.0,1,2023-05-25 17:51:00,-1.20434,103.37936,0,0,0,3
103.37971497,-1.20437253,2023-05-26 00:00:00,LAPAN,NOAA20,Verified No fire,JAMBI SMF,628,2023,2023:628,2023,12052,593916,0.039627629708039104,369.0,True,False,-51.0,1,2023-05-25 17:51:00,-1.20434,103.37936,0,0,0,3
103.46198,-1.14119,2023-05-27 01:00:00,NASA,SNPP,Verified No fire,JAMBI SMF,630,2023,2023:630,2023,12054,1281885,0.0035156694807183865,397.0,True,False,-23.0,1,2023-05-26 18:23:00,-1.1412,103.46201,0,0,0,0
103.37345886,-1.1927129,2023-05-27 01:00:00,LAPAN,SNPP,Verified No fire,JAMBI SMF,631,2023,2023:631,2023,12055,1281884,0.07349454283116151,397.0,True,False,-23.0,1,2023-05-26 18:23:00,-1.19233,103.37292,0,0,0,0
103.37293,-1.19232,2023-05-27 01:00:00,NASA,SNPP,Verified No fire,JAMBI SMF,632,2023,2023:632,2023,12056,1281884,0.0015723656718856713,397.0,True,False,-23.0,1,2023-05-26 18:23:00,-1.19233,103.37292,0,0,0,0
103.4628067,-1.14117312,2023-05-27 01:00:00,LAPAN,SNPP,Verified No fire,JAMBI SMF,633,2023,2023:633,2023,12057,1281885,0.08862196667679223,397.0,True,False,-23.0,1,2023-05-26 18:23:00,-1.1412,103.46201,0,0,0,0
103.38351,-1.20532,2023-05-27 13:00:00,NASA,NOAA20,Verified No fire,JAMBI SMF,634,2023,2023:634,2023,12058,594321,0.0,408.0,True,False,-12.0,1,2023-05-27 06:12:00,-1.20532,103.38351,0,0,0,0
105.39181,-3.69819,2023-05-28 12:00:00,NASA,NOAA20,Verified Fire,SUMSEL,637,2023,2023:637,2023,12061,594540,0.0,367.0,True,False,-53.0,1,2023-05-28 05:53:00,-3.69819,105.39181,0,0,0,0
103.38172,-1.20195,2023-05-29 00:00:00,NASA,SNPP,Verified No fire,JAMBI SMF,639,2023,2023:639,2023,12063,1282396,0.08896429206456119,374.0,True,False,-46.0,1,2023-05-28 17:46:00,-1.20193,103.38092,0,0,0,0
103.46350098,-1.14007473,2023-05-29 01:00:00,LAPAN,NOAA20,Verified No fire,JAMBI SMF,640,2023,2023:640,2023,12064,594636,0.012857528093671418,385.0,True,False,-35.0,1,2023-05-28 18:35:00,-1.13997,103.46355,0,0,0,0
103.46355,-1.13997,2023-05-29 01:00:00,NASA,NOAA20,Verified No fire,JAMBI SMF,641,2023,2023:641,2023,12065,594636,0.0,385.0,True,False,-35.0,1,2023-05-28 18:35:00,-1.13997,103.46355,0,0,0,0
103.2438,-1.06252,2023-05-29 13:00:00,NASA,SNPP,Verified No fire,JAMBI SMF,642,2023,2023:642,2023,12066,1282544,0.0,394.0,True,False,-26.0,1,2023-05-29 06:26:00,-1.06252,103.2438,0,0,0,2
103.4957,-1.36629,2023-05-29 13:00:00,NASA,SNPP,Verified No fire,JAMBI SMF,644,2023,2023:644,2023,12068,1282541,0.02485713321520829,394.0,True,False,-26.0,1,2023-05-29 06:26:00,-1.36625,103.49592,0,0,0,0
103.80106,-2.0999,2023-05-30 01:00:00,NASA,NOAA20,Verified No fire,SUMSEL MUBA,645,2023,2023:645,2023,12069,594858,0.0,404.0,True,False,-16.0,1,2023-05-29 18:16:00,-2.0999,103.80106,0,0,4,4
103.38148,-1.20429,2023-05-31 13:00:00,NASA,NOAA20,Verified No fire,JAMBI SMF,652,2023,2023:652,2023,12076,595263,0.0,383.0,True,False,-37.0,1,2023-05-31 06:37:00,-1.20429,103.38148,0,0,0,2
103.38142395,-1.20429897,2023-05-31 13:00:00,LAPAN,NOAA20,Verified No fire,JAMBI SMF,653,2023,2023:653,2023,12077,595263,0.006310431665627874,383.0,True,False,-37.0,1,2023-05-31 06:37:00,-1.20429,103.38148,0,0,0,2
103.36959,-1.18589,2023-06-01 00:00:00,NASA,NOAA20,Verified No fire,JAMBI SMF,654,2023,2023:654,2023,12078,595387,0.0,382.0,True,False,-38.0,1,2023-05-31 17:38:00,-1.18589,103.36959,0,0,2,4
103.4166,-1.11592,2023-06-01 00:00:00,NASA,NOAA20,Verified No fire,JAMBI SMF,655,2023,2023:655,2023,12079,595385,0.0,382.0,True,False,-38.0,1,2023-05-31 17:38:00,-1.11592,103.4166,0,0,1,1
103.79598,-2.10089,2023-06-01 00:00:00,NASA,NOAA20,Verified No fire,SUMSEL MUBA,656,2023,2023:656,2023,12080,595401,0.0,381.0,True,False,-39.0,1,2023-05-31 17:39:00,-2.10089,103.79598,0,0,1,1
103.38098907,-1.20202017,2023-06-01 00:00:00,LAPAN,NOAA20,Verified No fire,JAMBI SMF,657,2023,2023:657,2023,12081,595388,0.057974360594027996,382.0,True,False,-38.0,1,2023-05-31 17:38:00,-1.20197,103.38047,0,0,1,2
103.38047,-1.20197,2023-06-01 00:00:00,NASA,NOAA20,Verified No fire,JAMBI SMF,658,2023,2023:658,2023,12082,595388,0.0,382.0,True,False,-38.0,1,2023-05-31 17:38:00,-1.20197,103.38047,0,0,1,2
103.37010193,-1.18594301,2023-06-01 00:00:00,LAPAN,NOAA20,Verified No fire,JAMBI SMF,659,2023,2023:659,2023,12083,595387,0.057216338667001126,382.0,True,False,-38.0,1,2023-05-31 17:38:00,-1.18589,103.36959,0,0,2,4
103.41924,-1.20837,2023-06-01 00:00:00,NASA,NOAA20,Verified No fire,JAMBI SMF,660,2023,2023:660,2023,12084,595389,0.0,382.0,True,False,-38.0,1,2023-05-31 17:38:00,-1.20837,103.41924,0,0,0,0
103.41640472,-1.1159848,2023-06-01 00:00:00,LAPAN,NOAA20,Verified No fire,JAMBI SMF,661,2023,2023:661,2023,12085,595385,0.022874547974071246,382.0,True,False,-38.0,1,2023-05-31 17:38:00,-1.11592,103.4166,0,0,1,1
103.38665771,-1.03888869,2023-06-01 01:00:00,LAPAN,SNPP,Verified No fire,JAMBI SMF,667,2023,2023:667,2023,12091,1283063,0.08934391454970726,391.0,True,False,-29.0,1,2023-05-31 18:29:00,-1.03849,103.38596,0,0,0,0
103.46272,-1.14198,2023-06-01 01:00:00,NASA,SNPP,Verified No fire,JAMBI SMF,670,2023,2023:670,2023,12094,1283057,0.019415731277684232,391.0,True,False,-29.0,1,2023-05-31 18:29:00,-1.14194,103.46255,0,0,0,0
103.79826,-2.10168,2023-06-01 01:00:00,NASA,SNPP,Verified No fire,SUMSEL MUBA,671,2023,2023:671,2023,12095,1283095,0.022141911474914844,390.0,True,False,-30.0,1,2023-05-31 18:30:00,-2.10162,103.79807,0,0,1,2
103.24275,-1.06394,2023-06-01 01:00:00,NASA,SNPP,Verified No fire,JAMBI SMF,672,2023,2023:672,2023,12096,1283059,0.022919733624614358,391.0,True,False,-29.0,1,2023-05-31 18:29:00,-1.06389,103.24255,0,0,1,1
103.38617,-1.03853,2023-06-01 01:00:00,NASA,SNPP,Verified No fire,JAMBI SMF,673,2023,2023:673,2023,12097,1283063,0.023767025237927484,391.0,True,False,-29.0,1,2023-05-31 18:29:00,-1.03849,103.38596,0,0,0,0
103.42065,-1.11486,2023-06-01 01:00:00,NASA,SNPP,Verified No fire,JAMBI SMF,676,2023,2023:676,2023,12100,1283058,0.018335495239326035,391.0,True,False,-29.0,1,2023-05-31 18:29:00,-1.11482,103.42049,0,0,1,1
102.89967,-1.04904,2023-06-01 02:00:00,NASA,NOAA20,Verified No fire,JAMBI SMF,680,2023,2023:680,2023,12104,595451,0.0,401.0,True,False,-19.0,1,2023-05-31 19:19:00,-1.04904,102.89967,0,0,0,0
103.24104,-1.06034,2023-06-01 02:00:00,NASA,NOAA20,Verified No fire,JAMBI SMF,681,2023,2023:681,2023,12105,595450,0.0,401.0,True,False,-19.0,1,2023-05-31 19:19:00,-1.06034,103.24104,0,0,1,1
103.48518,-1.29834,2023-06-01 02:00:00,NASA,NOAA20,Verified No fire,JAMBI SMF,682,2023,2023:682,2023,12106,595454,0.0,401.0,True,False,-19.0,1,2023-05-31 19:19:00,-1.29834,103.48518,0,0,0,0
103.79707,-2.09935,2023-06-02 01:00:00,NASA,SNPP,Verified No fire,SUMSEL MUBA,685,2023,2023:685,2023,12109,1283298,0.011112044715881543,409.0,True,False,-11.0,1,2023-06-01 18:11:00,-2.09935,103.79697,0,0,0,2
103.79623,-2.099,2023-06-03 00:00:00,NASA,SNPP,Verified No fire,SUMSEL MUBA,689,2023,2023:689,2023,12113,1283546,0.03137382942310364,368.0,True,False,-52.0,1,2023-06-02 17:52:00,-2.09889,103.79649,0,0,1,2
103.79852,-2.09916,2023-06-03 01:00:00,NASA,NOAA20,Verified No fire,SUMSEL MUBA,691,2023,2023:691,2023,12115,595921,0.0,379.0,True,False,-41.0,1,2023-06-02 18:41:00,-2.09916,103.79852,0,0,1,1
103.38232,-1.20345,2023-06-03 13:00:00,NASA,SNPP,Verified No fire,JAMBI SMF,695,2023,2023:695,2023,12119,1283784,0.006289449899121932,388.0,True,False,-32.0,1,2023-06-03 06:32:00,-1.20349,103.38236,0,0,0,1
103.38175964,-1.20331657,2023-06-03 13:00:00,LAPAN,SNPP,Verified No fire,JAMBI SMF,698,2023,2023:698,2023,12122,1283784,0.06947255728659664,388.0,True,False,-32.0,1,2023-06-03 06:32:00,-1.20349,103.38236,0,0,0,1
103.48681,-1.30031,2023-06-04 01:00:00,NASA,NOAA20,Verified No fire,JAMBI SMF,699,2023,2023:699,2023,12123,596182,0.0,398.0,True,False,-22.0,1,2023-06-03 18:22:00,-1.30031,103.48681,0,0,0,0
103.37237,-1.19108,2023-06-04 01:00:00,NASA,NOAA20,Verified No fire,JAMBI SMF,700,2023,2023:700,2023,12124,596179,0.0,398.0,True,False,-22.0,1,2023-06-03 18:22:00,-1.19108,103.37237,0,0,0,1
103.34082,-1.16833,2023-06-04 01:00:00,NASA,NOAA20,Verified No fire,JAMBI SMF,701,2023,2023:701,2023,12125,596180,0.0,398.0,True,False,-22.0,1,2023-06-03 18:22:00,-1.16833,103.34082,0,0,0,1
103.37229156,-1.19115591,2023-06-04 01:00:00,LAPAN,NOAA20,Verified No fire,JAMBI SMF,702,2023,2023:702,2023,12126,596179,0.012136321794543605,398.0,True,False,-22.0,1,2023-06-03 18:22:00,-1.19108,103.37237,0,0,0,1
103.48686981,-1.30031919,2023-06-04 01:00:00,LAPAN,NOAA20,Verified No fire,JAMBI SMF,703,2023,2023:703,2023,12127,596182,0.006726934803849846,398.0,True,False,-22.0,1,2023-06-03 18:22:00,-1.30031,103.48681,0,0,0,0
103.33891,-1.16652,2023-06-05 01:00:00,NASA,NOAA20,Verified No fire,JAMBI SMF,708,2023,2023:708,2023,12132,596346,0.0,417.0,True,False,-3.0,1,2023-06-04 18:03:00,-1.16652,103.33891,0,0,0,1
103.79825,-2.10262,2023-06-06 00:00:00,NASA,NOAA20,Verified No fire,SUMSEL MUBA,709,2023,2023:709,2023,12133,596529,0.0,375.0,True,False,-45.0,1,2023-06-05 17:45:00,-2.10262,103.79825,0,0,1,1
103.41865,-1.11477,2023-06-06 01:00:00,NASA,SNPP,Verified No fire,JAMBI SMF,710,2023,2023:710,2023,12134,1284196,0.0015723870943799905,384.0,True,False,-36.0,1,2023-06-05 18:36:00,-1.11478,103.41866,0,0,0,0
103.29488,-1.38373,2023-06-06 01:00:00,NASA,SNPP,Verified Fire,JAMBI SMF,711,2023,2023:711,2023,12135,1284195,0.013929572266704946,384.0,True,False,-36.0,1,2023-06-05 18:36:00,-1.38379,103.29499,0,0,0,0
103.38416,-1.03904,2023-06-06 01:00:00,NASA,SNPP,Verified No fire,JAMBI SMF,712,2023,2023:712,2023,12136,1284197,0.002223901604653707,384.0,True,False,-36.0,1,2023-06-05 18:36:00,-1.03902,103.38416,0,0,0,0
103.29537964,-1.38398886,2023-06-06 01:00:00,LAPAN,SNPP,Verified Fire,JAMBI SMF,716,2023,2023:716,2023,12140,1284195,0.04863130237192529,384.0,True,False,-36.0,1,2023-06-05 18:36:00,-1.38379,103.29499,0,0,0,0
103.33891,-1.16731,2023-06-06 01:00:00,NASA,SNPP,Verified No fire,JAMBI SMF,717,2023,2023:717,2023,12141,1284194,0.0024862943878234964,384.0,True,False,-36.0,1,2023-06-05 18:36:00,-1.16733,103.33892,0,0,0,1
103.38489532,-1.03894711,2023-06-06 01:00:00,LAPAN,SNPP,Verified No fire,JAMBI SMF,718,2023,2023:718,2023,12142,1284197,0.08215131936640427,384.0,True,False,-36.0,1,2023-06-05 18:36:00,-1.03902,103.38416,0,0,0,0
103.79848,-2.10226,2023-06-06 01:00:00,NASA,SNPP,Verified No fire,SUMSEL MUBA,719,2023,2023:719,2023,12143,1284185,0.004007327721974023,384.0,True,False,-36.0,1,2023-06-05 18:36:00,-2.10224,103.79845,0,0,1,2
103.41913605,-1.11510324,2023-06-06 01:00:00,LAPAN,SNPP,Verified No fire,JAMBI SMF,722,2023,2023:722,2023,12146,1284196,0.06397553602037752,384.0,True,False,-36.0,1,2023-06-05 18:36:00,-1.11478,103.41866,0,0,0,0
103.79843,-2.10154,2023-06-07 01:00:00,NASA,SNPP,Verified No fire,SUMSEL MUBA,724,2023,2023:724,2023,12148,1284335,0.01300731944013819,403.0,True,False,-17.0,1,2023-06-06 18:17:00,-2.1015,103.79854,0,0,0,1
103.33642,-1.16857,2023-06-07 01:00:00,NASA,SNPP,Verified No fire,JAMBI SMF,726,2023,2023:726,2023,12150,1284330,0.005986964716628747,403.0,True,False,-17.0,1,2023-06-06 18:17:00,-1.16859,103.33637,0,0,2,3
103.24418,-1.06436,2023-06-07 01:00:00,NASA,SNPP,Verified No fire,JAMBI SMF,730,2023,2023:730,2023,12154,1284331,0.006482909059400234,403.0,True,False,-17.0,1,2023-06-06 18:17:00,-1.06439,103.24413,0,0,1,1
103.24255,-1.06446,2023-06-07 02:00:00,NASA,NOAA20,Verified No fire,JAMBI SMF,735,2023,2023:735,2023,12159,596685,0.0,414.0,True,False,-6.0,1,2023-06-06 19:06:00,-1.06446,103.24255,0,0,1,1
103.37111,-1.18614,2023-06-07 02:00:00,NASA,NOAA20,Verified No fire,JAMBI SMF,736,2023,2023:736,2023,12160,596689,0.0,414.0,True,False,-6.0,1,2023-06-06 19:06:00,-1.18614,103.37111,0,0,2,2
103.38132,-1.20379,2023-06-07 02:00:00,NASA,NOAA20,Verified No fire,JAMBI SMF,737,2023,2023:737,2023,12161,596688,0.0,414.0,True,False,-6.0,1,2023-06-06 19:06:00,-1.20379,103.38132,0,0,2,2
103.46088,-1.14109,2023-06-07 02:00:00,NASA,NOAA20,Verified No fire,JAMBI SMF,739,2023,2023:739,2023,12163,596692,0.0,414.0,True,False,-6.0,1,2023-06-06 19:06:00,-1.14109,103.46088,0,0,0,0
103.2436,-1.06375,2023-06-09 01:00:00,NASA,NOAA20,Verified No fire,JAMBI SMF,741,2023,2023:741,2023,12165,597070,0.0,391.0,True,False,-29.0,1,2023-06-08 18:29:00,-1.06375,103.2436,0,0,0,1
103.24236,-1.06469,2023-06-10 01:00:00,NASA,NOAA20,Verified No fire,JAMBI SMF,742,2023,2023:742,2023,12166,597282,0.0,410.0,True,False,-10.0,1,2023-06-09 18:10:00,-1.06469,103.24236,0,0,0,1
103.33958,-1.16694,2023-06-10 01:00:00,NASA,NOAA20,Verified No fire,JAMBI SMF,743,2023,2023:743,2023,12167,597285,0.0,410.0,True,False,-10.0,1,2023-06-09 18:10:00,-1.16694,103.33958,0,0,1,3
105.28098297,-2.75334978,2023-06-10 01:00:00,LAPAN,NOAA20,Verified No fire,SUMSEL,745,2023,2023:745,2023,12169,597270,0.013279479184636485,410.0,True,False,-10.0,1,2023-06-09 18:10:00,-2.75328,105.28108,0,0,0,0
105.28108,-2.75328,2023-06-10 01:00:00,NASA,NOAA20,Verified No fire,SUMSEL,749,2023,2023:749,2023,12173,597270,0.0,410.0,True,False,-10.0,1,2023-06-09 18:10:00,-2.75328,105.28108,0,0,0,0
103.3399,-1.16911,2023-06-10 02:00:00,NASA,SNPP,Verified No fire,JAMBI SMF,754,2023,2023:754,2023,12178,1284896,0.016677040118844907,419.0,True,False,-1.0,1,2023-06-09 19:01:00,-1.16902,103.33978,0,0,1,5
103.36303,-1.00578,2023-06-11 00:00:00,NASA,NOAA20,Verified No fire,JAMBI SMF,766,2023,2023:766,2023,12190,597489,0.0,369.0,True,False,-51.0,1,2023-06-10 17:51:00,-1.00578,103.36303,0,0,0,0
103.79929,-2.10278,2023-06-11 01:00:00,NASA,SNPP,Verified No fire,SUMSEL MUBA,770,2023,2023:770,2023,12194,1285166,0.0011119508023170487,378.0,True,False,-42.0,1,2023-06-10 18:42:00,-2.10279,103.79929,0,0,0,1
103.38658142,-1.03898275,2023-06-11 01:00:00,LAPAN,SNPP,Verified No fire,JAMBI SMF,771,2023,2023:771,2023,12195,1285164,0.06495562681690939,378.0,True,False,-42.0,1,2023-06-10 18:42:00,-1.03874,103.38605,0,0,0,2
103.24143,-1.06381,2023-06-11 01:00:00,NASA,SNPP,Verified No fire,JAMBI SMF,776,2023,2023:776,2023,12200,1285175,0.0033352774346740066,378.0,True,False,-42.0,1,2023-06-10 18:42:00,-1.06381,103.24146,0,0,0,0
103.41932678,-1.11618674,2023-06-11 01:00:00,LAPAN,SNPP,Verified No fire,JAMBI SMF,779,2023,2023:779,2023,12203,1285174,0.08287328253816138,378.0,True,False,-42.0,1,2023-06-10 18:42:00,-1.1163,103.41859,0,0,0,0
103.38606,-1.03871,2023-06-11 01:00:00,NASA,SNPP,Verified No fire,JAMBI SMF,780,2023,2023:780,2023,12204,1285164,0.0035162394027874687,378.0,True,False,-42.0,1,2023-06-10 18:42:00,-1.03874,103.38605,0,0,0,2
103.41856,-1.1163,2023-06-11 01:00:00,NASA,SNPP,Verified No fire,JAMBI SMF,781,2023,2023:781,2023,12205,1285174,0.0033352192967099994,378.0,True,False,-42.0,1,2023-06-10 18:42:00,-1.1163,103.41859,0,0,0,0
102.81838989,-1.13786399,2023-06-11 13:00:00,LAPAN,NOAA20,Verified No fire,JAMBI SMF,782,2023,2023:782,2023,12206,597634,0.005848419356529852,389.0,True,False,-31.0,1,2023-06-11 06:31:00,-1.13788,102.81844,0,0,0,0
103.60316,-2.36955,2023-06-11 13:00:00,NASA,NOAA20,Verified No fire,SUMSEL MUBA,783,2023,2023:783,2023,12207,597665,0.0,389.0,True,False,-31.0,1,2023-06-11 06:31:00,-2.36955,103.60316,0,0,3,3
103.60320282,-2.36943221,2023-06-11 13:00:00,LAPAN,NOAA20,Verified No fire,SUMSEL MUBA,784,2023,2023:784,2023,12208,597665,0.013934878732641539,389.0,True,False,-31.0,1,2023-06-11 06:31:00,-2.36955,103.60316,0,0,3,3
105.54974,-2.77239,2023-06-11 14:00:00,NASA,Aqua,Verified No fire,SUMSEL,788,2023,2023:788,2023,12212,94171,0.07011818359817387,415.0,True,False,-5.0,1,2023-06-11 07:05:00,-2.773,105.5499,0,0,0,0
105.44795,-3.01581,2023-06-11 14:00:00,NASA,Aqua,Verified No fire,SUMSEL,789,2023,2023:789,2023,12213,94169,0.06768645643497265,415.0,True,False,-5.0,1,2023-06-11 07:05:00,-3.0164,105.4481,0,0,0,0
102.62849,-1.32918,2023-06-12 01:00:00,NASA,SNPP,Verified No fire,JAMBI SMF,791,2023,2023:791,2023,12215,1285393,0.009500196671540515,397.0,True,False,-23.0,1,2023-06-11 18:23:00,-1.32926,102.62846,0,0,1,1
102.62905121,-1.32957673,2023-06-12 01:00:00,LAPAN,SNPP,Verified No fire,JAMBI SMF,793,2023,2023:793,2023,12217,1285393,0.07456366135893958,397.0,True,False,-23.0,1,2023-06-11 18:23:00,-1.32926,102.62846,0,0,1,1
103.79817,-2.10195,2023-06-12 01:00:00,NASA,SNPP,Verified No fire,SUMSEL MUBA,795,2023,2023:795,2023,12219,1285396,0.006480524172719875,397.0,True,False,-23.0,1,2023-06-11 18:23:00,-2.10192,103.79822,0,0,1,3
103.79903,-2.10133,2023-06-12 02:00:00,NASA,NOAA20,Verified No fire,SUMSEL MUBA,797,2023,2023:797,2023,12221,597773,0.0,407.0,True,False,-13.0,1,2023-06-11 19:13:00,-2.10133,103.79903,0,0,1,4
102.63042,-1.33013,2023-06-12 02:00:00,NASA,NOAA20,Verified No fire,JAMBI SMF,798,2023,2023:798,2023,12222,597772,0.0,407.0,True,False,-13.0,1,2023-06-11 19:13:00,-1.33013,102.63042,0,0,1,1
103.79895,-2.10197,2023-06-13 01:00:00,NASA,SNPP,Verified No fire,SUMSEL MUBA,802,2023,2023:802,2023,12226,1285634,0.022501948597448435,416.0,True,False,-4.0,1,2023-06-12 18:04:00,-2.10204,103.79876,0,0,2,4
103.3399,-1.16757,2023-06-13 01:00:00,NASA,SNPP,Verified No fire,JAMBI SMF,806,2023,2023:806,2023,12230,1285626,0.030748954323129636,416.0,True,False,-4.0,1,2023-06-12 18:04:00,-1.16763,103.33963,0,0,0,0
103.24174,-1.06487,2023-06-14 00:00:00,NASA,SNPP,Verified No fire,JAMBI SMF,809,2023,2023:809,2023,12233,1285916,0.0267308023863761,375.0,True,False,-45.0,1,2023-06-13 17:45:00,-1.0647,103.24191,0,0,0,0
103.33865,-1.16692,2023-06-14 01:00:00,NASA,NOAA20,Verified No fire,JAMBI SMF,810,2023,2023:810,2023,12234,598214,0.0,385.0,True,False,-35.0,1,2023-06-13 18:35:00,-1.16692,103.33865,0,0,0,1
103.80073,-2.10163,2023-06-14 01:00:00,NASA,NOAA20,Verified No fire,SUMSEL MUBA,811,2023,2023:811,2023,12235,598218,0.0,385.0,True,False,-35.0,1,2023-06-13 18:35:00,-2.10163,103.80073,0,0,0,2
103.33813,-1.16721,2023-06-15 01:00:00,NASA,NOAA20,Verified No fire,JAMBI SMF,812,2023,2023:812,2023,12236,598402,0.0,404.0,True,False,-16.0,1,2023-06-14 18:16:00,-1.16721,103.33813,0,0,0,1
101.89616394,-0.9665519,2023-06-16 13:00:00,LAPAN,NOAA20,Verified No fire,JAMBI SMF,813,2023,2023:813,2023,12237,598803,0.01297498610517159,382.0,True,False,-38.0,1,2023-06-16 06:38:00,-0.96666,101.89612,0,0,0,0
101.89612,-0.96666,2023-06-16 13:00:00,NASA,NOAA20,Verified No fire,JAMBI SMF,814,2023,2023:814,2023,12238,598803,0.0,382.0,True,False,-38.0,1,2023-06-16 06:38:00,-0.96666,101.89612,0,0,0,0
103.36814,-1.18586,2023-06-17 00:00:00,NASA,NOAA20,Verified No fire,JAMBI SMF,815,2023,2023:815,2023,12239,598893,0.0,382.0,True,False,-38.0,1,2023-06-16 17:38:00,-1.18586,103.36814,0,0,1,2
103.3786087,-1.20203245,2023-06-17 00:00:00,LAPAN,NOAA20,Verified No fire,JAMBI SMF,816,2023,2023:816,2023,12240,598894,0.04317638576729946,382.0,True,False,-38.0,1,2023-06-16 17:38:00,-1.20189,103.37897,0,0,1,2
103.37897,-1.20189,2023-06-17 00:00:00,NASA,NOAA20,Verified No fire,JAMBI SMF,817,2023,2023:817,2023,12241,598894,0.0,382.0,True,False,-38.0,1,2023-06-16 17:38:00,-1.20189,103.37897,0,0,1,2
103.33736,-1.16652,2023-06-17 00:00:00,NASA,NOAA20,Verified No fire,JAMBI SMF,818,2023,2023:818,2023,12242,598892,0.0,382.0,True,False,-38.0,1,2023-06-16 17:38:00,-1.16652,103.33736,0,0,1,3
103.36779022,-1.18600452,2023-06-17 00:00:00,LAPAN,NOAA20,Verified No fire,JAMBI SMF,819,2023,2023:819,2023,12243,598893,0.0420752060449804,382.0,True,False,-38.0,1,2023-06-16 17:38:00,-1.18586,103.36814,0,0,1,2
103.79684,-2.09992,2023-06-17 00:00:00,NASA,NOAA20,Verified No fire,SUMSEL MUBA,820,2023,2023:820,2023,12244,598904,0.0,381.0,True,False,-39.0,1,2023-06-16 17:39:00,-2.09992,103.79684,0,0,1,2
103.08332825,-1.56515956,2023-06-17 01:00:00,LAPAN,SNPP,Verified No fire,JAMBI SMF,822,2023,2023:822,2023,12246,1286505,0.07923103271178861,391.0,True,False,-29.0,1,2023-06-16 18:29:00,-1.56524,103.08262,0,0,0,0
103.79893,-2.10076,2023-06-17 01:00:00,NASA,SNPP,Verified No fire,SUMSEL MUBA,823,2023,2023:823,2023,12247,1286508,0.010245114185737697,391.0,True,False,-29.0,1,2023-06-16 18:29:00,-2.10074,103.79884,0,0,2,2
103.24308,-1.06264,2023-06-17 01:00:00,NASA,SNPP,Verified No fire,JAMBI SMF,824,2023,2023:824,2023,12248,1286499,0.014495585966888963,391.0,True,False,-29.0,1,2023-06-16 18:29:00,-1.06263,103.24295,0,0,1,1
103.33762,-1.16884,2023-06-17 01:00:00,NASA,SNPP,Verified No fire,JAMBI SMF,825,2023,2023:825,2023,12249,1286500,0.006762363366143516,391.0,True,False,-29.0,1,2023-06-16 18:29:00,-1.16883,103.33756,0,0,3,3
103.381,-2.53529,2023-06-17 01:00:00,NASA,SNPP,Verified No fire,SUMSEL MUBA,826,2023,2023:826,2023,12250,1286514,0.0015717664649346598,390.0,True,False,-30.0,1,2023-06-16 18:30:00,-2.5353,103.38101,0,0,0,0
103.08256,-1.56518,2023-06-17 01:00:00,NASA,SNPP,Verified No fire,JAMBI SMF,828,2023,2023:828,2023,12252,1286505,0.00943345538484033,391.0,True,False,-29.0,1,2023-06-16 18:29:00,-1.56524,103.08262,0,0,0,0
103.48496,-1.30003,2023-06-17 01:00:00,NASA,SNPP,Verified No fire,JAMBI SMF,829,2023,2023:829,2023,12253,1286503,0.0024862695924634127,391.0,True,False,-29.0,1,2023-06-16 18:29:00,-1.30005,103.48495,0,0,0,0
103.48545074,-1.30037796,2023-06-17 01:00:00,LAPAN,SNPP,Verified No fire,JAMBI SMF,831,2023,2023:831,2023,12255,1286503,0.06654718590516565,391.0,True,False,-29.0,1,2023-06-16 18:29:00,-1.30005,103.48495,0,0,0,0
103.79705,-2.10242,2023-06-17 02:00:00,NASA,NOAA20,Verified No fire,SUMSEL MUBA,835,2023,2023:835,2023,12259,598982,0.0,401.0,True,False,-19.0,1,2023-06-16 19:19:00,-2.10242,103.79705,0,0,1,3
103.24261,-1.0596,2023-06-17 02:00:00,NASA,NOAA20,Verified No fire,JAMBI SMF,837,2023,2023:837,2023,12261,598979,0.0,401.0,True,False,-19.0,1,2023-06-16 19:19:00,-1.0596,103.24261,0,0,1,2
103.24937,-0.91084,2023-06-17 14:00:00,NASA,SNPP,Verified No fire,JAMBI SMF,839,2023,2023:839,2023,12263,1286627,0.01840564504452533,411.0,True,False,-9.0,1,2023-06-17 07:09:00,-0.91069,103.2493,0,0,0,0
103.7993,-2.09819,2023-06-18 02:00:00,NASA,NOAA20,Verified No fire,SUMSEL MUBA,840,2023,2023:840,2023,12264,599187,0.0,420.0,True,False,0.0,1,2023-06-17 19:00:00,-2.09819,103.7993,0,0,0,3
103.24351,-1.06244,2023-06-18 02:00:00,NASA,NOAA20,Verified No fire,JAMBI SMF,841,2023,2023:841,2023,12265,599184,0.0,420.0,True,False,0.0,1,2023-06-17 19:00:00,-1.06244,103.24351,0,0,0,1
103.0768,-2.49039,2023-06-18 13:00:00,NASA,SNPP,Verified No fire,SUMSEL MUBA,848,2023,2023:848,2023,12272,1286907,0.0022239016046217627,370.0,True,False,-50.0,1,2023-06-18 06:50:00,-2.49041,103.0768,0,0,0,0
103.4598465,-2.44991803,2023-06-18 13:00:00,LAPAN,SNPP,Verified No fire,SUMSEL MUBA,849,2023,2023:849,2023,12273,1286910,0.0772263270980946,370.0,True,False,-50.0,1,2023-06-18 06:50:00,-2.45009,103.46052,0,0,0,0
103.46053,-2.45006,2023-06-18 13:00:00,NASA,SNPP,Verified No fire,SUMSEL MUBA,852,2023,2023:852,2023,12276,1286910,0.003515975871581323,370.0,True,False,-50.0,1,2023-06-18 06:50:00,-2.45009,103.46052,0,0,0,0
103.79733,-2.10277,2023-06-19 00:00:00,NASA,SNPP,Verified No fire,SUMSEL MUBA,855,2023,2023:855,2023,12279,1287074,0.008094712771203822,368.0,True,False,-52.0,1,2023-06-18 17:52:00,-2.1027,103.79735,0,0,1,2
103.22459,-2.5653,2023-06-19 01:00:00,NASA,NOAA20,Verified No fire,SUMSEL MUBA,856,2023,2023:856,2023,12280,599453,0.0,378.0,True,False,-42.0,1,2023-06-18 18:42:00,-2.5653,103.22459,0,0,0,0
103.80004,-2.10166,2023-06-19 01:00:00,NASA,NOAA20,Verified No fire,SUMSEL MUBA,857,2023,2023:857,2023,12281,599450,0.0,379.0,True,False,-41.0,1,2023-06-18 18:41:00,-2.10166,103.80004,0,0,1,3
103.22465515,-2.56529832,2023-06-19 01:00:00,LAPAN,NOAA20,Verified No fire,SUMSEL MUBA,858,2023,2023:858,2023,12282,599453,0.0072395102046470886,378.0,True,False,-42.0,1,2023-06-18 18:42:00,-2.5653,103.22459,0,0,0,0
103.79807,-2.10114,2023-06-20 01:00:00,NASA,NOAA20,Verified No fire,SUMSEL MUBA,859,2023,2023:859,2023,12283,599699,0.0,397.0,True,False,-23.0,1,2023-06-19 18:23:00,-2.10114,103.79807,0,0,0,2
103.37055206,-1.18834817,2023-06-20 01:00:00,LAPAN,NOAA20,Verified No fire,JAMBI SMF,860,2023,2023:860,2023,12284,599692,0.004901903914661431,398.0,True,False,-22.0,1,2023-06-19 18:22:00,-1.18831,103.37053,0,0,0,0
103.38353729,-1.20455718,2023-06-20 01:00:00,LAPAN,NOAA20,Verified No fire,JAMBI SMF,861,2023,2023:861,2023,12285,599694,0.005127971100723057,398.0,True,False,-22.0,1,2023-06-19 18:22:00,-1.20452,103.38351,0,0,0,0
103.37053,-1.18831,2023-06-20 01:00:00,NASA,NOAA20,Verified No fire,JAMBI SMF,862,2023,2023:862,2023,12286,599692,0.0,398.0,True,False,-22.0,1,2023-06-19 18:22:00,-1.18831,103.37053,0,0,0,0
103.38351,-1.20452,2023-06-20 01:00:00,NASA,NOAA20,Verified No fire,JAMBI SMF,863,2023,2023:863,2023,12287,599694,0.0,398.0,True,False,-22.0,1,2023-06-19 18:22:00,-1.20452,103.38351,0,0,0,0
103.33743,-1.16951,2023-06-20 02:00:00,NASA,SNPP,Verified No fire,JAMBI SMF,864,2023,2023:864,2023,12288,1287372,0.027502750719734625,407.0,True,False,-13.0,1,2023-06-19 19:13:00,-1.16945,103.33767,0,0,0,0
103.80032,-2.10005,2023-06-21 01:00:00,NASA,NOAA20,Verified No fire,SUMSEL MUBA,865,2023,2023:865,2023,12289,600029,0.0,416.0,True,False,-4.0,1,2023-06-20 18:04:00,-2.10005,103.80032,0,0,0,2
101.925,-0.95835,2023-06-21 12:00:00,NASA,SNPP,Verified Fire,JAMBI SMF,866,2023,2023:866,2023,12290,1287799,0.0056690962397640396,366.0,True,False,-54.0,1,2023-06-21 05:54:00,-0.95834,101.92495,0,0,1,1
101.92406,-0.9604,2023-06-21 13:00:00,NASA,NOAA20,Verified No fire,JAMBI SMF,868,2023,2023:868,2023,12292,600199,0.0,376.0,True,False,-44.0,1,2023-06-21 06:44:00,-0.9604,101.92406,0,0,1,1
101.92403412,-0.96037859,2023-06-21 13:00:00,LAPAN,NOAA20,Verified Fire,JAMBI SMF,869,2023,2023:869,2023,12293,600199,0.0037345233710601184,376.0,True,False,-44.0,1,2023-06-21 06:44:00,-0.9604,101.92406,0,0,1,1
103.79809,-2.09726,2023-06-22 00:00:00,NASA,NOAA20,Verified No fire,SUMSEL MUBA,870,2023,2023:870,2023,12294,600393,0.0,375.0,True,False,-45.0,1,2023-06-21 17:45:00,-2.09726,103.79809,0,0,1,2
103.3373,-1.16725,2023-06-22 00:00:00,NASA,NOAA20,Verified No fire,JAMBI SMF,875,2023,2023:875,2023,12299,600381,0.0,375.0,True,False,-45.0,1,2023-06-21 17:45:00,-1.16725,103.3373,0,0,1,1
103.79707,-2.10079,2023-06-22 01:00:00,NASA,SNPP,Verified No fire,SUMSEL MUBA,882,2023,2023:882,2023,12306,1288016,0.0035141702325656925,384.0,True,False,-36.0,1,2023-06-21 18:36:00,-2.1008,103.7971,0,0,1,1
103.33884,-1.16941,2023-06-22 01:00:00,NASA,SNPP,Verified No fire,JAMBI SMF,886,2023,2023:886,2023,12310,1288004,0.004717116442506639,385.0,True,False,-35.0,1,2023-06-21 18:35:00,-1.16944,103.33881,0,0,1,2
103.24085,-1.06522,2023-06-22 01:00:00,NASA,SNPP,Verified No fire,JAMBI SMF,887,2023,2023:887,2023,12311,1288003,0.0040089824509810836,385.0,True,False,-35.0,1,2023-06-21 18:35:00,-1.06525,103.24083,0,0,0,1
105.30035,-3.05927,2023-06-22 13:00:00,NASA,Aqua,Verified No fire,SUMSEL,889,2023,2023:889,2023,12313,94821,0.07027255282003103,384.0,True,False,-36.0,1,2023-06-22 06:36:00,-3.0599,105.3004,0,0,0,0
105.55608,-3.69156,2023-06-22 13:00:00,NASA,NOAA20,Verified Fire,SUMSEL,890,2023,2023:890,2023,12314,600560,0.0,396.0,True,False,-24.0,1,2023-06-22 06:24:00,-3.69156,105.55608,0,0,0,0
105.55606079,-3.69157457,2023-06-22 13:00:00,LAPAN,NOAA20,Verified Fire,SUMSEL,891,2023,2023:891,2023,12315,600560,0.002677422408443103,396.0,True,False,-24.0,1,2023-06-22 06:24:00,-3.69156,105.55608,0,0,0,0
103.63264,-1.29774,2023-06-22 13:00:00,NASA,Aqua,Verified No fire,JAMBI SMF,892,2023,2023:892,2023,12316,94839,0.07369123328082104,383.0,True,False,-37.0,1,2023-06-22 06:37:00,-1.2984,103.6327,0,0,0,0
101.8434,-0.97947,2023-06-22 14:00:00,NASA,SNPP,Verified No fire,JAMBI SMF,893,2023,2023:893,2023,12317,1288255,0.015122720820723927,404.0,True,False,-16.0,1,2023-06-22 07:16:00,-0.97939,101.84351,0,0,0,0
103.33929,-1.16981,2023-06-23 01:00:00,NASA,SNPP,Verified No fire,JAMBI SMF,894,2023,2023:894,2023,12318,1288307,0.0035156376130008457,403.0,True,False,-17.0,1,2023-06-22 18:17:00,-1.1698,103.33932,0,0,0,2
103.24446,-1.06284,2023-06-23 01:00:00,NASA,SNPP,Verified No fire,JAMBI SMF,897,2023,2023:897,2023,12321,1288288,0.0022235189872169534,404.0,True,False,-16.0,1,2023-06-22 18:16:00,-1.06284,103.24448,0,0,0,1
105.47898,-2.94441,2023-06-23 14:00:00,NASA,Aqua,Verified No fire,SUMSEL,904,2023,2023:904,2023,12328,94893,0.05609149807770373,402.0,True,False,-18.0,1,2023-06-23 07:18:00,-2.9449,105.4791,0,0,0,0
103.33831,-1.16981,2023-06-24 00:00:00,NASA,SNPP,Verified No fire,JAMBI SMF,905,2023,2023:905,2023,12329,1288551,0.03381180510577495,362.0,True,False,-58.0,1,2023-06-23 17:58:00,-1.16986,103.33801,0,0,1,2
104.07154083,-2.07029796,2023-06-24 01:00:00,LAPAN,NOAA20,Verified No fire,SUMSEL MUBA,910,2023,2023:910,2023,12334,601014,0.004995182191134584,372.0,True,False,-48.0,1,2023-06-23 18:48:00,-2.07032,104.07158,0,0,0,0
104.07158,-2.07032,2023-06-24 01:00:00,NASA,NOAA20,Verified No fire,SUMSEL MUBA,911,2023,2023:911,2023,12335,601014,0.0,372.0,True,False,-48.0,1,2023-06-23 18:48:00,-2.07032,104.07158,0,0,0,0
103.33751,-1.16831,2023-06-24 01:00:00,NASA,NOAA20,Verified No fire,JAMBI SMF,918,2023,2023:918,2023,12342,601018,0.0,372.0,True,False,-48.0,1,2023-06-23 18:48:00,-1.16831,103.33751,0,0,1,2
103.4625473,-1.14228868,2023-06-25 01:00:00,LAPAN,NOAA20,Verified No fire,JAMBI SMF,924,2023,2023:924,2023,12348,601348,0.002151886130004615,391.0,True,False,-29.0,1,2023-06-24 18:29:00,-1.14228,103.46253,0,0,0,0
103.38235,-2.53596,2023-06-25 01:00:00,NASA,NOAA20,Verified No fire,SUMSEL MUBA,925,2023,2023:925,2023,12349,601364,0.0,391.0,True,False,-29.0,1,2023-06-24 18:29:00,-2.53596,103.38235,0,0,0,0
103.46253,-1.14228,2023-06-25 01:00:00,NASA,NOAA20,Verified No fire,JAMBI SMF,927,2023,2023:927,2023,12351,601348,0.0,391.0,True,False,-29.0,1,2023-06-24 18:29:00,-1.14228,103.46253,0,0,0,0
103.33843,-1.16685,2023-06-25 01:00:00,NASA,NOAA20,Verified No fire,JAMBI SMF,930,2023,2023:930,2023,12354,601352,0.0,391.0,True,False,-29.0,1,2023-06-24 18:29:00,-1.16685,103.33843,0,0,0,1
103.32675,-1.40282,2023-06-25 01:00:00,NASA,NOAA20,Verified Fire,JAMBI SMF,931,2023,2023:931,2023,12355,601358,0.0,391.0,True,False,-29.0,1,2023-06-24 18:29:00,-1.40282,103.32675,0,0,0,0
103.79843,-2.10216,2023-06-25 01:00:00,NASA,NOAA20,Verified No fire,SUMSEL MUBA,933,2023,2023:933,2023,12357,601363,0.0,391.0,True,False,-29.0,1,2023-06-24 18:29:00,-2.10216,103.79843,0,0,0,2
103.3267746,-1.40283728,2023-06-25 01:00:00,LAPAN,NOAA20,Verified Fire,JAMBI SMF,934,2023,2023:934,2023,12358,601358,0.0033421395663407846,391.0,True,False,-29.0,1,2023-06-24 18:29:00,-1.40282,103.32675,0,0,0,0
103.33804,-1.16794,2023-06-27 01:00:00,NASA,SNPP,Verified No fire,JAMBI SMF,945,2023,2023:945,2023,12369,1289475,0.01757901661863722,378.0,True,False,-42.0,1,2023-06-26 18:42:00,-1.16803,103.33817,0,0,0,0
103.33833,-1.16896,2023-06-30 00:00:00,NASA,SNPP,Verified No fire,JAMBI SMF,970,2023,2023:970,2023,12394,1290268,0.05687188145235646,375.0,True,False,-45.0,1,2023-06-29 17:45:00,-1.16892,103.33782,0,0,1,3
103.79688,-2.09985,2023-06-30 00:00:00,NASA,SNPP,Verified No fire,SUMSEL MUBA,971,2023,2023:971,2023,12395,1290274,0.029179166130205037,375.0,True,False,-45.0,1,2023-06-29 17:45:00,-2.09965,103.79671,0,0,2,2
103.34076,-1.16894,2023-06-30 01:00:00,NASA,NOAA20,Verified No fire,JAMBI SMF,978,2023,2023:978,2023,12402,602747,0.0,385.0,True,False,-35.0,1,2023-06-29 18:35:00,-1.16894,103.34076,0,0,1,3
103.22678,-2.56378,2023-06-30 01:00:00,NASA,NOAA20,Verified No fire,SUMSEL MUBA,979,2023,2023:979,2023,12403,602737,0.0,385.0,True,False,-35.0,1,2023-06-29 18:35:00,-2.56378,103.22678,0,0,0,0
103.24328,-1.06196,2023-06-30 01:00:00,NASA,NOAA20,Verified No fire,JAMBI SMF,980,2023,2023:980,2023,12404,602746,0.0,385.0,True,False,-35.0,1,2023-06-29 18:35:00,-1.06196,103.24328,0,0,0,0
103.22670746,-2.56377864,2023-06-30 01:00:00,LAPAN,NOAA20,Verified No fire,SUMSEL MUBA,981,2023,2023:981,2023,12405,602737,0.008059436248029583,385.0,True,False,-35.0,1,2023-06-29 18:35:00,-2.56378,103.22678,0,0,0,0
103.36985,-1.19054,2023-06-30 02:00:00,NASA,SNPP,Verified No fire,JAMBI SMF,986,2023,2023:986,2023,12410,1290310,0.050753083597537475,394.0,True,False,-26.0,1,2023-06-29 19:26:00,-1.19076,103.37025,0,0,1,2
105.31456,-3.05509,2023-06-30 14:00:00,NASA,Aqua,Verified No fire,SUMSEL,987,2023,2023:987,2023,12411,95322,0.03255101001838981,403.0,True,False,-17.0,1,2023-06-30 07:17:00,-3.0548,105.3146,0,0,0,0
103.37261963,-1.19117022,2023-07-03 01:00:00,LAPAN,SNPP,Verified No fire,JAMBI SMF,989,2023,2023:989,2023,12413,1290784,0.0811435475037036,391.0,True,False,-29.0,1,2023-07-02 18:29:00,-1.19119,103.37189,0,0,0,0
103.37186,-1.19118,2023-07-03 01:00:00,NASA,SNPP,Verified No fire,JAMBI SMF,990,2023,2023:990,2023,12414,1290784,0.0035156132846112433,391.0,True,False,-29.0,1,2023-07-02 18:29:00,-1.19119,103.37189,0,0,0,0
103.33961,-1.16902,2023-07-03 01:00:00,NASA,SNPP,Verified No fire,JAMBI SMF,991,2023,2023:991,2023,12415,1290782,0.0035156384935617654,391.0,True,False,-29.0,1,2023-07-02 18:29:00,-1.16903,103.33964,0,0,0,0
103.24348,-1.06494,2023-07-04 01:00:00,NASA,SNPP,Verified No fire,JAMBI SMF,992,2023,2023:992,2023,12416,1290880,0.011337834296489772,410.0,True,False,-10.0,1,2023-07-03 18:10:00,-1.06496,103.24358,0,0,0,1
103.79798,-2.10107,2023-07-04 01:00:00,NASA,SNPP,Verified No fire,SUMSEL MUBA,993,2023,2023:993,2023,12417,1290882,0.012423897461637436,409.0,True,False,-11.0,1,2023-07-03 18:11:00,-2.10109,103.79809,0,0,0,2
103.31824,-0.98615,2023-07-04 01:00:00,NASA,SNPP,Verified No fire,JAMBI SMF,994,2023,2023:994,2023,12418,1290876,0.009499278107583888,410.0,True,False,-10.0,1,2023-07-03 18:10:00,-0.98618,103.31832,0,0,0,1
103.31892395,-0.98660439,2023-07-04 01:00:00,LAPAN,SNPP,Verified No fire,JAMBI SMF,995,2023,2023:995,2023,12419,1290876,0.08207028414586325,410.0,True,False,-10.0,1,2023-07-03 18:10:00,-0.98618,103.31832,0,0,0,1
102.82806,-1.10659,2023-07-04 13:00:00,NASA,SNPP,Verified No fire,JAMBI SMF,999,2023,2023:999,2023,12423,1290950,0.006763698587626352,369.0,True,False,-51.0,1,2023-07-04 06:51:00,-1.10653,102.82807,0,0,0,0
103.31944,-0.98403,2023-07-04 13:00:00,NASA,SNPP,Verified No fire,JAMBI SMF,1002,2023,2023:1002,2023,12426,1290948,0.008468171245426589,369.0,True,False,-51.0,1,2023-07-04 06:51:00,-0.98396,103.31947,0,0,0,2
103.24142,-1.06551,2023-07-05 00:00:00,NASA,SNPP,Verified No fire,JAMBI SMF,1006,2023,2023:1006,2023,12430,1291051,0.036008083632188596,368.0,True,False,-52.0,1,2023-07-04 17:52:00,-1.06546,103.24174,0,0,0,1
103.33897,-1.16974,2023-07-05 00:00:00,NASA,SNPP,Verified No fire,JAMBI SMF,1012,2023,2023:1012,2023,12436,1291049,0.014915898528920122,368.0,True,False,-52.0,1,2023-07-04 17:52:00,-1.16968,103.33909,0,0,2,2
103.79925,-2.10225,2023-07-05 01:00:00,NASA,NOAA20,Verified No fire,SUMSEL MUBA,1015,2023,2023:1015,2023,12439,603584,0.0,378.0,True,False,-42.0,1,2023-07-04 18:42:00,-2.10225,103.79925,0,0,2,2
103.38242,-1.20435,2023-07-05 01:00:00,NASA,NOAA20,Verified No fire,JAMBI SMF,1019,2023,2023:1019,2023,12443,603568,0.0,379.0,True,False,-41.0,1,2023-07-04 18:41:00,-1.20435,103.38242,0,0,3,5
103.31864166,-0.98435885,2023-07-05 01:00:00,LAPAN,NOAA20,Verified No fire,JAMBI SMF,1020,2023,2023:1020,2023,12444,603572,0.01910249592940234,379.0,True,False,-41.0,1,2023-07-04 18:41:00,-0.98451,103.31856,0,0,0,1
103.37294006,-1.18831611,2023-07-05 01:00:00,LAPAN,NOAA20,Verified No fire,JAMBI SMF,1022,2023,2023:1022,2023,12446,603570,0.01928809319026911,379.0,True,False,-41.0,1,2023-07-04 18:41:00,-1.18847,103.37286,0,0,1,2
103.37286,-1.18847,2023-07-05 01:00:00,NASA,NOAA20,Verified No fire,JAMBI SMF,1023,2023,2023:1023,2023,12447,603570,0.0,379.0,True,False,-41.0,1,2023-07-04 18:41:00,-1.18847,103.37286,0,0,1,2
103.35894775,-1.1753732,2023-07-05 01:00:00,LAPAN,NOAA20,Verified No fire,JAMBI SMF,1024,2023,2023:1024,2023,12448,603576,0.019978962575099152,379.0,True,False,-41.0,1,2023-07-04 18:41:00,-1.17553,103.35886,0,0,0,0
103.36036,-1.02332,2023-07-05 01:00:00,NASA,NOAA20,Verified No fire,JAMBI SMF,1025,2023,2023:1025,2023,12449,603571,0.0,379.0,True,False,-41.0,1,2023-07-04 18:41:00,-1.02332,103.36036,0,0,0,0
103.31856,-0.98451,2023-07-05 01:00:00,NASA,NOAA20,Verified No fire,JAMBI SMF,1027,2023,2023:1027,2023,12451,603572,0.0,379.0,True,False,-41.0,1,2023-07-04 18:41:00,-0.98451,103.31856,0,0,0,1
103.38249969,-1.20418978,2023-07-05 01:00:00,LAPAN,NOAA20,Verified No fire,JAMBI SMF,1028,2023,2023:1028,2023,12452,603568,0.019896817579635264,379.0,True,False,-41.0,1,2023-07-04 18:41:00,-1.20435,103.38242,0,0,3,5
103.35886,-1.17553,2023-07-05 01:00:00,NASA,NOAA20,Verified No fire,JAMBI SMF,1029,2023,2023:1029,2023,12453,603576,0.0,379.0,True,False,-41.0,1,2023-07-04 18:41:00,-1.17553,103.35886,0,0,0,0
105.60699,-3.76515,2023-07-05 13:00:00,NASA,SNPP,Verified No fire,SUMSEL,1032,2023,2023:1032,2023,12456,1291149,0.0035094672671998482,389.0,True,False,-31.0,1,2023-07-05 06:31:00,-3.76516,105.60696,0,0,0,0
105.60623932,-3.76537395,2023-07-05 13:00:00,LAPAN,SNPP,Verified No fire,SUMSEL,1033,2023,2023:1033,2023,12457,1291149,0.08342703007959605,389.0,True,False,-31.0,1,2023-07-05 06:31:00,-3.76516,105.60696,0,0,0,0
105.57726288,-3.71810699,2023-07-05 13:00:00,LAPAN,SNPP,Verified No fire,SUMSEL,1034,2023,2023:1034,2023,12458,1291150,0.08285462199667143,389.0,True,False,-31.0,1,2023-07-05 06:31:00,-3.71784,105.57796,0,0,0,0
105.57798,-3.71783,2023-07-05 13:00:00,NASA,SNPP,Verified No fire,SUMSEL,1035,2023,2023:1035,2023,12459,1291150,0.002482212328711171,389.0,True,False,-31.0,1,2023-07-05 06:31:00,-3.71784,105.57796,0,0,0,0
103.33765,-1.16762,2023-07-11 01:00:00,NASA,NOAA20,Verified No fire,JAMBI SMF,1059,2023,2023:1059,2023,12483,604445,0.0,391.0,True,False,-29.0,1,2023-07-10 18:29:00,-1.16762,103.33765,0,0,0,0
103.38297272,-1.20156205,2023-07-12 01:00:00,LAPAN,NOAA20,Verified No fire,JAMBI SMF,1064,2023,2023:1064,2023,12488,604593,0.02421653264829239,410.0,True,False,-10.0,1,2023-07-11 18:10:00,-1.20137,103.38287,0,0,0,2
103.38287,-1.20137,2023-07-12 01:00:00,NASA,NOAA20,Verified No fire,JAMBI SMF,1065,2023,2023:1065,2023,12489,604593,0.0,410.0,True,False,-10.0,1,2023-07-11 18:10:00,-1.20137,103.38287,0,0,0,2
103.33921,-1.1647,2023-07-13 00:00:00,NASA,NOAA20,Verified No fire,JAMBI SMF,1067,2023,2023:1067,2023,12491,604761,0.0,369.0,True,False,-51.0,1,2023-07-12 17:51:00,-1.1647,103.33921,0,0,1,1
103.79787,-2.09827,2023-07-13 00:00:00,NASA,NOAA20,Verified No fire,SUMSEL MUBA,1073,2023,2023:1073,2023,12497,604771,0.0,369.0,True,False,-51.0,1,2023-07-12 17:51:00,-2.09827,103.79787,0,0,1,1
103.24321,-1.05952,2023-07-13 00:00:00,NASA,NOAA20,Verified No fire,JAMBI SMF,1076,2023,2023:1076,2023,12500,604760,0.0,369.0,True,False,-51.0,1,2023-07-12 17:51:00,-1.05952,103.24321,0,0,1,1
103.79915,-2.10102,2023-07-13 01:00:00,NASA,SNPP,Verified No fire,SUMSEL MUBA,1077,2023,2023:1077,2023,12501,1292203,0.006759308649802021,378.0,True,False,-42.0,1,2023-07-12 18:42:00,-2.10101,103.79909,0,0,1,3
103.36066437,-1.02336502,2023-07-13 01:00:00,LAPAN,SNPP,Verified No fire,JAMBI SMF,1081,2023,2023:1081,2023,12505,1292195,0.0901863729937813,378.0,True,False,-42.0,1,2023-07-12 18:42:00,-1.02347,103.35986,0,0,0,0
103.33875,-1.16766,2023-07-13 01:00:00,NASA,SNPP,Verified No fire,JAMBI SMF,1082,2023,2023:1082,2023,12506,1292209,0.005559338401328853,378.0,True,False,-42.0,1,2023-07-12 18:42:00,-1.1677,103.33878,0,0,1,1
103.4883728,-1.29927027,2023-07-13 01:00:00,LAPAN,SNPP,Verified No fire,JAMBI SMF,1083,2023,2023:1083,2023,12507,1292213,0.08643541888025322,378.0,True,False,-42.0,1,2023-07-12 18:42:00,-1.2995,103.48763,0,0,0,0
103.24332,-1.06253,2023-07-13 01:00:00,NASA,SNPP,Verified No fire,JAMBI SMF,1084,2023,2023:1084,2023,12508,1292216,0.004583948667943907,378.0,True,False,-42.0,1,2023-07-12 18:42:00,-1.06252,103.24328,0,0,1,1
103.35991,-1.02348,2023-07-13 01:00:00,NASA,SNPP,Verified No fire,JAMBI SMF,1085,2023,2023:1085,2023,12509,1292195,0.005668989066936795,378.0,True,False,-42.0,1,2023-07-12 18:42:00,-1.02347,103.35986,0,0,0,0
103.22818,-2.56346,2023-07-13 01:00:00,NASA,SNPP,Verified No fire,SUMSEL MUBA,1090,2023,2023:1090,2023,12514,1292200,0.026147205845270065,378.0,True,False,-42.0,1,2023-07-12 18:42:00,-2.56341,103.22795,0,0,0,0
103.48759,-1.29944,2023-07-13 01:00:00,NASA,SNPP,Verified No fire,JAMBI SMF,1091,2023,2023:1091,2023,12515,1292213,0.008017756807379726,378.0,True,False,-42.0,1,2023-07-12 18:42:00,-1.2995,103.48763,0,0,0,0
105.55823,-3.68066,2023-07-16 13:00:00,NASA,SNPP,Verified No fire,SUMSEL,1101,2023,2023:1101,2023,12525,1292920,0.0011119508023619408,395.0,True,False,-25.0,1,2023-07-16 06:25:00,-3.68065,105.55823,0,0,0,0
103.00144958,-2.30385852,2023-07-16 13:00:00,LAPAN,SNPP,Verified No fire,SUMSEL MUBA,1102,2023,2023:1102,2023,12526,1292960,0.07287236899004836,395.0,True,False,-25.0,1,2023-07-16 06:25:00,-2.304,103.00209,0,0,0,0
103.00205,-2.30401,2023-07-16 13:00:00,NASA,SNPP,Verified No fire,SUMSEL MUBA,1103,2023,2023:1103,2023,12527,1292960,0.0045812023895055,395.0,True,False,-25.0,1,2023-07-16 06:25:00,-2.304,103.00209,0,0,0,0
105.55755615,-3.68098831,2023-07-16 13:00:00,LAPAN,SNPP,Verified No fire,SUMSEL,1104,2023,2023:1104,2023,12528,1292920,0.08370383159993573,395.0,True,False,-25.0,1,2023-07-16 06:25:00,-3.68065,105.55823,0,0,0,0
103.24189,-1.06149,2023-07-18 00:00:00,NASA,NOAA20,Verified No fire,JAMBI SMF,1106,2023,2023:1106,2023,12530,606403,0.0,363.0,True,False,-57.0,1,2023-07-17 17:57:00,-1.06149,103.24189,0,0,0,0
103.36081,-1.02263,2023-07-18 00:00:00,NASA,NOAA20,Verified No fire,JAMBI SMF,1107,2023,2023:1107,2023,12531,606402,0.0,363.0,True,False,-57.0,1,2023-07-17 17:57:00,-1.02263,103.36081,0,0,0,0
103.3395,-1.16873,2023-07-18 00:00:00,NASA,NOAA20,Verified No fire,JAMBI SMF,1108,2023,2023:1108,2023,12532,606419,0.0,362.0,True,False,-58.0,1,2023-07-17 17:58:00,-1.16873,103.3395,0,0,0,0
103.37238,-1.19111,2023-07-18 01:00:00,NASA,SNPP,Verified No fire,JAMBI SMF,1109,2023,2023:1109,2023,12533,1294052,0.008683844319918435,372.0,True,False,-48.0,1,2023-07-17 18:48:00,-1.19117,103.37243,0,0,0,0
103.37322235,-1.19092357,2023-07-18 01:00:00,LAPAN,SNPP,Verified No fire,JAMBI SMF,1110,2023,2023:1110,2023,12534,1294052,0.09225004204898907,372.0,True,False,-48.0,1,2023-07-17 18:48:00,-1.19117,103.37243,0,0,0,0
105.60803986,-3.47418356,2023-07-18 13:00:00,LAPAN,NOAA20,Verified Fire,SUMSEL,1112,2023,2023:1112,2023,12536,606699,0.013654687696194384,383.0,True,False,-37.0,1,2023-07-18 06:37:00,-3.47421,105.60816,0,0,0,0
105.60816,-3.47421,2023-07-18 13:00:00,NASA,NOAA20,Fire inside Sitrep,SUMSEL,1113,2023,2023:1113,2023,12537,606699,0.0,383.0,True,False,-37.0,1,2023-07-18 06:37:00,-3.47421,105.60816,0,0,0,0
103.24367,-1.06496,2023-07-20 01:00:00,NASA,SNPP,Verified No fire,JAMBI SMF,1115,2023,2023:1115,2023,12539,1295592,0.006671704813998013,410.0,True,False,-10.0,1,2023-07-19 18:10:00,-1.0649,103.24367,0,0,0,0
103.36125,-1.02572,2023-07-23 01:00:00,NASA,SNPP,Verified No fire,JAMBI SMF,1122,2023,2023:1122,2023,12546,1296680,0.011337970529968563,366.0,True,False,-54.0,1,2023-07-22 18:54:00,-1.0257,103.36115,0,0,0,0
103.34017,-1.16939,2023-07-23 01:00:00,NASA,SNPP,Verified No fire,JAMBI SMF,1123,2023,2023:1123,2023,12547,1296682,0.026025313135208148,366.0,True,False,-54.0,1,2023-07-22 18:54:00,-1.16931,103.33995,0,0,0,2
103.79868,-2.09995,2023-07-23 01:00:00,NASA,SNPP,Verified No fire,SUMSEL MUBA,1124,2023,2023:1124,2023,12548,1296691,0.014954218520789403,365.0,True,False,-55.0,1,2023-07-22 18:55:00,-2.09986,103.79858,0,0,0,1
103.2411,-1.0633,2023-07-23 01:00:00,NASA,SNPP,Verified No fire,JAMBI SMF,1125,2023,2023:1125,2023,12549,1296681,0.012676157859668524,366.0,True,False,-54.0,1,2023-07-22 18:54:00,-1.06327,103.24099,0,0,0,0
103.38091,-2.53644,2023-07-26 00:00:00,NASA,SNPP,Verified No fire,SUMSEL MUBA,1128,2023,2023:1128,2023,12552,1298226,0.03830774810225301,362.0,True,False,-58.0,1,2023-07-25 17:58:00,-2.53654,103.38058,0,0,0,0
103.3383,-1.16699,2023-07-26 00:00:00,NASA,SNPP,Verified No fire,JAMBI SMF,1133,2023,2023:1133,2023,12557,1298210,0.03656951475662499,362.0,True,False,-58.0,1,2023-07-25 17:58:00,-1.16688,103.33861,0,0,0,0
103.53503,-1.22204,2023-07-26 12:00:00,NASA,NOAA20,Fire inside Sitrep,JAMBI SMF,1146,2023,2023:1146,2023,12570,609707,0.0,372.0,True,False,-48.0,1,2023-07-26 05:48:00,-1.22204,103.53503,0,0,0,0
103.48646545,-1.29835939,2023-07-27 01:00:00,LAPAN,NOAA20,Verified No fire,JAMBI SMF,1148,2023,2023:1148,2023,12572,609821,0.0038124705956350383,391.0,True,False,-29.0,1,2023-07-26 18:29:00,-1.29839,103.48645,0,0,0,0
103.36006165,-1.02377796,2023-07-27 01:00:00,LAPAN,NOAA20,Verified No fire,JAMBI SMF,1149,2023,2023:1149,2023,12573,609815,0.0027719503291884985,391.0,True,False,-29.0,1,2023-07-26 18:29:00,-1.0238,103.36005,0,0,0,0
103.48645,-1.29839,2023-07-27 01:00:00,NASA,NOAA20,Verified No fire,JAMBI SMF,1150,2023,2023:1150,2023,12574,609821,0.0,391.0,True,False,-29.0,1,2023-07-26 18:29:00,-1.29839,103.48645,0,0,0,0
103.48399,-1.22343,2023-07-27 01:00:00,NASA,NOAA20,Verified No fire,JAMBI SMF,1151,2023,2023:1151,2023,12575,609820,0.0,391.0,True,False,-29.0,1,2023-07-26 18:29:00,-1.22343,103.48399,0,0,0,0
103.36005,-1.0238,2023-07-27 01:00:00,NASA,NOAA20,Verified No fire,JAMBI SMF,1152,2023,2023:1152,2023,12576,609815,0.0,391.0,True,False,-29.0,1,2023-07-26 18:29:00,-1.0238,103.36005,0,0,0,0
103.38076,-1.20298,2023-07-28 01:00:00,NASA,NOAA20,Verified No fire,JAMBI SMF,1155,2023,2023:1155,2023,12579,611472,0.0,410.0,True,False,-10.0,1,2023-07-27 18:10:00,-1.20298,103.38076,0,0,0,1
103.3807373,-1.2031951,2023-07-28 01:00:00,LAPAN,NOAA20,Verified No fire,JAMBI SMF,1156,2023,2023:1156,2023,12580,611472,0.0240508231319609,410.0,True,False,-10.0,1,2023-07-27 18:10:00,-1.20298,103.38076,0,0,0,1
103.38161,-2.53673,2023-07-28 01:00:00,NASA,NOAA20,Verified No fire,SUMSEL MUBA,1157,2023,2023:1157,2023,12581,611526,0.0,410.0,True,False,-10.0,1,2023-07-27 18:10:00,-2.53673,103.38161,0,0,0,0
103.38133,-1.20232,2023-07-29 00:00:00,NASA,NOAA20,Verified No fire,JAMBI SMF,1161,2023,2023:1161,2023,12585,612187,0.0,369.0,True,False,-51.0,1,2023-07-28 17:51:00,-1.20232,103.38133,0,0,1,3
103.38134003,-1.20279932,2023-07-29 00:00:00,LAPAN,NOAA20,Verified No fire,JAMBI SMF,1162,2023,2023:1162,2023,12586,612187,0.05330968839488902,369.0,True,False,-51.0,1,2023-07-28 17:51:00,-1.20232,103.38133,0,0,1,3
103.33781,-1.1671,2023-07-29 01:00:00,NASA,SNPP,Verified No fire,JAMBI SMF,1163,2023,2023:1163,2023,12587,1299331,0.00786108097994817,378.0,True,False,-42.0,1,2023-07-28 18:42:00,-1.16711,103.33788,0,0,0,1
103.7975,-2.10203,2023-07-29 01:00:00,NASA,SNPP,Verified No fire,SUMSEL MUBA,1165,2023,2023:1165,2023,12589,1299347,0.0024860630472572586,378.0,True,False,-42.0,1,2023-07-28 18:42:00,-2.10205,103.79749,0,0,0,0
103.36273956,-1.02330136,2023-07-29 01:00:00,LAPAN,SNPP,Verified No fire,JAMBI SMF,1167,2023,2023:1167,2023,12591,1299335,0.08458238057681214,378.0,True,False,-42.0,1,2023-07-28 18:42:00,-1.02298,103.36205,0,0,0,1
103.36221,-1.02304,2023-07-29 01:00:00,NASA,SNPP,Verified No fire,JAMBI SMF,1169,2023,2023:1169,2023,12593,1299335,0.018998368406318304,378.0,True,False,-42.0,1,2023-07-28 18:42:00,-1.02298,103.36205,0,0,0,1
103.38336,-1.20414,2023-07-29 13:00:00,NASA,NOAA20,Verified No fire,JAMBI SMF,1171,2023,2023:1171,2023,12595,612742,0.0,389.0,True,False,-31.0,1,2023-07-29 06:31:00,-1.20414,103.38336,0,0,0,4
103.38334656,-1.20421207,2023-07-29 13:00:00,LAPAN,NOAA20,Verified No fire,JAMBI SMF,1172,2023,2023:1172,2023,12596,612742,0.00815192566827149,389.0,True,False,-31.0,1,2023-07-29 06:31:00,-1.20414,103.38336,0,0,0,4
103.33711,-1.1668,2023-07-30 01:00:00,NASA,SNPP,Verified No fire,JAMBI SMF,1177,2023,2023:1177,2023,12601,1301245,0.0035162242799571504,397.0,True,False,-23.0,1,2023-07-29 18:23:00,-1.16677,103.33712,0,0,0,3
103.3624,-1.02356,2023-07-30 01:00:00,NASA,SNPP,Verified No fire,JAMBI SMF,1178,2023,2023:1178,2023,12602,1301242,0.0,397.0,True,False,-23.0,1,2023-07-29 18:23:00,-1.02356,103.3624,0,0,0,1
103.36322784,-1.02360845,2023-07-30 01:00:00,LAPAN,SNPP,Verified No fire,JAMBI SMF,1179,2023,2023:1179,2023,12603,1301242,0.0921945875457644,397.0,True,False,-23.0,1,2023-07-29 18:23:00,-1.02356,103.3624,0,0,0,1
103.70129395,-2.11199927,2023-07-30 13:00:00,LAPAN,NOAA20,Verified No fire,SUMSEL MUBA,1182,2023,2023:1182,2023,12606,614355,0.04897434950703498,408.0,True,False,-12.0,1,2023-07-30 06:12:00,-2.1116,103.70148,0,0,0,0
103.03813171,-1.09248018,2023-07-30 13:00:00,LAPAN,NOAA20,Verified Fire,JAMBI SMF,1183,2023,2023:1183,2023,12607,615098,0.03266432343452538,407.0,True,False,-13.0,1,2023-07-30 06:13:00,-1.0922,103.03822,0,0,0,0
105.58864594,-3.56199837,2023-07-30 13:00:00,LAPAN,NOAA20,Fire inside Sitrep,SUMSEL,1184,2023,2023:1184,2023,12608,614259,0.03884396708162125,408.0,True,False,-12.0,1,2023-07-30 06:12:00,-3.56168,105.58879,0,0,1,1
103.03822,-1.0922,2023-07-30 13:00:00,NASA,NOAA20,Verified Fire,JAMBI SMF,1185,2023,2023:1185,2023,12609,615098,0.0,407.0,True,False,-13.0,1,2023-07-30 06:13:00,-1.0922,103.03822,0,0,0,0
103.70148,-2.1116,2023-07-30 13:00:00,NASA,NOAA20,Verified No fire,SUMSEL MUBA,1186,2023,2023:1186,2023,12610,614355,0.0,408.0,True,False,-12.0,1,2023-07-30 06:12:00,-2.1116,103.70148,0,0,0,0
105.58451,-3.56329,2023-07-30 13:00:00,NASA,Aqua,Verified Fire,SUMSEL,1187,2023,2023:1187,2023,12611,98688,0.043380279685615614,362.0,True,False,-58.0,1,2023-07-30 06:58:00,-3.5629,105.5845,0,0,1,1
105.58879,-3.56168,2023-07-30 13:00:00,NASA,NOAA20,Fire inside Sitrep,SUMSEL,1188,2023,2023:1188,2023,12612,614259,0.0,408.0,True,False,-12.0,1,2023-07-30 06:12:00,-3.56168,105.58879,0,0,1,1
103.33907,-1.16837,2023-07-31 01:00:00,NASA,NOAA20,Verified No fire,JAMBI SMF,1198,2023,2023:1198,2023,12622,615324,0.0,366.0,True,False,-54.0,1,2023-07-30 18:54:00,-1.16837,103.33907,0,0,2,3
103.2421,-1.0627,2023-07-31 01:00:00,NASA,NOAA20,Verified No fire,JAMBI SMF,1204,2023,2023:1204,2023,12628,615325,0.0,366.0,True,False,-54.0,1,2023-07-30 18:54:00,-1.0627,103.2421,0,0,1,2
103.24336,-1.06152,2023-07-31 01:00:00,NASA,SNPP,Verified No fire,JAMBI SMF,1207,2023,2023:1207,2023,12631,1302387,0.01641712364993999,416.0,True,False,-4.0,1,2023-07-30 18:04:00,-1.06139,103.24343,0,0,1,1
103.797,-2.09956,2023-07-31 01:00:00,NASA,SNPP,Verified No fire,SUMSEL MUBA,1210,2023,2023:1210,2023,12634,1302410,0.00628803257129856,416.0,True,False,-4.0,1,2023-07-30 18:04:00,-2.0996,103.79696,0,0,0,0
103.48857,-2.25229,2023-07-31 01:00:00,NASA,SNPP,Verified No fire,SUMSEL MUBA,1211,2023,2023:1211,2023,12635,1302437,0.004447803209347922,416.0,True,False,-4.0,1,2023-07-30 18:04:00,-2.25225,103.48857,0,0,0,0
105.28818512,-2.7568233,2023-07-31 12:00:00,LAPAN,NOAA20,Verified No fire,SUMSEL,1212,2023,2023:1212,2023,12636,615611,0.07801280448513606,367.0,True,False,-53.0,1,2023-07-31 05:53:00,-2.75625,105.28859,0,0,0,0
105.28859,-2.75625,2023-07-31 12:00:00,NASA,NOAA20,Verified No fire,SUMSEL,1213,2023,2023:1213,2023,12637,615611,0.0,367.0,True,False,-53.0,1,2023-07-31 05:53:00,-2.75625,105.28859,0,0,0,0
103.27145,-2.55156,2023-07-31 13:00:00,NASA,SNPP,Verified No fire,SUMSEL MUBA,1215,2023,2023:1215,2023,12639,1303015,0.018501185940023947,376.0,True,False,-44.0,1,2023-07-31 06:44:00,-2.5517,103.27136,0,0,0,0
103.96397,-2.07674,2023-07-31 13:00:00,NASA,SNPP,Verified Fire,SUMSEL MUBA,1216,2023,2023:1216,2023,12640,1303049,0.017362495234315926,376.0,True,False,-44.0,1,2023-07-31 06:44:00,-2.07664,103.96409,0,0,0,0
103.48817444,-2.28393936,2023-07-31 13:00:00,LAPAN,SNPP,Verified No fire,SUMSEL MUBA,1217,2023,2023:1217,2023,12641,1303033,0.08800183989826021,376.0,True,False,-44.0,1,2023-07-31 06:44:00,-2.2841,103.48895,0,0,0,1
103.4888,-2.28412,2023-07-31 13:00:00,NASA,SNPP,Verified No fire,SUMSEL MUBA,1218,2023,2023:1218,2023,12642,1303033,0.01681373344197817,376.0,True,False,-44.0,1,2023-07-31 06:44:00,-2.2841,103.48895,0,0,0,1
103.27084351,-2.5513618,2023-07-31 13:00:00,LAPAN,SNPP,Verified No fire,SUMSEL MUBA,1219,2023,2023:1219,2023,12643,1303015,0.06860046896221135,376.0,True,False,-44.0,1,2023-07-31 06:44:00,-2.5517,103.27136,0,0,0,0
103.22608185,-2.5645504,2023-08-01 01:00:00,LAPAN,NOAA20,Verified No fire,SUMSEL MUBA,1224,2023,2023:1224,2023,12648,617002,0.027626876157374008,384.0,True,False,-36.0,1,2023-07-31 18:36:00,-2.56473,103.22591,0,0,0,0
103.24464,-1.06341,2023-08-01 01:00:00,NASA,NOAA20,Verified No fire,JAMBI SMF,1225,2023,2023:1225,2023,12649,616967,0.0,385.0,True,False,-35.0,1,2023-07-31 18:35:00,-1.06341,103.24464,0,0,0,1
103.36192,-1.02367,2023-08-01 01:00:00,NASA,NOAA20,Verified No fire,JAMBI SMF,1229,2023,2023:1229,2023,12653,616968,0.0,385.0,True,False,-35.0,1,2023-07-31 18:35:00,-1.02367,103.36192,0,0,0,2
103.36209106,-1.02349603,2023-08-01 01:00:00,LAPAN,NOAA20,Verified No fire,JAMBI SMF,1230,2023,2023:1230,2023,12654,616968,0.027127440048728815,385.0,True,False,-35.0,1,2023-07-31 18:35:00,-1.02367,103.36192,0,0,0,2
103.33941,-1.16977,2023-08-01 01:00:00,NASA,NOAA20,Verified No fire,JAMBI SMF,1231,2023,2023:1231,2023,12655,616966,0.0,385.0,True,False,-35.0,1,2023-07-31 18:35:00,-1.16977,103.33941,0,0,0,1
103.22591,-2.56473,2023-08-01 01:00:00,NASA,NOAA20,Verified No fire,SUMSEL MUBA,1232,2023,2023:1232,2023,12656,617002,0.0,384.0,True,False,-36.0,1,2023-07-31 18:36:00,-2.56473,103.22591,0,0,0,0
103.79698,-2.09994,2023-08-01 01:00:00,NASA,NOAA20,Verified No fire,SUMSEL MUBA,1234,2023,2023:1234,2023,12658,616951,0.0,385.0,True,False,-35.0,1,2023-07-31 18:35:00,-2.09994,103.79698,0,0,0,0
102.98729,-1.58083,2023-08-01 13:00:00,NASA,SNPP,Verified No fire,JAMBI SMF,1236,2023,2023:1236,2023,12660,1304513,0.0011119508023550296,395.0,True,False,-25.0,1,2023-08-01 06:25:00,-1.58084,102.98729,0,0,0,0
102.98660278,-1.58122504,2023-08-01 13:00:00,LAPAN,SNPP,Verified No fire,JAMBI SMF,1237,2023,2023:1237,2023,12661,1304513,0.08756692801074241,395.0,True,False,-25.0,1,2023-08-01 06:25:00,-1.58084,102.98729,0,0,0,0
105.69341,-2.77696,2023-08-01 13:00:00,NASA,Aqua,Verified No fire,SUMSEL,1238,2023,2023:1238,2023,12662,99651,0.05116179354342521,376.0,True,False,-44.0,1,2023-08-01 06:44:00,-2.7765,105.6934,0,0,0,0
103.60822,-2.42559,2023-08-01 14:00:00,NASA,NOAA20,Verified No fire,SUMSEL MUBA,1239,2023,2023:1239,2023,12663,618231,0.0,405.0,True,False,-15.0,1,2023-08-01 07:15:00,-2.42559,103.60822,0,0,0,0
105.54912567,-2.72299361,2023-08-02 01:00:00,LAPAN,NOAA20,Verified No fire,SUMSEL,1240,2023,2023:1240,2023,12664,618404,0.019264009825363478,403.0,True,False,-17.0,1,2023-08-01 18:17:00,-2.72307,105.54897,0,0,0,0
105.54897,-2.72307,2023-08-02 01:00:00,NASA,NOAA20,Verified No fire,SUMSEL,1241,2023,2023:1241,2023,12665,618404,0.0,403.0,True,False,-17.0,1,2023-08-01 18:17:00,-2.72307,105.54897,0,0,0,0
103.24194,-1.0632,2023-08-03 00:00:00,NASA,NOAA20,Verified No fire,JAMBI SMF,1242,2023,2023:1242,2023,12666,619024,0.0,363.0,True,False,-57.0,1,2023-08-02 17:57:00,-1.0632,103.24194,0,0,0,0
103.36071014,-1.02459049,2023-08-03 00:00:00,LAPAN,NOAA20,Verified No fire,JAMBI SMF,1243,2023,2023:1243,2023,12667,619025,0.05591833176210245,363.0,True,False,-57.0,1,2023-08-02 17:57:00,-1.02425,103.36034,0,0,0,0
103.36034,-1.02425,2023-08-03 00:00:00,NASA,NOAA20,Verified No fire,JAMBI SMF,1244,2023,2023:1244,2023,12668,619025,0.0,363.0,True,False,-57.0,1,2023-08-02 17:57:00,-1.02425,103.36034,0,0,0,0
105.28965,-3.06476,2023-08-03 13:00:00,NASA,Aqua,Verified No fire,SUMSEL,1245,2023,2023:1245,2023,12669,100032,0.04923981980400872,390.0,True,False,-30.0,1,2023-08-03 06:30:00,-3.0652,105.2897,0,0,0,0
103.59751,-2.35617,2023-08-03 13:00:00,NASA,NOAA20,Verified No fire,SUMSEL MUBA,1246,2023,2023:1246,2023,12670,619500,0.0,383.0,True,False,-37.0,1,2023-08-03 06:37:00,-2.35617,103.59751,0,0,0,0
103.59747314,-2.35617423,2023-08-03 13:00:00,LAPAN,NOAA20,Verified No fire,SUMSEL MUBA,1247,2023,2023:1247,2023,12671,619500,0.004122108511596028,383.0,True,False,-37.0,1,2023-08-03 06:37:00,-2.35617,103.59751,0,0,0,0
103.34525,-1.45724,2023-08-03 13:00:00,NASA,NOAA20,Verified Fire,JAMBI SMF,1248,2023,2023:1248,2023,12672,619655,0.0,382.0,True,False,-38.0,1,2023-08-03 06:38:00,-1.45724,103.34525,0,0,0,0
103.34522247,-1.45725024,2023-08-03 13:00:00,LAPAN,NOAA20,Verified Fire,JAMBI SMF,1249,2023,2023:1249,2023,12673,619655,0.0032651774788456725,382.0,True,False,-38.0,1,2023-08-03 06:38:00,-1.45724,103.34525,0,0,0,0
103.38017,-1.20321,2023-08-05 01:00:00,NASA,SNPP,Verified No fire,JAMBI SMF,1254,2023,2023:1254,2023,12678,1308217,0.018931679008433424,410.0,True,False,-10.0,1,2023-08-04 18:10:00,-1.20322,103.38,0,0,0,0
103.3714,-1.18893,2023-08-05 02:00:00,NASA,NOAA20,Verified No fire,JAMBI SMF,1262,2023,2023:1262,2023,12686,621026,0.0,420.0,True,False,0.0,1,2023-08-04 19:00:00,-1.18893,103.3714,0,0,0,1
103.98981,-1.78764,2023-08-05 13:00:00,NASA,SNPP,Verified No fire,SUMSEL MUBA,1267,2023,2023:1267,2023,12691,1308932,0.03779200419490999,370.0,True,False,-50.0,1,2023-08-05 06:50:00,-1.78748,103.99011,0,0,0,0
103.24895,-0.9125,2023-08-05 13:00:00,NASA,SNPP,Verified No fire,JAMBI SMF,1271,2023,2023:1271,2023,12695,1309222,0.0119758672033407,369.0,True,False,-51.0,1,2023-08-05 06:51:00,-0.9124,103.24899,0,0,2,2
105.60375,-3.76547,2023-08-06 00:00:00,NASA,SNPP,Verified Fire,SUMSEL,1274,2023,2023:1274,2023,12698,1309501,0.027203412476674994,368.0,True,False,-52.0,1,2023-08-05 17:52:00,-3.76542,105.60351,0,0,1,1
103.24031,-1.06027,2023-08-06 00:00:00,NASA,SNPP,Verified No fire,JAMBI SMF,1276,2023,2023:1276,2023,12700,1309521,0.03883247037520893,368.0,True,False,-52.0,1,2023-08-05 17:52:00,-1.06035,103.23997,0,0,1,1
105.60534,-3.76481,2023-08-06 01:00:00,NASA,NOAA20,Verified Fire,SUMSEL,1278,2023,2023:1278,2023,12702,622484,0.0,378.0,True,False,-42.0,1,2023-08-05 18:42:00,-3.76481,105.60534,0,0,1,2
105.60572052,-3.7644608,2023-08-06 01:00:00,LAPAN,NOAA20,Verified Fire,SUMSEL,1280,2023,2023:1280,2023,12704,622484,0.05736113301158269,378.0,True,False,-42.0,1,2023-08-05 18:42:00,-3.76481,105.60534,0,0,1,2
103.24191,-1.06192,2023-08-06 01:00:00,NASA,NOAA20,Verified No fire,JAMBI SMF,1281,2023,2023:1281,2023,12705,622470,0.0,379.0,True,False,-41.0,1,2023-08-05 18:41:00,-1.06192,103.24191,0,0,1,2
103.3385,-1.16765,2023-08-06 01:00:00,NASA,NOAA20,Verified No fire,JAMBI SMF,1284,2023,2023:1284,2023,12708,622472,0.0,379.0,True,False,-41.0,1,2023-08-05 18:41:00,-1.16765,103.3385,0,0,2,3
103.35988,-1.02286,2023-08-06 01:00:00,NASA,NOAA20,Verified No fire,JAMBI SMF,1285,2023,2023:1285,2023,12709,622469,0.0,379.0,True,False,-41.0,1,2023-08-05 18:41:00,-1.02286,103.35988,0,0,0,1
103.22621155,-2.56495929,2023-08-06 01:00:00,LAPAN,NOAA20,Verified No fire,SUMSEL MUBA,1286,2023,2023:1286,2023,12710,622486,0.038692859054616446,378.0,True,False,-42.0,1,2023-08-05 18:42:00,-2.56521,103.22597,0,0,0,0
103.22597,-2.56521,2023-08-06 01:00:00,NASA,NOAA20,Verified No fire,SUMSEL MUBA,1287,2023,2023:1287,2023,12711,622486,0.0,378.0,True,False,-42.0,1,2023-08-05 18:42:00,-2.56521,103.22597,0,0,0,0
103.46658,-2.29543,2023-08-06 13:00:00,NASA,SNPP,Verified No fire,SUMSEL MUBA,1289,2023,2023:1289,2023,12713,1310614,0.008462624778857678,388.0,True,False,-32.0,1,2023-08-06 06:32:00,-2.2954,103.46651,0,0,0,0
105.67393,-3.66702,2023-08-06 13:00:00,NASA,SNPP,Verified No fire,SUMSEL,1290,2023,2023:1290,2023,12714,1309948,0.019666692239019307,389.0,True,False,-31.0,1,2023-08-06 06:31:00,-3.66697,105.6741,0,0,0,0
103.76065,-1.36911,2023-08-06 13:00:00,NASA,Aqua,Verified No fire,JAMBI SMF,1291,2023,2023:1291,2023,12715,101138,0.08941267878627572,362.0,True,False,-58.0,1,2023-08-06 06:58:00,-1.3699,103.7608,0,0,0,0
103.14253998,-0.84697235,2023-08-06 13:00:00,LAPAN,SNPP,Verified No fire,JAMBI SMF,1292,2023,2023:1292,2023,12716,1310020,0.07323303666875977,388.0,True,False,-32.0,1,2023-08-06 06:32:00,-0.84661,103.14309,0,0,0,0
103.46601105,-2.29522896,2023-08-06 13:00:00,LAPAN,SNPP,Verified No fire,SUMSEL MUBA,1293,2023,2023:1293,2023,12717,1310614,0.058607979056261104,388.0,True,False,-32.0,1,2023-08-06 06:32:00,-2.2954,103.46651,0,0,0,0
103.1432,-0.84664,2023-08-06 13:00:00,NASA,SNPP,Verified No fire,JAMBI SMF,1294,2023,2023:1294,2023,12718,1310020,0.012676901546850082,388.0,True,False,-32.0,1,2023-08-06 06:32:00,-0.84661,103.14309,0,0,0,0
102.9069,-0.81911,2023-08-06 13:00:00,NASA,Aqua,Verified No fire,JAMBI SMF,1295,2023,2023:1295,2023,12719,101144,0.08854494012671868,362.0,True,False,-58.0,1,2023-08-06 06:58:00,-0.8199,102.907,0,0,0,0
105.67333221,-3.66682458,2023-08-06 13:00:00,LAPAN,SNPP,Verified No fire,SUMSEL,1297,2023,2023:1297,2023,12721,1309948,0.08672055761229402,389.0,True,False,-31.0,1,2023-08-06 06:31:00,-3.66697,105.6741,0,0,0,0
103.46044,-1.14159,2023-08-07 01:00:00,NASA,NOAA20,Verified No fire,JAMBI SMF,1298,2023,2023:1298,2023,12722,623565,0.0,397.0,True,False,-23.0,1,2023-08-06 18:23:00,-1.14159,103.46044,0,0,0,0
103.24159,-1.06208,2023-08-07 01:00:00,NASA,NOAA20,Verified No fire,JAMBI SMF,1300,2023,2023:1300,2023,12724,623534,0.0,397.0,True,False,-23.0,1,2023-08-06 18:23:00,-1.06208,103.24159,0,0,2,4
103.29212,-2.46463,2023-08-07 01:00:00,NASA,NOAA20,Verified No fire,SUMSEL MUBA,1301,2023,2023:1301,2023,12725,623561,0.0,397.0,True,False,-23.0,1,2023-08-06 18:23:00,-2.46463,103.29212,0,0,0,1
105.6054306,-3.76595068,2023-08-07 01:00:00,LAPAN,NOAA20,Fire inside Sitrep,SUMSEL,1302,2023,2023:1302,2023,12726,623558,0.02831457676500043,397.0,True,False,-23.0,1,2023-08-06 18:23:00,-3.76612,105.60524,0,0,0,2
103.46048737,-1.1416223,2023-08-07 01:00:00,LAPAN,NOAA20,Verified No fire,JAMBI SMF,1303,2023,2023:1303,2023,12727,623565,0.006374413697199632,397.0,True,False,-23.0,1,2023-08-06 18:23:00,-1.14159,103.46044,0,0,0,0
105.60524,-3.76612,2023-08-07 01:00:00,NASA,NOAA20,Fire inside Sitrep,SUMSEL,1306,2023,2023:1306,2023,12730,623558,0.0,397.0,True,False,-23.0,1,2023-08-06 18:23:00,-3.76612,105.60524,0,0,0,2
103.35961,-1.02404,2023-08-07 01:00:00,NASA,NOAA20,Verified No fire,JAMBI SMF,1307,2023,2023:1307,2023,12731,623564,0.0,397.0,True,False,-23.0,1,2023-08-06 18:23:00,-1.02404,103.35961,0,0,0,1
103.33771,-1.16799,2023-08-07 01:00:00,NASA,NOAA20,Verified No fire,JAMBI SMF,1308,2023,2023:1308,2023,12732,623535,0.0,397.0,True,False,-23.0,1,2023-08-06 18:23:00,-1.16799,103.33771,0,0,1,3
105.2818985,-2.75420403,2023-08-07 01:00:00,LAPAN,NOAA20,Verified No fire,SUMSEL,1309,2023,2023:1309,2023,12733,623546,0.010568480535791791,397.0,True,False,-23.0,1,2023-08-06 18:23:00,-2.75427,105.28183,0,0,0,0
105.28183,-2.75427,2023-08-07 01:00:00,NASA,NOAA20,Verified No fire,SUMSEL,1311,2023,2023:1311,2023,12735,623546,0.0,397.0,True,False,-23.0,1,2023-08-06 18:23:00,-2.75427,105.28183,0,0,0,0
103.35979462,-1.02401435,2023-08-07 01:00:00,LAPAN,NOAA20,Verified No fire,JAMBI SMF,1312,2023,2023:1312,2023,12736,623564,0.02072277183238483,397.0,True,False,-23.0,1,2023-08-06 18:23:00,-1.02404,103.35961,0,0,0,1
103.29217529,-2.46465921,2023-08-07 01:00:00,LAPAN,NOAA20,Verified No fire,SUMSEL MUBA,1313,2023,2023:1313,2023,12737,623561,0.006948184611600473,397.0,True,False,-23.0,1,2023-08-06 18:23:00,-2.46463,103.29212,0,0,0,1
103.22446,-2.56403,2023-08-07 02:00:00,NASA,SNPP,Verified No fire,SUMSEL MUBA,1316,2023,2023:1316,2023,12740,1310801,0.014834523496384961,406.0,True,False,-14.0,1,2023-08-06 19:14:00,-2.5639,103.22449,0,0,0,0
103.33588,-1.16821,2023-08-07 02:00:00,NASA,SNPP,Verified No fire,JAMBI SMF,1318,2023,2023:1318,2023,12742,1310780,0.01778751492075812,407.0,True,False,-13.0,1,2023-08-06 19:13:00,-1.16821,103.33604,0,0,1,3
103.79703,-2.10153,2023-08-08 01:00:00,NASA,NOAA20,Verified No fire,SUMSEL MUBA,1325,2023,2023:1325,2023,12749,624947,0.0,416.0,True,False,-4.0,1,2023-08-07 18:04:00,-2.10153,103.79703,0,0,1,1
103.33823,-1.16895,2023-08-08 01:00:00,NASA,NOAA20,Verified No fire,JAMBI SMF,1326,2023,2023:1326,2023,12750,624935,0.0,416.0,True,False,-4.0,1,2023-08-07 18:04:00,-1.16895,103.33823,0,0,1,4
105.60303,-3.76432,2023-08-08 01:00:00,NASA,NOAA20,Fire inside Sitrep,SUMSEL,1328,2023,2023:1328,2023,12752,624952,0.0,416.0,True,False,-4.0,1,2023-08-07 18:04:00,-3.76432,105.60303,0,0,1,2
103.36106,-1.02354,2023-08-08 01:00:00,NASA,SNPP,Verified No fire,JAMBI SMF,1329,2023,2023:1329,2023,12753,1312392,0.014455019216352599,366.0,True,False,-54.0,1,2023-08-07 18:54:00,-1.02366,103.36111,0,0,0,0
103.7985,-2.1013,2023-08-08 01:00:00,NASA,SNPP,Verified No fire,SUMSEL MUBA,1330,2023,2023:1330,2023,12754,1312406,0.012672878722919178,365.0,True,False,-55.0,1,2023-08-07 18:55:00,-2.10123,103.79841,0,0,1,1
103.24409,-1.06438,2023-08-08 01:00:00,NASA,NOAA20,Verified No fire,JAMBI SMF,1332,2023,2023:1332,2023,12756,624933,0.0,416.0,True,False,-4.0,1,2023-08-07 18:04:00,-1.06438,103.24409,0,0,0,4
105.6032,-3.76538,2023-08-08 01:00:00,NASA,SNPP,Fire inside Sitrep,SUMSEL,1333,2023,2023:1333,2023,12757,1312410,0.009497985825876881,365.0,True,False,-55.0,1,2023-08-07 18:55:00,-3.7653,105.60317,0,0,1,1
103.33665,-1.16604,2023-08-08 01:00:00,NASA,SNPP,Verified No fire,JAMBI SMF,1337,2023,2023:1337,2023,12761,1312391,0.011118679192663005,366.0,True,False,-54.0,1,2023-08-07 18:54:00,-1.16596,103.33659,0,0,1,4
103.29194,-2.46247,2023-08-08 01:00:00,NASA,NOAA20,Verified No fire,SUMSEL MUBA,1340,2023,2023:1340,2023,12764,624950,0.0,416.0,True,False,-4.0,1,2023-08-07 18:04:00,-2.46247,103.29194,0,0,0,1
103.24122,-1.06406,2023-08-09 00:00:00,NASA,NOAA20,Verified No fire,JAMBI SMF,1342,2023,2023:1342,2023,12766,626021,0.0,375.0,True,False,-45.0,1,2023-08-08 17:45:00,-1.06406,103.24122,0,0,1,3
103.33817,-1.16381,2023-08-09 00:00:00,NASA,NOAA20,Verified No fire,JAMBI SMF,1346,2023,2023:1346,2023,12770,626018,0.0,375.0,True,False,-45.0,1,2023-08-08 17:45:00,-1.16381,103.33817,0,0,1,3
103.26584,-1.3234,2023-08-09 01:00:00,NASA,SNPP,Verified No fire,JAMBI SMF,1347,2023,2023:1347,2023,12771,1313708,0.006763683919136754,384.0,True,False,-36.0,1,2023-08-08 18:36:00,-1.32346,103.26585,0,0,0,0
103.242,-1.06206,2023-08-09 01:00:00,NASA,SNPP,Verified No fire,JAMBI SMF,1350,2023,2023:1350,2023,12774,1313714,0.003515753508806261,384.0,True,False,-36.0,1,2023-08-08 18:36:00,-1.06207,103.24197,0,0,2,2
103.48575,-1.29949,2023-08-09 01:00:00,NASA,SNPP,Verified No fire,JAMBI SMF,1351,2023,2023:1351,2023,12775,1313709,0.006671704814041811,384.0,True,False,-36.0,1,2023-08-08 18:36:00,-1.29955,103.48575,0,0,0,1
103.38049,-2.53621,2023-08-09 01:00:00,NASA,SNPP,Verified No fire,SUMSEL MUBA,1352,2023,2023:1352,2023,12776,1313727,0.0040064772000387725,384.0,True,False,-36.0,1,2023-08-08 18:36:00,-2.53623,103.38046,0,0,0,0
103.26634216,-1.32367241,2023-08-09 01:00:00,LAPAN,SNPP,Verified No fire,JAMBI SMF,1353,2023,2023:1353,2023,12777,1313708,0.05959166655893311,384.0,True,False,-36.0,1,2023-08-08 18:36:00,-1.32346,103.26585,0,0,0,0
103.48623657,-1.29982102,2023-08-09 01:00:00,LAPAN,SNPP,Verified No fire,JAMBI SMF,1355,2023,2023:1355,2023,12779,1313709,0.06191882894190901,384.0,True,False,-36.0,1,2023-08-08 18:36:00,-1.29955,103.48575,0,0,0,1
103.33971,-1.16866,2023-08-09 01:00:00,NASA,SNPP,Verified No fire,JAMBI SMF,1357,2023,2023:1357,2023,12781,1313700,0.009434234119609128,384.0,True,False,-36.0,1,2023-08-08 18:36:00,-1.16872,103.33977,0,0,1,2
103.24052,-1.065,2023-08-09 02:00:00,NASA,NOAA20,Verified No fire,JAMBI SMF,1360,2023,2023:1360,2023,12784,626118,0.0,395.0,True,False,-25.0,1,2023-08-08 19:25:00,-1.065,103.24052,0,0,1,3
105.37909698,-2.67227101,2023-08-09 13:00:00,LAPAN,NOAA20,Verified No fire,SUMSEL,1361,2023,2023:1361,2023,12785,627077,0.011708704753311646,395.0,True,False,-25.0,1,2023-08-09 06:25:00,-2.67218,105.37915,0,0,0,0
105.37915,-2.67218,2023-08-09 13:00:00,NASA,NOAA20,Verified No fire,SUMSEL,1362,2023,2023:1362,2023,12786,627077,0.0,395.0,True,False,-25.0,1,2023-08-09 06:25:00,-2.67218,105.37915,0,0,0,0
105.28181458,-2.75426912,2023-08-10 01:00:00,LAPAN,SNPP,Verified No fire,SUMSEL,1364,2023,2023:1364,2023,12788,1314867,0.0882571484712735,403.0,True,False,-17.0,1,2023-08-09 18:17:00,-2.75426,105.28102,0,0,0,0
103.77831,-1.26277,2023-08-10 01:00:00,NASA,SNPP,Verified No fire,JAMBI SMF,1365,2023,2023:1365,2023,12789,1314892,0.007119284364856693,403.0,True,False,-17.0,1,2023-08-09 18:17:00,-1.26282,103.77827,0,0,0,0
103.36238861,-1.02463019,2023-08-10 01:00:00,LAPAN,SNPP,Verified No fire,JAMBI SMF,1367,2023,2023:1367,2023,12791,1314898,0.07239505525173037,403.0,True,False,-17.0,1,2023-08-09 18:17:00,-1.02425,103.36186,0,0,1,2
103.3618,-1.02422,2023-08-10 01:00:00,NASA,SNPP,Verified No fire,JAMBI SMF,1368,2023,2023:1368,2023,12792,1314898,0.007458239317954404,403.0,True,False,-17.0,1,2023-08-09 18:17:00,-1.02425,103.36186,0,0,1,2
105.28103,-2.75427,2023-08-10 01:00:00,NASA,SNPP,Verified No fire,SUMSEL,1369,2023,2023:1369,2023,12793,1314867,0.0015716278807713477,403.0,True,False,-17.0,1,2023-08-09 18:17:00,-2.75426,105.28102,0,0,0,0
103.79586,-2.10075,2023-08-10 01:00:00,NASA,SNPP,Verified No fire,SUMSEL MUBA,1373,2023,2023:1373,2023,12797,1314871,0.011815700607966027,403.0,True,False,-17.0,1,2023-08-09 18:17:00,-2.10068,103.79578,0,0,0,0
103.48718262,-1.29882264,2023-08-10 01:00:00,LAPAN,SNPP,Verified No fire,JAMBI SMF,1375,2023,2023:1375,2023,12799,1314890,0.08293407717798473,403.0,True,False,-17.0,1,2023-08-09 18:17:00,-1.2985,103.48651,0,0,0,2
103.4866,-1.29845,2023-08-10 01:00:00,NASA,SNPP,Verified No fire,JAMBI SMF,1377,2023,2023:1377,2023,12801,1314890,0.011445987843617809,403.0,True,False,-17.0,1,2023-08-09 18:17:00,-1.2985,103.48651,0,0,0,2
103.24267,-1.06107,2023-08-10 02:00:00,NASA,NOAA20,Verified No fire,JAMBI SMF,1382,2023,2023:1382,2023,12806,627336,0.0,413.0,True,False,-7.0,1,2023-08-09 19:07:00,-1.06107,103.24267,0,0,0,3
103.36072,-1.0255,2023-08-10 02:00:00,NASA,NOAA20,Verified No fire,JAMBI SMF,1384,2023,2023:1384,2023,12808,627335,0.0,413.0,True,False,-7.0,1,2023-08-09 19:07:00,-1.0255,103.36072,0,0,1,2
103.33865,-1.16724,2023-08-10 02:00:00,NASA,NOAA20,Verified No fire,JAMBI SMF,1388,2023,2023:1388,2023,12812,627337,0.0,413.0,True,False,-7.0,1,2023-08-09 19:07:00,-1.16724,103.33865,0,0,0,3
103.19554138,-2.52635789,2023-08-10 13:00:00,LAPAN,NOAA20,Verified No fire,SUMSEL MUBA,1389,2023,2023:1389,2023,12813,628168,0.051823710263754964,414.0,True,False,-6.0,1,2023-08-10 06:06:00,-2.52597,103.1958,0,0,1,1
103.19476,-2.5249,2023-08-10 13:00:00,NASA,SNPP,Verified No fire,SUMSEL MUBA,1391,2023,2023:1391,2023,12815,1315842,0.03823685968181011,363.0,True,False,-57.0,1,2023-08-10 06:57:00,-2.5247,103.19504,0,0,1,1
105.82555389,-3.73472261,2023-08-10 13:00:00,LAPAN,NOAA20,Verified Fire,SUMSEL,1392,2023,2023:1392,2023,12816,628267,0.05396812609196005,414.0,True,False,-6.0,1,2023-08-10 06:06:00,-3.73431,105.82581,0,0,0,0
103.38132,-1.12244,2023-08-10 13:00:00,NASA,SNPP,Verified Fire,JAMBI SMF,1393,2023,2023:1393,2023,12817,1315718,0.013387109199849524,363.0,True,False,-57.0,1,2023-08-10 06:57:00,-1.12245,103.3812,0,0,0,0
105.82581,-3.73431,2023-08-10 13:00:00,NASA,NOAA20,Verified Fire,SUMSEL,1394,2023,2023:1394,2023,12818,628267,0.0,414.0,True,False,-6.0,1,2023-08-10 06:06:00,-3.73431,105.82581,0,0,0,0
103.1958,-2.52597,2023-08-10 13:00:00,NASA,NOAA20,Verified No fire,SUMSEL MUBA,1395,2023,2023:1395,2023,12819,628168,0.0,414.0,True,False,-6.0,1,2023-08-10 06:06:00,-2.52597,103.1958,0,0,1,1
103.35994,-1.02341,2023-08-11 00:00:00,NASA,SNPP,Verified No fire,JAMBI SMF,1399,2023,2023:1399,2023,12823,1316037,0.03475079166588114,362.0,True,False,-58.0,1,2023-08-10 17:58:00,-1.02345,103.35963,0,0,0,2
103.48596,-1.29725,2023-08-11 00:00:00,NASA,SNPP,Verified No fire,JAMBI SMF,1400,2023,2023:1400,2023,12824,1315947,0.005669802956043604,362.0,True,False,-58.0,1,2023-08-10 17:58:00,-1.2972,103.48595,0,0,0,1
103.24314,-1.0641,2023-08-11 00:00:00,NASA,SNPP,Verified No fire,JAMBI SMF,1406,2023,2023:1406,2023,12830,1315962,0.008093833329696013,362.0,True,False,-58.0,1,2023-08-10 17:58:00,-1.06412,103.24307,0,0,1,2
103.33852,-1.1693,2023-08-11 01:00:00,NASA,NOAA20,Verified No fire,JAMBI SMF,1410,2023,2023:1410,2023,12834,628992,0.0,372.0,True,False,-48.0,1,2023-08-10 18:48:00,-1.1693,103.33852,0,0,2,4
103.38186646,-1.20340943,2023-08-11 01:00:00,LAPAN,NOAA20,Verified No fire,JAMBI SMF,1411,2023,2023:1411,2023,12835,629016,0.03284127996611306,372.0,True,False,-48.0,1,2023-08-10 18:48:00,-1.20363,103.38167,0,0,2,7
103.38167,-1.20363,2023-08-11 01:00:00,NASA,NOAA20,Verified No fire,JAMBI SMF,1412,2023,2023:1412,2023,12836,629016,0.0,372.0,True,False,-48.0,1,2023-08-10 18:48:00,-1.20363,103.38167,0,0,2,7
103.2421,-1.06147,2023-08-11 01:00:00,NASA,NOAA20,Verified No fire,JAMBI SMF,1413,2023,2023:1413,2023,12837,629019,0.0,372.0,True,False,-48.0,1,2023-08-10 18:48:00,-1.06147,103.2421,0,0,1,3
103.36922,-1.18985,2023-08-11 01:00:00,NASA,NOAA20,Verified No fire,JAMBI SMF,1414,2023,2023:1414,2023,12838,629017,0.0,372.0,True,False,-48.0,1,2023-08-10 18:48:00,-1.18985,103.36922,0,0,1,6
103.36942291,-1.18963075,2023-08-11 01:00:00,LAPAN,NOAA20,Verified No fire,JAMBI SMF,1415,2023,2023:1415,2023,12839,629017,0.033214638743351885,372.0,True,False,-48.0,1,2023-08-10 18:48:00,-1.18985,103.36922,0,0,1,6
103.83858,-1.97953,2023-08-11 13:00:00,NASA,SNPP,Verified Fire,SUMSEL MUBA,1421,2023,2023:1421,2023,12845,1316649,0.007783655616382809,382.0,True,False,-38.0,1,2023-08-11 06:38:00,-1.9796,103.83858,0,0,0,0
103.37069702,-1.18972814,2023-08-11 13:00:00,LAPAN,SNPP,Verified No fire,JAMBI SMF,1424,2023,2023:1424,2023,12848,1316619,0.09418385549286704,382.0,True,False,-38.0,1,2023-08-11 06:38:00,-1.18943,103.37149,0,0,0,6
103.22669,-2.56384,2023-08-11 13:00:00,NASA,SNPP,Verified No fire,SUMSEL MUBA,1425,2023,2023:1425,2023,12849,1316752,0.028044924883652327,382.0,True,False,-38.0,1,2023-08-11 06:38:00,-2.5637,103.2269,0,0,0,2
103.37143,-1.18946,2023-08-11 13:00:00,NASA,SNPP,Verified No fire,JAMBI SMF,1426,2023,2023:1426,2023,12850,1316619,0.007457906953719447,382.0,True,False,-38.0,1,2023-08-11 06:38:00,-1.18943,103.37149,0,0,0,6
103.83782196,-1.97980714,2023-08-11 13:00:00,LAPAN,SNPP,Verified Fire,SUMSEL MUBA,1428,2023,2023:1428,2023,12852,1316649,0.087332099974282,382.0,True,False,-38.0,1,2023-08-11 06:38:00,-1.9796,103.83858,0,0,0,0
103.37213,-1.18808,2023-08-12 00:00:00,NASA,SNPP,Verified No fire,JAMBI SMF,1431,2023,2023:1431,2023,12855,1316991,0.022674747092460392,381.0,True,False,-39.0,1,2023-08-11 17:39:00,-1.18812,103.37233,0,0,1,6
103.3825,-1.20315,2023-08-12 00:00:00,NASA,SNPP,Verified No fire,JAMBI SMF,1437,2023,2023:1437,2023,12861,1316989,0.04526877913954288,381.0,True,False,-39.0,1,2023-08-11 17:39:00,-1.20298,103.38287,0,0,1,4
103.48535919,-1.29709244,2023-08-12 01:00:00,LAPAN,NOAA20,Verified No fire,JAMBI SMF,1439,2023,2023:1439,2023,12863,629885,0.02667717692828323,391.0,True,False,-29.0,1,2023-08-11 18:29:00,-1.29721,103.48515,0,0,0,0
103.3623,-1.02315,2023-08-12 01:00:00,NASA,NOAA20,Verified No fire,JAMBI SMF,1440,2023,2023:1440,2023,12864,629890,0.0,391.0,True,False,-29.0,1,2023-08-11 18:29:00,-1.02315,103.3623,0,0,0,0
103.24301,-1.06211,2023-08-12 01:00:00,NASA,NOAA20,Verified No fire,JAMBI SMF,1441,2023,2023:1441,2023,12865,629889,0.0,391.0,True,False,-29.0,1,2023-08-11 18:29:00,-1.06211,103.24301,0,0,0,1
103.15537,-2.52273,2023-08-12 01:00:00,NASA,NOAA20,Verified No fire,SUMSEL MUBA,1445,2023,2023:1445,2023,12869,629870,0.0,391.0,True,False,-29.0,1,2023-08-11 18:29:00,-2.52273,103.15537,0,0,0,0
103.22649,-2.56444,2023-08-12 01:00:00,NASA,NOAA20,Verified No fire,SUMSEL MUBA,1446,2023,2023:1446,2023,12870,629869,0.0,391.0,True,False,-29.0,1,2023-08-11 18:29:00,-2.56444,103.22649,0,0,0,2
105.28192,-2.75319,2023-08-12 01:00:00,NASA,NOAA20,Verified No fire,SUMSEL,1447,2023,2023:1447,2023,12871,629872,0.0,391.0,True,False,-29.0,1,2023-08-11 18:29:00,-2.75319,105.28192,0,0,0,0
103.15557861,-2.52261543,2023-08-12 01:00:00,LAPAN,NOAA20,Verified No fire,SUMSEL MUBA,1450,2023,2023:1450,2023,12874,629870,0.0264448247556224,391.0,True,False,-29.0,1,2023-08-11 18:29:00,-2.52273,103.15537,0,0,0,0
103.22669983,-2.56432033,2023-08-12 01:00:00,LAPAN,NOAA20,Verified No fire,SUMSEL MUBA,1451,2023,2023:1451,2023,12875,629869,0.026839599364535567,391.0,True,False,-29.0,1,2023-08-11 18:29:00,-2.56444,103.22649,0,0,0,2
103.38204,-2.53811,2023-08-12 01:00:00,NASA,NOAA20,Verified No fire,SUMSEL MUBA,1453,2023,2023:1453,2023,12877,629871,0.0,391.0,True,False,-29.0,1,2023-08-11 18:29:00,-2.53811,103.38204,0,0,0,0
103.33962,-1.16893,2023-08-12 01:00:00,NASA,NOAA20,Verified No fire,JAMBI SMF,1455,2023,2023:1455,2023,12879,629888,0.0,391.0,True,False,-29.0,1,2023-08-11 18:29:00,-1.16893,103.33962,0,0,0,2
105.28204346,-2.75305319,2023-08-12 01:00:00,LAPAN,NOAA20,Verified No fire,SUMSEL,1456,2023,2023:1456,2023,12880,629872,0.02048048620063368,391.0,True,False,-29.0,1,2023-08-11 18:29:00,-2.75319,105.28192,0,0,0,0
103.48515,-1.29721,2023-08-12 01:00:00,NASA,NOAA20,Verified No fire,JAMBI SMF,1458,2023,2023:1458,2023,12882,629885,0.0,391.0,True,False,-29.0,1,2023-08-11 18:29:00,-1.29721,103.48515,0,0,0,0
105.29704,-3.0579,2023-08-12 13:00:00,NASA,Aqua,Verified No fire,SUMSEL,1461,2023,2023:1461,2023,12885,102747,0.004441470147636527,406.0,True,False,-14.0,1,2023-08-12 06:14:00,-3.0579,105.297,0,0,0,0
103.33838,-1.16683,2023-08-13 01:00:00,NASA,NOAA20,Verified No fire,JAMBI SMF,1465,2023,2023:1465,2023,12889,630995,0.0,410.0,True,False,-10.0,1,2023-08-12 18:10:00,-1.16683,103.33838,0,0,1,2
103.55679,-2.14817,2023-08-13 01:00:00,NASA,NOAA20,Verified No fire,SUMSEL MUBA,1466,2023,2023:1466,2023,12890,630877,0.0,410.0,True,False,-10.0,1,2023-08-12 18:10:00,-2.14817,103.55679,0,0,0,0
103.55706787,-2.14828801,2023-08-13 01:00:00,LAPAN,NOAA20,Verified No fire,SUMSEL MUBA,1468,2023,2023:1468,2023,12892,630877,0.033548793221355074,410.0,True,False,-10.0,1,2023-08-12 18:10:00,-2.14817,103.55679,0,0,0,0
103.38291,-1.20535,2023-08-13 02:00:00,NASA,SNPP,Verified No fire,JAMBI SMF,1470,2023,2023:1470,2023,12894,1318255,0.015446846561450496,419.0,True,False,-1.0,1,2023-08-12 19:01:00,-1.20523,103.38284,0,0,1,1
103.22549,-2.56585,2023-08-13 02:00:00,NASA,SNPP,Verified No fire,SUMSEL MUBA,1471,2023,2023:1471,2023,12895,1318251,0.024680831491659967,419.0,True,False,-1.0,1,2023-08-12 19:01:00,-2.56603,103.22562,0,0,0,1
103.33736,-1.16924,2023-08-13 02:00:00,NASA,SNPP,Verified No fire,JAMBI SMF,1472,2023,2023:1472,2023,12896,1318256,0.015446897768278416,419.0,True,False,-1.0,1,2023-08-12 19:01:00,-1.16912,103.33729,0,0,1,1
105.92785,-3.84249,2023-08-14 00:00:00,NASA,NOAA20,Fire inside Sitrep,SUMSEL,1475,2023,2023:1475,2023,12899,632718,0.0,368.0,True,False,-52.0,1,2023-08-13 17:52:00,-3.84249,105.92785,0,0,2,3
105.92823792,-3.84272456,2023-08-14 00:00:00,LAPAN,NOAA20,Fire inside Sitrep,SUMSEL,1476,2023,2023:1476,2023,12900,632718,0.05032415712806204,368.0,True,False,-52.0,1,2023-08-13 17:52:00,-3.84249,105.92785,0,0,2,3
103.22474,-2.56517,2023-08-14 01:00:00,NASA,SNPP,Verified No fire,SUMSEL MUBA,1479,2023,2023:1479,2023,12903,1320063,0.0011108365860584295,378.0,True,False,-42.0,1,2023-08-13 18:42:00,-2.56517,103.22475,0,0,0,2
103.22550964,-2.56503367,2023-08-14 01:00:00,LAPAN,SNPP,Verified No fire,SUMSEL MUBA,1480,2023,2023:1480,2023,12904,1320063,0.08573443406262517,378.0,True,False,-42.0,1,2023-08-13 18:42:00,-2.56517,103.22475,0,0,0,2
105.27962,-2.75306,2023-08-15 01:00:00,NASA,SNPP,Verified No fire,SUMSEL,1483,2023,2023:1483,2023,12907,1321561,0.004579710482066242,397.0,True,False,-23.0,1,2023-08-14 18:23:00,-2.75307,105.27966,0,0,0,0
105.28010559,-2.7534008,2023-08-15 01:00:00,LAPAN,SNPP,Verified No fire,SUMSEL,1484,2023,2023:1484,2023,12908,1321561,0.06166275721707014,397.0,True,False,-23.0,1,2023-08-14 18:23:00,-2.75307,105.27966,0,0,0,0
103.41836,-2.28042,2023-08-17 00:00:00,NASA,SNPP,Verified No fire,SUMSEL MUBA,1487,2023,2023:1487,2023,12911,1324123,0.019418579373252094,374.0,True,False,-46.0,1,2023-08-16 17:46:00,-2.28059,103.4184,0,0,1,1
103.36045,-1.02335,2023-08-17 01:00:00,NASA,NOAA20,Verified No fire,JAMBI SMF,1490,2023,2023:1490,2023,12914,637331,0.0,385.0,True,False,-35.0,1,2023-08-16 18:35:00,-1.02335,103.36045,0,0,0,0
103.42152,-2.27878,2023-08-17 01:00:00,NASA,NOAA20,Verified No fire,SUMSEL MUBA,1491,2023,2023:1491,2023,12915,637308,0.0,385.0,True,False,-35.0,1,2023-08-16 18:35:00,-2.27878,103.42152,0,0,1,1
103.42166138,-2.27864242,2023-08-17 01:00:00,LAPAN,NOAA20,Verified No fire,SUMSEL MUBA,1492,2023,2023:1492,2023,12916,637308,0.02192685820101427,385.0,True,False,-35.0,1,2023-08-16 18:35:00,-2.27878,103.42152,0,0,1,1
103.64588,-2.10684,2023-08-17 01:00:00,NASA,NOAA20,Verified No fire,SUMSEL MUBA,1493,2023,2023:1493,2023,12917,637313,0.0,385.0,True,False,-35.0,1,2023-08-16 18:35:00,-2.10684,103.64588,0,0,0,0
103.64602661,-2.10669661,2023-08-17 01:00:00,LAPAN,NOAA20,Verified No fire,SUMSEL MUBA,1494,2023,2023:1494,2023,12918,637313,0.022795299528228875,385.0,True,False,-35.0,1,2023-08-16 18:35:00,-2.10684,103.64588,0,0,0,0
103.33831,-1.16885,2023-08-17 01:00:00,NASA,NOAA20,Verified No fire,JAMBI SMF,1499,2023,2023:1499,2023,12923,637327,0.0,385.0,True,False,-35.0,1,2023-08-16 18:35:00,-1.16885,103.33831,0,0,0,0
105.54639,-3.68665,2023-08-17 13:00:00,NASA,SNPP,Fire inside Sitrep,SUMSEL,1500,2023,2023:1500,2023,12924,1324741,0.004447803209211089,395.0,True,False,-25.0,1,2023-08-17 06:25:00,-3.68669,105.54639,0,0,3,3
105.3573,-2.47142,2023-08-17 13:00:00,NASA,SNPP,Verified Fire,SUMSEL,1501,2023,2023:1501,2023,12925,1324986,0.012420794651374937,395.0,True,False,-25.0,1,2023-08-17 06:25:00,-2.4714,105.35741,0,0,0,0
105.35662079,-2.47174954,2023-08-17 13:00:00,LAPAN,SNPP,Fire inside Sitrep,SUMSEL,1502,2023,2023:1502,2023,12926,1324986,0.09590357105469326,395.0,True,False,-25.0,1,2023-08-17 06:25:00,-2.4714,105.35741,0,0,0,0
103.64244,-1.38462,2023-08-17 13:00:00,NASA,Aqua,Verified No fire,JAMBI SMF,1504,2023,2023:1504,2023,12928,104336,0.07590625252161297,393.0,True,False,-27.0,1,2023-08-17 06:27:00,-1.3853,103.6425,0,0,0,0
105.5458374,-3.68648458,2023-08-17 13:00:00,LAPAN,SNPP,Fire inside Sitrep,SUMSEL,1509,2023,2023:1509,2023,12933,1324741,0.06543541393111615,395.0,True,False,-25.0,1,2023-08-17 06:25:00,-3.68669,105.54639,0,0,3,3
103.79571,-2.10189,2023-08-18 01:00:00,NASA,NOAA20,Verified No fire,SUMSEL MUBA,1514,2023,2023:1514,2023,12938,638821,0.0,403.0,True,False,-17.0,1,2023-08-17 18:17:00,-2.10189,103.79571,0,0,0,0
103.24319,-1.06427,2023-08-19 00:00:00,NASA,NOAA20,Verified No fire,JAMBI SMF,1516,2023,2023:1516,2023,12940,639784,0.0,363.0,True,False,-57.0,1,2023-08-18 17:57:00,-1.06427,103.24319,0,0,0,0
103.64564,-2.10405,2023-08-19 00:00:00,NASA,NOAA20,Verified No fire,SUMSEL MUBA,1517,2023,2023:1517,2023,12941,639795,0.0,362.0,True,False,-58.0,1,2023-08-18 17:58:00,-2.10405,103.64564,0,0,2,2
103.61485,-2.08387,2023-08-19 00:00:00,NASA,NOAA20,Verified No fire,SUMSEL MUBA,1518,2023,2023:1518,2023,12942,639794,0.0,362.0,True,False,-58.0,1,2023-08-18 17:58:00,-2.08387,103.61485,0,0,2,2
103.61506653,-2.08421159,2023-08-19 00:00:00,LAPAN,NOAA20,Verified No fire,SUMSEL MUBA,1519,2023,2023:1519,2023,12943,639794,0.044962836665834706,362.0,True,False,-58.0,1,2023-08-18 17:58:00,-2.08387,103.61485,0,0,2,2
103.64590454,-2.1043942,2023-08-19 00:00:00,LAPAN,NOAA20,Verified No fire,SUMSEL MUBA,1520,2023,2023:1520,2023,12944,639795,0.04825926757775149,362.0,True,False,-58.0,1,2023-08-18 17:58:00,-2.10405,103.64564,0,0,2,2
103.339,-1.16716,2023-08-19 01:00:00,NASA,SNPP,Verified No fire,JAMBI SMF,1521,2023,2023:1521,2023,12945,1327008,0.011608908357520407,372.0,True,False,-48.0,1,2023-08-18 18:48:00,-1.16706,103.33897,0,0,0,1
103.38199615,-1.20485449,2023-08-19 01:00:00,LAPAN,SNPP,Verified No fire,JAMBI SMF,1522,2023,2023:1522,2023,12946,1327009,0.09810606188820095,372.0,True,False,-48.0,1,2023-08-18 18:48:00,-1.20496,103.38112,0,0,0,3
103.38116,-1.20505,2023-08-19 01:00:00,NASA,SNPP,Verified No fire,JAMBI SMF,1530,2023,2023:1530,2023,12954,1327009,0.010951045881790009,372.0,True,False,-48.0,1,2023-08-18 18:48:00,-1.20496,103.38112,0,0,0,3
103.33958,-1.16849,2023-08-21 01:00:00,NASA,SNPP,Verified No fire,JAMBI SMF,1537,2023,2023:1537,2023,12961,1330521,0.0011117195719348245,410.0,True,False,-10.0,1,2023-08-20 18:10:00,-1.16849,103.33959,0,0,0,2
103.37055,-1.19038,2023-08-21 01:00:00,NASA,SNPP,Verified No fire,JAMBI SMF,1538,2023,2023:1538,2023,12962,1330372,0.0022234216549767137,410.0,True,False,-10.0,1,2023-08-20 18:10:00,-1.19038,103.37057,0,0,0,4
103.36167,-1.02565,2023-08-21 01:00:00,NASA,SNPP,Verified No fire,JAMBI SMF,1539,2023,2023:1539,2023,12963,1330518,0.011337970700386793,410.0,True,False,-10.0,1,2023-08-20 18:10:00,-1.02567,103.36157,0,0,0,0
103.33912,-1.16672,2023-08-22 00:00:00,NASA,SNPP,Verified No fire,JAMBI SMF,1543,2023,2023:1543,2023,12967,1331731,0.002485985207284806,369.0,True,False,-51.0,1,2023-08-21 17:51:00,-1.16671,103.3391,0,0,1,2
103.24171,-1.06226,2023-08-22 00:00:00,NASA,SNPP,Verified No fire,JAMBI SMF,1551,2023,2023:1551,2023,12975,1331733,0.0022235194046805835,369.0,True,False,-51.0,1,2023-08-21 17:51:00,-1.06226,103.24169,0,0,1,1
103.36999,-1.19117,2023-08-22 01:00:00,NASA,NOAA20,Verified No fire,JAMBI SMF,1552,2023,2023:1552,2023,12976,644856,0.0,379.0,True,False,-41.0,1,2023-08-21 18:41:00,-1.19117,103.36999,0,0,2,3
103.37032318,-1.19088852,2023-08-22 01:00:00,LAPAN,NOAA20,Verified No fire,JAMBI SMF,1557,2023,2023:1557,2023,12981,644856,0.048493287583581825,379.0,True,False,-41.0,1,2023-08-21 18:41:00,-1.19117,103.36999,0,0,2,3
103.24113,-1.06202,2023-08-22 01:00:00,NASA,NOAA20,Verified No fire,JAMBI SMF,1558,2023,2023:1558,2023,12982,644805,0.0,379.0,True,False,-41.0,1,2023-08-21 18:41:00,-1.06202,103.24113,0,0,1,2
103.33735,-1.16797,2023-08-22 01:00:00,NASA,NOAA20,Verified No fire,JAMBI SMF,1559,2023,2023:1559,2023,12983,644803,0.0,379.0,True,False,-41.0,1,2023-08-21 18:41:00,-1.16797,103.33735,0,0,1,2
103.3379,-1.16663,2023-08-23 01:00:00,NASA,NOAA20,Verified No fire,JAMBI SMF,1560,2023,2023:1560,2023,12984,645931,0.0,397.0,True,False,-23.0,1,2023-08-22 18:23:00,-1.16663,103.3379,0,0,0,2
103.61614227,-2.08658051,2023-08-23 01:00:00,LAPAN,NOAA20,Verified No fire,SUMSEL MUBA,1561,2023,2023:1561,2023,12985,645952,0.031172846576393968,397.0,True,False,-23.0,1,2023-08-22 18:23:00,-2.08668,103.61588,0,0,1,1
103.08688,-1.31951,2023-08-23 01:00:00,NASA,NOAA20,Verified No fire,JAMBI SMF,1562,2023,2023:1562,2023,12986,645924,0.0,397.0,True,False,-23.0,1,2023-08-22 18:23:00,-1.31951,103.08688,0,0,0,0
103.66077,-2.37473,2023-08-23 01:00:00,NASA,NOAA20,Verified No fire,SUMSEL MUBA,1566,2023,2023:1566,2023,12990,645957,0.0,397.0,True,False,-23.0,1,2023-08-22 18:23:00,-2.37473,103.66077,0,0,0,0
103.155,-2.52216,2023-08-23 01:00:00,NASA,NOAA20,Verified No fire,SUMSEL MUBA,1567,2023,2023:1567,2023,12991,645961,0.0,397.0,True,False,-23.0,1,2023-08-22 18:23:00,-2.52216,103.155,0,0,0,0
103.08714294,-1.31945002,2023-08-23 01:00:00,LAPAN,NOAA20,Verified No fire,JAMBI SMF,1569,2023,2023:1569,2023,12993,645924,0.02998112671805675,397.0,True,False,-23.0,1,2023-08-22 18:23:00,-1.31951,103.08688,0,0,0,0
103.15512848,-2.52214885,2023-08-23 01:00:00,LAPAN,NOAA20,Verified No fire,SUMSEL MUBA,1570,2023,2023:1570,2023,12994,645961,0.014326253860964856,397.0,True,False,-23.0,1,2023-08-22 18:23:00,-2.52216,103.155,0,0,0,0
103.79803,-2.10155,2023-08-23 01:00:00,NASA,NOAA20,Verified No fire,SUMSEL MUBA,1571,2023,2023:1571,2023,12995,645951,0.0,397.0,True,False,-23.0,1,2023-08-22 18:23:00,-2.10155,103.79803,0,0,0,0
103.36018,-1.02259,2023-08-23 01:00:00,NASA,NOAA20,Verified No fire,JAMBI SMF,1572,2023,2023:1572,2023,12996,645789,0.0,398.0,True,False,-22.0,1,2023-08-22 18:22:00,-1.02259,103.36018,0,0,0,0
103.24174,-1.06405,2023-08-23 01:00:00,NASA,NOAA20,Verified No fire,JAMBI SMF,1573,2023,2023:1573,2023,12997,645791,0.0,398.0,True,False,-22.0,1,2023-08-22 18:22:00,-1.06405,103.24174,0,0,1,2
103.66091156,-2.37469554,2023-08-23 01:00:00,LAPAN,NOAA20,Verified No fire,SUMSEL MUBA,1574,2023,2023:1574,2023,12998,645957,0.016187315671920412,397.0,True,False,-23.0,1,2023-08-22 18:23:00,-2.37473,103.66077,0,0,0,0
103.61588,-2.08668,2023-08-23 01:00:00,NASA,NOAA20,Verified No fire,SUMSEL MUBA,1576,2023,2023:1576,2023,13000,645952,0.0,397.0,True,False,-23.0,1,2023-08-22 18:23:00,-2.08668,103.61588,0,0,1,1
103.2442,-1.06262,2023-08-23 02:00:00,NASA,SNPP,Verified No fire,JAMBI SMF,1579,2023,2023:1579,2023,13003,1332994,0.020042912810106134,407.0,True,False,-13.0,1,2023-08-22 19:13:00,-1.06256,103.24403,0,0,1,2
103.61445,-2.08536,2023-08-23 02:00:00,NASA,SNPP,Verified No fire,SUMSEL MUBA,1580,2023,2023:1580,2023,13004,1333002,0.01839605118400612,407.0,True,False,-13.0,1,2023-08-22 19:13:00,-2.08543,103.6143,0,0,1,1
103.34013,-1.16835,2023-08-24 01:00:00,NASA,SNPP,Verified No fire,JAMBI SMF,1585,2023,2023:1585,2023,13009,1333535,0.0,366.0,True,False,-54.0,1,2023-08-23 18:54:00,-1.16835,103.34013,0,0,1,2
103.33666,-1.16804,2023-08-24 01:00:00,NASA,NOAA20,Verified No fire,JAMBI SMF,1586,2023,2023:1586,2023,13010,646475,0.0,416.0,True,False,-4.0,1,2023-08-23 18:04:00,-1.16804,103.33666,0,0,1,2
103.24133,-1.06212,2023-08-24 01:00:00,NASA,SNPP,Verified No fire,JAMBI SMF,1588,2023,2023:1588,2023,13012,1333536,0.016527818112238895,366.0,True,False,-54.0,1,2023-08-23 18:54:00,-1.06217,103.24119,0,0,0,1
103.08636,-1.31875,2023-08-24 01:00:00,NASA,SNPP,Verified No fire,JAMBI SMF,1593,2023,2023:1593,2023,13017,1333530,0.009945063559242654,366.0,True,False,-54.0,1,2023-08-23 18:54:00,-1.31867,103.08632,0,0,0,0
102.83003,-1.13462,2023-08-24 12:00:00,NASA,SNPP,Verified No fire,JAMBI SMF,1594,2023,2023:1594,2023,13018,1334043,0.030671368239550533,366.0,True,False,-54.0,1,2023-08-24 05:54:00,-1.13443,102.82983,0,0,1,1
102.83046,-1.1319,2023-08-24 13:00:00,NASA,NOAA20,Verified No fire,JAMBI SMF,1597,2023,2023:1597,2023,13021,647039,0.0,376.0,True,False,-44.0,1,2023-08-24 06:44:00,-1.1319,102.83046,0,0,1,1
102.83021545,-1.13203824,2023-08-24 13:00:00,LAPAN,NOAA20,Verified No fire,JAMBI SMF,1598,2023,2023:1598,2023,13022,647039,0.0312320951960875,376.0,True,False,-44.0,1,2023-08-24 06:44:00,-1.1319,102.83046,0,0,1,1
103.28271,-2.42319,2023-08-24 13:00:00,NASA,NOAA20,Verified No fire,SUMSEL MUBA,1604,2023,2023:1604,2023,13028,647021,0.0,376.0,True,False,-44.0,1,2023-08-24 06:44:00,-2.42319,103.28271,0,0,0,0
103.48794556,-1.29960501,2023-08-25 01:00:00,LAPAN,SNPP,Verified No fire,JAMBI SMF,1621,2023,2023:1621,2023,13045,1334258,0.07304631708401423,385.0,True,False,-35.0,1,2023-08-24 18:35:00,-1.29935,103.48734,0,0,0,1
103.48745,-1.29932,2023-08-25 01:00:00,NASA,SNPP,Verified No fire,JAMBI SMF,1624,2023,2023:1624,2023,13048,1334258,0.012675155589150364,385.0,True,False,-35.0,1,2023-08-24 18:35:00,-1.29935,103.48734,0,0,0,1
103.33788,-1.16785,2023-08-25 01:00:00,NASA,SNPP,Verified No fire,JAMBI SMF,1625,2023,2023:1625,2023,13049,1334254,0.0074579531852537045,385.0,True,False,-35.0,1,2023-08-24 18:35:00,-1.16788,103.33782,0,0,0,4
103.36951,-1.18895,2023-08-25 02:00:00,NASA,NOAA20,Verified No fire,JAMBI SMF,1629,2023,2023:1629,2023,13053,647211,0.0,395.0,True,False,-25.0,1,2023-08-24 19:25:00,-1.18895,103.36951,0,0,1,4
103.32003,-1.06077,2023-08-25 02:00:00,NASA,NOAA20,Verified No fire,JAMBI SMF,1630,2023,2023:1630,2023,13054,647212,0.0,395.0,True,False,-25.0,1,2023-08-24 19:25:00,-1.06077,103.32003,0,0,4,6
103.43104553,-2.28015184,2023-08-25 13:00:00,LAPAN,NOAA20,Verified No fire,SUMSEL MUBA,1632,2023,2023:1632,2023,13056,647945,0.046396261706826404,395.0,True,False,-25.0,1,2023-08-25 06:25:00,-2.2798,103.43127,0,0,0,0
103.43127,-2.2798,2023-08-25 13:00:00,NASA,NOAA20,Verified No fire,SUMSEL MUBA,1638,2023,2023:1638,2023,13062,647945,0.0,395.0,True,False,-25.0,1,2023-08-25 06:25:00,-2.2798,103.43127,0,0,0,0
105.53658,-2.72376,2023-08-26 01:00:00,NASA,SNPP,Verified No fire,SUMSEL,1645,2023,2023:1645,2023,13069,1335477,0.0,403.0,True,False,-17.0,1,2023-08-25 18:17:00,-2.72376,105.53658,0,0,0,0
103.33906,-1.16957,2023-08-26 01:00:00,NASA,SNPP,Verified No fire,JAMBI SMF,1647,2023,2023:1647,2023,13071,1335430,0.0047171163071087615,403.0,True,False,-17.0,1,2023-08-25 18:17:00,-1.1696,103.33909,0,0,0,3
103.48479,-1.30011,2023-08-26 01:00:00,NASA,SNPP,Verified No fire,JAMBI SMF,1648,2023,2023:1648,2023,13072,1335442,0.006289333998920313,403.0,True,False,-17.0,1,2023-08-25 18:17:00,-1.30015,103.48483,0,0,0,1
102.81245,-1.27056,2023-08-26 13:00:00,NASA,NOAA20,Verified No fire,JAMBI SMF,1652,2023,2023:1652,2023,13076,648866,0.0,414.0,True,False,-6.0,1,2023-08-26 06:06:00,-1.27056,102.81245,0,0,0,0
103.36033,-1.02559,2023-08-27 00:00:00,NASA,SNPP,Verified No fire,JAMBI SMF,1654,2023,2023:1654,2023,13078,1336690,0.015485521263354228,362.0,True,False,-58.0,1,2023-08-26 17:58:00,-1.02554,103.36046,0,0,0,0
103.24296,-1.0626,2023-08-27 01:00:00,NASA,NOAA20,Verified No fire,JAMBI SMF,1655,2023,2023:1655,2023,13079,649237,0.0,372.0,True,False,-48.0,1,2023-08-26 18:48:00,-1.0626,103.24296,0,0,0,1
103.79668,-2.10124,2023-08-27 01:00:00,NASA,NOAA20,Verified No fire,SUMSEL MUBA,1656,2023,2023:1656,2023,13080,649222,0.0,372.0,True,False,-48.0,1,2023-08-26 18:48:00,-2.10124,103.79668,0,0,0,0
105.34307,-2.4201,2023-08-27 13:00:00,NASA,SNPP,Verified No fire,SUMSEL,1659,2023,2023:1659,2023,13083,1337631,0.0062873391356136335,382.0,True,False,-38.0,1,2023-08-27 06:38:00,-2.42006,105.34303,0,0,0,0
105.34223175,-2.42035341,2023-08-27 13:00:00,LAPAN,SNPP,Verified No fire,SUMSEL,1660,2023,2023:1660,2023,13084,1337631,0.09449332970139483,382.0,True,False,-38.0,1,2023-08-27 06:38:00,-2.42006,105.34303,0,0,0,0
103.36221,-1.02527,2023-08-28 01:00:00,NASA,NOAA20,Verified No fire,JAMBI SMF,1664,2023,2023:1664,2023,13088,650411,0.0,391.0,True,False,-29.0,1,2023-08-27 18:29:00,-1.02527,103.36221,0,0,0,0
103.34004,-1.16773,2023-08-28 01:00:00,NASA,NOAA20,Verified No fire,JAMBI SMF,1665,2023,2023:1665,2023,13089,650416,0.0,391.0,True,False,-29.0,1,2023-08-27 18:29:00,-1.16773,103.34004,0,0,0,0
103.36248779,-1.02509832,2023-08-28 01:00:00,LAPAN,NOAA20,Verified No fire,JAMBI SMF,1667,2023,2023:1667,2023,13091,650411,0.03630763781930562,391.0,True,False,-29.0,1,2023-08-27 18:29:00,-1.02527,103.36221,0,0,0,0
103.24294,-1.06426,2023-08-28 01:00:00,NASA,NOAA20,Verified No fire,JAMBI SMF,1669,2023,2023:1669,2023,13093,650413,0.0,391.0,True,False,-29.0,1,2023-08-27 18:29:00,-1.06426,103.24294,0,0,0,1
103.43597,-2.29319,2023-08-28 14:00:00,NASA,NOAA20,Verified No fire,SUMSEL MUBA,1672,2023,2023:1672,2023,13096,651468,0.0,411.0,True,False,-9.0,1,2023-08-28 07:09:00,-2.29319,103.43597,0,0,0,0
105.56911469,-3.44566989,2023-08-29 13:00:00,LAPAN,NOAA20,Fire inside Sitrep,SUMSEL,1673,2023,2023:1673,2023,13097,653029,0.05723909725084833,371.0,True,False,-49.0,1,2023-08-29 06:49:00,-3.44565,105.56963,0,0,0,0
105.56963,-3.44565,2023-08-29 13:00:00,NASA,NOAA20,Verified Fire,SUMSEL,1674,2023,2023:1674,2023,13098,653029,0.0,371.0,True,False,-49.0,1,2023-08-29 06:49:00,-3.44565,105.56963,0,0,0,0
103.24137,-1.06185,2023-08-30 00:00:00,NASA,NOAA20,Verified No fire,JAMBI SMF,1675,2023,2023:1675,2023,13099,653443,0.0,369.0,True,False,-51.0,1,2023-08-29 17:51:00,-1.06185,103.24137,0,0,0,0
103.79874,-2.10158,2023-08-30 01:00:00,NASA,SNPP,Verified No fire,SUMSEL MUBA,1682,2023,2023:1682,2023,13106,1341228,0.004716021434313188,378.0,True,False,-42.0,1,2023-08-29 18:42:00,-2.10155,103.79877,0,0,0,1
103.33704,-1.16736,2023-08-30 01:00:00,NASA,SNPP,Verified No fire,JAMBI SMF,1683,2023,2023:1683,2023,13107,1341262,0.0074579542887774275,378.0,True,False,-42.0,1,2023-08-29 18:42:00,-1.16733,103.3371,0,0,0,0
105.32972,-2.4253,2023-08-30 13:00:00,NASA,NOAA20,Verified No fire,SUMSEL,1687,2023,2023:1687,2023,13111,655114,0.0,389.0,True,False,-31.0,1,2023-08-30 06:31:00,-2.4253,105.32972,0,0,0,0
105.43490601,-2.51091051,2023-08-30 13:00:00,LAPAN,NOAA20,Verified No fire,SUMSEL,1690,2023,2023:1690,2023,13114,655126,0.03738069942409456,389.0,True,False,-31.0,1,2023-08-30 06:31:00,-2.51069,105.43516,0,0,0,0
105.43516,-2.51069,2023-08-30 13:00:00,NASA,NOAA20,Verified No fire,SUMSEL,1693,2023,2023:1693,2023,13117,655126,0.0,389.0,True,False,-31.0,1,2023-08-30 06:31:00,-2.51069,105.43516,0,0,0,0
105.32957458,-2.42541814,2023-08-30 13:00:00,LAPAN,NOAA20,Verified No fire,SUMSEL,1695,2023,2023:1695,2023,13119,655114,0.020822348672996278,389.0,True,False,-31.0,1,2023-08-30 06:31:00,-2.4253,105.32972,0,0,0,0
103.79936,-1.5092,2023-08-31 01:00:00,NASA,SNPP,Verified Fire,JAMBI SMF,1699,2023,2023:1699,2023,13123,1343698,0.0035151993970204873,397.0,True,False,-23.0,1,2023-08-30 18:23:00,-1.50921,103.79933,0,0,0,1
103.79987335,-1.50956154,2023-08-31 01:00:00,LAPAN,SNPP,Verified Fire,JAMBI SMF,1700,2023,2023:1700,2023,13124,1343698,0.07194285208126594,397.0,True,False,-23.0,1,2023-08-30 18:23:00,-1.50921,103.79933,0,0,0,1
103.79749,-2.10254,2023-08-31 01:00:00,NASA,SNPP,Verified No fire,SUMSEL MUBA,1701,2023,2023:1701,2023,13125,1343584,0.002485058527222838,397.0,True,False,-23.0,1,2023-08-30 18:23:00,-2.10255,103.79747,0,0,0,2
103.24257,-1.06483,2023-09-01 01:00:00,NASA,SNPP,Verified No fire,JAMBI SMF,1723,2023,2023:1723,2023,13147,1346531,0.008963309619954604,416.0,True,False,-4.0,1,2023-08-31 18:04:00,-1.06484,103.24265,0,0,0,0
103.80028,-1.50934,2023-09-01 01:00:00,NASA,SNPP,Verified Fire,JAMBI SMF,1724,2023,2023:1724,2023,13148,1346905,0.009944900250704457,416.0,True,False,-4.0,1,2023-08-31 18:04:00,-1.50942,103.80024,0,0,0,1
103.2263,-2.56276,2023-09-01 01:00:00,NASA,NOAA20,Verified No fire,SUMSEL MUBA,1726,2023,2023:1726,2023,13150,659443,0.0,366.0,True,False,-54.0,1,2023-08-31 18:54:00,-2.56276,103.2263,0,0,1,2
102.68629,-1.30488,2023-09-01 01:00:00,NASA,NOAA20,Verified No fire,JAMBI SMF,1728,2023,2023:1728,2023,13152,659429,0.0,366.0,True,False,-54.0,1,2023-08-31 18:54:00,-1.30488,102.68629,0,0,0,1
103.2253,-2.56422,2023-09-01 01:00:00,NASA,SNPP,Verified No fire,SUMSEL MUBA,1729,2023,2023:1729,2023,13153,1346729,0.0022216748181278947,416.0,True,False,-4.0,1,2023-08-31 18:04:00,-2.56422,103.22532,0,0,1,1
103.79785,-2.10204,2023-09-01 01:00:00,NASA,SNPP,Verified No fire,SUMSEL MUBA,1731,2023,2023:1731,2023,13155,1346763,0.004970118317628526,416.0,True,False,-4.0,1,2023-08-31 18:04:00,-2.10206,103.79781,0,0,0,1
103.35973,-1.02334,2023-09-01 01:00:00,NASA,SNPP,Verified No fire,JAMBI SMF,1732,2023,2023:1732,2023,13156,1346544,0.009168004734514333,416.0,True,False,-4.0,1,2023-08-31 18:04:00,-1.02336,103.35965,0,0,0,0
103.41782,-2.28632,2023-09-01 01:00:00,NASA,SNPP,Verified No fire,SUMSEL MUBA,1733,2023,2023:1733,2023,13157,1346760,0.014486591352754772,416.0,True,False,-4.0,1,2023-08-31 18:04:00,-2.28633,103.41769,0,0,2,6
105.62807,-3.10038,2023-09-01 13:00:00,NASA,SNPP,Verified Fire,SUMSEL,1755,2023,2023:1755,2023,13179,1349394,0.005559754011690061,376.0,True,False,-44.0,1,2023-09-01 06:44:00,-3.10033,105.62807,0,0,0,0
103.20831,-2.52269,2023-09-01 13:00:00,NASA,SNPP,Verified No fire,SUMSEL MUBA,1760,2023,2023:1760,2023,13184,1349416,0.010547869701238334,376.0,True,False,-44.0,1,2023-09-01 06:44:00,-2.5226,103.20834,0,0,0,1
103.62621,-2.06253,2023-09-01 13:00:00,NASA,SNPP,Verified No fire,SUMSEL MUBA,1761,2023,2023:1761,2023,13185,1349529,0.00497021798232348,376.0,True,False,-44.0,1,2023-09-01 06:44:00,-2.06255,103.62617,0,0,1,1
102.68853,-1.30175,2023-09-01 13:00:00,NASA,SNPP,Verified No fire,JAMBI SMF,1762,2023,2023:1762,2023,13186,1349210,0.015802155002135245,376.0,True,False,-44.0,1,2023-09-01 06:44:00,-1.30164,102.68862,0,0,0,1
103.41956,-1.46764,2023-09-01 13:00:00,NASA,SNPP,Verified No fire,JAMBI SMF,1763,2023,2023:1763,2023,13187,1349160,0.0049724689500217694,376.0,True,False,-44.0,1,2023-09-01 06:44:00,-1.4676,103.41954,0,0,0,0
103.44691,-2.2127,2023-09-01 13:00:00,NASA,SNPP,Verified No fire,SUMSEL MUBA,1766,2023,2023:1766,2023,13190,1349479,0.0015719497638672462,376.0,True,False,-44.0,1,2023-09-01 06:44:00,-2.21269,103.44692,0,0,1,1
103.28738,-2.54643,2023-09-01 13:00:00,NASA,SNPP,Verified No fire,SUMSEL MUBA,1767,2023,2023:1767,2023,13191,1349425,0.011608161141375582,376.0,True,False,-44.0,1,2023-09-01 06:44:00,-2.54633,103.28741,0,0,0,0
103.18536,-0.9159,2023-09-01 14:00:00,NASA,Aqua,Verified No fire,JAMBI SMF,1774,2023,2023:1774,2023,13198,109587,0.034018985929460926,415.0,True,False,-5.0,1,2023-09-01 07:05:00,-0.9156,103.1853,0,0,0,0
103.36064,-1.02534,2023-09-02 01:00:00,NASA,NOAA20,Verified No fire,JAMBI SMF,1787,2023,2023:1787,2023,13211,663597,0.0,385.0,True,False,-35.0,1,2023-09-01 18:35:00,-1.02534,103.36064,0,0,0,0
103.38223,-2.53635,2023-09-02 01:00:00,NASA,NOAA20,Verified No fire,SUMSEL MUBA,1788,2023,2023:1788,2023,13212,663706,0.0,385.0,True,False,-35.0,1,2023-09-01 18:35:00,-2.53635,103.38223,0,0,0,0
103.47822571,-2.29412484,2023-09-02 01:00:00,LAPAN,NOAA20,Verified No fire,SUMSEL MUBA,1789,2023,2023:1789,2023,13213,663702,0.04998090355825405,385.0,True,False,-35.0,1,2023-09-01 18:35:00,-2.2944,103.47787,0,0,0,3
103.33887,-1.16831,2023-09-02 01:00:00,NASA,NOAA20,Verified No fire,JAMBI SMF,1790,2023,2023:1790,2023,13214,663876,0.0,385.0,True,False,-35.0,1,2023-09-01 18:35:00,-1.16831,103.33887,0,0,0,3
103.22495,-2.5634,2023-09-02 01:00:00,NASA,NOAA20,Verified No fire,SUMSEL MUBA,1791,2023,2023:1791,2023,13215,663707,0.0,385.0,True,False,-35.0,1,2023-09-01 18:35:00,-2.5634,103.22495,0,0,0,1
103.22517395,-2.5632062,2023-09-02 01:00:00,LAPAN,NOAA20,Verified No fire,SUMSEL MUBA,1792,2023,2023:1792,2023,13216,663707,0.03291294118740476,385.0,True,False,-35.0,1,2023-09-01 18:35:00,-2.5634,103.22495,0,0,0,1
103.24393,-1.06163,2023-09-02 01:00:00,NASA,NOAA20,Verified No fire,JAMBI SMF,1798,2023,2023:1798,2023,13222,663888,0.0,385.0,True,False,-35.0,1,2023-09-01 18:35:00,-1.06163,103.24393,0,0,0,1
103.36086273,-1.02515197,2023-09-02 01:00:00,LAPAN,NOAA20,Verified No fire,JAMBI SMF,1799,2023,2023:1799,2023,13223,663597,0.032408750140407366,385.0,True,False,-35.0,1,2023-09-01 18:35:00,-1.02534,103.36064,0,0,0,0
103.47787,-2.2944,2023-09-02 01:00:00,NASA,NOAA20,Verified No fire,SUMSEL MUBA,1800,2023,2023:1800,2023,13224,663702,0.0,385.0,True,False,-35.0,1,2023-09-01 18:35:00,-2.2944,103.47787,0,0,0,3
103.79922,-2.09978,2023-09-02 01:00:00,NASA,NOAA20,Verified No fire,SUMSEL MUBA,1804,2023,2023:1804,2023,13228,663689,0.0,385.0,True,False,-35.0,1,2023-09-01 18:35:00,-2.09978,103.79922,0,0,0,0
103.41744995,-2.28455758,2023-09-02 01:00:00,LAPAN,NOAA20,Verified No fire,SUMSEL MUBA,1805,2023,2023:1805,2023,13229,663701,0.04841712674250845,385.0,True,False,-35.0,1,2023-09-01 18:35:00,-2.28483,103.41711,0,0,0,7
103.41711,-2.28483,2023-09-02 01:00:00,NASA,NOAA20,Verified No fire,SUMSEL MUBA,1808,2023,2023:1808,2023,13232,663701,0.0,385.0,True,False,-35.0,1,2023-09-01 18:35:00,-2.28483,103.41711,0,0,0,7
103.21338654,-2.5166254,2023-09-02 13:00:00,LAPAN,SNPP,Verified Fire,SUMSEL MUBA,1810,2023,2023:1810,2023,13234,1353306,0.08508554544141901,395.0,True,False,-25.0,1,2023-09-02 06:25:00,-2.51628,103.21407,0,0,0,1
105.90644,-3.34859,2023-09-02 13:00:00,NASA,SNPP,Verified No fire,SUMSEL,1816,2023,2023:1816,2023,13240,1353539,0.010998358450726517,395.0,True,False,-25.0,1,2023-09-02 06:25:00,-3.34852,105.90651,0,0,0,0
105.58276,-3.56283,2023-09-02 13:00:00,NASA,SNPP,Verified No fire,SUMSEL,1817,2023,2023:1817,2023,13241,1353512,0.010933773342819832,395.0,True,False,-25.0,1,2023-09-02 06:25:00,-3.56279,105.58285,0,0,0,0
105.90586853,-3.34837174,2023-09-02 13:00:00,LAPAN,SNPP,Verified No fire,SUMSEL,1818,2023,2023:1818,2023,13242,1353539,0.07309002480783237,395.0,True,False,-25.0,1,2023-09-02 06:25:00,-3.34852,105.90651,0,0,0,0
103.21407,-2.51627,2023-09-02 13:00:00,NASA,SNPP,Verified No fire,SUMSEL MUBA,1820,2023,2023:1820,2023,13244,1353306,0.0011119508023868677,395.0,True,False,-25.0,1,2023-09-02 06:25:00,-2.51628,103.21407,0,0,0,1
105.58220673,-3.56266952,2023-09-02 13:00:00,LAPAN,SNPP,Verified No fire,SUMSEL,1821,2023,2023:1821,2023,13245,1353512,0.07263633665769044,395.0,True,False,-25.0,1,2023-09-02 06:25:00,-3.56279,105.58285,0,0,0,0
105.8055,-3.28785,2023-09-03 01:00:00,NASA,NOAA20,Verified No fire,SUMSEL,1826,2023,2023:1826,2023,13250,668372,0.0,403.0,True,False,-17.0,1,2023-09-02 18:17:00,-3.28785,105.8055,0,0,0,0
102.83232117,-1.12872171,2023-09-03 01:00:00,LAPAN,NOAA20,Verified No fire,JAMBI SMF,1827,2023,2023:1827,2023,13251,668049,0.044618478262111634,404.0,True,False,-16.0,1,2023-09-02 18:16:00,-1.12871,102.83192,0,0,0,0
103.33943,-1.16958,2023-09-03 01:00:00,NASA,NOAA20,Verified No fire,JAMBI SMF,1828,2023,2023:1828,2023,13252,668042,0.0,404.0,True,False,-16.0,1,2023-09-02 18:16:00,-1.16958,103.33943,0,0,2,4
103.46994781,-2.30182266,2023-09-03 01:00:00,LAPAN,NOAA20,Verified No fire,SUMSEL MUBA,1830,2023,2023:1830,2023,13254,668158,0.04107604652360094,404.0,True,False,-16.0,1,2023-09-02 18:16:00,-2.30186,103.46958,0,0,0,0
105.80581665,-3.28767323,2023-09-03 01:00:00,LAPAN,NOAA20,Verified No fire,SUMSEL,1831,2023,2023:1831,2023,13255,668372,0.040274278639187075,403.0,True,False,-17.0,1,2023-09-02 18:17:00,-3.28785,105.8055,0,0,0,0
102.83192,-1.12871,2023-09-03 01:00:00,NASA,NOAA20,Verified No fire,JAMBI SMF,1832,2023,2023:1832,2023,13256,668049,0.0,404.0,True,False,-16.0,1,2023-09-02 18:16:00,-1.12871,102.83192,0,0,0,0
103.2446,-1.06135,2023-09-03 01:00:00,NASA,NOAA20,Verified No fire,JAMBI SMF,1833,2023,2023:1833,2023,13257,668033,0.0,404.0,True,False,-16.0,1,2023-09-02 18:16:00,-1.06135,103.2446,0,0,1,2
103.46958,-2.30186,2023-09-03 01:00:00,NASA,NOAA20,Verified No fire,SUMSEL MUBA,1835,2023,2023:1835,2023,13259,668158,0.0,404.0,True,False,-16.0,1,2023-09-02 18:16:00,-2.30186,103.46958,0,0,0,0
103.24269,-1.06279,2023-09-03 02:00:00,NASA,SNPP,Verified No fire,JAMBI SMF,1838,2023,2023:1838,2023,13262,1354671,0.024281509808129976,413.0,True,False,-7.0,1,2023-09-02 19:07:00,-1.06273,103.24248,0,0,1,2
103.70523,-2.09162,2023-09-03 13:00:00,NASA,SNPP,Verified Fire,SUMSEL MUBA,1848,2023,2023:1848,2023,13272,1356396,0.004581815776469954,414.0,True,False,-6.0,1,2023-09-03 06:06:00,-2.09161,103.70519,0,0,0,0
105.5263,-3.77838,2023-09-03 13:00:00,NASA,SNPP,Verified Fire,SUMSEL,1849,2023,2023:1849,2023,13273,1356579,0.022920525236966006,414.0,True,False,-6.0,1,2023-09-03 06:06:00,-3.77818,105.52625,0,0,0,0
105.36066,-2.42418,2023-09-03 13:00:00,NASA,SNPP,Verified No fire,SUMSEL,1851,2023,2023:1851,2023,13275,1357172,0.016669710782200937,414.0,True,False,-6.0,1,2023-09-03 06:06:00,-2.42409,105.36078,0,0,0,0
103.33737,-1.16792,2023-09-04 00:00:00,NASA,NOAA20,Verified No fire,JAMBI SMF,1854,2023,2023:1854,2023,13278,671245,0.0,363.0,True,False,-57.0,1,2023-09-03 17:57:00,-1.16792,103.33737,0,0,1,4
105.37853241,-2.41029954,2023-09-04 00:00:00,LAPAN,NOAA20,Fire inside Sitrep,SUMSEL,1857,2023,2023:1857,2023,13281,671757,0.06303866078675383,362.0,True,False,-58.0,1,2023-09-03 17:58:00,-2.41017,105.37798,0,0,0,1
103.46062,-1.14104,2023-09-04 00:00:00,NASA,NOAA20,Verified No fire,JAMBI SMF,1858,2023,2023:1858,2023,13282,671233,0.0,363.0,True,False,-57.0,1,2023-09-03 17:57:00,-1.14104,103.46062,0,0,0,0
103.46138763,-1.14131629,2023-09-04 00:00:00,LAPAN,NOAA20,Verified No fire,JAMBI SMF,1859,2023,2023:1859,2023,13283,671233,0.09070126561460083,363.0,True,False,-57.0,1,2023-09-03 17:57:00,-1.14104,103.46062,0,0,0,0
103.36115,-1.02208,2023-09-04 00:00:00,NASA,NOAA20,Verified No fire,JAMBI SMF,1860,2023,2023:1860,2023,13284,671210,0.0,363.0,True,False,-57.0,1,2023-09-03 17:57:00,-1.02208,103.36115,0,0,1,1
105.37798,-2.41017,2023-09-04 00:00:00,NASA,NOAA20,Verified Fire,SUMSEL,1861,2023,2023:1861,2023,13285,671757,0.0,362.0,True,False,-58.0,1,2023-09-03 17:58:00,-2.41017,105.37798,0,0,0,1
103.36995697,-1.19054139,2023-09-04 01:00:00,LAPAN,SNPP,Verified No fire,JAMBI SMF,1863,2023,2023:1863,2023,13287,1358226,0.07605776179362021,372.0,True,False,-48.0,1,2023-09-03 18:48:00,-1.19019,103.36937,0,0,1,3
103.33646,-1.16768,2023-09-04 01:00:00,NASA,SNPP,Verified No fire,JAMBI SMF,1864,2023,2023:1864,2023,13288,1358227,0.0033351596755660418,372.0,True,False,-48.0,1,2023-09-03 18:48:00,-1.16768,103.33649,0,0,1,4
103.24307,-1.06328,2023-09-04 01:00:00,NASA,SNPP,Verified No fire,JAMBI SMF,1866,2023,2023:1866,2023,13290,1358231,0.002223518670156203,372.0,True,False,-48.0,1,2023-09-03 18:48:00,-1.06328,103.24309,0,0,0,2
103.36161,-1.02415,2023-09-04 01:00:00,NASA,SNPP,Verified No fire,JAMBI SMF,1867,2023,2023:1867,2023,13291,1358234,0.003516241011207947,372.0,True,False,-48.0,1,2023-09-03 18:48:00,-1.02418,103.36162,0,0,1,2
103.38171,-1.20391,2023-09-04 01:00:00,NASA,SNPP,Verified No fire,JAMBI SMF,1868,2023,2023:1868,2023,13292,1358225,0.004584631083680233,372.0,True,False,-48.0,1,2023-09-03 18:48:00,-1.20387,103.3817,0,0,1,2
103.7973,-2.10088,2023-09-04 01:00:00,NASA,SNPP,Verified No fire,SUMSEL MUBA,1872,2023,2023:1872,2023,13296,1358442,0.003514170051443517,372.0,True,False,-48.0,1,2023-09-03 18:48:00,-2.10089,103.79733,0,0,0,0
103.38228607,-1.20420706,2023-09-04 01:00:00,LAPAN,SNPP,Verified No fire,JAMBI SMF,1873,2023,2023:1873,2023,13297,1358225,0.07516457028046072,372.0,True,False,-48.0,1,2023-09-03 18:48:00,-1.20387,103.3817,0,0,1,2
103.36219025,-1.02441442,2023-09-04 01:00:00,LAPAN,SNPP,Verified No fire,JAMBI SMF,1874,2023,2023:1874,2023,13298,1358234,0.06854830664736346,372.0,True,False,-48.0,1,2023-09-03 18:48:00,-1.02418,103.36162,0,0,1,2
103.36938,-1.19023,2023-09-04 01:00:00,NASA,SNPP,Verified No fire,JAMBI SMF,1875,2023,2023:1875,2023,13299,1358226,0.004584632428538976,372.0,True,False,-48.0,1,2023-09-03 18:48:00,-1.19019,103.36937,0,0,1,3
102.9735,-1.01141,2023-09-04 12:00:00,NASA,SNPP,Verified Fire,JAMBI SMF,1877,2023,2023:1877,2023,13301,1359823,0.03616550905821781,372.0,True,False,-48.0,1,2023-09-04 05:48:00,-1.01118,102.97327,0,0,2,3
105.22066,-3.0788,2023-09-04 12:00:00,NASA,SNPP,Fire inside Sitrep,SUMSEL,1878,2023,2023:1878,2023,13302,1359419,0.010485871807214544,373.0,True,False,-47.0,1,2023-09-04 05:47:00,-3.07888,105.22061,0,0,2,2
103.57722473,-2.14697814,2023-09-04 13:00:00,LAPAN,NOAA20,Verified No fire,SUMSEL MUBA,1885,2023,2023:1885,2023,13309,672822,0.02394143956051999,383.0,True,False,-37.0,1,2023-09-04 06:37:00,-2.14684,103.57739,0,0,0,0
103.47576141,-2.29167509,2023-09-04 13:00:00,LAPAN,NOAA20,Verified No fire,SUMSEL MUBA,1887,2023,2023:1887,2023,13311,672816,0.04041361607856591,383.0,True,False,-37.0,1,2023-09-04 06:37:00,-2.29143,103.47603,0,0,0,0
103.00644684,-2.43087816,2023-09-04 13:00:00,LAPAN,NOAA20,Verified No fire,SUMSEL MUBA,1888,2023,2023:1888,2023,13312,672812,0.02604223062529061,383.0,True,False,-37.0,1,2023-09-04 06:37:00,-2.43071,103.00661,0,0,0,0
103.57739,-2.14684,2023-09-04 13:00:00,NASA,NOAA20,Verified No fire,SUMSEL MUBA,1891,2023,2023:1891,2023,13315,672822,0.0,383.0,True,False,-37.0,1,2023-09-04 06:37:00,-2.14684,103.57739,0,0,0,0
103.47603,-2.29143,2023-09-04 13:00:00,NASA,NOAA20,Verified No fire,SUMSEL MUBA,1895,2023,2023:1895,2023,13319,672816,0.0,383.0,True,False,-37.0,1,2023-09-04 06:37:00,-2.29143,103.47603,0,0,0,0
103.00661,-2.43071,2023-09-04 13:00:00,NASA,NOAA20,Verified No fire,SUMSEL MUBA,1896,2023,2023:1896,2023,13320,672812,0.0,383.0,True,False,-37.0,1,2023-09-04 06:37:00,-2.43071,103.00661,0,0,0,0
103.97671509,-2.16170073,2023-09-05 01:00:00,LAPAN,SNPP,Verified No fire,SUMSEL MUBA,1899,2023,2023:1899,2023,13323,1360513,0.0725350677617527,391.0,True,False,-29.0,1,2023-09-04 18:29:00,-2.1613,103.9762,0,0,0,0
103.36193085,-1.02338874,2023-09-05 01:00:00,LAPAN,SNPP,Verified No fire,JAMBI SMF,1900,2023,2023:1900,2023,13324,1360251,0.07402175588704125,391.0,True,False,-29.0,1,2023-09-04 18:29:00,-1.02303,103.36137,0,0,0,1
103.33829,-1.16887,2023-09-05 01:00:00,NASA,SNPP,Verified No fire,JAMBI SMF,1901,2023,2023:1901,2023,13325,1360614,0.00676236329527955,391.0,True,False,-29.0,1,2023-09-04 18:29:00,-1.16886,103.33823,0,0,1,2
103.97623,-2.16134,2023-09-05 01:00:00,NASA,SNPP,Verified No fire,SUMSEL MUBA,1905,2023,2023:1905,2023,13329,1360513,0.0055583304680081064,391.0,True,False,-29.0,1,2023-09-04 18:29:00,-2.1613,103.9762,0,0,0,0
103.37130737,-1.19025803,2023-09-05 01:00:00,LAPAN,SNPP,Verified No fire,JAMBI SMF,1909,2023,2023:1909,2023,13333,1360615,0.07369216322240302,391.0,True,False,-29.0,1,2023-09-04 18:29:00,-1.18987,103.37077,0,0,1,2
103.24388,-1.0652,2023-09-05 01:00:00,NASA,SNPP,Verified No fire,JAMBI SMF,1910,2023,2023:1910,2023,13334,1360599,0.006762595423497635,391.0,True,False,-29.0,1,2023-09-04 18:29:00,-1.06519,103.24382,0,0,0,1
105.37821,-2.41078,2023-09-05 01:00:00,NASA,SNPP,Fire inside Sitrep,SUMSEL,1911,2023,2023:1911,2023,13335,1360514,0.007031972194696864,391.0,True,False,-29.0,1,2023-09-04 18:29:00,-2.41072,105.37819,0,0,0,1
103.36143,-1.02305,2023-09-05 01:00:00,NASA,SNPP,Verified No fire,JAMBI SMF,1912,2023,2023:1912,2023,13336,1360251,0.007031585452396784,391.0,True,False,-29.0,1,2023-09-04 18:29:00,-1.02303,103.36137,0,0,0,1
105.37872314,-2.41109324,2023-09-05 01:00:00,LAPAN,SNPP,Fire inside Sitrep,SUMSEL,1915,2023,2023:1915,2023,13339,1360514,0.07232326570300882,391.0,True,False,-29.0,1,2023-09-04 18:29:00,-2.41072,105.37819,0,0,0,1
103.37081,-1.18987,2023-09-05 01:00:00,NASA,SNPP,Verified No fire,JAMBI SMF,1917,2023,2023:1917,2023,13341,1360615,0.004446844132302071,391.0,True,False,-29.0,1,2023-09-04 18:29:00,-1.18987,103.37077,0,0,1,2
103.44168854,-2.2639904,2023-09-05 01:00:00,LAPAN,SNPP,Verified No fire,SUMSEL MUBA,1918,2023,2023:1918,2023,13342,1360549,0.087074109503649,391.0,True,False,-29.0,1,2023-09-04 18:29:00,-2.26408,103.44091,0,0,0,0
103.44095,-2.26408,2023-09-05 01:00:00,NASA,SNPP,Verified No fire,SUMSEL MUBA,1919,2023,2023:1919,2023,13343,1360549,0.004444331069212753,391.0,True,False,-29.0,1,2023-09-04 18:29:00,-2.26408,103.44091,0,0,0,0
103.3681,-1.19159,2023-09-05 02:00:00,NASA,NOAA20,Verified No fire,JAMBI SMF,1921,2023,2023:1921,2023,13345,674272,0.0,401.0,True,False,-19.0,1,2023-09-04 19:19:00,-1.19159,103.3681,0,0,1,1
103.33879,-1.16717,2023-09-05 02:00:00,NASA,NOAA20,Verified No fire,JAMBI SMF,1922,2023,2023:1922,2023,13346,674273,0.0,401.0,True,False,-19.0,1,2023-09-04 19:19:00,-1.16717,103.33879,0,0,1,1
103.31864,-2.49897,2023-09-05 02:00:00,NASA,NOAA20,Verified No fire,SUMSEL MUBA,1923,2023,2023:1923,2023,13347,674274,0.0,401.0,True,False,-19.0,1,2023-09-04 19:19:00,-2.49897,103.31864,0,0,3,3
103.29399109,-2.49437976,2023-09-05 13:00:00,LAPAN,NOAA20,Verified No fire,SUMSEL MUBA,1934,2023,2023:1934,2023,13358,675262,0.06712375836212758,402.0,True,False,-18.0,1,2023-09-05 06:18:00,-2.49388,103.29433,0,0,0,2
103.29433,-2.49388,2023-09-05 13:00:00,NASA,NOAA20,Verified No fire,SUMSEL MUBA,1936,2023,2023:1936,2023,13360,675262,0.0,402.0,True,False,-18.0,1,2023-09-05 06:18:00,-2.49388,103.29433,0,0,0,2
105.37154,-3.26183,2023-09-05 14:00:00,NASA,SNPP,Verified No fire,SUMSEL,1940,2023,2023:1940,2023,13364,1362147,0.036367502129834486,411.0,True,False,-9.0,1,2023-09-05 07:09:00,-3.2619,105.37122,0,0,2,2
105.37683,-2.40701,2023-09-06 01:00:00,NASA,SNPP,Verified No fire,SUMSEL,1943,2023,2023:1943,2023,13367,1362573,0.005669666512569808,410.0,True,False,-10.0,1,2023-09-05 18:10:00,-2.40706,105.37684,0,0,0,1
105.377388,-2.40739942,2023-09-06 01:00:00,LAPAN,SNPP,Verified No fire,SUMSEL,1952,2023,2023:1952,2023,13376,1362573,0.07163070699672848,410.0,True,False,-10.0,1,2023-09-05 18:10:00,-2.40706,105.37684,0,0,0,1
105.49341,-3.6876,2023-09-06 13:00:00,NASA,SNPP,Fire inside Sitrep,SUMSEL,1959,2023,2023:1959,2023,13383,1363543,0.0,370.0,True,False,-50.0,1,2023-09-06 06:50:00,-3.6876,105.49341,0,0,0,0
105.28835,-2.75825,2023-09-07 13:00:00,NASA,SNPP,Verified No fire,SUMSEL,1960,2023,2023:1960,2023,13384,1364363,0.0022239016047309584,389.0,True,False,-31.0,1,2023-09-07 06:31:00,-2.75827,105.28835,0,0,0,0
105.2877655,-2.75804496,2023-09-07 13:00:00,LAPAN,SNPP,Verified Fire,SUMSEL,1961,2023,2023:1961,2023,13385,1364363,0.06957402158358426,389.0,True,False,-31.0,1,2023-09-07 06:31:00,-2.75827,105.28835,0,0,0,0
103.38183,-2.53526,2023-09-08 01:00:00,NASA,NOAA20,Verified No fire,SUMSEL MUBA,1966,2023,2023:1966,2023,13390,677865,0.0,397.0,True,False,-23.0,1,2023-09-07 18:23:00,-2.53526,103.38183,0,0,0,0
103.36213684,-1.02491999,2023-09-08 01:00:00,LAPAN,NOAA20,Verified No fire,JAMBI SMF,1969,2023,2023:1969,2023,13393,677808,0.025825262944128253,398.0,True,False,-22.0,1,2023-09-07 18:22:00,-1.02497,103.36191,0,0,0,0
103.36191,-1.02497,2023-09-08 01:00:00,NASA,NOAA20,Verified No fire,JAMBI SMF,1972,2023,2023:1972,2023,13396,677808,0.0,398.0,True,False,-22.0,1,2023-09-07 18:22:00,-1.02497,103.36191,0,0,0,0
103.79739,-2.10037,2023-09-08 01:00:00,NASA,NOAA20,Verified No fire,SUMSEL MUBA,1973,2023,2023:1973,2023,13397,677850,0.0,397.0,True,False,-23.0,1,2023-09-07 18:23:00,-2.10037,103.79739,0,0,0,1
105.60263,-3.56054,2023-09-09 01:00:00,NASA,SNPP,Verified No fire,SUMSEL,1986,2023,2023:1986,2023,13410,1365628,0.004965117558017306,365.0,True,False,-55.0,1,2023-09-08 18:55:00,-3.56056,105.60259,0,0,0,2
103.48557,-1.2992,2023-09-09 01:00:00,NASA,SNPP,Verified No fire,JAMBI SMF,1989,2023,2023:1989,2023,13413,1365599,0.006762040908465976,366.0,True,False,-54.0,1,2023-09-08 18:54:00,-1.29919,103.48563,0,0,0,0
103.79749,-2.10174,2023-09-09 01:00:00,NASA,NOAA20,Verified No fire,SUMSEL MUBA,1991,2023,2023:1991,2023,13415,679022,0.0,416.0,True,False,-4.0,1,2023-09-08 18:04:00,-2.10174,103.79749,0,0,1,2
103.24284,-1.06091,2023-09-09 01:00:00,NASA,NOAA20,Verified No fire,JAMBI SMF,1992,2023,2023:1992,2023,13416,678961,0.0,416.0,True,False,-4.0,1,2023-09-08 18:04:00,-1.06091,103.24284,0,0,1,1
103.38211,-1.20086,2023-09-09 01:00:00,NASA,NOAA20,Verified No fire,JAMBI SMF,1993,2023,2023:1993,2023,13417,678967,0.0,416.0,True,False,-4.0,1,2023-09-08 18:04:00,-1.20086,103.38211,0,0,2,4
103.33789,-1.16873,2023-09-09 01:00:00,NASA,SNPP,Verified No fire,JAMBI SMF,1994,2023,2023:1994,2023,13418,1365595,0.008962997644898626,366.0,True,False,-54.0,1,2023-09-08 18:54:00,-1.16874,103.33797,0,0,0,0
103.24203,-1.06288,2023-09-09 01:00:00,NASA,SNPP,Verified No fire,JAMBI SMF,1996,2023,2023:1996,2023,13420,1365594,0.0033352784381610774,366.0,True,False,-54.0,1,2023-09-08 18:54:00,-1.06288,103.24206,0,0,1,1
103.79601,-2.10162,2023-09-09 01:00:00,NASA,SNPP,Verified No fire,SUMSEL MUBA,1997,2023,2023:1997,2023,13421,1365611,0.002485059698446411,366.0,True,False,-54.0,1,2023-09-08 18:54:00,-2.10163,103.79599,0,0,1,1
103.56026459,-2.11019063,2023-09-09 13:00:00,LAPAN,NOAA20,Verified No fire,SUMSEL MUBA,2006,2023,2023:2006,2023,13430,679938,0.04482207596413396,376.0,True,False,-44.0,1,2023-09-09 06:44:00,-2.11,103.56062,0,0,0,0
105.38028,-2.40779,2023-09-09 13:00:00,NASA,NOAA20,Fire inside Sitrep,SUMSEL,2007,2023,2023:2007,2023,13431,679703,0.0,377.0,True,False,-43.0,1,2023-09-09 06:43:00,-2.40779,105.38028,0,0,0,0
102.83035,-1.19095,2023-09-09 13:00:00,NASA,NOAA20,Verified No fire,JAMBI SMF,2008,2023,2023:2008,2023,13432,679960,0.0,376.0,True,False,-44.0,1,2023-09-09 06:44:00,-1.19095,102.83035,0,0,0,0
102.83003235,-1.19116378,2023-09-09 13:00:00,LAPAN,NOAA20,Verified No fire,JAMBI SMF,2009,2023,2023:2009,2023,13433,679960,0.042568958544770504,376.0,True,False,-44.0,1,2023-09-09 06:44:00,-1.19095,102.83035,0,0,0,0
103.07378387,-2.47033644,2023-09-09 13:00:00,LAPAN,NOAA20,Verified No fire,SUMSEL MUBA,2011,2023,2023:2011,2023,13435,679697,0.0425746202917817,377.0,True,False,-43.0,1,2023-09-09 06:43:00,-2.47012,103.0741,0,0,0,0
103.0741,-2.47012,2023-09-09 13:00:00,NASA,NOAA20,Verified No fire,SUMSEL MUBA,2012,2023,2023:2012,2023,13436,679697,0.0,377.0,True,False,-43.0,1,2023-09-09 06:43:00,-2.47012,103.0741,0,0,0,0
102.78131,-1.23226,2023-09-09 13:00:00,NASA,NOAA20,Verified No fire,JAMBI SMF,2014,2023,2023:2014,2023,13438,679958,0.0,376.0,True,False,-44.0,1,2023-09-09 06:44:00,-1.23226,102.78131,0,0,0,0
103.45817,-2.22724,2023-09-09 13:00:00,NASA,NOAA20,Verified No fire,SUMSEL MUBA,2016,2023,2023:2016,2023,13440,679682,0.0,377.0,True,False,-43.0,1,2023-09-09 06:43:00,-2.22724,103.45817,0,0,0,1
103.45793152,-2.22733331,2023-09-09 13:00:00,LAPAN,NOAA20,Verified No fire,SUMSEL MUBA,2018,2023,2023:2018,2023,13442,679682,0.028456723473027676,377.0,True,False,-43.0,1,2023-09-09 06:43:00,-2.22724,103.45817,0,0,0,1
105.37996674,-2.40779424,2023-09-09 13:00:00,LAPAN,NOAA20,Fire inside Sitrep,SUMSEL,2019,2023,2023:2019,2023,13443,679703,0.03480541104999023,377.0,True,False,-43.0,1,2023-09-09 06:43:00,-2.40779,105.38028,0,0,0,0
103.56062,-2.11,2023-09-09 13:00:00,NASA,NOAA20,Verified No fire,SUMSEL MUBA,2021,2023,2023:2021,2023,13445,679938,0.0,376.0,True,False,-44.0,1,2023-09-09 06:44:00,-2.11,103.56062,0,0,0,0
102.78108978,-1.23237371,2023-09-09 13:00:00,LAPAN,NOAA20,Verified No fire,JAMBI SMF,2022,2023,2023:2022,2023,13446,679958,0.0275540380405388,376.0,True,False,-44.0,1,2023-09-09 06:44:00,-1.23226,102.78131,0,0,0,0
103.3807,-1.20305,2023-09-10 01:00:00,NASA,SNPP,Verified No fire,JAMBI SMF,2024,2023,2023:2024,2023,13448,1366752,0.00497257594214413,385.0,True,False,-35.0,1,2023-09-09 18:35:00,-1.20309,103.38072,0,0,0,2
103.38143158,-1.20293093,2023-09-10 01:00:00,LAPAN,SNPP,Verified No fire,JAMBI SMF,2025,2023,2023:2025,2023,13449,1366752,0.0810600824676752,385.0,True,False,-35.0,1,2023-09-09 18:35:00,-1.20309,103.38072,0,0,0,2
103.36220551,-1.02337897,2023-09-10 01:00:00,LAPAN,SNPP,Verified No fire,JAMBI SMF,2026,2023,2023:2026,2023,13450,1366757,0.0593693157383903,385.0,True,False,-35.0,1,2023-09-09 18:35:00,-1.02307,103.36177,0,0,0,0
103.36172,-1.02303,2023-09-10 01:00:00,NASA,SNPP,Verified No fire,JAMBI SMF,2027,2023,2023:2027,2023,13451,1366757,0.007119267100374319,385.0,True,False,-35.0,1,2023-09-09 18:35:00,-1.02307,103.36177,0,0,0,0
105.61284,-3.57175,2023-09-10 12:00:00,NASA,SNPP,Fire inside Sitrep,SUMSEL,2028,2023,2023:2028,2023,13452,1367299,0.03613321335113837,386.0,True,False,-34.0,1,2023-09-10 05:34:00,-3.57198,105.61307,0,0,3,4
105.32937,-2.41986,2023-09-10 12:00:00,NASA,SNPP,Fire inside Sitrep,SUMSEL,2029,2023,2023:2029,2023,13453,1368095,0.009559715063808651,385.0,True,False,-35.0,1,2023-09-10 05:35:00,-2.41991,105.3293,0,0,2,2
103.94138,-2.15259,2023-09-11 13:00:00,NASA,SNPP,Verified No fire,SUMSEL MUBA,2064,2023,2023:2064,2023,13488,1369133,0.006666996851129895,364.0,True,False,-56.0,1,2023-09-11 06:56:00,-2.15259,103.94144,0,0,0,0
105.3956,-2.42052,2023-09-11 13:00:00,NASA,NOAA20,Verified No fire,SUMSEL,2076,2023,2023:2076,2023,13500,682839,0.0,414.0,True,False,-6.0,1,2023-09-11 06:06:00,-2.42052,105.3956,0,0,0,0
105.38074,-2.44286,2023-09-12 00:00:00,NASA,SNPP,Fire inside Sitrep,SUMSEL,2092,2023,2023:2092,2023,13516,1369463,0.016414404620572854,362.0,True,False,-58.0,1,2023-09-11 17:58:00,-2.44273,105.38081,0,0,0,0
105.59271,-3.56455,2023-09-12 00:00:00,NASA,SNPP,Fire inside Sitrep,SUMSEL,2094,2023,2023:2094,2023,13518,1369420,0.014062470117126014,362.0,True,False,-58.0,1,2023-09-11 17:58:00,-3.56443,105.59267,0,0,2,12
103.06664276,-2.27921438,2023-09-12 13:00:00,LAPAN,SNPP,Verified No fire,SUMSEL MUBA,2106,2023,2023:2106,2023,13530,1370532,0.08138698994652756,383.0,True,False,-37.0,1,2023-09-12 06:37:00,-2.27899,103.06734,0,0,0,0
105.51189,-3.68194,2023-09-12 13:00:00,NASA,SNPP,Fire inside Sitrep,SUMSEL,2110,2023,2023:2110,2023,13534,1370389,0.006480191815683051,383.0,True,False,-37.0,1,2023-09-12 06:37:00,-3.68189,105.51192,0,0,0,0
103.36025,-2.52829,2023-09-12 13:00:00,NASA,SNPP,Verified No fire,SUMSEL MUBA,2111,2023,2023:2111,2023,13535,1370537,0.004968922947764761,383.0,True,False,-37.0,1,2023-09-12 06:37:00,-2.52831,103.36029,0,0,0,0
103.06736,-2.27897,2023-09-12 13:00:00,NASA,SNPP,Verified No fire,SUMSEL MUBA,2112,2023,2023:2112,2023,13536,1370532,0.003143828260173995,383.0,True,False,-37.0,1,2023-09-12 06:37:00,-2.27899,103.06734,0,0,0,0
103.35967255,-2.52813005,2023-09-12 13:00:00,LAPAN,SNPP,Verified No fire,SUMSEL MUBA,2115,2023,2023:2115,2023,13539,1370537,0.07144962482730696,383.0,True,False,-37.0,1,2023-09-12 06:37:00,-2.52831,103.36029,0,0,0,0
105.51126862,-3.68179774,2023-09-12 13:00:00,LAPAN,SNPP,Verified Fire,SUMSEL,2116,2023,2023:2116,2023,13540,1370389,0.07300515011048576,383.0,True,False,-37.0,1,2023-09-12 06:37:00,-3.68189,105.51192,0,0,0,0
103.38255,-2.53512,2023-09-13 01:00:00,NASA,NOAA20,Verified No fire,SUMSEL MUBA,2117,2023,2023:2117,2023,13541,684027,0.0,391.0,True,False,-29.0,1,2023-09-12 18:29:00,-2.53512,103.38255,0,0,0,0
103.22689819,-2.56451845,2023-09-13 01:00:00,LAPAN,NOAA20,Verified No fire,SUMSEL MUBA,2118,2023,2023:2118,2023,13542,684026,0.04814820232580393,391.0,True,False,-29.0,1,2023-09-12 18:29:00,-2.56473,103.22652,0,0,0,0
103.22652,-2.56473,2023-09-13 01:00:00,NASA,NOAA20,Verified No fire,SUMSEL MUBA,2119,2023,2023:2119,2023,13543,684026,0.0,391.0,True,False,-29.0,1,2023-09-12 18:29:00,-2.56473,103.22652,0,0,0,0
102.83451,-1.16767,2023-09-13 01:00:00,NASA,NOAA20,Verified No fire,JAMBI SMF,2120,2023,2023:2120,2023,13544,684062,0.0,391.0,True,False,-29.0,1,2023-09-12 18:29:00,-1.16767,102.83451,0,0,0,0
102.83487701,-1.16748846,2023-09-13 01:00:00,LAPAN,NOAA20,Verified No fire,JAMBI SMF,2121,2023,2023:2121,2023,13545,684062,0.04552174816123935,391.0,True,False,-29.0,1,2023-09-12 18:29:00,-1.16767,102.83451,0,0,0,0
103.37238,-1.18892,2023-09-13 13:00:00,NASA,SNPP,Verified No fire,JAMBI SMF,2125,2023,2023:2125,2023,13549,1372229,0.007458871618079976,401.0,True,False,-19.0,1,2023-09-13 06:19:00,-1.18886,103.37241,0,0,0,2
103.43920898,-2.20730877,2023-09-13 13:00:00,LAPAN,SNPP,Verified No fire,SUMSEL MUBA,2127,2023,2023:2127,2023,13551,1372292,0.08999866937318535,401.0,True,False,-19.0,1,2023-09-13 06:19:00,-2.20694,103.43993,0,0,0,0
105.38352966,-2.54324698,2023-09-13 13:00:00,LAPAN,SNPP,Verified No fire,SUMSEL,2128,2023,2023:2128,2023,13552,1371836,0.08781892450416943,402.0,True,False,-18.0,1,2023-09-13 06:18:00,-2.54297,105.38427,0,0,0,0
103.37175751,-1.18883276,2023-09-13 13:00:00,LAPAN,SNPP,Verified No fire,JAMBI SMF,2130,2023,2023:2130,2023,13554,1372229,0.0726012721975449,401.0,True,False,-19.0,1,2023-09-13 06:19:00,-1.18886,103.37241,0,0,0,2
105.38422,-2.54294,2023-09-13 13:00:00,NASA,SNPP,Verified No fire,SUMSEL,2134,2023,2023:2134,2023,13558,1371836,0.006479037451574503,402.0,True,False,-18.0,1,2023-09-13 06:18:00,-2.54297,105.38427,0,0,0,0
103.43994,-2.20694,2023-09-13 13:00:00,NASA,SNPP,Verified No fire,SUMSEL MUBA,2138,2023,2023:2138,2023,13562,1372292,0.0011111260235645588,401.0,True,False,-19.0,1,2023-09-13 06:19:00,-2.20694,103.43993,0,0,0,0
103.4399,-2.29582,2023-09-13 14:00:00,NASA,NOAA20,Verified No fire,SUMSEL MUBA,2139,2023,2023:2139,2023,13563,685546,0.0,411.0,True,False,-9.0,1,2023-09-13 07:09:00,-2.29582,103.4399,0,0,0,0
105.62122,-3.47086,2023-09-13 14:00:00,NASA,NOAA20,Fire inside Sitrep,SUMSEL,2140,2023,2023:2140,2023,13564,685333,0.0,412.0,True,False,-8.0,1,2023-09-13 07:08:00,-3.47086,105.62122,0,0,2,2
102.83322,-1.13008,2023-09-13 14:00:00,NASA,NOAA20,Verified No fire,JAMBI SMF,2141,2023,2023:2141,2023,13565,685509,0.0,411.0,True,False,-9.0,1,2023-09-13 07:09:00,-1.13008,102.83322,0,0,0,0
105.50965,-3.68544,2023-09-13 14:00:00,NASA,NOAA20,Verified Fire,SUMSEL,2142,2023,2023:2142,2023,13566,685342,0.0,412.0,True,False,-8.0,1,2023-09-13 07:08:00,-3.68544,105.50965,0,0,0,0
105.76117,-3.30225,2023-09-13 14:00:00,NASA,NOAA20,Verified Fire,SUMSEL,2143,2023,2023:2143,2023,13567,685323,0.0,412.0,True,False,-8.0,1,2023-09-13 07:08:00,-3.30225,105.76117,0,0,0,0
103.46738,-2.29679,2023-09-13 14:00:00,NASA,NOAA20,Verified No fire,SUMSEL MUBA,2147,2023,2023:2147,2023,13571,685545,0.0,411.0,True,False,-9.0,1,2023-09-13 07:09:00,-2.29679,103.46738,0,0,0,0
105.67292,-3.47459,2023-09-13 14:00:00,NASA,NOAA20,Verified Fire,SUMSEL,2148,2023,2023:2148,2023,13572,685334,0.0,412.0,True,False,-8.0,1,2023-09-13 07:08:00,-3.47459,105.67292,0,0,0,0
103.24213,-1.06064,2023-09-14 01:00:00,NASA,NOAA20,Verified No fire,JAMBI SMF,2152,2023,2023:2152,2023,13576,685938,0.0,410.0,True,False,-10.0,1,2023-09-13 18:10:00,-1.06064,103.24213,0,0,0,0
103.36213,-1.02185,2023-09-14 01:00:00,NASA,NOAA20,Verified No fire,JAMBI SMF,2157,2023,2023:2157,2023,13581,685814,0.0,410.0,True,False,-10.0,1,2023-09-13 18:10:00,-1.02185,103.36213,0,0,1,2
105.38713837,-3.70432758,2023-09-14 01:00:00,LAPAN,NOAA20,Verified Fire,SUMSEL,2158,2023,2023:2158,2023,13582,685915,0.03109835492296575,410.0,True,False,-10.0,1,2023-09-13 18:10:00,-3.70436,105.38686,0,0,0,2
105.38686,-3.70436,2023-09-14 01:00:00,NASA,NOAA20,Fire inside Sitrep,SUMSEL,2159,2023,2023:2159,2023,13583,685915,0.0,410.0,True,False,-10.0,1,2023-09-13 18:10:00,-3.70436,105.38686,0,0,0,2
103.36225,-1.02559,2023-09-14 02:00:00,NASA,SNPP,Verified No fire,JAMBI SMF,2160,2023,2023:2160,2023,13584,1372591,0.015920600639812228,420.0,True,False,0.0,1,2023-09-13 19:00:00,-1.02573,103.36222,0,0,1,3
105.21117401,-3.08439422,2023-09-14 13:00:00,LAPAN,NOAA20,Fire inside Sitrep,SUMSEL,2197,2023,2023:2197,2023,13621,686674,0.04849451228672744,371.0,True,False,-49.0,1,2023-09-14 06:49:00,-3.08442,105.21161,0,0,0,5
102.85314178,-1.20869064,2023-09-14 13:00:00,LAPAN,NOAA20,Verified No fire,JAMBI SMF,2202,2023,2023:2202,2023,13626,686910,0.05188850725136301,370.0,True,False,-50.0,1,2023-09-14 06:50:00,-1.20853,102.85358,0,0,0,0
105.38077,-2.40812,2023-09-14 13:00:00,NASA,NOAA20,Verified No fire,SUMSEL,2203,2023,2023:2203,2023,13627,686972,0.0,370.0,True,False,-50.0,1,2023-09-14 06:50:00,-2.40812,105.38077,0,0,0,0
105.38030243,-2.40807581,2023-09-14 13:00:00,LAPAN,NOAA20,Verified No fire,SUMSEL,2204,2023,2023:2204,2023,13628,686972,0.0521774549180775,370.0,True,False,-50.0,1,2023-09-14 06:50:00,-2.40812,105.38077,0,0,0,0
103.34354401,-2.53403234,2023-09-14 13:00:00,LAPAN,NOAA20,Verified No fire,SUMSEL MUBA,2209,2023,2023:2209,2023,13633,686967,0.03541649287906914,370.0,True,False,-50.0,1,2023-09-14 06:50:00,-2.53399,103.34386,0,0,0,0
103.34386,-2.53399,2023-09-14 13:00:00,NASA,NOAA20,Verified No fire,SUMSEL MUBA,2212,2023,2023:2212,2023,13636,686967,0.0,370.0,True,False,-50.0,1,2023-09-14 06:50:00,-2.53399,103.34386,0,0,0,0
102.85358,-1.20853,2023-09-14 13:00:00,NASA,NOAA20,Verified No fire,JAMBI SMF,2215,2023,2023:2215,2023,13639,686910,0.0,370.0,True,False,-50.0,1,2023-09-14 06:50:00,-1.20853,102.85358,0,0,0,0
105.21161,-3.08442,2023-09-14 13:00:00,NASA,NOAA20,Fire inside Sitrep,SUMSEL,2216,2023,2023:2216,2023,13640,686674,0.0,371.0,True,False,-49.0,1,2023-09-14 06:49:00,-3.08442,105.21161,0,0,0,5
103.35914,-1.02339,2023-09-15 00:00:00,NASA,NOAA20,Verified No fire,JAMBI SMF,2226,2023,2023:2226,2023,13650,687214,0.0,369.0,True,False,-51.0,1,2023-09-14 17:51:00,-1.02339,103.35914,0,0,1,3
105.58315277,-3.80825734,2023-09-15 01:00:00,LAPAN,SNPP,Verified Fire,SUMSEL,2229,2023,2023:2229,2023,13653,1373835,0.0761406651133249,378.0,True,False,-42.0,1,2023-09-14 18:42:00,-3.80793,105.58255,0,0,0,5
103.36285,-1.02311,2023-09-15 01:00:00,NASA,SNPP,Verified No fire,JAMBI SMF,2230,2023,2023:2230,2023,13654,1373781,0.012430069396670311,379.0,True,False,-41.0,1,2023-09-14 18:41:00,-1.02309,103.36274,0,0,1,3
103.48777771,-1.29829788,2023-09-15 01:00:00,LAPAN,SNPP,Verified No fire,JAMBI SMF,2231,2023,2023:2231,2023,13655,1373780,0.09391220888738586,379.0,True,False,-41.0,1,2023-09-14 18:41:00,-1.29851,103.48696,0,0,0,0
103.37113953,-1.18969858,2023-09-15 01:00:00,LAPAN,SNPP,Verified No fire,JAMBI SMF,2232,2023,2023:2232,2023,13656,1373778,0.0886430058010425,379.0,True,False,-41.0,1,2023-09-14 18:41:00,-1.18981,103.37035,0,0,0,3
103.37039,-1.18979,2023-09-15 01:00:00,NASA,SNPP,Verified No fire,JAMBI SMF,2233,2023,2023:2233,2023,13657,1373778,0.004971937457038605,379.0,True,False,-41.0,1,2023-09-14 18:41:00,-1.18981,103.37035,0,0,0,3
105.58253,-3.80797,2023-09-15 01:00:00,NASA,SNPP,Fire inside Sitrep,SUMSEL,2234,2023,2023:2234,2023,13658,1373835,0.004970601378622276,378.0,True,False,-42.0,1,2023-09-14 18:42:00,-3.80793,105.58255,0,0,0,5
103.39245,-2.56257,2023-09-15 01:00:00,NASA,SNPP,Verified No fire,SUMSEL MUBA,2235,2023,2023:2235,2023,13659,1373945,0.004007962465982633,378.0,True,False,-42.0,1,2023-09-14 18:42:00,-2.56254,103.39247,0,0,0,0
103.39323425,-2.56239557,2023-09-15 01:00:00,LAPAN,SNPP,Verified No fire,SUMSEL MUBA,2236,2023,2023:2236,2023,13660,1373945,0.08640155380998873,378.0,True,False,-42.0,1,2023-09-14 18:42:00,-2.56254,103.39247,0,0,0,0
103.487,-1.29848,2023-09-15 01:00:00,NASA,SNPP,Verified No fire,JAMBI SMF,2237,2023,2023:2237,2023,13661,1373780,0.005558840314042804,379.0,True,False,-41.0,1,2023-09-14 18:41:00,-1.29851,103.48696,0,0,0,0
105.272,-3.13001,2023-09-15 12:00:00,NASA,SNPP,Fire inside Sitrep,SUMSEL,2247,2023,2023:2247,2023,13671,1374914,0.018401153739891672,379.0,True,False,-41.0,1,2023-09-15 05:41:00,-3.12986,105.27207,0,0,6,8
103.42884,-2.29159,2023-09-15 13:00:00,NASA,NOAA20,Verified No fire,SUMSEL MUBA,2306,2023,2023:2306,2023,13730,688358,0.0,389.0,True,False,-31.0,1,2023-09-15 06:31:00,-2.29159,103.42884,0,0,0,0
103.42863464,-2.29184747,2023-09-15 13:00:00,LAPAN,NOAA20,Verified No fire,SUMSEL MUBA,2307,2023,2023:2307,2023,13731,688358,0.03660938173031002,389.0,True,False,-31.0,1,2023-09-15 06:31:00,-2.29159,103.42884,0,0,0,0
103.20245361,-2.54321742,2023-09-15 13:00:00,LAPAN,NOAA20,Verified No fire,SUMSEL MUBA,2309,2023,2023:2309,2023,13733,688351,0.03754813135633443,389.0,True,False,-31.0,1,2023-09-15 06:31:00,-2.54295,103.20266,0,0,0,0
105.62897491,-3.83327556,2023-09-15 13:00:00,LAPAN,NOAA20,Verified No fire,SUMSEL,2315,2023,2023:2315,2023,13739,688069,0.03169750075451016,390.0,True,False,-30.0,1,2023-09-15 06:30:00,-3.8331,105.6292,0,0,1,1
105.26872253,-2.81308246,2023-09-15 13:00:00,LAPAN,NOAA20,Fire inside Sitrep,SUMSEL,2316,2023,2023:2316,2023,13740,688280,0.03154315507654866,389.0,True,False,-31.0,1,2023-09-15 06:31:00,-2.8129,105.26894,0,0,0,0
105.62121582,-3.57434893,2023-09-15 13:00:00,LAPAN,NOAA20,Fire inside Sitrep,SUMSEL,2320,2023,2023:2320,2023,13744,688120,0.04678229307631826,390.0,True,False,-30.0,1,2023-09-15 06:30:00,-3.57408,105.62154,0,0,0,1
103.37349,-1.19058,2023-09-15 13:00:00,NASA,NOAA20,Verified No fire,JAMBI SMF,2322,2023,2023:2322,2023,13746,688435,0.0,389.0,True,False,-31.0,1,2023-09-15 06:31:00,-1.19058,103.37349,0,0,0,3
105.6292,-3.8331,2023-09-15 13:00:00,NASA,NOAA20,Verified No fire,SUMSEL,2325,2023,2023:2325,2023,13749,688069,0.0,390.0,True,False,-30.0,1,2023-09-15 06:30:00,-3.8331,105.6292,0,0,1,1
103.37327576,-1.19083095,2023-09-15 13:00:00,LAPAN,NOAA20,Verified No fire,JAMBI SMF,2340,2023,2023:2340,2023,13764,688435,0.036686770649010186,389.0,True,False,-31.0,1,2023-09-15 06:31:00,-1.19058,103.37349,0,0,0,3
103.47050476,-2.2888968,2023-09-15 13:00:00,LAPAN,NOAA20,Verified No fire,SUMSEL MUBA,2342,2023,2023:2342,2023,13766,688357,0.036542857857167994,389.0,True,False,-31.0,1,2023-09-15 06:31:00,-2.28864,103.47071,0,0,0,8
105.26894,-2.8129,2023-09-15 13:00:00,NASA,NOAA20,Verified Fire,SUMSEL,2345,2023,2023:2345,2023,13769,688280,0.0,389.0,True,False,-31.0,1,2023-09-15 06:31:00,-2.8129,105.26894,0,0,0,0
105.62154,-3.57408,2023-09-15 13:00:00,NASA,NOAA20,Fire inside Sitrep,SUMSEL,2352,2023,2023:2352,2023,13776,688120,0.0,390.0,True,False,-30.0,1,2023-09-15 06:30:00,-3.57408,105.62154,0,0,0,1
103.47071,-2.28864,2023-09-15 13:00:00,NASA,NOAA20,Verified No fire,SUMSEL MUBA,2360,2023,2023:2360,2023,13784,688357,0.0,389.0,True,False,-31.0,1,2023-09-15 06:31:00,-2.28864,103.47071,0,0,0,8
103.20266,-2.54295,2023-09-15 13:00:00,NASA,NOAA20,Verified No fire,SUMSEL MUBA,2364,2023,2023:2364,2023,13788,688351,0.0,389.0,True,False,-31.0,1,2023-09-15 06:31:00,-2.54295,103.20266,0,0,0,0
105.63287,-3.56092,2023-09-15 14:00:00,NASA,Aqua,Fire inside Sitrep,SUMSEL,2372,2023,2023:2372,2023,13796,114829,0.004003838481032887,419.0,True,False,-1.0,1,2023-09-15 07:01:00,-3.5609,105.6329,0,0,3,3
103.2615,-2.42443,2023-09-15 14:00:00,NASA,Aqua,Verified No fire,SUMSEL MUBA,2373,2023,2023:2373,2023,13797,114935,0.0077836556162788,419.0,True,False,-1.0,1,2023-09-15 07:01:00,-2.4245,103.2615,0,0,0,0
105.58174,-3.80994,2023-09-15 14:00:00,NASA,Aqua,Fire inside Sitrep,SUMSEL,2385,2023,2023:2385,2023,13809,114823,0.008012942739961847,419.0,True,False,-1.0,1,2023-09-15 07:01:00,-3.81,105.5817,0,0,4,7
105.37762,-3.69123,2023-09-16 00:00:00,NASA,NOAA20,Verified No fire,SUMSEL,2391,2023,2023:2391,2023,13815,689098,0.0,387.0,True,False,-33.0,1,2023-09-15 17:33:00,-3.69123,105.37762,0,0,1,5
103.79871,-2.10119,2023-09-16 01:00:00,NASA,SNPP,Verified No fire,SUMSEL MUBA,2393,2023,2023:2393,2023,13817,1375332,0.0033358524070189626,397.0,True,False,-23.0,1,2023-09-15 18:23:00,-2.10122,103.79871,0,0,0,0
103.27430725,-1.33058679,2023-09-16 01:00:00,LAPAN,SNPP,Verified No fire,JAMBI SMF,2394,2023,2023:2394,2023,13818,1375667,0.061582043258199354,397.0,True,False,-23.0,1,2023-09-15 18:23:00,-1.33026,103.27386,0,0,1,1
105.381,-3.69592,2023-09-16 01:00:00,NASA,SNPP,Verified Fire,SUMSEL,2397,2023,2023:2397,2023,13821,1375575,0.005552356331657046,397.0,True,False,-23.0,1,2023-09-15 18:23:00,-3.69595,105.38104,0,0,1,8
105.38173676,-3.69590378,2023-09-16 01:00:00,LAPAN,SNPP,Verified Fire,SUMSEL,2398,2023,2023:2398,2023,13822,1375575,0.07748577999715628,397.0,True,False,-23.0,1,2023-09-15 18:23:00,-3.69595,105.38104,0,0,1,8
105.28057098,-2.75372171,2023-09-16 01:00:00,LAPAN,SNPP,Verified No fire,SUMSEL,2399,2023,2023:2399,2023,13823,1375357,0.06375831863227072,397.0,True,False,-23.0,1,2023-09-15 18:23:00,-2.75338,105.28011,0,0,0,0
103.27378,-1.33021,2023-09-16 01:00:00,NASA,SNPP,Verified No fire,JAMBI SMF,2400,2023,2023:2400,2023,13824,1375667,0.010488089988736626,397.0,True,False,-23.0,1,2023-09-15 18:23:00,-1.33026,103.27386,0,0,1,1
103.36276,-1.02337,2023-09-16 01:00:00,NASA,SNPP,Verified No fire,JAMBI SMF,2401,2023,2023:2401,2023,13825,1375626,0.0024863182652629626,397.0,True,False,-23.0,1,2023-09-15 18:23:00,-1.02339,103.36275,0,0,0,1
103.36358643,-1.02338183,2023-09-16 01:00:00,LAPAN,SNPP,Verified No fire,JAMBI SMF,2402,2023,2023:2402,2023,13826,1375626,0.09299650269162432,397.0,True,False,-23.0,1,2023-09-15 18:23:00,-1.02339,103.36275,0,0,0,1
105.54095459,-2.71666145,2023-09-16 01:00:00,LAPAN,SNPP,Verified No fire,SUMSEL,2403,2023,2023:2403,2023,13827,1375356,0.08374568290492697,397.0,True,False,-23.0,1,2023-09-15 18:23:00,-2.71678,105.54021,0,0,0,0
103.49508667,-2.27707076,2023-09-16 01:00:00,LAPAN,SNPP,Verified No fire,SUMSEL MUBA,2404,2023,2023:2404,2023,13828,1375349,0.06880790356242386,397.0,True,False,-23.0,1,2023-09-15 18:23:00,-2.27678,103.49454,0,0,0,1
102.82692,-1.17315,2023-09-16 01:00:00,NASA,SNPP,Verified No fire,JAMBI SMF,2412,2023,2023:2412,2023,13836,1375656,0.0011117177239887168,397.0,True,False,-23.0,1,2023-09-15 18:23:00,-1.17315,102.82691,0,0,0,2
102.67774,-1.32582,2023-09-16 01:00:00,NASA,SNPP,Verified Fire,JAMBI SMF,2413,2023,2023:2413,2023,13837,1375668,0.010948997045610094,397.0,True,False,-23.0,1,2023-09-15 18:23:00,-1.32586,102.67783,0,0,0,1
105.62466431,-3.57197952,2023-09-16 01:00:00,LAPAN,SNPP,Fire inside Sitrep,SUMSEL,2414,2023,2023:2414,2023,13838,1375553,0.08101041807921662,397.0,True,False,-23.0,1,2023-09-15 18:23:00,-3.57207,105.62394,0,0,0,2
103.28545,-2.55466,2023-09-16 01:00:00,NASA,SNPP,Verified No fire,SUMSEL MUBA,2415,2023,2023:2415,2023,13839,1375360,0.004971807133023406,397.0,True,False,-23.0,1,2023-09-15 18:23:00,-2.55462,103.28543,0,0,0,0
105.28008,-2.7534,2023-09-16 01:00:00,NASA,SNPP,Verified No fire,SUMSEL,2418,2023,2023:2418,2023,13842,1375357,0.0040059919028952425,397.0,True,False,-23.0,1,2023-09-15 18:23:00,-2.75338,105.28011,0,0,0,0
105.54021,-2.71676,2023-09-16 01:00:00,NASA,SNPP,Verified No fire,SUMSEL,2419,2023,2023:2419,2023,13843,1375356,0.002223901604705876,397.0,True,False,-23.0,1,2023-09-15 18:23:00,-2.71678,105.54021,0,0,0,0
103.28625488,-2.55464244,2023-09-16 01:00:00,LAPAN,SNPP,Verified No fire,SUMSEL MUBA,2420,2023,2023:2420,2023,13844,1375360,0.09166540908183954,397.0,True,False,-23.0,1,2023-09-15 18:23:00,-2.55462,103.28543,0,0,0,0
102.67861176,-1.32587135,2023-09-16 01:00:00,LAPAN,SNPP,Verified Fire,JAMBI SMF,2421,2023,2023:2421,2023,13845,1375668,0.08691375595291705,397.0,True,False,-23.0,1,2023-09-15 18:23:00,-1.32586,102.67783,0,0,0,1
105.51031494,-3.68969345,2023-09-16 01:00:00,LAPAN,SNPP,Fire inside Sitrep,SUMSEL,2422,2023,2023:2422,2023,13846,1375571,0.05385501491722371,397.0,True,False,-23.0,1,2023-09-15 18:23:00,-3.6895,105.50987,0,0,0,3
105.50982,-3.68941,2023-09-16 01:00:00,NASA,SNPP,Fire inside Sitrep,SUMSEL,2423,2023,2023:2423,2023,13847,1375571,0.011442642706178799,397.0,True,False,-23.0,1,2023-09-15 18:23:00,-3.6895,105.50987,0,0,0,3
102.82778931,-1.17315829,2023-09-16 01:00:00,LAPAN,SNPP,Verified No fire,JAMBI SMF,2426,2023,2023:2426,2023,13850,1375656,0.0977587971726229,397.0,True,False,-23.0,1,2023-09-15 18:23:00,-1.17315,102.82691,0,0,0,2
105.62393,-3.57206,2023-09-16 01:00:00,NASA,SNPP,Fire inside Sitrep,SUMSEL,2429,2023,2023:2429,2023,13853,1375553,0.0015710091054606345,397.0,True,False,-23.0,1,2023-09-15 18:23:00,-3.57207,105.62394,0,0,0,2
103.49457,-2.27675,2023-09-16 01:00:00,NASA,SNPP,Verified No fire,SUMSEL MUBA,2432,2023,2023:2432,2023,13856,1375349,0.004715746013702557,397.0,True,False,-23.0,1,2023-09-15 18:23:00,-2.27678,103.49454,0,0,0,1
103.24026,-1.06295,2023-09-16 02:00:00,NASA,NOAA20,Verified No fire,JAMBI SMF,2436,2023,2023:2436,2023,13860,689264,0.0,407.0,True,False,-13.0,1,2023-09-15 19:13:00,-1.06295,103.24026,0,0,2,2
103.27159,-1.32901,2023-09-16 02:00:00,NASA,NOAA20,Verified No fire,JAMBI SMF,2438,2023,2023:2438,2023,13862,689250,0.0,407.0,True,False,-13.0,1,2023-09-15 19:13:00,-1.32901,103.27159,0,0,1,1
103.33759,-1.16733,2023-09-16 02:00:00,NASA,NOAA20,Verified No fire,JAMBI SMF,2440,2023,2023:2440,2023,13864,689254,0.0,407.0,True,False,-13.0,1,2023-09-15 19:13:00,-1.16733,103.33759,0,0,0,1
103.45143,-2.22212,2023-09-16 13:00:00,NASA,NOAA20,Verified No fire,SUMSEL MUBA,2445,2023,2023:2445,2023,13869,690188,0.0,408.0,True,False,-12.0,1,2023-09-16 06:12:00,-2.22212,103.45143,0,0,0,2
105.34417,-2.60302,2023-09-16 13:00:00,NASA,NOAA20,Verified No fire,SUMSEL,2447,2023,2023:2447,2023,13871,690226,0.0,408.0,True,False,-12.0,1,2023-09-16 06:12:00,-2.60302,105.34417,0,0,0,0
103.4353,-2.30345,2023-09-16 13:00:00,NASA,NOAA20,Verified No fire,SUMSEL MUBA,2451,2023,2023:2451,2023,13875,690194,0.0,408.0,True,False,-12.0,1,2023-09-16 06:12:00,-2.30345,103.4353,0,0,0,0
105.30467,-3.13581,2023-09-16 13:00:00,NASA,NOAA20,Fire inside Sitrep,SUMSEL,2454,2023,2023:2454,2023,13878,690292,0.0,408.0,True,False,-12.0,1,2023-09-16 06:12:00,-3.13581,105.30467,0,0,0,0
103.43476868,-2.30406642,2023-09-16 13:00:00,LAPAN,NOAA20,Verified No fire,SUMSEL MUBA,2465,2023,2023:2465,2023,13889,690194,0.09045966902127853,408.0,True,False,-12.0,1,2023-09-16 06:12:00,-2.30345,103.4353,0,0,0,0
102.82046,-1.14312,2023-09-16 13:00:00,NASA,NOAA20,Verified No fire,JAMBI SMF,2473,2023,2023:2473,2023,13897,690152,0.0,408.0,True,False,-12.0,1,2023-09-16 06:12:00,-1.14312,102.82046,0,0,0,0
102.67807007,-1.32439506,2023-09-16 13:00:00,LAPAN,NOAA20,Verified Fire,JAMBI SMF,2474,2023,2023:2474,2023,13898,690161,0.0971881886027387,408.0,True,False,-12.0,1,2023-09-16 06:12:00,-1.32375,102.67866,0,0,0,1
105.74920654,-3.30955219,2023-09-16 13:00:00,LAPAN,NOAA20,Verified Fire,SUMSEL,2485,2023,2023:2485,2023,13909,690367,0.05287919527996978,408.0,True,False,-12.0,1,2023-09-16 06:12:00,-3.30917,105.74949,0,0,0,0
103.45954132,-1.27352095,2023-09-16 13:00:00,LAPAN,NOAA20,Verified No fire,JAMBI SMF,2486,2023,2023:2486,2023,13910,690162,0.06860485584986852,408.0,True,False,-12.0,1,2023-09-16 06:12:00,-1.27305,103.45994,0,0,1,1
101.8829,-0.97127,2023-09-16 13:00:00,NASA,NOAA20,Verified No fire,JAMBI SMF,2491,2023,2023:2491,2023,13915,690114,0.0,408.0,True,False,-12.0,1,2023-09-16 06:12:00,-0.97127,101.8829,0,0,1,1
105.74949,-3.30917,2023-09-16 13:00:00,NASA,NOAA20,Verified Fire,SUMSEL,2493,2023,2023:2493,2023,13917,690367,0.0,408.0,True,False,-12.0,1,2023-09-16 06:12:00,-3.30917,105.74949,0,0,0,0
103.45994,-1.27305,2023-09-16 13:00:00,NASA,NOAA20,Verified No fire,JAMBI SMF,2498,2023,2023:2498,2023,13922,690162,0.0,408.0,True,False,-12.0,1,2023-09-16 06:12:00,-1.27305,103.45994,0,0,1,1
105.30426788,-3.13632846,2023-09-16 13:00:00,LAPAN,NOAA20,Fire inside Sitrep,SUMSEL,2500,2023,2023:2500,2023,13924,690292,0.07291695811891694,408.0,True,False,-12.0,1,2023-09-16 06:12:00,-3.13581,105.30467,0,0,0,0
102.82003021,-1.14361572,2023-09-16 13:00:00,LAPAN,NOAA20,Verified No fire,JAMBI SMF,2522,2023,2023:2522,2023,13946,690152,0.07294805865629869,408.0,True,False,-12.0,1,2023-09-16 06:12:00,-1.14312,102.82046,0,0,0,0
102.67866,-1.32375,2023-09-16 13:00:00,NASA,NOAA20,Verified Fire,JAMBI SMF,2529,2023,2023:2529,2023,13953,690161,0.0,408.0,True,False,-12.0,1,2023-09-16 06:12:00,-1.32375,102.67866,0,0,0,1
103.45102692,-2.22259402,2023-09-16 13:00:00,LAPAN,NOAA20,Verified No fire,SUMSEL MUBA,2534,2023,2023:2534,2023,13958,690188,0.06916692715073725,408.0,True,False,-12.0,1,2023-09-16 06:12:00,-2.22212,103.45143,0,0,0,2
105.5832,-3.55833,2023-09-16 14:00:00,NASA,SNPP,Fire inside Sitrep,SUMSEL,2542,2023,2023:2542,2023,13966,1376735,0.014497900439792037,418.0,True,False,-2.0,1,2023-09-16 07:02:00,-3.5582,105.58319,0,0,0,0
103.4603,-1.27033,2023-09-16 14:00:00,NASA,SNPP,Verified No fire,JAMBI SMF,2546,2023,2023:2546,2023,13970,1376966,0.01700555668053506,417.0,True,False,-3.0,1,2023-09-16 07:03:00,-1.27036,103.46045,0,0,1,1
102.02203,-1.07056,2023-09-16 14:00:00,NASA,SNPP,Verified Fire,JAMBI SMF,2547,2023,2023:2547,2023,13971,1376945,0.0035157447797071165,417.0,True,False,-3.0,1,2023-09-16 07:03:00,-1.07055,102.02206,0,0,0,0
102.78785,-1.24985,2023-09-16 14:00:00,NASA,SNPP,Verified No fire,JAMBI SMF,2548,2023,2023:2548,2023,13972,1376963,0.0059878418370687475,417.0,True,False,-3.0,1,2023-09-16 07:03:00,-1.2499,102.78783,0,0,2,2
101.88083,-0.96736,2023-09-16 14:00:00,NASA,SNPP,Verified No fire,JAMBI SMF,2560,2023,2023:2560,2023,13984,1377060,0.006763706625610673,417.0,True,False,-3.0,1,2023-09-16 07:03:00,-0.9673,101.88082,0,0,1,1
105.62356,-3.5699,2023-09-16 14:00:00,NASA,SNPP,Fire inside Sitrep,SUMSEL,2561,2023,2023:2561,2023,13985,1376713,0.02001905781462018,418.0,True,False,-2.0,1,2023-09-16 07:02:00,-3.5698,105.62341,0,0,0,1
103.99047,-1.74333,2023-09-17 01:00:00,NASA,NOAA20,Verified Fire,SUMSEL MUBA,2566,2023,2023:2566,2023,13990,690711,0.0,366.0,True,False,-54.0,1,2023-09-16 18:54:00,-1.74333,103.99047,0,0,0,0
103.34012,-1.16837,2023-09-17 01:00:00,NASA,SNPP,Verified No fire,JAMBI SMF,2567,2023,2023:2567,2023,13991,1377316,0.009500268303625072,416.0,True,False,-4.0,1,2023-09-16 18:04:00,-1.16845,103.34009,0,0,0,1
103.48605,-1.29709,2023-09-17 01:00:00,NASA,NOAA20,Verified No fire,JAMBI SMF,2568,2023,2023:2568,2023,13992,690709,0.0,366.0,True,False,-54.0,1,2023-09-16 18:54:00,-1.29709,103.48605,0,0,0,0
103.36071,-1.0233,2023-09-17 01:00:00,NASA,NOAA20,Verified No fire,JAMBI SMF,2570,2023,2023:2570,2023,13994,690895,0.0,366.0,True,False,-54.0,1,2023-09-16 18:54:00,-1.0233,103.36071,0,0,0,0
102.84515,-1.11659,2023-09-17 01:00:00,NASA,NOAA20,Verified No fire,JAMBI SMF,2571,2023,2023:2571,2023,13995,690927,0.0,366.0,True,False,-54.0,1,2023-09-16 18:54:00,-1.11659,102.84515,0,0,0,0
105.6123,-3.55678,2023-09-17 01:00:00,NASA,NOAA20,Fire inside Sitrep,SUMSEL,2573,2023,2023:2573,2023,13997,690867,0.0,366.0,True,False,-54.0,1,2023-09-16 18:54:00,-3.55678,105.6123,0,0,2,3
102.85844,-1.20992,2023-09-17 01:00:00,NASA,NOAA20,Verified No fire,JAMBI SMF,2580,2023,2023:2580,2023,14004,690710,0.0,366.0,True,False,-54.0,1,2023-09-16 18:54:00,-1.20992,102.85844,0,0,0,0
105.27328,-3.12074,2023-09-17 12:00:00,NASA,NOAA20,Fire inside Sitrep,SUMSEL,2588,2023,2023:2588,2023,14012,691828,0.0,367.0,True,False,-53.0,1,2023-09-17 05:53:00,-3.12074,105.27328,0,0,5,13
105.61494,-3.56141,2023-09-17 13:00:00,NASA,SNPP,Fire inside Sitrep,SUMSEL,2601,2023,2023:2601,2023,14025,1378209,0.026382981617996456,377.0,True,False,-43.0,1,2023-09-17 06:43:00,-3.56135,105.61517,0,0,0,3
105.22182,-3.07748,2023-09-17 13:00:00,NASA,Aqua,Verified Fire,SUMSEL,2616,2023,2023:2616,2023,14040,115503,0.07677764683351934,374.0,True,False,-46.0,1,2023-09-17 06:46:00,-3.0768,105.2217,0,0,0,0
105.39742,-3.23599,2023-09-17 13:00:00,NASA,SNPP,Fire inside Sitrep,SUMSEL,2623,2023,2023:2623,2023,14047,1378121,0.019390047698977737,377.0,True,False,-43.0,1,2023-09-17 06:43:00,-3.23595,105.39725,0,0,0,0
105.86659,-3.82205,2023-09-17 13:00:00,NASA,Aqua,Verified Fire,SUMSEL,2639,2023,2023:2639,2023,14063,115470,0.07296329493014077,374.0,True,False,-46.0,1,2023-09-17 06:46:00,-3.8214,105.8665,0,0,0,0
105.396698,-3.23578787,2023-09-17 13:00:00,LAPAN,SNPP,Verified Fire,SUMSEL,2646,2023,2023:2646,2023,14070,1378121,0.06387857687757217,377.0,True,False,-43.0,1,2023-09-17 06:43:00,-3.23595,105.39725,0,0,0,0
105.73831,-3.67572,2023-09-18 00:00:00,NASA,SNPP,Fire inside Sitrep,SUMSEL,2660,2023,2023:2660,2023,14084,1378398,0.02122356798527792,375.0,True,False,-45.0,1,2023-09-17 17:45:00,-3.67558,105.73818,0,0,1,1
103.37962,-1.20389,2023-09-18 01:00:00,NASA,NOAA20,Verified No fire,JAMBI SMF,2664,2023,2023:2664,2023,14088,692020,0.0,385.0,True,False,-35.0,1,2023-09-17 18:35:00,-1.20389,103.37962,0,0,0,2
105.73937,-3.6744,2023-09-18 01:00:00,NASA,NOAA20,Verified Fire,SUMSEL,2665,2023,2023:2665,2023,14089,692013,0.0,385.0,True,False,-35.0,1,2023-09-17 18:35:00,-3.6744,105.73937,0,0,1,1
105.73981476,-3.67408681,2023-09-18 01:00:00,LAPAN,NOAA20,Verified No fire,SUMSEL,2666,2023,2023:2666,2023,14090,692013,0.06040330028064721,385.0,True,False,-35.0,1,2023-09-17 18:35:00,-3.6744,105.73937,0,0,1,1
103.37992859,-1.20367634,2023-09-18 01:00:00,LAPAN,NOAA20,Verified No fire,JAMBI SMF,2669,2023,2023:2669,2023,14093,692020,0.04172947876422615,385.0,True,False,-35.0,1,2023-09-17 18:35:00,-1.20389,103.37962,0,0,0,2
105.20808,-3.09435,2023-09-18 12:00:00,NASA,NOAA20,Fire inside Sitrep,SUMSEL,2671,2023,2023:2671,2023,14095,692880,0.0,386.0,True,False,-34.0,1,2023-09-18 05:34:00,-3.09435,105.20808,0,0,0,0
103.22488403,-2.56560516,2023-09-18 13:00:00,LAPAN,SNPP,Verified No fire,SUMSEL MUBA,2673,2023,2023:2673,2023,14097,1379325,0.0868135558714954,395.0,True,False,-25.0,1,2023-09-18 06:25:00,-2.56525,103.22558,0,0,0,1
103.22557,-2.56528,2023-09-18 13:00:00,NASA,SNPP,Verified No fire,SUMSEL MUBA,2674,2023,2023:2674,2023,14098,1379325,0.0035159449673303074,395.0,True,False,-25.0,1,2023-09-18 06:25:00,-2.56525,103.22558,0,0,0,1
105.43112,-3.32378,2023-09-18 13:00:00,NASA,SNPP,Fire inside Sitrep,SUMSEL,2675,2023,2023:2675,2023,14099,1379265,0.010244379800286436,396.0,True,False,-24.0,1,2023-09-18 06:24:00,-3.32371,105.43118,0,0,0,9
105.43042755,-3.32401967,2023-09-18 13:00:00,LAPAN,SNPP,Fire inside Sitrep,SUMSEL,2676,2023,2023:2676,2023,14100,1379265,0.09034716264083732,396.0,True,False,-24.0,1,2023-09-18 06:24:00,-3.32371,105.43118,0,0,0,9
105.6227,-3.91177,2023-09-19 01:00:00,NASA,NOAA20,Fire inside Sitrep,SUMSEL,2714,2023,2023:2714,2023,14138,693280,0.0,403.0,True,False,-17.0,1,2023-09-18 18:17:00,-3.91177,105.6227,0,0,0,0
105.34603119,-3.14771366,2023-09-19 01:00:00,LAPAN,NOAA20,Fire inside Sitrep,SUMSEL,2716,2023,2023:2716,2023,14140,693125,0.05070811335340522,404.0,True,False,-16.0,1,2023-09-18 18:16:00,-3.14789,105.34561,0,0,0,0
105.34561,-3.14789,2023-09-19 01:00:00,NASA,NOAA20,Fire inside Sitrep,SUMSEL,2718,2023,2023:2718,2023,14142,693125,0.0,404.0,True,False,-16.0,1,2023-09-18 18:16:00,-3.14789,105.34561,0,0,0,0
105.62297058,-3.91163707,2023-09-19 01:00:00,LAPAN,NOAA20,Verified Fire,SUMSEL,2732,2023,2023:2732,2023,14156,693280,0.03345904068661142,403.0,True,False,-17.0,1,2023-09-18 18:17:00,-3.91177,105.6227,0,0,0,0
103.33874,-1.16684,2023-09-19 01:00:00,NASA,NOAA20,Verified No fire,JAMBI SMF,2733,2023,2023:2733,2023,14157,693146,0.0,404.0,True,False,-16.0,1,2023-09-18 18:16:00,-1.16684,103.33874,0,0,0,2
103.22604,-2.56579,2023-09-19 02:00:00,NASA,SNPP,Verified No fire,SUMSEL MUBA,2735,2023,2023:2735,2023,14159,1379575,0.011815062278480472,413.0,True,False,-7.0,1,2023-09-18 19:07:00,-2.56571,103.22597,0,0,0,2
105.28809357,-2.69450235,2023-09-19 13:00:00,LAPAN,NOAA20,Fire inside Sitrep,SUMSEL,2750,2023,2023:2750,2023,14174,694095,0.07121500155557949,364.0,True,False,-56.0,1,2023-09-19 06:56:00,-2.69458,105.28873,0,0,0,0
105.42178,-2.55193,2023-09-19 13:00:00,NASA,SNPP,Verified Fire,SUMSEL,2751,2023,2023:2751,2023,14175,1380329,0.004447803209288654,414.0,True,False,-6.0,1,2023-09-19 06:06:00,-2.55197,105.42178,0,0,0,0
105.28927,-2.75822,2023-09-19 13:00:00,NASA,SNPP,Verified No fire,SUMSEL,2752,2023,2023:2752,2023,14176,1380334,0.03266911559485793,414.0,True,False,-6.0,1,2023-09-19 06:06:00,-2.75831,105.28955,0,0,0,0
105.65512,-3.57623,2023-09-19 13:00:00,NASA,NOAA20,Fire inside Sitrep,SUMSEL,2756,2023,2023:2756,2023,14180,694062,0.0,365.0,True,False,-55.0,1,2023-09-19 06:55:00,-3.57623,105.65512,0,0,2,2
105.28873,-2.69458,2023-09-19 13:00:00,NASA,NOAA20,Verified Fire,SUMSEL,2758,2023,2023:2758,2023,14182,694095,0.0,364.0,True,False,-56.0,1,2023-09-19 06:56:00,-2.69458,105.28873,0,0,0,0
103.22753143,-2.56446457,2023-09-19 13:00:00,LAPAN,NOAA20,Verified No fire,SUMSEL MUBA,2760,2023,2023:2760,2023,14184,694071,0.04983141533047648,364.0,True,False,-56.0,1,2023-09-19 06:56:00,-2.56446,103.22798,0,0,0,2
103.22798,-2.56446,2023-09-19 13:00:00,NASA,NOAA20,Verified No fire,SUMSEL MUBA,2762,2023,2023:2762,2023,14186,694071,0.0,364.0,True,False,-56.0,1,2023-09-19 06:56:00,-2.56446,103.22798,0,0,0,2
105.63041,-3.49018,2023-09-19 13:00:00,NASA,SNPP,Fire inside Sitrep,SUMSEL,2770,2023,2023:2770,2023,14194,1380291,0.018895405273492455,414.0,True,False,-6.0,1,2023-09-19 06:06:00,-3.49003,105.63033,0,0,0,1
105.23267,-3.10741,2023-09-20 00:00:00,NASA,NOAA20,Fire inside Sitrep,SUMSEL,2785,2023,2023:2785,2023,14209,694316,0.0,362.0,True,False,-58.0,1,2023-09-19 17:58:00,-3.10741,105.23267,0,0,0,7
105.58818,-3.56451,2023-09-20 12:00:00,NASA,SNPP,Fire inside Sitrep,SUMSEL,2804,2023,2023:2804,2023,14228,1381864,0.06999691325452759,373.0,True,False,-47.0,1,2023-09-20 05:47:00,-3.56448,105.58755,0,0,0,0
105.43594,-2.55484,2023-09-20 12:00:00,NASA,SNPP,Verified No fire,SUMSEL,2805,2023,2023:2805,2023,14229,1381907,0.01053945522068038,373.0,True,False,-47.0,1,2023-09-20 05:47:00,-2.55481,105.43603,0,0,1,1
105.22289,-3.12809,2023-09-20 13:00:00,NASA,NOAA20,Fire inside Sitrep,SUMSEL,2808,2023,2023:2808,2023,14232,695425,0.0,383.0,True,False,-37.0,1,2023-09-20 06:37:00,-3.12809,105.22289,0,0,0,0
105.3555,-2.60495,2023-09-20 13:00:00,NASA,NOAA20,Verified No fire,SUMSEL,2814,2023,2023:2814,2023,14238,695315,0.0,383.0,True,False,-37.0,1,2023-09-20 06:37:00,-2.60495,105.3555,0,0,0,0
103.22874,-2.56446,2023-09-20 13:00:00,NASA,NOAA20,Verified No fire,SUMSEL MUBA,2815,2023,2023:2815,2023,14239,695323,0.0,383.0,True,False,-37.0,1,2023-09-20 06:37:00,-2.56446,103.22874,0,0,0,1
103.381,-1.2053,2023-09-20 13:00:00,NASA,NOAA20,Verified No fire,JAMBI SMF,2818,2023,2023:2818,2023,14242,695288,0.0,383.0,True,False,-37.0,1,2023-09-20 06:37:00,-1.2053,103.381,0,0,0,1
103.38076019,-1.20549226,2023-09-20 13:00:00,LAPAN,NOAA20,Verified No fire,JAMBI SMF,2819,2023,2023:2819,2023,14243,695288,0.034172781679575936,383.0,True,False,-37.0,1,2023-09-20 06:37:00,-1.2053,103.381,0,0,0,1
103.37137,-1.18956,2023-09-20 13:00:00,NASA,NOAA20,Verified No fire,JAMBI SMF,2820,2023,2023:2820,2023,14244,695289,0.0,383.0,True,False,-37.0,1,2023-09-20 06:37:00,-1.18956,103.37137,0,0,0,2
103.79906,-2.10145,2023-09-20 13:00:00,NASA,NOAA20,Verified No fire,SUMSEL MUBA,2831,2023,2023:2831,2023,14255,695335,0.0,383.0,True,False,-37.0,1,2023-09-20 06:37:00,-2.10145,103.79906,0,0,0,0
105.35518646,-2.60507178,2023-09-20 13:00:00,LAPAN,NOAA20,Verified No fire,SUMSEL,2839,2023,2023:2839,2023,14263,695315,0.03736793733731248,383.0,True,False,-37.0,1,2023-09-20 06:37:00,-2.60495,105.3555,0,0,0,0
105.34103394,-3.1534822,2023-09-20 13:00:00,LAPAN,NOAA20,Fire inside Sitrep,SUMSEL,2840,2023,2023:2840,2023,14264,695424,0.05291985784489613,383.0,True,False,-37.0,1,2023-09-20 06:37:00,-3.15325,105.34145,0,0,0,1
105.34145,-3.15325,2023-09-20 13:00:00,NASA,NOAA20,Fire inside Sitrep,SUMSEL,2842,2023,2023:2842,2023,14266,695424,0.0,383.0,True,False,-37.0,1,2023-09-20 06:37:00,-3.15325,105.34145,0,0,0,1
105.43625,-2.55561,2023-09-20 13:00:00,NASA,NOAA20,Verified No fire,SUMSEL,2844,2023,2023:2844,2023,14268,695316,0.0,383.0,True,False,-37.0,1,2023-09-20 06:37:00,-2.55561,105.43625,0,0,1,1
102.77669525,-0.95754099,2023-09-20 13:00:00,LAPAN,NOAA20,Verified No fire,JAMBI SMF,2847,2023,2023:2847,2023,14271,695293,0.05156633433042764,383.0,True,False,-37.0,1,2023-09-20 06:37:00,-0.95722,102.77703,0,0,0,0
105.43593597,-2.555722,2023-09-20 13:00:00,LAPAN,NOAA20,Verified No fire,SUMSEL,2850,2023,2023:2850,2023,14274,695316,0.03704027597422379,383.0,True,False,-37.0,1,2023-09-20 06:37:00,-2.55561,105.43625,0,0,1,1
102.77703,-0.95722,2023-09-20 13:00:00,NASA,NOAA20,Verified No fire,JAMBI SMF,2853,2023,2023:2853,2023,14277,695293,0.0,383.0,True,False,-37.0,1,2023-09-20 06:37:00,-0.95722,102.77703,0,0,0,0
103.37111664,-1.18974924,2023-09-20 13:00:00,LAPAN,NOAA20,Verified No fire,JAMBI SMF,2854,2023,2023:2854,2023,14278,695289,0.03515864599946378,383.0,True,False,-37.0,1,2023-09-20 06:37:00,-1.18956,103.37137,0,0,0,2
103.3802,-2.5359,2023-09-21 00:00:00,NASA,NOAA20,Verified No fire,SUMSEL MUBA,2867,2023,2023:2867,2023,14291,695676,0.0,381.0,True,False,-39.0,1,2023-09-20 17:39:00,-2.5359,103.3802,0,0,0,0
105.62903595,-3.49063635,2023-09-21 01:00:00,LAPAN,SNPP,Fire inside Sitrep,SUMSEL,2876,2023,2023:2876,2023,14300,1382225,0.08368460907421435,391.0,True,False,-29.0,1,2023-09-20 18:29:00,-3.4908,105.6283,0,0,0,0
102.890625,-1.04486096,2023-09-21 01:00:00,LAPAN,SNPP,Verified No fire,JAMBI SMF,2882,2023,2023:2882,2023,14306,1382266,0.08177857114355215,391.0,True,False,-29.0,1,2023-09-20 18:29:00,-1.04489,102.88989,0,0,0,0
105.62828,-3.49079,2023-09-21 01:00:00,NASA,SNPP,Fire inside Sitrep,SUMSEL,2889,2023,2023:2889,2023,14313,1382225,0.0024827076450138767,391.0,True,False,-29.0,1,2023-09-20 18:29:00,-3.4908,105.6283,0,0,0,0
102.88986,-1.04484,2023-09-21 01:00:00,NASA,SNPP,Verified No fire,JAMBI SMF,2894,2023,2023:2894,2023,14318,1382266,0.006483446275972059,391.0,True,False,-29.0,1,2023-09-20 18:29:00,-1.04489,102.88989,0,0,0,0
103.36846,-1.18981,2023-09-21 02:00:00,NASA,NOAA20,Verified No fire,JAMBI SMF,2897,2023,2023:2897,2023,14321,695797,0.0,401.0,True,False,-19.0,1,2023-09-20 19:19:00,-1.18981,103.36846,0,0,0,3
105.52379608,-3.70685458,2023-09-21 13:00:00,LAPAN,NOAA20,Fire inside Sitrep,SUMSEL,2903,2023,2023:2903,2023,14327,697335,0.06313562666137541,402.0,True,False,-18.0,1,2023-09-21 06:18:00,-3.70641,105.52415,0,0,0,0
105.52415,-3.70641,2023-09-21 13:00:00,NASA,NOAA20,Verified Fire,SUMSEL,2904,2023,2023:2904,2023,14328,697335,0.0,402.0,True,False,-18.0,1,2023-09-21 06:18:00,-3.70641,105.52415,0,0,0,0
105.23649,-3.10734,2023-09-21 14:00:00,NASA,SNPP,Fire inside Sitrep,SUMSEL,2909,2023,2023:2909,2023,14333,1384035,0.019985686904671424,412.0,True,False,-8.0,1,2023-09-21 07:08:00,-3.10734,105.23631,0,0,0,5
105.41953,-2.97654,2023-09-21 14:00:00,NASA,SNPP,Verified No fire,SUMSEL,2910,2023,2023:2910,2023,14334,1384016,0.015442425925426304,412.0,True,False,-8.0,1,2023-09-21 07:08:00,-2.97642,105.41946,0,0,0,16
105.23464966,-3.10798311,2023-09-22 01:00:00,LAPAN,SNPP,Fire inside Sitrep,SUMSEL,2911,2023,2023:2911,2023,14335,1384324,0.060612317087769305,410.0,True,False,-10.0,1,2023-09-21 18:10:00,-3.10766,105.23421,0,0,0,10
103.36172,-1.0234,2023-09-22 01:00:00,NASA,SNPP,Verified No fire,JAMBI SMF,2913,2023,2023:2913,2023,14337,1384210,0.01671363128126045,410.0,True,False,-10.0,1,2023-09-21 18:10:00,-1.02339,103.36157,0,0,0,0
105.41817474,-2.97742319,2023-09-22 01:00:00,LAPAN,SNPP,Fire inside Sitrep,SUMSEL,2917,2023,2023:2917,2023,14341,1384322,0.08631744468049315,410.0,True,False,-10.0,1,2023-09-21 18:10:00,-2.97736,105.4174,0,0,0,9
105.23409,-3.10762,2023-09-22 01:00:00,NASA,SNPP,Fire inside Sitrep,SUMSEL,2920,2023,2023:2920,2023,14344,1384324,0.014046574896252056,410.0,True,False,-10.0,1,2023-09-21 18:10:00,-3.10766,105.23421,0,0,0,10
103.24292,-1.06439,2023-09-22 01:00:00,NASA,SNPP,Verified No fire,JAMBI SMF,2922,2023,2023:2922,2023,14346,1384215,0.01671341437365115,410.0,True,False,-10.0,1,2023-09-21 18:10:00,-1.06438,103.24277,0,0,0,0
105.4173,-2.97737,2023-09-22 01:00:00,NASA,SNPP,Fire inside Sitrep,SUMSEL,2923,2023,2023:2923,2023,14347,1384322,0.011160031988088804,410.0,True,False,-10.0,1,2023-09-21 18:10:00,-2.97736,105.4174,0,0,0,9
105.61709,-3.08013,2023-09-22 12:00:00,NASA,NOAA20,Fire inside Sitrep,SUMSEL,2940,2023,2023:2940,2023,14364,700469,0.0,361.0,True,False,-59.0,1,2023-09-22 05:59:00,-3.08013,105.61709,0,0,1,1
105.86616,-3.86581,2023-09-22 12:00:00,NASA,NOAA20,Fire inside Sitrep,SUMSEL,2947,2023,2023:2947,2023,14371,700988,0.0,361.0,True,False,-59.0,1,2023-09-22 05:59:00,-3.86581,105.86616,0,0,1,1
105.61651611,-3.08068728,2023-09-22 12:00:00,LAPAN,NOAA20,Verified Fire,SUMSEL,2948,2023,2023:2948,2023,14372,700469,0.08888373472713165,361.0,True,False,-59.0,1,2023-09-22 05:59:00,-3.08013,105.61709,0,0,1,1
105.86559296,-3.86636949,2023-09-22 12:00:00,LAPAN,NOAA20,Verified Fire,SUMSEL,2961,2023,2023:2961,2023,14385,700988,0.08847535420561696,361.0,True,False,-59.0,1,2023-09-22 05:59:00,-3.86581,105.86616,0,0,1,1
103.99516,-2.03526,2023-09-22 13:00:00,NASA,Aqua,Verified No fire,SUMSEL MUBA,2981,2023,2023:2981,2023,14405,117086,0.05158246893887846,361.0,True,False,-59.0,1,2023-09-22 06:59:00,-2.0348,103.9951,0,0,0,0
105.61156,-3.07931,2023-09-22 13:00:00,NASA,SNPP,Fire inside Sitrep,SUMSEL,2985,2023,2023:2985,2023,14409,1386441,0.016955419942638942,370.0,True,False,-50.0,1,2023-09-22 06:50:00,-3.07939,105.61169,0,0,1,1
105.89011,-3.88885,2023-09-22 13:00:00,NASA,Aqua,Verified No fire,SUMSEL,3001,2023,2023:3001,2023,14425,117037,0.05150437405939275,362.0,True,False,-58.0,1,2023-09-22 06:58:00,-3.8884,105.89,0,0,0,0
105.52232,-3.70407,2023-09-22 13:00:00,NASA,SNPP,Fire inside Sitrep,SUMSEL,3010,2023,2023:3010,2023,14434,1386137,0.004584127799908927,371.0,True,False,-49.0,1,2023-09-22 06:49:00,-3.70403,105.52233,0,0,0,0
105.28289,-3.1133,2023-09-22 13:00:00,NASA,SNPP,Fire inside Sitrep,SUMSEL,3011,2023,2023:3011,2023,14435,1386447,0.016955025609095054,370.0,True,False,-50.0,1,2023-09-22 06:50:00,-3.11338,105.28302,0,0,0,0
105.86401,-3.86461,2023-09-22 13:00:00,NASA,SNPP,Fire inside Sitrep,SUMSEL,3024,2023,2023:3024,2023,14448,1386075,0.012409378071722463,371.0,True,False,-49.0,1,2023-09-22 06:49:00,-3.86456,105.86411,0,0,1,1
105.573,-3.44592,2023-09-22 13:00:00,NASA,Aqua,Fire inside Sitrep,SUMSEL,3034,2023,2023:3034,2023,14458,117073,0.05887712588270638,361.0,True,False,-59.0,1,2023-09-22 06:59:00,-3.4454,105.5729,0,0,2,2
105.52149963,-3.70390964,2023-09-22 13:00:00,LAPAN,SNPP,Fire inside Sitrep,SUMSEL,3036,2023,2023:3036,2023,14460,1386137,0.09310709304677714,371.0,True,False,-49.0,1,2023-09-22 06:49:00,-3.70403,105.52233,0,0,0,0
105.38215,-2.43771,2023-09-22 13:00:00,NASA,SNPP,Verified No fire,SUMSEL,3038,2023,2023:3038,2023,14462,1386391,0.022659701703432993,370.0,True,False,-50.0,1,2023-09-22 06:50:00,-2.43767,105.38235,0,0,0,1
105.42096,-2.9789,2023-09-22 13:00:00,NASA,SNPP,Fire inside Sitrep,SUMSEL,3039,2023,2023:3039,2023,14463,1386477,0.030715437666175557,370.0,True,False,-50.0,1,2023-09-22 06:50:00,-2.97896,105.42123,0,0,0,2
103.37204,-1.18893,2023-09-23 01:00:00,NASA,NOAA20,Verified No fire,JAMBI SMF,3054,2023,2023:3054,2023,14478,701488,0.0,379.0,True,False,-41.0,1,2023-09-22 18:41:00,-1.18893,103.37204,0,0,0,1
103.36096954,-1.02430964,2023-09-23 01:00:00,LAPAN,NOAA20,Verified No fire,JAMBI SMF,3055,2023,2023:3055,2023,14479,701486,0.07059575003675257,379.0,True,False,-41.0,1,2023-09-22 18:41:00,-1.02466,103.36044,0,0,0,0
103.22606659,-2.56293058,2023-09-23 01:00:00,LAPAN,NOAA20,Verified No fire,SUMSEL MUBA,3058,2023,2023:3058,2023,14482,701477,0.07084489878462745,379.0,True,False,-41.0,1,2023-09-22 18:41:00,-2.56329,103.22554,0,0,0,2
103.22554,-2.56329,2023-09-23 01:00:00,NASA,NOAA20,Verified No fire,SUMSEL MUBA,3059,2023,2023:3059,2023,14483,701477,0.0,379.0,True,False,-41.0,1,2023-09-22 18:41:00,-2.56329,103.22554,0,0,0,2
103.36044,-1.02466,2023-09-23 01:00:00,NASA,NOAA20,Verified No fire,JAMBI SMF,3060,2023,2023:3060,2023,14484,701486,0.0,379.0,True,False,-41.0,1,2023-09-22 18:41:00,-1.02466,103.36044,0,0,0,0
103.37243652,-1.18865621,2023-09-23 01:00:00,LAPAN,NOAA20,Verified No fire,JAMBI SMF,3061,2023,2023:3061,2023,14485,701488,0.053572653971526614,379.0,True,False,-41.0,1,2023-09-22 18:41:00,-1.18893,103.37204,0,0,0,1
105.68143,-3.97238,2023-09-23 12:00:00,NASA,NOAA20,Verified Fire,SUMSEL,3067,2023,2023:3067,2023,14491,702626,0.0,380.0,True,False,-40.0,1,2023-09-23 05:40:00,-3.97238,105.68143,0,0,0,0
105.56064,-3.43661,2023-09-23 13:00:00,NASA,SNPP,Fire inside Sitrep,SUMSEL,3068,2023,2023:3068,2023,14492,1388572,0.016649268208497645,389.0,True,False,-31.0,1,2023-09-23 06:31:00,-3.43661,105.56079,0,0,0,2
105.36042,-3.13234,2023-09-23 13:00:00,NASA,SNPP,Verified Fire,SUMSEL,3069,2023,2023:3069,2023,14493,1388771,0.0011119508023526648,389.0,True,False,-31.0,1,2023-09-23 06:31:00,-3.13233,105.36042,0,0,0,0
105.66165,-3.47309,2023-09-23 13:00:00,NASA,SNPP,Verified Fire,SUMSEL,3084,2023,2023:3084,2023,14508,1388556,0.01668572024539742,389.0,True,False,-31.0,1,2023-09-23 06:31:00,-3.47308,105.6618,0,0,0,1
103.48238,-2.29077,2023-09-23 14:00:00,NASA,NOAA20,Verified No fire,SUMSEL MUBA,3093,2023,2023:3093,2023,14517,703308,0.0,399.0,True,False,-21.0,1,2023-09-23 07:21:00,-2.29077,103.48238,0,0,2,2
103.79765,-2.1024,2023-09-24 01:00:00,NASA,NOAA20,Verified No fire,SUMSEL MUBA,3103,2023,2023:3103,2023,14527,703589,0.0,398.0,True,False,-22.0,1,2023-09-23 18:22:00,-2.1024,103.79765,0,0,0,0
103.382,-2.53513,2023-09-24 01:00:00,NASA,NOAA20,Verified No fire,SUMSEL MUBA,3109,2023,2023:3109,2023,14533,703908,0.0,397.0,True,False,-23.0,1,2023-09-23 18:23:00,-2.53513,103.382,0,0,0,1
105.44182587,-3.65466738,2023-09-24 01:00:00,LAPAN,NOAA20,Fire inside Sitrep,SUMSEL,3110,2023,2023:3110,2023,14534,703898,0.05802571293033452,397.0,True,False,-23.0,1,2023-09-23 18:23:00,-3.65494,105.44138,0,0,0,1
105.44138,-3.65494,2023-09-24 01:00:00,NASA,NOAA20,Verified Fire,SUMSEL,3127,2023,2023:3127,2023,14551,703898,0.0,397.0,True,False,-23.0,1,2023-09-23 18:23:00,-3.65494,105.44138,0,0,0,1
103.38055,-1.20241,2023-09-24 02:00:00,NASA,SNPP,Verified No fire,JAMBI SMF,3139,2023,2023:3139,2023,14563,1389756,0.004717088353499237,407.0,True,False,-13.0,1,2023-09-23 19:13:00,-1.20238,103.38052,0,0,0,0
105.35139,-3.12713,2023-09-24 13:00:00,NASA,SNPP,Fire inside Sitrep,SUMSEL,3143,2023,2023:3143,2023,14567,1391235,0.011810233988391995,408.0,True,False,-12.0,1,2023-09-24 06:12:00,-3.12706,105.35147,0,0,0,1
105.27836,-2.91837,2023-09-24 13:00:00,NASA,SNPP,Fire inside Sitrep,SUMSEL,3144,2023,2023:3144,2023,14568,1391276,0.005662788487060444,408.0,True,False,-12.0,1,2023-09-24 06:12:00,-2.91838,105.27831,0,0,0,7
105.27763367,-2.91876459,2023-09-24 13:00:00,LAPAN,SNPP,Fire inside Sitrep,SUMSEL,3145,2023,2023:3145,2023,14569,1391276,0.08642840069936553,408.0,True,False,-12.0,1,2023-09-24 06:12:00,-2.91838,105.27831,0,0,0,7
105.25423,-2.97692,2023-09-24 13:00:00,NASA,SNPP,Verified Fire,SUMSEL,3149,2023,2023:3149,2023,14573,1391265,0.004447803209302652,408.0,True,False,-12.0,1,2023-09-24 06:12:00,-2.97688,105.25423,0,0,0,0
105.37592,-3.14238,2023-09-24 13:00:00,NASA,SNPP,Fire inside Sitrep,SUMSEL,3150,2023,2023:3150,2023,14574,1391234,0.012015069848177679,408.0,True,False,-12.0,1,2023-09-24 06:12:00,-3.14232,105.37601,0,0,0,0
105.18026,-3.09917,2023-09-24 13:00:00,NASA,SNPP,Fire inside Sitrep,SUMSEL,3151,2023,2023:3151,2023,14575,1391244,0.012953521014160573,408.0,True,False,-12.0,1,2023-09-24 06:12:00,-3.09911,105.18036,0,0,0,0
105.2536087,-2.97685933,2023-09-24 13:00:00,LAPAN,SNPP,Fire inside Sitrep,SUMSEL,3153,2023,2023:3153,2023,14577,1391265,0.06903055185208348,408.0,True,False,-12.0,1,2023-09-24 06:12:00,-2.97688,105.25423,0,0,0,0
105.65675354,-3.47246408,2023-09-24 13:00:00,LAPAN,SNPP,Fire inside Sitrep,SUMSEL,3154,2023,2023:3154,2023,14578,1391120,0.09079478693503848,408.0,True,False,-12.0,1,2023-09-24 06:12:00,-3.47207,105.65747,0,0,3,6
105.65746,-3.47204,2023-09-24 13:00:00,NASA,SNPP,Fire inside Sitrep,SUMSEL,3158,2023,2023:3158,2023,14582,1391120,0.0035156522825435937,408.0,True,False,-12.0,1,2023-09-24 06:12:00,-3.47207,105.65747,0,0,3,6
105.24027,-3.10563,2023-09-24 13:00:00,NASA,SNPP,Fire inside Sitrep,SUMSEL,3167,2023,2023:3167,2023,14591,1391243,0.012015360774788503,408.0,True,False,-12.0,1,2023-09-24 06:12:00,-3.10557,105.24036,0,0,0,29
105.44312,-3.65477,2023-09-24 14:00:00,NASA,NOAA20,Verified No fire,SUMSEL,3169,2023,2023:3169,2023,14593,705851,0.0,418.0,True,False,-2.0,1,2023-09-24 07:02:00,-3.65477,105.44312,0,0,0,1
103.38076,-2.53632,2023-09-25 01:00:00,NASA,NOAA20,Verified No fire,SUMSEL MUBA,3182,2023,2023:3182,2023,14606,706507,0.0,416.0,True,False,-4.0,1,2023-09-24 18:04:00,-2.53632,103.38076,0,0,0,1
103.22746,-2.56213,2023-09-25 01:00:00,NASA,SNPP,Verified No fire,SUMSEL MUBA,3186,2023,2023:3186,2023,14610,1392382,0.007862522398312335,366.0,True,False,-54.0,1,2023-09-24 18:54:00,-2.5622,103.22745,0,0,0,4
105.45461,-3.70668,2023-09-25 01:00:00,NASA,NOAA20,Fire inside Sitrep,SUMSEL,3188,2023,2023:3188,2023,14612,706446,0.0,416.0,True,False,-4.0,1,2023-09-24 18:04:00,-3.70668,105.45461,0,0,0,3
105.3097,-3.13896,2023-09-25 12:00:00,NASA,SNPP,Fire inside Sitrep,SUMSEL,3208,2023,2023:3208,2023,14632,1394853,0.005556752483475698,367.0,True,False,-53.0,1,2023-09-25 05:53:00,-3.139,105.30967,0,0,1,1
103.37246,-1.18802,2023-09-25 12:00:00,NASA,SNPP,Verified No fire,JAMBI SMF,3225,2023,2023:3225,2023,14649,1395606,0.02448816536608364,366.0,True,False,-54.0,1,2023-09-25 05:54:00,-1.18824,103.37245,0,0,0,2
105.4297,-3.31969,2023-09-25 12:00:00,NASA,SNPP,Fire inside Sitrep,SUMSEL,3258,2023,2023:3258,2023,14682,1394726,0.01337711451836862,367.0,True,False,-53.0,1,2023-09-25 05:53:00,-3.31961,105.42961,0,0,4,4
105.37181,-3.26245,2023-09-25 12:00:00,NASA,SNPP,Fire inside Sitrep,SUMSEL,3277,2023,2023:3277,2023,14701,1394777,0.017797150041581215,367.0,True,False,-53.0,1,2023-09-25 05:53:00,-3.26244,105.37165,0,0,0,0
105.30880737,-3.13899589,2023-09-25 12:00:00,LAPAN,SNPP,Fire inside Sitrep,SUMSEL,3279,2023,2023:3279,2023,14703,1394853,0.09577738666458899,367.0,True,False,-53.0,1,2023-09-25 05:53:00,-3.139,105.30967,0,0,1,1
105.35038757,-3.13294578,2023-09-25 12:00:00,LAPAN,SNPP,Fire inside Sitrep,SUMSEL,3300,2023,2023:3300,2023,14724,1394852,0.09575579438132319,367.0,True,False,-53.0,1,2023-09-25 05:53:00,-3.13295,105.35125,0,0,1,2
105.35128,-3.13291,2023-09-25 12:00:00,NASA,SNPP,Fire inside Sitrep,SUMSEL,3304,2023,2023:3304,2023,14728,1394852,0.0055567640339000395,367.0,True,False,-53.0,1,2023-09-25 05:53:00,-3.13295,105.35125,0,0,1,2
105.42880249,-3.31973982,2023-09-25 12:00:00,LAPAN,SNPP,Fire inside Sitrep,SUMSEL,3306,2023,2023:3306,2023,14730,1394726,0.0907953349828882,367.0,True,False,-53.0,1,2023-09-25 05:53:00,-3.31961,105.42961,0,0,4,4
105.30961,-3.13658,2023-09-25 13:00:00,NASA,NOAA20,Fire inside Sitrep,SUMSEL,3321,2023,2023:3321,2023,14745,708876,0.0,377.0,True,False,-43.0,1,2023-09-25 06:43:00,-3.13658,105.30961,0,0,1,1
105.34853,-3.13052,2023-09-25 13:00:00,NASA,NOAA20,Fire inside Sitrep,SUMSEL,3322,2023,2023:3322,2023,14746,708877,0.0,377.0,True,False,-43.0,1,2023-09-25 06:43:00,-3.13052,105.34853,0,0,1,3
105.45544,-3.70834,2023-09-25 13:00:00,NASA,NOAA20,Fire inside Sitrep,SUMSEL,3330,2023,2023:3330,2023,14754,709023,0.0,377.0,True,False,-43.0,1,2023-09-25 06:43:00,-3.70834,105.45544,0,0,2,3
103.02618408,-2.29205728,2023-09-25 13:00:00,LAPAN,NOAA20,Verified No fire,SUMSEL MUBA,3332,2023,2023:3332,2023,14756,708539,0.038746334851525,377.0,True,False,-43.0,1,2023-09-25 06:43:00,-2.29189,103.02649,0,0,0,0
103.22525024,-2.56569457,2023-09-25 13:00:00,LAPAN,NOAA20,Verified No fire,SUMSEL MUBA,3333,2023,2023:3333,2023,14757,708589,0.05513333043355364,377.0,True,False,-43.0,1,2023-09-25 06:43:00,-2.56543,103.22567,0,0,0,3
105.36555,-3.14381,2023-09-25 13:00:00,NASA,NOAA20,Fire inside Sitrep,SUMSEL,3337,2023,2023:3337,2023,14761,708883,0.0,377.0,True,False,-43.0,1,2023-09-25 06:43:00,-3.14381,105.36555,0,0,0,1
103.08075714,-2.46873689,2023-09-25 13:00:00,LAPAN,NOAA20,Verified No fire,SUMSEL MUBA,3341,2023,2023:3341,2023,14765,708551,0.03842369752435518,377.0,True,False,-43.0,1,2023-09-25 06:43:00,-2.46857,103.08106,0,0,0,0
103.02649,-2.29189,2023-09-25 13:00:00,NASA,NOAA20,Verified No fire,SUMSEL MUBA,3342,2023,2023:3342,2023,14766,708539,0.0,377.0,True,False,-43.0,1,2023-09-25 06:43:00,-2.29189,103.02649,0,0,0,0
103.48617554,-2.29388618,2023-09-25 13:00:00,LAPAN,NOAA20,Verified No fire,SUMSEL MUBA,3343,2023,2023:3343,2023,14767,708543,0.0570091927675772,377.0,True,False,-43.0,1,2023-09-25 06:43:00,-2.29363,103.48662,0,0,0,2
103.48662,-2.29363,2023-09-25 13:00:00,NASA,NOAA20,Verified No fire,SUMSEL MUBA,3344,2023,2023:3344,2023,14768,708543,0.0,377.0,True,False,-43.0,1,2023-09-25 06:43:00,-2.29363,103.48662,0,0,0,2
103.46536,-2.31505,2023-09-25 13:00:00,NASA,NOAA20,Verified No fire,SUMSEL MUBA,3345,2023,2023:3345,2023,14769,708544,0.0,377.0,True,False,-43.0,1,2023-09-25 06:43:00,-2.31505,103.46536,0,0,0,0
105.30905151,-3.13677001,2023-09-25 13:00:00,LAPAN,NOAA20,Fire inside Sitrep,SUMSEL,3360,2023,2023:3360,2023,14784,708876,0.06550900351498577,377.0,True,False,-43.0,1,2023-09-25 06:43:00,-3.13658,105.30961,0,0,1,1
105.45487976,-3.70853329,2023-09-25 13:00:00,LAPAN,NOAA20,Fire inside Sitrep,SUMSEL,3388,2023,2023:3388,2023,14812,709023,0.06577608112907778,377.0,True,False,-43.0,1,2023-09-25 06:43:00,-3.70834,105.45544,0,0,2,3
103.08106,-2.46857,2023-09-25 13:00:00,NASA,NOAA20,Verified No fire,SUMSEL MUBA,3392,2023,2023:3392,2023,14816,708551,0.0,377.0,True,False,-43.0,1,2023-09-25 06:43:00,-2.46857,103.08106,0,0,0,0
103.22567,-2.56543,2023-09-25 13:00:00,NASA,NOAA20,Verified No fire,SUMSEL MUBA,3398,2023,2023:3398,2023,14822,708589,0.0,377.0,True,False,-43.0,1,2023-09-25 06:43:00,-2.56543,103.22567,0,0,0,3
105.39085,-2.43365,2023-09-25 13:00:00,NASA,NOAA20,Verified No fire,SUMSEL,3406,2023,2023:3406,2023,14830,708621,0.0,377.0,True,False,-43.0,1,2023-09-25 06:43:00,-2.43365,105.39085,0,0,0,0
105.39026642,-2.43383145,2023-09-25 13:00:00,LAPAN,NOAA20,Verified No fire,SUMSEL,3409,2023,2023:3409,2023,14833,708621,0.0678996542739659,377.0,True,False,-43.0,1,2023-09-25 06:43:00,-2.43365,105.39085,0,0,0,0
103.46492767,-2.3153007,2023-09-25 13:00:00,LAPAN,NOAA20,Verified No fire,SUMSEL MUBA,3418,2023,2023:3418,2023,14842,708544,0.05553687311138427,377.0,True,False,-43.0,1,2023-09-25 06:43:00,-2.31505,103.46536,0,0,0,0
105.34796906,-3.13071012,2023-09-25 13:00:00,LAPAN,NOAA20,Fire inside Sitrep,SUMSEL,3424,2023,2023:3424,2023,14848,708877,0.06577081751244139,377.0,True,False,-43.0,1,2023-09-25 06:43:00,-3.13052,105.34853,0,0,1,3
105.36499786,-3.14400125,2023-09-25 13:00:00,LAPAN,NOAA20,Fire inside Sitrep,SUMSEL,3437,2023,2023:3437,2023,14861,708883,0.06488670453190212,377.0,True,False,-43.0,1,2023-09-25 06:43:00,-3.14381,105.36555,0,0,0,1
103.33762,-1.16847,2023-09-26 00:00:00,NASA,NOAA20,Verified No fire,JAMBI SMF,3456,2023,2023:3456,2023,14880,710499,0.0,375.0,True,False,-45.0,1,2023-09-25 17:45:00,-1.16847,103.33762,0,0,1,1
103.26385,-2.47897,2023-09-26 01:00:00,NASA,SNPP,Verified No fire,SUMSEL MUBA,3499,2023,2023:3499,2023,14923,1396389,0.00400804157622874,385.0,True,False,-35.0,1,2023-09-25 18:35:00,-2.47894,103.26383,0,0,0,0
103.38244,-2.53541,2023-09-26 01:00:00,NASA,SNPP,Verified No fire,SUMSEL MUBA,3500,2023,2023:3500,2023,14924,1396390,0.004007988454457289,385.0,True,False,-35.0,1,2023-09-25 18:35:00,-2.53538,103.38242,0,0,0,0
105.37185,-2.60353,2023-09-26 01:00:00,NASA,SNPP,Verified No fire,SUMSEL,3501,2023,2023:3501,2023,14925,1396383,0.012670037530398063,385.0,True,False,-35.0,1,2023-09-25 18:35:00,-2.60346,105.37176,0,0,0,2
105.65018,-3.52562,2023-09-26 01:00:00,NASA,SNPP,Fire inside Sitrep,SUMSEL,3502,2023,2023:3502,2023,14926,1396089,0.0064804857110243265,385.0,True,False,-35.0,1,2023-09-25 18:35:00,-3.52557,105.65015,0,0,0,8
105.37239838,-2.60381508,2023-09-26 01:00:00,LAPAN,SNPP,Verified No fire,SUMSEL,3516,2023,2023:3516,2023,14940,1396383,0.08116249718930019,385.0,True,False,-35.0,1,2023-09-25 18:35:00,-2.60346,105.37176,0,0,0,2
103.26434326,-2.4792943,2023-09-26 01:00:00,LAPAN,SNPP,Verified No fire,SUMSEL MUBA,3522,2023,2023:3522,2023,14946,1396389,0.06930508678179051,385.0,True,False,-35.0,1,2023-09-25 18:35:00,-2.47894,103.26383,0,0,0,0
103.3618,-1.02379,2023-09-26 01:00:00,NASA,SNPP,Verified No fire,JAMBI SMF,3523,2023,2023:3523,2023,14947,1396201,0.007861449441154028,385.0,True,False,-35.0,1,2023-09-25 18:35:00,-1.0238,103.36187,0,0,0,0
103.22619629,-2.56417322,2023-09-26 01:00:00,LAPAN,SNPP,Verified No fire,SUMSEL MUBA,3526,2023,2023:3526,2023,14950,1396392,0.08068253529111946,385.0,True,False,-35.0,1,2023-09-25 18:35:00,-2.56418,103.22547,0,0,0,3
103.24424,-1.0624,2023-09-26 01:00:00,NASA,SNPP,Verified No fire,JAMBI SMF,3531,2023,2023:3531,2023,14955,1396194,0.0071192128147156255,385.0,True,False,-35.0,1,2023-09-25 18:35:00,-1.06244,103.24429,0,0,0,1
103.79795,-2.10133,2023-09-26 01:00:00,NASA,SNPP,Verified No fire,SUMSEL MUBA,3532,2023,2023:3532,2023,14956,1396316,0.005559754011675046,385.0,True,False,-35.0,1,2023-09-25 18:35:00,-2.10128,103.79795,0,0,0,0
103.36229706,-1.02406526,2023-09-26 01:00:00,LAPAN,SNPP,Verified No fire,JAMBI SMF,3535,2023,2023:3535,2023,14959,1396201,0.05589528719336077,385.0,True,False,-35.0,1,2023-09-25 18:35:00,-1.0238,103.36187,0,0,0,0
103.26746,-2.45543,2023-09-26 01:00:00,NASA,SNPP,Verified No fire,SUMSEL MUBA,3537,2023,2023:3537,2023,14961,1396388,0.0035159744702200793,385.0,True,False,-35.0,1,2023-09-25 18:35:00,-2.4554,103.26745,0,0,0,1
105.65074921,-3.52588248,2023-09-26 01:00:00,LAPAN,SNPP,Fire inside Sitrep,SUMSEL,3539,2023,2023:3539,2023,14963,1396089,0.07503307682774264,385.0,True,False,-35.0,1,2023-09-25 18:35:00,-3.52557,105.65015,0,0,0,8
103.22546,-2.56423,2023-09-26 01:00:00,NASA,SNPP,Verified No fire,SUMSEL MUBA,3552,2023,2023:3552,2023,14976,1396392,0.005669640592657388,385.0,True,False,-35.0,1,2023-09-25 18:35:00,-2.56418,103.22547,0,0,0,3
103.33929,-1.16814,2023-09-26 01:00:00,NASA,SNPP,Verified No fire,JAMBI SMF,3554,2023,2023:3554,2023,14978,1396176,0.009167587721913995,385.0,True,False,-35.0,1,2023-09-25 18:35:00,-1.16812,103.33921,0,0,1,2
103.26795959,-2.45578408,2023-09-26 01:00:00,LAPAN,SNPP,Verified No fire,SUMSEL MUBA,3559,2023,2023:3559,2023,14983,1396388,0.07091445792844957,385.0,True,False,-35.0,1,2023-09-25 18:35:00,-2.4554,103.26745,0,0,0,1
103.32625,-2.51923,2023-09-26 13:00:00,NASA,NOAA20,Verified No fire,SUMSEL MUBA,3609,2023,2023:3609,2023,15033,713957,0.0,396.0,True,False,-24.0,1,2023-09-26 06:24:00,-2.51923,103.32625,0,0,0,0
103.21375,-2.49365,2023-09-26 13:00:00,NASA,NOAA20,Verified No fire,SUMSEL MUBA,3611,2023,2023:3611,2023,15035,713987,0.0,396.0,True,False,-24.0,1,2023-09-26 06:24:00,-2.49365,103.21375,0,0,0,0
103.38159,-1.20509,2023-09-26 13:00:00,NASA,NOAA20,Verified No fire,JAMBI SMF,3620,2023,2023:3620,2023,15044,714326,0.0,395.0,True,False,-25.0,1,2023-09-26 06:25:00,-1.20509,103.38159,0,0,0,5
103.26074,-2.52206,2023-09-26 13:00:00,NASA,NOAA20,Verified No fire,SUMSEL MUBA,3623,2023,2023:3623,2023,15047,713961,0.0,396.0,True,False,-24.0,1,2023-09-26 06:24:00,-2.52206,103.26074,0,0,0,0
103.22802,-2.56436,2023-09-26 13:00:00,NASA,NOAA20,Verified No fire,SUMSEL MUBA,3630,2023,2023:3630,2023,15054,713947,0.0,396.0,True,False,-24.0,1,2023-09-26 06:24:00,-2.56436,103.22802,0,0,0,2
105.36738,-3.13984,2023-09-26 13:00:00,NASA,NOAA20,Fire inside Sitrep,SUMSEL,3636,2023,2023:3636,2023,15060,713504,0.0,396.0,True,False,-24.0,1,2023-09-26 06:24:00,-3.13984,105.36738,0,0,0,5
105.26107,-2.90829,2023-09-26 13:00:00,NASA,NOAA20,Fire inside Sitrep,SUMSEL,3643,2023,2023:3643,2023,15067,713626,0.0,396.0,True,False,-24.0,1,2023-09-26 06:24:00,-2.90829,105.26107,0,0,0,3
105.28768,-2.92121,2023-09-26 13:00:00,NASA,NOAA20,Fire inside Sitrep,SUMSEL,3644,2023,2023:3644,2023,15068,713613,0.0,396.0,True,False,-24.0,1,2023-09-26 06:24:00,-2.92121,105.28768,0,0,0,5
103.44774,-2.27678,2023-09-26 13:00:00,NASA,NOAA20,Verified No fire,SUMSEL MUBA,3648,2023,2023:3648,2023,15072,714101,0.0,396.0,True,False,-24.0,1,2023-09-26 06:24:00,-2.27678,103.44774,0,0,0,2
105.21973,-3.07737,2023-09-26 13:00:00,NASA,NOAA20,Fire inside Sitrep,SUMSEL,3654,2023,2023:3654,2023,15078,713545,0.0,396.0,True,False,-24.0,1,2023-09-26 06:24:00,-3.07737,105.21973,0,0,0,2
105.43887,-2.55556,2023-09-26 14:00:00,NASA,SNPP,Verified No fire,SUMSEL,3672,2023,2023:3672,2023,15096,1399913,0.025791077648091437,405.0,True,False,-15.0,1,2023-09-26 07:15:00,-2.55533,105.43884,0,0,3,3
105.18863,-3.11491,2023-09-26 14:00:00,NASA,SNPP,Fire inside Sitrep,SUMSEL,3680,2023,2023:3680,2023,15104,1399861,0.0338311831472144,405.0,True,False,-15.0,1,2023-09-26 07:15:00,-3.11503,105.18835,0,0,1,1
103.2724,-2.44233,2023-09-26 14:00:00,NASA,SNPP,Verified No fire,SUMSEL MUBA,3682,2023,2023:3682,2023,15106,1399795,0.04782218860424507,405.0,True,False,-15.0,1,2023-09-26 07:15:00,-2.44235,103.27283,0,0,2,5
105.64555,-3.52763,2023-09-27 00:00:00,NASA,NOAA20,Fire inside Sitrep,SUMSEL,3691,2023,2023:3691,2023,15115,714912,0.0,394.0,True,False,-26.0,1,2023-09-26 17:26:00,-3.52763,105.64555,0,0,4,12
105.42726,-3.31552,2023-09-27 01:00:00,NASA,SNPP,Fire inside Sitrep,SUMSEL,3708,2023,2023:3708,2023,15132,1401126,0.009554763694155616,403.0,True,False,-17.0,1,2023-09-26 18:17:00,-3.31557,105.42719,0,0,0,1
105.90345,-3.3461,2023-09-27 01:00:00,NASA,SNPP,Verified No fire,SUMSEL,3719,2023,2023:3719,2023,15143,1401135,0.009554567395540415,403.0,True,False,-17.0,1,2023-09-26 18:17:00,-3.34615,105.90338,0,0,0,0
105.26677,-2.85035,2023-09-27 01:00:00,NASA,SNPP,Verified No fire,SUMSEL,3723,2023,2023:3723,2023,15147,1400600,0.004005762411012985,404.0,True,False,-16.0,1,2023-09-26 18:16:00,-2.85033,105.2668,0,0,0,1
103.24373,-1.06352,2023-09-27 01:00:00,NASA,SNPP,Verified No fire,JAMBI SMF,3733,2023,2023:3733,2023,15157,1400245,0.010547256003359621,404.0,True,False,-16.0,1,2023-09-26 18:16:00,-1.06355,103.24364,0,0,1,3
103.34077,-1.16739,2023-09-27 01:00:00,NASA,SNPP,Verified No fire,JAMBI SMF,3738,2023,2023:3738,2023,15162,1400203,0.004972588744482951,404.0,True,False,-16.0,1,2023-09-26 18:16:00,-1.16743,103.34075,0,0,1,3
103.33811,-1.16906,2023-09-27 02:00:00,NASA,NOAA20,Verified No fire,JAMBI SMF,3764,2023,2023:3764,2023,15188,715547,0.0,414.0,True,False,-6.0,1,2023-09-26 19:06:00,-1.16906,103.33811,0,0,1,3
103.24075,-1.06244,2023-09-27 02:00:00,NASA,NOAA20,Verified No fire,JAMBI SMF,3766,2023,2023:3766,2023,15190,715545,0.0,414.0,True,False,-6.0,1,2023-09-26 19:06:00,-1.06244,103.24075,0,0,1,3
103.45418,-2.25466,2023-09-27 02:00:00,NASA,NOAA20,Verified No fire,SUMSEL MUBA,3767,2023,2023:3767,2023,15191,715565,0.0,414.0,True,False,-6.0,1,2023-09-26 19:06:00,-2.25466,103.45418,0,0,2,5
105.64747,-3.5283,2023-09-27 02:00:00,NASA,NOAA20,Fire inside Sitrep,SUMSEL,3770,2023,2023:3770,2023,15194,715680,0.0,413.0,True,False,-7.0,1,2023-09-26 19:07:00,-3.5283,105.64747,0,0,4,26
105.44512,-3.32844,2023-09-27 13:00:00,NASA,SNPP,Fire inside Sitrep,SUMSEL,3960,2023,2023:3960,2023,15384,1404573,0.006480838317907873,364.0,True,False,-56.0,1,2023-09-27 06:56:00,-3.32839,105.44509,0,0,0,6
103.19823,-2.4676,2023-09-27 13:00:00,NASA,SNPP,Verified No fire,SUMSEL MUBA,3961,2023,2023:3961,2023,15385,1404780,0.0047154209433991475,364.0,True,False,-56.0,1,2023-09-27 06:56:00,-2.46763,103.1982,0,0,0,0
105.27493,-3.12137,2023-09-27 13:00:00,NASA,SNPP,Fire inside Sitrep,SUMSEL,3967,2023,2023:3967,2023,15391,1404479,0.0035116025126692442,364.0,True,False,-56.0,1,2023-09-27 06:56:00,-3.12138,105.27496,0,0,4,14
105.60252,-3.5551,2023-09-27 13:00:00,NASA,NOAA20,Fire inside Sitrep,SUMSEL,4025,2023,2023:4025,2023,15449,717462,0.0,415.0,True,False,-5.0,1,2023-09-27 06:05:00,-3.5551,105.60252,0,0,3,3
104.51281,-2.22488,2023-09-27 13:00:00,NASA,NOAA20,Verified No fire,SUMSEL MUBA,4034,2023,2023:4034,2023,15458,719605,0.0,414.0,True,False,-6.0,1,2023-09-27 06:06:00,-2.22488,104.51281,0,0,0,0
103.46038,-2.2538,2023-09-27 13:00:00,NASA,SNPP,Verified No fire,SUMSEL MUBA,4162,2023,2023:4162,2023,15586,1404720,0.012674493871261383,364.0,True,False,-56.0,1,2023-09-27 06:56:00,-2.25389,103.46031,0,0,2,6
105.4195,-2.97869,2023-09-27 13:00:00,NASA,NOAA20,Fire inside Sitrep,SUMSEL,4182,2023,2023:4182,2023,15606,718181,0.0,415.0,True,False,-5.0,1,2023-09-27 06:05:00,-2.97869,105.4195,0,0,2,4
105.86428,-3.8643,2023-09-27 13:00:00,NASA,SNPP,Fire inside Sitrep,SUMSEL,4186,2023,2023:4186,2023,15610,1403975,0.015606793316726058,365.0,True,False,-55.0,1,2023-09-27 06:55:00,-3.86444,105.86427,0,0,0,0
105.88861,-3.87772,2023-09-27 13:00:00,NASA,NOAA20,Fire inside Sitrep,SUMSEL,4203,2023,2023:4203,2023,15627,716985,0.0,415.0,True,False,-5.0,1,2023-09-27 06:05:00,-3.87772,105.88861,0,0,0,0
103.07417,-2.31326,2023-09-27 13:00:00,NASA,NOAA20,Verified No fire,SUMSEL MUBA,4212,2023,2023:4212,2023,15636,719658,0.0,414.0,True,False,-6.0,1,2023-09-27 06:06:00,-2.31326,103.07417,0,0,1,1
105.66817,-3.47391,2023-09-27 13:00:00,NASA,NOAA20,Fire inside Sitrep,SUMSEL,4231,2023,2023:4231,2023,15655,717585,0.0,415.0,True,False,-5.0,1,2023-09-27 06:05:00,-3.47391,105.66817,0,0,0,1
105.59493,-3.7929,2023-09-27 13:00:00,NASA,NOAA20,Fire inside Sitrep,SUMSEL,4236,2023,2023:4236,2023,15660,717156,0.0,415.0,True,False,-5.0,1,2023-09-27 06:05:00,-3.7929,105.59493,0,0,0,3
105.41358,-3.71565,2023-09-27 13:00:00,NASA,NOAA20,Verified Fire,SUMSEL,4237,2023,2023:4237,2023,15661,717272,0.0,415.0,True,False,-5.0,1,2023-09-27 06:05:00,-3.71565,105.41358,0,0,0,0
103.27294,-2.44277,2023-09-27 13:00:00,NASA,SNPP,Verified No fire,SUMSEL MUBA,4240,2023,2023:4240,2023,15664,1404777,0.004008074993162454,364.0,True,False,-56.0,1,2023-09-27 06:56:00,-2.4428,103.27292,0,0,2,5
103.0733,-2.31417,2023-09-27 13:00:00,NASA,SNPP,Verified No fire,SUMSEL MUBA,4245,2023,2023:4245,2023,15669,1404721,0.012674293306152074,364.0,True,False,-56.0,1,2023-09-27 06:56:00,-2.31426,103.07323,0,0,1,1
105.60895,-3.57463,2023-09-27 13:00:00,NASA,NOAA20,Fire inside Sitrep,SUMSEL,4253,2023,2023:4253,2023,15677,717435,0.0,415.0,True,False,-5.0,1,2023-09-27 06:05:00,-3.57463,105.60895,0,0,1,4
105.39297,-3.26788,2023-09-27 13:00:00,NASA,SNPP,Fire inside Sitrep,SUMSEL,4254,2023,2023:4254,2023,15678,1404542,0.006480942556161182,364.0,True,False,-56.0,1,2023-09-27 06:56:00,-3.26783,105.39294,0,0,1,1
105.55279,-3.4337,2023-09-27 13:00:00,NASA,NOAA20,Fire inside Sitrep,SUMSEL,4270,2023,2023:4270,2023,15694,717619,0.0,415.0,True,False,-5.0,1,2023-09-27 06:05:00,-3.4337,105.55279,0,0,0,8
105.39459,-3.26956,2023-09-27 13:00:00,NASA,NOAA20,Fire inside Sitrep,SUMSEL,4286,2023,2023:4286,2023,15710,717823,0.0,415.0,True,False,-5.0,1,2023-09-27 06:05:00,-3.26956,105.39459,0,0,1,2
105.33102,-2.41412,2023-09-27 13:00:00,NASA,NOAA20,Verified No fire,SUMSEL,4293,2023,2023:4293,2023,15717,718518,0.0,415.0,True,False,-5.0,1,2023-09-27 06:05:00,-2.41412,105.33102,0,0,2,2
103.27144,-2.48531,2023-09-27 13:00:00,NASA,NOAA20,Verified Fire,SUMSEL MUBA,4319,2023,2023:4319,2023,15743,719575,0.0,414.0,True,False,-6.0,1,2023-09-27 06:06:00,-2.48531,103.27144,0,0,0,1
103.41969,-2.28198,2023-09-27 13:00:00,NASA,SNPP,Verified No fire,SUMSEL MUBA,4321,2023,2023:4321,2023,15745,1404716,0.012674400909015083,364.0,True,False,-56.0,1,2023-09-27 06:56:00,-2.28207,103.41962,0,0,0,1
105.21068,-3.08893,2023-09-27 13:00:00,NASA,NOAA20,Fire inside Sitrep,SUMSEL,4364,2023,2023:4364,2023,15788,718112,0.0,415.0,True,False,-5.0,1,2023-09-27 06:05:00,-3.08893,105.21068,0,0,3,6
105.55441,-3.43201,2023-09-28 00:00:00,NASA,SNPP,Fire inside Sitrep,SUMSEL,4427,2023,2023:4427,2023,15851,1406140,0.019784176320622997,362.0,True,False,-58.0,1,2023-09-27 17:58:00,-3.43187,105.55452,0,0,1,8
105.428,-3.31211,2023-09-28 00:00:00,NASA,SNPP,Fire inside Sitrep,SUMSEL,4443,2023,2023:4443,2023,15867,1406297,0.024609972153559145,362.0,True,False,-58.0,1,2023-09-27 17:58:00,-3.3119,105.42807,0,0,1,6
103.35979,-1.02474,2023-09-28 00:00:00,NASA,SNPP,Verified No fire,JAMBI SMF,4444,2023,2023:4444,2023,15868,1405622,0.007458238406727778,363.0,True,False,-57.0,1,2023-09-27 17:57:00,-1.02471,103.35973,0,0,1,1
105.75698853,-3.74975038,2023-09-28 00:00:00,LAPAN,SNPP,Fire inside Sitrep,SUMSEL,4456,2023,2023:4456,2023,15880,1406057,0.07396073972692495,362.0,True,False,-58.0,1,2023-09-27 17:58:00,-3.74942,105.75641,0,0,2,2
105.64207458,-3.55867052,2023-09-28 00:00:00,LAPAN,SNPP,Fire inside Sitrep,SUMSEL,4457,2023,2023:4457,2023,15881,1406081,0.08380620207558245,362.0,True,False,-58.0,1,2023-09-27 17:58:00,-3.55817,105.64151,0,0,2,12
105.41842,-2.97819,2023-09-28 00:00:00,NASA,SNPP,Fire inside Sitrep,SUMSEL,4458,2023,2023:4458,2023,15882,1405913,0.005552244921030035,362.0,True,False,-58.0,1,2023-09-27 17:58:00,-2.97819,105.41837,0,0,1,4
103.24147,-1.06454,2023-09-28 00:00:00,NASA,SNPP,Verified No fire,JAMBI SMF,4488,2023,2023:4488,2023,15912,1405600,0.008093832311843706,363.0,True,False,-57.0,1,2023-09-27 17:57:00,-1.06452,103.2414,0,0,1,3
103.38168,-2.53593,2023-09-28 00:00:00,NASA,SNPP,Verified No fire,SUMSEL MUBA,4489,2023,2023:4489,2023,15913,1405923,0.014453267041992806,362.0,True,False,-58.0,1,2023-09-27 17:58:00,-2.53605,103.38163,0,0,0,0
105.75631,-3.74928,2023-09-28 00:00:00,NASA,SNPP,Fire inside Sitrep,SUMSEL,4492,2023,2023:4492,2023,15916,1406057,0.019116901613746434,362.0,True,False,-58.0,1,2023-09-27 17:58:00,-3.74942,105.75641,0,0,2,2
105.64137,-3.55824,2023-09-28 00:00:00,NASA,SNPP,Fire inside Sitrep,SUMSEL,4499,2023,2023:4499,2023,15923,1406081,0.017377946822175,362.0,True,False,-58.0,1,2023-09-27 17:58:00,-3.55817,105.64151,0,0,2,12
103.00664,-1.08046,2023-09-28 00:00:00,NASA,SNPP,Verified No fire,JAMBI SMF,4508,2023,2023:4508,2023,15932,1405568,0.008468131380083668,363.0,True,False,-57.0,1,2023-09-27 17:57:00,-1.08053,103.00661,0,0,0,0
103.3378,-1.16583,2023-09-28 00:00:00,NASA,SNPP,Verified No fire,JAMBI SMF,4522,2023,2023:4522,2023,15946,1405564,0.009169269567122745,363.0,True,False,-57.0,1,2023-09-27 17:57:00,-1.16591,103.33778,0,0,1,3
103.79824,-2.10058,2023-09-28 01:00:00,NASA,NOAA20,Verified No fire,SUMSEL MUBA,4532,2023,2023:4532,2023,15956,720426,0.0,373.0,True,False,-47.0,1,2023-09-27 18:47:00,-2.10058,103.79824,0,0,0,0
103.21128,-2.49545,2023-09-28 01:00:00,NASA,NOAA20,Verified No fire,SUMSEL MUBA,4533,2023,2023:4533,2023,15957,720613,0.0,372.0,True,False,-48.0,1,2023-09-27 18:48:00,-2.49545,103.21128,0,0,0,0
105.55377,-3.43055,2023-09-28 01:00:00,NASA,NOAA20,Fire inside Sitrep,SUMSEL,4534,2023,2023:4534,2023,15958,720868,0.0,372.0,True,False,-48.0,1,2023-09-27 18:48:00,-3.43055,105.55377,0,0,1,4
102.90986,-1.26453,2023-09-28 01:00:00,NASA,NOAA20,Verified No fire,JAMBI SMF,4546,2023,2023:4546,2023,15970,720445,0.0,373.0,True,False,-47.0,1,2023-09-27 18:47:00,-1.26453,102.90986,0,0,0,0
103.33707,-1.16863,2023-09-28 01:00:00,NASA,NOAA20,Verified No fire,JAMBI SMF,4547,2023,2023:4547,2023,15971,720481,0.0,373.0,True,False,-47.0,1,2023-09-27 18:47:00,-1.16863,103.33707,0,0,1,3
103.24348,-1.06444,2023-09-28 01:00:00,NASA,NOAA20,Verified No fire,JAMBI SMF,4550,2023,2023:4550,2023,15974,720483,0.0,373.0,True,False,-47.0,1,2023-09-27 18:47:00,-1.06444,103.24348,0,0,1,3
105.41481,-2.97786,2023-09-28 01:00:00,NASA,NOAA20,Fire inside Sitrep,SUMSEL,4559,2023,2023:4559,2023,15983,720598,0.0,372.0,True,False,-48.0,1,2023-09-27 18:48:00,-2.97786,105.41481,0,0,1,4
103.21199036,-2.4950223,2023-09-28 01:00:00,LAPAN,NOAA20,Verified No fire,SUMSEL MUBA,4575,2023,2023:4575,2023,15999,720613,0.09213652620433642,372.0,True,False,-48.0,1,2023-09-27 18:48:00,-2.49545,103.21128,0,0,0,0
102.91036987,-1.26420355,2023-09-28 01:00:00,LAPAN,NOAA20,Verified No fire,JAMBI SMF,4576,2023,2023:4576,2023,16000,720445,0.06730843527704714,373.0,True,False,-47.0,1,2023-09-27 18:47:00,-1.26453,102.90986,0,0,0,0
105.42597,-3.3127,2023-09-28 01:00:00,NASA,NOAA20,Fire inside Sitrep,SUMSEL,4603,2023,2023:4603,2023,16027,720502,0.0,372.0,True,False,-48.0,1,2023-09-27 18:48:00,-3.3127,105.42597,0,0,1,14
103.36146,-1.02502,2023-09-28 01:00:00,NASA,NOAA20,Verified No fire,JAMBI SMF,4611,2023,2023:4611,2023,16035,720366,0.0,373.0,True,False,-47.0,1,2023-09-27 18:47:00,-1.02502,103.36146,0,0,1,2
103.36214447,-1.02459478,2023-09-28 01:00:00,LAPAN,NOAA20,Verified No fire,JAMBI SMF,4615,2023,2023:4615,2023,16039,720366,0.08959048847992925,373.0,True,False,-47.0,1,2023-09-27 18:47:00,-1.02502,103.36146,0,0,1,2
101.89479,-1.07299,2023-09-28 12:00:00,NASA,NOAA20,Verified No fire,JAMBI SMF,4691,2023,2023:4691,2023,16115,723927,0.0,373.0,True,False,-47.0,1,2023-09-28 05:47:00,-1.07299,101.89479,0,0,2,3
105.66621,-3.47614,2023-09-28 12:00:00,NASA,NOAA20,Fire inside Sitrep,SUMSEL,4752,2023,2023:4752,2023,16176,723085,0.0,374.0,True,False,-46.0,1,2023-09-28 05:46:00,-3.47614,105.66621,0,0,4,5
102.80756,-1.3039,2023-09-28 12:00:00,NASA,NOAA20,Verified No fire,JAMBI SMF,4759,2023,2023:4759,2023,16183,723956,0.0,373.0,True,False,-47.0,1,2023-09-28 05:47:00,-1.3039,102.80756,0,0,2,2
105.51643,-3.71771,2023-09-28 12:00:00,NASA,NOAA20,Fire inside Sitrep,SUMSEL,4768,2023,2023:4768,2023,16192,722939,0.0,374.0,True,False,-46.0,1,2023-09-28 05:46:00,-3.71771,105.51643,0,0,2,5
105.4925,-3.70977,2023-09-28 12:00:00,NASA,NOAA20,Fire inside Sitrep,SUMSEL,4779,2023,2023:4779,2023,16203,722943,0.0,374.0,True,False,-46.0,1,2023-09-28 05:46:00,-3.70977,105.4925,0,0,1,1
105.22235,-3.10196,2023-09-28 12:00:00,NASA,NOAA20,Fire inside Sitrep,SUMSEL,4787,2023,2023:4787,2023,16211,723450,0.0,374.0,True,False,-46.0,1,2023-09-28 05:46:00,-3.10196,105.22235,0,0,10,76
105.51711,-3.69478,2023-09-28 12:00:00,NASA,NOAA20,Fire inside Sitrep,SUMSEL,4802,2023,2023:4802,2023,16226,722946,0.0,374.0,True,False,-46.0,1,2023-09-28 05:46:00,-3.69478,105.51711,0,0,1,1
105.24455261,-2.88848925,2023-09-28 13:00:00,LAPAN,SNPP,Fire inside Sitrep,SUMSEL,4870,2023,2023:4870,2023,16294,1409454,0.07178038767731836,383.0,True,False,-37.0,1,2023-09-28 06:37:00,-2.88871,105.24516,0,0,0,5
105.48945,-3.70456,2023-09-28 13:00:00,NASA,SNPP,Fire inside Sitrep,SUMSEL,4876,2023,2023:4876,2023,16300,1408487,0.005555574565331314,383.0,True,False,-37.0,1,2023-09-28 06:37:00,-3.7046,105.48942,0,0,1,1
105.47652,-3.67379,2023-09-28 13:00:00,NASA,SNPP,Fire inside Sitrep,SUMSEL,4879,2023,2023:4879,2023,16303,1408512,0.005555643635628754,383.0,True,False,-37.0,1,2023-09-28 06:37:00,-3.67383,105.47649,0,0,0,0
103.25423,-1.58485,2023-09-28 13:00:00,NASA,SNPP,Verified No fire,JAMBI SMF,4902,2023,2023:4902,2023,16326,1410101,0.003515086593726431,383.0,True,False,-37.0,1,2023-09-28 06:37:00,-1.58486,103.25426,0,0,0,0
101.84886,-0.99,2023-09-28 13:00:00,NASA,SNPP,Verified No fire,JAMBI SMF,4903,2023,2023:4903,2023,16327,1410194,0.0015724185402895888,382.0,True,False,-38.0,1,2023-09-28 06:38:00,-0.99001,101.84885,0,0,0,0
103.27817,-2.54793,2023-09-28 13:00:00,NASA,SNPP,Verified No fire,SUMSEL MUBA,4908,2023,2023:4908,2023,16332,1409797,0.0035159497130048205,383.0,True,False,-37.0,1,2023-09-28 06:37:00,-2.5479,103.27818,0,0,0,0
103.3437,-2.50717,2023-09-28 13:00:00,NASA,SNPP,Verified No fire,SUMSEL MUBA,4909,2023,2023:4909,2023,16333,1409833,0.0035159607347741246,383.0,True,False,-37.0,1,2023-09-28 06:37:00,-2.50714,103.34371,0,0,0,0
103.4223938,-2.27866483,2023-09-28 13:00:00,LAPAN,SNPP,Verified No fire,SUMSEL MUBA,4911,2023,2023:4911,2023,16335,1409920,0.06528824555669965,383.0,True,False,-37.0,1,2023-09-28 06:37:00,-2.27878,103.42297,0,0,0,1
105.59908,-3.24408,2023-09-28 13:00:00,NASA,SNPP,Fire inside Sitrep,SUMSEL,4958,2023,2023:4958,2023,16382,1408943,0.0114342183078312,383.0,True,False,-37.0,1,2023-09-28 06:37:00,-3.24403,105.59917,0,0,0,0
102.01903534,-1.11311233,2023-09-28 13:00:00,LAPAN,SNPP,Verified No fire,JAMBI SMF,4970,2023,2023:4970,2023,16394,1410269,0.07621229425517057,382.0,True,False,-38.0,1,2023-09-28 06:38:00,-1.11283,102.01966,0,0,0,0
105.47589874,-3.67365217,2023-09-28 13:00:00,LAPAN,SNPP,Fire inside Sitrep,SUMSEL,4977,2023,2023:4977,2023,16401,1408512,0.06852510170557055,383.0,True,False,-37.0,1,2023-09-28 06:37:00,-3.67383,105.47649,0,0,0,0
103.25350952,-1.58508778,2023-09-28 13:00:00,LAPAN,SNPP,Verified No fire,JAMBI SMF,5007,2023,2023:5007,2023,16431,1410101,0.08717815333201105,383.0,True,False,-37.0,1,2023-09-28 06:37:00,-1.58486,103.25426,0,0,0,0
102.01973,-1.11284,2023-09-28 13:00:00,NASA,SNPP,Verified No fire,JAMBI SMF,5008,2023,2023:5008,2023,16432,1410269,0.007861226182276186,382.0,True,False,-38.0,1,2023-09-28 06:38:00,-1.11283,102.01966,0,0,0,0
103.42297,-2.27881,2023-09-28 13:00:00,NASA,SNPP,Verified No fire,SUMSEL MUBA,5014,2023,2023:5014,2023,16438,1409920,0.003335852407026119,383.0,True,False,-37.0,1,2023-09-28 06:37:00,-2.27878,103.42297,0,0,0,1
102.77983856,-1.23114026,2023-09-28 13:00:00,LAPAN,SNPP,Verified No fire,JAMBI SMF,5062,2023,2023:5062,2023,16486,1410134,0.07855899419846599,383.0,True,False,-37.0,1,2023-09-28 06:37:00,-1.23092,102.78051,0,0,0,0
101.84830475,-0.98988277,2023-09-28 13:00:00,LAPAN,SNPP,Verified No fire,JAMBI SMF,5085,2023,2023:5085,2023,16509,1410194,0.062249017445687505,382.0,True,False,-38.0,1,2023-09-28 06:38:00,-0.99001,101.84885,0,0,0,0
105.24519,-2.88867,2023-09-28 13:00:00,NASA,SNPP,Fire inside Sitrep,SUMSEL,5097,2023,2023:5097,2023,16521,1409454,0.005557211774199999,383.0,True,False,-37.0,1,2023-09-28 06:37:00,-2.88871,105.24516,0,0,0,5
102.78055,-1.2309,2023-09-28 13:00:00,NASA,SNPP,Verified No fire,JAMBI SMF,5109,2023,2023:5109,2023,16533,1410134,0.0049718771659300765,383.0,True,False,-37.0,1,2023-09-28 06:37:00,-1.23092,102.78051,0,0,0,0
105.30399323,-2.93024659,2023-09-28 13:00:00,LAPAN,SNPP,Fire inside Sitrep,SUMSEL,5115,2023,2023:5115,2023,16539,1409365,0.07493625023051886,383.0,True,False,-37.0,1,2023-09-28 06:37:00,-2.93052,105.30461,0,0,0,0
105.30463,-2.93048,2023-09-28 13:00:00,NASA,SNPP,Fire inside Sitrep,SUMSEL,5117,2023,2023:5117,2023,16541,1409365,0.004971495242988989,383.0,True,False,-37.0,1,2023-09-28 06:37:00,-2.93052,105.30461,0,0,0,0
105.65896,-3.95319,2023-09-28 13:00:00,NASA,SNPP,Fire inside Sitrep,SUMSEL,5118,2023,2023:5118,2023,16542,1408275,0.003141332496570694,383.0,True,False,-37.0,1,2023-09-28 06:37:00,-3.95321,105.65894,0,0,0,0
105.51579285,-3.69289756,2023-09-28 13:00:00,LAPAN,SNPP,Fire inside Sitrep,SUMSEL,5122,2023,2023:5122,2023,16546,1408493,0.0699814433751195,383.0,True,False,-37.0,1,2023-09-28 06:37:00,-3.6931,105.51639,0,0,1,1
105.59844208,-3.24392653,2023-09-28 13:00:00,LAPAN,SNPP,Verified Fire,SUMSEL,5175,2023,2023:5175,2023,16599,1408943,0.08162634100143984,383.0,True,False,-37.0,1,2023-09-28 06:37:00,-3.24403,105.59917,0,0,0,0
103.34312439,-2.50702596,2023-09-28 13:00:00,LAPAN,SNPP,Verified No fire,SUMSEL MUBA,5187,2023,2023:5187,2023,16611,1409833,0.06627898397769683,383.0,True,False,-37.0,1,2023-09-28 06:37:00,-2.50714,103.34371,0,0,0,0
105.65830231,-3.95296216,2023-09-28 13:00:00,LAPAN,SNPP,Fire inside Sitrep,SUMSEL,5192,2023,2023:5192,2023,16616,1408275,0.07591786865517629,383.0,True,False,-37.0,1,2023-09-28 06:37:00,-3.95321,105.65894,0,0,0,0
105.48882294,-3.70438886,2023-09-28 13:00:00,LAPAN,SNPP,Fire inside Sitrep,SUMSEL,5193,2023,2023:5193,2023,16617,1408487,0.07028836237055716,383.0,True,False,-37.0,1,2023-09-28 06:37:00,-3.7046,105.48942,0,0,1,1
105.51593018,-3.30440331,2023-09-28 13:00:00,LAPAN,SNPP,Verified Fire,SUMSEL,5200,2023,2023:5200,2023,16624,1408869,0.08395536439604594,383.0,True,False,-37.0,1,2023-09-28 06:37:00,-3.30456,105.51667,0,0,0,0
105.51657,-3.30461,2023-09-28 13:00:00,NASA,SNPP,Fire inside Sitrep,SUMSEL,5201,2023,2023:5201,2023,16625,1408869,0.012415453203323443,383.0,True,False,-37.0,1,2023-09-28 06:37:00,-3.30456,105.51667,0,0,0,0
103.27759552,-2.54775262,2023-09-28 13:00:00,LAPAN,SNPP,Verified No fire,SUMSEL MUBA,5206,2023,2023:5206,2023,16630,1409797,0.06696332315490978,383.0,True,False,-37.0,1,2023-09-28 06:37:00,-2.5479,103.27818,0,0,0,0
105.51643,-3.69306,2023-09-28 13:00:00,NASA,SNPP,Fire inside Sitrep,SUMSEL,5247,2023,2023:5247,2023,16671,1408493,0.006283615975662816,383.0,True,False,-37.0,1,2023-09-28 06:37:00,-3.6931,105.51639,0,0,1,1
103.4902,-2.26074,2023-09-28 14:00:00,NASA,NOAA20,Verified No fire,SUMSEL MUBA,5258,2023,2023:5258,2023,16682,724196,0.0,393.0,True,False,-27.0,1,2023-09-28 07:27:00,-2.26074,103.4902,0,0,0,0
101.89864,-1.06975,2023-09-28 14:00:00,NASA,NOAA20,Verified No fire,JAMBI SMF,5260,2023,2023:5260,2023,16684,724210,0.0,393.0,True,False,-27.0,1,2023-09-28 07:27:00,-1.06975,101.89864,0,0,2,3
103.47338,-2.2779,2023-09-29 00:00:00,NASA,SNPP,Verified Fire,SUMSEL MUBA,5269,2023,2023:5269,2023,16693,1411611,0.002486004758729543,381.0,True,False,-39.0,1,2023-09-28 17:39:00,-2.27788,103.47339,0,0,1,18
105.37075043,-3.12948751,2023-09-29 01:00:00,LAPAN,NOAA20,Fire inside Sitrep,SUMSEL,5285,2023,2023:5285,2023,16709,725378,0.07013375714473777,391.0,True,False,-29.0,1,2023-09-28 18:29:00,-3.12983,105.37022,0,0,0,5
103.3401,-1.16794,2023-09-29 01:00:00,NASA,NOAA20,Verified No fire,JAMBI SMF,5302,2023,2023:5302,2023,16726,724822,0.0,392.0,True,False,-28.0,1,2023-09-28 18:28:00,-1.16794,103.3401,0,0,0,1
103.22785187,-2.56354046,2023-09-29 01:00:00,LAPAN,NOAA20,Verified No fire,SUMSEL MUBA,5309,2023,2023:5309,2023,16733,725566,0.059308377147177696,391.0,True,False,-29.0,1,2023-09-28 18:29:00,-2.56379,103.22738,0,0,0,8
103.22738,-2.56379,2023-09-29 01:00:00,NASA,NOAA20,Verified No fire,SUMSEL MUBA,5318,2023,2023:5318,2023,16742,725566,0.0,391.0,True,False,-29.0,1,2023-09-28 18:29:00,-2.56379,103.22738,0,0,0,8
105.55044,-3.68998,2023-09-29 01:00:00,NASA,NOAA20,Fire inside Sitrep,SUMSEL,5327,2023,2023:5327,2023,16751,725668,0.0,391.0,True,False,-29.0,1,2023-09-28 18:29:00,-3.68998,105.55044,0,0,2,5
103.35924,-1.02479,2023-09-29 01:00:00,NASA,NOAA20,Verified No fire,JAMBI SMF,5332,2023,2023:5332,2023,16756,724909,0.0,392.0,True,False,-28.0,1,2023-09-28 18:28:00,-1.02479,103.35924,0,0,0,1
103.10268,-0.77371,2023-09-29 01:00:00,NASA,NOAA20,Verified No fire,JAMBI SMF,5342,2023,2023:5342,2023,16766,725017,0.0,392.0,True,False,-28.0,1,2023-09-28 18:28:00,-0.77371,103.10268,0,0,0,0
103.10315704,-0.7734921,2023-09-29 01:00:00,LAPAN,NOAA20,Verified No fire,JAMBI SMF,5347,2023,2023:5347,2023,16771,725017,0.05831183750319529,392.0,True,False,-28.0,1,2023-09-28 18:28:00,-0.77371,103.10268,0,0,0,0
103.5506897,-2.14516449,2023-09-29 01:00:00,LAPAN,NOAA20,Verified No fire,SUMSEL MUBA,5348,2023,2023:5348,2023,16772,725415,0.04596817691477288,391.0,True,False,-29.0,1,2023-09-28 18:29:00,-2.14535,103.55032,0,0,1,4
103.24288,-1.06437,2023-09-29 01:00:00,NASA,NOAA20,Verified No fire,JAMBI SMF,5357,2023,2023:5357,2023,16781,724867,0.0,392.0,True,False,-28.0,1,2023-09-28 18:28:00,-1.06437,103.24288,0,0,1,2
105.51542664,-3.71954989,2023-09-29 01:00:00,LAPAN,NOAA20,Fire inside Sitrep,SUMSEL,5374,2023,2023:5374,2023,16798,725666,0.056667745713005195,391.0,True,False,-29.0,1,2023-09-28 18:29:00,-3.71983,105.515,0,0,0,7
103.55032,-2.14535,2023-09-29 01:00:00,NASA,NOAA20,Verified No fire,SUMSEL MUBA,5378,2023,2023:5378,2023,16802,725415,0.0,391.0,True,False,-29.0,1,2023-09-28 18:29:00,-2.14535,103.55032,0,0,1,4
105.37022,-3.12983,2023-09-29 01:00:00,NASA,NOAA20,Fire inside Sitrep,SUMSEL,5395,2023,2023:5395,2023,16819,725378,0.0,391.0,True,False,-29.0,1,2023-09-28 18:29:00,-3.12983,105.37022,0,0,0,5
103.35959625,-1.02462471,2023-09-29 01:00:00,LAPAN,NOAA20,Verified No fire,JAMBI SMF,5404,2023,2023:5404,2023,16828,724909,0.04366361323510085,392.0,True,False,-28.0,1,2023-09-28 18:28:00,-1.02479,103.35924,0,0,0,1
105.55085754,-3.68969631,2023-09-29 01:00:00,LAPAN,NOAA20,Verified Fire,SUMSEL,5406,2023,2023:5406,2023,16830,725668,0.05605132357698772,391.0,True,False,-29.0,1,2023-09-28 18:29:00,-3.68998,105.55044,0,0,2,5
105.515,-3.71983,2023-09-29 01:00:00,NASA,NOAA20,Fire inside Sitrep,SUMSEL,5407,2023,2023:5407,2023,16831,725666,0.0,391.0,True,False,-29.0,1,2023-09-28 18:29:00,-3.71983,105.515,0,0,0,7
103.54896,-2.14521,2023-09-29 02:00:00,NASA,SNPP,Verified No fire,SUMSEL MUBA,5409,2023,2023:5409,2023,16833,1411891,0.030228966397314247,401.0,True,False,-19.0,1,2023-09-28 19:19:00,-2.14529,103.54922,0,0,1,4
103.24216,-1.06084,2023-09-29 02:00:00,NASA,SNPP,Verified No fire,JAMBI SMF,5410,2023,2023:5410,2023,16834,1411883,0.00745893707455063,401.0,True,False,-19.0,1,2023-09-28 19:19:00,-1.06078,103.24213,0,0,1,1
105.6191,-3.11726,2023-09-29 13:00:00,NASA,Aqua,Fire inside Sitrep,SUMSEL,5420,2023,2023:5420,2023,16844,122528,0.03940299696594607,364.0,True,False,-56.0,1,2023-09-29 06:56:00,-3.1176,105.6192,0,0,3,4
103.50461,-2.27997,2023-09-29 13:00:00,NASA,Aqua,Verified No fire,SUMSEL MUBA,5423,2023,2023:5423,2023,16847,122707,0.03803248532182674,363.0,True,False,-57.0,1,2023-09-29 06:57:00,-2.2803,103.5047,0,0,2,3
103.55633,-2.14835,2023-09-29 13:00:00,NASA,SNPP,Verified No fire,SUMSEL MUBA,5447,2023,2023:5447,2023,16871,1414078,0.0033358524070336557,402.0,True,False,-18.0,1,2023-09-29 06:18:00,-2.14838,103.55633,0,0,0,4
103.22612,-2.56416,2023-09-29 13:00:00,NASA,SNPP,Verified No fire,SUMSEL MUBA,5460,2023,2023:5460,2023,16884,1414044,0.009160740747608127,402.0,True,False,-18.0,1,2023-09-29 06:18:00,-2.56414,103.2262,0,0,1,9
105.31363,-3.0939,2023-09-29 13:00:00,NASA,SNPP,Fire inside Sitrep,SUMSEL,5475,2023,2023:5475,2023,16899,1413790,0.004447803209411475,402.0,True,False,-18.0,1,2023-09-29 06:18:00,-3.09386,105.31363,0,0,4,15
102.84019,-1.20537,2023-09-29 13:00:00,NASA,Aqua,Verified No fire,JAMBI SMF,5479,2023,2023:5479,2023,16903,122648,0.03671121289643758,363.0,True,False,-57.0,1,2023-09-29 06:57:00,-1.2057,102.8402,0,0,0,0
105.33702,-3.11106,2023-09-29 13:00:00,NASA,Aqua,Fire inside Sitrep,SUMSEL,5492,2023,2023:5492,2023,16916,122542,0.038835770823273254,364.0,True,False,-56.0,1,2023-09-29 06:56:00,-3.1114,105.3371,0,0,0,0
105.31295013,-3.09428096,2023-09-29 13:00:00,LAPAN,SNPP,Fire inside Sitrep,SUMSEL,5494,2023,2023:5494,2023,16918,1413790,0.08882280267599311,402.0,True,False,-18.0,1,2023-09-29 06:18:00,-3.09386,105.31363,0,0,4,15
105.92188,-3.83794,2023-09-29 13:00:00,NASA,Aqua,Fire inside Sitrep,SUMSEL,5510,2023,2023:5510,2023,16934,122378,0.04009167996814925,364.0,True,False,-56.0,1,2023-09-29 06:56:00,-3.8383,105.9219,0,0,0,0
105.1765,-3.10564,2023-09-29 13:00:00,NASA,SNPP,Fire inside Sitrep,SUMSEL,5515,2023,2023:5515,2023,16939,1413795,0.001571381568716727,402.0,True,False,-18.0,1,2023-09-29 06:18:00,-3.10565,105.17649,0,0,1,4
105.37794495,-2.41229177,2023-09-29 13:00:00,LAPAN,SNPP,Verified No fire,SUMSEL,5532,2023,2023:5532,2023,16956,1414019,0.07379107404633238,402.0,True,False,-18.0,1,2023-09-29 06:18:00,-2.41245,105.37859,0,0,0,0
105.17591095,-3.10545897,2023-09-29 13:00:00,LAPAN,SNPP,Fire inside Sitrep,SUMSEL,5544,2023,2023:5544,2023,16968,1413795,0.06771107175549008,402.0,True,False,-18.0,1,2023-09-29 06:18:00,-3.10565,105.17649,0,0,1,4
105.37246704,-3.13472056,2023-09-29 13:00:00,LAPAN,SNPP,Fire inside Sitrep,SUMSEL,5545,2023,2023:5545,2023,16969,1413768,0.0872773370733333,402.0,True,False,-18.0,1,2023-09-29 06:18:00,-3.13435,105.37316,0,0,2,6
103.55560303,-2.14872479,2023-09-29 13:00:00,LAPAN,SNPP,Verified No fire,SUMSEL MUBA,5548,2023,2023:5548,2023,16972,1414078,0.08941513815116517,402.0,True,False,-18.0,1,2023-09-29 06:18:00,-2.14838,103.55633,0,0,0,4
105.55568,-3.43887,2023-09-29 13:00:00,NASA,Aqua,Fire inside Sitrep,SUMSEL,5552,2023,2023:5552,2023,16976,122450,0.03676146361034604,364.0,True,False,-56.0,1,2023-09-29 06:56:00,-3.4392,105.5557,0,0,0,1
105.37853,-2.41247,2023-09-29 13:00:00,NASA,SNPP,Verified No fire,SUMSEL,5628,2023,2023:5628,2023,17052,1414019,0.007026984922282422,402.0,True,False,-18.0,1,2023-09-29 06:18:00,-2.41245,105.37859,0,0,0,0
105.36803,-3.15371,2023-09-29 13:00:00,NASA,Aqua,Fire inside Sitrep,SUMSEL,5634,2023,2023:5634,2023,17058,122529,0.033169917033670525,364.0,True,False,-56.0,1,2023-09-29 06:56:00,-3.154,105.3681,0,0,0,1
105.37316,-3.13439,2023-09-29 13:00:00,NASA,SNPP,Fire inside Sitrep,SUMSEL,5636,2023,2023:5636,2023,17060,1413768,0.004447803209309735,402.0,True,False,-18.0,1,2023-09-29 06:18:00,-3.13435,105.37316,0,0,2,6
102.86166,-1.03936,2023-09-29 14:00:00,NASA,NOAA20,Verified No fire,JAMBI SMF,5644,2023,2023:5644,2023,17068,727771,0.0,411.0,True,False,-9.0,1,2023-09-29 07:09:00,-1.03936,102.86166,0,0,0,0
105.42472,-3.69874,2023-09-29 14:00:00,NASA,NOAA20,Fire inside Sitrep,SUMSEL,5652,2023,2023:5652,2023,17076,727344,0.0,412.0,True,False,-8.0,1,2023-09-29 07:08:00,-3.69874,105.42472,0,0,0,0
105.28196,-3.11998,2023-09-29 14:00:00,NASA,NOAA20,Fire inside Sitrep,SUMSEL,5674,2023,2023:5674,2023,17098,727478,0.0,412.0,True,False,-8.0,1,2023-09-29 07:08:00,-3.11998,105.28196,0,0,0,1
105.55245,-3.68961,2023-09-29 14:00:00,NASA,NOAA20,Fire inside Sitrep,SUMSEL,5687,2023,2023:5687,2023,17111,727345,0.0,412.0,True,False,-8.0,1,2023-09-29 07:08:00,-3.68961,105.55245,0,0,2,5
105.34615,-3.16796,2023-09-30 01:00:00,NASA,NOAA20,Fire inside Sitrep,SUMSEL,5730,2023,2023:5730,2023,17154,728501,0.0,410.0,True,False,-10.0,1,2023-09-29 18:10:00,-3.16796,105.34615,0,0,0,1
105.34668732,-3.1678412,2023-09-30 01:00:00,LAPAN,NOAA20,Fire inside Sitrep,SUMSEL,5744,2023,2023:5744,2023,17168,728501,0.06110111699385173,410.0,True,False,-10.0,1,2023-09-29 18:10:00,-3.16796,105.34615,0,0,0,1
103.22668457,-2.56499982,2023-09-30 01:00:00,LAPAN,NOAA20,Verified No fire,SUMSEL MUBA,5754,2023,2023:5754,2023,17178,728461,0.05674787692006246,410.0,True,False,-10.0,1,2023-09-29 18:10:00,-2.56492,103.22618,0,0,2,7
105.27849,-3.11792,2023-09-30 01:00:00,NASA,NOAA20,Fire inside Sitrep,SUMSEL,5779,2023,2023:5779,2023,17203,728499,0.0,410.0,True,False,-10.0,1,2023-09-29 18:10:00,-3.11792,105.27849,0,0,0,1
103.22618,-2.56492,2023-09-30 01:00:00,NASA,NOAA20,Verified No fire,SUMSEL MUBA,5782,2023,2023:5782,2023,17206,728461,0.0,410.0,True,False,-10.0,1,2023-09-29 18:10:00,-2.56492,103.22618,0,0,2,7
105.27888489,-3.11787319,2023-09-30 01:00:00,LAPAN,NOAA20,Fire inside Sitrep,SUMSEL,5793,2023,2023:5793,2023,17217,728499,0.04415270432064121,410.0,True,False,-10.0,1,2023-09-29 18:10:00,-3.11792,105.27849,0,0,0,1
105.36948,-3.13043,2023-09-30 12:00:00,NASA,SNPP,Fire inside Sitrep,SUMSEL,5850,2023,2023:5850,2023,17274,1417626,0.013559499894894548,361.0,True,False,-59.0,1,2023-09-30 05:59:00,-3.13036,105.36938,0,0,0,10
105.27175,-2.90221,2023-09-30 12:00:00,NASA,SNPP,Fire inside Sitrep,SUMSEL,5854,2023,2023:5854,2023,17278,1417538,0.010536715491768323,361.0,True,False,-59.0,1,2023-09-30 05:59:00,-2.90218,105.27184,0,0,0,0
105.36345673,-3.15911078,2023-09-30 12:00:00,LAPAN,SNPP,Fire inside Sitrep,SUMSEL,5865,2023,2023:5865,2023,17289,1417633,0.07385644408633892,361.0,True,False,-59.0,1,2023-09-30 05:59:00,-3.15906,105.36412,0,0,0,2
105.34564209,-3.16638112,2023-09-30 12:00:00,LAPAN,SNPP,Fire inside Sitrep,SUMSEL,5866,2023,2023:5866,2023,17290,1417637,0.07429575550987119,361.0,True,False,-59.0,1,2023-09-30 05:59:00,-3.16634,105.34631,0,0,0,3
103.42214,-2.28328,2023-09-30 12:00:00,NASA,SNPP,Verified No fire,SUMSEL MUBA,5881,2023,2023:5881,2023,17305,1417335,0.02251001406552159,361.0,True,False,-59.0,1,2023-09-30 05:59:00,-2.28311,103.42203,0,0,0,1
103.49808,-2.27717,2023-09-30 12:00:00,NASA,SNPP,Verified No fire,SUMSEL MUBA,5882,2023,2023:5882,2023,17306,1417339,0.022232695767056453,361.0,True,False,-59.0,1,2023-09-30 05:59:00,-2.27701,103.49796,0,0,0,3
105.23431,-2.98262,2023-09-30 12:00:00,NASA,SNPP,Fire inside Sitrep,SUMSEL,5884,2023,2023:5884,2023,17308,1417577,0.008955680850983872,361.0,True,False,-59.0,1,2023-09-30 05:59:00,-2.98258,105.23424,0,0,0,6
105.36423,-3.15913,2023-09-30 12:00:00,NASA,SNPP,Fire inside Sitrep,SUMSEL,5887,2023,2023:5887,2023,17311,1417633,0.014482386665569875,361.0,True,False,-59.0,1,2023-09-30 05:59:00,-3.15906,105.36412,0,0,0,2
105.34642,-3.1664,2023-09-30 12:00:00,NASA,SNPP,Fire inside Sitrep,SUMSEL,5888,2023,2023:5888,2023,17312,1417637,0.013916313482610984,361.0,True,False,-59.0,1,2023-09-30 05:59:00,-3.16634,105.34631,0,0,0,3
105.6233902,-3.11184525,2023-09-30 12:00:00,LAPAN,SNPP,Fire inside Sitrep,SUMSEL,5891,2023,2023:5891,2023,17315,1417632,0.07232326046680533,361.0,True,False,-59.0,1,2023-09-30 05:59:00,-3.1118,105.62404,0,0,0,5
105.62415,-3.11186,2023-09-30 12:00:00,NASA,SNPP,Fire inside Sitrep,SUMSEL,5916,2023,2023:5916,2023,17340,1417632,0.013916873022693345,361.0,True,False,-59.0,1,2023-09-30 05:59:00,-3.1118,105.62404,0,0,0,5
105.54795,-3.43079,2023-09-30 12:00:00,NASA,SNPP,Fire inside Sitrep,SUMSEL,5918,2023,2023:5918,2023,17342,1417826,0.014062669926895994,361.0,True,False,-59.0,1,2023-09-30 05:59:00,-3.43091,105.54799,0,0,0,7
105.23352814,-2.98258877,2023-09-30 12:00:00,LAPAN,SNPP,Fire inside Sitrep,SUMSEL,5947,2023,2023:5947,2023,17371,1417577,0.0790541206949479,361.0,True,False,-59.0,1,2023-09-30 05:59:00,-2.98258,105.23424,0,0,0,6
105.36871338,-3.13043737,2023-09-30 12:00:00,LAPAN,SNPP,Fire inside Sitrep,SUMSEL,5948,2023,2023:5948,2023,17372,1417626,0.07451258160733874,361.0,True,False,-59.0,1,2023-09-30 05:59:00,-3.13036,105.36938,0,0,0,10
105.43155,-3.31192,2023-09-30 12:00:00,NASA,SNPP,Fire inside Sitrep,SUMSEL,5961,2023,2023:5961,2023,17385,1417727,0.014044048480907996,361.0,True,False,-59.0,1,2023-09-30 05:59:00,-3.31188,105.43143,0,0,0,7
105.32912,-2.41311,2023-09-30 12:00:00,NASA,SNPP,Verified No fire,SUMSEL,5963,2023,2023:5963,2023,17387,1417424,0.0056650243778532524,361.0,True,False,-59.0,1,2023-09-30 05:59:00,-2.41312,105.32917,0,0,0,0
105.27707,-2.84074,2023-09-30 12:00:00,NASA,SNPP,Verified No fire,SUMSEL,5964,2023,2023:5964,2023,17388,1417525,0.009490277350895443,361.0,True,False,-59.0,1,2023-09-30 05:59:00,-2.84071,105.27715,0,0,0,0
105.41372,-3.69795,2023-09-30 12:00:00,NASA,SNPP,Fire inside Sitrep,SUMSEL,5999,2023,2023:5999,2023,17423,1418079,0.011954583764867376,361.0,True,False,-59.0,1,2023-09-30 05:59:00,-3.69799,105.41382,0,0,0,0
105.759,-3.89426,2023-09-30 12:00:00,NASA,SNPP,Fire inside Sitrep,SUMSEL,6012,2023,2023:6012,2023,17436,1416652,0.0024818059333836635,361.0,True,False,-59.0,1,2023-09-30 05:59:00,-3.89427,105.75902,0,0,0,0
103.2279129,-2.56383061,2023-10-01 01:00:00,LAPAN,SNPP,Verified No fire,SUMSEL MUBA,6102,2023,2023:6102,2023,17526,1418372,0.08409289879057598,378.0,True,False,-42.0,1,2023-09-30 18:42:00,-2.56402,103.22718,0,0,0,6
103.4154129,-2.279809,2023-10-01 01:00:00,LAPAN,SNPP,Verified No fire,SUMSEL MUBA,6137,2023,2023:6137,2023,17561,1418365,0.055437360872243116,379.0,True,False,-41.0,1,2023-09-30 18:41:00,-2.27965,103.41494,0,0,0,4
105.40685,-3.19838,2023-10-01 01:00:00,NASA,SNPP,Verified No fire,SUMSEL,6164,2023,2023:6164,2023,17588,1418659,0.00896139873744355,378.0,True,False,-42.0,1,2023-09-30 18:42:00,-3.19831,105.40689,0,0,0,0
105.43336,-3.31461,2023-10-01 01:00:00,NASA,SNPP,Fire inside Sitrep,SUMSEL,6170,2023,2023:6170,2023,17594,1418625,0.0184975022696189,378.0,True,False,-42.0,1,2023-09-30 18:42:00,-3.31447,105.43327,0,0,0,2
105.53989,-3.7694,2023-10-01 01:00:00,NASA,SNPP,Fire inside Sitrep,SUMSEL,6178,2023,2023:6178,2023,17602,1418386,0.0059862532408059355,378.0,True,False,-42.0,1,2023-09-30 18:42:00,-3.76945,105.53991,0,0,0,1
105.74048,-3.61807,2023-10-01 01:00:00,NASA,SNPP,Fire inside Sitrep,SUMSEL,6190,2023,2023:6190,2023,17614,1418446,0.0031419390976645967,378.0,True,False,-42.0,1,2023-09-30 18:42:00,-3.61809,105.74046,0,0,0,15
105.77853,-3.75683,2023-10-01 01:00:00,NASA,SNPP,Fire inside Sitrep,SUMSEL,6192,2023,2023:6192,2023,17616,1418385,0.0035155422965658877,378.0,True,False,-42.0,1,2023-09-30 18:42:00,-3.75686,105.77854,0,0,0,3
103.41489,-2.27951,2023-10-01 01:00:00,NASA,SNPP,Verified No fire,SUMSEL MUBA,6195,2023,2023:6195,2023,17619,1418365,0.016528857778720443,379.0,True,False,-41.0,1,2023-09-30 18:41:00,-2.27965,103.41494,0,0,0,4
105.40746307,-3.19868279,2023-10-01 01:00:00,LAPAN,SNPP,Verified No fire,SUMSEL,6205,2023,2023:6205,2023,17629,1418659,0.07593567577987684,378.0,True,False,-42.0,1,2023-09-30 18:42:00,-3.19831,105.40689,0,0,0,0
103.22713,-2.56395,2023-10-01 01:00:00,NASA,SNPP,Verified No fire,SUMSEL MUBA,6207,2023,2023:6207,2023,17631,1418372,0.009562128416611575,378.0,True,False,-42.0,1,2023-09-30 18:42:00,-2.56402,103.22718,0,0,0,6
103.79963,-2.10067,2023-10-01 01:00:00,NASA,SNPP,Verified No fire,SUMSEL MUBA,6209,2023,2023:6209,2023,17633,1418357,0.005666195111443238,379.0,True,False,-41.0,1,2023-09-30 18:41:00,-2.10066,103.79958,0,0,0,0
105.77919006,-3.75705862,2023-10-01 01:00:00,LAPAN,SNPP,Fire inside Sitrep,SUMSEL,6215,2023,2023:6215,2023,17639,1418385,0.07543367993343708,378.0,True,False,-42.0,1,2023-09-30 18:42:00,-3.75686,105.77854,0,0,0,3
105.74872589,-3.52933478,2023-10-01 12:00:00,LAPAN,SNPP,Fire inside Sitrep,SUMSEL,6228,2023,2023:6228,2023,17652,1420589,0.09487156518954627,380.0,True,False,-40.0,1,2023-10-01 05:40:00,-3.5293,105.74958,0,0,0,0
105.74992,-3.52919,2023-10-01 12:00:00,NASA,SNPP,Fire inside Sitrep,SUMSEL,6229,2023,2023:6229,2023,17653,1420589,0.03966750214274127,380.0,True,False,-40.0,1,2023-10-01 05:40:00,-3.5293,105.74958,0,0,0,0
105.65349,-3.51838,2023-10-01 12:00:00,NASA,SNPP,Fire inside Sitrep,SUMSEL,6233,2023,2023:6233,2023,17657,1420601,0.027503192591948746,380.0,True,False,-40.0,1,2023-10-01 05:40:00,-3.51855,105.65331,0,0,0,9
105.66418,-3.45363,2023-10-01 12:00:00,NASA,SNPP,Fire inside Sitrep,SUMSEL,6258,2023,2023:6258,2023,17682,1420610,0.025936617620426563,380.0,True,False,-40.0,1,2023-10-01 05:40:00,-3.4538,105.66402,0,0,0,0
105.56719,-3.82427,2023-10-01 12:00:00,NASA,SNPP,Fire inside Sitrep,SUMSEL,6276,2023,2023:6276,2023,17700,1420487,0.025337371718448964,380.0,True,False,-40.0,1,2023-10-01 05:40:00,-3.82416,105.56699,0,0,0,1
105.62341,-3.11025,2023-10-01 12:00:00,NASA,SNPP,Fire inside Sitrep,SUMSEL,6281,2023,2023:6281,2023,17705,1420735,0.003515779571721888,380.0,True,False,-40.0,1,2023-10-01 05:40:00,-3.11022,105.62342,0,0,0,2
105.57618,-3.45357,2023-10-01 12:00:00,NASA,SNPP,Fire inside Sitrep,SUMSEL,6288,2023,2023:6288,2023,17712,1420618,0.026708845785607626,380.0,True,False,-40.0,1,2023-10-01 05:40:00,-3.45374,105.57601,0,0,0,0
105.29034,-3.10765,2023-10-02 01:00:00,NASA,SNPP,Fire inside Sitrep,SUMSEL,6471,2023,2023:6471,2023,17895,1421624,0.002485666728539899,397.0,True,False,-23.0,1,2023-10-01 18:23:00,-3.10767,105.29033,0,0,0,0
103.41727,-2.27947,2023-10-02 01:00:00,NASA,SNPP,Verified No fire,SUMSEL MUBA,6482,2023,2023:6482,2023,17906,1421573,0.004006999582488201,397.0,True,False,-23.0,1,2023-10-01 18:23:00,-2.27949,103.4173,0,0,0,6
105.3687,-3.12675,2023-10-02 01:00:00,NASA,SNPP,Fire inside Sitrep,SUMSEL,6483,2023,2023:6483,2023,17907,1421629,0.003142731655905547,397.0,True,False,-23.0,1,2023-10-01 18:23:00,-3.12677,105.36868,0,0,0,3
105.43159,-3.31231,2023-10-02 01:00:00,NASA,SNPP,Fire inside Sitrep,SUMSEL,6515,2023,2023:6515,2023,17939,1421666,0.01558103301168882,397.0,True,False,-23.0,1,2023-10-01 18:23:00,-3.31232,105.43145,0,0,0,1
103.41779327,-2.27977467,2023-10-02 01:00:00,LAPAN,SNPP,Verified No fire,SUMSEL MUBA,6550,2023,2023:6550,2023,17974,1421573,0.06329015852097672,397.0,True,False,-23.0,1,2023-10-01 18:23:00,-2.27949,103.4173,0,0,0,6
105.65194702,-3.45172119,2023-10-02 01:00:00,LAPAN,SNPP,Fire inside Sitrep,SUMSEL,6569,2023,2023:6569,2023,17993,1421793,0.07227343805725259,397.0,True,False,-23.0,1,2023-10-01 18:23:00,-3.45142,105.65137,0,0,0,0
105.46676636,-3.34144998,2023-10-02 01:00:00,LAPAN,SNPP,Fire inside Sitrep,SUMSEL,6579,2023,2023:6579,2023,18003,1421674,0.0979149323032519,397.0,True,False,-23.0,1,2023-10-01 18:23:00,-3.34155,105.46589,0,0,0,6
105.46603,-3.34155,2023-10-02 01:00:00,NASA,SNPP,Fire inside Sitrep,SUMSEL,6580,2023,2023:6580,2023,18004,1421674,0.015540843840116165,397.0,True,False,-23.0,1,2023-10-01 18:23:00,-3.34155,105.46589,0,0,0,6
103.3384,-1.16761,2023-10-02 01:00:00,NASA,SNPP,Verified No fire,JAMBI SMF,6585,2023,2023:6585,2023,18009,1421476,0.006762366221257675,398.0,True,False,-22.0,1,2023-10-01 18:22:00,-1.16762,103.33834,0,0,0,1
105.54802704,-3.41162872,2023-10-02 01:00:00,LAPAN,SNPP,Fire inside Sitrep,SUMSEL,6589,2023,2023:6589,2023,18013,1421753,0.07374614506843988,397.0,True,False,-23.0,1,2023-10-01 18:23:00,-3.4113,105.54745,0,0,0,0
105.29108429,-3.10755038,2023-10-02 01:00:00,LAPAN,SNPP,Fire inside Sitrep,SUMSEL,6592,2023,2023:6592,2023,18016,1421624,0.08479966485497253,397.0,True,False,-23.0,1,2023-10-01 18:23:00,-3.10767,105.29033,0,0,0,0
105.3694458,-3.1266408,2023-10-02 01:00:00,LAPAN,SNPP,Fire inside Sitrep,SUMSEL,6611,2023,2023:6611,2023,18035,1421629,0.08623159115121706,397.0,True,False,-23.0,1,2023-10-01 18:23:00,-3.12677,105.36868,0,0,0,3
105.65146,-3.45141,2023-10-02 01:00:00,NASA,SNPP,Fire inside Sitrep,SUMSEL,6616,2023,2023:6616,2023,18040,1421793,0.010051102350697404,397.0,True,False,-23.0,1,2023-10-01 18:23:00,-3.45142,105.65137,0,0,0,0
105.54754,-3.41129,2023-10-02 01:00:00,NASA,SNPP,Fire inside Sitrep,SUMSEL,6617,2023,2023:6617,2023,18041,1421753,0.010051519196670786,397.0,True,False,-23.0,1,2023-10-01 18:23:00,-3.4113,105.54745,0,0,0,0
105.43232727,-3.31224251,2023-10-02 01:00:00,LAPAN,SNPP,Fire inside Sitrep,SUMSEL,6624,2023,2023:6624,2023,18048,1421666,0.09776559485339978,397.0,True,False,-23.0,1,2023-10-01 18:23:00,-3.31232,105.43145,0,0,0,1
103.3806839,-1.20528829,2023-10-02 13:00:00,LAPAN,NOAA20,Verified No fire,JAMBI SMF,6688,2023,2023:6688,2023,18112,732744,0.08682708031581911,408.0,True,False,-12.0,1,2023-10-02 06:12:00,-1.20474,103.38124,0,0,0,4
103.38124,-1.20474,2023-10-02 13:00:00,NASA,NOAA20,Verified No fire,JAMBI SMF,6689,2023,2023:6689,2023,18113,732744,0.0,408.0,True,False,-12.0,1,2023-10-02 06:12:00,-1.20474,103.38124,0,0,0,4
103.30157,-2.53818,2023-10-02 13:00:00,NASA,NOAA20,Verified No fire,SUMSEL MUBA,6706,2023,2023:6706,2023,18130,733146,0.0,408.0,True,False,-12.0,1,2023-10-02 06:12:00,-2.53818,103.30157,0,0,0,0
103.30099487,-2.53875351,2023-10-02 13:00:00,LAPAN,NOAA20,Verified No fire,SUMSEL MUBA,6718,2023,2023:6718,2023,18142,733146,0.09026954579729629,408.0,True,False,-12.0,1,2023-10-02 06:12:00,-2.53818,103.30157,0,0,0,0
103.45522,-2.30233,2023-10-02 14:00:00,NASA,SNPP,Verified No fire,SUMSEL MUBA,6730,2023,2023:6730,2023,18154,1424317,0.01729091494445894,418.0,True,False,-2.0,1,2023-10-02 07:02:00,-2.30222,103.45511,0,0,0,0
103.22133,-2.48129,2023-10-02 14:00:00,NASA,SNPP,Verified No fire,SUMSEL MUBA,6734,2023,2023:6734,2023,18158,1424316,0.023359527393431397,418.0,True,False,-2.0,1,2023-10-02 07:02:00,-2.4812,103.22114,0,0,0,6
105.24803,-2.91138,2023-10-02 14:00:00,NASA,SNPP,Fire inside Sitrep,SUMSEL,6736,2023,2023:6736,2023,18160,1424362,0.026865569128719704,418.0,True,False,-2.0,1,2023-10-02 07:02:00,-2.9116,105.24793,0,0,0,0
105.54498,-3.43618,2023-10-03 01:00:00,NASA,NOAA20,Fire inside Sitrep,SUMSEL,6807,2023,2023:6807,2023,18231,734250,0.0,366.0,True,False,-54.0,1,2023-10-02 18:54:00,-3.43618,105.54498,0,0,2,7
105.46614,-3.75732,2023-10-03 01:00:00,NASA,NOAA20,Fire inside Sitrep,SUMSEL,6809,2023,2023:6809,2023,18233,734223,0.0,366.0,True,False,-54.0,1,2023-10-02 18:54:00,-3.75732,105.46614,0,0,0,9
105.57292,-3.80972,2023-10-03 01:00:00,NASA,NOAA20,Fire inside Sitrep,SUMSEL,6810,2023,2023:6810,2023,18234,734224,0.0,366.0,True,False,-54.0,1,2023-10-02 18:54:00,-3.80972,105.57292,0,0,0,1
105.69087,-3.49971,2023-10-03 01:00:00,NASA,NOAA20,Fire inside Sitrep,SUMSEL,6828,2023,2023:6828,2023,18252,734241,0.0,366.0,True,False,-54.0,1,2023-10-02 18:54:00,-3.49971,105.69087,0,0,2,7
103.3399,-1.16807,2023-10-03 01:00:00,NASA,SNPP,Verified No fire,JAMBI SMF,6834,2023,2023:6834,2023,18258,1425550,0.014622460394048634,417.0,True,False,-3.0,1,2023-10-02 18:03:00,-1.16809,103.34003,0,0,1,2
103.22308,-2.4794,2023-10-03 01:00:00,NASA,NOAA20,Verified No fire,SUMSEL MUBA,6865,2023,2023:6865,2023,18289,734135,0.0,366.0,True,False,-54.0,1,2023-10-02 18:54:00,-2.4794,103.22308,0,0,2,6
105.35157,-3.17605,2023-10-03 01:00:00,NASA,SNPP,Verified No fire,SUMSEL,6873,2023,2023:6873,2023,18297,1426009,0.01616725789629929,416.0,True,False,-4.0,1,2023-10-02 18:04:00,-3.17609,105.35143,0,0,3,4
105.46412,-3.34281,2023-10-03 01:00:00,NASA,SNPP,Fire inside Sitrep,SUMSEL,6874,2023,2023:6874,2023,18298,1425978,0.005979256132479844,416.0,True,False,-4.0,1,2023-10-02 18:04:00,-3.34283,105.46407,0,0,0,1
105.71651,-3.63111,2023-10-03 01:00:00,NASA,SNPP,Fire inside Sitrep,SUMSEL,6876,2023,2023:6876,2023,18300,1426057,0.011152755655512145,416.0,True,False,-4.0,1,2023-10-02 18:04:00,-3.63112,105.71661,0,0,0,2
103.24162,-1.06343,2023-10-03 01:00:00,NASA,NOAA20,Verified No fire,JAMBI SMF,6878,2023,2023:6878,2023,18302,734081,0.0,367.0,True,False,-53.0,1,2023-10-02 18:53:00,-1.06343,103.24162,0,0,0,0
105.63915,-3.52629,2023-10-03 01:00:00,NASA,SNPP,Fire inside Sitrep,SUMSEL,6892,2023,2023:6892,2023,18316,1426076,0.0015710479591868197,416.0,True,False,-4.0,1,2023-10-02 18:04:00,-3.52628,105.63916,0,0,1,1
105.63858,-3.52584,2023-10-03 01:00:00,NASA,NOAA20,Fire inside Sitrep,SUMSEL,6895,2023,2023:6895,2023,18319,734201,0.0,366.0,True,False,-54.0,1,2023-10-02 18:54:00,-3.52584,105.63858,0,0,1,1
103.33739,-1.16902,2023-10-03 01:00:00,NASA,NOAA20,Verified No fire,JAMBI SMF,6911,2023,2023:6911,2023,18335,734074,0.0,367.0,True,False,-53.0,1,2023-10-02 18:53:00,-1.16902,103.33739,0,0,1,2
105.69672,-3.4991,2023-10-03 12:00:00,NASA,NOAA20,Fire inside Sitrep,SUMSEL,6933,2023,2023:6933,2023,18357,735209,0.0,368.0,True,False,-52.0,1,2023-10-03 05:52:00,-3.4991,105.69672,0,0,2,7
103.43352,-2.2813,2023-10-03 12:00:00,NASA,NOAA20,Verified No fire,SUMSEL MUBA,6939,2023,2023:6939,2023,18363,735534,0.0,367.0,True,False,-53.0,1,2023-10-03 05:53:00,-2.2813,103.43352,0,0,2,3
105.65453,-3.63819,2023-10-03 12:00:00,NASA,NOAA20,Fire inside Sitrep,SUMSEL,6940,2023,2023:6940,2023,18364,735248,0.0,368.0,True,False,-52.0,1,2023-10-03 05:52:00,-3.63819,105.65453,0,0,1,1
102.85117,-1.21183,2023-10-03 12:00:00,NASA,NOAA20,Verified No fire,JAMBI SMF,6958,2023,2023:6958,2023,18382,735839,0.0,367.0,True,False,-53.0,1,2023-10-03 05:53:00,-1.21183,102.85117,0,0,0,0
105.3802,-3.7338,2023-10-03 12:00:00,NASA,NOAA20,Fire inside Sitrep,SUMSEL,6959,2023,2023:6959,2023,18383,735265,0.0,368.0,True,False,-52.0,1,2023-10-03 05:52:00,-3.7338,105.3802,0,0,1,1
105.27261,-3.13652,2023-10-03 12:00:00,NASA,NOAA20,Fire inside Sitrep,SUMSEL,6962,2023,2023:6962,2023,18386,735608,0.0,367.0,True,False,-53.0,1,2023-10-03 05:53:00,-3.13652,105.27261,0,0,4,5
105.17973,-3.10323,2023-10-03 12:00:00,NASA,NOAA20,Fire inside Sitrep,SUMSEL,6964,2023,2023:6964,2023,18388,735612,0.0,367.0,True,False,-53.0,1,2023-10-03 05:53:00,-3.10323,105.17973,0,0,1,1
105.69409,-3.30476,2023-10-03 12:00:00,NASA,NOAA20,Fire inside Sitrep,SUMSEL,6968,2023,2023:6968,2023,18392,735094,0.0,368.0,True,False,-52.0,1,2023-10-03 05:52:00,-3.30476,105.69409,0,0,9,9
103.2263,-2.47961,2023-10-03 12:00:00,NASA,NOAA20,Verified No fire,SUMSEL MUBA,6970,2023,2023:6970,2023,18394,735791,0.0,367.0,True,False,-53.0,1,2023-10-03 05:53:00,-2.47961,103.2263,0,0,0,7
105.58898,-3.83193,2023-10-03 12:00:00,NASA,NOAA20,Fire inside Sitrep,SUMSEL,6982,2023,2023:6982,2023,18406,735316,0.0,368.0,True,False,-52.0,1,2023-10-03 05:52:00,-3.83193,105.58898,0,0,0,0
105.88913,-3.88086,2023-10-03 12:00:00,NASA,NOAA20,Fire inside Sitrep,SUMSEL,6990,2023,2023:6990,2023,18414,735371,0.0,368.0,True,False,-52.0,1,2023-10-03 05:52:00,-3.88086,105.88913,0,0,1,1
105.73195,-3.61515,2023-10-03 13:00:00,NASA,SNPP,Fire inside Sitrep,SUMSEL,7001,2023,2023:7001,2023,18425,1427157,0.0049648804548873705,377.0,True,False,-43.0,1,2023-10-03 06:43:00,-3.61513,105.73199,0,0,0,19
103.49219,-2.27967,2023-10-03 13:00:00,NASA,SNPP,Verified No fire,SUMSEL MUBA,7002,2023,2023:7002,2023,18426,1427445,0.004006999195849183,377.0,True,False,-43.0,1,2023-10-03 06:43:00,-2.27969,103.49216,0,0,0,0
105.65425,-3.6397,2023-10-03 13:00:00,NASA,SNPP,Verified Fire,SUMSEL,7016,2023,2023:7016,2023,18440,1427166,0.004964772653762533,377.0,True,False,-43.0,1,2023-10-03 06:43:00,-3.63968,105.65429,0,0,1,1
105.49406,-3.78551,2023-10-03 13:00:00,NASA,SNPP,Fire inside Sitrep,SUMSEL,7024,2023,2023:7024,2023,18448,1427473,0.013498749769985875,377.0,True,False,-43.0,1,2023-10-03 06:43:00,-3.78549,105.49418,0,0,0,0
105.57751,-3.81213,2023-10-03 13:00:00,NASA,SNPP,Fire inside Sitrep,SUMSEL,7025,2023,2023:7025,2023,18449,1427579,0.011150486838162787,377.0,True,False,-43.0,1,2023-10-03 06:43:00,-3.81212,105.57761,0,0,0,3
105.17855,-3.10637,2023-10-03 13:00:00,NASA,SNPP,Fire inside Sitrep,SUMSEL,7045,2023,2023:7045,2023,18469,1426935,0.00496695057214158,377.0,True,False,-43.0,1,2023-10-03 06:43:00,-3.10639,105.17859,0,0,1,2
105.38111,-3.73461,2023-10-03 13:00:00,NASA,SNPP,Fire inside Sitrep,SUMSEL,7051,2023,2023:7051,2023,18475,1427174,0.004964349041446294,377.0,True,False,-43.0,1,2023-10-03 06:43:00,-3.73459,105.38115,0,0,1,1
105.43478,-3.76578,2023-10-03 13:00:00,NASA,SNPP,Fire inside Sitrep,SUMSEL,7053,2023,2023:7053,2023,18477,1427179,0.003509465018496935,377.0,True,False,-43.0,1,2023-10-03 06:43:00,-3.76577,105.43481,0,0,0,0
105.4933548,-3.78534842,2023-10-03 13:00:00,LAPAN,SNPP,Fire inside Sitrep,SUMSEL,7061,2023,2023:7061,2023,18485,1427473,0.0929016030263231,377.0,True,False,-43.0,1,2023-10-03 06:43:00,-3.78549,105.49418,0,0,0,0
105.45925,-3.78311,2023-10-03 13:00:00,NASA,SNPP,Fire inside Sitrep,SUMSEL,7063,2023,2023:7063,2023,18487,1427471,0.013360685681325955,377.0,True,False,-43.0,1,2023-10-03 06:43:00,-3.7831,105.45937,0,0,0,0
105.57678986,-3.81193423,2023-10-03 13:00:00,LAPAN,SNPP,Fire inside Sitrep,SUMSEL,7070,2023,2023:7070,2023,18494,1427579,0.093308976772563,377.0,True,False,-43.0,1,2023-10-03 06:43:00,-3.81212,105.57761,0,0,0,3
105.36272,-3.74142,2023-10-03 13:00:00,NASA,SNPP,Fire inside Sitrep,SUMSEL,7071,2023,2023:7071,2023,18495,1427175,0.004964318227877642,377.0,True,False,-43.0,1,2023-10-03 06:43:00,-3.7414,105.36276,0,0,0,0
105.55019379,-3.73649931,2023-10-03 13:00:00,LAPAN,SNPP,Fire inside Sitrep,SUMSEL,7099,2023,2023:7099,2023,18523,1427183,0.08905306126186215,377.0,True,False,-43.0,1,2023-10-03 06:43:00,-3.7366,105.55099,0,0,0,7
105.45854187,-3.78296566,2023-10-03 13:00:00,LAPAN,SNPP,Fire inside Sitrep,SUMSEL,7100,2023,2023:7100,2023,18524,1427471,0.09308968575914073,377.0,True,False,-43.0,1,2023-10-03 06:43:00,-3.7831,105.45937,0,0,0,0
105.55089,-3.73661,2023-10-03 13:00:00,NASA,SNPP,Fire inside Sitrep,SUMSEL,7101,2023,2023:7101,2023,18525,1427183,0.011151446817645025,377.0,True,False,-43.0,1,2023-10-03 06:43:00,-3.7366,105.55099,0,0,0,7
105.88605,-3.87964,2023-10-03 13:00:00,NASA,SNPP,Fire inside Sitrep,SUMSEL,7110,2023,2023:7110,2023,18534,1427634,0.020245956215344234,377.0,True,False,-43.0,1,2023-10-03 06:43:00,-3.87967,105.88623,0,0,1,1
103.49137115,-2.27992773,2023-10-03 13:00:00,LAPAN,SNPP,Verified No fire,SUMSEL MUBA,7111,2023,2023:7111,2023,18535,1427445,0.09154638746557173,377.0,True,False,-43.0,1,2023-10-03 06:43:00,-2.27969,103.49216,0,0,0,0
105.55024,-3.43335,2023-10-04 00:00:00,NASA,SNPP,Fire inside Sitrep,SUMSEL,7116,2023,2023:7116,2023,18540,1428783,0.05949638996732665,375.0,True,False,-45.0,1,2023-10-03 17:45:00,-3.43327,105.55077,0,0,3,10
105.80247,-3.59482,2023-10-04 00:00:00,NASA,SNPP,Fire inside Sitrep,SUMSEL,7122,2023,2023:7122,2023,18546,1429407,0.04418546893693962,375.0,True,False,-45.0,1,2023-10-03 17:45:00,-3.59474,105.80286,0,0,3,3
105.57778,-3.69129,2023-10-04 00:00:00,NASA,SNPP,Fire inside Sitrep,SUMSEL,7128,2023,2023:7128,2023,18552,1429390,0.010996339233013607,375.0,True,False,-45.0,1,2023-10-03 17:45:00,-3.69122,105.57785,0,0,0,2
105.55124664,-3.4338882,2023-10-04 00:00:00,LAPAN,SNPP,Fire inside Sitrep,SUMSEL,7143,2023,2023:7143,2023,18567,1428783,0.08674228496229937,375.0,True,False,-45.0,1,2023-10-03 17:45:00,-3.43327,105.55077,0,0,3,10
105.69382,-3.50118,2023-10-04 00:00:00,NASA,SNPP,Fire inside Sitrep,SUMSEL,7145,2023,2023:7145,2023,18569,1428771,0.05748151123473892,375.0,True,False,-45.0,1,2023-10-03 17:45:00,-3.50109,105.69433,0,0,1,7
105.69482422,-3.50165963,2023-10-04 00:00:00,LAPAN,SNPP,Fire inside Sitrep,SUMSEL,7154,2023,2023:7154,2023,18578,1428771,0.08378980687229927,375.0,True,False,-45.0,1,2023-10-03 17:45:00,-3.50109,105.69433,0,0,1,7
103.42370605,-2.51951933,2023-10-04 01:00:00,LAPAN,NOAA20,Verified No fire,SUMSEL MUBA,7158,2023,2023:7158,2023,18582,736922,0.06998552341045072,385.0,True,False,-35.0,1,2023-10-03 18:35:00,-2.51985,103.42317,0,0,0,0
105.694664,-3.50051808,2023-10-04 01:00:00,LAPAN,NOAA20,Fire inside Sitrep,SUMSEL,7167,2023,2023:7167,2023,18591,736598,0.09113823059356709,385.0,True,False,-35.0,1,2023-10-03 18:35:00,-3.50094,105.69396,0,0,1,7
105.80312,-3.33564,2023-10-04 01:00:00,NASA,NOAA20,Fire inside Sitrep,SUMSEL,7179,2023,2023:7179,2023,18603,736862,0.0,385.0,True,False,-35.0,1,2023-10-03 18:35:00,-3.33564,105.80312,0,0,0,0
105.20903015,-3.11850262,2023-10-04 01:00:00,LAPAN,NOAA20,Fire inside Sitrep,SUMSEL,7186,2023,2023:7186,2023,18610,736879,0.068268064692139,385.0,True,False,-35.0,1,2023-10-03 18:35:00,-3.11883,105.20851,0,0,0,0
105.20851,-3.11883,2023-10-04 01:00:00,NASA,NOAA20,Fire inside Sitrep,SUMSEL,7192,2023,2023:7192,2023,18616,736879,0.0,385.0,True,False,-35.0,1,2023-10-03 18:35:00,-3.11883,105.20851,0,0,0,0
105.32968903,-2.41185188,2023-10-04 01:00:00,LAPAN,NOAA20,Verified No fire,SUMSEL,7199,2023,2023:7199,2023,18623,736973,0.06823589523082843,385.0,True,False,-35.0,1,2023-10-03 18:35:00,-2.41218,105.32917,0,0,0,0
103.59492493,-2.14442062,2023-10-04 01:00:00,LAPAN,NOAA20,Verified No fire,SUMSEL MUBA,7200,2023,2023:7200,2023,18624,736974,0.05498159914059393,385.0,True,False,-35.0,1,2023-10-03 18:35:00,-2.14469,103.59451,0,0,0,0
103.79568,-2.10206,2023-10-04 01:00:00,NASA,NOAA20,Verified No fire,SUMSEL MUBA,7201,2023,2023:7201,2023,18625,737018,0.0,385.0,True,False,-35.0,1,2023-10-03 18:35:00,-2.10206,103.79568,0,0,0,0
105.32917,-2.41218,2023-10-04 01:00:00,NASA,NOAA20,Verified No fire,SUMSEL,7208,2023,2023:7208,2023,18632,736973,0.0,385.0,True,False,-35.0,1,2023-10-03 18:35:00,-2.41218,105.32917,0,0,0,0
105.28359222,-3.11148977,2023-10-04 01:00:00,LAPAN,NOAA20,Fire inside Sitrep,SUMSEL,7210,2023,2023:7210,2023,18634,736880,0.06863196202319045,385.0,True,False,-35.0,1,2023-10-03 18:35:00,-3.11182,105.28307,0,0,0,4
105.28307,-3.11182,2023-10-04 01:00:00,NASA,NOAA20,Fire inside Sitrep,SUMSEL,7213,2023,2023:7213,2023,18637,736880,0.0,385.0,True,False,-35.0,1,2023-10-03 18:35:00,-3.11182,105.28307,0,0,0,4
103.23683929,-2.48325896,2023-10-04 01:00:00,LAPAN,NOAA20,Verified No fire,SUMSEL MUBA,7221,2023,2023:7221,2023,18645,736923,0.06937088485199903,385.0,True,False,-35.0,1,2023-10-03 18:35:00,-2.48359,103.23631,0,0,0,4
103.33897,-1.16783,2023-10-04 01:00:00,NASA,NOAA20,Verified No fire,JAMBI SMF,7234,2023,2023:7234,2023,18658,736826,0.0,385.0,True,False,-35.0,1,2023-10-03 18:35:00,-1.16783,103.33897,0,0,0,3
103.42317,-2.51985,2023-10-04 01:00:00,NASA,NOAA20,Verified No fire,SUMSEL MUBA,7242,2023,2023:7242,2023,18666,736922,0.0,385.0,True,False,-35.0,1,2023-10-03 18:35:00,-2.51985,103.42317,0,0,0,0
103.23631,-2.48359,2023-10-04 01:00:00,NASA,NOAA20,Verified No fire,SUMSEL MUBA,7243,2023,2023:7243,2023,18667,736923,0.0,385.0,True,False,-35.0,1,2023-10-03 18:35:00,-2.48359,103.23631,0,0,0,4
105.69396,-3.50094,2023-10-04 01:00:00,NASA,NOAA20,Fire inside Sitrep,SUMSEL,7259,2023,2023:7259,2023,18683,736598,0.0,385.0,True,False,-35.0,1,2023-10-03 18:35:00,-3.50094,105.69396,0,0,1,7
105.80384064,-3.33521414,2023-10-04 01:00:00,LAPAN,NOAA20,Verified Fire,SUMSEL,7262,2023,2023:7262,2023,18686,736862,0.09296073706704566,385.0,True,False,-35.0,1,2023-10-03 18:35:00,-3.33564,105.80312,0,0,0,0
103.59451,-2.14469,2023-10-04 01:00:00,NASA,NOAA20,Verified No fire,SUMSEL MUBA,7272,2023,2023:7272,2023,18696,736974,0.0,385.0,True,False,-35.0,1,2023-10-03 18:35:00,-2.14469,103.59451,0,0,0,0
105.79273,-3.60116,2023-10-04 12:00:00,NASA,NOAA20,Fire inside Sitrep,SUMSEL,7286,2023,2023:7286,2023,18710,738465,0.0,386.0,True,False,-34.0,1,2023-10-04 05:34:00,-3.60116,105.79273,0,0,2,3
105.17920685,-3.09811664,2023-10-04 13:00:00,LAPAN,SNPP,Fire inside Sitrep,SUMSEL,7302,2023,2023:7302,2023,18726,1430651,0.06293079973730165,396.0,True,False,-24.0,1,2023-10-04 06:24:00,-3.09824,105.17976,0,0,0,1
103.54237366,-2.12674093,2023-10-04 13:00:00,LAPAN,SNPP,Verified No fire,SUMSEL MUBA,7303,2023,2023:7303,2023,18727,1430372,0.07025627830268528,396.0,True,False,-24.0,1,2023-10-04 06:24:00,-2.12692,103.54298,0,0,0,0
105.7869,-3.76667,2023-10-04 13:00:00,NASA,SNPP,Fire inside Sitrep,SUMSEL,7305,2023,2023:7305,2023,18729,1430902,0.006749517348993073,396.0,True,False,-24.0,1,2023-10-04 06:24:00,-3.76666,105.78696,0,0,0,0
105.78621674,-3.76699352,2023-10-04 13:00:00,LAPAN,SNPP,Fire inside Sitrep,SUMSEL,7306,2023,2023:7306,2023,18730,1430902,0.09042332465191455,396.0,True,False,-24.0,1,2023-10-04 06:24:00,-3.76666,105.78696,0,0,0,0
105.60963,-3.58056,2023-10-04 13:00:00,NASA,SNPP,Fire inside Sitrep,SUMSEL,7308,2023,2023:7308,2023,18732,1430825,0.004003779198231832,396.0,True,False,-24.0,1,2023-10-04 06:24:00,-3.58058,105.6096,0,0,0,0
105.60286713,-3.81841588,2023-10-04 13:00:00,LAPAN,SNPP,Fire inside Sitrep,SUMSEL,7312,2023,2023:7312,2023,18736,1430908,0.09061409088804526,396.0,True,False,-24.0,1,2023-10-04 06:24:00,-3.8181,105.60362,0,0,0,0
105.65625,-3.47243,2023-10-04 13:00:00,NASA,SNPP,Fire inside Sitrep,SUMSEL,7319,2023,2023:7319,2023,18743,1430794,0.006284372040284506,396.0,True,False,-24.0,1,2023-10-04 06:24:00,-3.47247,105.65629,0,0,0,3
105.60895538,-3.58087945,2023-10-04 13:00:00,LAPAN,SNPP,Fire inside Sitrep,SUMSEL,7321,2023,2023:7321,2023,18745,1430825,0.0789081224751224,396.0,True,False,-24.0,1,2023-10-04 06:24:00,-3.58058,105.6096,0,0,0,0
103.58263397,-2.29113269,2023-10-04 13:00:00,LAPAN,SNPP,Verified No fire,SUMSEL MUBA,7322,2023,2023:7322,2023,18746,1430406,0.06255909480803339,396.0,True,False,-24.0,1,2023-10-04 06:24:00,-2.29127,103.58318,0,0,0,0
105.38175964,-3.74340558,2023-10-04 13:00:00,LAPAN,SNPP,Fire inside Sitrep,SUMSEL,7328,2023,2023:7328,2023,18752,1430868,0.06455214574628834,396.0,True,False,-24.0,1,2023-10-04 06:24:00,-3.74352,105.38233,0,0,0,3
105.38232,-3.74354,2023-10-04 13:00:00,NASA,SNPP,Fire inside Sitrep,SUMSEL,7329,2023,2023:7329,2023,18753,1430868,0.0024853374429759426,396.0,True,False,-24.0,1,2023-10-04 06:24:00,-3.74352,105.38233,0,0,0,3
103.37261,-1.18996,2023-10-04 13:00:00,NASA,SNPP,Verified No fire,JAMBI SMF,7342,2023,2023:7342,2023,18766,1431207,0.007031229357545203,395.0,True,False,-25.0,1,2023-10-04 06:25:00,-1.18998,103.37267,0,0,0,4
105.17976,-3.09823,2023-10-04 13:00:00,NASA,SNPP,Fire inside Sitrep,SUMSEL,7343,2023,2023:7343,2023,18767,1430651,0.0011119508023005593,396.0,True,False,-24.0,1,2023-10-04 06:24:00,-3.09824,105.17976,0,0,0,1
105.27411,-2.84117,2023-10-04 13:00:00,NASA,SNPP,Verified Fire,SUMSEL,7347,2023,2023:7347,2023,18771,1430563,0.004579386687570851,396.0,True,False,-24.0,1,2023-10-04 06:24:00,-2.84118,105.27407,0,0,0,0
105.78649902,-3.65523767,2023-10-04 13:00:00,LAPAN,SNPP,Fire inside Sitrep,SUMSEL,7357,2023,2023:7357,2023,18781,1430860,0.06309223897377103,396.0,True,False,-24.0,1,2023-10-04 06:24:00,-3.65533,105.78706,0,0,0,1
105.65569305,-3.47230005,2023-10-04 13:00:00,LAPAN,SNPP,Fire inside Sitrep,SUMSEL,7358,2023,2023:7358,2023,18782,1430794,0.06889834771140879,396.0,True,False,-24.0,1,2023-10-04 06:24:00,-3.47247,105.65629,0,0,0,3
105.64283752,-3.45726466,2023-10-04 13:00:00,LAPAN,SNPP,Fire inside Sitrep,SUMSEL,7359,2023,2023:7359,2023,18783,1430785,0.06664035223555305,396.0,True,False,-24.0,1,2023-10-04 06:24:00,-3.45741,105.64342,0,0,0,1
105.60355,-3.81812,2023-10-04 13:00:00,NASA,SNPP,Fire inside Sitrep,SUMSEL,7364,2023,2023:7364,2023,18788,1430908,0.008078514089769792,396.0,True,False,-24.0,1,2023-10-04 06:24:00,-3.8181,105.60362,0,0,0,0
105.64339,-3.45738,2023-10-04 13:00:00,NASA,SNPP,Fire inside Sitrep,SUMSEL,7365,2023,2023:7365,2023,18789,1430785,0.004713316455171877,396.0,True,False,-24.0,1,2023-10-04 06:24:00,-3.45741,105.64342,0,0,0,1
103.37191772,-1.19025385,2023-10-04 13:00:00,LAPAN,SNPP,Verified No fire,JAMBI SMF,7371,2023,2023:7371,2023,18795,1431207,0.0890029543029567,395.0,True,False,-25.0,1,2023-10-04 06:25:00,-1.18998,103.37267,0,0,0,4
105.42384338,-3.32849026,2023-10-04 13:00:00,LAPAN,SNPP,Fire inside Sitrep,SUMSEL,7377,2023,2023:7377,2023,18801,1430714,0.07152454403961885,396.0,True,False,-24.0,1,2023-10-04 06:24:00,-3.32864,105.42447,0,0,0,5
105.78706,-3.65535,2023-10-04 13:00:00,NASA,SNPP,Fire inside Sitrep,SUMSEL,7379,2023,2023:7379,2023,18803,1430860,0.0022239016046352563,396.0,True,False,-24.0,1,2023-10-04 06:24:00,-3.65533,105.78706,0,0,0,1
105.42441,-3.32866,2023-10-04 13:00:00,NASA,SNPP,Fire inside Sitrep,SUMSEL,7380,2023,2023:7380,2023,18804,1430714,0.007021917092341088,396.0,True,False,-24.0,1,2023-10-04 06:24:00,-3.32864,105.42447,0,0,0,5
105.35218811,-2.61666393,2023-10-04 13:00:00,LAPAN,SNPP,Verified No fire,SUMSEL,7383,2023,2023:7383,2023,18807,1430511,0.0815004534028346,396.0,True,False,-24.0,1,2023-10-04 06:24:00,-2.61642,105.35288,0,0,0,0
103.54295,-2.12691,2023-10-04 13:00:00,NASA,SNPP,Verified No fire,SUMSEL MUBA,7384,2023,2023:7384,2023,18808,1430372,0.003514117021358308,396.0,True,False,-24.0,1,2023-10-04 06:24:00,-2.12692,103.54298,0,0,0,0
103.37394,-1.01855,2023-10-04 13:00:00,NASA,SNPP,Verified No fire,JAMBI SMF,7390,2023,2023:7390,2023,18814,1431218,0.005558875528859691,395.0,True,False,-25.0,1,2023-10-04 06:25:00,-1.01855,103.37399,0,0,0,0
103.58321,-2.29125,2023-10-04 13:00:00,NASA,SNPP,Verified Fire,SUMSEL MUBA,7391,2023,2023:7391,2023,18815,1430406,0.004006976830627819,396.0,True,False,-24.0,1,2023-10-04 06:24:00,-2.29127,103.58318,0,0,0,0
105.27342224,-2.84141707,2023-10-04 13:00:00,LAPAN,SNPP,Fire inside Sitrep,SUMSEL,7393,2023,2023:7393,2023,18817,1430563,0.07661689595610749,396.0,True,False,-24.0,1,2023-10-04 06:24:00,-2.84118,105.27407,0,0,0,0
105.58764,-3.55757,2023-10-04 13:00:00,NASA,SNPP,Fire inside Sitrep,SUMSEL,7410,2023,2023:7410,2023,18834,1430819,0.006284085778875416,396.0,True,False,-24.0,1,2023-10-04 06:24:00,-3.55761,105.58768,0,0,0,0
105.58706665,-3.55736828,2023-10-04 13:00:00,LAPAN,SNPP,Fire inside Sitrep,SUMSEL,7413,2023,2023:7413,2023,18837,1430819,0.07318447124203725,396.0,True,False,-24.0,1,2023-10-04 06:24:00,-3.55761,105.58768,0,0,0,0
105.35289,-2.61642,2023-10-04 13:00:00,NASA,SNPP,Verified No fire,SUMSEL,7419,2023,2023:7419,2023,18843,1430511,0.001110791625594799,396.0,True,False,-24.0,1,2023-10-04 06:24:00,-2.61642,105.35288,0,0,0,0
105.89741,-3.8731,2023-10-04 14:00:00,NASA,Aqua,Fire inside Sitrep,SUMSEL,7422,2023,2023:7422,2023,18846,125645,0.06782396775379275,412.0,True,False,-8.0,1,2023-10-04 07:08:00,-3.8725,105.8973,0,0,0,0
105.57766,-3.8177,2023-10-04 14:00:00,NASA,Aqua,Fire inside Sitrep,SUMSEL,7423,2023,2023:7423,2023,18847,125650,0.0559946498312408,412.0,True,False,-8.0,1,2023-10-04 07:08:00,-3.8172,105.5776,0,0,2,3
105.29662,-3.09211,2023-10-04 14:00:00,NASA,Aqua,Fire inside Sitrep,SUMSEL,7427,2023,2023:7427,2023,18851,125629,0.058253712073701364,412.0,True,False,-8.0,1,2023-10-04 07:08:00,-3.0916,105.2965,0,0,4,17
105.63328,-3.09417,2023-10-04 14:00:00,NASA,NOAA20,Fire inside Sitrep,SUMSEL,7433,2023,2023:7433,2023,18857,738574,0.0,406.0,True,False,-14.0,1,2023-10-04 07:14:00,-3.09417,105.63328,0,0,2,2
105.37534,-2.43015,2023-10-04 14:00:00,NASA,NOAA20,Verified Fire,SUMSEL,7436,2023,2023:7436,2023,18860,738614,0.0,406.0,True,False,-14.0,1,2023-10-04 07:14:00,-2.43015,105.37534,0,0,4,4
105.39028,-3.26524,2023-10-04 14:00:00,NASA,Aqua,Verified No fire,SUMSEL,7440,2023,2023:7440,2023,18864,125625,0.06069858637154073,412.0,True,False,-8.0,1,2023-10-04 07:08:00,-3.2647,105.3902,0,0,0,1
105.66348,-3.65969,2023-10-04 14:00:00,NASA,NOAA20,Fire inside Sitrep,SUMSEL,7445,2023,2023:7445,2023,18869,738592,0.0,406.0,True,False,-14.0,1,2023-10-04 07:14:00,-3.65969,105.66348,0,0,2,4
105.40048981,-3.70713687,2023-10-05 01:00:00,LAPAN,NOAA20,Fire inside Sitrep,SUMSEL,7461,2023,2023:7461,2023,18885,739668,0.06177150783029666,404.0,True,False,-16.0,1,2023-10-04 18:16:00,-3.70736,105.39998,0,0,0,1
105.64326,-3.53192,2023-10-05 01:00:00,NASA,NOAA20,Fire inside Sitrep,SUMSEL,7464,2023,2023:7464,2023,18888,739611,0.0,404.0,True,False,-16.0,1,2023-10-04 18:16:00,-3.53192,105.64326,0,0,0,4
103.36185,-1.02207,2023-10-05 01:00:00,NASA,NOAA20,Verified No fire,JAMBI SMF,7487,2023,2023:7487,2023,18911,739152,0.0,404.0,True,False,-16.0,1,2023-10-04 18:16:00,-1.02207,103.36185,0,0,0,2
103.47941589,-2.2868917,2023-10-05 01:00:00,LAPAN,NOAA20,Verified No fire,SUMSEL MUBA,7495,2023,2023:7495,2023,18919,739432,0.06600750009637424,404.0,True,False,-16.0,1,2023-10-04 18:16:00,-2.28699,103.47883,0,0,0,10
103.8147,-1.27333,2023-10-05 01:00:00,NASA,NOAA20,Verified No fire,JAMBI SMF,7502,2023,2023:7502,2023,18926,739207,0.0,404.0,True,False,-16.0,1,2023-10-04 18:16:00,-1.27333,103.8147,0,0,0,0
105.39359,-3.26111,2023-10-05 01:00:00,NASA,NOAA20,Fire inside Sitrep,SUMSEL,7508,2023,2023:7508,2023,18932,739481,0.0,404.0,True,False,-16.0,1,2023-10-04 18:16:00,-3.26111,105.39359,0,0,0,2
103.81528473,-1.27323234,2023-10-05 01:00:00,LAPAN,NOAA20,Verified No fire,JAMBI SMF,7511,2023,2023:7511,2023,18935,739207,0.06590387300737566,404.0,True,False,-16.0,1,2023-10-04 18:16:00,-1.27333,103.8147,0,0,0,0
103.47883,-2.28699,2023-10-05 01:00:00,NASA,NOAA20,Verified No fire,SUMSEL MUBA,7514,2023,2023:7514,2023,18938,739432,0.0,404.0,True,False,-16.0,1,2023-10-04 18:16:00,-2.28699,103.47883,0,0,0,10
105.39998,-3.70736,2023-10-05 01:00:00,NASA,NOAA20,Fire inside Sitrep,SUMSEL,7517,2023,2023:7517,2023,18941,739668,0.0,404.0,True,False,-16.0,1,2023-10-04 18:16:00,-3.70736,105.39998,0,0,0,1
105.39408875,-3.26089501,2023-10-05 01:00:00,LAPAN,NOAA20,Verified Fire,SUMSEL,7518,2023,2023:7518,2023,18942,739481,0.06030909335773067,404.0,True,False,-16.0,1,2023-10-04 18:16:00,-3.26111,105.39359,0,0,0,2
105.28277588,-3.11030555,2023-10-05 01:00:00,LAPAN,NOAA20,Fire inside Sitrep,SUMSEL,7521,2023,2023:7521,2023,18945,739469,0.045756578074128564,404.0,True,False,-16.0,1,2023-10-04 18:16:00,-3.11045,105.28239,0,0,0,9
102.82739258,-1.11910164,2023-10-05 01:00:00,LAPAN,NOAA20,Verified No fire,JAMBI SMF,7523,2023,2023:7523,2023,18947,739208,0.07267512545438706,404.0,True,False,-16.0,1,2023-10-04 18:16:00,-1.11914,102.82674,0,0,0,0
102.82674,-1.11914,2023-10-05 01:00:00,NASA,NOAA20,Verified No fire,JAMBI SMF,7536,2023,2023:7536,2023,18960,739208,0.0,404.0,True,False,-16.0,1,2023-10-04 18:16:00,-1.11914,102.82674,0,0,0,0
105.64377594,-3.53169298,2023-10-05 01:00:00,LAPAN,NOAA20,Fire inside Sitrep,SUMSEL,7555,2023,2023:7555,2023,18979,739611,0.06257843247207064,404.0,True,False,-16.0,1,2023-10-04 18:16:00,-3.53192,105.64326,0,0,0,4
105.28239,-3.11045,2023-10-05 01:00:00,NASA,NOAA20,Fire inside Sitrep,SUMSEL,7565,2023,2023:7565,2023,18989,739469,0.0,404.0,True,False,-16.0,1,2023-10-04 18:16:00,-3.11045,105.28239,0,0,0,9
103.2271,-2.56154,2023-10-05 02:00:00,NASA,SNPP,Verified No fire,SUMSEL MUBA,7566,2023,2023:7566,2023,18990,1432202,0.05426906552680768,414.0,True,False,-6.0,1,2023-10-04 19:06:00,-2.56173,103.22755,0,0,2,4
103.48687,-1.29667,2023-10-05 02:00:00,NASA,SNPP,Verified No fire,JAMBI SMF,7568,2023,2023:7568,2023,18992,1432177,0.005558842859182722,414.0,True,False,-6.0,1,2023-10-04 19:06:00,-1.2967,103.48691,0,0,0,0
103.24472,-1.06152,2023-10-05 02:00:00,NASA,SNPP,Verified No fire,JAMBI SMF,7574,2023,2023:7574,2023,18998,1432173,0.008963319081787468,414.0,True,False,-6.0,1,2023-10-04 19:06:00,-1.06153,103.24464,0,0,0,1
103.33822,-1.16731,2023-10-05 02:00:00,NASA,SNPP,Verified No fire,JAMBI SMF,7579,2023,2023:7579,2023,19003,1432174,0.040574202035005676,414.0,True,False,-6.0,1,2023-10-04 19:06:00,-1.16725,103.33786,0,0,2,3
105.25610352,-2.97843742,2023-10-05 13:00:00,LAPAN,NOAA20,Fire inside Sitrep,SUMSEL,7729,2023,2023:7729,2023,19153,741494,0.08957641595594559,365.0,True,False,-55.0,1,2023-10-05 06:55:00,-2.97842,105.25691,0,0,2,2
105.90644,-3.86675,2023-10-05 13:00:00,NASA,NOAA20,Fire inside Sitrep,SUMSEL,7736,2023,2023:7736,2023,19160,741399,0.0,365.0,True,False,-55.0,1,2023-10-05 06:55:00,-3.86675,105.90644,0,0,2,2
105.44749,-3.31807,2023-10-05 13:00:00,NASA,SNPP,Fire inside Sitrep,SUMSEL,7748,2023,2023:7748,2023,19172,1434106,0.011958771500366918,415.0,True,False,-5.0,1,2023-10-05 06:05:00,-3.31803,105.44759,0,0,1,1
105.78691,-3.66138,2023-10-05 13:00:00,NASA,SNPP,Fire inside Sitrep,SUMSEL,7750,2023,2023:7750,2023,19174,1433894,0.009552438739749,415.0,True,False,-5.0,1,2023-10-05 06:05:00,-3.66143,105.78698,0,0,0,1
105.80328,-3.5729,2023-10-05 13:00:00,NASA,SNPP,Fire inside Sitrep,SUMSEL,7751,2023,2023:7751,2023,19175,1433923,0.00867465517381811,415.0,True,False,-5.0,1,2023-10-05 06:05:00,-3.57295,105.80334,0,0,3,3
105.65918,-3.54123,2023-10-05 13:00:00,NASA,NOAA20,Fire inside Sitrep,SUMSEL,7756,2023,2023:7756,2023,19180,741194,0.0,365.0,True,False,-55.0,1,2023-10-05 06:55:00,-3.54123,105.65918,0,0,0,3
105.33469,-3.13749,2023-10-05 13:00:00,NASA,NOAA20,Fire inside Sitrep,SUMSEL,7771,2023,2023:7771,2023,19195,741291,0.0,365.0,True,False,-55.0,1,2023-10-05 06:55:00,-3.13749,105.33469,0,0,2,2
105.69428253,-3.80104327,2023-10-05 13:00:00,LAPAN,NOAA20,Verified No fire,SUMSEL,7783,2023,2023:7783,2023,19207,741363,0.0918200514568194,365.0,True,False,-55.0,1,2023-10-05 06:55:00,-3.80103,105.69511,0,0,0,0
103.34145,-1.15106,2023-10-05 13:00:00,NASA,NOAA20,Verified No fire,JAMBI SMF,7786,2023,2023:7786,2023,19210,741624,0.0,364.0,True,False,-56.0,1,2023-10-05 06:56:00,-1.15106,103.34145,0,0,1,1
105.25691,-2.97842,2023-10-05 13:00:00,NASA,NOAA20,Fire inside Sitrep,SUMSEL,7808,2023,2023:7808,2023,19232,741494,0.0,365.0,True,False,-55.0,1,2023-10-05 06:55:00,-2.97842,105.25691,0,0,2,2
103.37204,-1.18925,2023-10-05 13:00:00,NASA,SNPP,Verified No fire,JAMBI SMF,7819,2023,2023:7819,2023,19243,1434620,0.011006565770818013,414.0,True,False,-6.0,1,2023-10-05 06:06:00,-1.18932,103.37211,0,0,0,6
105.39989,-3.70686,2023-10-05 13:00:00,NASA,SNPP,Fire inside Sitrep,SUMSEL,7827,2023,2023:7827,2023,19251,1433896,0.010474345532878376,415.0,True,False,-5.0,1,2023-10-05 06:05:00,-3.70691,105.39997,0,0,0,1
103.57686615,-2.31690097,2023-10-05 13:00:00,LAPAN,NOAA20,Verified No fire,SUMSEL MUBA,7841,2023,2023:7841,2023,19265,741692,0.07196839853316789,364.0,True,False,-56.0,1,2023-10-05 06:56:00,-2.31683,103.57751,0,0,0,3
105.30405,-2.99542,2023-10-05 13:00:00,NASA,SNPP,Fire inside Sitrep,SUMSEL,7851,2023,2023:7851,2023,19275,1434275,0.010948978579391326,415.0,True,False,-5.0,1,2023-10-05 06:05:00,-2.99551,105.30401,0,0,0,0
103.03375,-0.74168,2023-10-05 13:00:00,NASA,NOAA20,Verified No fire,JAMBI SMF,7859,2023,2023:7859,2023,19283,741639,0.0,364.0,True,False,-56.0,1,2023-10-05 06:56:00,-0.74168,103.03375,0,0,0,0
105.3338623,-3.13751745,2023-10-05 13:00:00,LAPAN,NOAA20,Fire inside Sitrep,SUMSEL,7891,2023,2023:7891,2023,19315,741291,0.09194888668573839,365.0,True,False,-55.0,1,2023-10-05 06:55:00,-3.13749,105.33469,0,0,2,2
105.6583252,-3.54123974,2023-10-05 13:00:00,LAPAN,NOAA20,Fire inside Sitrep,SUMSEL,7896,2023,2023:7896,2023,19320,741194,0.09487424931160872,365.0,True,False,-55.0,1,2023-10-05 06:55:00,-3.54123,105.65918,0,0,0,3
103.61201,-2.27343,2023-10-05 13:00:00,NASA,SNPP,Verified No fire,SUMSEL MUBA,7908,2023,2023:7908,2023,19332,1434542,0.0033358524070015508,414.0,True,False,-6.0,1,2023-10-05 06:06:00,-2.27346,103.61201,0,0,0,0
103.48775,-2.26425,2023-10-05 13:00:00,NASA,SNPP,Verified No fire,SUMSEL MUBA,7909,2023,2023:7909,2023,19333,1434554,0.0022239016046248445,414.0,True,False,-6.0,1,2023-10-05 06:06:00,-2.26427,103.48775,0,0,0,1
105.22781,-3.07614,2023-10-05 13:00:00,NASA,NOAA20,Fire inside Sitrep,SUMSEL,7915,2023,2023:7915,2023,19339,741334,0.0,365.0,True,False,-55.0,1,2023-10-05 06:55:00,-3.07614,105.22781,0,0,3,19
103.57751,-2.31683,2023-10-05 13:00:00,NASA,NOAA20,Verified No fire,SUMSEL MUBA,7919,2023,2023:7919,2023,19343,741692,0.0,364.0,True,False,-56.0,1,2023-10-05 06:56:00,-2.31683,103.57751,0,0,0,3
105.39797,-3.25984,2023-10-05 13:00:00,NASA,SNPP,Fire inside Sitrep,SUMSEL,7932,2023,2023:7932,2023,19356,1434157,0.007456780437424649,415.0,True,False,-5.0,1,2023-10-05 06:05:00,-3.25978,105.398,0,0,0,1
105.90555573,-3.86677122,2023-10-05 13:00:00,LAPAN,NOAA20,Fire inside Sitrep,SUMSEL,7947,2023,2023:7947,2023,19371,741399,0.09813101207738958,365.0,True,False,-55.0,1,2023-10-05 06:55:00,-3.86675,105.90644,0,0,2,2
105.69511,-3.80103,2023-10-05 13:00:00,NASA,NOAA20,Verified No fire,SUMSEL,7948,2023,2023:7948,2023,19372,741363,0.0,365.0,True,False,-55.0,1,2023-10-05 06:55:00,-3.80103,105.69511,0,0,0,0
105.25415,-2.91134,2023-10-05 13:00:00,NASA,SNPP,Fire inside Sitrep,SUMSEL,7968,2023,2023:7968,2023,19392,1434305,0.017579217908576056,415.0,True,False,-5.0,1,2023-10-05 06:05:00,-2.91149,105.2542,0,0,0,0
103.34278,-1.15169,2023-10-05 13:00:00,NASA,SNPP,Verified No fire,JAMBI SMF,7987,2023,2023:7987,2023,19411,1434621,0.01111869935194199,414.0,True,False,-6.0,1,2023-10-05 06:06:00,-1.15177,103.34284,0,0,1,1
105.5113,-3.72657,2023-10-05 13:00:00,NASA,SNPP,Fire inside Sitrep,SUMSEL,7988,2023,2023:7988,2023,19412,1433847,0.005986293524680983,415.0,True,False,-5.0,1,2023-10-05 06:05:00,-3.72662,105.51132,0,0,0,0
105.64471,-3.51775,2023-10-06 00:00:00,NASA,NOAA20,Fire inside Sitrep,SUMSEL,8012,2023,2023:8012,2023,19436,742728,0.0,363.0,True,False,-57.0,1,2023-10-05 17:57:00,-3.51775,105.64471,0,0,0,5
105.3600769,-3.76146793,2023-10-06 00:00:00,LAPAN,NOAA20,Fire inside Sitrep,SUMSEL,8024,2023,2023:8024,2023,19448,742768,0.09205954862401938,363.0,True,False,-57.0,1,2023-10-05 17:57:00,-3.7614,105.35925,0,0,0,13
105.54026794,-3.73053527,2023-10-06 00:00:00,LAPAN,NOAA20,Fire inside Sitrep,SUMSEL,8025,2023,2023:8025,2023,19449,742756,0.06866362920263377,363.0,True,False,-57.0,1,2023-10-05 17:57:00,-3.73042,105.53966,0,0,0,6
102.88688,-1.0422,2023-10-06 00:00:00,NASA,NOAA20,Verified No fire,JAMBI SMF,8035,2023,2023:8035,2023,19459,742319,0.0,363.0,True,False,-57.0,1,2023-10-05 17:57:00,-1.0422,102.88688,0,0,0,0
105.35925,-3.7614,2023-10-06 00:00:00,NASA,NOAA20,Fire inside Sitrep,SUMSEL,8040,2023,2023:8040,2023,19464,742768,0.0,363.0,True,False,-57.0,1,2023-10-05 17:57:00,-3.7614,105.35925,0,0,0,13
105.64531708,-3.51786065,2023-10-06 00:00:00,LAPAN,NOAA20,Fire inside Sitrep,SUMSEL,8044,2023,2023:8044,2023,19468,742728,0.06849129655975829,363.0,True,False,-57.0,1,2023-10-05 17:57:00,-3.51775,105.64471,0,0,0,5
103.33797,-1.16784,2023-10-06 00:00:00,NASA,NOAA20,Verified No fire,JAMBI SMF,8046,2023,2023:8046,2023,19470,742336,0.0,363.0,True,False,-57.0,1,2023-10-05 17:57:00,-1.16784,103.33797,0,0,0,5
103.24084,-1.06062,2023-10-06 00:00:00,NASA,NOAA20,Verified No fire,JAMBI SMF,8049,2023,2023:8049,2023,19473,742318,0.0,363.0,True,False,-57.0,1,2023-10-05 17:57:00,-1.06062,103.24084,0,0,0,2
105.53966,-3.73042,2023-10-06 00:00:00,NASA,NOAA20,Fire inside Sitrep,SUMSEL,8050,2023,2023:8050,2023,19474,742756,0.0,363.0,True,False,-57.0,1,2023-10-05 17:57:00,-3.73042,105.53966,0,0,0,6
105.69402,-3.50686,2023-10-06 01:00:00,NASA,SNPP,Fire inside Sitrep,SUMSEL,8053,2023,2023:8053,2023,19477,1435491,0.012413367836890279,372.0,True,False,-48.0,1,2023-10-05 18:48:00,-3.50691,105.69392,0,0,2,17
103.39867,-1.02317,2023-10-06 01:00:00,NASA,SNPP,Verified No fire,JAMBI SMF,8057,2023,2023:8057,2023,19481,1435270,0.017259549005669964,373.0,True,False,-47.0,1,2023-10-05 18:47:00,-1.02313,103.39852,0,0,0,0
103.36038,-1.02503,2023-10-06 01:00:00,NASA,SNPP,Verified No fire,JAMBI SMF,8071,2023,2023:8071,2023,19495,1435271,0.016527991187266094,373.0,True,False,-47.0,1,2023-10-05 18:47:00,-1.02498,103.36024,0,0,2,3
102.98499,-2.30127,2023-10-06 01:00:00,NASA,SNPP,Verified No fire,SUMSEL MUBA,8079,2023,2023:8079,2023,19503,1435373,0.0031438038148195054,372.0,True,False,-48.0,1,2023-10-05 18:48:00,-2.30129,102.98501,0,0,0,0
102.98582458,-2.30103278,2023-10-06 01:00:00,LAPAN,SNPP,Verified No fire,SUMSEL MUBA,8096,2023,2023:8096,2023,19520,1435373,0.09491612005893459,372.0,True,False,-48.0,1,2023-10-05 18:48:00,-2.30129,102.98501,0,0,0,0
105.18378,-3.10033,2023-10-06 12:00:00,NASA,SNPP,Fire inside Sitrep,SUMSEL,8146,2023,2023:8146,2023,19570,1437602,0.005556825851483788,374.0,True,False,-46.0,1,2023-10-06 05:46:00,-3.10037,105.18375,0,0,1,1
105.54074,-3.73026,2023-10-06 12:00:00,NASA,SNPP,Fire inside Sitrep,SUMSEL,8180,2023,2023:8180,2023,19604,1437433,0.02437829254159659,374.0,True,False,-46.0,1,2023-10-06 05:46:00,-3.73006,105.54065,0,0,2,9
105.56125,-3.44289,2023-10-06 12:00:00,NASA,SNPP,Fire inside Sitrep,SUMSEL,8183,2023,2023:8183,2023,19607,1437483,0.011810952807834924,374.0,True,False,-46.0,1,2023-10-06 05:46:00,-3.44297,105.56132,0,0,2,3
105.25224,-2.81333,2023-10-06 12:00:00,NASA,SNPP,Fire inside Sitrep,SUMSEL,8196,2023,2023:8196,2023,19620,1437643,0.014233223316447956,374.0,True,False,-46.0,1,2023-10-06 05:46:00,-2.81323,105.25216,0,0,2,7
105.3596,-3.7617,2023-10-06 12:00:00,NASA,SNPP,Fire inside Sitrep,SUMSEL,8205,2023,2023:8205,2023,19629,1437431,0.025396610031101885,374.0,True,False,-46.0,1,2023-10-06 05:46:00,-3.76149,105.35951,0,0,8,13
105.23481,-3.09279,2023-10-06 12:00:00,NASA,SNPP,Fire inside Sitrep,SUMSEL,8214,2023,2023:8214,2023,19638,1437601,0.007115913860228161,374.0,True,False,-46.0,1,2023-10-06 05:46:00,-3.09284,105.23477,0,0,7,45
105.38452911,-3.64927745,2023-10-06 13:00:00,LAPAN,NOAA20,Fire inside Sitrep,SUMSEL,8245,2023,2023:8245,2023,19669,744093,0.06467989233833821,384.0,True,False,-36.0,1,2023-10-06 06:36:00,-3.64898,105.38503,0,0,0,0
105.46121216,-3.78189969,2023-10-06 13:00:00,LAPAN,NOAA20,Fire inside Sitrep,SUMSEL,8249,2023,2023:8249,2023,19673,744175,0.06546299423394604,384.0,True,False,-36.0,1,2023-10-06 06:36:00,-3.7816,105.46172,0,0,0,0
102.04027557,-0.94542456,2023-10-06 13:00:00,LAPAN,NOAA20,Verified No fire,JAMBI SMF,8276,2023,2023:8276,2023,19700,745122,0.0494521053345112,383.0,True,False,-37.0,1,2023-10-06 06:37:00,-0.94511,102.04059,0,0,0,0
102.04059,-0.94511,2023-10-06 13:00:00,NASA,NOAA20,Verified No fire,JAMBI SMF,8280,2023,2023:8280,2023,19704,745122,0.0,383.0,True,False,-37.0,1,2023-10-06 06:37:00,-0.94511,102.04059,0,0,0,0
103.61490631,-2.37917185,2023-10-06 13:00:00,LAPAN,NOAA20,Verified No fire,SUMSEL MUBA,8367,2023,2023:8367,2023,19791,745089,0.061924712241925625,383.0,True,False,-37.0,1,2023-10-06 06:37:00,-2.37881,103.61533,0,0,0,0
105.40246,-2.5469,2023-10-06 13:00:00,NASA,NOAA20,Verified No fire,SUMSEL,8370,2023,2023:8370,2023,19794,745279,0.0,383.0,True,False,-37.0,1,2023-10-06 06:37:00,-2.5469,105.40246,0,0,0,0
105.6178,-3.24375,2023-10-06 13:00:00,NASA,NOAA20,Fire inside Sitrep,SUMSEL,8388,2023,2023:8388,2023,19812,744583,0.0,384.0,True,False,-36.0,1,2023-10-06 06:36:00,-3.24375,105.6178,0,0,0,3
105.38503,-3.64898,2023-10-06 13:00:00,NASA,NOAA20,Fire inside Sitrep,SUMSEL,8409,2023,2023:8409,2023,19833,744093,0.0,384.0,True,False,-36.0,1,2023-10-06 06:36:00,-3.64898,105.38503,0,0,0,0
105.39787,-3.68313,2023-10-06 13:00:00,NASA,NOAA20,Fire inside Sitrep,SUMSEL,8410,2023,2023:8410,2023,19834,744099,0.0,384.0,True,False,-36.0,1,2023-10-06 06:36:00,-3.68313,105.39787,0,0,0,0
105.6683,-3.9493,2023-10-06 13:00:00,NASA,NOAA20,Fire inside Sitrep,SUMSEL,8431,2023,2023:8431,2023,19855,744265,0.0,384.0,True,False,-36.0,1,2023-10-06 06:36:00,-3.9493,105.6683,0,0,0,0
105.39749146,-3.68333411,2023-10-06 13:00:00,LAPAN,NOAA20,Fire inside Sitrep,SUMSEL,8464,2023,2023:8464,2023,19888,744099,0.047744282936555894,384.0,True,False,-36.0,1,2023-10-06 06:36:00,-3.68313,105.39787,0,0,0,0
105.40193939,-2.54719353,2023-10-06 13:00:00,LAPAN,NOAA20,Verified No fire,SUMSEL,8482,2023,2023:8482,2023,19906,745279,0.06640677528602415,383.0,True,False,-37.0,1,2023-10-06 06:37:00,-2.5469,105.40246,0,0,0,0
105.66791534,-3.94948602,2023-10-06 13:00:00,LAPAN,NOAA20,Fire inside Sitrep,SUMSEL,8503,2023,2023:8503,2023,19927,744265,0.0474198255446892,384.0,True,False,-36.0,1,2023-10-06 06:36:00,-3.9493,105.6683,0,0,0,0
105.36134,-2.61057,2023-10-06 13:00:00,NASA,NOAA20,Verified No fire,SUMSEL,8518,2023,2023:8518,2023,19942,745333,0.0,383.0,True,False,-37.0,1,2023-10-06 06:37:00,-2.61057,105.36134,0,0,0,2
105.61740112,-3.2439394,2023-10-06 13:00:00,LAPAN,NOAA20,Fire inside Sitrep,SUMSEL,8539,2023,2023:8539,2023,19963,744583,0.04903541308005654,384.0,True,False,-36.0,1,2023-10-06 06:36:00,-3.24375,105.6178,0,0,0,3
103.61533,-2.37881,2023-10-06 13:00:00,NASA,NOAA20,Verified No fire,SUMSEL MUBA,8574,2023,2023:8574,2023,19998,745089,0.0,383.0,True,False,-37.0,1,2023-10-06 06:37:00,-2.37881,103.61533,0,0,0,0
105.36093903,-2.61075711,2023-10-06 13:00:00,LAPAN,NOAA20,Verified No fire,SUMSEL,8622,2023,2023:8622,2023,20046,745333,0.049159485640593255,383.0,True,False,-37.0,1,2023-10-06 06:37:00,-2.61057,105.36134,0,0,0,2
105.46172,-3.7816,2023-10-06 13:00:00,NASA,NOAA20,Fire inside Sitrep,SUMSEL,8640,2023,2023:8640,2023,20064,744175,0.0,384.0,True,False,-36.0,1,2023-10-06 06:36:00,-3.7816,105.46172,0,0,0,0
103.48053,-2.28074,2023-10-06 14:00:00,NASA,SNPP,Verified No fire,SUMSEL MUBA,8645,2023,2023:8645,2023,20069,1437928,0.0040082186935201086,393.0,True,False,-27.0,1,2023-10-06 07:27:00,-2.28071,103.48055,0,0,11,57
103.37867,-2.53318,2023-10-07 00:00:00,NASA,NOAA20,Verified No fire,SUMSEL MUBA,8657,2023,2023:8657,2023,20081,745575,0.0,382.0,True,False,-38.0,1,2023-10-06 17:38:00,-2.53318,103.37867,0,0,1,1
105.37796,-2.41072,2023-10-07 00:00:00,NASA,NOAA20,Verified No fire,SUMSEL,8687,2023,2023:8687,2023,20111,745783,0.0,382.0,True,False,-38.0,1,2023-10-06 17:38:00,-2.41072,105.37796,0,0,1,8
105.63233,-3.10185,2023-10-07 00:00:00,NASA,NOAA20,Fire inside Sitrep,SUMSEL,8689,2023,2023:8689,2023,20113,746320,0.0,382.0,True,False,-38.0,1,2023-10-06 17:38:00,-3.10185,105.63233,0,0,3,10
103.37579,-1.19972,2023-10-07 00:00:00,NASA,NOAA20,Verified No fire,JAMBI SMF,8702,2023,2023:8702,2023,20126,745751,0.0,382.0,True,False,-38.0,1,2023-10-06 17:38:00,-1.19972,103.37579,0,0,1,4
103.23918,-1.05831,2023-10-07 00:00:00,NASA,NOAA20,Verified No fire,JAMBI SMF,8722,2023,2023:8722,2023,20146,745996,0.0,382.0,True,False,-38.0,1,2023-10-06 17:38:00,-1.05831,103.23918,0,0,1,2
103.45153046,-2.28978276,2023-10-07 01:00:00,LAPAN,SNPP,Verified No fire,SUMSEL MUBA,8737,2023,2023:8737,2023,20161,1438851,0.0812152061134178,391.0,True,False,-29.0,1,2023-10-06 18:29:00,-2.28981,103.4508,0,0,0,13
103.46702,-2.29919,2023-10-07 01:00:00,NASA,SNPP,Verified No fire,SUMSEL MUBA,8739,2023,2023:8739,2023,20163,1438850,0.0024847964018170944,391.0,True,False,-29.0,1,2023-10-06 18:29:00,-2.29918,103.46704,0,0,0,17
103.46776581,-2.29914021,2023-10-07 01:00:00,LAPAN,SNPP,Verified No fire,SUMSEL MUBA,8750,2023,2023:8750,2023,20174,1438850,0.08076281518349795,391.0,True,False,-29.0,1,2023-10-06 18:29:00,-2.29918,103.46704,0,0,0,17
105.27010345,-3.09815335,2023-10-07 01:00:00,LAPAN,SNPP,Fire inside Sitrep,SUMSEL,8756,2023,2023:8756,2023,20180,1438771,0.07852269279807482,391.0,True,False,-29.0,1,2023-10-06 18:29:00,-3.09782,105.26948,0,0,0,3
103.45078,-2.28983,2023-10-07 01:00:00,NASA,SNPP,Verified No fire,SUMSEL MUBA,8772,2023,2023:8772,2023,20196,1438851,0.0031438164070456973,391.0,True,False,-29.0,1,2023-10-06 18:29:00,-2.28981,103.4508,0,0,0,13
105.42945099,-3.33556414,2023-10-07 01:00:00,LAPAN,SNPP,Fire inside Sitrep,SUMSEL,8784,2023,2023:8784,2023,20208,1438706,0.07485284442862226,391.0,True,False,-29.0,1,2023-10-06 18:29:00,-3.33524,105.42886,0,0,0,1
105.84700012,-3.88585639,2023-10-07 01:00:00,LAPAN,SNPP,Fire inside Sitrep,SUMSEL,8800,2023,2023:8800,2023,20224,1438544,0.03806101675484679,391.0,True,False,-29.0,1,2023-10-06 18:29:00,-3.88571,105.84669,0,0,0,0
103.36118317,-1.02432132,2023-10-07 01:00:00,LAPAN,SNPP,Verified No fire,JAMBI SMF,8801,2023,2023:8801,2023,20225,1438446,0.0985774647707651,392.0,True,False,-28.0,1,2023-10-06 18:28:00,-1.0244,103.3603,0,0,0,1
103.36043,-1.02441,2023-10-07 01:00:00,NASA,SNPP,Verified No fire,JAMBI SMF,8802,2023,2023:8802,2023,20226,1438446,0.014495761104449001,392.0,True,False,-28.0,1,2023-10-06 18:28:00,-1.0244,103.3603,0,0,0,1
102.99738312,-0.77347833,2023-10-07 01:00:00,LAPAN,SNPP,Verified Fire,JAMBI SMF,8819,2023,2023:8819,2023,20243,1438145,0.08965072097231216,392.0,True,False,-28.0,1,2023-10-06 18:28:00,-0.77305,102.9967,0,0,0,0
102.99688,-0.7731,2023-10-07 01:00:00,NASA,SNPP,Verified Fire,JAMBI SMF,8820,2023,2023:8820,2023,20244,1438145,0.0207711998661361,392.0,True,False,-28.0,1,2023-10-06 18:28:00,-0.77305,102.9967,0,0,0,0
105.42895,-3.33524,2023-10-07 01:00:00,NASA,SNPP,Fire inside Sitrep,SUMSEL,8833,2023,2023:8833,2023,20257,1438706,0.00999060664885977,391.0,True,False,-29.0,1,2023-10-06 18:29:00,-3.33524,105.42886,0,0,0,1
105.72906,-3.6155,2023-10-07 01:00:00,NASA,SNPP,Fire inside Sitrep,SUMSEL,8834,2023,2023:8834,2023,20258,1438606,0.004576102960630399,391.0,True,False,-29.0,1,2023-10-06 18:29:00,-3.61551,105.7291,0,0,0,6
105.3798,-2.41379,2023-10-07 01:00:00,NASA,SNPP,Verified No fire,SUMSEL,8835,2023,2023:8835,2023,20259,1438939,0.017567447130716077,391.0,True,False,-29.0,1,2023-10-06 18:29:00,-2.41374,105.37965,0,0,1,9
103.24388,-1.06285,2023-10-07 01:00:00,NASA,SNPP,Verified No fire,JAMBI SMF,8836,2023,2023:8836,2023,20260,1438432,0.004583948205733504,392.0,True,False,-28.0,1,2023-10-06 18:28:00,-1.06286,103.24384,0,0,1,3
105.84648,-3.8856,2023-10-07 01:00:00,NASA,SNPP,Fire inside Sitrep,SUMSEL,8840,2023,2023:8840,2023,20264,1438544,0.026312967900709226,391.0,True,False,-29.0,1,2023-10-06 18:29:00,-3.88571,105.84669,0,0,0,0
103.38062,-2.53618,2023-10-07 01:00:00,NASA,SNPP,Verified No fire,SUMSEL MUBA,8849,2023,2023:8849,2023,20273,1438840,0.01116412952855846,391.0,True,False,-29.0,1,2023-10-06 18:29:00,-2.53619,103.38072,0,0,1,1
105.72957611,-3.61579919,2023-10-07 01:00:00,LAPAN,SNPP,Fire inside Sitrep,SUMSEL,8867,2023,2023:8867,2023,20291,1438606,0.061851865954356613,391.0,True,False,-29.0,1,2023-10-06 18:29:00,-3.61551,105.7291,0,0,0,6
103.33756,-1.16897,2023-10-07 01:00:00,NASA,SNPP,Verified No fire,JAMBI SMF,8897,2023,2023:8897,2023,20321,1438401,0.0022234387652351343,392.0,True,False,-28.0,1,2023-10-06 18:28:00,-1.16897,103.33758,0,0,3,4
105.2696,-3.09783,2023-10-07 01:00:00,NASA,SNPP,Fire inside Sitrep,SUMSEL,8906,2023,2023:8906,2023,20330,1438771,0.013370229777867362,391.0,True,False,-29.0,1,2023-10-06 18:29:00,-3.09782,105.26948,0,0,0,3
103.33466,-1.16563,2023-10-07 02:00:00,NASA,NOAA20,Verified No fire,JAMBI SMF,8924,2023,2023:8924,2023,20348,746512,0.0,402.0,True,False,-18.0,1,2023-10-06 19:18:00,-1.16563,103.33466,0,0,1,4
103.22254,-2.56377,2023-10-07 02:00:00,NASA,NOAA20,Verified No fire,SUMSEL MUBA,8929,2023,2023:8929,2023,20353,746563,0.0,401.0,True,False,-19.0,1,2023-10-06 19:19:00,-2.56377,103.22254,0,0,1,8
105.72834015,-3.62391663,2023-10-07 13:00:00,LAPAN,NOAA20,Fire inside Sitrep,SUMSEL,8945,2023,2023:8945,2023,20369,747693,0.05802977093947967,403.0,True,False,-17.0,1,2023-10-07 06:17:00,-3.62352,105.72868,0,0,0,3
105.27309418,-2.89812183,2023-10-07 13:00:00,LAPAN,NOAA20,Fire inside Sitrep,SUMSEL,8958,2023,2023:8958,2023,20382,748760,0.07627642324749694,402.0,True,False,-18.0,1,2023-10-07 06:18:00,-2.8976,105.27354,0,0,0,0
105.23503,-2.99439,2023-10-07 13:00:00,NASA,NOAA20,Fire inside Sitrep,SUMSEL,8978,2023,2023:8978,2023,20402,748802,0.0,402.0,True,False,-18.0,1,2023-10-07 06:18:00,-2.99439,105.23503,0,0,0,8
103.06849,-1.11639,2023-10-07 13:00:00,NASA,NOAA20,Verified No fire,JAMBI SMF,8979,2023,2023:8979,2023,20403,748343,0.0,402.0,True,False,-18.0,1,2023-10-07 06:18:00,-1.11639,103.06849,0,0,1,1
103.33116913,-2.56205297,2023-10-07 13:00:00,LAPAN,NOAA20,Verified No fire,SUMSEL MUBA,8982,2023,2023:8982,2023,20406,748557,0.09316783180451688,402.0,True,False,-18.0,1,2023-10-07 06:18:00,-2.56143,103.33173,0,0,0,0
103.42616,-2.28483,2023-10-07 13:00:00,NASA,NOAA20,Verified No fire,SUMSEL MUBA,8984,2023,2023:8984,2023,20408,748483,0.0,402.0,True,False,-18.0,1,2023-10-07 06:18:00,-2.28483,103.42616,0,0,0,2
105.23468018,-2.99480486,2023-10-07 13:00:00,LAPAN,NOAA20,Fire inside Sitrep,SUMSEL,8987,2023,2023:8987,2023,20411,748802,0.06030719976151891,402.0,True,False,-18.0,1,2023-10-07 06:18:00,-2.99439,105.23503,0,0,0,8
103.42559814,-2.28544927,2023-10-07 13:00:00,LAPAN,NOAA20,Verified No fire,SUMSEL MUBA,8989,2023,2023:8989,2023,20413,748483,0.09294472805030171,402.0,True,False,-18.0,1,2023-10-07 06:18:00,-2.28483,103.42616,0,0,0,2
103.07762909,-2.30233717,2023-10-07 13:00:00,LAPAN,NOAA20,Verified No fire,SUMSEL MUBA,9001,2023,2023:9001,2023,20425,748471,0.09584071543493443,402.0,True,False,-18.0,1,2023-10-07 06:18:00,-2.3017,103.07821,0,0,0,0
103.06803894,-1.11688435,2023-10-07 13:00:00,LAPAN,NOAA20,Verified No fire,JAMBI SMF,9007,2023,2023:9007,2023,20431,748343,0.07440602648902662,402.0,True,False,-18.0,1,2023-10-07 06:18:00,-1.11639,103.06849,0,0,1,1
105.72868,-3.62352,2023-10-07 13:00:00,NASA,NOAA20,Fire inside Sitrep,SUMSEL,9017,2023,2023:9017,2023,20441,747693,0.0,403.0,True,False,-17.0,1,2023-10-07 06:17:00,-3.62352,105.72868,0,0,0,3
105.20428,-3.12143,2023-10-07 13:00:00,NASA,NOAA20,Fire inside Sitrep,SUMSEL,9023,2023,2023:9023,2023,20447,748859,0.0,402.0,True,False,-18.0,1,2023-10-07 06:18:00,-3.12143,105.20428,0,0,0,1
105.51553,-3.32661,2023-10-07 13:00:00,NASA,NOAA20,Fire inside Sitrep,SUMSEL,9025,2023,2023:9025,2023,20449,748996,0.0,402.0,True,False,-18.0,1,2023-10-07 06:18:00,-3.32661,105.51553,0,0,0,11
103.07821,-2.3017,2023-10-07 13:00:00,NASA,NOAA20,Verified No fire,SUMSEL MUBA,9040,2023,2023:9040,2023,20464,748471,0.0,402.0,True,False,-18.0,1,2023-10-07 06:18:00,-2.3017,103.07821,0,0,0,0
103.22386932,-2.48150897,2023-10-07 13:00:00,LAPAN,NOAA20,Verified No fire,SUMSEL MUBA,9045,2023,2023:9045,2023,20469,748526,0.0763027381702161,402.0,True,False,-18.0,1,2023-10-07 06:18:00,-2.481,103.22433,0,0,0,2
102.81741333,-1.23941171,2023-10-07 13:00:00,LAPAN,NOAA20,Verified No fire,JAMBI SMF,9046,2023,2023:9046,2023,20470,748350,0.07775352475332135,402.0,True,False,-18.0,1,2023-10-07 06:18:00,-1.2389,102.81789,0,0,3,3
105.29823303,-2.68435478,2023-10-07 13:00:00,LAPAN,NOAA20,Fire inside Sitrep,SUMSEL,9060,2023,2023:9060,2023,20484,748702,0.0757713100116282,402.0,True,False,-18.0,1,2023-10-07 06:18:00,-2.68384,105.29868,0,0,0,0
105.51509857,-3.32712078,2023-10-07 13:00:00,LAPAN,NOAA20,Fire inside Sitrep,SUMSEL,9067,2023,2023:9067,2023,20491,748996,0.07429306144238675,402.0,True,False,-18.0,1,2023-10-07 06:18:00,-3.32661,105.51553,0,0,0,11
102.81789,-1.2389,2023-10-07 13:00:00,NASA,NOAA20,Verified No fire,JAMBI SMF,9072,2023,2023:9072,2023,20496,748350,0.0,402.0,True,False,-18.0,1,2023-10-07 06:18:00,-1.2389,102.81789,0,0,3,3
105.20383453,-3.12195587,2023-10-07 13:00:00,LAPAN,NOAA20,Fire inside Sitrep,SUMSEL,9073,2023,2023:9073,2023,20497,748859,0.07658704197989619,402.0,True,False,-18.0,1,2023-10-07 06:18:00,-3.12143,105.20428,0,0,0,1
105.77224,-3.32373,2023-10-07 13:00:00,NASA,NOAA20,Fire inside Sitrep,SUMSEL,9078,2023,2023:9078,2023,20502,749025,0.0,402.0,True,False,-18.0,1,2023-10-07 06:18:00,-3.32373,105.77224,0,0,4,4
105.27709198,-3.1004355,2023-10-07 13:00:00,LAPAN,NOAA20,Fire inside Sitrep,SUMSEL,9096,2023,2023:9096,2023,20520,748854,0.07673951776522378,402.0,True,False,-18.0,1,2023-10-07 06:18:00,-3.09991,105.27754,0,0,2,5
103.22433,-2.481,2023-10-07 13:00:00,NASA,NOAA20,Verified No fire,SUMSEL MUBA,9098,2023,2023:9098,2023,20522,748526,0.0,402.0,True,False,-18.0,1,2023-10-07 06:18:00,-2.481,103.22433,0,0,0,2
103.33173,-2.56143,2023-10-07 13:00:00,NASA,NOAA20,Verified No fire,SUMSEL MUBA,9099,2023,2023:9099,2023,20523,748557,0.0,402.0,True,False,-18.0,1,2023-10-07 06:18:00,-2.56143,103.33173,0,0,0,0
105.27422333,-3.13247418,2023-10-07 13:00:00,LAPAN,NOAA20,Fire inside Sitrep,SUMSEL,9104,2023,2023:9104,2023,20528,748872,0.07652961325260325,402.0,True,False,-18.0,1,2023-10-07 06:18:00,-3.13195,105.27467,0,0,0,2
105.77189636,-3.3241179,2023-10-07 13:00:00,LAPAN,NOAA20,Fire inside Sitrep,SUMSEL,9107,2023,2023:9107,2023,20531,749025,0.057581218079392225,402.0,True,False,-18.0,1,2023-10-07 06:18:00,-3.32373,105.77224,0,0,4,4
105.58636,-3.57177,2023-10-07 13:00:00,NASA,NOAA20,Fire inside Sitrep,SUMSEL,9109,2023,2023:9109,2023,20533,747711,0.0,403.0,True,False,-17.0,1,2023-10-07 06:17:00,-3.57177,105.58636,0,0,0,0
105.29868,-2.68384,2023-10-07 13:00:00,NASA,NOAA20,Verified Fire,SUMSEL,9114,2023,2023:9114,2023,20538,748702,0.0,402.0,True,False,-18.0,1,2023-10-07 06:18:00,-2.68384,105.29868,0,0,0,0
105.60987854,-3.08532739,2023-10-07 13:00:00,LAPAN,NOAA20,Verified Fire,SUMSEL,9128,2023,2023:9128,2023,20552,748875,0.0740147687428068,402.0,True,False,-18.0,1,2023-10-07 06:18:00,-3.08482,105.61031,0,0,1,1
105.27354,-2.8976,2023-10-07 13:00:00,NASA,NOAA20,Fire inside Sitrep,SUMSEL,9135,2023,2023:9135,2023,20559,748760,0.0,402.0,True,False,-18.0,1,2023-10-07 06:18:00,-2.8976,105.27354,0,0,0,0
102.8610611,-1.2133528,2023-10-07 13:00:00,LAPAN,NOAA20,Verified No fire,JAMBI SMF,9138,2023,2023:9138,2023,20562,748348,0.08189699717503673,402.0,True,False,-18.0,1,2023-10-07 06:18:00,-1.21283,102.86158,0,0,0,0
105.58601379,-3.57217836,2023-10-07 13:00:00,LAPAN,NOAA20,Fire inside Sitrep,SUMSEL,9148,2023,2023:9148,2023,20572,747711,0.05948198932338617,403.0,True,False,-17.0,1,2023-10-07 06:17:00,-3.57177,105.58636,0,0,0,0
105.27754,-3.09991,2023-10-07 13:00:00,NASA,NOAA20,Fire inside Sitrep,SUMSEL,9164,2023,2023:9164,2023,20588,748854,0.0,402.0,True,False,-18.0,1,2023-10-07 06:18:00,-3.09991,105.27754,0,0,2,5
102.86158,-1.21283,2023-10-07 13:00:00,NASA,NOAA20,Verified No fire,JAMBI SMF,9167,2023,2023:9167,2023,20591,748348,0.0,402.0,True,False,-18.0,1,2023-10-07 06:18:00,-1.21283,102.86158,0,0,0,0
105.61031,-3.08482,2023-10-07 13:00:00,NASA,NOAA20,Fire inside Sitrep,SUMSEL,9179,2023,2023:9179,2023,20603,748875,0.0,402.0,True,False,-18.0,1,2023-10-07 06:18:00,-3.08482,105.61031,0,0,1,1
105.27467,-3.13195,2023-10-07 13:00:00,NASA,NOAA20,Fire inside Sitrep,SUMSEL,9190,2023,2023:9190,2023,20614,748872,0.0,402.0,True,False,-18.0,1,2023-10-07 06:18:00,-3.13195,105.27467,0,0,0,2
105.62132,-3.24556,2023-10-07 14:00:00,NASA,SNPP,Fire inside Sitrep,SUMSEL,9196,2023,2023:9196,2023,20620,1441086,0.02537130087340546,412.0,True,False,-8.0,1,2023-10-07 07:08:00,-3.24536,105.62143,0,0,1,1
103.26666,-2.45469,2023-10-07 14:00:00,NASA,SNPP,Verified No fire,SUMSEL MUBA,9198,2023,2023:9198,2023,20622,1441305,0.008094563677967697,412.0,True,False,-8.0,1,2023-10-07 07:08:00,-2.45462,103.26668,0,0,2,2
103.07123,-1.11383,2023-10-07 14:00:00,NASA,SNPP,Verified No fire,JAMBI SMF,9201,2023,2023:9201,2023,20625,1441431,0.015802592795375082,411.0,True,False,-9.0,1,2023-10-07 07:09:00,-1.11394,103.07114,0,0,1,1
105.47352,-3.30251,2023-10-07 14:00:00,NASA,SNPP,Fire inside Sitrep,SUMSEL,9202,2023,2023:9202,2023,20626,1441062,0.0459867451253891,412.0,True,False,-8.0,1,2023-10-07 07:08:00,-3.30226,105.47385,0,0,2,2
105.58341,-3.43375,2023-10-07 14:00:00,NASA,SNPP,Fire inside Sitrep,SUMSEL,9234,2023,2023:9234,2023,20658,1441008,0.03296250609935698,412.0,True,False,-8.0,1,2023-10-07 07:08:00,-3.43359,105.58366,0,0,0,1
103.45976,-2.22084,2023-10-07 14:00:00,NASA,SNPP,Verified No fire,SUMSEL MUBA,9267,2023,2023:9267,2023,20691,1441250,0.013434025076123624,412.0,True,False,-8.0,1,2023-10-07 07:08:00,-2.22095,103.45981,0,0,0,0
105.23218,-3.07198,2023-10-07 14:00:00,NASA,SNPP,Fire inside Sitrep,SUMSEL,9279,2023,2023:9279,2023,20703,1441139,0.009498829768537092,412.0,True,False,-8.0,1,2023-10-07 07:08:00,-3.0719,105.23215,0,0,1,23
105.4529,-3.3121,2023-10-07 14:00:00,NASA,SNPP,Fire inside Sitrep,SUMSEL,9281,2023,2023:9281,2023,20705,1441061,0.047543428210547134,412.0,True,False,-8.0,1,2023-10-07 07:08:00,-3.31184,105.45324,0,0,1,1
105.22517,-3.13116,2023-10-07 14:00:00,NASA,SNPP,Fire inside Sitrep,SUMSEL,9303,2023,2023:9303,2023,20727,1441118,0.013752864880138575,412.0,True,False,-8.0,1,2023-10-07 07:08:00,-3.13104,105.22514,0,0,1,2
105.26722,-3.09579,2023-10-08 01:00:00,NASA,SNPP,Fire inside Sitrep,SUMSEL,9344,2023,2023:9344,2023,20768,1441912,0.029978857814335135,410.0,True,False,-10.0,1,2023-10-07 18:10:00,-3.09579,105.26695,0,0,2,4
102.89944,-0.83142,2023-10-08 01:00:00,NASA,SNPP,Verified No fire,JAMBI SMF,9345,2023,2023:9345,2023,20769,1441669,0.006763039826520645,411.0,True,False,-9.0,1,2023-10-07 18:09:00,-0.83141,102.8995,0,0,1,9
103.41655,-2.27242,2023-10-08 01:00:00,NASA,SNPP,Verified No fire,SUMSEL MUBA,9346,2023,2023:9346,2023,20770,1441961,0.025337820728751015,410.0,True,False,-10.0,1,2023-10-07 18:10:00,-2.27236,103.41677,0,0,1,3
105.38061,-2.41313,2023-10-08 01:00:00,NASA,SNPP,Verified No fire,SUMSEL,9377,2023,2023:9377,2023,20801,1442018,0.013569132336134633,410.0,True,False,-10.0,1,2023-10-07 18:10:00,-2.41303,105.38068,0,0,0,4
103.24830627,-1.56912899,2023-10-08 01:00:00,LAPAN,SNPP,Verified No fire,JAMBI SMF,9393,2023,2023:9393,2023,20817,1442150,0.09454087683398482,410.0,True,False,-10.0,1,2023-10-07 18:10:00,-1.56876,103.24754,0,0,0,0
105.74810791,-3.77013683,2023-10-08 01:00:00,LAPAN,SNPP,Fire inside Sitrep,SUMSEL,9396,2023,2023:9396,2023,20820,1442449,0.08077812158875673,410.0,True,False,-10.0,1,2023-10-07 18:10:00,-3.77015,105.74738,0,0,0,7
105.38150024,-2.41316581,2023-10-08 01:00:00,LAPAN,SNPP,Verified No fire,SUMSEL,9426,2023,2023:9426,2023,20850,1442018,0.09236860383534697,410.0,True,False,-10.0,1,2023-10-07 18:10:00,-2.41303,105.38068,0,0,0,4
103.24762,-1.56874,2023-10-08 01:00:00,NASA,SNPP,Verified No fire,JAMBI SMF,9433,2023,2023:9433,2023,20857,1442150,0.009166146683832371,410.0,True,False,-10.0,1,2023-10-07 18:10:00,-1.56876,103.24754,0,0,0,0
103.33907,-1.16885,2023-10-08 01:00:00,NASA,SNPP,Verified No fire,JAMBI SMF,9434,2023,2023:9434,2023,20858,1441833,0.03670358847751406,410.0,True,False,-10.0,1,2023-10-07 18:10:00,-1.16886,103.3394,0,0,0,3
103.4172287,-2.27276945,2023-10-08 01:00:00,LAPAN,SNPP,Verified No fire,SUMSEL MUBA,9442,2023,2023:9442,2023,20866,1441961,0.06833968154638397,410.0,True,False,-10.0,1,2023-10-07 18:10:00,-2.27236,103.41677,0,0,1,3
103.90847,-1.66904,2023-10-08 01:00:00,NASA,SNPP,Verified Fire,SUMSEL MUBA,9448,2023,2023:9448,2023,20872,1442151,0.007029909130286862,410.0,True,False,-10.0,1,2023-10-07 18:10:00,-1.66906,103.90841,0,0,0,0
105.5342,-3.35428,2023-10-08 01:00:00,NASA,SNPP,Fire inside Sitrep,SUMSEL,9451,2023,2023:9451,2023,20875,1442286,0.014948304692968364,410.0,True,False,-10.0,1,2023-10-07 18:10:00,-3.35418,105.53411,0,0,2,22
102.900177,-0.83185858,2023-10-08 01:00:00,LAPAN,SNPP,Verified No fire,JAMBI SMF,9479,2023,2023:9479,2023,20903,1441669,0.09029810516678405,411.0,True,False,-9.0,1,2023-10-07 18:09:00,-0.83141,102.8995,0,0,1,9
105.74726,-3.77011,2023-10-08 01:00:00,NASA,SNPP,Fire inside Sitrep,SUMSEL,9491,2023,2023:9491,2023,20915,1442449,0.014037796856872129,410.0,True,False,-10.0,1,2023-10-07 18:10:00,-3.77015,105.74738,0,0,0,7
103.90912628,-1.66942632,2023-10-08 01:00:00,LAPAN,SNPP,Verified No fire,SUMSEL MUBA,9493,2023,2023:9493,2023,20917,1442151,0.0894282264325755,410.0,True,False,-10.0,1,2023-10-07 18:10:00,-1.66906,103.90841,0,0,0,0
103.2437,-1.06313,2023-10-08 02:00:00,NASA,NOAA20,Verified No fire,JAMBI SMF,9516,2023,2023:9516,2023,20940,749874,0.0,420.0,True,False,0.0,1,2023-10-07 19:00:00,-1.06313,103.2437,0,0,2,2
105.66595,-3.61616,2023-10-08 02:00:00,NASA,NOAA20,Fire inside Sitrep,SUMSEL,9524,2023,2023:9524,2023,20948,749857,0.0,420.0,True,False,0.0,1,2023-10-07 19:00:00,-3.61616,105.66595,0,0,2,2
105.31696,-3.09841,2023-10-08 02:00:00,NASA,NOAA20,Fire inside Sitrep,SUMSEL,9541,2023,2023:9541,2023,20965,749718,0.0,420.0,True,False,0.0,1,2023-10-07 19:00:00,-3.09841,105.31696,0,0,2,6
102.89883,-0.8301,2023-10-08 02:00:00,NASA,NOAA20,Verified No fire,JAMBI SMF,9542,2023,2023:9542,2023,20966,749864,0.0,420.0,True,False,0.0,1,2023-10-07 19:00:00,-0.8301,102.89883,0,0,1,9
105.50563,-3.72878,2023-10-08 02:00:00,NASA,NOAA20,Fire inside Sitrep,SUMSEL,9543,2023,2023:9543,2023,20967,749828,0.0,420.0,True,False,0.0,1,2023-10-07 19:00:00,-3.72878,105.50563,0,0,2,2
103.41463,-2.27126,2023-10-08 02:00:00,NASA,NOAA20,Verified No fire,SUMSEL MUBA,9550,2023,2023:9550,2023,20974,750071,0.0,420.0,True,False,0.0,1,2023-10-07 19:00:00,-2.27126,103.41463,0,0,1,3
105.27011,-3.0963,2023-10-08 12:00:00,NASA,NOAA20,Fire inside Sitrep,SUMSEL,9612,2023,2023:9612,2023,21036,752062,0.0,361.0,True,False,-59.0,1,2023-10-08 05:59:00,-3.0963,105.27011,0,0,0,4
105.22919,-3.07436,2023-10-08 12:00:00,NASA,NOAA20,Verified No fire,SUMSEL,9618,2023,2023:9618,2023,21042,751869,0.0,361.0,True,False,-59.0,1,2023-10-08 05:59:00,-3.07436,105.22919,0,0,0,15
103.43628,-2.2097,2023-10-08 12:00:00,NASA,NOAA20,Verified No fire,SUMSEL MUBA,9624,2023,2023:9624,2023,21048,751954,0.0,361.0,True,False,-59.0,1,2023-10-08 05:59:00,-2.2097,103.43628,0,0,0,0
103.57735,-2.28063,2023-10-08 12:00:00,NASA,NOAA20,Verified No fire,SUMSEL MUBA,9634,2023,2023:9634,2023,21058,751968,0.0,361.0,True,False,-59.0,1,2023-10-08 05:59:00,-2.28063,103.57735,0,0,2,2
105.65316,-3.4712,2023-10-08 12:00:00,NASA,NOAA20,Fire inside Sitrep,SUMSEL,9652,2023,2023:9652,2023,21076,752276,0.0,361.0,True,False,-59.0,1,2023-10-08 05:59:00,-3.4712,105.65316,0,0,1,3
105.20203,-3.11564,2023-10-08 12:00:00,NASA,NOAA20,Fire inside Sitrep,SUMSEL,9682,2023,2023:9682,2023,21106,752064,0.0,361.0,True,False,-59.0,1,2023-10-08 05:59:00,-3.11564,105.20203,0,0,0,1
103.45026,-2.29958,2023-10-08 12:00:00,NASA,NOAA20,Verified No fire,SUMSEL MUBA,9704,2023,2023:9704,2023,21128,751967,0.0,361.0,True,False,-59.0,1,2023-10-08 05:59:00,-2.29958,103.45026,0,0,0,7
105.37325,-2.40691,2023-10-08 12:00:00,NASA,NOAA20,Verified No fire,SUMSEL,9710,2023,2023:9710,2023,21134,752045,0.0,361.0,True,False,-59.0,1,2023-10-08 05:59:00,-2.40691,105.37325,0,0,2,3
101.92982,-0.93066,2023-10-08 13:00:00,NASA,SNPP,Verified No fire,JAMBI SMF,9781,2023,2023:9781,2023,21205,1444619,0.017007419059635737,370.0,True,False,-50.0,1,2023-10-08 06:50:00,-0.93063,101.92997,0,0,0,0
105.74929047,-3.7669816,2023-10-08 13:00:00,LAPAN,SNPP,Fire inside Sitrep,SUMSEL,9784,2023,2023:9784,2023,21208,1443905,0.09134775247065924,371.0,True,False,-49.0,1,2023-10-08 06:49:00,-3.76706,105.75011,0,0,0,7
105.75011,-3.76712,2023-10-08 13:00:00,NASA,SNPP,Fire inside Sitrep,SUMSEL,9785,2023,2023:9785,2023,21209,1443905,0.006671704813983586,371.0,True,False,-49.0,1,2023-10-08 06:49:00,-3.76706,105.75011,0,0,0,7
101.87696,-0.99371,2023-10-08 13:00:00,NASA,SNPP,Verified No fire,JAMBI SMF,9801,2023,2023:9801,2023,21225,1444604,0.017007116836480145,370.0,True,False,-50.0,1,2023-10-08 06:50:00,-0.99368,101.87711,0,0,0,0
101.87631226,-0.99347663,2023-10-08 13:00:00,LAPAN,SNPP,Verified No fire,JAMBI SMF,9802,2023,2023:9802,2023,21226,1444604,0.09152895965936067,370.0,True,False,-50.0,1,2023-10-08 06:50:00,-0.99368,101.87711,0,0,0,0
105.36729,-3.765,2023-10-08 13:00:00,NASA,SNPP,Fire inside Sitrep,SUMSEL,9807,2023,2023:9807,2023,21231,1443914,0.011119508023353535,371.0,True,False,-49.0,1,2023-10-08 06:49:00,-3.7649,105.36729,0,0,2,3
103.10047,-2.29265,2023-10-08 13:00:00,NASA,SNPP,Verified No fire,SUMSEL MUBA,9810,2023,2023:9810,2023,21234,1444504,0.004008208467079107,371.0,True,False,-49.0,1,2023-10-08 06:49:00,-2.29262,103.10049,0,0,0,0
103.44772,-2.21164,2023-10-08 13:00:00,NASA,SNPP,Verified No fire,SUMSEL MUBA,9811,2023,2023:9811,2023,21235,1444508,0.004715850986704483,371.0,True,False,-49.0,1,2023-10-08 06:49:00,-2.21161,103.44775,0,0,0,0
103.27419,-2.47022,2023-10-08 13:00:00,NASA,SNPP,Verified No fire,SUMSEL MUBA,9824,2023,2023:9824,2023,21248,1444433,0.010949767320128137,371.0,True,False,-49.0,1,2023-10-08 06:49:00,-2.47031,103.27415,0,0,2,3
105.61115,-3.24986,2023-10-08 13:00:00,NASA,Aqua,Fire inside Sitrep,SUMSEL,9826,2023,2023:9826,2023,21250,128333,0.08395248242449142,381.0,True,False,-39.0,1,2023-10-08 06:39:00,-3.2506,105.6113,0,0,0,0
105.53712,-3.42408,2023-10-08 13:00:00,NASA,SNPP,Fire inside Sitrep,SUMSEL,9846,2023,2023:9846,2023,21270,1444060,0.007848924199654814,371.0,True,False,-49.0,1,2023-10-08 06:49:00,-3.42407,105.53719,0,0,0,0
105.65399,-3.46847,2023-10-08 13:00:00,NASA,SNPP,Fire inside Sitrep,SUMSEL,9849,2023,2023:9849,2023,21273,1443983,0.007448264099342482,371.0,True,False,-49.0,1,2023-10-08 06:49:00,-3.46844,105.65405,0,0,1,1
102.92334,-1.07835,2023-10-08 13:00:00,NASA,SNPP,Verified No fire,JAMBI SMF,9855,2023,2023:9855,2023,21279,1444585,0.007862651680585189,370.0,True,False,-50.0,1,2023-10-08 06:50:00,-1.07828,102.92335,0,0,0,0
105.49545,-3.73133,2023-10-08 13:00:00,NASA,Aqua,Fire inside Sitrep,SUMSEL,9877,2023,2023:9877,2023,21301,128410,0.07633724008482594,381.0,True,False,-39.0,1,2023-10-08 06:39:00,-3.732,105.4956,0,0,0,0
103.09978485,-2.29244518,2023-10-08 13:00:00,LAPAN,SNPP,Verified No fire,SUMSEL MUBA,9886,2023,2023:9886,2023,21310,1444504,0.08072203109374865,371.0,True,False,-49.0,1,2023-10-08 06:49:00,-2.29262,103.10049,0,0,0,0
105.22146,-3.13251,2023-10-08 13:00:00,NASA,SNPP,Fire inside Sitrep,SUMSEL,9894,2023,2023:9894,2023,21318,1444240,0.00786244472911518,371.0,True,False,-49.0,1,2023-10-08 06:49:00,-3.13258,105.22147,0,0,0,1
101.92918396,-0.93048406,2023-10-08 13:00:00,LAPAN,SNPP,Verified No fire,JAMBI SMF,9903,2023,2023:9903,2023,21327,1444619,0.08888615068430399,370.0,True,False,-50.0,1,2023-10-08 06:50:00,-0.93063,101.92997,0,0,0,0
103.44702911,-2.21146488,2023-10-08 13:00:00,LAPAN,SNPP,Verified No fire,SUMSEL MUBA,9904,2023,2023:9904,2023,21328,1444508,0.08170896720981588,371.0,True,False,-49.0,1,2023-10-08 06:49:00,-2.21161,103.44775,0,0,0,0
105.48431,-2.57074,2023-10-08 13:00:00,NASA,Aqua,Fire inside Sitrep,SUMSEL,9919,2023,2023:9919,2023,21343,128354,0.07406658307386407,381.0,True,False,-39.0,1,2023-10-08 06:39:00,-2.5714,105.4844,0,0,3,4
105.5851,-3.09276,2023-10-08 13:00:00,NASA,SNPP,Fire inside Sitrep,SUMSEL,9923,2023,2023:9923,2023,21347,1444224,0.008094234756254438,371.0,True,False,-49.0,1,2023-10-08 06:49:00,-3.09283,105.58512,0,0,2,2
105.36758,-3.12698,2023-10-08 13:00:00,NASA,SNPP,Fire inside Sitrep,SUMSEL,9935,2023,2023:9935,2023,21359,1444225,0.008094214987061372,371.0,True,False,-49.0,1,2023-10-08 06:49:00,-3.12705,105.3676,0,0,0,0
105.49526,-3.31374,2023-10-08 13:00:00,NASA,SNPP,Fire inside Sitrep,SUMSEL,9945,2023,2023:9945,2023,21369,1444153,0.007031419364874377,371.0,True,False,-49.0,1,2023-10-08 06:49:00,-3.3138,105.49528,0,0,0,0
103.27349091,-2.4700284,2023-10-08 13:00:00,LAPAN,SNPP,Verified No fire,SUMSEL MUBA,9977,2023,2023:9977,2023,21401,1444433,0.07963394425193195,371.0,True,False,-49.0,1,2023-10-08 06:49:00,-2.47031,103.27415,0,0,2,3
103.38208771,-1.20487916,2023-10-09 00:00:00,LAPAN,SNPP,Verified No fire,JAMBI SMF,9991,2023,2023:9991,2023,21415,1445047,0.08936090658291092,369.0,True,False,-51.0,1,2023-10-08 17:51:00,-1.20456,103.38135,0,0,0,2
103.38086,-1.20439,2023-10-09 00:00:00,NASA,SNPP,Verified No fire,JAMBI SMF,9992,2023,2023:9992,2023,21416,1445047,0.05766018811026356,369.0,True,False,-51.0,1,2023-10-08 17:51:00,-1.20456,103.38135,0,0,0,2
103.33726,-1.16782,2023-10-09 00:00:00,NASA,SNPP,Verified No fire,JAMBI SMF,9995,2023,2023:9995,2023,21419,1445046,0.057660868244208165,369.0,True,False,-51.0,1,2023-10-08 17:51:00,-1.16799,103.33775,0,0,0,1
103.46842957,-2.31637454,2023-10-09 01:00:00,LAPAN,NOAA20,Verified No fire,SUMSEL MUBA,9998,2023,2023:9998,2023,21422,752790,0.0681323888082394,379.0,True,False,-41.0,1,2023-10-08 18:41:00,-2.3167,103.46791,0,0,1,1
103.46791,-2.3167,2023-10-09 01:00:00,NASA,NOAA20,Verified No fire,SUMSEL MUBA,10001,2023,2023:10001,2023,21425,752790,0.0,379.0,True,False,-41.0,1,2023-10-08 18:41:00,-2.3167,103.46791,0,0,1,1
102.77526,-1.04226,2023-10-09 01:00:00,NASA,NOAA20,Verified No fire,JAMBI SMF,10002,2023,2023:10002,2023,21426,752818,0.0,379.0,True,False,-41.0,1,2023-10-08 18:41:00,-1.04226,102.77526,0,0,0,0
102.82135773,-1.04204214,2023-10-09 01:00:00,LAPAN,NOAA20,Verified No fire,JAMBI SMF,10003,2023,2023:10003,2023,21427,752819,0.07708901164979479,379.0,True,False,-41.0,1,2023-10-08 18:41:00,-1.04241,102.82077,0,0,0,0
102.77584839,-1.04189193,2023-10-09 01:00:00,LAPAN,NOAA20,Verified No fire,JAMBI SMF,10004,2023,2023:10004,2023,21428,752818,0.07716360211159183,379.0,True,False,-41.0,1,2023-10-08 18:41:00,-1.04226,102.77526,0,0,0,0
102.82077,-1.04241,2023-10-09 01:00:00,NASA,NOAA20,Verified No fire,JAMBI SMF,10018,2023,2023:10018,2023,21442,752819,0.0,379.0,True,False,-41.0,1,2023-10-08 18:41:00,-1.04241,102.82077,0,0,0,0
103.48116302,-2.25360608,2023-10-09 01:00:00,LAPAN,NOAA20,Verified No fire,SUMSEL MUBA,10026,2023,2023:10026,2023,21450,752792,0.08533285946523679,379.0,True,False,-41.0,1,2023-10-08 18:41:00,-2.25401,103.48051,0,0,0,14
103.27090454,-2.47025657,2023-10-09 01:00:00,LAPAN,NOAA20,Verified No fire,SUMSEL MUBA,10030,2023,2023:10030,2023,21454,752787,0.06694810911187798,379.0,True,False,-41.0,1,2023-10-08 18:41:00,-2.47057,103.27039,0,0,0,3
103.27039,-2.47057,2023-10-09 01:00:00,NASA,NOAA20,Verified No fire,SUMSEL MUBA,10031,2023,2023:10031,2023,21455,752787,0.0,379.0,True,False,-41.0,1,2023-10-08 18:41:00,-2.47057,103.27039,0,0,0,3
103.48051,-2.25401,2023-10-09 01:00:00,NASA,NOAA20,Verified No fire,SUMSEL MUBA,10032,2023,2023:10032,2023,21456,752792,0.0,379.0,True,False,-41.0,1,2023-10-08 18:41:00,-2.25401,103.48051,0,0,0,14
105.52161407,-3.33256102,2023-10-09 13:00:00,LAPAN,SNPP,Fire inside Sitrep,SUMSEL,10052,2023,2023:10052,2023,21476,1446456,0.06604365039852189,390.0,True,False,-30.0,1,2023-10-09 06:30:00,-3.33271,105.52219,0,0,0,1
103.43152,-2.20981,2023-10-09 13:00:00,NASA,SNPP,Verified No fire,SUMSEL MUBA,10078,2023,2023:10078,2023,21502,1446541,0.009162963532787036,389.0,True,False,-31.0,1,2023-10-09 06:31:00,-2.20979,103.43144,0,0,0,0
105.52219,-3.33273,2023-10-09 13:00:00,NASA,SNPP,Fire inside Sitrep,SUMSEL,10085,2023,2023:10085,2023,21509,1446456,0.002223901604711121,390.0,True,False,-30.0,1,2023-10-09 06:30:00,-3.33271,105.52219,0,0,0,1
103.43084717,-2.21013379,2023-10-09 13:00:00,LAPAN,SNPP,Verified No fire,SUMSEL MUBA,10093,2023,2023:10093,2023,21517,1446541,0.0761598128285507,389.0,True,False,-31.0,1,2023-10-09 06:31:00,-2.20979,103.43144,0,0,0,0
103.1036911,-2.45680499,2023-10-10 01:00:00,LAPAN,NOAA20,Verified No fire,SUMSEL MUBA,10158,2023,2023:10158,2023,21582,754857,0.06424166186182335,398.0,True,False,-22.0,1,2023-10-09 18:22:00,-2.45698,103.10314,0,0,0,0
103.08437,-1.3173,2023-10-10 01:00:00,NASA,NOAA20,Verified No fire,JAMBI SMF,10180,2023,2023:10180,2023,21604,754987,0.0,398.0,True,False,-22.0,1,2023-10-09 18:22:00,-1.3173,103.08437,0,0,0,0
103.33745,-1.16874,2023-10-10 01:00:00,NASA,NOAA20,Verified No fire,JAMBI SMF,10209,2023,2023:10209,2023,21633,754932,0.0,398.0,True,False,-22.0,1,2023-10-09 18:22:00,-1.16874,103.33745,0,0,0,1
102.82416,-1.15605,2023-10-10 01:00:00,NASA,NOAA20,Verified No fire,JAMBI SMF,10212,2023,2023:10212,2023,21636,755001,0.0,398.0,True,False,-22.0,1,2023-10-09 18:22:00,-1.15605,102.82416,0,0,0,8
103.38081,-2.536,2023-10-10 01:00:00,NASA,NOAA20,Verified No fire,SUMSEL MUBA,10233,2023,2023:10233,2023,21657,754858,0.0,398.0,True,False,-22.0,1,2023-10-09 18:22:00,-2.536,103.38081,0,0,0,0
103.08492279,-1.31714082,2023-10-10 01:00:00,LAPAN,NOAA20,Verified No fire,JAMBI SMF,10234,2023,2023:10234,2023,21658,754987,0.06394960228092286,398.0,True,False,-22.0,1,2023-10-09 18:22:00,-1.3173,103.08437,0,0,0,0
102.82473755,-1.15591371,2023-10-10 01:00:00,LAPAN,NOAA20,Verified No fire,JAMBI SMF,10237,2023,2023:10237,2023,21661,755001,0.06597188319990442,398.0,True,False,-22.0,1,2023-10-09 18:22:00,-1.15605,102.82416,0,0,0,8
105.27951813,-2.75304484,2023-10-10 01:00:00,LAPAN,NOAA20,Verified No fire,SUMSEL,10269,2023,2023:10269,2023,21693,754856,0.06667941516079277,398.0,True,False,-22.0,1,2023-10-09 18:22:00,-2.75333,105.27899,0,0,0,0
105.27899,-2.75333,2023-10-10 01:00:00,NASA,NOAA20,Verified No fire,SUMSEL,10270,2023,2023:10270,2023,21694,754856,0.0,398.0,True,False,-22.0,1,2023-10-09 18:22:00,-2.75333,105.27899,0,0,0,0
103.38284302,-1.20396709,2023-10-10 01:00:00,LAPAN,NOAA20,Verified No fire,JAMBI SMF,10271,2023,2023:10271,2023,21695,755002,0.06441583379891891,398.0,True,False,-22.0,1,2023-10-09 18:22:00,-1.20414,103.38229,0,0,3,4
103.38229,-1.20414,2023-10-10 01:00:00,NASA,NOAA20,Verified No fire,JAMBI SMF,10272,2023,2023:10272,2023,21696,755002,0.0,398.0,True,False,-22.0,1,2023-10-09 18:22:00,-1.20414,103.38229,0,0,3,4
103.79861,-2.10117,2023-10-10 01:00:00,NASA,NOAA20,Verified No fire,SUMSEL MUBA,10274,2023,2023:10274,2023,21698,755143,0.0,398.0,True,False,-22.0,1,2023-10-09 18:22:00,-2.10117,103.79861,0,0,0,0
103.10314,-2.45698,2023-10-10 01:00:00,NASA,NOAA20,Verified No fire,SUMSEL MUBA,10283,2023,2023:10283,2023,21707,754857,0.0,398.0,True,False,-22.0,1,2023-10-09 18:22:00,-2.45698,103.10314,0,0,0,0
105.45418,-3.70804,2023-10-10 01:00:00,NASA,NOAA20,Fire inside Sitrep,SUMSEL,10297,2023,2023:10297,2023,21721,755091,0.0,398.0,True,False,-22.0,1,2023-10-09 18:22:00,-3.70804,105.45418,0,0,0,0
105.45471191,-3.7077353,2023-10-10 01:00:00,LAPAN,NOAA20,Fire inside Sitrep,SUMSEL,10306,2023,2023:10306,2023,21730,755091,0.0680553030354256,398.0,True,False,-22.0,1,2023-10-09 18:22:00,-3.70804,105.45418,0,0,0,0
103.24229,-1.06317,2023-10-10 02:00:00,NASA,SNPP,Verified No fire,JAMBI SMF,10316,2023,2023:10316,2023,21740,1446957,0.016415565649206966,408.0,True,False,-12.0,1,2023-10-09 19:12:00,-1.06324,103.24216,0,0,0,0
105.26752,-3.09389,2023-10-10 02:00:00,NASA,SNPP,Fire inside Sitrep,SUMSEL,10321,2023,2023:10321,2023,21745,1446991,0.03795349192414087,407.0,True,False,-13.0,1,2023-10-09 19:13:00,-3.09377,105.2672,0,0,2,3
105.65347,-3.56371,2023-10-10 02:00:00,NASA,SNPP,Fire inside Sitrep,SUMSEL,10328,2023,2023:10328,2023,21752,1447017,0.05276584140892262,407.0,True,False,-13.0,1,2023-10-09 19:13:00,-3.56359,105.65301,0,0,6,12
103.44925,-2.27446,2023-10-10 13:00:00,NASA,SNPP,Verified No fire,SUMSEL MUBA,10339,2023,2023:10339,2023,21763,1448375,0.008957880069796458,408.0,True,False,-12.0,1,2023-10-10 06:12:00,-2.27445,103.44917,0,0,0,0
105.56846619,-3.74882579,2023-10-10 13:00:00,LAPAN,SNPP,Fire inside Sitrep,SUMSEL,10346,2023,2023:10346,2023,21770,1448164,0.0888931999362448,409.0,True,False,-11.0,1,2023-10-10 06:11:00,-3.74835,105.56911,0,0,0,1
103.17735,-1.10519,2023-10-10 13:00:00,NASA,SNPP,Verified No fire,JAMBI SMF,10356,2023,2023:10356,2023,21780,1448342,0.006762508412743176,408.0,True,False,-12.0,1,2023-10-10 06:12:00,-1.1052,103.17729,0,0,0,0
105.75603485,-3.76255774,2023-10-10 13:00:00,LAPAN,SNPP,Fire inside Sitrep,SUMSEL,10357,2023,2023:10357,2023,21781,1448156,0.0862661802713298,409.0,True,False,-11.0,1,2023-10-10 06:11:00,-3.76214,105.75669,0,0,0,0
105.7315979,-3.55409646,2023-10-10 13:00:00,LAPAN,SNPP,Fire inside Sitrep,SUMSEL,10367,2023,2023:10367,2023,21791,1447955,0.09486941494394696,409.0,True,False,-11.0,1,2023-10-10 06:11:00,-3.55371,105.73236,0,0,0,1
105.65876,-3.95469,2023-10-10 13:00:00,NASA,SNPP,Fire inside Sitrep,SUMSEL,10372,2023,2023:10372,2023,21796,1447916,0.002218606277581226,409.0,True,False,-11.0,1,2023-10-10 06:11:00,-3.95469,105.65874,0,0,0,0
105.38152,-3.66062,2023-10-10 13:00:00,NASA,SNPP,Fire inside Sitrep,SUMSEL,10373,2023,2023:10373,2023,21797,1447890,0.007019682240471059,409.0,True,False,-11.0,1,2023-10-10 06:11:00,-3.6606,105.38146,0,0,0,3
105.75675,-3.76217,2023-10-10 13:00:00,NASA,SNPP,Fire inside Sitrep,SUMSEL,10379,2023,2023:10379,2023,21803,1448156,0.007446336026570479,409.0,True,False,-11.0,1,2023-10-10 06:11:00,-3.76214,105.75669,0,0,0,0
103.44857788,-2.27438831,2023-10-10 13:00:00,LAPAN,SNPP,Verified No fire,SUMSEL MUBA,10382,2023,2023:10382,2023,21806,1448375,0.06614561223358607,408.0,True,False,-12.0,1,2023-10-10 06:12:00,-2.27445,103.44917,0,0,0,0
105.38088989,-3.66055489,2023-10-10 13:00:00,LAPAN,SNPP,Fire inside Sitrep,SUMSEL,10388,2023,2023:10388,2023,21812,1447890,0.06346263115481687,409.0,True,False,-11.0,1,2023-10-10 06:11:00,-3.6606,105.38146,0,0,0,3
105.73232,-3.55371,2023-10-10 13:00:00,NASA,SNPP,Fire inside Sitrep,SUMSEL,10394,2023,2023:10394,2023,21818,1447955,0.004439250671111449,409.0,True,False,-11.0,1,2023-10-10 06:11:00,-3.55371,105.73236,0,0,0,1
105.65804291,-3.95512724,2023-10-10 13:00:00,LAPAN,SNPP,Fire inside Sitrep,SUMSEL,10395,2023,2023:10395,2023,21819,1447916,0.0913426584333524,409.0,True,False,-11.0,1,2023-10-10 06:11:00,-3.95469,105.65874,0,0,0,0
105.56918,-3.74839,2023-10-10 13:00:00,NASA,SNPP,Fire inside Sitrep,SUMSEL,10405,2023,2023:10405,2023,21829,1448164,0.008950380732807208,409.0,True,False,-11.0,1,2023-10-10 06:11:00,-3.74835,105.56911,0,0,0,1
103.21718,-2.56316,2023-10-10 14:00:00,NASA,NOAA20,Verified No fire,SUMSEL MUBA,10420,2023,2023:10420,2023,21844,756603,0.0,418.0,True,False,-2.0,1,2023-10-10 07:02:00,-2.56316,103.21718,0,0,0,1
103.48589,-2.26087,2023-10-10 14:00:00,NASA,NOAA20,Verified No fire,SUMSEL MUBA,10427,2023,2023:10427,2023,21851,756600,0.0,418.0,True,False,-2.0,1,2023-10-10 07:02:00,-2.26087,103.48589,0,0,0,0
103.33788,-1.1667,2023-10-11 01:00:00,NASA,NOAA20,Verified No fire,JAMBI SMF,10451,2023,2023:10451,2023,21875,757019,0.0,417.0,True,False,-3.0,1,2023-10-10 18:03:00,-1.1667,103.33788,0,0,1,3
102.76744,-1.25265,2023-10-11 01:00:00,NASA,NOAA20,Verified No fire,JAMBI SMF,10466,2023,2023:10466,2023,21890,756864,0.0,417.0,True,False,-3.0,1,2023-10-10 18:03:00,-1.25265,102.76744,0,0,0,4
105.75292206,-3.6048739,2023-10-11 01:00:00,LAPAN,SNPP,Fire inside Sitrep,SUMSEL,10467,2023,2023:10467,2023,21891,1448865,0.08846836299338538,366.0,True,False,-54.0,1,2023-10-10 18:54:00,-3.60461,105.75217,0,0,0,2
105.75207,-3.60462,2023-10-11 01:00:00,NASA,SNPP,Fire inside Sitrep,SUMSEL,10480,2023,2023:10480,2023,21904,1448865,0.011153078564750547,366.0,True,False,-54.0,1,2023-10-10 18:54:00,-3.60461,105.75217,0,0,0,2
103.33738,-1.16575,2023-10-11 01:00:00,NASA,SNPP,Verified No fire,JAMBI SMF,10482,2023,2023:10482,2023,21906,1448818,0.012228927202572659,367.0,True,False,-53.0,1,2023-10-10 18:53:00,-1.16575,103.33727,0,0,1,3
105.73604,-3.55147,2023-10-11 12:00:00,NASA,SNPP,Fire inside Sitrep,SUMSEL,10516,2023,2023:10516,2023,21940,1450394,0.006658892168189264,368.0,True,False,-52.0,1,2023-10-11 05:52:00,-3.55147,105.7361,0,0,2,4
105.89953,-3.85337,2023-10-11 12:00:00,NASA,SNPP,Fire inside Sitrep,SUMSEL,10522,2023,2023:10522,2023,21946,1450263,0.013359599850843246,368.0,True,False,-52.0,1,2023-10-11 05:52:00,-3.85336,105.89941,0,0,2,5
105.60835,-3.04514,2023-10-11 12:00:00,NASA,SNPP,Fire inside Sitrep,SUMSEL,10523,2023,2023:10523,2023,21947,1450450,0.002483589338092232,367.0,True,False,-53.0,1,2023-10-11 05:53:00,-3.04513,105.60837,0,0,3,4
105.69035,-3.51711,2023-10-11 12:00:00,NASA,SNPP,Fire inside Sitrep,SUMSEL,10531,2023,2023:10531,2023,21955,1449570,0.006659138812792459,368.0,True,False,-52.0,1,2023-10-11 05:52:00,-3.51711,105.69041,0,0,3,4
105.32956,-2.4134,2023-10-11 12:00:00,NASA,SNPP,Verified No fire,SUMSEL,10542,2023,2023:10542,2023,21966,1450404,0.007859193310824086,367.0,True,False,-53.0,1,2023-10-11 05:53:00,-2.41335,105.32951,0,0,0,0
105.56866,-3.75354,2023-10-11 12:00:00,NASA,SNPP,Fire inside Sitrep,SUMSEL,10552,2023,2023:10552,2023,21976,1450330,0.013361136702069797,368.0,True,False,-52.0,1,2023-10-11 05:52:00,-3.75353,105.56854,0,0,1,5
105.37048,-3.76084,2023-10-11 12:00:00,NASA,SNPP,Fire inside Sitrep,SUMSEL,10554,2023,2023:10554,2023,21978,1450338,0.013361025685644444,368.0,True,False,-52.0,1,2023-10-11 05:52:00,-3.76083,105.37036,0,0,0,7
105.64494,-3.51848,2023-10-11 12:00:00,NASA,SNPP,Fire inside Sitrep,SUMSEL,10577,2023,2023:10577,2023,22001,1449573,0.006659129022671226,368.0,True,False,-52.0,1,2023-10-11 05:52:00,-3.51848,105.645,0,0,0,1
105.56775665,-3.75357819,2023-10-11 12:00:00,LAPAN,SNPP,Fire inside Sitrep,SUMSEL,10581,2023,2023:10581,2023,22005,1450330,0.08708283384133485,368.0,True,False,-52.0,1,2023-10-11 05:52:00,-3.75353,105.56854,0,0,1,5
105.36956024,-3.76091003,2023-10-11 12:00:00,LAPAN,SNPP,Fire inside Sitrep,SUMSEL,10582,2023,2023:10582,2023,22006,1450338,0.08918295990696214,368.0,True,False,-52.0,1,2023-10-11 05:52:00,-3.76083,105.37036,0,0,0,7
105.66545,-3.95409,2023-10-11 13:00:00,NASA,NOAA20,Fire inside Sitrep,SUMSEL,10598,2023,2023:10598,2023,22022,758108,0.0,378.0,True,False,-42.0,1,2023-10-11 06:42:00,-3.95409,105.66545,0,0,0,0
105.53728,-3.77724,2023-10-11 13:00:00,NASA,NOAA20,Fire inside Sitrep,SUMSEL,10604,2023,2023:10604,2023,22028,758200,0.0,378.0,True,False,-42.0,1,2023-10-11 06:42:00,-3.77724,105.53728,0,0,0,0
105.64462,-3.53601,2023-10-11 13:00:00,NASA,NOAA20,Fire inside Sitrep,SUMSEL,10611,2023,2023:10611,2023,22035,758249,0.0,378.0,True,False,-42.0,1,2023-10-11 06:42:00,-3.53601,105.64462,0,0,0,1
105.66493225,-3.9542346,2023-10-11 13:00:00,LAPAN,NOAA20,Fire inside Sitrep,SUMSEL,10623,2023,2023:10623,2023,22047,758108,0.059642402465152004,378.0,True,False,-42.0,1,2023-10-11 06:42:00,-3.95409,105.66545,0,0,0,0
103.08086,-0.77289,2023-10-11 13:00:00,NASA,NOAA20,Verified No fire,JAMBI SMF,10624,2023,2023:10624,2023,22048,758338,0.0,377.0,True,False,-43.0,1,2023-10-11 06:43:00,-0.77289,103.08086,0,0,0,2
105.53818512,-3.42425823,2023-10-11 13:00:00,LAPAN,NOAA20,Fire inside Sitrep,SUMSEL,10666,2023,2023:10666,2023,22090,758578,0.07879225394649493,377.0,True,False,-43.0,1,2023-10-11 06:43:00,-3.42401,105.53885,0,0,0,2
105.53885,-3.42401,2023-10-11 13:00:00,NASA,NOAA20,Fire inside Sitrep,SUMSEL,10667,2023,2023:10667,2023,22091,758578,0.0,377.0,True,False,-43.0,1,2023-10-11 06:43:00,-3.42401,105.53885,0,0,0,2
105.36876678,-2.4274931,2023-10-11 13:00:00,LAPAN,NOAA20,Verified No fire,SUMSEL,10668,2023,2023:10668,2023,22092,758369,0.060265855910361314,377.0,True,False,-43.0,1,2023-10-11 06:43:00,-2.42735,105.36929,0,0,0,0
105.36929,-2.42735,2023-10-11 13:00:00,NASA,NOAA20,Verified No fire,SUMSEL,10669,2023,2023:10669,2023,22093,758369,0.0,377.0,True,False,-43.0,1,2023-10-11 06:43:00,-2.42735,105.36929,0,0,0,0
105.42346,-2.98067,2023-10-11 13:00:00,NASA,NOAA20,Verified No fire,SUMSEL,10672,2023,2023:10672,2023,22096,758458,0.0,377.0,True,False,-43.0,1,2023-10-11 06:43:00,-2.98067,105.42346,0,0,0,0
105.42279816,-2.98092437,2023-10-11 13:00:00,LAPAN,NOAA20,Verified No fire,SUMSEL,10675,2023,2023:10675,2023,22099,758458,0.07874871271134222,377.0,True,False,-43.0,1,2023-10-11 06:43:00,-2.98067,105.42346,0,0,0,0
105.87870026,-3.88026333,2023-10-11 13:00:00,LAPAN,NOAA20,Fire inside Sitrep,SUMSEL,10687,2023,2023:10687,2023,22111,758113,0.060610631426773434,378.0,True,False,-42.0,1,2023-10-11 06:42:00,-3.88013,105.87923,0,0,0,0
105.87923,-3.88013,2023-10-11 13:00:00,NASA,NOAA20,Fire inside Sitrep,SUMSEL,10688,2023,2023:10688,2023,22112,758113,0.0,378.0,True,False,-42.0,1,2023-10-11 06:42:00,-3.88013,105.87923,0,0,0,0
105.644104,-3.53614783,2023-10-11 13:00:00,LAPAN,NOAA20,Fire inside Sitrep,SUMSEL,10699,2023,2023:10699,2023,22123,758249,0.05928275321919206,378.0,True,False,-42.0,1,2023-10-11 06:42:00,-3.53601,105.64462,0,0,0,1
103.08036041,-0.77320206,2023-10-11 13:00:00,LAPAN,NOAA20,Verified No fire,JAMBI SMF,10735,2023,2023:10735,2023,22159,758338,0.06549439113760497,377.0,True,False,-43.0,1,2023-10-11 06:43:00,-0.77289,103.08086,0,0,0,2
105.53677368,-3.77738452,2023-10-11 13:00:00,LAPAN,NOAA20,Fire inside Sitrep,SUMSEL,10739,2023,2023:10739,2023,22163,758200,0.0584312284054276,378.0,True,False,-42.0,1,2023-10-11 06:42:00,-3.77724,105.53728,0,0,0,0
104.15904,-1.91385,2023-10-11 14:00:00,NASA,Aqua,Verified No fire,SUMSEL MUBA,10769,2023,2023:10769,2023,22193,129568,0.028151953896890593,414.0,True,False,-6.0,1,2023-10-11 07:06:00,-1.9136,104.159,0,0,0,0
103.07868,-0.7654,2023-10-12 00:00:00,NASA,NOAA20,Verified No fire,JAMBI SMF,10794,2023,2023:10794,2023,22218,758717,0.0,376.0,True,False,-44.0,1,2023-10-11 17:44:00,-0.7654,103.07868,0,0,1,2
105.56537,-3.74859,2023-10-12 00:00:00,NASA,NOAA20,Fire inside Sitrep,SUMSEL,10795,2023,2023:10795,2023,22219,759240,0.0,375.0,True,False,-45.0,1,2023-10-11 17:45:00,-3.74859,105.56537,0,0,1,4
105.60956,-3.59974,2023-10-12 00:00:00,NASA,NOAA20,Fire inside Sitrep,SUMSEL,10797,2023,2023:10797,2023,22221,759217,0.0,375.0,True,False,-45.0,1,2023-10-11 17:45:00,-3.59974,105.60956,0,0,1,1
105.60413,-3.03284,2023-10-12 00:00:00,NASA,NOAA20,Fire inside Sitrep,SUMSEL,10809,2023,2023:10809,2023,22233,759113,0.0,375.0,True,False,-45.0,1,2023-10-11 17:45:00,-3.03284,105.60413,0,0,1,6
102.82251,-1.15012,2023-10-12 00:00:00,NASA,NOAA20,Verified Fire,JAMBI SMF,10811,2023,2023:10811,2023,22235,758987,0.0,376.0,True,False,-44.0,1,2023-10-11 17:44:00,-1.15012,102.82251,0,0,0,9
103.23942,-1.05865,2023-10-12 00:00:00,NASA,NOAA20,Verified No fire,JAMBI SMF,10819,2023,2023:10819,2023,22243,758952,0.0,376.0,True,False,-44.0,1,2023-10-11 17:44:00,-1.05865,103.23942,0,0,0,0
103.38001,-1.20132,2023-10-12 00:00:00,NASA,NOAA20,Verified No fire,JAMBI SMF,10831,2023,2023:10831,2023,22255,758980,0.0,376.0,True,False,-44.0,1,2023-10-11 17:44:00,-1.20132,103.38001,0,0,2,4
103.33744,-1.16568,2023-10-12 00:00:00,NASA,NOAA20,Verified No fire,JAMBI SMF,10907,2023,2023:10907,2023,22331,758974,0.0,376.0,True,False,-44.0,1,2023-10-11 17:44:00,-1.16568,103.33744,0,0,1,3
103.38204,-2.5354,2023-10-12 01:00:00,NASA,SNPP,Verified No fire,SUMSEL MUBA,10919,2023,2023:10919,2023,22343,1450715,0.014483955836697595,385.0,True,False,-35.0,1,2023-10-11 18:35:00,-2.53539,103.38217,0,0,0,0
103.22565,-2.56433,2023-10-12 01:00:00,NASA,SNPP,Verified No fire,SUMSEL MUBA,10920,2023,2023:10920,2023,22344,1450716,0.006482013648912017,385.0,True,False,-35.0,1,2023-10-11 18:35:00,-2.56428,103.22568,0,0,0,0
103.08075,-0.77221,2023-10-12 01:00:00,NASA,SNPP,Verified No fire,JAMBI SMF,10929,2023,2023:10929,2023,22353,1450601,0.017260654900544504,386.0,True,False,-34.0,1,2023-10-11 18:34:00,-0.77217,103.0806,0,0,1,2
105.75323486,-3.60594797,2023-10-12 01:00:00,LAPAN,SNPP,Fire inside Sitrep,SUMSEL,10934,2023,2023:10934,2023,22358,1450859,0.08802141755392595,385.0,True,False,-35.0,1,2023-10-11 18:35:00,-3.60622,105.75249,0,0,0,2
105.54972076,-3.43685484,2023-10-12 01:00:00,LAPAN,SNPP,Fire inside Sitrep,SUMSEL,10938,2023,2023:10938,2023,22362,1450790,0.059655105183819314,385.0,True,False,-35.0,1,2023-10-11 18:35:00,-3.43666,105.54922,0,0,0,5
103.48537445,-1.29893053,2023-10-12 01:00:00,LAPAN,SNPP,Verified No fire,JAMBI SMF,10940,2023,2023:10940,2023,22364,1450870,0.07395582786057207,385.0,True,False,-35.0,1,2023-10-11 18:35:00,-1.29905,103.48472,0,0,0,0
102.7688,-1.25155,2023-10-12 01:00:00,NASA,SNPP,Verified No fire,JAMBI SMF,10941,2023,2023:10941,2023,22365,1450856,0.011446147176822697,385.0,True,False,-35.0,1,2023-10-11 18:35:00,-1.2516,102.76889,0,0,0,0
105.566,-3.7518,2023-10-12 01:00:00,NASA,SNPP,Fire inside Sitrep,SUMSEL,10952,2023,2023:10952,2023,22376,1450631,0.020003149207309143,385.0,True,False,-35.0,1,2023-10-11 18:35:00,-3.75181,105.56618,0,0,1,8
105.61262512,-3.59976411,2023-10-12 01:00:00,LAPAN,SNPP,Fire inside Sitrep,SUMSEL,10963,2023,2023:10963,2023,22387,1450860,0.08715780851282738,385.0,True,False,-35.0,1,2023-10-11 18:35:00,-3.60004,105.61189,0,0,1,1
105.54917,-3.43654,2023-10-12 01:00:00,NASA,SNPP,Fire inside Sitrep,SUMSEL,10968,2023,2023:10968,2023,22392,1450790,0.014451518037592169,385.0,True,False,-35.0,1,2023-10-11 18:35:00,-3.43666,105.54922,0,0,0,5
103.48463,-1.299,2023-10-12 01:00:00,NASA,SNPP,Verified No fire,JAMBI SMF,10969,2023,2023:10969,2023,22393,1450870,0.011445985940370643,385.0,True,False,-35.0,1,2023-10-11 18:35:00,-1.29905,103.48472,0,0,0,0
103.08148193,-0.77219021,2023-10-12 01:00:00,LAPAN,SNPP,Verified No fire,JAMBI SMF,10970,2023,2023:10970,2023,22394,1450601,0.09808311885122126,386.0,True,False,-34.0,1,2023-10-11 18:34:00,-0.77217,103.0806,0,0,1,2
102.76953888,-1.25143456,2023-10-12 01:00:00,LAPAN,SNPP,Verified No fire,JAMBI SMF,11012,2023,2023:11012,2023,22436,1450856,0.07444382239237791,385.0,True,False,-35.0,1,2023-10-11 18:35:00,-1.2516,102.76889,0,0,0,0
103.22638702,-2.56425452,2023-10-12 01:00:00,LAPAN,SNPP,Verified No fire,SUMSEL MUBA,11024,2023,2023:11024,2023,22448,1450716,0.07858951136051852,385.0,True,False,-35.0,1,2023-10-11 18:35:00,-2.56428,103.22568,0,0,0,0
105.60842896,-3.0331459,2023-10-12 01:00:00,LAPAN,SNPP,Fire inside Sitrep,SUMSEL,11037,2023,2023:11037,2023,22461,1450720,0.0770210052435465,385.0,True,False,-35.0,1,2023-10-11 18:35:00,-3.03278,105.60784,0,0,1,4
103.79646,-2.10155,2023-10-12 01:00:00,NASA,SNPP,Verified No fire,SUMSEL MUBA,11041,2023,2023:11041,2023,22465,1450838,0.010062452935845312,385.0,True,False,-35.0,1,2023-10-11 18:35:00,-2.10154,103.79637,0,0,0,1
105.56681061,-3.75166059,2023-10-12 01:00:00,LAPAN,SNPP,Fire inside Sitrep,SUMSEL,11051,2023,2023:11051,2023,22475,1450631,0.07191577306064953,385.0,True,False,-35.0,1,2023-10-11 18:35:00,-3.75181,105.56618,0,0,1,8
105.7524,-3.60613,2023-10-12 01:00:00,NASA,SNPP,Fire inside Sitrep,SUMSEL,11052,2023,2023:11052,2023,22476,1450859,0.01413881848047391,385.0,True,False,-35.0,1,2023-10-11 18:35:00,-3.60622,105.75249,0,0,0,2
105.60787,-3.03285,2023-10-12 01:00:00,NASA,SNPP,Fire inside Sitrep,SUMSEL,11056,2023,2023:11056,2023,22480,1450720,0.008466525633162289,385.0,True,False,-35.0,1,2023-10-11 18:35:00,-3.03278,105.60784,0,0,1,4
103.33965,-1.1679,2023-10-12 01:00:00,NASA,SNPP,Verified No fire,JAMBI SMF,11060,2023,2023:11060,2023,22484,1450884,0.0022234396092638666,385.0,True,False,-35.0,1,2023-10-11 18:35:00,-1.1679,103.33967,0,0,1,4
105.61181,-3.59996,2023-10-12 01:00:00,NASA,SNPP,Fire inside Sitrep,SUMSEL,11069,2023,2023:11069,2023,22493,1450860,0.012567881210441924,385.0,True,False,-35.0,1,2023-10-11 18:35:00,-3.60004,105.61189,0,0,1,1
102.821,-1.15217,2023-10-12 02:00:00,NASA,NOAA20,Verified Fire,JAMBI SMF,11088,2023,2023:11088,2023,22512,759296,0.0,395.0,True,False,-25.0,1,2023-10-11 19:25:00,-1.15217,102.821,0,0,0,4
103.36566,-1.18844,2023-10-12 02:00:00,NASA,NOAA20,Verified No fire,JAMBI SMF,11090,2023,2023:11090,2023,22514,759295,0.0,395.0,True,False,-25.0,1,2023-10-11 19:25:00,-1.18844,103.36566,0,0,1,6
105.28124,-3.09404,2023-10-12 12:00:00,NASA,SNPP,Fire inside Sitrep,SUMSEL,11142,2023,2023:11142,2023,22566,1451809,0.005556837789463633,386.0,True,False,-34.0,1,2023-10-12 05:34:00,-3.094,105.28127,0,0,1,24
105.69617,-3.32175,2023-10-12 12:00:00,NASA,SNPP,Verified Fire,SUMSEL,11143,2023,2023:11143,2023,22567,1451847,0.002485562665570566,386.0,True,False,-34.0,1,2023-10-12 05:34:00,-3.32173,105.69618,0,0,3,5
105.80939484,-3.56893253,2023-10-12 13:00:00,LAPAN,NOAA20,Verified Fire,SUMSEL,11182,2023,2023:11182,2023,22606,760576,0.05244745336845682,396.0,True,False,-24.0,1,2023-10-12 06:24:00,-3.5686,105.80973,0,0,0,0
103.37187958,-1.19091523,2023-10-12 13:00:00,LAPAN,NOAA20,Verified No fire,JAMBI SMF,11184,2023,2023:11184,2023,22608,760112,0.07849822958274029,396.0,True,False,-24.0,1,2023-10-12 06:24:00,-1.19038,103.37234,0,0,0,6
104.15527344,-1.79017806,2023-10-12 13:00:00,LAPAN,NOAA20,Verified Fire,SUMSEL MUBA,11198,2023,2023:11198,2023,22622,760129,0.0743665714593091,396.0,True,False,-24.0,1,2023-10-12 06:24:00,-1.78968,104.15572,0,0,0,0
105.72289276,-3.62600493,2023-10-12 13:00:00,LAPAN,NOAA20,Fire inside Sitrep,SUMSEL,11200,2023,2023:11200,2023,22624,760600,0.05279765250367335,396.0,True,False,-24.0,1,2023-10-12 06:24:00,-3.62567,105.72323,0,0,0,0
105.25262451,-2.9847424,2023-10-12 13:00:00,LAPAN,NOAA20,Fire inside Sitrep,SUMSEL,11213,2023,2023:11213,2023,22637,760289,0.05406804848093573,396.0,True,False,-24.0,1,2023-10-12 06:24:00,-2.98439,105.25296,0,0,0,0
105.65718079,-3.47325087,2023-10-12 13:00:00,LAPAN,NOAA20,Fire inside Sitrep,SUMSEL,11224,2023,2023:11224,2023,22648,760529,0.06835662997657317,396.0,True,False,-24.0,1,2023-10-12 06:24:00,-3.47281,105.65761,0,0,0,0
105.40765,-2.53023,2023-10-12 13:00:00,NASA,NOAA20,Verified No fire,SUMSEL,11228,2023,2023:11228,2023,22652,760193,0.0,396.0,True,False,-24.0,1,2023-10-12 06:24:00,-2.53023,105.40765,0,0,0,0
105.25296,-2.98439,2023-10-12 13:00:00,NASA,NOAA20,Fire inside Sitrep,SUMSEL,11236,2023,2023:11236,2023,22660,760289,0.0,396.0,True,False,-24.0,1,2023-10-12 06:24:00,-2.98439,105.25296,0,0,0,0
105.75706482,-3.32590508,2023-10-12 13:00:00,LAPAN,NOAA20,Fire inside Sitrep,SUMSEL,11258,2023,2023:11258,2023,22682,760471,0.052656024361947794,396.0,True,False,-24.0,1,2023-10-12 06:24:00,-3.32557,105.7574,0,0,0,0
105.80973,-3.5686,2023-10-12 13:00:00,NASA,NOAA20,Fire inside Sitrep,SUMSEL,11261,2023,2023:11261,2023,22685,760576,0.0,396.0,True,False,-24.0,1,2023-10-12 06:24:00,-3.5686,105.80973,0,0,0,0
105.812,-3.44608,2023-10-12 13:00:00,NASA,NOAA20,Fire inside Sitrep,SUMSEL,11265,2023,2023:11265,2023,22689,760526,0.0,396.0,True,False,-24.0,1,2023-10-12 06:24:00,-3.44608,105.812,0,0,0,0
103.37234,-1.19038,2023-10-12 13:00:00,NASA,NOAA20,Verified No fire,JAMBI SMF,11267,2023,2023:11267,2023,22691,760112,0.0,396.0,True,False,-24.0,1,2023-10-12 06:24:00,-1.19038,103.37234,0,0,0,6
104.15572,-1.78968,2023-10-12 13:00:00,NASA,NOAA20,Verified No fire,SUMSEL MUBA,11273,2023,2023:11273,2023,22697,760129,0.0,396.0,True,False,-24.0,1,2023-10-12 06:24:00,-1.78968,104.15572,0,0,0,0
105.68675995,-3.52968454,2023-10-12 13:00:00,LAPAN,NOAA20,Fire inside Sitrep,SUMSEL,11304,2023,2023:11304,2023,22728,760548,0.06871261337908116,396.0,True,False,-24.0,1,2023-10-12 06:24:00,-3.52924,105.68719,0,0,0,2
105.74255371,-3.61626196,2023-10-12 13:00:00,LAPAN,NOAA20,Fire inside Sitrep,SUMSEL,11305,2023,2023:11305,2023,22729,760589,0.053278312272261805,396.0,True,False,-24.0,1,2023-10-12 06:24:00,-3.61592,105.74289,0,0,0,0
105.7574,-3.32557,2023-10-12 13:00:00,NASA,NOAA20,Fire inside Sitrep,SUMSEL,11319,2023,2023:11319,2023,22743,760471,0.0,396.0,True,False,-24.0,1,2023-10-12 06:24:00,-3.32557,105.7574,0,0,0,0
105.53507233,-3.73249483,2023-10-12 13:00:00,LAPAN,NOAA20,Fire inside Sitrep,SUMSEL,11321,2023,2023:11321,2023,22745,760631,0.06935194942635847,396.0,True,False,-24.0,1,2023-10-12 06:24:00,-3.73204,105.5355,0,0,0,12
105.50346,-3.7301,2023-10-12 13:00:00,NASA,NOAA20,Fire inside Sitrep,SUMSEL,11335,2023,2023:11335,2023,22759,760630,0.0,396.0,True,False,-24.0,1,2023-10-12 06:24:00,-3.7301,105.50346,0,0,0,5
105.5355,-3.73204,2023-10-12 13:00:00,NASA,NOAA20,Fire inside Sitrep,SUMSEL,11336,2023,2023:11336,2023,22760,760631,0.0,396.0,True,False,-24.0,1,2023-10-12 06:24:00,-3.73204,105.5355,0,0,0,12
105.90675354,-3.87649822,2023-10-12 13:00:00,LAPAN,NOAA20,Fire inside Sitrep,SUMSEL,11337,2023,2023:11337,2023,22761,760694,0.06869512143332437,396.0,True,False,-24.0,1,2023-10-12 06:24:00,-3.87606,105.90719,0,0,0,1
105.74289,-3.61592,2023-10-12 13:00:00,NASA,NOAA20,Fire inside Sitrep,SUMSEL,11372,2023,2023:11372,2023,22796,760589,0.0,396.0,True,False,-24.0,1,2023-10-12 06:24:00,-3.61592,105.74289,0,0,0,0
105.90719,-3.87606,2023-10-12 13:00:00,NASA,NOAA20,Fire inside Sitrep,SUMSEL,11380,2023,2023:11380,2023,22804,760694,0.0,396.0,True,False,-24.0,1,2023-10-12 06:24:00,-3.87606,105.90719,0,0,0,1
105.81156921,-3.44651532,2023-10-12 13:00:00,LAPAN,NOAA20,Fire inside Sitrep,SUMSEL,11401,2023,2023:11401,2023,22825,760526,0.06803948001745946,396.0,True,False,-24.0,1,2023-10-12 06:24:00,-3.44608,105.812,0,0,0,0
105.61273,-3.05211,2023-10-12 13:00:00,NASA,NOAA20,Fire inside Sitrep,SUMSEL,11403,2023,2023:11403,2023,22827,760357,0.0,396.0,True,False,-24.0,1,2023-10-12 06:24:00,-3.05211,105.61273,0,0,0,5
105.40731049,-2.53057551,2023-10-12 13:00:00,LAPAN,NOAA20,Verified No fire,SUMSEL,11406,2023,2023:11406,2023,22830,760193,0.05383719972942109,396.0,True,False,-24.0,1,2023-10-12 06:24:00,-2.53023,105.40765,0,0,0,0
105.61230469,-3.05255556,2023-10-12 13:00:00,LAPAN,NOAA20,Fire inside Sitrep,SUMSEL,11411,2023,2023:11411,2023,22835,760357,0.06844591699840757,396.0,True,False,-24.0,1,2023-10-12 06:24:00,-3.05211,105.61273,0,0,0,5
105.50302887,-3.73055625,2023-10-12 13:00:00,LAPAN,NOAA20,Fire inside Sitrep,SUMSEL,11417,2023,2023:11417,2023,22841,760630,0.0697300759751846,396.0,True,False,-24.0,1,2023-10-12 06:24:00,-3.7301,105.50346,0,0,0,5
105.65761,-3.47281,2023-10-12 13:00:00,NASA,NOAA20,Fire inside Sitrep,SUMSEL,11424,2023,2023:11424,2023,22848,760529,0.0,396.0,True,False,-24.0,1,2023-10-12 06:24:00,-3.47281,105.65761,0,0,0,0
105.68719,-3.52924,2023-10-12 13:00:00,NASA,NOAA20,Fire inside Sitrep,SUMSEL,11425,2023,2023:11425,2023,22849,760548,0.0,396.0,True,False,-24.0,1,2023-10-12 06:24:00,-3.52924,105.68719,0,0,0,2
105.72323,-3.62567,2023-10-12 13:00:00,NASA,NOAA20,Fire inside Sitrep,SUMSEL,11426,2023,2023:11426,2023,22850,760600,0.0,396.0,True,False,-24.0,1,2023-10-12 06:24:00,-3.62567,105.72323,0,0,0,0
105.22996,-3.01,2023-10-12 14:00:00,NASA,SNPP,Fire inside Sitrep,SUMSEL,11451,2023,2023:11451,2023,22875,1452050,0.029062914749456978,406.0,True,False,-14.0,1,2023-10-12 07:14:00,-3.01003,105.2297,0,0,8,8
105.44686,-2.55598,2023-10-12 14:00:00,NASA,SNPP,Fire inside Sitrep,SUMSEL,11477,2023,2023:11477,2023,22901,1452078,0.044226788809602395,406.0,True,False,-14.0,1,2023-10-12 07:14:00,-2.5559,105.44725,0,0,4,8
102.82611,-1.15412,2023-10-12 14:00:00,NASA,SNPP,Verified Fire,JAMBI SMF,11479,2023,2023:11479,2023,22903,1452114,0.005559347982267502,405.0,True,False,-15.0,1,2023-10-12 07:15:00,-1.15416,102.82614,0,0,0,5
103.46691895,-2.30985403,2023-10-13 01:00:00,LAPAN,SNPP,Verified No fire,SUMSEL MUBA,11549,2023,2023:11549,2023,22973,1452558,0.09335136720084661,404.0,True,False,-16.0,1,2023-10-12 18:16:00,-2.3099,103.46608,0,0,0,5
105.23142,-3.07453,2023-10-13 01:00:00,NASA,SNPP,Fire inside Sitrep,SUMSEL,11561,2023,2023:11561,2023,22985,1452543,0.00702348458856437,404.0,True,False,-16.0,1,2023-10-12 18:16:00,-3.07455,105.23136,0,0,0,1
105.75195312,-3.60804272,2023-10-13 01:00:00,LAPAN,SNPP,Fire inside Sitrep,SUMSEL,11568,2023,2023:11568,2023,22992,1452388,0.058971435942643695,404.0,True,False,-16.0,1,2023-10-12 18:16:00,-3.60775,105.75151,0,0,0,2
103.79754,-2.10136,2023-10-13 01:00:00,NASA,SNPP,Verified No fire,SUMSEL MUBA,11594,2023,2023:11594,2023,23018,1452608,0.020880157113434765,404.0,True,False,-16.0,1,2023-10-12 18:16:00,-2.10144,103.79771,0,0,0,1
103.46599,-2.30985,2023-10-13 01:00:00,NASA,SNPP,Verified No fire,SUMSEL MUBA,11595,2023,2023:11595,2023,23019,1452558,0.011441126662601284,404.0,True,False,-16.0,1,2023-10-12 18:16:00,-2.3099,103.46608,0,0,0,5
105.5083847,-3.73256898,2023-10-13 01:00:00,LAPAN,SNPP,Fire inside Sitrep,SUMSEL,11622,2023,2023:11622,2023,23046,1452337,0.08354837430293718,404.0,True,False,-16.0,1,2023-10-12 18:16:00,-3.73268,105.50764,0,0,0,7
105.50761,-3.73262,2023-10-13 01:00:00,NASA,SNPP,Fire inside Sitrep,SUMSEL,11645,2023,2023:11645,2023,23069,1452337,0.007456030767853479,404.0,True,False,-16.0,1,2023-10-12 18:16:00,-3.73268,105.50764,0,0,0,7
105.64344,-3.53411,2023-10-13 01:00:00,NASA,SNPP,Fire inside Sitrep,SUMSEL,11648,2023,2023:11648,2023,23072,1452406,0.0204662041591834,404.0,True,False,-16.0,1,2023-10-12 18:16:00,-3.53415,105.64362,0,0,0,3
105.75146,-3.60767,2023-10-13 01:00:00,NASA,SNPP,Fire inside Sitrep,SUMSEL,11652,2023,2023:11652,2023,23076,1452388,0.01048428756052993,404.0,True,False,-16.0,1,2023-10-12 18:16:00,-3.60775,105.75151,0,0,0,2
105.64420319,-3.53406096,2023-10-13 01:00:00,LAPAN,SNPP,Fire inside Sitrep,SUMSEL,11654,2023,2023:11654,2023,23078,1452406,0.06547741339702394,404.0,True,False,-16.0,1,2023-10-12 18:16:00,-3.53415,105.64362,0,0,0,3
105.43075562,-3.33707118,2023-10-13 01:00:00,LAPAN,SNPP,Fire inside Sitrep,SUMSEL,11657,2023,2023:11657,2023,23081,1452469,0.05632142996374475,404.0,True,False,-16.0,1,2023-10-12 18:16:00,-3.33672,105.43039,0,0,0,5
105.59789,-3.03522,2023-10-13 01:00:00,NASA,SNPP,Fire inside Sitrep,SUMSEL,11668,2023,2023:11668,2023,23092,1452544,0.01589935960760065,404.0,True,False,-16.0,1,2023-10-12 18:16:00,-3.03525,105.59775,0,0,0,13
105.23192596,-3.07492805,2023-10-13 01:00:00,LAPAN,SNPP,Fire inside Sitrep,SUMSEL,11669,2023,2023:11669,2023,23093,1452543,0.07560537415890414,404.0,True,False,-16.0,1,2023-10-12 18:16:00,-3.07455,105.23136,0,0,0,1
103.36359406,-1.02395809,2023-10-13 01:00:00,LAPAN,SNPP,Verified No fire,JAMBI SMF,11670,2023,2023:11670,2023,23094,1452823,0.09401768592540087,404.0,True,False,-16.0,1,2023-10-12 18:16:00,-1.02401,103.36275,0,0,1,3
103.4857,-2.29783,2023-10-13 01:00:00,NASA,SNPP,Verified No fire,SUMSEL MUBA,11671,2023,2023:11671,2023,23095,1452559,0.011441200424655719,404.0,True,False,-16.0,1,2023-10-12 18:16:00,-2.29788,103.48579,0,0,0,15
103.36263,-1.02398,2023-10-13 01:00:00,NASA,SNPP,Verified No fire,JAMBI SMF,11682,2023,2023:11682,2023,23106,1452823,0.013752004499024176,404.0,True,False,-16.0,1,2023-10-12 18:16:00,-1.02401,103.36275,0,0,1,3
105.53188,-3.73989,2023-10-13 01:00:00,NASA,SNPP,Fire inside Sitrep,SUMSEL,11685,2023,2023:11685,2023,23109,1452336,0.008465569129283557,404.0,True,False,-16.0,1,2023-10-12 18:16:00,-3.73996,105.53191,0,0,0,8
105.66306,-3.54752,2023-10-13 01:00:00,NASA,SNPP,Fire inside Sitrep,SUMSEL,11696,2023,2023:11696,2023,23120,1452405,0.02046592175926275,404.0,True,False,-16.0,1,2023-10-12 18:16:00,-3.54756,105.66324,0,0,0,0
105.53265381,-3.73983669,2023-10-13 01:00:00,LAPAN,SNPP,Fire inside Sitrep,SUMSEL,11699,2023,2023:11699,2023,23123,1452336,0.08366310799125072,404.0,True,False,-16.0,1,2023-10-12 18:16:00,-3.73996,105.53191,0,0,0,8
105.66381836,-3.5474565,2023-10-13 01:00:00,LAPAN,SNPP,Fire inside Sitrep,SUMSEL,11747,2023,2023:11747,2023,23171,1452405,0.06521113692969308,404.0,True,False,-16.0,1,2023-10-12 18:16:00,-3.54756,105.66324,0,0,0,0
105.43024,-3.33669,2023-10-13 01:00:00,NASA,SNPP,Fire inside Sitrep,SUMSEL,11748,2023,2023:11748,2023,23172,1452469,0.0169818507497107,404.0,True,False,-16.0,1,2023-10-12 18:16:00,-3.33672,105.43039,0,0,0,5
103.48662567,-2.29785013,2023-10-13 01:00:00,LAPAN,SNPP,Verified No fire,SUMSEL MUBA,11751,2023,2023:11751,2023,23175,1452559,0.09290706126581995,404.0,True,False,-16.0,1,2023-10-12 18:16:00,-2.29788,103.48579,0,0,0,15
102.82904,-1.15104,2023-10-13 02:00:00,NASA,NOAA20,Verified Fire,JAMBI SMF,11767,2023,2023:11767,2023,23191,761419,0.0,414.0,True,False,-6.0,1,2023-10-12 19:06:00,-1.15104,102.82904,0,0,0,5
103.33854,-1.16543,2023-10-13 02:00:00,NASA,NOAA20,Verified No fire,JAMBI SMF,11769,2023,2023:11769,2023,23193,761415,0.0,414.0,True,False,-6.0,1,2023-10-12 19:06:00,-1.16543,103.33854,0,0,2,2
103.22441,-2.56474,2023-10-13 02:00:00,NASA,NOAA20,Verified No fire,SUMSEL MUBA,11790,2023,2023:11790,2023,23214,761457,0.0,414.0,True,False,-6.0,1,2023-10-12 19:06:00,-2.56474,103.22441,0,0,0,2
103.35874,-1.02347,2023-10-13 02:00:00,NASA,NOAA20,Verified No fire,JAMBI SMF,11791,2023,2023:11791,2023,23215,761410,0.0,414.0,True,False,-6.0,1,2023-10-12 19:06:00,-1.02347,103.35874,0,0,1,1
105.46023,-3.775,2023-10-13 02:00:00,NASA,NOAA20,Fire inside Sitrep,SUMSEL,11792,2023,2023:11792,2023,23216,761531,0.0,414.0,True,False,-6.0,1,2023-10-12 19:06:00,-3.775,105.46023,0,0,2,13
103.4073,-1.08473,2023-10-13 02:00:00,NASA,NOAA20,Verified No fire,JAMBI SMF,11810,2023,2023:11810,2023,23234,761411,0.0,414.0,True,False,-6.0,1,2023-10-12 19:06:00,-1.08473,103.4073,0,0,0,0
103.22697449,-2.5632174,2023-10-13 13:00:00,LAPAN,SNPP,Verified No fire,SUMSEL MUBA,11943,2023,2023:11943,2023,23367,1454679,0.09564690529631037,364.0,True,False,-56.0,1,2023-10-13 06:56:00,-2.56338,103.22782,0,0,0,3
105.28469849,-3.12635112,2023-10-13 13:00:00,LAPAN,SNPP,Fire inside Sitrep,SUMSEL,11950,2023,2023:11950,2023,23374,1454445,0.09926387606612094,365.0,True,False,-55.0,1,2023-10-13 06:55:00,-3.1265,105.28558,0,0,1,1
105.37868,-3.65526,2023-10-13 13:00:00,NASA,Aqua,Fire inside Sitrep,SUMSEL,11952,2023,2023:11952,2023,23376,130260,0.037871414247605845,369.0,True,False,-51.0,1,2023-10-13 06:51:00,-3.6556,105.3787,0,0,0,8
105.55208,-3.71495,2023-10-13 13:00:00,NASA,NOAA20,Fire inside Sitrep,SUMSEL,11981,2023,2023:11981,2023,23405,762899,0.0,415.0,True,False,-5.0,1,2023-10-13 06:05:00,-3.71495,105.55208,0,0,1,1
105.38413,-3.67345,2023-10-13 13:00:00,NASA,NOAA20,Fire inside Sitrep,SUMSEL,11982,2023,2023:11982,2023,23406,762861,0.0,415.0,True,False,-5.0,1,2023-10-13 06:05:00,-3.67345,105.38413,0,0,0,22
102.83504,-1.15004,2023-10-13 13:00:00,NASA,SNPP,Verified No fire,JAMBI SMF,11991,2023,2023:11991,2023,23415,1454690,0.005559350876465965,364.0,True,False,-56.0,1,2023-10-13 06:56:00,-1.15,102.83501,0,0,0,4
103.67046,-2.20004,2023-10-13 13:00:00,NASA,SNPP,Verified No fire,SUMSEL MUBA,12027,2023,2023:12027,2023,23451,1454782,0.0011119508022887307,364.0,True,False,-56.0,1,2023-10-13 06:56:00,-2.20003,103.67046,0,0,1,1
105.7955,-3.34285,2023-10-13 13:00:00,NASA,NOAA20,Fire inside Sitrep,SUMSEL,12072,2023,2023:12072,2023,23496,763495,0.0,415.0,True,False,-5.0,1,2023-10-13 06:05:00,-3.34285,105.7955,0,0,0,0
105.81098,-3.56833,2023-10-13 13:00:00,NASA,SNPP,Fire inside Sitrep,SUMSEL,12073,2023,2023:12073,2023,23497,1454306,0.02001142386713755,365.0,True,False,-55.0,1,2023-10-13 06:55:00,-3.56827,105.81115,0,0,0,0
105.38039,-2.41179,2023-10-13 13:00:00,NASA,SNPP,Verified No fire,SUMSEL,12108,2023,2023:12108,2023,23532,1454472,0.01337788196633847,365.0,True,False,-55.0,1,2023-10-13 06:55:00,-2.41178,105.38051,0,0,0,3
105.58112,-3.4356,2023-10-13 13:00:00,NASA,SNPP,Fire inside Sitrep,SUMSEL,12110,2023,2023:12110,2023,23534,1454338,0.005978762023375636,365.0,True,False,-55.0,1,2023-10-13 06:55:00,-3.43562,105.58107,0,0,0,0
105.67651,-3.5103,2023-10-13 13:00:00,NASA,Aqua,Fire inside Sitrep,SUMSEL,12141,2023,2023:12141,2023,23565,130274,0.033376981995030246,369.0,True,False,-51.0,1,2023-10-13 06:51:00,-3.5106,105.6765,0,0,0,0
105.641670227,-3.52452969551,2023-10-13 13:00:00,LAPAN,Aqua,Fire inside Sitrep,SUMSEL,12151,2023,2023:12151,2023,23575,130273,0.04130841055333982,369.0,True,False,-51.0,1,2023-10-13 06:51:00,-3.5249,105.6417,0,0,1,2
105.64166,-3.52452,2023-10-13 13:00:00,NASA,Aqua,Fire inside Sitrep,SUMSEL,12156,2023,2023:12156,2023,23580,130273,0.04248670055158882,369.0,True,False,-51.0,1,2023-10-13 06:51:00,-3.5249,105.6417,0,0,1,2
105.3317,-2.40924,2023-10-13 13:00:00,NASA,NOAA20,Verified No fire,SUMSEL,12157,2023,2023:12157,2023,23581,762517,0.0,415.0,True,False,-5.0,1,2023-10-13 06:05:00,-2.40924,105.3317,0,0,0,0
105.50568,-3.73811,2023-10-13 13:00:00,NASA,Aqua,Fire inside Sitrep,SUMSEL,12182,2023,2023:12182,2023,23606,130246,0.03232284335038539,369.0,True,False,-51.0,1,2023-10-13 06:51:00,-3.7384,105.5057,0,0,1,5
105.54019,-3.73326,2023-10-13 13:00:00,NASA,NOAA20,Fire inside Sitrep,SUMSEL,12183,2023,2023:12183,2023,23607,762902,0.0,415.0,True,False,-5.0,1,2023-10-13 06:05:00,-3.73326,105.54019,0,0,1,2
105.7959,-3.65067,2023-10-13 13:00:00,NASA,NOAA20,Fire inside Sitrep,SUMSEL,12187,2023,2023:12187,2023,23611,762896,0.0,415.0,True,False,-5.0,1,2023-10-13 06:05:00,-3.65067,105.7959,0,0,0,0
102.76723,-1.25118,2023-10-13 13:00:00,NASA,SNPP,Verified No fire,JAMBI SMF,12193,2023,2023:12193,2023,23617,1454693,0.004447803209348335,364.0,True,False,-56.0,1,2023-10-13 06:56:00,-1.25114,102.76723,0,0,0,5
105.49284,-3.78605,2023-10-13 13:00:00,NASA,NOAA20,Fire inside Sitrep,SUMSEL,12204,2023,2023:12204,2023,23628,762967,0.0,415.0,True,False,-5.0,1,2023-10-13 06:05:00,-3.78605,105.49284,0,0,4,6
105.49305,-3.82069,2023-10-13 13:00:00,NASA,SNPP,Fire inside Sitrep,SUMSEL,12207,2023,2023:12207,2023,23631,1454234,0.016790124565385818,365.0,True,False,-55.0,1,2023-10-13 06:55:00,-3.82071,105.4932,0,0,2,4
105.38874,-3.73544,2023-10-13 13:00:00,NASA,SNPP,Fire inside Sitrep,SUMSEL,12217,2023,2023:12217,2023,23641,1454294,0.024637821303557347,365.0,True,False,-55.0,1,2023-10-13 06:55:00,-3.73541,105.38896,0,0,0,0
103.22776,-2.56336,2023-10-13 13:00:00,NASA,SNPP,Verified No fire,SUMSEL MUBA,12221,2023,2023:12221,2023,23645,1454679,0.007026261336974246,364.0,True,False,-56.0,1,2023-10-13 06:56:00,-2.56338,103.22782,0,0,0,3
105.29379,-3.08374,2023-10-13 13:00:00,NASA,NOAA20,Fire inside Sitrep,SUMSEL,12224,2023,2023:12224,2023,23648,763633,0.0,415.0,True,False,-5.0,1,2023-10-13 06:05:00,-3.08374,105.29379,0,0,0,3
105.28564,-3.1265,2023-10-13 13:00:00,NASA,SNPP,Fire inside Sitrep,SUMSEL,12226,2023,2023:12226,2023,23650,1454445,0.00666177432551641,365.0,True,False,-55.0,1,2023-10-13 06:55:00,-3.1265,105.28558,0,0,1,1
103.46546,-2.30975,2023-10-13 13:00:00,NASA,NOAA20,Verified No fire,SUMSEL MUBA,12250,2023,2023:12250,2023,23674,762750,0.0,415.0,True,False,-5.0,1,2023-10-13 06:05:00,-2.30975,103.46546,0,0,2,8
102.83425903,-1.14985895,2023-10-13 13:00:00,LAPAN,SNPP,Verified No fire,JAMBI SMF,12272,2023,2023:12272,2023,23696,1454690,0.08494779491490341,364.0,True,False,-56.0,1,2023-10-13 06:56:00,-1.15,102.83501,0,0,0,4
103.67001,-2.19905,2023-10-13 13:00:00,NASA,NOAA20,Verified No fire,SUMSEL MUBA,12275,2023,2023:12275,2023,23699,762736,0.0,415.0,True,False,-5.0,1,2023-10-13 06:05:00,-2.19905,103.67001,0,0,1,1
105.23878,-3.01314,2023-10-13 13:00:00,NASA,NOAA20,Fire inside Sitrep,SUMSEL,12282,2023,2023:12282,2023,23706,762432,0.0,415.0,True,False,-5.0,1,2023-10-13 06:05:00,-3.01314,105.23878,0,0,0,6
105.676521301,-3.51031136513,2023-10-13 13:00:00,LAPAN,Aqua,Fire inside Sitrep,SUMSEL,12302,2023,2023:12302,2023,23726,130274,0.03218173112141145,369.0,True,False,-51.0,1,2023-10-13 06:51:00,-3.5106,105.6765,0,0,0,0
105.42463,-2.98144,2023-10-13 13:00:00,NASA,NOAA20,Fire inside Sitrep,SUMSEL,12303,2023,2023:12303,2023,23727,762434,0.0,415.0,True,False,-5.0,1,2023-10-13 06:05:00,-2.98144,105.42463,0,0,0,0
105.65308,-3.57166,2023-10-13 13:00:00,NASA,NOAA20,Fire inside Sitrep,SUMSEL,12310,2023,2023:12310,2023,23734,762846,0.0,415.0,True,False,-5.0,1,2023-10-13 06:05:00,-3.57166,105.65308,0,0,0,3
105.50748,-3.73394,2023-10-13 13:00:00,NASA,NOAA20,Fire inside Sitrep,SUMSEL,12327,2023,2023:12327,2023,23751,762901,0.0,415.0,True,False,-5.0,1,2023-10-13 06:05:00,-3.73394,105.50748,0,0,1,6
105.53495,-3.76555,2023-10-13 13:00:00,NASA,SNPP,Fire inside Sitrep,SUMSEL,12328,2023,2023:12328,2023,23752,1454269,0.024511201616269646,365.0,True,False,-55.0,1,2023-10-13 06:55:00,-3.76553,105.53517,0,0,2,19
105.74615,-3.61399,2023-10-13 13:00:00,NASA,SNPP,Fire inside Sitrep,SUMSEL,12360,2023,2023:12360,2023,23784,1454127,0.018967900750177617,365.0,True,False,-55.0,1,2023-10-13 06:55:00,-3.61393,105.74631,0,0,0,1
105.28831,-3.1221,2023-10-13 13:00:00,NASA,NOAA20,Fire inside Sitrep,SUMSEL,12382,2023,2023:12382,2023,23806,763608,0.0,415.0,True,False,-5.0,1,2023-10-13 06:05:00,-3.1221,105.28831,0,0,1,1
105.35583,-2.61071,2023-10-14 00:00:00,NASA,SNPP,Verified No fire,SUMSEL,12415,2023,2023:12415,2023,23839,1455730,0.03724413621423541,363.0,True,False,-57.0,1,2023-10-13 17:57:00,-2.61061,105.35551,0,0,1,4
105.46688,-3.72427,2023-10-14 00:00:00,NASA,SNPP,Fire inside Sitrep,SUMSEL,12428,2023,2023:12428,2023,23852,1455564,0.027744672458560576,363.0,True,False,-57.0,1,2023-10-13 17:57:00,-3.7242,105.46664,0,0,0,4
105.46295,-3.7743,2023-10-14 00:00:00,NASA,SNPP,Fire inside Sitrep,SUMSEL,12450,2023,2023:12450,2023,23874,1455902,0.022208159135486197,362.0,True,False,-58.0,1,2023-10-13 17:58:00,-3.77418,105.46279,0,0,1,22
105.68459,-3.31922,2023-10-14 00:00:00,NASA,SNPP,Fire inside Sitrep,SUMSEL,12462,2023,2023:12462,2023,23886,1455668,0.011958759090445432,363.0,True,False,-57.0,1,2023-10-13 17:57:00,-3.31926,105.68469,0,0,1,8
105.47192,-3.35739,2023-10-14 00:00:00,NASA,SNPP,Fire inside Sitrep,SUMSEL,12463,2023,2023:12463,2023,23887,1455630,0.005559754011633612,363.0,True,False,-57.0,1,2023-10-13 17:57:00,-3.35744,105.47192,0,0,0,7
105.59399,-3.02702,2023-10-14 00:00:00,NASA,SNPP,Fire inside Sitrep,SUMSEL,12466,2023,2023:12466,2023,23890,1455718,0.03340768707757709,363.0,True,False,-57.0,1,2023-10-13 17:57:00,-3.0271,105.59428,0,0,0,15
105.68531799,-3.31960845,2023-10-14 00:00:00,LAPAN,SNPP,Fire inside Sitrep,SUMSEL,12468,2023,2023:12468,2023,23892,1455668,0.07975614904408854,363.0,True,False,-57.0,1,2023-10-13 17:57:00,-3.31926,105.68469,0,0,1,8
105.5947113,-3.02748156,2023-10-14 00:00:00,LAPAN,SNPP,Fire inside Sitrep,SUMSEL,12505,2023,2023:12505,2023,23929,1455718,0.06398201076700125,363.0,True,False,-57.0,1,2023-10-13 17:57:00,-3.0271,105.59428,0,0,0,15
105.50667,-3.73509,2023-10-14 00:00:00,NASA,SNPP,Fire inside Sitrep,SUMSEL,12528,2023,2023:12528,2023,23952,1455563,0.026378209045786884,363.0,True,False,-57.0,1,2023-10-13 17:57:00,-3.73503,105.50644,0,0,2,8
103.46254,-2.30524,2023-10-14 01:00:00,NASA,NOAA20,Verified No fire,SUMSEL MUBA,12542,2023,2023:12542,2023,23966,764386,0.0,373.0,True,False,-47.0,1,2023-10-13 18:47:00,-2.30524,103.46254,0,0,0,12
105.59928,-3.06569,2023-10-14 01:00:00,NASA,NOAA20,Fire inside Sitrep,SUMSEL,12544,2023,2023:12544,2023,23968,764369,0.0,373.0,True,False,-47.0,1,2023-10-13 18:47:00,-3.06569,105.59928,0,0,0,1
102.76556,-1.2523,2023-10-14 01:00:00,NASA,NOAA20,Verified No fire,JAMBI SMF,12566,2023,2023:12566,2023,23990,764451,0.0,373.0,True,False,-47.0,1,2023-10-13 18:47:00,-1.2523,102.76556,0,0,2,14
103.22522736,-2.56181431,2023-10-14 01:00:00,LAPAN,NOAA20,Verified Fire,SUMSEL MUBA,12569,2023,2023:12569,2023,23993,764377,0.08358053573036518,373.0,True,False,-47.0,1,2023-10-13 18:47:00,-2.56218,103.22457,0,0,0,4
103.37313843,-1.18784571,2023-10-14 01:00:00,LAPAN,NOAA20,Verified No fire,JAMBI SMF,12574,2023,2023:12574,2023,23998,764150,0.09868363939416998,373.0,True,False,-47.0,1,2023-10-13 18:47:00,-1.18829,103.37237,0,0,1,5
105.68018,-3.31685,2023-10-14 01:00:00,NASA,NOAA20,Fire inside Sitrep,SUMSEL,12607,2023,2023:12607,2023,24031,764303,0.0,373.0,True,False,-47.0,1,2023-10-13 18:47:00,-3.31685,105.68018,0,0,1,5
103.31681061,-1.03224945,2023-10-14 01:00:00,LAPAN,NOAA20,Verified No fire,JAMBI SMF,12611,2023,2023:12611,2023,24035,764166,0.09965700039284824,373.0,True,False,-47.0,1,2023-10-13 18:47:00,-1.03269,103.31603,0,0,0,1
105.35272,-2.61064,2023-10-14 01:00:00,NASA,NOAA20,Verified No fire,SUMSEL,12615,2023,2023:12615,2023,24039,764385,0.0,373.0,True,False,-47.0,1,2023-10-13 18:47:00,-2.61064,105.35272,0,0,1,2
105.50793,-3.35216,2023-10-14 01:00:00,NASA,NOAA20,Fire inside Sitrep,SUMSEL,12616,2023,2023:12616,2023,24040,764269,0.0,373.0,True,False,-47.0,1,2023-10-13 18:47:00,-3.35216,105.50793,0,0,3,29
103.37237,-1.18829,2023-10-14 01:00:00,NASA,NOAA20,Verified No fire,JAMBI SMF,12621,2023,2023:12621,2023,24045,764150,0.0,373.0,True,False,-47.0,1,2023-10-13 18:47:00,-1.18829,103.37237,0,0,1,5
105.4632,-3.77201,2023-10-14 01:00:00,NASA,NOAA20,Fire inside Sitrep,SUMSEL,12633,2023,2023:12633,2023,24057,764510,0.0,372.0,True,False,-48.0,1,2023-10-13 18:48:00,-3.77201,105.4632,0,0,1,24
102.76618195,-1.2519623,2023-10-14 01:00:00,LAPAN,NOAA20,Verified No fire,JAMBI SMF,12647,2023,2023:12647,2023,24071,764451,0.07868011603725654,373.0,True,False,-47.0,1,2023-10-13 18:47:00,-1.2523,102.76556,0,0,2,14
103.22457,-2.56218,2023-10-14 01:00:00,NASA,NOAA20,Verified No fire,SUMSEL MUBA,12653,2023,2023:12653,2023,24077,764377,0.0,373.0,True,False,-47.0,1,2023-10-13 18:47:00,-2.56218,103.22457,0,0,0,4
103.31603,-1.03269,2023-10-14 01:00:00,NASA,NOAA20,Verified No fire,JAMBI SMF,12657,2023,2023:12657,2023,24081,764166,0.0,373.0,True,False,-47.0,1,2023-10-13 18:47:00,-1.03269,103.31603,0,0,0,1
103.44008,-2.24004,2023-10-14 12:00:00,NASA,NOAA20,Verified No fire,SUMSEL MUBA,12681,2023,2023:12681,2023,24105,765471,0.0,374.0,True,False,-46.0,1,2023-10-14 05:46:00,-2.24004,103.44008,0,0,2,6
105.40526,-3.29235,2023-10-14 12:00:00,NASA,NOAA20,Fire inside Sitrep,SUMSEL,12683,2023,2023:12683,2023,24107,765344,0.0,374.0,True,False,-46.0,1,2023-10-14 05:46:00,-3.29235,105.40526,0,0,3,35
105.40883,-3.2631,2023-10-14 12:00:00,NASA,NOAA20,Fire inside Sitrep,SUMSEL,12697,2023,2023:12697,2023,24121,765345,0.0,374.0,True,False,-46.0,1,2023-10-14 05:46:00,-3.2631,105.40883,0,0,7,7
105.59653,-3.80469,2023-10-14 12:00:00,NASA,NOAA20,Fire inside Sitrep,SUMSEL,12704,2023,2023:12704,2023,24128,765437,0.0,374.0,True,False,-46.0,1,2023-10-14 05:46:00,-3.80469,105.59653,0,0,2,3
105.5101,-3.35527,2023-10-14 12:00:00,NASA,NOAA20,Fire inside Sitrep,SUMSEL,12709,2023,2023:12709,2023,24133,765329,0.0,374.0,True,False,-46.0,1,2023-10-14 05:46:00,-3.35527,105.5101,0,0,4,29
105.44859,-3.79723,2023-10-14 12:00:00,NASA,NOAA20,Fire inside Sitrep,SUMSEL,12722,2023,2023:12722,2023,24146,765405,0.0,374.0,True,False,-46.0,1,2023-10-14 05:46:00,-3.79723,105.44859,0,0,4,4
105.68099,-3.5559,2023-10-14 12:00:00,NASA,NOAA20,Fire inside Sitrep,SUMSEL,12732,2023,2023:12732,2023,24156,765548,0.0,374.0,True,False,-46.0,1,2023-10-14 05:46:00,-3.5559,105.68099,0,0,4,12
105.38185,-2.41157,2023-10-14 12:00:00,NASA,NOAA20,Verified No fire,SUMSEL,12733,2023,2023:12733,2023,24157,765645,0.0,374.0,True,False,-46.0,1,2023-10-14 05:46:00,-2.41157,105.38185,0,0,2,4
105.46294,-2.55751,2023-10-14 12:00:00,NASA,NOAA20,Fire inside Sitrep,SUMSEL,12739,2023,2023:12739,2023,24163,765639,0.0,374.0,True,False,-46.0,1,2023-10-14 05:46:00,-2.55751,105.46294,0,0,2,6
105.69756,-3.32832,2023-10-14 12:00:00,NASA,NOAA20,Fire inside Sitrep,SUMSEL,12740,2023,2023:12740,2023,24164,765328,0.0,374.0,True,False,-46.0,1,2023-10-14 05:46:00,-3.32832,105.69756,0,0,3,4
105.63828,-3.54501,2023-10-14 12:00:00,NASA,NOAA20,Fire inside Sitrep,SUMSEL,12749,2023,2023:12749,2023,24173,765549,0.0,374.0,True,False,-46.0,1,2023-10-14 05:46:00,-3.54501,105.63828,0,0,0,5
105.3548,-2.6107,2023-10-14 13:00:00,NASA,SNPP,Verified No fire,SUMSEL,12757,2023,2023:12757,2023,24181,1457729,0.003513012669835306,383.0,True,False,-37.0,1,2023-10-14 06:37:00,-2.61071,105.35477,0,0,0,2
105.21474,-3.09252,2023-10-14 13:00:00,NASA,SNPP,Fire inside Sitrep,SUMSEL,12769,2023,2023:12769,2023,24193,1457509,0.0011119508023585507,383.0,True,False,-37.0,1,2023-10-14 06:37:00,-3.09253,105.21474,0,0,0,0
102.83968353,-1.08252931,2023-10-14 13:00:00,LAPAN,SNPP,Verified Fire,JAMBI SMF,12811,2023,2023:12811,2023,24235,1457989,0.0803408760375404,383.0,True,False,-37.0,1,2023-10-14 06:37:00,-1.08225,102.84035,0,0,0,0
102.78833771,-1.23235965,2023-10-14 13:00:00,LAPAN,SNPP,Verified No fire,JAMBI SMF,12816,2023,2023:12816,2023,24240,1457970,0.06286747222700662,383.0,True,False,-37.0,1,2023-10-14 06:37:00,-1.23252,102.78888,0,0,0,1
105.21393585,-3.09281945,2023-10-14 13:00:00,LAPAN,SNPP,Fire inside Sitrep,SUMSEL,12820,2023,2023:12820,2023,24244,1457509,0.09491112613100763,383.0,True,False,-37.0,1,2023-10-14 06:37:00,-3.09253,105.21474,0,0,0,0
102.93633,-0.78107,2023-10-14 13:00:00,NASA,SNPP,Verified No fire,JAMBI SMF,12828,2023,2023:12828,2023,24252,1458028,0.006483572180292436,383.0,True,False,-37.0,1,2023-10-14 06:37:00,-0.78102,102.9363,0,0,0,0
103.59801483,-2.26451635,2023-10-14 13:00:00,LAPAN,SNPP,Verified No fire,SUMSEL MUBA,12829,2023,2023:12829,2023,24253,1457878,0.08720840963629306,383.0,True,False,-37.0,1,2023-10-14 06:37:00,-2.26427,103.59876,0,0,0,0
103.40456,-2.19974,2023-10-14 13:00:00,NASA,SNPP,Verified No fire,SUMSEL MUBA,12832,2023,2023:12832,2023,24256,1457896,0.00675888315193748,383.0,True,False,-37.0,1,2023-10-14 06:37:00,-2.19975,103.40462,0,0,0,0
102.78891,-1.23253,2023-10-14 13:00:00,NASA,SNPP,Verified No fire,JAMBI SMF,12841,2023,2023:12841,2023,24265,1457970,0.003515564994011756,383.0,True,False,-37.0,1,2023-10-14 06:37:00,-1.23252,102.78888,0,0,0,1
105.7093,-3.97015,2023-10-14 13:00:00,NASA,SNPP,Fire inside Sitrep,SUMSEL,12874,2023,2023:12874,2023,24298,1456610,0.002485205390499311,384.0,True,False,-36.0,1,2023-10-14 06:36:00,-3.97013,105.70929,0,0,0,0
105.29128,-2.95153,2023-10-14 13:00:00,NASA,SNPP,Fire inside Sitrep,SUMSEL,12888,2023,2023:12888,2023,24312,1457603,0.010939315514527348,383.0,True,False,-37.0,1,2023-10-14 06:37:00,-2.95149,105.29137,0,0,0,0
105.53775024,-3.73470855,2023-10-14 13:00:00,LAPAN,SNPP,Fire inside Sitrep,SUMSEL,12910,2023,2023:12910,2023,24334,1456726,0.09645278084882053,384.0,True,False,-36.0,1,2023-10-14 06:36:00,-3.73442,105.53857,0,0,0,1
105.56311798,-3.82046771,2023-10-14 13:00:00,LAPAN,SNPP,Fire inside Sitrep,SUMSEL,12928,2023,2023:12928,2023,24352,1457242,0.07578910885053528,384.0,True,False,-36.0,1,2023-10-14 06:36:00,-3.82059,105.56379,0,0,0,2
105.56375,-3.82064,2023-10-14 13:00:00,NASA,SNPP,Fire inside Sitrep,SUMSEL,12929,2023,2023:12929,2023,24353,1457242,0.007113788220698941,384.0,True,False,-36.0,1,2023-10-14 06:36:00,-3.82059,105.56379,0,0,0,2
105.59379578,-3.77920246,2023-10-14 13:00:00,LAPAN,SNPP,Fire inside Sitrep,SUMSEL,12931,2023,2023:12931,2023,24355,1457325,0.07420003156456925,384.0,True,False,-36.0,1,2023-10-14 06:36:00,-3.77928,105.59446,0,0,0,24
105.65052032,-3.46802998,2023-10-14 13:00:00,LAPAN,SNPP,Fire inside Sitrep,SUMSEL,12936,2023,2023:12936,2023,24360,1456835,0.09481858640913321,384.0,True,False,-36.0,1,2023-10-14 06:36:00,-3.46773,105.65132,0,0,0,0
105.69267,-3.57697,2023-10-14 13:00:00,NASA,SNPP,Fire inside Sitrep,SUMSEL,12967,2023,2023:12967,2023,24391,1456771,0.00496504666469553,384.0,True,False,-36.0,1,2023-10-14 06:36:00,-3.57695,105.69263,0,0,0,2
105.64683,-3.51987,2023-10-14 13:00:00,NASA,SNPP,Fire inside Sitrep,SUMSEL,12968,2023,2023:12968,2023,24392,1456817,0.0035103278284583416,384.0,True,False,-36.0,1,2023-10-14 06:36:00,-3.51986,105.6468,0,0,0,2
105.69202423,-3.57680511,2023-10-14 13:00:00,LAPAN,SNPP,Fire inside Sitrep,SUMSEL,12969,2023,2023:12969,2023,24393,1456771,0.0691309858674179,384.0,True,False,-36.0,1,2023-10-14 06:36:00,-3.57695,105.69263,0,0,0,2
105.64598083,-3.52010202,2023-10-14 13:00:00,LAPAN,SNPP,Fire inside Sitrep,SUMSEL,12970,2023,2023:12970,2023,24394,1456817,0.0948151559364732,384.0,True,False,-36.0,1,2023-10-14 06:36:00,-3.51986,105.6468,0,0,0,2
102.04499054,-0.95652694,2023-10-14 13:00:00,LAPAN,SNPP,Verified No fire,JAMBI SMF,12977,2023,2023:12977,2023,24401,1458015,0.06510925479040322,383.0,True,False,-37.0,1,2023-10-14 06:37:00,-0.9567,102.04555,0,0,0,0
102.93575287,-0.78088629,2023-10-14 13:00:00,LAPAN,SNPP,Verified No fire,JAMBI SMF,13001,2023,2023:13001,2023,24425,1458028,0.06262307015618314,383.0,True,False,-37.0,1,2023-10-14 06:37:00,-0.78102,102.9363,0,0,0,0
105.65134,-3.46774,2023-10-14 13:00:00,NASA,SNPP,Fire inside Sitrep,SUMSEL,13030,2023,2023:13030,2023,24454,1456835,0.00248275621243844,384.0,True,False,-36.0,1,2023-10-14 06:36:00,-3.46773,105.65132,0,0,0,0
105.59441,-3.77933,2023-10-14 13:00:00,NASA,SNPP,Fire inside Sitrep,SUMSEL,13038,2023,2023:13038,2023,24462,1457325,0.00785413485629105,384.0,True,False,-36.0,1,2023-10-14 06:36:00,-3.77928,105.59446,0,0,0,24
105.70867157,-3.97002649,2023-10-14 13:00:00,LAPAN,SNPP,Verified Fire,SUMSEL,13056,2023,2023:13056,2023,24480,1456610,0.06956020305625271,384.0,True,False,-36.0,1,2023-10-14 06:36:00,-3.97013,105.70929,0,0,0,0
105.67593,-3.15081,2023-10-14 13:00:00,NASA,SNPP,Fire inside Sitrep,SUMSEL,13058,2023,2023:13058,2023,24482,1456967,0.0011102698880348777,384.0,True,False,-36.0,1,2023-10-14 06:36:00,-3.15081,105.67592,0,0,0,0
102.84039,-1.08224,2023-10-14 13:00:00,NASA,SNPP,Verified Fire,JAMBI SMF,13060,2023,2023:13060,2023,24484,1457989,0.004583920873054549,383.0,True,False,-37.0,1,2023-10-14 06:37:00,-1.08225,102.84035,0,0,0,0
103.59873,-2.26423,2023-10-14 13:00:00,NASA,SNPP,Verified No fire,SUMSEL MUBA,13062,2023,2023:13062,2023,24486,1457878,0.005558191703687411,383.0,True,False,-37.0,1,2023-10-14 06:37:00,-2.26427,103.59876,0,0,0,0
105.46663666,-3.72394514,2023-10-14 13:00:00,LAPAN,SNPP,Fire inside Sitrep,SUMSEL,13076,2023,2023:13076,2023,24500,1456732,0.09681285306314572,384.0,True,False,-36.0,1,2023-10-14 06:36:00,-3.72363,105.46745,0,0,0,6
102.04557,-0.95674,2023-10-14 13:00:00,NASA,SNPP,Verified No fire,JAMBI SMF,13098,2023,2023:13098,2023,24522,1458015,0.004972656522158606,383.0,True,False,-37.0,1,2023-10-14 06:37:00,-0.9567,102.04555,0,0,0,0
103.22815,-2.5645,2023-10-14 13:00:00,NASA,SNPP,Verified No fire,SUMSEL MUBA,13100,2023,2023:13100,2023,24524,1457806,0.0024844056569337854,383.0,True,False,-37.0,1,2023-10-14 06:37:00,-2.56449,103.22813,0,0,0,3
103.60152435,-2.28805208,2023-10-14 13:00:00,LAPAN,SNPP,Verified No fire,SUMSEL MUBA,13101,2023,2023:13101,2023,24525,1457864,0.08858034700772044,383.0,True,False,-37.0,1,2023-10-14 06:37:00,-2.28783,103.60229,0,0,0,0
103.60226,-2.28779,2023-10-14 13:00:00,NASA,SNPP,Verified No fire,SUMSEL MUBA,13104,2023,2023:13104,2023,24528,1457864,0.005558159035684179,383.0,True,False,-37.0,1,2023-10-14 06:37:00,-2.28783,103.60229,0,0,0,0
105.46745,-3.72367,2023-10-14 13:00:00,NASA,SNPP,Fire inside Sitrep,SUMSEL,13114,2023,2023:13114,2023,24538,1456732,0.00444780320930674,384.0,True,False,-36.0,1,2023-10-14 06:36:00,-3.72363,105.46745,0,0,0,6
103.22743225,-2.5647645,2023-10-14 13:00:00,LAPAN,SNPP,Verified No fire,SUMSEL MUBA,13123,2023,2023:13123,2023,24547,1457806,0.08330215028335795,383.0,True,False,-37.0,1,2023-10-14 06:37:00,-2.56449,103.22813,0,0,0,3
105.67528534,-3.15064335,2023-10-14 13:00:00,LAPAN,SNPP,Fire inside Sitrep,SUMSEL,13144,2023,2023:13144,2023,24568,1456967,0.07286025148100632,384.0,True,False,-36.0,1,2023-10-14 06:36:00,-3.15081,105.67592,0,0,0,0
105.35414886,-2.61046863,2023-10-14 13:00:00,LAPAN,SNPP,Verified No fire,SUMSEL,13145,2023,2023:13145,2023,24569,1457729,0.0740323759355658,383.0,True,False,-37.0,1,2023-10-14 06:37:00,-2.61071,105.35477,0,0,0,2
105.53857,-3.73446,2023-10-14 13:00:00,NASA,SNPP,Fire inside Sitrep,SUMSEL,13159,2023,2023:13159,2023,24583,1456726,0.004447803209198942,384.0,True,False,-36.0,1,2023-10-14 06:36:00,-3.73442,105.53857,0,0,0,1
103.65566,-2.3934,2023-10-14 14:00:00,NASA,NOAA20,Verified No fire,SUMSEL MUBA,13165,2023,2023:13165,2023,24589,766007,0.0,393.0,True,False,-27.0,1,2023-10-14 07:27:00,-2.3934,103.65566,0,0,3,6
102.76924,-1.25378,2023-10-14 14:00:00,NASA,NOAA20,Verified No fire,JAMBI SMF,13172,2023,2023:13172,2023,24596,765956,0.0,393.0,True,False,-27.0,1,2023-10-14 07:27:00,-1.25378,102.76924,0,0,2,13
105.38387,-3.67513,2023-10-15 00:00:00,NASA,SNPP,Fire inside Sitrep,SUMSEL,13270,2023,2023:13270,2023,24694,1458268,0.02919209820109916,381.0,True,False,-39.0,1,2023-10-14 17:39:00,-3.67509,105.38361,0,0,4,9
105.55267,-3.4391,2023-10-15 00:00:00,NASA,SNPP,Fire inside Sitrep,SUMSEL,13277,2023,2023:13277,2023,24701,1458306,0.020384783527939904,381.0,True,False,-39.0,1,2023-10-14 17:39:00,-3.43919,105.55283,0,0,3,12
103.44057,-2.24346,2023-10-15 00:00:00,NASA,SNPP,Verified No fire,SUMSEL MUBA,13284,2023,2023:13284,2023,24708,1458163,0.0045813832976944815,382.0,True,False,-38.0,1,2023-10-14 17:38:00,-2.24345,103.44061,0,0,0,6
105.59883,-3.01975,2023-10-15 01:00:00,NASA,NOAA20,Fire inside Sitrep,SUMSEL,13328,2023,2023:13328,2023,24752,766255,0.0,392.0,True,False,-28.0,1,2023-10-14 18:28:00,-3.01975,105.59883,0,0,0,9
103.33797,-1.16921,2023-10-15 01:00:00,NASA,NOAA20,Verified No fire,JAMBI SMF,13330,2023,2023:13330,2023,24754,766578,0.0,392.0,True,False,-28.0,1,2023-10-14 18:28:00,-1.16921,103.33797,0,0,0,0
105.46357,-3.72378,2023-10-15 01:00:00,NASA,NOAA20,Fire inside Sitrep,SUMSEL,13345,2023,2023:13345,2023,24769,766792,0.0,391.0,True,False,-29.0,1,2023-10-14 18:29:00,-3.72378,105.46357,0,0,2,6
103.38155,-2.53514,2023-10-15 01:00:00,NASA,NOAA20,Verified No fire,SUMSEL MUBA,13354,2023,2023:13354,2023,24778,766251,0.0,392.0,True,False,-28.0,1,2023-10-14 18:28:00,-2.53514,103.38155,0,0,0,0
103.31744,-1.03011,2023-10-15 01:00:00,NASA,NOAA20,Verified No fire,JAMBI SMF,13358,2023,2023:13358,2023,24782,766606,0.0,392.0,True,False,-28.0,1,2023-10-14 18:28:00,-1.03011,103.31744,0,0,0,1
105.2621994,-3.01253009,2023-10-15 01:00:00,LAPAN,NOAA20,Fire inside Sitrep,SUMSEL,13371,2023,2023:13371,2023,24795,766263,0.062233229303492975,392.0,True,False,-28.0,1,2023-10-14 18:28:00,-3.01282,105.26172,0,0,0,3
103.48781586,-1.29794717,2023-10-15 01:00:00,LAPAN,NOAA20,Verified No fire,JAMBI SMF,13408,2023,2023:13408,2023,24832,766569,0.06735245221506328,392.0,True,False,-28.0,1,2023-10-14 18:28:00,-1.29821,103.48727,0,0,0,0
103.31786346,-1.02992141,2023-10-15 01:00:00,LAPAN,NOAA20,Verified No fire,JAMBI SMF,13430,2023,2023:13430,2023,24854,766606,0.051538243648611565,392.0,True,False,-28.0,1,2023-10-14 18:28:00,-1.03011,103.31744,0,0,0,1
103.38271332,-1.20318007,2023-10-15 01:00:00,LAPAN,NOAA20,Verified No fire,JAMBI SMF,13434,2023,2023:13434,2023,24858,766576,0.05158231828804007,392.0,True,False,-28.0,1,2023-10-14 18:28:00,-1.20337,103.38229,0,0,0,1
103.37094116,-1.18774295,2023-10-15 01:00:00,LAPAN,NOAA20,Verified No fire,JAMBI SMF,13435,2023,2023:13435,2023,24859,766577,0.051694139790128546,392.0,True,False,-28.0,1,2023-10-14 18:28:00,-1.18794,103.37052,0,0,0,2
105.75101,-3.60665,2023-10-15 01:00:00,NASA,NOAA20,Fire inside Sitrep,SUMSEL,13451,2023,2023:13451,2023,24875,766822,0.0,391.0,True,False,-29.0,1,2023-10-14 18:29:00,-3.60665,105.75101,0,0,0,0
105.75164032,-3.60626173,2023-10-15 01:00:00,LAPAN,NOAA20,Fire inside Sitrep,SUMSEL,13452,2023,2023:13452,2023,24876,766822,0.08220053358265701,391.0,True,False,-29.0,1,2023-10-14 18:29:00,-3.60665,105.75101,0,0,0,0
105.26172,-3.01282,2023-10-15 01:00:00,NASA,NOAA20,Verified Fire,SUMSEL,13454,2023,2023:13454,2023,24878,766263,0.0,392.0,True,False,-28.0,1,2023-10-14 18:28:00,-3.01282,105.26172,0,0,0,3
105.64415741,-3.52011561,2023-10-15 01:00:00,LAPAN,NOAA20,Fire inside Sitrep,SUMSEL,13457,2023,2023:13457,2023,24881,766523,0.0657037320730518,392.0,True,False,-28.0,1,2023-10-14 18:28:00,-3.52042,105.64365,0,0,0,1
105.46405,-2.56038,2023-10-15 01:00:00,NASA,NOAA20,Verified Fire,SUMSEL,13463,2023,2023:13463,2023,24887,766206,0.0,392.0,True,False,-28.0,1,2023-10-14 18:28:00,-2.56038,105.46405,0,0,0,3
103.38229,-1.20337,2023-10-15 01:00:00,NASA,NOAA20,Verified No fire,JAMBI SMF,13482,2023,2023:13482,2023,24906,766576,0.0,392.0,True,False,-28.0,1,2023-10-14 18:28:00,-1.20337,103.38229,0,0,0,1
105.59944153,-3.01937318,2023-10-15 01:00:00,LAPAN,NOAA20,Fire inside Sitrep,SUMSEL,13496,2023,2023:13496,2023,24920,766255,0.07979163584481287,392.0,True,False,-28.0,1,2023-10-14 18:28:00,-3.01975,105.59883,0,0,0,9
105.46406555,-3.72347498,2023-10-15 01:00:00,LAPAN,NOAA20,Fire inside Sitrep,SUMSEL,13502,2023,2023:13502,2023,24926,766792,0.06460532371995352,391.0,True,False,-29.0,1,2023-10-14 18:29:00,-3.72378,105.46357,0,0,2,6
103.36105,-1.02336,2023-10-15 01:00:00,NASA,NOAA20,Verified No fire,JAMBI SMF,13503,2023,2023:13503,2023,24927,766608,0.0,392.0,True,False,-28.0,1,2023-10-14 18:28:00,-1.02336,103.36105,0,0,0,1
103.37052,-1.18794,2023-10-15 01:00:00,NASA,NOAA20,Verified No fire,JAMBI SMF,13504,2023,2023:13504,2023,24928,766577,0.0,392.0,True,False,-28.0,1,2023-10-14 18:28:00,-1.18794,103.37052,0,0,0,2
103.22537,-2.56512,2023-10-15 01:00:00,NASA,NOAA20,Verified No fire,SUMSEL MUBA,13505,2023,2023:13505,2023,24929,766253,0.0,392.0,True,False,-28.0,1,2023-10-14 18:28:00,-2.56512,103.22537,0,0,0,3
103.4892,-2.27707,2023-10-15 01:00:00,NASA,NOAA20,Verified No fire,SUMSEL MUBA,13508,2023,2023:13508,2023,24932,766235,0.0,392.0,True,False,-28.0,1,2023-10-14 18:28:00,-2.27707,103.4892,0,0,0,6
105.64365,-3.52042,2023-10-15 01:00:00,NASA,NOAA20,Fire inside Sitrep,SUMSEL,13509,2023,2023:13509,2023,24933,766523,0.0,392.0,True,False,-28.0,1,2023-10-14 18:28:00,-3.52042,105.64365,0,0,0,1
105.37906,-2.41046,2023-10-15 01:00:00,NASA,NOAA20,Verified No fire,SUMSEL,13510,2023,2023:13510,2023,24934,766168,0.0,392.0,True,False,-28.0,1,2023-10-14 18:28:00,-2.41046,105.37906,0,0,0,4
105.46465302,-2.56001043,2023-10-15 01:00:00,LAPAN,NOAA20,Fire inside Sitrep,SUMSEL,13511,2023,2023:13511,2023,24935,766206,0.07858664934649875,392.0,True,False,-28.0,1,2023-10-14 18:28:00,-2.56038,105.46405,0,0,0,3
105.37953949,-2.41017365,2023-10-15 01:00:00,LAPAN,NOAA20,Verified No fire,SUMSEL,13512,2023,2023:13512,2023,24936,766168,0.06206043846604105,392.0,True,False,-28.0,1,2023-10-14 18:28:00,-2.41046,105.37906,0,0,0,4
103.48961639,-2.27686071,2023-10-15 01:00:00,LAPAN,NOAA20,Verified No fire,SUMSEL MUBA,13515,2023,2023:13515,2023,24939,766235,0.05178746077090636,392.0,True,False,-28.0,1,2023-10-14 18:28:00,-2.27707,103.4892,0,0,0,6
103.48727,-1.29821,2023-10-15 01:00:00,NASA,NOAA20,Verified No fire,JAMBI SMF,13540,2023,2023:13540,2023,24964,766569,0.0,392.0,True,False,-28.0,1,2023-10-14 18:28:00,-1.29821,103.48727,0,0,0,0
103.225914,-2.56485105,2023-10-15 01:00:00,LAPAN,NOAA20,Verified No fire,SUMSEL MUBA,13555,2023,2023:13555,2023,24979,766253,0.06742470332140879,392.0,True,False,-28.0,1,2023-10-14 18:28:00,-2.56512,103.22537,0,0,0,3
103.48891449,-2.27764201,2023-10-15 13:00:00,LAPAN,SNPP,Verified No fire,SUMSEL MUBA,13586,2023,2023:13586,2023,25010,1459591,0.07128439785645643,402.0,True,False,-18.0,1,2023-10-15 06:18:00,-2.27773,103.48955,0,0,1,4
103.48680878,-2.23213792,2023-10-15 13:00:00,LAPAN,SNPP,Verified No fire,SUMSEL MUBA,13587,2023,2023:13587,2023,25011,1459593,0.06918260715698465,402.0,True,False,-18.0,1,2023-10-15 06:18:00,-2.23218,103.48743,0,0,0,0
103.48742,-2.2322,2023-10-15 13:00:00,NASA,SNPP,Verified No fire,SUMSEL MUBA,13598,2023,2023:13598,2023,25022,1459593,0.0024860203563364324,402.0,True,False,-18.0,1,2023-10-15 06:18:00,-2.23218,103.48743,0,0,0,0
105.67083,-3.29804,2023-10-15 13:00:00,NASA,SNPP,Fire inside Sitrep,SUMSEL,13603,2023,2023:13603,2023,25027,1459504,0.002483103710309064,402.0,True,False,-18.0,1,2023-10-15 06:18:00,-3.29805,105.67081,0,0,0,9
105.38331,-2.41102,2023-10-15 13:00:00,NASA,SNPP,Verified No fire,SUMSEL,13606,2023,2023:13606,2023,25030,1459553,0.001571840024655525,402.0,True,False,-18.0,1,2023-10-15 06:18:00,-2.41101,105.38332,0,0,0,5
105.67015839,-3.29840946,2023-10-15 13:00:00,LAPAN,SNPP,Fire inside Sitrep,SUMSEL,13615,2023,2023:13615,2023,25039,1459504,0.08264432819604459,402.0,True,False,-18.0,1,2023-10-15 06:18:00,-3.29805,105.67081,0,0,0,9
105.38274384,-2.4108882,2023-10-15 13:00:00,LAPAN,SNPP,Verified No fire,SUMSEL,13616,2023,2023:13616,2023,25040,1459553,0.06542657947503613,402.0,True,False,-18.0,1,2023-10-15 06:18:00,-2.41101,105.38332,0,0,0,5
103.48954,-2.27775,2023-10-15 13:00:00,NASA,SNPP,Verified No fire,SUMSEL MUBA,13624,2023,2023:13624,2023,25048,1459591,0.0024860048104096257,402.0,True,False,-18.0,1,2023-10-15 06:18:00,-2.27773,103.48955,0,0,1,4
103.22791,-2.56408,2023-10-15 14:00:00,NASA,NOAA20,Verified No fire,SUMSEL MUBA,13630,2023,2023:13630,2023,25054,768305,0.0,412.0,True,False,-8.0,1,2023-10-15 07:08:00,-2.56408,103.22791,0,0,0,2
102.90096,-0.83018,2023-10-15 14:00:00,NASA,NOAA20,Verified No fire,JAMBI SMF,13635,2023,2023:13635,2023,25059,768198,0.0,412.0,True,False,-8.0,1,2023-10-15 07:08:00,-0.83018,102.90096,0,0,0,0
103.49198,-2.27893,2023-10-15 14:00:00,NASA,NOAA20,Verified No fire,SUMSEL MUBA,13648,2023,2023:13648,2023,25072,768285,0.0,412.0,True,False,-8.0,1,2023-10-15 07:08:00,-2.27893,103.49198,0,0,1,2
103.70123,-2.39721,2023-10-16 01:00:00,NASA,NOAA20,Verified No fire,SUMSEL MUBA,13660,2023,2023:13660,2023,25084,768536,0.0,411.0,True,False,-9.0,1,2023-10-15 18:09:00,-2.39721,103.70123,0,0,0,3
103.28831,-2.46339,2023-10-16 01:00:00,NASA,NOAA20,Verified Fire,SUMSEL MUBA,13669,2023,2023:13669,2023,25093,768647,0.0,411.0,True,False,-9.0,1,2023-10-15 18:09:00,-2.46339,103.28831,0,0,0,11
103.35953522,-1.02356565,2023-10-16 01:00:00,LAPAN,NOAA20,Verified No fire,JAMBI SMF,13695,2023,2023:13695,2023,25119,768660,0.06905839361546363,411.0,True,False,-9.0,1,2023-10-15 18:09:00,-1.02348,103.35892,0,0,0,2
103.28912354,-2.46339536,2023-10-16 01:00:00,LAPAN,NOAA20,Verified No fire,SUMSEL MUBA,13701,2023,2023:13701,2023,25125,768647,0.09038001396515251,411.0,True,False,-9.0,1,2023-10-15 18:09:00,-2.46339,103.28831,0,0,0,11
105.39374,-2.44717,2023-10-16 01:00:00,NASA,NOAA20,Verified No fire,SUMSEL,13726,2023,2023:13726,2023,25150,768575,0.0,411.0,True,False,-9.0,1,2023-10-15 18:09:00,-2.44717,105.39374,0,0,0,0
105.77145,-3.34094,2023-10-16 01:00:00,NASA,NOAA20,Fire inside Sitrep,SUMSEL,13738,2023,2023:13738,2023,25162,768674,0.0,410.0,True,False,-10.0,1,2023-10-15 18:10:00,-3.34094,105.77145,0,0,1,1
105.77204895,-3.34077549,2023-10-16 01:00:00,LAPAN,NOAA20,Fire inside Sitrep,SUMSEL,13739,2023,2023:13739,2023,25163,768674,0.06895765635806332,410.0,True,False,-10.0,1,2023-10-15 18:10:00,-3.34094,105.77145,0,0,1,1
103.43777,-2.24168,2023-10-16 01:00:00,NASA,NOAA20,Verified No fire,SUMSEL MUBA,13790,2023,2023:13790,2023,25214,768553,0.0,411.0,True,False,-9.0,1,2023-10-15 18:09:00,-2.24168,103.43777,0,0,0,1
103.43856049,-2.24168277,2023-10-16 01:00:00,LAPAN,NOAA20,Verified No fire,SUMSEL MUBA,13794,2023,2023:13794,2023,25218,768553,0.08783187250787716,411.0,True,False,-9.0,1,2023-10-15 18:09:00,-2.24168,103.43777,0,0,0,1
103.70179749,-2.39725184,2023-10-16 01:00:00,LAPAN,NOAA20,Verified No fire,SUMSEL MUBA,13802,2023,2023:13802,2023,25226,768536,0.06321829618380133,411.0,True,False,-9.0,1,2023-10-15 18:09:00,-2.39721,103.70123,0,0,0,3
105.39421844,-2.44710612,2023-10-16 01:00:00,LAPAN,NOAA20,Verified No fire,SUMSEL,13843,2023,2023:13843,2023,25267,768575,0.053624186204645936,411.0,True,False,-9.0,1,2023-10-15 18:09:00,-2.44717,105.39374,0,0,0,0
103.35892,-1.02348,2023-10-16 01:00:00,NASA,NOAA20,Verified No fire,JAMBI SMF,13870,2023,2023:13870,2023,25294,768660,0.0,411.0,True,False,-9.0,1,2023-10-15 18:09:00,-1.02348,103.35892,0,0,0,2
103.24392,-1.06202,2023-10-16 02:00:00,NASA,SNPP,Verified No fire,JAMBI SMF,13898,2023,2023:13898,2023,25322,1459988,0.02834533050003608,420.0,True,False,0.0,1,2023-10-15 19:00:00,-1.06213,103.24415,0,0,0,2
103.24181,-1.52245,2023-10-16 02:00:00,NASA,SNPP,Verified No fire,JAMBI SMF,13910,2023,2023:13910,2023,25334,1459970,0.01548697802151567,420.0,True,False,0.0,1,2023-10-15 19:00:00,-1.52258,103.24186,0,0,0,0
105.7719,-3.33996,2023-10-16 02:00:00,NASA,SNPP,Fire inside Sitrep,SUMSEL,13933,2023,2023:13933,2023,25357,1460195,0.058404645069698786,420.0,True,False,0.0,1,2023-10-15 19:00:00,-3.34004,105.77242,0,0,1,1
105.26231,-3.01136,2023-10-16 02:00:00,NASA,SNPP,Fire inside Sitrep,SUMSEL,13962,2023,2023:13962,2023,25386,1460087,0.05812575709467502,420.0,True,False,0.0,1,2023-10-15 19:00:00,-3.01142,105.26283,0,0,3,21
103.36993,-1.19069,2023-10-16 02:00:00,NASA,SNPP,Verified No fire,JAMBI SMF,13967,2023,2023:13967,2023,25391,1459974,0.009498713387957516,420.0,True,False,0.0,1,2023-10-15 19:00:00,-1.19066,103.36985,0,0,1,3
102.76891,-1.25444,2023-10-16 02:00:00,NASA,SNPP,Verified No fire,JAMBI SMF,13972,2023,2023:13972,2023,25396,1459973,0.02668042332260304,420.0,True,False,0.0,1,2023-10-15 19:00:00,-1.25444,102.76867,0,0,0,3
105.43044281,-3.3147471,2023-10-16 12:00:00,LAPAN,SNPP,Fire inside Sitrep,SUMSEL,14002,2023,2023:14002,2023,25426,1463209,0.08545174344209984,361.0,True,False,-59.0,1,2023-10-16 05:59:00,-3.31481,105.43121,0,0,0,0
105.41264343,-3.32200861,2023-10-16 12:00:00,LAPAN,SNPP,Fire inside Sitrep,SUMSEL,14035,2023,2023:14035,2023,25459,1463206,0.08536893578046024,361.0,True,False,-59.0,1,2023-10-16 05:59:00,-3.32207,105.41341,0,0,0,0
105.43121,-3.31476,2023-10-16 12:00:00,NASA,SNPP,Fire inside Sitrep,SUMSEL,14048,2023,2023:14048,2023,25472,1463209,0.005559754011666647,361.0,True,False,-59.0,1,2023-10-16 05:59:00,-3.31481,105.43121,0,0,0,0
105.41341,-3.32203,2023-10-16 12:00:00,NASA,SNPP,Fire inside Sitrep,SUMSEL,14049,2023,2023:14049,2023,25473,1463206,0.0044478032093348135,361.0,True,False,-59.0,1,2023-10-16 05:59:00,-3.32207,105.41341,0,0,0,0
103.83827209,-1.9007287,2023-10-16 12:00:00,LAPAN,SNPP,Verified Fire,SUMSEL MUBA,14069,2023,2023:14069,2023,25493,1463917,0.0864522930090903,361.0,True,False,-59.0,1,2023-10-16 05:59:00,-1.90073,103.83905,0,0,2,2
105.88911,-3.85553,2023-10-16 12:00:00,NASA,SNPP,Fire inside Sitrep,SUMSEL,14083,2023,2023:14083,2023,25507,1462475,0.006472944948517329,361.0,True,False,-59.0,1,2023-10-16 05:59:00,-3.85556,105.88906,0,0,4,4
105.89664,-3.8772,2023-10-16 12:00:00,NASA,SNPP,Fire inside Sitrep,SUMSEL,14084,2023,2023:14084,2023,25508,1462452,0.00555161343668341,361.0,True,False,-59.0,1,2023-10-16 05:59:00,-3.87723,105.8966,0,0,0,1
105.89588928,-3.87719059,2023-10-16 12:00:00,LAPAN,SNPP,Fire inside Sitrep,SUMSEL,14085,2023,2023:14085,2023,25509,1462452,0.07896937409499509,361.0,True,False,-59.0,1,2023-10-16 05:59:00,-3.87723,105.8966,0,0,0,1
105.88835144,-3.85554576,2023-10-16 12:00:00,LAPAN,SNPP,Fire inside Sitrep,SUMSEL,14114,2023,2023:14114,2023,25538,1462475,0.07862601308712892,361.0,True,False,-59.0,1,2023-10-16 05:59:00,-3.85556,105.88906,0,0,4,4
105.28366,-2.64602,2023-10-16 12:00:00,NASA,SNPP,Verified No fire,SUMSEL,14169,2023,2023:14169,2023,25593,1463760,0.0064786494161511825,361.0,True,False,-59.0,1,2023-10-16 05:59:00,-2.64599,105.28371,0,0,0,0
105.3997,-3.71083,2023-10-16 12:00:00,NASA,SNPP,Fire inside Sitrep,SUMSEL,14181,2023,2023:14181,2023,25605,1462801,0.004438477957127537,361.0,True,False,-59.0,1,2023-10-16 05:59:00,-3.71083,105.39974,0,0,1,4
105.49974,-3.82211,2023-10-16 12:00:00,NASA,SNPP,Fire inside Sitrep,SUMSEL,14203,2023,2023:14203,2023,25627,1462586,0.004584091396231495,361.0,True,False,-59.0,1,2023-10-16 05:59:00,-3.82215,105.49973,0,0,2,2
105.4035,-3.77136,2023-10-16 12:00:00,NASA,SNPP,Fire inside Sitrep,SUMSEL,14207,2023,2023:14207,2023,25631,1462732,0.00565805329970028,361.0,True,False,-59.0,1,2023-10-16 05:59:00,-3.77137,105.40355,0,0,6,6
105.39030457,-2.42985129,2023-10-16 12:00:00,LAPAN,SNPP,Verified No fire,SUMSEL,14237,2023,2023:14237,2023,25661,1463788,0.08282313723457115,361.0,True,False,-59.0,1,2023-10-16 05:59:00,-2.42984,105.39105,0,0,0,0
105.58124542,-3.54898882,2023-10-16 12:00:00,LAPAN,SNPP,Fire inside Sitrep,SUMSEL,14254,2023,2023:14254,2023,25678,1462935,0.08714312342203233,361.0,True,False,-59.0,1,2023-10-16 05:59:00,-3.54902,105.58203,0,0,2,6
105.58202,-3.54905,2023-10-16 12:00:00,NASA,SNPP,Fire inside Sitrep,SUMSEL,14255,2023,2023:14255,2023,25679,1462935,0.00351562340316417,361.0,True,False,-59.0,1,2023-10-16 05:59:00,-3.54902,105.58203,0,0,2,6
105.35567,-2.43961,2023-10-16 12:00:00,NASA,SNPP,Verified No fire,SUMSEL,14293,2023,2023:14293,2023,25717,1463787,0.0011109429764338823,361.0,True,False,-59.0,1,2023-10-16 05:59:00,-2.43961,105.35566,0,0,2,2
105.28288269,-2.64605737,2023-10-16 12:00:00,LAPAN,SNPP,Verified No fire,SUMSEL,14377,2023,2023:14377,2023,25801,1463760,0.09219955432213783,361.0,True,False,-59.0,1,2023-10-16 05:59:00,-2.64599,105.28371,0,0,0,0
105.75304,-3.80866,2023-10-16 12:00:00,NASA,SNPP,Fire inside Sitrep,SUMSEL,14390,2023,2023:14390,2023,25814,1462562,0.004970600537632171,361.0,True,False,-59.0,1,2023-10-16 05:59:00,-3.8087,105.75302,0,0,1,1
105.39107,-2.42984,2023-10-16 12:00:00,NASA,SNPP,Verified No fire,SUMSEL,14466,2023,2023:14466,2023,25890,1463788,0.002221902061384905,361.0,True,False,-59.0,1,2023-10-16 05:59:00,-2.42984,105.39105,0,0,0,0
105.3549118,-2.43962073,2023-10-16 12:00:00,LAPAN,SNPP,Verified No fire,SUMSEL,14472,2023,2023:14472,2023,25896,1463787,0.08312931582836068,361.0,True,False,-59.0,1,2023-10-16 05:59:00,-2.43961,105.35566,0,0,2,2
105.40937042,-3.29918194,2023-10-16 12:00:00,LAPAN,SNPP,Fire inside Sitrep,SUMSEL,14504,2023,2023:14504,2023,25928,1463222,0.08664520719416285,361.0,True,False,-59.0,1,2023-10-16 05:59:00,-3.29922,105.41015,0,0,4,14
105.49851,-2.55787,2023-10-16 12:00:00,NASA,SNPP,Verified Fire,SUMSEL,14517,2023,2023:14517,2023,25941,1463767,0.002484415938658461,361.0,True,False,-59.0,1,2023-10-16 05:59:00,-2.55786,105.49849,0,0,0,0
105.36411,-2.61017,2023-10-16 12:00:00,NASA,SNPP,Verified No fire,SUMSEL,14526,2023,2023:14526,2023,25950,1463763,0.00351301402895873,361.0,True,False,-59.0,1,2023-10-16 05:59:00,-2.61016,105.36408,0,0,1,1
105.39891815,-3.71085453,2023-10-16 12:00:00,LAPAN,SNPP,Fire inside Sitrep,SUMSEL,14534,2023,2023:14534,2023,25958,1462801,0.09123485882696128,361.0,True,False,-59.0,1,2023-10-16 05:59:00,-3.71083,105.39974,0,0,1,4
103.83913,-1.90077,2023-10-16 12:00:00,NASA,SNPP,Verified Fire,SUMSEL MUBA,14562,2023,2023:14562,2023,25986,1463917,0.009941212772186883,361.0,True,False,-59.0,1,2023-10-16 05:59:00,-1.90073,103.83905,0,0,2,2
105.40272522,-3.77132344,2023-10-16 12:00:00,LAPAN,SNPP,Fire inside Sitrep,SUMSEL,14574,2023,2023:14574,2023,25998,1462732,0.09165920734286061,361.0,True,False,-59.0,1,2023-10-16 05:59:00,-3.77137,105.40355,0,0,6,6
105.69404602,-3.5047009,2023-10-16 12:00:00,LAPAN,SNPP,Fire inside Sitrep,SUMSEL,14589,2023,2023:14589,2023,26013,1462952,0.08590777146543659,361.0,True,False,-59.0,1,2023-10-16 05:59:00,-3.50471,105.69482,0,0,2,2
105.6948,-3.50474,2023-10-16 12:00:00,NASA,SNPP,Fire inside Sitrep,SUMSEL,14591,2023,2023:14591,2023,26015,1462952,0.004006890003324698,361.0,True,False,-59.0,1,2023-10-16 05:59:00,-3.50471,105.69482,0,0,2,2
105.41015,-3.29918,2023-10-16 12:00:00,NASA,SNPP,Fire inside Sitrep,SUMSEL,14592,2023,2023:14592,2023,26016,1463222,0.00444780320937364,361.0,True,False,-59.0,1,2023-10-16 05:59:00,-3.29922,105.41015,0,0,4,14
105.58987,-3.82774,2023-10-16 12:00:00,NASA,SNPP,Fire inside Sitrep,SUMSEL,14616,2023,2023:14616,2023,26040,1462567,0.004970578522721631,361.0,True,False,-59.0,1,2023-10-16 05:59:00,-3.82778,105.58985,0,0,0,0
103.43797302,-2.24715424,2023-10-16 13:00:00,LAPAN,NOAA20,Verified No fire,SUMSEL MUBA,14632,2023,2023:14632,2023,26056,770885,0.08013656187770782,371.0,True,False,-49.0,1,2023-10-16 06:49:00,-2.24688,103.43864,0,0,0,1
102.64816284,-1.33983696,2023-10-16 13:00:00,LAPAN,NOAA20,Verified No fire,JAMBI SMF,14659,2023,2023:14659,2023,26083,770742,0.07414222326828013,371.0,True,False,-49.0,1,2023-10-16 06:49:00,-1.33954,102.64876,0,0,0,0
105.75127,-3.80571,2023-10-16 13:00:00,NASA,NOAA20,Fire inside Sitrep,SUMSEL,14727,2023,2023:14727,2023,26151,772322,0.0,371.0,True,False,-49.0,1,2023-10-16 06:49:00,-3.80571,105.75127,0,0,1,4
105.36682,-2.61033,2023-10-16 13:00:00,NASA,NOAA20,Verified No fire,SUMSEL,14733,2023,2023:14733,2023,26157,771025,0.0,371.0,True,False,-49.0,1,2023-10-16 06:49:00,-2.61033,105.36682,0,0,1,1
103.14622498,-2.42104387,2023-10-16 13:00:00,LAPAN,NOAA20,Verified No fire,SUMSEL MUBA,14748,2023,2023:14748,2023,26172,770904,0.05867221270138877,371.0,True,False,-49.0,1,2023-10-16 06:49:00,-2.42086,103.14672,0,0,0,0
102.64876,-1.33954,2023-10-16 13:00:00,NASA,NOAA20,Verified No fire,JAMBI SMF,14787,2023,2023:14787,2023,26211,770742,0.0,371.0,True,False,-49.0,1,2023-10-16 06:49:00,-1.33954,102.64876,0,0,0,0
105.39828,-3.6833,2023-10-16 13:00:00,NASA,NOAA20,Fire inside Sitrep,SUMSEL,14900,2023,2023:14900,2023,26324,772097,0.0,371.0,True,False,-49.0,1,2023-10-16 06:49:00,-3.6833,105.39828,0,0,0,0
105.46614,-3.78064,2023-10-16 13:00:00,NASA,NOAA20,Fire inside Sitrep,SUMSEL,14917,2023,2023:14917,2023,26341,772229,0.0,371.0,True,False,-49.0,1,2023-10-16 06:49:00,-3.78064,105.46614,0,0,0,0
105.39806366,-3.71400166,2023-10-16 13:00:00,LAPAN,NOAA20,Fire inside Sitrep,SUMSEL,14928,2023,2023:14928,2023,26352,772104,0.09845052998032158,371.0,True,False,-49.0,1,2023-10-16 06:49:00,-3.71377,105.39892,0,0,1,10
105.4654541,-3.78075314,2023-10-16 13:00:00,LAPAN,NOAA20,Fire inside Sitrep,SUMSEL,14940,2023,2023:14940,2023,26364,772229,0.07713557242650966,371.0,True,False,-49.0,1,2023-10-16 06:49:00,-3.78064,105.46614,0,0,0,0
105.54567,-3.86709,2023-10-16 13:00:00,NASA,NOAA20,Fire inside Sitrep,SUMSEL,14948,2023,2023:14948,2023,26372,772348,0.0,371.0,True,False,-49.0,1,2023-10-16 06:49:00,-3.86709,105.54567,0,0,0,2
103.34341,-2.55279,2023-10-16 13:00:00,NASA,NOAA20,Verified No fire,SUMSEL MUBA,14957,2023,2023:14957,2023,26381,770932,0.0,371.0,True,False,-49.0,1,2023-10-16 06:49:00,-2.55279,103.34341,0,0,0,0
103.09967,-2.28893,2023-10-16 13:00:00,NASA,NOAA20,Verified No fire,SUMSEL MUBA,14973,2023,2023:14973,2023,26397,770882,0.0,371.0,True,False,-49.0,1,2023-10-16 06:49:00,-2.28893,103.09967,0,0,0,0
103.34277344,-2.5530684,2023-10-16 13:00:00,LAPAN,NOAA20,Verified No fire,SUMSEL MUBA,14977,2023,2023:14977,2023,26401,770932,0.07719143358878727,371.0,True,False,-49.0,1,2023-10-16 06:49:00,-2.55279,103.34341,0,0,0,0
103.0990448,-2.28922319,2023-10-16 13:00:00,LAPAN,NOAA20,Verified No fire,SUMSEL MUBA,14982,2023,2023:14982,2023,26406,770882,0.07673361730262215,371.0,True,False,-49.0,1,2023-10-16 06:49:00,-2.28893,103.09967,0,0,0,0
105.60915,-3.5764,2023-10-16 13:00:00,NASA,NOAA20,Fire inside Sitrep,SUMSEL,15003,2023,2023:15003,2023,26427,772069,0.0,371.0,True,False,-49.0,1,2023-10-16 06:49:00,-3.5764,105.60915,0,0,0,9
105.64799,-3.51984,2023-10-16 13:00:00,NASA,NOAA20,Fire inside Sitrep,SUMSEL,15051,2023,2023:15051,2023,26475,772040,0.0,371.0,True,False,-49.0,1,2023-10-16 06:49:00,-3.51984,105.64799,0,0,2,2
105.73199,-3.62006,2023-10-16 13:00:00,NASA,NOAA20,Fire inside Sitrep,SUMSEL,15068,2023,2023:15068,2023,26492,772096,0.0,371.0,True,False,-49.0,1,2023-10-16 06:49:00,-3.62006,105.73199,0,0,1,1
105.66803,-3.54468,2023-10-16 13:00:00,NASA,NOAA20,Fire inside Sitrep,SUMSEL,15070,2023,2023:15070,2023,26494,772058,0.0,371.0,True,False,-49.0,1,2023-10-16 06:49:00,-3.54468,105.66803,0,0,3,21
103.07878113,-2.30779839,2023-10-16 13:00:00,LAPAN,NOAA20,Verified No fire,SUMSEL MUBA,15073,2023,2023:15073,2023,26497,770886,0.07687795646247862,371.0,True,False,-49.0,1,2023-10-16 06:49:00,-2.30751,103.07941,0,0,0,0
103.69474792,-2.39451051,2023-10-16 13:00:00,LAPAN,NOAA20,Verified No fire,SUMSEL MUBA,15074,2023,2023:15074,2023,26498,770911,0.06143648764516774,371.0,True,False,-49.0,1,2023-10-16 06:49:00,-2.39436,103.69528,0,0,0,4
105.39892,-3.71377,2023-10-16 13:00:00,NASA,NOAA20,Fire inside Sitrep,SUMSEL,15204,2023,2023:15204,2023,26628,772104,0.0,371.0,True,False,-49.0,1,2023-10-16 06:49:00,-3.71377,105.39892,0,0,1,10
103.69528,-2.39436,2023-10-16 13:00:00,NASA,NOAA20,Verified No fire,SUMSEL MUBA,15211,2023,2023:15211,2023,26635,770911,0.0,371.0,True,False,-49.0,1,2023-10-16 06:49:00,-2.39436,103.69528,0,0,0,4
103.26306152,-2.45308042,2023-10-16 13:00:00,LAPAN,NOAA20,Verified No fire,SUMSEL MUBA,15246,2023,2023:15246,2023,26670,770910,0.058530254517734186,371.0,True,False,-49.0,1,2023-10-16 06:49:00,-2.45291,103.26356,0,0,0,0
103.26356,-2.45291,2023-10-16 13:00:00,NASA,NOAA20,Verified No fire,SUMSEL MUBA,15249,2023,2023:15249,2023,26673,770910,0.0,371.0,True,False,-49.0,1,2023-10-16 06:49:00,-2.45291,103.26356,0,0,0,0
105.66731262,-3.54477811,2023-10-16 13:00:00,LAPAN,NOAA20,Fire inside Sitrep,SUMSEL,15336,2023,2023:15336,2023,26760,772058,0.08036045915362394,371.0,True,False,-49.0,1,2023-10-16 06:49:00,-3.54468,105.66803,0,0,3,21
105.60842896,-3.57650137,2023-10-16 13:00:00,LAPAN,NOAA20,Fire inside Sitrep,SUMSEL,15337,2023,2023:15337,2023,26761,772069,0.08080994683810869,371.0,True,False,-49.0,1,2023-10-16 06:49:00,-3.5764,105.60915,0,0,0,9
105.75056458,-3.80580401,2023-10-16 13:00:00,LAPAN,NOAA20,Fire inside Sitrep,SUMSEL,15354,2023,2023:15354,2023,26778,772322,0.07896126900076889,371.0,True,False,-49.0,1,2023-10-16 06:49:00,-3.80571,105.75127,0,0,1,4
103.14672,-2.42086,2023-10-16 13:00:00,NASA,NOAA20,Verified No fire,SUMSEL MUBA,15403,2023,2023:15403,2023,26827,770904,0.0,371.0,True,False,-49.0,1,2023-10-16 06:49:00,-2.42086,103.14672,0,0,0,0
103.07941,-2.30751,2023-10-16 13:00:00,NASA,NOAA20,Verified No fire,SUMSEL MUBA,15462,2023,2023:15462,2023,26886,770886,0.0,371.0,True,False,-49.0,1,2023-10-16 06:49:00,-2.30751,103.07941,0,0,0,0
103.43864,-2.24688,2023-10-16 13:00:00,NASA,NOAA20,Verified No fire,SUMSEL MUBA,15464,2023,2023:15464,2023,26888,770885,0.0,371.0,True,False,-49.0,1,2023-10-16 06:49:00,-2.24688,103.43864,0,0,0,1
105.39742279,-3.68353081,2023-10-16 13:00:00,LAPAN,NOAA20,Fire inside Sitrep,SUMSEL,15473,2023,2023:15473,2023,26897,772097,0.09852219953193314,371.0,True,False,-49.0,1,2023-10-16 06:49:00,-3.6833,105.39828,0,0,0,0
105.28894,-3.08629,2023-10-17 00:00:00,NASA,NOAA20,Fire inside Sitrep,SUMSEL,15602,2023,2023:15602,2023,27026,773081,0.0,369.0,True,False,-51.0,1,2023-10-16 17:51:00,-3.08629,105.28894,0,0,2,8
105.55891,-3.75935,2023-10-17 00:00:00,NASA,NOAA20,Fire inside Sitrep,SUMSEL,15615,2023,2023:15615,2023,27039,773200,0.0,369.0,True,False,-51.0,1,2023-10-16 17:51:00,-3.75935,105.55891,0,0,5,41
103.35958,-1.0214,2023-10-17 00:00:00,NASA,NOAA20,Verified No fire,JAMBI SMF,15629,2023,2023:15629,2023,27053,772868,0.0,370.0,True,False,-50.0,1,2023-10-16 17:50:00,-1.0214,103.35958,0,0,0,1
105.50268,-3.35216,2023-10-17 00:00:00,NASA,NOAA20,Fire inside Sitrep,SUMSEL,15666,2023,2023:15666,2023,27090,773301,0.0,369.0,True,False,-51.0,1,2023-10-16 17:51:00,-3.35216,105.50268,0,0,2,15
103.19633,-2.50243,2023-10-17 00:00:00,NASA,NOAA20,Verified No fire,SUMSEL MUBA,15695,2023,2023:15695,2023,27119,773125,0.0,369.0,True,False,-51.0,1,2023-10-16 17:51:00,-2.50243,103.19633,0,0,1,2
103.33726,-1.16604,2023-10-17 00:00:00,NASA,NOAA20,Verified No fire,JAMBI SMF,15710,2023,2023:15710,2023,27134,772821,0.0,370.0,True,False,-50.0,1,2023-10-16 17:50:00,-1.16604,103.33726,0,0,0,0
103.69793701,-2.392066,2023-10-17 01:00:00,LAPAN,SNPP,Verified No fire,SUMSEL MUBA,15726,2023,2023:15726,2023,27150,1464934,0.07151809738536938,379.0,True,False,-41.0,1,2023-10-16 18:41:00,-2.39233,103.69735,0,0,0,1
103.4451,-2.20873,2023-10-17 01:00:00,NASA,SNPP,Verified No fire,SUMSEL MUBA,15727,2023,2023:15727,2023,27151,1464865,0.0059874248860593395,379.0,True,False,-41.0,1,2023-10-16 18:41:00,-2.20878,103.44508,0,0,0,6
103.46573,-2.28855,2023-10-17 01:00:00,NASA,SNPP,Verified No fire,SUMSEL MUBA,15729,2023,2023:15729,2023,27153,1464926,0.007032033626444657,379.0,True,False,-41.0,1,2023-10-16 18:41:00,-2.28861,103.46571,0,0,0,4
103.69715,-2.39221,2023-10-17 01:00:00,NASA,SNPP,Verified No fire,SUMSEL MUBA,15730,2023,2023:15730,2023,27154,1464934,0.025918308580996453,379.0,True,False,-41.0,1,2023-10-16 18:41:00,-2.39233,103.69735,0,0,0,1
103.44562531,-2.20907164,2023-10-17 01:00:00,LAPAN,SNPP,Verified No fire,SUMSEL MUBA,15734,2023,2023:15734,2023,27158,1464865,0.06872315866934013,379.0,True,False,-41.0,1,2023-10-16 18:41:00,-2.20878,103.44508,0,0,0,6
103.58882904,-2.3005805,2023-10-17 01:00:00,LAPAN,SNPP,Verified No fire,SUMSEL MUBA,15744,2023,2023:15744,2023,27168,1464924,0.06533782377056764,379.0,True,False,-41.0,1,2023-10-16 18:41:00,-2.30037,103.58828,0,0,0,0
105.46472931,-2.54565406,2023-10-17 01:00:00,LAPAN,SNPP,Fire inside Sitrep,SUMSEL,15775,2023,2023:15775,2023,27199,1464873,0.07810593794785535,379.0,True,False,-41.0,1,2023-10-16 18:41:00,-2.54541,105.46407,0,0,0,6
105.43742,-3.64372,2023-10-17 01:00:00,NASA,SNPP,Fire inside Sitrep,SUMSEL,15794,2023,2023:15794,2023,27218,1464604,0.021223918252859353,379.0,True,False,-41.0,1,2023-10-16 18:41:00,-3.64358,105.43729,0,0,0,1
103.56913,-2.14551,2023-10-17 01:00:00,NASA,SNPP,Verified No fire,SUMSEL MUBA,15808,2023,2023:15808,2023,27232,1464852,0.016998110954010836,379.0,True,False,-41.0,1,2023-10-16 18:41:00,-2.14554,103.56898,0,0,0,0
103.19903,-2.50285,2023-10-17 01:00:00,NASA,SNPP,Verified No fire,SUMSEL MUBA,15811,2023,2023:15811,2023,27235,1464948,0.04075969136573853,379.0,True,False,-41.0,1,2023-10-16 18:41:00,-2.50296,103.19938,0,0,1,2
103.22673798,-2.56475472,2023-10-17 01:00:00,LAPAN,SNPP,Verified No fire,SUMSEL MUBA,15813,2023,2023:15813,2023,27237,1464957,0.05500852023898209,379.0,True,False,-41.0,1,2023-10-16 18:41:00,-2.56502,103.22632,0,0,0,2
105.46413,-2.54536,2023-10-17 01:00:00,NASA,SNPP,Verified Fire,SUMSEL,15846,2023,2023:15846,2023,27270,1464873,0.008679557527020909,379.0,True,False,-41.0,1,2023-10-16 18:41:00,-2.54541,105.46407,0,0,0,6
103.46626282,-2.28881741,2023-10-17 01:00:00,LAPAN,SNPP,Verified No fire,SUMSEL MUBA,15855,2023,2023:15855,2023,27279,1464926,0.06560900537570985,379.0,True,False,-41.0,1,2023-10-16 18:41:00,-2.28861,103.46571,0,0,0,4
103.45892334,-2.22932172,2023-10-17 01:00:00,LAPAN,SNPP,Verified No fire,SUMSEL MUBA,15856,2023,2023:15856,2023,27280,1464870,0.06750955979720395,379.0,True,False,-41.0,1,2023-10-16 18:41:00,-2.22905,103.45838,0,0,0,11
103.5883,-2.30031,2023-10-17 01:00:00,NASA,SNPP,Verified No fire,SUMSEL MUBA,15857,2023,2023:15857,2023,27281,1464924,0.007032027851801786,379.0,True,False,-41.0,1,2023-10-16 18:41:00,-2.30037,103.58828,0,0,0,0
105.43804169,-3.6439867,2023-10-17 01:00:00,LAPAN,SNPP,Fire inside Sitrep,SUMSEL,15877,2023,2023:15877,2023,27301,1464604,0.09488534640897077,379.0,True,False,-41.0,1,2023-10-16 18:41:00,-3.64358,105.43729,0,0,0,1
103.19979095,-2.50275421,2023-10-17 01:00:00,LAPAN,SNPP,Verified No fire,SUMSEL MUBA,15881,2023,2023:15881,2023,27305,1464948,0.05106595443272473,379.0,True,False,-41.0,1,2023-10-16 18:41:00,-2.50296,103.19938,0,0,1,2
103.22596,-2.56491,2023-10-17 01:00:00,NASA,SNPP,Verified No fire,SUMSEL MUBA,15887,2023,2023:15887,2023,27311,1464957,0.041818878021024325,379.0,True,False,-41.0,1,2023-10-16 18:41:00,-2.56502,103.22632,0,0,0,2
103.797,-2.10189,2023-10-17 01:00:00,NASA,SNPP,Verified No fire,SUMSEL MUBA,15903,2023,2023:15903,2023,27327,1464850,0.018628267321251522,379.0,True,False,-41.0,1,2023-10-16 18:41:00,-2.10184,103.79684,0,0,0,1
103.4584,-2.22899,2023-10-17 01:00:00,NASA,SNPP,Verified No fire,SUMSEL MUBA,15904,2023,2023:15904,2023,27328,1464870,0.007032062418875092,379.0,True,False,-41.0,1,2023-10-16 18:41:00,-2.22905,103.45838,0,0,0,11
105.66705,-3.54823,2023-10-17 12:00:00,NASA,SNPP,Fire inside Sitrep,SUMSEL,15977,2023,2023:15977,2023,27401,1466336,0.0015710294011710097,380.0,True,False,-40.0,1,2023-10-17 05:40:00,-3.54822,105.66704,0,0,8,23
105.49303,-3.73645,2023-10-17 12:00:00,NASA,SNPP,Fire inside Sitrep,SUMSEL,16002,2023,2023:16002,2023,27426,1466213,0.00948280939221416,380.0,True,False,-40.0,1,2023-10-17 05:40:00,-3.73642,105.49311,0,0,5,17
105.53867,-3.75292,2023-10-17 12:00:00,NASA,SNPP,Fire inside Sitrep,SUMSEL,16015,2023,2023:16015,2023,27439,1466191,0.012947022669344574,380.0,True,False,-40.0,1,2023-10-17 05:40:00,-3.75286,105.53877,0,0,3,21
105.39342,-3.767,2023-10-17 12:00:00,NASA,SNPP,Fire inside Sitrep,SUMSEL,16022,2023,2023:16022,2023,27446,1466196,0.012410505134221818,380.0,True,False,-40.0,1,2023-10-17 05:40:00,-3.76695,105.39352,0,0,5,8
105.89172,-3.846,2023-10-17 12:00:00,NASA,SNPP,Fire inside Sitrep,SUMSEL,16077,2023,2023:16077,2023,27501,1466760,0.0024819189873114423,380.0,True,False,-40.0,1,2023-10-17 05:40:00,-3.84599,105.89174,0,0,0,1
105.52151,-3.77456,2023-10-17 12:00:00,NASA,SNPP,Fire inside Sitrep,SUMSEL,16116,2023,2023:16116,2023,27540,1466174,0.014892502714007706,380.0,True,False,-40.0,1,2023-10-17 05:40:00,-3.7745,105.52163,0,0,4,9
105.5907,-3.01625,2023-10-17 12:00:00,NASA,SNPP,Fire inside Sitrep,SUMSEL,16150,2023,2023:16150,2023,27574,1466506,0.0022208207256340356,380.0,True,False,-40.0,1,2023-10-17 05:40:00,-3.01625,105.59072,0,0,9,32
105.45386,-3.31188,2023-10-17 12:00:00,NASA,SNPP,Fire inside Sitrep,SUMSEL,16159,2023,2023:16159,2023,27583,1466167,0.002220187375442968,380.0,True,False,-40.0,1,2023-10-17 05:40:00,-3.31188,105.45388,0,0,1,1
103.10081,-2.43745,2023-10-17 13:00:00,NASA,NOAA20,Verified No fire,SUMSEL MUBA,16206,2023,2023:16206,2023,27630,776705,0.0,390.0,True,False,-30.0,1,2023-10-17 06:30:00,-2.43745,103.10081,0,0,0,0
105.50819,-3.34084,2023-10-17 13:00:00,NASA,NOAA20,Fire inside Sitrep,SUMSEL,16214,2023,2023:16214,2023,27638,775772,0.0,390.0,True,False,-30.0,1,2023-10-17 06:30:00,-3.34084,105.50819,0,0,0,4
105.78291,-3.76398,2023-10-17 13:00:00,NASA,NOAA20,Fire inside Sitrep,SUMSEL,16218,2023,2023:16218,2023,27642,775114,0.0,390.0,True,False,-30.0,1,2023-10-17 06:30:00,-3.76398,105.78291,0,0,0,0
105.58739471,-3.82865047,2023-10-17 13:00:00,LAPAN,NOAA20,Fire inside Sitrep,SUMSEL,16262,2023,2023:16262,2023,27686,775103,0.06745394893074774,390.0,True,False,-30.0,1,2023-10-17 06:30:00,-3.82826,105.58786,0,0,0,0
103.2272,-2.56449,2023-10-17 13:00:00,NASA,NOAA20,Verified No fire,SUMSEL MUBA,16272,2023,2023:16272,2023,27696,776652,0.0,390.0,True,False,-30.0,1,2023-10-17 06:30:00,-2.56449,103.2272,0,0,0,2
103.1724,-2.53189,2023-10-17 13:00:00,NASA,NOAA20,Verified No fire,SUMSEL MUBA,16273,2023,2023:16273,2023,27697,776684,0.0,390.0,True,False,-30.0,1,2023-10-17 06:30:00,-2.53189,103.1724,0,0,0,0
103.42167,-2.28064,2023-10-17 13:00:00,NASA,NOAA20,Verified No fire,SUMSEL MUBA,16276,2023,2023:16276,2023,27700,776723,0.0,390.0,True,False,-30.0,1,2023-10-17 06:30:00,-2.28064,103.42167,0,0,0,3
103.13924,-2.45551,2023-10-17 13:00:00,NASA,NOAA20,Verified No fire,SUMSEL MUBA,16291,2023,2023:16291,2023,27715,776701,0.0,390.0,True,False,-30.0,1,2023-10-17 06:30:00,-2.45551,103.13924,0,0,2,2
105.75738525,-3.32003665,2023-10-17 13:00:00,LAPAN,NOAA20,Fire inside Sitrep,SUMSEL,16296,2023,2023:16296,2023,27720,775754,0.06818895014711575,390.0,True,False,-30.0,1,2023-10-17 06:30:00,-3.31966,105.75787,0,0,0,1
105.63148499,-3.24461389,2023-10-17 13:00:00,LAPAN,NOAA20,Verified Fire,SUMSEL,16315,2023,2023:16315,2023,27739,775907,0.0513667196125867,390.0,True,False,-30.0,1,2023-10-17 06:30:00,-3.24433,105.63185,0,0,0,0
105.66119,-3.9498,2023-10-17 13:00:00,NASA,NOAA20,Fire inside Sitrep,SUMSEL,16364,2023,2023:16364,2023,27788,775044,0.0,390.0,True,False,-30.0,1,2023-10-17 06:30:00,-3.9498,105.66119,0,0,0,0
105.47608185,-3.69591045,2023-10-17 13:00:00,LAPAN,NOAA20,Fire inside Sitrep,SUMSEL,16389,2023,2023:16389,2023,27813,775314,0.056278825344340644,390.0,True,False,-30.0,1,2023-10-17 06:30:00,-3.69561,105.47649,0,0,0,0
105.47649,-3.69561,2023-10-17 13:00:00,NASA,NOAA20,Fire inside Sitrep,SUMSEL,16420,2023,2023:16420,2023,27844,775314,0.0,390.0,True,False,-30.0,1,2023-10-17 06:30:00,-3.69561,105.47649,0,0,0,0
105.82358551,-3.74420762,2023-10-17 13:00:00,LAPAN,NOAA20,Fire inside Sitrep,SUMSEL,16487,2023,2023:16487,2023,27911,775127,0.06804103528518111,390.0,True,False,-30.0,1,2023-10-17 06:30:00,-3.74382,105.82406,0,0,0,0
105.62212372,-3.91130066,2023-10-17 13:00:00,LAPAN,NOAA20,Fire inside Sitrep,SUMSEL,16488,2023,2023:16488,2023,27912,775062,0.0519198972312038,390.0,True,False,-30.0,1,2023-10-17 06:30:00,-3.91101,105.62249,0,0,0,0
103.30690765,-2.52896237,2023-10-17 13:00:00,LAPAN,NOAA20,Verified No fire,SUMSEL MUBA,16493,2023,2023:16493,2023,27917,776671,0.0577910325200174,390.0,True,False,-30.0,1,2023-10-17 06:30:00,-2.52858,103.30726,0,0,0,0
105.69603729,-3.496737,2023-10-17 13:00:00,LAPAN,NOAA20,Fire inside Sitrep,SUMSEL,16508,2023,2023:16508,2023,27932,775475,0.050688151000057184,390.0,True,False,-30.0,1,2023-10-17 06:30:00,-3.49646,105.6964,0,0,0,3
103.13880157,-2.45599794,2023-10-17 13:00:00,LAPAN,NOAA20,Verified No fire,SUMSEL MUBA,16529,2023,2023:16529,2023,27953,776701,0.0729115393885278,390.0,True,False,-30.0,1,2023-10-17 06:30:00,-2.45551,103.13924,0,0,2,2
103.19650269,-2.5047648,2023-10-17 13:00:00,LAPAN,NOAA20,Verified No fire,SUMSEL MUBA,16530,2023,2023:16530,2023,27954,776691,0.05836393184035442,390.0,True,False,-30.0,1,2023-10-17 06:30:00,-2.50438,103.19686,0,0,0,3
105.65984344,-3.14203835,2023-10-17 13:00:00,LAPAN,NOAA20,Fire inside Sitrep,SUMSEL,16535,2023,2023:16535,2023,27959,775995,0.0675985553335973,390.0,True,False,-30.0,1,2023-10-17 06:30:00,-3.14166,105.66032,0,0,0,0
103.10034943,-2.43793893,2023-10-17 13:00:00,LAPAN,NOAA20,Verified No fire,SUMSEL MUBA,16538,2023,2023:16538,2023,27962,776705,0.07465766576961679,390.0,True,False,-30.0,1,2023-10-17 06:30:00,-2.43745,103.10081,0,0,0,0
105.45163727,-3.30993772,2023-10-17 13:00:00,LAPAN,NOAA20,Fire inside Sitrep,SUMSEL,16555,2023,2023:16555,2023,27979,775833,0.05142905048738985,390.0,True,False,-30.0,1,2023-10-17 06:30:00,-3.30965,105.452,0,0,1,1
105.41096,-3.30217,2023-10-17 13:00:00,NASA,NOAA20,Fire inside Sitrep,SUMSEL,16557,2023,2023:16557,2023,27981,775862,0.0,390.0,True,False,-30.0,1,2023-10-17 06:30:00,-3.30217,105.41096,0,0,0,8
105.6964,-3.49646,2023-10-17 13:00:00,NASA,NOAA20,Fire inside Sitrep,SUMSEL,16583,2023,2023:16583,2023,28007,775475,0.0,390.0,True,False,-30.0,1,2023-10-17 06:30:00,-3.49646,105.6964,0,0,0,3
105.2886,-3.12079,2023-10-17 13:00:00,NASA,NOAA20,Fire inside Sitrep,SUMSEL,16610,2023,2023:16610,2023,28034,776121,0.0,390.0,True,False,-30.0,1,2023-10-17 06:30:00,-3.12079,105.2886,0,0,0,3
105.6841,-3.51212,2023-10-17 13:00:00,NASA,NOAA20,Fire inside Sitrep,SUMSEL,16618,2023,2023:16618,2023,28042,775463,0.0,390.0,True,False,-30.0,1,2023-10-17 06:30:00,-3.51212,105.6841,0,0,0,0
105.25059,-3.01791,2023-10-17 13:00:00,NASA,NOAA20,Fire inside Sitrep,SUMSEL,16655,2023,2023:16655,2023,28079,776296,0.0,390.0,True,False,-30.0,1,2023-10-17 06:30:00,-3.01791,105.25059,0,0,0,6
105.77474976,-3.61894369,2023-10-17 13:00:00,LAPAN,NOAA20,Fire inside Sitrep,SUMSEL,16677,2023,2023:16677,2023,28101,775339,0.051799673115540214,390.0,True,False,-30.0,1,2023-10-17 06:30:00,-3.61866,105.77512,0,0,1,5
105.66082764,-3.9500854,2023-10-17 13:00:00,LAPAN,NOAA20,Fire inside Sitrep,SUMSEL,16708,2023,2023:16708,2023,28132,775044,0.051214342904995935,390.0,True,False,-30.0,1,2023-10-17 06:30:00,-3.9498,105.66119,0,0,0,0
105.41060638,-3.30246329,2023-10-17 13:00:00,LAPAN,NOAA20,Fire inside Sitrep,SUMSEL,16738,2023,2023:16738,2023,28162,775862,0.05103493075831043,390.0,True,False,-30.0,1,2023-10-17 06:30:00,-3.30217,105.41096,0,0,0,8
105.77512,-3.61866,2023-10-17 13:00:00,NASA,NOAA20,Fire inside Sitrep,SUMSEL,16743,2023,2023:16743,2023,28167,775339,0.0,390.0,True,False,-30.0,1,2023-10-17 06:30:00,-3.61866,105.77512,0,0,1,5
105.28823853,-3.12108135,2023-10-17 13:00:00,LAPAN,NOAA20,Fire inside Sitrep,SUMSEL,16749,2023,2023:16749,2023,28173,776121,0.05157798997202046,390.0,True,False,-30.0,1,2023-10-17 06:30:00,-3.12079,105.2886,0,0,0,3
105.54400635,-3.71296287,2023-10-17 13:00:00,LAPAN,NOAA20,Fire inside Sitrep,SUMSEL,16783,2023,2023:16783,2023,28207,775258,0.05099439755815029,390.0,True,False,-30.0,1,2023-10-17 06:30:00,-3.71267,105.54436,0,0,0,3
105.54436,-3.71267,2023-10-17 13:00:00,NASA,NOAA20,Fire inside Sitrep,SUMSEL,16789,2023,2023:16789,2023,28213,775258,0.0,390.0,True,False,-30.0,1,2023-10-17 06:30:00,-3.71267,105.54436,0,0,0,3
105.42954,-3.76786,2023-10-17 13:00:00,NASA,NOAA20,Fire inside Sitrep,SUMSEL,16793,2023,2023:16793,2023,28217,775203,0.0,390.0,True,False,-30.0,1,2023-10-17 06:30:00,-3.76786,105.42954,0,0,0,0
105.81477,-3.77982,2023-10-17 13:00:00,NASA,NOAA20,Fire inside Sitrep,SUMSEL,16799,2023,2023:16799,2023,28223,775105,0.0,390.0,True,False,-30.0,1,2023-10-17 06:30:00,-3.77982,105.81477,0,0,0,0
105.81430054,-3.78020358,2023-10-17 13:00:00,LAPAN,NOAA20,Fire inside Sitrep,SUMSEL,16831,2023,2023:16831,2023,28255,775105,0.06732294491044404,390.0,True,False,-30.0,1,2023-10-17 06:30:00,-3.77982,105.81477,0,0,0,0
105.53636169,-3.73472571,2023-10-17 13:00:00,LAPAN,NOAA20,Fire inside Sitrep,SUMSEL,16859,2023,2023:16859,2023,28283,775223,0.051593292792957365,390.0,True,False,-30.0,1,2023-10-17 06:30:00,-3.73443,105.53672,0,0,0,6
103.17203522,-2.53227925,2023-10-17 13:00:00,LAPAN,NOAA20,Verified No fire,SUMSEL MUBA,16879,2023,2023:16879,2023,28303,776684,0.059291099875352214,390.0,True,False,-30.0,1,2023-10-17 06:30:00,-2.53189,103.1724,0,0,0,0
103.30726,-2.52858,2023-10-17 13:00:00,NASA,NOAA20,Verified No fire,SUMSEL MUBA,16882,2023,2023:16882,2023,28306,776671,0.0,390.0,True,False,-30.0,1,2023-10-17 06:30:00,-2.52858,103.30726,0,0,0,0
105.452,-3.30965,2023-10-17 13:00:00,NASA,NOAA20,Fire inside Sitrep,SUMSEL,16909,2023,2023:16909,2023,28333,775833,0.0,390.0,True,False,-30.0,1,2023-10-17 06:30:00,-3.30965,105.452,0,0,1,1
103.19686,-2.50438,2023-10-17 13:00:00,NASA,NOAA20,Verified No fire,SUMSEL MUBA,16949,2023,2023:16949,2023,28373,776691,0.0,390.0,True,False,-30.0,1,2023-10-17 06:30:00,-2.50438,103.19686,0,0,0,3
105.75787,-3.31966,2023-10-17 13:00:00,NASA,NOAA20,Fire inside Sitrep,SUMSEL,16958,2023,2023:16958,2023,28382,775754,0.0,390.0,True,False,-30.0,1,2023-10-17 06:30:00,-3.31966,105.75787,0,0,0,1
105.42918396,-3.76815867,2023-10-17 13:00:00,LAPAN,NOAA20,Fire inside Sitrep,SUMSEL,16973,2023,2023:16973,2023,28397,775203,0.05160946809504657,390.0,True,False,-30.0,1,2023-10-17 06:30:00,-3.76786,105.42954,0,0,0,0
105.53672,-3.73443,2023-10-17 13:00:00,NASA,NOAA20,Fire inside Sitrep,SUMSEL,16977,2023,2023:16977,2023,28401,775223,0.0,390.0,True,False,-30.0,1,2023-10-17 06:30:00,-3.73443,105.53672,0,0,0,6
105.63185,-3.24433,2023-10-17 13:00:00,NASA,NOAA20,Fire inside Sitrep,SUMSEL,17001,2023,2023:17001,2023,28425,775907,0.0,390.0,True,False,-30.0,1,2023-10-17 06:30:00,-3.24433,105.63185,0,0,0,0
105.68373871,-3.51240492,2023-10-17 13:00:00,LAPAN,NOAA20,Fire inside Sitrep,SUMSEL,17016,2023,2023:17016,2023,28440,775463,0.051103785792881204,390.0,True,False,-30.0,1,2023-10-17 06:30:00,-3.51212,105.6841,0,0,0,0
105.69829559,-3.57735562,2023-10-17 13:00:00,LAPAN,NOAA20,Fire inside Sitrep,SUMSEL,17018,2023,2023:17018,2023,28442,775390,0.06790109966558178,390.0,True,False,-30.0,1,2023-10-17 06:30:00,-3.57697,105.69877,0,0,0,0
103.22684479,-2.5648694,2023-10-17 13:00:00,LAPAN,NOAA20,Verified No fire,SUMSEL MUBA,17034,2023,2023:17034,2023,28458,776652,0.0577643046143066,390.0,True,False,-30.0,1,2023-10-17 06:30:00,-2.56449,103.2272,0,0,0,2
103.62621,-1.37779,2023-10-17 13:00:00,NASA,Aqua,Verified No fire,JAMBI SMF,17035,2023,2023:17035,2023,28459,132727,0.09007487465113252,398.0,True,False,-22.0,1,2023-10-17 06:22:00,-1.3786,103.6262,0,0,0,0
105.82406,-3.74382,2023-10-17 13:00:00,NASA,NOAA20,Fire inside Sitrep,SUMSEL,17044,2023,2023:17044,2023,28468,775127,0.0,390.0,True,False,-30.0,1,2023-10-17 06:30:00,-3.74382,105.82406,0,0,0,0
105.62249,-3.91101,2023-10-17 13:00:00,NASA,NOAA20,Fire inside Sitrep,SUMSEL,17045,2023,2023:17045,2023,28469,775062,0.0,390.0,True,False,-30.0,1,2023-10-17 06:30:00,-3.91101,105.62249,0,0,0,0
105.60125732,-3.31127858,2023-10-17 13:00:00,LAPAN,NOAA20,Fire inside Sitrep,SUMSEL,17051,2023,2023:17051,2023,28475,775812,0.05079860463603248,390.0,True,False,-30.0,1,2023-10-17 06:30:00,-3.311,105.60162,0,0,0,7
105.60162,-3.311,2023-10-17 13:00:00,NASA,NOAA20,Fire inside Sitrep,SUMSEL,17053,2023,2023:17053,2023,28477,775812,0.0,390.0,True,False,-30.0,1,2023-10-17 06:30:00,-3.311,105.60162,0,0,0,7
105.58786,-3.82826,2023-10-17 13:00:00,NASA,NOAA20,Fire inside Sitrep,SUMSEL,17068,2023,2023:17068,2023,28492,775103,0.0,390.0,True,False,-30.0,1,2023-10-17 06:30:00,-3.82826,105.58786,0,0,0,0
105.5549,-3.85044,2023-10-17 13:00:00,NASA,NOAA20,Fire inside Sitrep,SUMSEL,17069,2023,2023:17069,2023,28493,775092,0.0,390.0,True,False,-30.0,1,2023-10-17 06:30:00,-3.85044,105.5549,0,0,0,0
105.2501297,-3.01831222,2023-10-17 13:00:00,LAPAN,NOAA20,Fire inside Sitrep,SUMSEL,17072,2023,2023:17072,2023,28496,776296,0.06791731938194351,390.0,True,False,-30.0,1,2023-10-17 06:30:00,-3.01791,105.25059,0,0,0,6
103.42131805,-2.28100944,2023-10-17 13:00:00,LAPAN,NOAA20,Verified No fire,SUMSEL MUBA,17086,2023,2023:17086,2023,28510,776723,0.05671587105575862,390.0,True,False,-30.0,1,2023-10-17 06:30:00,-2.28064,103.42167,0,0,0,3
105.55444336,-3.8508358,2023-10-17 13:00:00,LAPAN,NOAA20,Fire inside Sitrep,SUMSEL,17101,2023,2023:17101,2023,28525,775092,0.06710854106091803,390.0,True,False,-30.0,1,2023-10-17 06:30:00,-3.85044,105.5549,0,0,0,0
105.69877,-3.57697,2023-10-17 13:00:00,NASA,NOAA20,Fire inside Sitrep,SUMSEL,17129,2023,2023:17129,2023,28553,775390,0.0,390.0,True,False,-30.0,1,2023-10-17 06:30:00,-3.57697,105.69877,0,0,0,0
105.66032,-3.14166,2023-10-17 13:00:00,NASA,NOAA20,Verified Fire,SUMSEL,17137,2023,2023:17137,2023,28561,775995,0.0,390.0,True,False,-30.0,1,2023-10-17 06:30:00,-3.14166,105.66032,0,0,0,0
105.78244781,-3.76436067,2023-10-17 13:00:00,LAPAN,NOAA20,Fire inside Sitrep,SUMSEL,17141,2023,2023:17141,2023,28565,775114,0.06649508225242928,390.0,True,False,-30.0,1,2023-10-17 06:30:00,-3.76398,105.78291,0,0,0,0
105.7713,-3.61765,2023-10-17 14:00:00,NASA,SNPP,Fire inside Sitrep,SUMSEL,17181,2023,2023:17181,2023,28605,1467127,0.0035155971366874535,400.0,True,False,-20.0,1,2023-10-17 07:20:00,-3.61762,105.77131,0,0,1,8
103.24787,-2.48575,2023-10-17 14:00:00,NASA,SNPP,Verified No fire,SUMSEL MUBA,17182,2023,2023:17182,2023,28606,1467289,0.002484526068618673,399.0,True,False,-21.0,1,2023-10-17 07:21:00,-2.48576,103.24789,0,0,3,4
103.44781,-2.26713,2023-10-17 14:00:00,NASA,SNPP,Verified No fire,SUMSEL MUBA,17183,2023,2023:17183,2023,28607,1467296,0.004715761758494438,399.0,True,False,-21.0,1,2023-10-17 07:21:00,-2.2671,103.44778,0,0,4,8
105.78452,-3.57769,2023-10-17 14:00:00,NASA,SNPP,Fire inside Sitrep,SUMSEL,17184,2023,2023:17184,2023,28608,1467134,0.014469975736431103,400.0,True,False,-20.0,1,2023-10-17 07:20:00,-3.5777,105.78439,0,0,8,32
105.61357,-3.57088,2023-10-17 14:00:00,NASA,SNPP,Fire inside Sitrep,SUMSEL,17191,2023,2023:17191,2023,28615,1467131,0.004584167497475356,400.0,True,False,-20.0,1,2023-10-17 07:20:00,-3.57084,105.61358,0,0,10,13
105.52056,-3.32254,2023-10-17 14:00:00,NASA,SNPP,Fire inside Sitrep,SUMSEL,17193,2023,2023:17193,2023,28617,1467179,0.029392739686244646,400.0,True,False,-20.0,1,2023-10-17 07:20:00,-3.32249,105.52082,0,0,0,0
105.69976,-3.55738,2023-10-18 00:00:00,NASA,NOAA20,Fire inside Sitrep,SUMSEL,17227,2023,2023:17227,2023,28651,777255,0.0,388.0,True,False,-32.0,1,2023-10-17 17:32:00,-3.55738,105.69976,0,0,0,0
105.63795,-3.09361,2023-10-18 00:00:00,NASA,NOAA20,Fire inside Sitrep,SUMSEL,17248,2023,2023:17248,2023,28672,777304,0.0,388.0,True,False,-32.0,1,2023-10-17 17:32:00,-3.09361,105.63795,0,0,3,8
105.32874,-3.10034,2023-10-18 00:00:00,NASA,NOAA20,Fire inside Sitrep,SUMSEL,17317,2023,2023:17317,2023,28741,777174,0.0,388.0,True,False,-32.0,1,2023-10-17 17:32:00,-3.10034,105.32874,0,0,2,8
103.46907043,-2.29066586,2023-10-18 01:00:00,LAPAN,SNPP,Verified No fire,SUMSEL MUBA,17354,2023,2023:17354,2023,28778,1467684,0.0703029245730381,398.0,True,False,-22.0,1,2023-10-17 18:22:00,-2.29072,103.46844,0,0,0,5
105.74822235,-3.81692624,2023-10-18 01:00:00,LAPAN,SNPP,Fire inside Sitrep,SUMSEL,17362,2023,2023:17362,2023,28786,1468246,0.0701981393947586,397.0,True,False,-23.0,1,2023-10-17 18:23:00,-3.81657,105.7477,0,0,0,3
105.74773,-3.81658,2023-10-18 01:00:00,NASA,SNPP,Fire inside Sitrep,SUMSEL,17363,2023,2023:17363,2023,28787,1468246,0.0035092795337083086,397.0,True,False,-23.0,1,2023-10-17 18:23:00,-3.81657,105.7477,0,0,0,3
105.40924072,-3.30073237,2023-10-18 01:00:00,LAPAN,SNPP,Fire inside Sitrep,SUMSEL,17380,2023,2023:17380,2023,28804,1468687,0.08473139092511343,397.0,True,False,-23.0,1,2023-10-17 18:23:00,-3.30087,105.40849,0,0,0,4
103.45581055,-2.27800989,2023-10-18 01:00:00,LAPAN,SNPP,Verified No fire,SUMSEL MUBA,17390,2023,2023:17390,2023,28814,1467683,0.06806495555815549,398.0,True,False,-22.0,1,2023-10-17 18:22:00,-2.27806,103.4552,0,0,0,2
103.46826,-2.29066,2023-10-18 01:00:00,NASA,SNPP,Verified No fire,SUMSEL MUBA,17391,2023,2023:17391,2023,28815,1467684,0.021082610436659068,398.0,True,False,-22.0,1,2023-10-17 18:22:00,-2.29072,103.46844,0,0,0,5
103.29155,-2.47211,2023-10-18 01:00:00,NASA,SNPP,Verified No fire,SUMSEL MUBA,17403,2023,2023:17403,2023,28827,1467703,0.004447803209373062,398.0,True,False,-22.0,1,2023-10-17 18:22:00,-2.47207,103.29155,0,0,0,5
105.60998535,-3.30842948,2023-10-18 01:00:00,LAPAN,SNPP,Fire inside Sitrep,SUMSEL,17413,2023,2023:17413,2023,28837,1468688,0.084915363953643,397.0,True,False,-23.0,1,2023-10-17 18:23:00,-3.30855,105.60923,0,0,0,1
105.60925,-3.30852,2023-10-18 01:00:00,NASA,SNPP,Fire inside Sitrep,SUMSEL,17414,2023,2023:17414,2023,28838,1468688,0.004007140696127484,397.0,True,False,-23.0,1,2023-10-17 18:23:00,-3.30855,105.60923,0,0,0,1
105.76290894,-3.39995074,2023-10-18 01:00:00,LAPAN,SNPP,Fire inside Sitrep,SUMSEL,17447,2023,2023:17447,2023,28871,1468629,0.06587215622546691,397.0,True,False,-23.0,1,2023-10-17 18:23:00,-3.39963,105.76241,0,0,1,1
105.46294,-2.54458,2023-10-18 01:00:00,NASA,SNPP,Fire inside Sitrep,SUMSEL,17459,2023,2023:17459,2023,28883,1467584,0.012269887210753517,398.0,True,False,-22.0,1,2023-10-17 18:22:00,-2.54457,105.46305,0,0,0,1
105.38217926,-3.67852259,2023-10-18 01:00:00,LAPAN,SNPP,Fire inside Sitrep,SUMSEL,17582,2023,2023:17582,2023,29006,1468331,0.08773953222557003,397.0,True,False,-23.0,1,2023-10-17 18:23:00,-3.67857,105.38139,0,0,0,0
105.38144,-3.67858,2023-10-18 01:00:00,NASA,SNPP,Fire inside Sitrep,SUMSEL,17583,2023,2023:17583,2023,29007,1468331,0.00565862685635483,397.0,True,False,-23.0,1,2023-10-17 18:23:00,-3.67857,105.38139,0,0,0,0
105.397,-3.76181,2023-10-18 01:00:00,NASA,SNPP,Fire inside Sitrep,SUMSEL,17599,2023,2023:17599,2023,29023,1468250,0.0035094794094347216,397.0,True,False,-23.0,1,2023-10-17 18:23:00,-3.7618,105.39697,0,0,0,6
105.60752,-3.73103,2023-10-18 01:00:00,NASA,SNPP,Fire inside Sitrep,SUMSEL,17622,2023,2023:17622,2023,29046,1468326,0.005658304402962305,397.0,True,False,-23.0,1,2023-10-17 18:23:00,-3.73102,105.60747,0,0,0,2
105.55892944,-3.68236375,2023-10-18 01:00:00,LAPAN,SNPP,Fire inside Sitrep,SUMSEL,17633,2023,2023:17633,2023,29057,1468343,0.08764922670692958,397.0,True,False,-23.0,1,2023-10-17 18:23:00,-3.68239,105.55814,0,0,0,0
105.51870728,-3.78111935,2023-10-18 01:00:00,LAPAN,SNPP,Fire inside Sitrep,SUMSEL,17637,2023,2023:17637,2023,29061,1468249,0.06993344026025308,397.0,True,False,-23.0,1,2023-10-17 18:23:00,-3.78076,105.51819,0,0,0,7
105.55819,-3.6824,2023-10-18 01:00:00,NASA,SNPP,Fire inside Sitrep,SUMSEL,17638,2023,2023:17638,2023,29062,1468343,0.005658603524242377,397.0,True,False,-23.0,1,2023-10-17 18:23:00,-3.68239,105.55814,0,0,0,0
105.51822,-3.78077,2023-10-18 01:00:00,NASA,SNPP,Fire inside Sitrep,SUMSEL,17644,2023,2023:17644,2023,29068,1468249,0.0035094105430256194,397.0,True,False,-23.0,1,2023-10-17 18:23:00,-3.78076,105.51819,0,0,0,7
105.38161469,-2.41339135,2023-10-18 01:00:00,LAPAN,SNPP,Verified No fire,SUMSEL,17647,2023,2023:17647,2023,29071,1467595,0.08839177876518073,398.0,True,False,-22.0,1,2023-10-17 18:22:00,-2.41343,105.38082,0,0,0,0
105.69908905,-3.49120283,2023-10-18 01:00:00,LAPAN,SNPP,Fire inside Sitrep,SUMSEL,17649,2023,2023:17649,2023,29073,1468516,0.07658838001606039,397.0,True,False,-23.0,1,2023-10-17 18:23:00,-3.49124,105.6984,0,0,0,1
105.61673737,-3.58679223,2023-10-18 01:00:00,LAPAN,SNPP,Fire inside Sitrep,SUMSEL,17650,2023,2023:17650,2023,29074,1468372,0.06791917993637399,397.0,True,False,-23.0,1,2023-10-17 18:23:00,-3.58641,105.61626,0,0,0,2
103.44450378,-2.19992089,2023-10-18 01:00:00,LAPAN,SNPP,Verified No fire,SUMSEL MUBA,17659,2023,2023:17659,2023,29083,1467589,0.057889853394837806,398.0,True,False,-22.0,1,2023-10-17 18:22:00,-2.19958,103.44411,0,0,0,6
105.38087,-2.41348,2023-10-18 01:00:00,NASA,SNPP,Verified No fire,SUMSEL,17671,2023,2023:17671,2023,29095,1467595,0.007859193078836433,398.0,True,False,-22.0,1,2023-10-17 18:22:00,-2.41343,105.38082,0,0,0,0
103.45501,-2.278,2023-10-18 01:00:00,NASA,SNPP,Verified No fire,SUMSEL MUBA,17722,2023,2023:17722,2023,29146,1467683,0.022139541852282982,398.0,True,False,-22.0,1,2023-10-17 18:22:00,-2.27806,103.4552,0,0,0,2
105.72552,-3.86777,2023-10-18 01:00:00,NASA,SNPP,Fire inside Sitrep,SUMSEL,17723,2023,2023:17723,2023,29147,1468238,0.005657442322525186,397.0,True,False,-23.0,1,2023-10-17 18:23:00,-3.86776,105.72547,0,0,0,2
105.61626,-3.58645,2023-10-18 01:00:00,NASA,SNPP,Fire inside Sitrep,SUMSEL,17739,2023,2023:17739,2023,29163,1468372,0.0044478032092624895,397.0,True,False,-23.0,1,2023-10-17 18:23:00,-3.58641,105.61626,0,0,0,2
105.46343994,-2.54486322,2023-10-18 01:00:00,LAPAN,SNPP,Fire inside Sitrep,SUMSEL,17745,2023,2023:17745,2023,29169,1467584,0.05421617524901208,398.0,True,False,-22.0,1,2023-10-17 18:22:00,-2.54457,105.46305,0,0,0,1
105.60825348,-3.73094773,2023-10-18 01:00:00,LAPAN,SNPP,Fire inside Sitrep,SUMSEL,17795,2023,2023:17795,2023,29219,1468326,0.08730510890669838,397.0,True,False,-23.0,1,2023-10-17 18:23:00,-3.73102,105.60747,0,0,0,2
105.40851,-3.30084,2023-10-18 01:00:00,NASA,SNPP,Fire inside Sitrep,SUMSEL,17839,2023,2023:17839,2023,29263,1468687,0.004007150217180802,397.0,True,False,-23.0,1,2023-10-17 18:23:00,-3.30087,105.40849,0,0,0,4
105.72600555,-3.86806464,2023-10-18 01:00:00,LAPAN,SNPP,Verified Fire,SUMSEL,17843,2023,2023:17843,2023,29267,1468238,0.06839303947794108,397.0,True,False,-23.0,1,2023-10-17 18:23:00,-3.86776,105.72547,0,0,0,2
105.76242,-3.39962,2023-10-18 01:00:00,NASA,SNPP,Fire inside Sitrep,SUMSEL,17845,2023,2023:17845,2023,29269,1468629,0.0015711528538601878,397.0,True,False,-23.0,1,2023-10-17 18:23:00,-3.39963,105.76241,0,0,1,1
105.39431,-3.71443057,2023-10-18 01:00:00,LAPAN,SNPP,Fire inside Sitrep,SUMSEL,17846,2023,2023:17846,2023,29270,1468309,0.0881034043685994,397.0,True,False,-23.0,1,2023-10-17 18:23:00,-3.71451,105.39352,0,0,0,12
103.29237366,-2.47211909,2023-10-18 01:00:00,LAPAN,SNPP,Verified No fire,SUMSEL MUBA,17857,2023,2023:17857,2023,29281,1467703,0.09166437593432407,398.0,True,False,-22.0,1,2023-10-17 18:22:00,-2.47207,103.29155,0,0,0,5
103.44398,-2.19958,2023-10-18 01:00:00,NASA,SNPP,Verified No fire,SUMSEL MUBA,17859,2023,2023:17859,2023,29283,1467589,0.014444709687918538,398.0,True,False,-22.0,1,2023-10-17 18:22:00,-2.19958,103.44411,0,0,0,6
105.69836,-3.49125,2023-10-18 01:00:00,NASA,SNPP,Fire inside Sitrep,SUMSEL,17879,2023,2023:17879,2023,29303,1468516,0.004576682899843253,397.0,True,False,-23.0,1,2023-10-17 18:23:00,-3.49124,105.6984,0,0,0,1
103.79789,-2.10206,2023-10-18 01:00:00,NASA,SNPP,Verified No fire,SUMSEL MUBA,17892,2023,2023:17892,2023,29316,1467604,0.006482577022775656,398.0,True,False,-22.0,1,2023-10-17 18:22:00,-2.10201,103.79786,0,0,0,1
105.39748383,-3.76216769,2023-10-18 01:00:00,LAPAN,SNPP,Fire inside Sitrep,SUMSEL,17894,2023,2023:17894,2023,29318,1468250,0.07015701264913192,397.0,True,False,-23.0,1,2023-10-17 18:23:00,-3.7618,105.39697,0,0,0,6
105.39357,-3.71453,2023-10-18 01:00:00,NASA,SNPP,Fire inside Sitrep,SUMSEL,17900,2023,2023:17900,2023,29324,1468309,0.005977195525377769,397.0,True,False,-23.0,1,2023-10-17 18:23:00,-3.71451,105.39352,0,0,0,12
105.5341,-3.4001,2023-10-18 02:00:00,NASA,NOAA20,Fire inside Sitrep,SUMSEL,17907,2023,2023:17907,2023,29331,777688,0.0,408.0,True,False,-12.0,1,2023-10-17 19:12:00,-3.4001,105.5341,0,0,3,6
105.77066,-3.62426,2023-10-18 02:00:00,NASA,NOAA20,Fire inside Sitrep,SUMSEL,17908,2023,2023:17908,2023,29332,777706,0.0,408.0,True,False,-12.0,1,2023-10-17 19:12:00,-3.62426,105.77066,0,0,3,9
105.53407,-3.75241,2023-10-18 02:00:00,NASA,NOAA20,Fire inside Sitrep,SUMSEL,17938,2023,2023:17938,2023,29362,777718,0.0,408.0,True,False,-12.0,1,2023-10-17 19:12:00,-3.75241,105.53407,0,0,4,10
105.75802,-3.39701,2023-10-18 02:00:00,NASA,NOAA20,Verified Fire,SUMSEL,17940,2023,2023:17940,2023,29364,777686,0.0,408.0,True,False,-12.0,1,2023-10-17 19:12:00,-3.39701,105.75802,0,0,1,1
105.75151062,-3.61130452,2023-10-18 13:00:00,LAPAN,NOAA20,Fire inside Sitrep,SUMSEL,17964,2023,2023:17964,2023,29388,779045,0.09306851673039375,409.0,True,False,-11.0,1,2023-10-18 06:11:00,-3.61069,105.75208,0,0,2,16
105.57100677,-3.76089859,2023-10-18 13:00:00,LAPAN,NOAA20,Fire inside Sitrep,SUMSEL,17967,2023,2023:17967,2023,29391,779092,0.07792946695764719,409.0,True,False,-11.0,1,2023-10-18 06:11:00,-3.76039,105.57149,0,0,0,14
105.7469,-3.79061,2023-10-18 13:00:00,NASA,NOAA20,Fire inside Sitrep,SUMSEL,17976,2023,2023:17976,2023,29400,779134,0.0,409.0,True,False,-11.0,1,2023-10-18 06:11:00,-3.79061,105.7469,0,0,1,1
105.75208,-3.61069,2023-10-18 13:00:00,NASA,NOAA20,Fire inside Sitrep,SUMSEL,17983,2023,2023:17983,2023,29407,779045,0.0,409.0,True,False,-11.0,1,2023-10-18 06:11:00,-3.61069,105.75208,0,0,2,16
105.60617828,-3.75950527,2023-10-18 13:00:00,LAPAN,NOAA20,Fire inside Sitrep,SUMSEL,17984,2023,2023:17984,2023,29408,779096,0.07754646408907107,409.0,True,False,-11.0,1,2023-10-18 06:11:00,-3.759,105.60666,0,0,0,1
103.19807,-2.50672,2023-10-18 13:00:00,NASA,NOAA20,Verified No fire,SUMSEL MUBA,17985,2023,2023:17985,2023,29409,778810,0.0,409.0,True,False,-11.0,1,2023-10-18 06:11:00,-2.50672,103.19807,0,0,0,1
105.39769,-3.25957,2023-10-18 13:00:00,NASA,NOAA20,Fire inside Sitrep,SUMSEL,17989,2023,2023:17989,2023,29413,778881,0.0,409.0,True,False,-11.0,1,2023-10-18 06:11:00,-3.25957,105.39769,0,0,0,1
105.77343,-3.57365,2023-10-18 13:00:00,NASA,NOAA20,Fire inside Sitrep,SUMSEL,17990,2023,2023:17990,2023,29414,779036,0.0,409.0,True,False,-11.0,1,2023-10-18 06:11:00,-3.57365,105.77343,0,0,3,12
103.46963,-2.29241,2023-10-18 13:00:00,NASA,NOAA20,Verified No fire,SUMSEL MUBA,18000,2023,2023:18000,2023,29424,778783,0.0,409.0,True,False,-11.0,1,2023-10-18 06:11:00,-2.29241,103.46963,0,0,0,4
105.60666,-3.759,2023-10-18 13:00:00,NASA,NOAA20,Fire inside Sitrep,SUMSEL,18006,2023,2023:18006,2023,29430,779096,0.0,409.0,True,False,-11.0,1,2023-10-18 06:11:00,-3.759,105.60666,0,0,0,1
103.30538,-2.46959,2023-10-18 13:00:00,NASA,NOAA20,Verified No fire,SUMSEL MUBA,18007,2023,2023:18007,2023,29431,778808,0.0,409.0,True,False,-11.0,1,2023-10-18 06:11:00,-2.46959,103.30538,0,0,1,3
105.49032,-3.7836,2023-10-18 13:00:00,NASA,NOAA20,Fire inside Sitrep,SUMSEL,18015,2023,2023:18015,2023,29439,779100,0.0,409.0,True,False,-11.0,1,2023-10-18 06:11:00,-3.7836,105.49032,0,0,2,4
105.48983002,-3.78411555,2023-10-18 13:00:00,LAPAN,NOAA20,Fire inside Sitrep,SUMSEL,18056,2023,2023:18056,2023,29480,779100,0.0790053871426197,409.0,True,False,-11.0,1,2023-10-18 06:11:00,-3.7836,105.49032,0,0,2,4
105.73177338,-3.87175798,2023-10-18 13:00:00,LAPAN,NOAA20,Fire inside Sitrep,SUMSEL,18064,2023,2023:18064,2023,29488,779193,0.09395513835362031,409.0,True,False,-11.0,1,2023-10-18 06:11:00,-3.87113,105.73234,0,0,1,2
105.39710999,-3.26020193,2023-10-18 13:00:00,LAPAN,NOAA20,Fire inside Sitrep,SUMSEL,18068,2023,2023:18068,2023,29492,778881,0.09530782545663122,409.0,True,False,-11.0,1,2023-10-18 06:11:00,-3.25957,105.39769,0,0,0,1
105.73234,-3.87113,2023-10-18 13:00:00,NASA,NOAA20,Verified Fire,SUMSEL,18076,2023,2023:18076,2023,29500,779193,0.0,409.0,True,False,-11.0,1,2023-10-18 06:11:00,-3.87113,105.73234,0,0,1,2
105.77297211,-3.57414985,2023-10-18 13:00:00,LAPAN,NOAA20,Fire inside Sitrep,SUMSEL,18084,2023,2023:18084,2023,29508,779036,0.07530941380368857,409.0,True,False,-11.0,1,2023-10-18 06:11:00,-3.57365,105.77343,0,0,3,12
105.74643707,-3.79111481,2023-10-18 13:00:00,LAPAN,NOAA20,Fire inside Sitrep,SUMSEL,18098,2023,2023:18098,2023,29522,779134,0.07608543678590388,409.0,True,False,-11.0,1,2023-10-18 06:11:00,-3.79061,105.7469,0,0,1,1
105.57149,-3.76039,2023-10-18 13:00:00,NASA,NOAA20,Fire inside Sitrep,SUMSEL,18105,2023,2023:18105,2023,29529,779092,0.0,409.0,True,False,-11.0,1,2023-10-18 06:11:00,-3.76039,105.57149,0,0,0,14
103.44864,-2.30462,2023-10-18 14:00:00,NASA,SNPP,Verified No fire,SUMSEL MUBA,18138,2023,2023:18138,2023,29562,1470331,0.0031438001418891246,418.0,True,False,-2.0,1,2023-10-18 07:02:00,-2.3046,103.44862,0,0,3,3
105.39832,-3.66997,2023-10-18 14:00:00,NASA,SNPP,Fire inside Sitrep,SUMSEL,18143,2023,2023:18143,2023,29567,1470582,0.009987034765227413,418.0,True,False,-2.0,1,2023-10-18 07:02:00,-3.66997,105.39841,0,0,0,0
103.6957,-2.39153,2023-10-18 14:00:00,NASA,SNPP,Verified No fire,SUMSEL MUBA,18165,2023,2023:18165,2023,29589,1470332,0.007116178362600778,418.0,True,False,-2.0,1,2023-10-18 07:02:00,-2.39157,103.69565,0,0,0,0
105.55266,-3.82616,2023-10-18 14:00:00,NASA,SNPP,Fire inside Sitrep,SUMSEL,18179,2023,2023:18179,2023,29603,1470086,0.0056693733081492614,419.0,True,False,-1.0,1,2023-10-18 07:01:00,-3.82611,105.55267,0,0,2,2
105.7313,-3.87056,2023-10-18 14:00:00,NASA,SNPP,Fire inside Sitrep,SUMSEL,18181,2023,2023:18181,2023,29605,1470111,0.007110061239637657,419.0,True,False,-1.0,1,2023-10-18 07:01:00,-3.87052,105.73125,0,0,1,2
105.60344,-3.55907,2023-10-18 14:00:00,NASA,SNPP,Fire inside Sitrep,SUMSEL,18192,2023,2023:18192,2023,29616,1470576,0.012258404717497503,418.0,True,False,-2.0,1,2023-10-18 07:02:00,-3.55906,105.60355,0,0,0,0
105.33128,-3.10652,2023-10-19 01:00:00,NASA,SNPP,Fire inside Sitrep,SUMSEL,18289,2023,2023:18289,2023,29713,1471041,0.0059868253717315295,416.0,True,False,-4.0,1,2023-10-18 18:04:00,-3.10657,105.3313,0,0,1,6
105.40765,-3.30077,2023-10-19 01:00:00,NASA,NOAA20,Fire inside Sitrep,SUMSEL,18318,2023,2023:18318,2023,29742,779685,0.0,366.0,True,False,-54.0,1,2023-10-18 18:54:00,-3.30077,105.40765,0,0,0,0
105.63426,-3.08748,2023-10-19 01:00:00,NASA,SNPP,Fire inside Sitrep,SUMSEL,18331,2023,2023:18331,2023,29755,1471060,0.016020670198917588,416.0,True,False,-4.0,1,2023-10-18 18:04:00,-3.08756,105.63438,0,0,0,1
105.26601,-3.00906,2023-10-19 01:00:00,NASA,NOAA20,Fire inside Sitrep,SUMSEL,18377,2023,2023:18377,2023,29801,779681,0.0,367.0,True,False,-53.0,1,2023-10-18 18:53:00,-3.00906,105.26601,0,0,0,0
105.64956,-3.14546,2023-10-19 01:00:00,NASA,SNPP,Fire inside Sitrep,SUMSEL,18386,2023,2023:18386,2023,29810,1471051,0.01510926671288153,416.0,True,False,-4.0,1,2023-10-18 18:04:00,-3.14554,105.64967,0,0,1,3
105.71778,-3.48228,2023-10-19 01:00:00,NASA,SNPP,Verified Fire,SUMSEL,18391,2023,2023:18391,2023,29815,1470972,0.009930902631433966,416.0,True,False,-4.0,1,2023-10-18 18:04:00,-3.48224,105.7177,0,0,0,0
105.64782,-3.1424,2023-10-19 01:00:00,NASA,NOAA20,Fire inside Sitrep,SUMSEL,18395,2023,2023:18395,2023,29819,779614,0.0,367.0,True,False,-53.0,1,2023-10-18 18:53:00,-3.1424,105.64782,0,0,1,1
105.82806,-3.43545,2023-10-19 01:00:00,NASA,SNPP,Fire inside Sitrep,SUMSEL,18436,2023,2023:18436,2023,29860,1471147,0.028456637386338947,416.0,True,False,-4.0,1,2023-10-18 18:04:00,-3.43536,105.82782,0,0,3,3
105.33189,-3.10498,2023-10-19 01:00:00,NASA,NOAA20,Fire inside Sitrep,SUMSEL,18443,2023,2023:18443,2023,29867,779616,0.0,367.0,True,False,-53.0,1,2023-10-18 18:53:00,-3.10498,105.33189,0,0,1,3
105.58201,-3.79644,2023-10-19 01:00:00,NASA,SNPP,Fire inside Sitrep,SUMSEL,18479,2023,2023:18479,2023,29903,1470935,0.01860243102638918,416.0,True,False,-4.0,1,2023-10-18 18:04:00,-3.79649,105.58217,0,0,0,10
105.77428,-3.58511,2023-10-20 00:00:00,NASA,SNPP,Fire inside Sitrep,SUMSEL,18485,2023,2023:18485,2023,29909,1472404,0.008964564329094732,375.0,True,False,-45.0,1,2023-10-19 17:45:00,-3.58503,105.77427,0,0,0,5
105.7542,-3.60783,2023-10-20 00:00:00,NASA,SNPP,Fire inside Sitrep,SUMSEL,18487,2023,2023:18487,2023,29911,1472405,0.014430953774611562,375.0,True,False,-45.0,1,2023-10-19 17:45:00,-3.60778,105.75408,0,0,0,3
105.3811,-2.41154,2023-10-20 00:00:00,NASA,SNPP,Verified No fire,SUMSEL,18499,2023,2023:18499,2023,29923,1472387,0.02319935077081997,375.0,True,False,-45.0,1,2023-10-19 17:45:00,-2.41148,105.3813,0,0,1,1
105.5727005,-3.76002479,2023-10-20 01:00:00,LAPAN,NOAA20,Fire inside Sitrep,SUMSEL,18542,2023,2023:18542,2023,29966,781189,0.08033755505117403,385.0,True,False,-35.0,1,2023-10-19 18:35:00,-3.76038,105.57207,0,0,0,0
105.38004,-2.41154,2023-10-20 01:00:00,NASA,NOAA20,Verified No fire,SUMSEL,18568,2023,2023:18568,2023,29992,781082,0.0,386.0,True,False,-34.0,1,2023-10-19 18:34:00,-2.41154,105.38004,0,0,1,1
105.38061523,-2.41120076,2023-10-20 01:00:00,LAPAN,NOAA20,Verified No fire,SUMSEL,18576,2023,2023:18576,2023,30000,781082,0.07420866622222844,386.0,True,False,-34.0,1,2023-10-19 18:34:00,-2.41154,105.38004,0,0,1,1
105.57207,-3.76038,2023-10-20 01:00:00,NASA,NOAA20,Fire inside Sitrep,SUMSEL,18604,2023,2023:18604,2023,30028,781189,0.0,385.0,True,False,-35.0,1,2023-10-19 18:35:00,-3.76038,105.57207,0,0,0,0
105.7436,-3.60687,2023-10-20 13:00:00,NASA,SNPP,Fire inside Sitrep,SUMSEL,18620,2023,2023:18620,2023,30044,1473149,0.0015709792275359553,396.0,True,False,-24.0,1,2023-10-20 06:24:00,-3.60688,105.74359,0,0,0,2
105.74256897,-3.6272049,2023-10-20 13:00:00,LAPAN,SNPP,Fire inside Sitrep,SUMSEL,18621,2023,2023:18621,2023,30045,1473150,0.06324183041910307,396.0,True,False,-24.0,1,2023-10-20 06:24:00,-3.62735,105.74312,0,0,0,1
105.56245,-3.76256,2023-10-20 13:00:00,NASA,SNPP,Fire inside Sitrep,SUMSEL,18627,2023,2023:18627,2023,30051,1473153,0.003141684152641507,396.0,True,False,-24.0,1,2023-10-20 06:24:00,-3.76254,105.56243,0,0,0,4
105.62151337,-3.46324253,2023-10-20 13:00:00,LAPAN,SNPP,Fire inside Sitrep,SUMSEL,18628,2023,2023:18628,2023,30052,1473141,0.0669745558231694,396.0,True,False,-24.0,1,2023-10-20 06:24:00,-3.46342,105.62209,0,0,0,0
105.62469482,-3.57447219,2023-10-20 13:00:00,LAPAN,SNPP,Fire inside Sitrep,SUMSEL,18632,2023,2023:18632,2023,30056,1473143,0.0820885332832108,396.0,True,False,-24.0,1,2023-10-20 06:24:00,-3.57422,105.62539,0,0,0,3
105.77493286,-3.58570838,2023-10-20 13:00:00,LAPAN,SNPP,Fire inside Sitrep,SUMSEL,18633,2023,2023:18633,2023,30057,1473148,0.08182578497838094,396.0,True,False,-24.0,1,2023-10-20 06:24:00,-3.5855,105.77564,0,0,0,1
105.77563,-3.58548,2023-10-20 13:00:00,NASA,SNPP,Fire inside Sitrep,SUMSEL,18634,2023,2023:18634,2023,30058,1473148,0.002485424967654139,396.0,True,False,-24.0,1,2023-10-20 06:24:00,-3.5855,105.77564,0,0,0,1
105.74304962,-3.60675359,2023-10-20 13:00:00,LAPAN,SNPP,Fire inside Sitrep,SUMSEL,18649,2023,2023:18649,2023,30073,1473149,0.061593882688773464,396.0,True,False,-24.0,1,2023-10-20 06:24:00,-3.60688,105.74359,0,0,0,2
105.74314,-3.62734,2023-10-20 13:00:00,NASA,SNPP,Fire inside Sitrep,SUMSEL,18651,2023,2023:18651,2023,30075,1473150,0.0024824134753284005,396.0,True,False,-24.0,1,2023-10-20 06:24:00,-3.62735,105.74312,0,0,0,1
105.56176758,-3.76286054,2023-10-20 13:00:00,LAPAN,SNPP,Fire inside Sitrep,SUMSEL,18652,2023,2023:18652,2023,30076,1473153,0.08168536454736161,396.0,True,False,-24.0,1,2023-10-20 06:24:00,-3.76254,105.56243,0,0,0,4
105.62539,-3.57421,2023-10-20 13:00:00,NASA,SNPP,Fire inside Sitrep,SUMSEL,18654,2023,2023:18654,2023,30078,1473143,0.0011119508023644488,396.0,True,False,-24.0,1,2023-10-20 06:24:00,-3.57422,105.62539,0,0,0,3
105.53831,-3.85749,2023-10-20 13:00:00,NASA,SNPP,Fire inside Sitrep,SUMSEL,18659,2023,2023:18659,2023,30083,1473110,0.0,396.0,True,False,-24.0,1,2023-10-20 06:24:00,-3.85749,105.53831,0,0,0,0
105.62208,-3.46342,2023-10-20 13:00:00,NASA,SNPP,Fire inside Sitrep,SUMSEL,18667,2023,2023:18667,2023,30091,1473141,0.001109919903632333,396.0,True,False,-24.0,1,2023-10-20 06:24:00,-3.46342,105.62209,0,0,0,0
105.53775024,-3.85736823,2023-10-20 13:00:00,LAPAN,SNPP,Fire inside Sitrep,SUMSEL,18673,2023,2023:18673,2023,30097,1473110,0.06356052395839237,396.0,True,False,-24.0,1,2023-10-20 06:24:00,-3.85749,105.53831,0,0,0,0
105.6091,-3.43071,2023-10-21 02:00:00,NASA,SNPP,Fire inside Sitrep,SUMSEL,18675,2023,2023:18675,2023,30099,1473400,0.020255817466051533,413.0,True,False,-7.0,1,2023-10-20 19:07:00,-3.43074,105.60892,0,0,0,13
105.58331,-3.56518,2023-10-21 13:00:00,NASA,SNPP,Fire inside Sitrep,SUMSEL,18722,2023,2023:18722,2023,30146,1474407,0.0055558829365934025,415.0,True,False,-5.0,1,2023-10-21 06:05:00,-3.56514,105.58328,0,0,0,0
105.55719,-3.83209,2023-10-21 13:00:00,NASA,NOAA20,Fire inside Sitrep,SUMSEL,18729,2023,2023:18729,2023,30153,783401,0.0,365.0,True,False,-55.0,1,2023-10-21 06:55:00,-3.83209,105.55719,0,0,0,0
105.77766,-3.42573,2023-10-21 13:00:00,NASA,SNPP,Fire inside Sitrep,SUMSEL,18743,2023,2023:18743,2023,30167,1474397,0.00778365561635358,415.0,True,False,-5.0,1,2023-10-21 06:05:00,-3.42566,105.77766,0,0,0,0
105.60995,-3.04826,2023-10-21 13:00:00,NASA,SNPP,Fire inside Sitrep,SUMSEL,18748,2023,2023:18748,2023,30172,1474462,0.0071138182010395835,415.0,True,False,-5.0,1,2023-10-21 06:05:00,-3.04822,105.61,0,0,0,0
105.74987,-3.79077,2023-10-21 13:00:00,NASA,NOAA20,Fire inside Sitrep,SUMSEL,18750,2023,2023:18750,2023,30174,783399,0.0,365.0,True,False,-55.0,1,2023-10-21 06:55:00,-3.79077,105.74987,0,0,2,3
105.7374,-3.87105,2023-10-21 13:00:00,NASA,NOAA20,Fire inside Sitrep,SUMSEL,18751,2023,2023:18751,2023,30175,783412,0.0,365.0,True,False,-55.0,1,2023-10-21 06:55:00,-3.87105,105.7374,0,0,0,0
104.54558,-2.24346,2023-10-21 13:00:00,NASA,NOAA20,Verified Fire,SUMSEL MUBA,18757,2023,2023:18757,2023,30181,783351,0.0,365.0,True,False,-55.0,1,2023-10-21 06:55:00,-2.24346,104.54558,0,0,0,0
105.66003,-3.96282,2023-10-21 13:00:00,NASA,NOAA20,Fire inside Sitrep,SUMSEL,18758,2023,2023:18758,2023,30182,783416,0.0,365.0,True,False,-55.0,1,2023-10-21 06:55:00,-3.96282,105.66003,0,0,0,0
105.45633,-3.33191,2023-10-21 13:00:00,NASA,SNPP,Fire inside Sitrep,SUMSEL,18765,2023,2023:18765,2023,30189,1474374,0.005556372533738344,415.0,True,False,-5.0,1,2023-10-21 06:05:00,-3.33187,105.45636,0,0,0,0
105.74396,-3.60773,2023-10-21 13:00:00,NASA,SNPP,Fire inside Sitrep,SUMSEL,18775,2023,2023:18775,2023,30199,1474640,0.005555790073172506,415.0,True,False,-5.0,1,2023-10-21 06:05:00,-3.60769,105.74393,0,0,0,4
105.6447,-3.45951,2023-10-21 13:00:00,NASA,NOAA20,Fire inside Sitrep,SUMSEL,18776,2023,2023:18776,2023,30200,783379,0.0,365.0,True,False,-55.0,1,2023-10-21 06:55:00,-3.45951,105.6447,0,0,2,3
105.89243,-3.87542,2023-10-21 13:00:00,NASA,NOAA20,Fire inside Sitrep,SUMSEL,18782,2023,2023:18782,2023,30206,783415,0.0,365.0,True,False,-55.0,1,2023-10-21 06:55:00,-3.87542,105.89243,0,0,2,2
101.83595,-1.01885,2023-10-21 13:00:00,NASA,NOAA20,Verified No fire,JAMBI SMF,18800,2023,2023:18800,2023,30224,783459,0.0,364.0,True,False,-56.0,1,2023-10-21 06:56:00,-1.01885,101.83595,0,0,0,0
105.65827,-3.95209,2023-10-21 13:00:00,NASA,SNPP,Fire inside Sitrep,SUMSEL,18815,2023,2023:18815,2023,30239,1474499,0.008012529270671049,415.0,True,False,-5.0,1,2023-10-21 06:05:00,-3.95203,105.65823,0,0,0,2
105.73101,-3.5631,2023-10-21 13:00:00,NASA,NOAA20,Fire inside Sitrep,SUMSEL,18818,2023,2023:18818,2023,30242,783391,0.0,365.0,True,False,-55.0,1,2023-10-21 06:55:00,-3.5631,105.73101,0,0,0,5
105.60992,-3.43297,2023-10-21 13:00:00,NASA,SNPP,Fire inside Sitrep,SUMSEL,18820,2023,2023:18820,2023,30244,1474388,0.00867822991107264,415.0,True,False,-5.0,1,2023-10-21 06:05:00,-3.43291,105.60987,0,0,0,14
105.69933,-3.49999,2023-10-22 00:00:00,NASA,NOAA20,Fire inside Sitrep,SUMSEL,18827,2023,2023:18827,2023,30251,783658,0.0,363.0,True,False,-57.0,1,2023-10-21 17:57:00,-3.49999,105.69933,0,0,0,1
105.58091,-3.79695,2023-10-22 00:00:00,NASA,NOAA20,Fire inside Sitrep,SUMSEL,18828,2023,2023:18828,2023,30252,783776,0.0,363.0,True,False,-57.0,1,2023-10-21 17:57:00,-3.79695,105.58091,0,0,0,0
103.33813,-1.16642,2023-10-22 00:00:00,NASA,NOAA20,Verified No fire,JAMBI SMF,18854,2023,2023:18854,2023,30278,783585,0.0,364.0,True,False,-56.0,1,2023-10-21 17:56:00,-1.16642,103.33813,0,0,0,0
103.17081,-2.5282,2023-10-22 00:00:00,NASA,NOAA20,Verified No fire,SUMSEL MUBA,18859,2023,2023:18859,2023,30283,783702,0.0,363.0,True,False,-57.0,1,2023-10-21 17:57:00,-2.5282,103.17081,0,0,0,0
105.54916,-3.4452,2023-10-22 00:00:00,NASA,NOAA20,Fire inside Sitrep,SUMSEL,18860,2023,2023:18860,2023,30284,783682,0.0,363.0,True,False,-57.0,1,2023-10-21 17:57:00,-3.4452,105.54916,0,0,1,6
105.54031,-3.74668,2023-10-22 00:00:00,NASA,NOAA20,Fire inside Sitrep,SUMSEL,18864,2023,2023:18864,2023,30288,783780,0.0,363.0,True,False,-57.0,1,2023-10-21 17:57:00,-3.74668,105.54031,0,0,2,3
105.56789,-3.7774,2023-10-22 00:00:00,NASA,NOAA20,Fire inside Sitrep,SUMSEL,18869,2023,2023:18869,2023,30293,783778,0.0,363.0,True,False,-57.0,1,2023-10-21 17:57:00,-3.7774,105.56789,0,0,0,3
105.54761,-3.44513,2023-10-22 01:00:00,NASA,SNPP,Verified Fire,SUMSEL,18876,2023,2023:18876,2023,30300,1474976,0.006751839907212961,372.0,True,False,-48.0,1,2023-10-21 18:48:00,-3.44514,105.54755,0,0,1,9
103.36253,-1.02401,2023-10-22 01:00:00,NASA,SNPP,Verified No fire,JAMBI SMF,18880,2023,2023:18880,2023,30304,1474910,0.016824228537764017,373.0,True,False,-47.0,1,2023-10-21 18:47:00,-1.02403,103.36268,0,0,0,0
103.24105,-1.0627,2023-10-22 01:00:00,NASA,SNPP,Verified No fire,JAMBI SMF,18898,2023,2023:18898,2023,30322,1474909,0.009167896817930706,373.0,True,False,-47.0,1,2023-10-21 18:47:00,-1.06272,103.24113,0,0,2,2
105.74319,-3.62901,2023-10-22 01:00:00,NASA,SNPP,Fire inside Sitrep,SUMSEL,18899,2023,2023:18899,2023,30323,1474963,0.003141920139840977,372.0,True,False,-48.0,1,2023-10-21 18:48:00,-3.62903,105.74321,0,0,0,2
105.62932,-3.2244,2023-10-22 01:00:00,NASA,SNPP,Fire inside Sitrep,SUMSEL,18903,2023,2023:18903,2023,30327,1474920,0.01668993954782311,372.0,True,False,-48.0,1,2023-10-21 18:48:00,-3.22441,105.62917,0,0,2,4
105.58689,-3.02626,2023-10-22 01:00:00,NASA,SNPP,Fire inside Sitrep,SUMSEL,18907,2023,2023:18907,2023,30331,1474929,0.011324512531606079,372.0,True,False,-48.0,1,2023-10-21 18:48:00,-3.02624,105.58679,0,0,1,2
105.59801,-3.8332,2023-10-22 12:00:00,NASA,SNPP,Fire inside Sitrep,SUMSEL,18915,2023,2023:18915,2023,30339,1475917,0.021351436898384958,374.0,True,False,-46.0,1,2023-10-22 05:46:00,-3.83311,105.59818,0,0,6,6
105.75374,-3.63771,2023-10-22 12:00:00,NASA,SNPP,Fire inside Sitrep,SUMSEL,18917,2023,2023:18917,2023,30341,1475882,0.028079371741502723,374.0,True,False,-46.0,1,2023-10-22 05:46:00,-3.63779,105.7535,0,0,2,2
105.7363,-3.64594,2023-10-22 12:00:00,NASA,SNPP,Fire inside Sitrep,SUMSEL,18918,2023,2023:18918,2023,30342,1475881,0.028450967081713314,374.0,True,False,-46.0,1,2023-10-22 05:46:00,-3.64603,105.73606,0,0,9,12
105.23206,-3.0811,2023-10-22 12:00:00,NASA,SNPP,Fire inside Sitrep,SUMSEL,18919,2023,2023:18919,2023,30343,1475790,0.027042857448575545,374.0,True,False,-46.0,1,2023-10-22 05:46:00,-3.08102,105.23229,0,0,9,48
105.67867,-3.63724,2023-10-22 12:00:00,NASA,SNPP,Fire inside Sitrep,SUMSEL,18921,2023,2023:18921,2023,30345,1475883,0.029134057721702113,374.0,True,False,-46.0,1,2023-10-22 05:46:00,-3.63732,105.67842,0,0,1,1
105.74986,-3.60987,2023-10-22 12:00:00,NASA,SNPP,Fire inside Sitrep,SUMSEL,18932,2023,2023:18932,2023,30356,1475885,0.02702984882734636,374.0,True,False,-46.0,1,2023-10-22 05:46:00,-3.60995,105.74963,0,0,0,6
105.64497,-3.45762,2023-10-22 12:00:00,NASA,SNPP,Fire inside Sitrep,SUMSEL,18935,2023,2023:18935,2023,30359,1475897,0.021809176897981845,374.0,True,False,-46.0,1,2023-10-22 05:46:00,-3.45767,105.64478,0,0,0,3
105.40904,-3.30092,2023-10-22 13:00:00,NASA,NOAA20,Fire inside Sitrep,SUMSEL,18956,2023,2023:18956,2023,30380,784928,0.0,384.0,True,False,-36.0,1,2023-10-22 06:36:00,-3.30092,105.40904,0,0,0,0
105.67733765,-3.63979673,2023-10-22 13:00:00,LAPAN,NOAA20,Fire inside Sitrep,SUMSEL,18965,2023,2023:18965,2023,30389,784843,0.053690658451554005,384.0,True,False,-36.0,1,2023-10-22 06:36:00,-3.63958,105.67777,0,0,1,1
105.77934265,-3.56898451,2023-10-22 13:00:00,LAPAN,NOAA20,Fire inside Sitrep,SUMSEL,18966,2023,2023:18966,2023,30390,784844,0.05608169498525172,384.0,True,False,-36.0,1,2023-10-22 06:36:00,-3.56877,105.7798,0,0,0,0
105.67588806,-3.15468884,2023-10-22 13:00:00,LAPAN,NOAA20,Fire inside Sitrep,SUMSEL,18970,2023,2023:18970,2023,30394,784934,0.05576654215887445,384.0,True,False,-36.0,1,2023-10-22 06:36:00,-3.15447,105.67634,0,0,0,0
105.60707855,-3.91794634,2023-10-22 13:00:00,LAPAN,NOAA20,Fire inside Sitrep,SUMSEL,18974,2023,2023:18974,2023,30398,784769,0.07265040425343153,384.0,True,False,-36.0,1,2023-10-22 06:36:00,-3.91761,105.60764,0,0,0,0
105.74967,-3.79056,2023-10-22 13:00:00,NASA,NOAA20,Fire inside Sitrep,SUMSEL,18980,2023,2023:18980,2023,30404,784793,0.0,384.0,True,False,-36.0,1,2023-10-22 06:36:00,-3.79056,105.74967,0,0,0,1
105.88983,-3.85863,2023-10-22 13:00:00,NASA,NOAA20,Fire inside Sitrep,SUMSEL,18988,2023,2023:18988,2023,30412,784772,0.0,384.0,True,False,-36.0,1,2023-10-22 06:36:00,-3.85863,105.88983,0,0,0,0
105.34490967,-3.11937261,2023-10-22 13:00:00,LAPAN,NOAA20,Fire inside Sitrep,SUMSEL,19000,2023,2023:19000,2023,30424,784941,0.0714246253142819,384.0,True,False,-36.0,1,2023-10-22 06:36:00,-3.11904,105.34546,0,0,0,0
105.48551178,-3.35103655,2023-10-22 13:00:00,LAPAN,NOAA20,Fire inside Sitrep,SUMSEL,19001,2023,2023:19001,2023,30425,784912,0.0699138560713052,384.0,True,False,-36.0,1,2023-10-22 06:36:00,-3.35071,105.48605,0,0,0,0
105.59186,-3.89466,2023-10-22 13:00:00,NASA,NOAA20,Fire inside Sitrep,SUMSEL,19004,2023,2023:19004,2023,30428,784775,0.0,384.0,True,False,-36.0,1,2023-10-22 06:36:00,-3.89466,105.59186,0,0,0,0
105.54146,-3.74714,2023-10-22 13:00:00,NASA,NOAA20,Fire inside Sitrep,SUMSEL,19011,2023,2023:19011,2023,30435,784819,0.0,384.0,True,False,-36.0,1,2023-10-22 06:36:00,-3.74714,105.54146,0,0,0,3
105.88925934,-3.85895109,2023-10-22 13:00:00,LAPAN,NOAA20,Fire inside Sitrep,SUMSEL,19017,2023,2023:19017,2023,30441,784772,0.07268423143737766,384.0,True,False,-36.0,1,2023-10-22 06:36:00,-3.85863,105.88983,0,0,0,0
105.64361,-3.54721,2023-10-22 13:00:00,NASA,NOAA20,Fire inside Sitrep,SUMSEL,19022,2023,2023:19022,2023,30446,784853,0.0,384.0,True,False,-36.0,1,2023-10-22 06:36:00,-3.54721,105.64361,0,0,0,0
105.67777,-3.63958,2023-10-22 13:00:00,NASA,NOAA20,Fire inside Sitrep,SUMSEL,19039,2023,2023:19039,2023,30463,784843,0.0,384.0,True,False,-36.0,1,2023-10-22 06:36:00,-3.63958,105.67777,0,0,1,1
105.67258,-3.54644,2023-10-22 13:00:00,NASA,NOAA20,Fire inside Sitrep,SUMSEL,19041,2023,2023:19041,2023,30465,784852,0.0,384.0,True,False,-36.0,1,2023-10-22 06:36:00,-3.54644,105.67258,0,0,0,0
105.7798,-3.56877,2023-10-22 13:00:00,NASA,NOAA20,Fire inside Sitrep,SUMSEL,19043,2023,2023:19043,2023,30467,784844,0.0,384.0,True,False,-36.0,1,2023-10-22 06:36:00,-3.56877,105.7798,0,0,0,0
105.51033783,-3.3254149,2023-10-22 13:00:00,LAPAN,NOAA20,Verified No fire,SUMSEL,19052,2023,2023:19052,2023,30476,784914,0.07114972727206507,384.0,True,False,-36.0,1,2023-10-22 06:36:00,-3.32509,105.51089,0,0,0,0
105.51089,-3.32509,2023-10-22 13:00:00,NASA,NOAA20,Verified No fire,SUMSEL,19053,2023,2023:19053,2023,30477,784914,0.0,384.0,True,False,-36.0,1,2023-10-22 06:36:00,-3.32509,105.51089,0,0,0,0
105.34546,-3.11904,2023-10-22 13:00:00,NASA,NOAA20,Fire inside Sitrep,SUMSEL,19055,2023,2023:19055,2023,30479,784941,0.0,384.0,True,False,-36.0,1,2023-10-22 06:36:00,-3.11904,105.34546,0,0,0,0
105.64305878,-3.54753947,2023-10-22 13:00:00,LAPAN,NOAA20,Fire inside Sitrep,SUMSEL,19059,2023,2023:19059,2023,30483,784853,0.07130637524912702,384.0,True,False,-36.0,1,2023-10-22 06:36:00,-3.54721,105.64361,0,0,0,0
105.40848541,-3.30125165,2023-10-22 13:00:00,LAPAN,NOAA20,Fire inside Sitrep,SUMSEL,19061,2023,2023:19061,2023,30485,784928,0.07176537293011535,384.0,True,False,-36.0,1,2023-10-22 06:36:00,-3.30092,105.40904,0,0,0,0
105.54090881,-3.74747252,2023-10-22 13:00:00,LAPAN,NOAA20,Fire inside Sitrep,SUMSEL,19081,2023,2023:19081,2023,30505,784819,0.07146671907751166,384.0,True,False,-36.0,1,2023-10-22 06:36:00,-3.74714,105.54146,0,0,0,3
105.76634979,-3.76610088,2023-10-22 13:00:00,LAPAN,NOAA20,Fire inside Sitrep,SUMSEL,19091,2023,2023:19091,2023,30515,784795,0.05566450625942023,384.0,True,False,-36.0,1,2023-10-22 06:36:00,-3.76588,105.7668,0,0,0,0
105.46733856,-3.33929467,2023-10-22 13:00:00,LAPAN,NOAA20,Fire inside Sitrep,SUMSEL,19094,2023,2023:19094,2023,30518,784913,0.07163746378190422,384.0,True,False,-36.0,1,2023-10-22 06:36:00,-3.33896,105.46789,0,0,0,1
105.53934,-3.87056,2023-10-22 13:00:00,NASA,NOAA20,Fire inside Sitrep,SUMSEL,19104,2023,2023:19104,2023,30528,784776,0.0,384.0,True,False,-36.0,1,2023-10-22 06:36:00,-3.87056,105.53934,0,0,0,2
105.7492218,-3.79078484,2023-10-22 13:00:00,LAPAN,NOAA20,Fire inside Sitrep,SUMSEL,19111,2023,2023:19111,2023,30535,784793,0.055659581283008026,384.0,True,False,-36.0,1,2023-10-22 06:36:00,-3.79056,105.74967,0,0,0,1
105.68406677,-3.9642148,2023-10-22 13:00:00,LAPAN,NOAA20,Fire inside Sitrep,SUMSEL,19120,2023,2023:19120,2023,30544,784765,0.07120790767274623,384.0,True,False,-36.0,1,2023-10-22 06:36:00,-3.96389,105.68462,0,0,0,2
105.53891754,-3.87078857,2023-10-22 13:00:00,LAPAN,NOAA20,Fire inside Sitrep,SUMSEL,19124,2023,2023:19124,2023,30548,784776,0.053316089476960975,384.0,True,False,-36.0,1,2023-10-22 06:36:00,-3.87056,105.53934,0,0,0,2
105.48605,-3.35071,2023-10-22 13:00:00,NASA,NOAA20,Fire inside Sitrep,SUMSEL,19126,2023,2023:19126,2023,30550,784912,0.0,384.0,True,False,-36.0,1,2023-10-22 06:36:00,-3.35071,105.48605,0,0,0,0
105.88485718,-3.88543844,2023-10-22 13:00:00,LAPAN,NOAA20,Fire inside Sitrep,SUMSEL,19138,2023,2023:19138,2023,30562,784768,0.07274744550296784,384.0,True,False,-36.0,1,2023-10-22 06:36:00,-3.88512,105.88543,0,0,0,0
105.88543,-3.88512,2023-10-22 13:00:00,NASA,NOAA20,Fire inside Sitrep,SUMSEL,19140,2023,2023:19140,2023,30564,784768,0.0,384.0,True,False,-36.0,1,2023-10-22 06:36:00,-3.88512,105.88543,0,0,0,0
105.51902008,-3.87384939,2023-10-22 13:00:00,LAPAN,NOAA20,Fire inside Sitrep,SUMSEL,19142,2023,2023:19142,2023,30566,784777,0.05408785140569112,384.0,True,False,-36.0,1,2023-10-22 06:36:00,-3.87362,105.51945,0,0,0,3
105.59130096,-3.89499855,2023-10-22 13:00:00,LAPAN,NOAA20,Fire inside Sitrep,SUMSEL,19143,2023,2023:19143,2023,30567,784775,0.072549986612522,384.0,True,False,-36.0,1,2023-10-22 06:36:00,-3.89466,105.59186,0,0,0,0
105.61077,-3.71851,2023-10-22 13:00:00,NASA,Aqua,Fire inside Sitrep,SUMSEL,19145,2023,2023:19145,2023,30569,134213,0.057238945310816886,387.0,True,False,-33.0,1,2023-10-22 06:33:00,-3.718,105.6107,0,0,1,1
105.46789,-3.33896,2023-10-22 13:00:00,NASA,NOAA20,Fire inside Sitrep,SUMSEL,19147,2023,2023:19147,2023,30571,784913,0.0,384.0,True,False,-36.0,1,2023-10-22 06:36:00,-3.33896,105.46789,0,0,0,1
105.7668,-3.76588,2023-10-22 13:00:00,NASA,NOAA20,Fire inside Sitrep,SUMSEL,19152,2023,2023:19152,2023,30576,784795,0.0,384.0,True,False,-36.0,1,2023-10-22 06:36:00,-3.76588,105.7668,0,0,0,0
105.51945,-3.87362,2023-10-22 13:00:00,NASA,NOAA20,Fire inside Sitrep,SUMSEL,19156,2023,2023:19156,2023,30580,784777,0.0,384.0,True,False,-36.0,1,2023-10-22 06:36:00,-3.87362,105.51945,0,0,0,3
105.67201996,-3.54676747,2023-10-22 13:00:00,LAPAN,NOAA20,Fire inside Sitrep,SUMSEL,19159,2023,2023:19159,2023,30583,784852,0.07203529140367503,384.0,True,False,-36.0,1,2023-10-22 06:36:00,-3.54644,105.67258,0,0,0,0
105.67634,-3.15447,2023-10-22 13:00:00,NASA,NOAA20,Fire inside Sitrep,SUMSEL,19163,2023,2023:19163,2023,30587,784934,0.0,384.0,True,False,-36.0,1,2023-10-22 06:36:00,-3.15447,105.67634,0,0,0,0
105.60764,-3.91761,2023-10-22 13:00:00,NASA,NOAA20,Fire inside Sitrep,SUMSEL,19164,2023,2023:19164,2023,30588,784769,0.0,384.0,True,False,-36.0,1,2023-10-22 06:36:00,-3.91761,105.60764,0,0,0,0
105.68462,-3.96389,2023-10-22 13:00:00,NASA,NOAA20,Fire inside Sitrep,SUMSEL,19165,2023,2023:19165,2023,30589,784765,0.0,384.0,True,False,-36.0,1,2023-10-22 06:36:00,-3.96389,105.68462,0,0,0,2
105.58001,-3.54841,2023-10-23 00:00:00,NASA,NOAA20,Fire inside Sitrep,SUMSEL,19173,2023,2023:19173,2023,30597,785160,0.0,382.0,True,False,-38.0,1,2023-10-22 17:38:00,-3.54841,105.58001,0,0,1,1
105.54832,-3.44177,2023-10-23 00:00:00,NASA,NOAA20,Fire inside Sitrep,SUMSEL,19183,2023,2023:19183,2023,30607,785151,0.0,382.0,True,False,-38.0,1,2023-10-22 17:38:00,-3.44177,105.54832,0,0,5,12
103.8888092,-2.03891325,2023-10-23 01:00:00,LAPAN,SNPP,Verified No fire,SUMSEL MUBA,19190,2023,2023:19190,2023,30614,1476213,0.08090248818163094,391.0,True,False,-29.0,1,2023-10-22 18:29:00,-2.0385,103.88821,0,0,0,0
105.21564484,-3.13540554,2023-10-23 01:00:00,LAPAN,SNPP,Fire inside Sitrep,SUMSEL,19196,2023,2023:19196,2023,30620,1476310,0.06993172881691789,391.0,True,False,-29.0,1,2023-10-22 18:29:00,-3.13509,105.2151,0,0,0,0
105.22174835,-2.99667239,2023-10-23 01:00:00,LAPAN,SNPP,Fire inside Sitrep,SUMSEL,19216,2023,2023:19216,2023,30640,1476195,0.0866674087634912,391.0,True,False,-29.0,1,2023-10-22 18:29:00,-2.99673,105.22097,0,0,0,0
105.21514,-3.13508,2023-10-23 01:00:00,NASA,SNPP,Fire inside Sitrep,SUMSEL,19219,2023,2023:19219,2023,30643,1476310,0.00457823292136675,391.0,True,False,-29.0,1,2023-10-22 18:29:00,-3.13509,105.2151,0,0,0,0
103.88832,-2.03854,2023-10-23 01:00:00,NASA,SNPP,Verified No fire,SUMSEL MUBA,19221,2023,2023:19221,2023,30645,1476213,0.01300777595142511,391.0,True,False,-29.0,1,2023-10-22 18:29:00,-2.0385,103.88821,0,0,0,0
105.46652,-3.33863,2023-10-23 01:00:00,NASA,SNPP,Verified No fire,SUMSEL,19228,2023,2023:19228,2023,30652,1476168,0.0024830221732186747,391.0,True,False,-29.0,1,2023-10-22 18:29:00,-3.33864,105.4665,0,0,0,1
105.58448029,-3.55199409,2023-10-23 01:00:00,LAPAN,SNPP,Fire inside Sitrep,SUMSEL,19233,2023,2023:19233,2023,30657,1476151,0.08535678149036338,391.0,True,False,-29.0,1,2023-10-22 18:29:00,-3.55211,105.58372,0,0,1,2
103.22705078,-2.56438971,2023-10-23 01:00:00,LAPAN,SNPP,Verified No fire,SUMSEL MUBA,19237,2023,2023:19237,2023,30661,1476203,0.07725203459953565,391.0,True,False,-29.0,1,2023-10-22 18:29:00,-2.56447,103.22636,0,0,0,0
103.2263,-2.56448,2023-10-23 01:00:00,NASA,SNPP,Verified No fire,SUMSEL MUBA,19249,2023,2023:19249,2023,30673,1476203,0.006757141992426711,391.0,True,False,-29.0,1,2023-10-22 18:29:00,-2.56447,103.22636,0,0,0,0
105.4672699,-3.33847737,2023-10-23 01:00:00,LAPAN,SNPP,Verified No fire,SUMSEL,19250,2023,2023:19250,2023,30674,1476168,0.08735605232502988,391.0,True,False,-29.0,1,2023-10-22 18:29:00,-3.33864,105.4665,0,0,0,1
103.37814,-2.56789,2023-10-23 01:00:00,NASA,SNPP,Verified Fire,SUMSEL MUBA,19259,2023,2023:19259,2023,30683,1476204,0.005664384474377178,391.0,True,False,-29.0,1,2023-10-22 18:29:00,-2.56788,103.37819,0,0,0,0
105.68356,-3.96093,2023-10-23 01:00:00,NASA,SNPP,Fire inside Sitrep,SUMSEL,19261,2023,2023:19261,2023,30685,1476228,0.008943750209745081,391.0,True,False,-29.0,1,2023-10-22 18:29:00,-3.96094,105.68348,0,0,0,1
105.22101,-2.99672,2023-10-23 01:00:00,NASA,SNPP,Fire inside Sitrep,SUMSEL,19269,2023,2023:19269,2023,30693,1476195,0.004578790186403116,391.0,True,False,-29.0,1,2023-10-22 18:29:00,-2.99673,105.22097,0,0,0,0
105.58372,-3.55213,2023-10-23 01:00:00,NASA,SNPP,Fire inside Sitrep,SUMSEL,19270,2023,2023:19270,2023,30694,1476151,0.0022239016047096234,391.0,True,False,-29.0,1,2023-10-22 18:29:00,-3.55211,105.58372,0,0,1,2
103.37889099,-2.56782246,2023-10-23 01:00:00,LAPAN,SNPP,Verified No fire,SUMSEL MUBA,19271,2023,2023:19271,2023,30695,1476204,0.07813078537969032,391.0,True,False,-29.0,1,2023-10-22 18:29:00,-2.56788,103.37819,0,0,0,0
105.68432617,-3.96082425,2023-10-23 01:00:00,LAPAN,SNPP,Fire inside Sitrep,SUMSEL,19272,2023,2023:19272,2023,30696,1476228,0.09474351902716137,391.0,True,False,-29.0,1,2023-10-22 18:29:00,-3.96094,105.68348,0,0,0,1
105.82434082,-3.43245173,2023-10-23 13:00:00,LAPAN,NOAA20,Fire inside Sitrep,SUMSEL,19288,2023,2023:19288,2023,30712,786998,0.06375798302693561,403.0,True,False,-17.0,1,2023-10-23 06:17:00,-3.43203,105.82473,0,0,0,0
105.74259949,-3.6087842,2023-10-23 13:00:00,LAPAN,NOAA20,Fire inside Sitrep,SUMSEL,19297,2023,2023:19297,2023,30721,786951,0.0790871714009771,403.0,True,False,-17.0,1,2023-10-23 06:17:00,-3.60825,105.74307,0,0,0,8
105.74307,-3.60825,2023-10-23 13:00:00,NASA,NOAA20,Fire inside Sitrep,SUMSEL,19298,2023,2023:19298,2023,30722,786951,0.0,403.0,True,False,-17.0,1,2023-10-23 06:17:00,-3.60825,105.74307,0,0,0,8
105.60883331,-3.74793172,2023-10-23 13:00:00,LAPAN,NOAA20,Fire inside Sitrep,SUMSEL,19305,2023,2023:19305,2023,30729,786933,0.06512964596618427,403.0,True,False,-17.0,1,2023-10-23 06:17:00,-3.7475,105.60923,0,0,0,7
105.55783,-3.83557,2023-10-23 13:00:00,NASA,NOAA20,Fire inside Sitrep,SUMSEL,19308,2023,2023:19308,2023,30732,786919,0.0,403.0,True,False,-17.0,1,2023-10-23 06:17:00,-3.83557,105.55783,0,0,0,2
103.64595,-2.09272,2023-10-23 13:00:00,NASA,NOAA20,Verified No fire,SUMSEL MUBA,19312,2023,2023:19312,2023,30736,787021,0.0,402.0,True,False,-18.0,1,2023-10-23 06:18:00,-2.09272,103.64595,0,0,1,1
105.34262085,-2.62600231,2023-10-23 13:00:00,LAPAN,NOAA20,Verified No fire,SUMSEL,19313,2023,2023:19313,2023,30737,786974,0.06615353281682855,403.0,True,False,-17.0,1,2023-10-23 06:17:00,-2.62557,105.34303,0,0,0,0
105.7017,-3.45732,2023-10-23 13:00:00,NASA,NOAA20,Fire inside Sitrep,SUMSEL,19315,2023,2023:19315,2023,30739,786995,0.0,403.0,True,False,-17.0,1,2023-10-23 06:17:00,-3.45732,105.7017,0,0,4,11
105.60923,-3.7475,2023-10-23 13:00:00,NASA,NOAA20,Fire inside Sitrep,SUMSEL,19330,2023,2023:19330,2023,30754,786933,0.0,403.0,True,False,-17.0,1,2023-10-23 06:17:00,-3.7475,105.60923,0,0,0,7
103.64545441,-2.09324145,2023-10-23 13:00:00,LAPAN,NOAA20,Verified No fire,SUMSEL MUBA,19334,2023,2023:19334,2023,30758,787021,0.07996711962418941,402.0,True,False,-18.0,1,2023-10-23 06:18:00,-2.09272,103.64595,0,0,1,1
105.22488,-3.03538,2023-10-23 13:00:00,NASA,NOAA20,Fire inside Sitrep,SUMSEL,19348,2023,2023:19348,2023,30772,786863,0.0,403.0,True,False,-17.0,1,2023-10-23 06:17:00,-3.03538,105.22488,0,0,0,2
105.70130157,-3.45774889,2023-10-23 13:00:00,LAPAN,NOAA20,Fire inside Sitrep,SUMSEL,19349,2023,2023:19349,2023,30773,786995,0.0650387346511972,403.0,True,False,-17.0,1,2023-10-23 06:17:00,-3.45732,105.7017,0,0,4,11
103.08354187,-2.32153249,2023-10-23 13:00:00,LAPAN,NOAA20,Verified No fire,SUMSEL MUBA,19355,2023,2023:19355,2023,30779,786977,0.08493180727827485,403.0,True,False,-17.0,1,2023-10-23 06:17:00,-2.32099,103.08408,0,0,1,1
105.22438049,-3.03593731,2023-10-23 13:00:00,LAPAN,NOAA20,Fire inside Sitrep,SUMSEL,19360,2023,2023:19360,2023,30784,786863,0.08316655574505114,403.0,True,False,-17.0,1,2023-10-23 06:17:00,-3.03538,105.22488,0,0,0,2
105.26815796,-2.99410295,2023-10-23 13:00:00,LAPAN,NOAA20,Verified No fire,SUMSEL,19361,2023,2023:19361,2023,30785,786865,0.08225404969664533,403.0,True,False,-17.0,1,2023-10-23 06:17:00,-2.99355,105.26865,0,0,0,2
105.69761,-3.32848,2023-10-23 13:00:00,NASA,NOAA20,Fire inside Sitrep,SUMSEL,19362,2023,2023:19362,2023,30786,787014,0.0,403.0,True,False,-17.0,1,2023-10-23 06:17:00,-3.32848,105.69761,0,0,0,1
105.5573349,-3.83612204,2023-10-23 13:00:00,LAPAN,NOAA20,Fire inside Sitrep,SUMSEL,19364,2023,2023:19364,2023,30788,786919,0.08237260343027304,403.0,True,False,-17.0,1,2023-10-23 06:17:00,-3.83557,105.55783,0,0,0,2
105.34303,-2.62557,2023-10-23 13:00:00,NASA,NOAA20,Verified No fire,SUMSEL,19382,2023,2023:19382,2023,30806,786974,0.0,403.0,True,False,-17.0,1,2023-10-23 06:17:00,-2.62557,105.34303,0,0,0,0
105.26865,-2.99355,2023-10-23 13:00:00,NASA,NOAA20,Verified No fire,SUMSEL,19387,2023,2023:19387,2023,30811,786865,0.0,403.0,True,False,-17.0,1,2023-10-23 06:17:00,-2.99355,105.26865,0,0,0,2
105.614151,-3.8346107,2023-10-23 13:00:00,LAPAN,NOAA20,Fire inside Sitrep,SUMSEL,19393,2023,2023:19393,2023,30817,786918,0.08107985566488962,403.0,True,False,-17.0,1,2023-10-23 06:17:00,-3.83406,105.61463,0,0,0,6
105.61463,-3.83406,2023-10-23 13:00:00,NASA,NOAA20,Fire inside Sitrep,SUMSEL,19394,2023,2023:19394,2023,30818,786918,0.0,403.0,True,False,-17.0,1,2023-10-23 06:17:00,-3.83406,105.61463,0,0,0,6
103.08408,-2.32099,2023-10-23 13:00:00,NASA,NOAA20,Verified No fire,SUMSEL MUBA,19405,2023,2023:19405,2023,30829,786977,0.0,403.0,True,False,-17.0,1,2023-10-23 06:17:00,-2.32099,103.08408,0,0,1,1
105.69712067,-3.32901502,2023-10-23 13:00:00,LAPAN,NOAA20,Fire inside Sitrep,SUMSEL,19406,2023,2023:19406,2023,30830,787014,0.08055950847694812,403.0,True,False,-17.0,1,2023-10-23 06:17:00,-3.32848,105.69761,0,0,0,1
103.6431,-2.08974,2023-10-23 14:00:00,NASA,SNPP,Verified No fire,SUMSEL MUBA,19426,2023,2023:19426,2023,30850,1477907,0.008681205112877009,412.0,True,False,-8.0,1,2023-10-23 07:08:00,-2.08979,103.64304,0,0,1,1
105.45312,-3.33769,2023-10-23 14:00:00,NASA,SNPP,Fire inside Sitrep,SUMSEL,19428,2023,2023:19428,2023,30852,1477935,0.012261235652101141,412.0,True,False,-8.0,1,2023-10-23 07:08:00,-3.33768,105.45323,0,0,0,0
105.66982,-3.51459,2023-10-23 14:00:00,NASA,Aqua,Fire inside Sitrep,SUMSEL,19447,2023,2023:19447,2023,30871,134501,0.09225695801448396,406.0,True,False,-14.0,1,2023-10-23 07:14:00,-3.5154,105.67,0,0,1,7
105.467,-3.71776,2023-10-23 14:00:00,NASA,Aqua,Fire inside Sitrep,SUMSEL,19454,2023,2023:19454,2023,30878,134490,0.09600404369402386,406.0,True,False,-14.0,1,2023-10-23 07:14:00,-3.7186,105.4672,0,0,0,6
105.62824,-3.57441,2023-10-24 01:00:00,NASA,SNPP,Fire inside Sitrep,SUMSEL,19473,2023,2023:19473,2023,30897,1478279,0.011153443799782023,410.0,True,False,-10.0,1,2023-10-23 18:10:00,-3.5744,105.62814,0,0,0,0
105.58311,-3.55268,2023-10-24 01:00:00,NASA,SNPP,Fire inside Sitrep,SUMSEL,19474,2023,2023:19474,2023,30898,1478275,0.01023290672247246,410.0,True,False,-10.0,1,2023-10-23 18:10:00,-3.55266,105.58302,0,0,1,3
105.61079,-3.74824,2023-10-24 01:00:00,NASA,SNPP,Fire inside Sitrep,SUMSEL,19488,2023,2023:19488,2023,30912,1478308,0.008006520671518559,410.0,True,False,-10.0,1,2023-10-23 18:10:00,-3.74828,105.61073,0,0,0,4
105.65820312,-3.46022773,2023-10-24 01:00:00,LAPAN,SNPP,Fire inside Sitrep,SUMSEL,19489,2023,2023:19489,2023,30913,1478226,0.09695869614559859,410.0,True,False,-10.0,1,2023-10-23 18:10:00,-3.4602,105.65733,0,0,0,0
105.58365631,-3.55306578,2023-10-24 01:00:00,LAPAN,SNPP,Fire inside Sitrep,SUMSEL,19490,2023,2023:19490,2023,30914,1478275,0.08380251436463015,410.0,True,False,-10.0,1,2023-10-23 18:10:00,-3.55266,105.58302,0,0,1,3
105.54203,-3.74799,2023-10-24 01:00:00,NASA,SNPP,Fire inside Sitrep,SUMSEL,19517,2023,2023:19517,2023,30941,1478315,0.008673656055613809,410.0,True,False,-10.0,1,2023-10-23 18:10:00,-3.74804,105.54197,0,0,0,0
105.58686829,-2.9867506,2023-10-24 01:00:00,LAPAN,SNPP,Fire inside Sitrep,SUMSEL,19522,2023,2023:19522,2023,30946,1478252,0.09120471089271859,410.0,True,False,-10.0,1,2023-10-23 18:10:00,-2.98668,105.58605,0,0,0,1
105.6113205,-3.74865103,2023-10-24 01:00:00,LAPAN,SNPP,Fire inside Sitrep,SUMSEL,19547,2023,2023:19547,2023,30971,1478308,0.07742748925000069,410.0,True,False,-10.0,1,2023-10-23 18:10:00,-3.74828,105.61073,0,0,0,4
103.37996,-1.20497,2023-10-24 01:00:00,NASA,SNPP,Verified No fire,JAMBI SMF,19549,2023,2023:19549,2023,30973,1478235,0.0040089228664765735,410.0,True,False,-10.0,1,2023-10-23 18:10:00,-1.20494,103.37994,0,0,0,1
105.58601,-2.98669,2023-10-24 01:00:00,NASA,SNPP,Fire inside Sitrep,SUMSEL,19554,2023,2023:19554,2023,30978,1478252,0.0045788296451347585,410.0,True,False,-10.0,1,2023-10-23 18:10:00,-2.98668,105.58605,0,0,0,1
105.62877655,-3.57478237,2023-10-24 01:00:00,LAPAN,SNPP,Fire inside Sitrep,SUMSEL,19563,2023,2023:19563,2023,30987,1478279,0.0824515543527502,410.0,True,False,-10.0,1,2023-10-23 18:10:00,-3.5744,105.62814,0,0,0,0
105.54256439,-3.74839497,2023-10-24 01:00:00,LAPAN,SNPP,Fire inside Sitrep,SUMSEL,19567,2023,2023:19567,2023,30991,1478315,0.07686092741354941,410.0,True,False,-10.0,1,2023-10-23 18:10:00,-3.74804,105.54197,0,0,0,0
105.65736,-3.46021,2023-10-24 01:00:00,NASA,SNPP,Fire inside Sitrep,SUMSEL,19577,2023,2023:19577,2023,31001,1478226,0.003510528389140618,410.0,True,False,-10.0,1,2023-10-23 18:10:00,-3.4602,105.65733,0,0,0,0
105.54943,-3.44103,2023-10-24 02:00:00,NASA,NOAA20,Fire inside Sitrep,SUMSEL,19587,2023,2023:19587,2023,31011,787270,0.0,420.0,True,False,0.0,1,2023-10-23 19:00:00,-3.44103,105.54943,0,0,5,10
105.58057,-3.5525,2023-10-24 02:00:00,NASA,NOAA20,Fire inside Sitrep,SUMSEL,19595,2023,2023:19595,2023,31019,787279,0.0,420.0,True,False,0.0,1,2023-10-23 19:00:00,-3.5525,105.58057,0,0,1,4
105.60909,-3.43261,2023-10-24 02:00:00,NASA,NOAA20,Fire inside Sitrep,SUMSEL,19602,2023,2023:19602,2023,31026,787308,0.0,420.0,True,False,0.0,1,2023-10-23 19:00:00,-3.43261,105.60909,0,0,0,5
105.56474,-3.77566,2023-10-24 02:00:00,NASA,NOAA20,Fire inside Sitrep,SUMSEL,19606,2023,2023:19606,2023,31030,787258,0.0,420.0,True,False,0.0,1,2023-10-23 19:00:00,-3.77566,105.56474,0,0,3,10
105.22989,-3.08243,2023-10-24 12:00:00,NASA,NOAA20,Fire inside Sitrep,SUMSEL,19641,2023,2023:19641,2023,31065,789204,0.0,362.0,True,False,-58.0,1,2023-10-24 05:58:00,-3.08243,105.22989,0,0,0,13
105.74334,-3.60784,2023-10-24 12:00:00,NASA,NOAA20,Fire inside Sitrep,SUMSEL,19643,2023,2023:19643,2023,31067,789080,0.0,362.0,True,False,-58.0,1,2023-10-24 05:58:00,-3.60784,105.74334,0,0,1,11
105.80029,-3.65878,2023-10-24 12:00:00,NASA,NOAA20,Fire inside Sitrep,SUMSEL,19649,2023,2023:19649,2023,31073,789088,0.0,362.0,True,False,-58.0,1,2023-10-24 05:58:00,-3.65878,105.80029,0,0,0,0
105.69917,-3.97419,2023-10-24 12:00:00,NASA,NOAA20,Fire inside Sitrep,SUMSEL,19670,2023,2023:19670,2023,31094,789119,0.0,362.0,True,False,-58.0,1,2023-10-24 05:58:00,-3.97419,105.69917,0,0,1,4
105.79829,-3.55136,2023-10-24 12:00:00,NASA,NOAA20,Fire inside Sitrep,SUMSEL,19672,2023,2023:19672,2023,31096,789069,0.0,362.0,True,False,-58.0,1,2023-10-24 05:58:00,-3.55136,105.79829,0,0,1,4
105.24259,-2.99166,2023-10-24 12:00:00,NASA,NOAA20,Fire inside Sitrep,SUMSEL,19707,2023,2023:19707,2023,31131,789195,0.0,362.0,True,False,-58.0,1,2023-10-24 05:58:00,-2.99166,105.24259,0,0,2,4
105.89005,-3.87026,2023-10-24 12:00:00,NASA,NOAA20,Fire inside Sitrep,SUMSEL,19720,2023,2023:19720,2023,31144,789115,0.0,362.0,True,False,-58.0,1,2023-10-24 05:58:00,-3.87026,105.89005,0,0,0,1
105.68374,-3.46035,2023-10-24 12:00:00,NASA,NOAA20,Fire inside Sitrep,SUMSEL,19757,2023,2023:19757,2023,31181,789257,0.0,362.0,True,False,-58.0,1,2023-10-24 05:58:00,-3.46035,105.68374,0,0,2,15
105.77054,-3.85136,2023-10-24 12:00:00,NASA,NOAA20,Fire inside Sitrep,SUMSEL,19759,2023,2023:19759,2023,31183,789111,0.0,362.0,True,False,-58.0,1,2023-10-24 05:58:00,-3.85136,105.77054,0,0,0,0
105.81102,-3.44149,2023-10-24 12:00:00,NASA,NOAA20,Fire inside Sitrep,SUMSEL,19762,2023,2023:19762,2023,31186,789258,0.0,362.0,True,False,-58.0,1,2023-10-24 05:58:00,-3.44149,105.81102,0,0,0,0
105.51396,-3.32239,2023-10-24 12:00:00,NASA,NOAA20,Fire inside Sitrep,SUMSEL,19770,2023,2023:19770,2023,31194,789230,0.0,362.0,True,False,-58.0,1,2023-10-24 05:58:00,-3.32239,105.51396,0,0,1,1
105.80567,-3.60344,2023-10-24 12:00:00,NASA,NOAA20,Fire inside Sitrep,SUMSEL,19771,2023,2023:19771,2023,31195,789081,0.0,362.0,True,False,-58.0,1,2023-10-24 05:58:00,-3.60344,105.80567,0,0,2,3
105.31306,-3.74009,2023-10-24 12:00:00,NASA,NOAA20,Fire inside Sitrep,SUMSEL,19774,2023,2023:19774,2023,31198,789089,0.0,362.0,True,False,-58.0,1,2023-10-24 05:58:00,-3.74009,105.31306,0,0,0,0
105.70663,-3.48388,2023-10-24 13:00:00,NASA,Aqua,Fire inside Sitrep,SUMSEL,19784,2023,2023:19784,2023,31208,134962,0.06937734559951741,402.0,True,False,-18.0,1,2023-10-24 06:18:00,-3.4845,105.7067,0,0,0,0
105.23069,-3.03297,2023-10-24 13:00:00,NASA,SNPP,Fire inside Sitrep,SUMSEL,19790,2023,2023:19790,2023,31214,1479477,0.009556492651725436,371.0,True,False,-49.0,1,2023-10-24 06:49:00,-3.03292,105.23062,0,0,0,0
105.47416,-3.81914,2023-10-24 13:00:00,NASA,SNPP,Fire inside Sitrep,SUMSEL,19791,2023,2023:19791,2023,31215,1479559,0.009927925292591433,371.0,True,False,-49.0,1,2023-10-24 06:49:00,-3.8191,105.47408,0,0,0,2
105.80489349,-3.5649507,2023-10-24 13:00:00,LAPAN,SNPP,Fire inside Sitrep,SUMSEL,19794,2023,2023:19794,2023,31218,1479319,0.0908681962540314,371.0,True,False,-49.0,1,2023-10-24 06:49:00,-3.56514,105.80569,0,0,0,0
105.61345673,-3.52801299,2023-10-24 13:00:00,LAPAN,SNPP,Fire inside Sitrep,SUMSEL,19797,2023,2023:19797,2023,31221,1479331,0.08680152390841915,371.0,True,False,-49.0,1,2023-10-24 06:49:00,-3.52813,105.61423,0,0,0,1
105.62891,-3.93028,2023-10-24 13:00:00,NASA,SNPP,Fire inside Sitrep,SUMSEL,19850,2023,2023:19850,2023,31274,1479525,0.002223901604610087,371.0,True,False,-49.0,1,2023-10-24 06:49:00,-3.93026,105.62891,0,0,0,0
105.69889,-3.97238,2023-10-24 13:00:00,NASA,SNPP,Fire inside Sitrep,SUMSEL,19853,2023,2023:19853,2023,31277,1479529,0.0024816200094184703,371.0,True,False,-49.0,1,2023-10-24 06:49:00,-3.97237,105.69891,0,0,1,1
105.79874,-3.5482,2023-10-24 13:00:00,NASA,SNPP,Fire inside Sitrep,SUMSEL,19866,2023,2023:19866,2023,31290,1479326,0.007447756146229351,371.0,True,False,-49.0,1,2023-10-24 06:49:00,-3.54817,105.79868,0,0,1,9
105.51441,-3.31976,2023-10-24 13:00:00,NASA,SNPP,Fire inside Sitrep,SUMSEL,19870,2023,2023:19870,2023,31294,1479376,0.010241766370057396,371.0,True,False,-49.0,1,2023-10-24 06:49:00,-3.3197,105.51448,0,0,1,2
105.69805908,-3.97219563,2023-10-24 13:00:00,LAPAN,SNPP,Fire inside Sitrep,SUMSEL,19893,2023,2023:19893,2023,31317,1479529,0.09636162375527568,371.0,True,False,-49.0,1,2023-10-24 06:49:00,-3.97237,105.69891,0,0,1,1
105.80576,-3.56518,2023-10-24 13:00:00,NASA,SNPP,Fire inside Sitrep,SUMSEL,19896,2023,2023:19896,2023,31320,1479319,0.008951758300316772,371.0,True,False,-49.0,1,2023-10-24 06:49:00,-3.56514,105.80569,0,0,0,0
105.8843,-3.85743,2023-10-24 13:00:00,NASA,SNPP,Fire inside Sitrep,SUMSEL,19897,2023,2023:19897,2023,31321,1479522,0.005551696301863871,371.0,True,False,-49.0,1,2023-10-24 06:49:00,-3.8574,105.88426,0,0,0,1
105.51824,-2.92236,2023-10-24 13:00:00,NASA,Aqua,Verified No fire,SUMSEL,19898,2023,2023:19898,2023,31322,134967,0.07147609384368528,402.0,True,False,-18.0,1,2023-10-24 06:18:00,-2.923,105.5183,0,0,0,0
105.47333527,-3.81892347,2023-10-24 13:00:00,LAPAN,SNPP,Fire inside Sitrep,SUMSEL,19920,2023,2023:19920,2023,31344,1479559,0.08492605204308823,371.0,True,False,-49.0,1,2023-10-24 06:49:00,-3.8191,105.47408,0,0,0,2
105.58065,-3.83453,2023-10-24 13:00:00,NASA,SNPP,Fire inside Sitrep,SUMSEL,19921,2023,2023:19921,2023,31345,1479293,0.005551791617311095,371.0,True,False,-49.0,1,2023-10-24 06:49:00,-3.8345,105.58061,0,0,0,7
105.62808228,-3.93015313,2023-10-24 13:00:00,LAPAN,SNPP,Fire inside Sitrep,SUMSEL,19929,2023,2023:19929,2023,31353,1479525,0.09258771481934519,371.0,True,False,-49.0,1,2023-10-24 06:49:00,-3.93026,105.62891,0,0,0,0
105.6143,-3.52817,2023-10-24 13:00:00,NASA,SNPP,Fire inside Sitrep,SUMSEL,19940,2023,2023:19940,2023,31364,1479331,0.008952028219361476,371.0,True,False,-49.0,1,2023-10-24 06:49:00,-3.52813,105.61423,0,0,0,1
105.55143,-2.91763,2023-10-24 13:00:00,NASA,Aqua,Verified No fire,SUMSEL,19958,2023,2023:19958,2023,31382,134950,0.06385612163442325,402.0,True,False,-18.0,1,2023-10-24 06:18:00,-2.9182,105.5515,0,0,0,0
105.58128,-3.31346,2023-10-24 13:00:00,NASA,SNPP,Fire inside Sitrep,SUMSEL,19961,2023,2023:19961,2023,31385,1479372,0.010241803935941615,371.0,True,False,-49.0,1,2023-10-24 06:49:00,-3.3134,105.58135,0,0,0,0
105.69234,-3.33611,2023-10-24 13:00:00,NASA,SNPP,Verified Fire,SUMSEL,19962,2023,2023:19962,2023,31386,1479367,0.010241668541537456,371.0,True,False,-49.0,1,2023-10-24 06:49:00,-3.33605,105.69241,0,0,2,3
105.68447,-3.56899,2023-10-24 13:00:00,NASA,Aqua,Fire inside Sitrep,SUMSEL,19988,2023,2023:19988,2023,31412,134964,0.06791066101592426,402.0,True,False,-18.0,1,2023-10-24 06:18:00,-3.5696,105.6845,0,0,0,1
105.79788971,-3.54799438,2023-10-24 13:00:00,LAPAN,SNPP,Fire inside Sitrep,SUMSEL,20000,2023,2023:20000,2023,31424,1479326,0.08985557925426962,371.0,True,False,-49.0,1,2023-10-24 06:49:00,-3.54817,105.79868,0,0,1,9
105.74301,-3.61047,2023-10-24 13:00:00,NASA,SNPP,Fire inside Sitrep,SUMSEL,20003,2023,2023:20003,2023,31427,1479309,0.006283904570373983,371.0,True,False,-49.0,1,2023-10-24 06:49:00,-3.61043,105.74297,0,0,1,12
105.58527,-3.55391,2023-10-25 00:00:00,NASA,SNPP,Fire inside Sitrep,SUMSEL,20020,2023,2023:20020,2023,31444,1479883,0.010232893725464674,369.0,True,False,-51.0,1,2023-10-24 17:51:00,-3.55389,105.58536,0,0,2,6
105.71931,-3.64016,2023-10-25 00:00:00,NASA,SNPP,Fire inside Sitrep,SUMSEL,20030,2023,2023:20030,2023,31454,1479879,0.009941580553387421,369.0,True,False,-51.0,1,2023-10-24 17:51:00,-3.64008,105.71927,0,0,0,9
105.75827789,-3.523561,2023-10-25 00:00:00,LAPAN,SNPP,Fire inside Sitrep,SUMSEL,20037,2023,2023:20037,2023,31461,1479887,0.09627618247613613,369.0,True,False,-51.0,1,2023-10-24 17:51:00,-3.52309,105.75755,0,0,1,2
105.55257,-3.44558,2023-10-25 00:00:00,NASA,SNPP,Fire inside Sitrep,SUMSEL,20040,2023,2023:20040,2023,31464,1479896,0.013415627500415014,369.0,True,False,-51.0,1,2023-10-24 17:51:00,-3.44553,105.55268,0,0,3,10
105.46158,-3.71942,2023-10-25 00:00:00,NASA,SNPP,Fire inside Sitrep,SUMSEL,20041,2023,2023:20041,2023,31465,1479854,0.010483921133102286,369.0,True,False,-51.0,1,2023-10-24 17:51:00,-3.71934,105.46153,0,0,2,13
105.55341339,-3.44604826,2023-10-25 00:00:00,LAPAN,SNPP,Fire inside Sitrep,SUMSEL,20042,2023,2023:20042,2023,31466,1479896,0.0997359308360257,369.0,True,False,-51.0,1,2023-10-24 17:51:00,-3.44553,105.55268,0,0,3,10
105.75744,-3.52314,2023-10-25 00:00:00,NASA,SNPP,Fire inside Sitrep,SUMSEL,20052,2023,2023:20052,2023,31476,1479887,0.013414711698979974,369.0,True,False,-51.0,1,2023-10-24 17:51:00,-3.52309,105.75755,0,0,1,2
105.61347,-3.53271,2023-10-25 01:00:00,NASA,NOAA20,Fire inside Sitrep,SUMSEL,20062,2023,2023:20062,2023,31486,789592,0.0,379.0,True,False,-41.0,1,2023-10-24 18:41:00,-3.53271,105.61347,0,0,0,1
105.71640015,-3.6554985,2023-10-25 01:00:00,LAPAN,NOAA20,Fire inside Sitrep,SUMSEL,20063,2023,2023:20063,2023,31487,789644,0.09988679276164796,379.0,True,False,-41.0,1,2023-10-24 18:41:00,-3.65589,105.71559,0,0,0,12
105.71559,-3.65589,2023-10-25 01:00:00,NASA,NOAA20,Fire inside Sitrep,SUMSEL,20093,2023,2023:20093,2023,31517,789644,0.0,379.0,True,False,-41.0,1,2023-10-24 18:41:00,-3.65589,105.71559,0,0,0,12
103.33804,-1.16943,2023-10-25 01:00:00,NASA,NOAA20,Verified No fire,JAMBI SMF,20121,2023,2023:20121,2023,31545,789547,0.0,380.0,True,False,-40.0,1,2023-10-24 18:40:00,-1.16943,103.33804,0,0,0,1
103.37107086,-1.18852341,2023-10-25 01:00:00,LAPAN,NOAA20,Verified No fire,JAMBI SMF,20129,2023,2023:20129,2023,31553,789546,0.06967530905309471,380.0,True,False,-40.0,1,2023-10-24 18:40:00,-1.18884,103.37053,0,0,0,1
103.37053,-1.18884,2023-10-25 01:00:00,NASA,NOAA20,Verified No fire,JAMBI SMF,20130,2023,2023:20130,2023,31554,789546,0.0,380.0,True,False,-40.0,1,2023-10-24 18:40:00,-1.18884,103.37053,0,0,0,1
105.8121,-3.45835,2023-10-25 01:00:00,NASA,NOAA20,Fire inside Sitrep,SUMSEL,20147,2023,2023:20147,2023,31571,789554,0.0,379.0,True,False,-41.0,1,2023-10-24 18:41:00,-3.45835,105.8121,0,0,0,9
105.75693,-3.52184,2023-10-25 01:00:00,NASA,NOAA20,Fire inside Sitrep,SUMSEL,20156,2023,2023:20156,2023,31580,789588,0.0,379.0,True,False,-41.0,1,2023-10-24 18:41:00,-3.52184,105.75693,0,0,1,2
105.71304,-3.56861,2023-10-25 01:00:00,NASA,NOAA20,Fire inside Sitrep,SUMSEL,20158,2023,2023:20158,2023,31582,789594,0.0,379.0,True,False,-41.0,1,2023-10-24 18:41:00,-3.56861,105.71304,0,0,0,5
105.80413,-3.59504,2023-10-25 01:00:00,NASA,NOAA20,Fire inside Sitrep,SUMSEL,20171,2023,2023:20171,2023,31595,789598,0.0,379.0,True,False,-41.0,1,2023-10-24 18:41:00,-3.59504,105.80413,0,0,0,11
103.67993,-2.18569,2023-10-25 01:00:00,NASA,NOAA20,Verified No fire,SUMSEL MUBA,20173,2023,2023:20173,2023,31597,789549,0.0,380.0,True,False,-40.0,1,2023-10-24 18:40:00,-2.18569,103.67993,0,0,0,0
103.68063354,-2.18527651,2023-10-25 01:00:00,LAPAN,NOAA20,Verified No fire,SUMSEL MUBA,20182,2023,2023:20182,2023,31606,789549,0.09069202604509327,380.0,True,False,-40.0,1,2023-10-24 18:40:00,-2.18569,103.67993,0,0,0,0
105.76725,-3.62798,2023-10-25 12:00:00,NASA,NOAA20,Fire inside Sitrep,SUMSEL,20227,2023,2023:20227,2023,31651,791631,0.0,381.0,True,False,-39.0,1,2023-10-25 05:39:00,-3.62798,105.76725,0,0,2,2
105.88947,-3.86687,2023-10-25 12:00:00,NASA,NOAA20,Fire inside Sitrep,SUMSEL,20233,2023,2023:20233,2023,31657,791547,0.0,381.0,True,False,-39.0,1,2023-10-25 05:39:00,-3.86687,105.88947,0,0,2,3
105.73886,-3.50664,2023-10-25 12:00:00,NASA,NOAA20,Fire inside Sitrep,SUMSEL,20234,2023,2023:20234,2023,31658,791650,0.0,381.0,True,False,-39.0,1,2023-10-25 05:39:00,-3.50664,105.73886,0,0,2,4
105.75709,-3.79822,2023-10-25 12:00:00,NASA,NOAA20,Fire inside Sitrep,SUMSEL,20261,2023,2023:20261,2023,31685,791468,0.0,381.0,True,False,-39.0,1,2023-10-25 05:39:00,-3.79822,105.75709,0,0,6,10
105.50464,-3.31508,2023-10-25 12:00:00,NASA,NOAA20,Verified No fire,SUMSEL,20275,2023,2023:20275,2023,31699,791434,0.0,381.0,True,False,-39.0,1,2023-10-25 05:39:00,-3.31508,105.50464,0,0,5,6
105.59146,-3.84721,2023-10-25 12:00:00,NASA,NOAA20,Fire inside Sitrep,SUMSEL,20280,2023,2023:20280,2023,31704,791469,0.0,381.0,True,False,-39.0,1,2023-10-25 05:39:00,-3.84721,105.59146,0,0,3,5
105.41340637,-3.14811945,2023-10-25 13:00:00,LAPAN,SNPP,Fire inside Sitrep,SUMSEL,20299,2023,2023:20299,2023,31723,1481391,0.07420887057172353,390.0,True,False,-30.0,1,2023-10-25 06:30:00,-3.14798,105.41406,0,0,0,0
105.68222,-3.50489,2023-10-25 13:00:00,NASA,SNPP,Fire inside Sitrep,SUMSEL,20344,2023,2023:20344,2023,31768,1481756,0.01240947956646169,390.0,True,False,-30.0,1,2023-10-25 06:30:00,-3.50491,105.68233,0,0,0,2
105.45475006,-3.76283574,2023-10-25 13:00:00,LAPAN,SNPP,Fire inside Sitrep,SUMSEL,20406,2023,2023:20406,2023,31830,1481658,0.08956469093818209,390.0,True,False,-30.0,1,2023-10-25 06:30:00,-3.76267,105.45554,0,0,0,0
105.45548,-3.7626,2023-10-25 13:00:00,NASA,SNPP,Fire inside Sitrep,SUMSEL,20408,2023,2023:20408,2023,31832,1481658,0.010242326634035724,390.0,True,False,-30.0,1,2023-10-25 06:30:00,-3.76267,105.45554,0,0,0,0
105.66060638,-3.60582638,2023-10-25 13:00:00,LAPAN,SNPP,Fire inside Sitrep,SUMSEL,20413,2023,2023:20413,2023,31837,1481704,0.08123969985726462,390.0,True,False,-30.0,1,2023-10-25 06:30:00,-3.60606,105.6613,0,0,0,0
105.68147278,-3.50513268,2023-10-25 13:00:00,LAPAN,SNPP,Fire inside Sitrep,SUMSEL,20420,2023,2023:20420,2023,31844,1481756,0.09830965858249387,390.0,True,False,-30.0,1,2023-10-25 06:30:00,-3.50491,105.68233,0,0,0,2
105.75233,-3.52891,2023-10-25 13:00:00,NASA,SNPP,Fire inside Sitrep,SUMSEL,20448,2023,2023:20448,2023,31872,1481723,0.011319043698266095,390.0,True,False,-30.0,1,2023-10-25 06:30:00,-3.52893,105.75243,0,0,0,2
105.39056396,-3.67804241,2023-10-25 13:00:00,LAPAN,SNPP,Fire inside Sitrep,SUMSEL,20499,2023,2023:20499,2023,31923,1481686,0.0813372462465697,390.0,True,False,-30.0,1,2023-10-25 06:30:00,-3.6783,105.39125,0,0,0,0
105.78129,-3.76229,2023-10-25 13:00:00,NASA,SNPP,Fire inside Sitrep,SUMSEL,20518,2023,2023:20518,2023,31942,1481639,0.0031416846026577545,390.0,True,False,-30.0,1,2023-10-25 06:30:00,-3.76231,105.78127,0,0,0,0
105.78070068,-3.76215005,2023-10-25 13:00:00,LAPAN,SNPP,Fire inside Sitrep,SUMSEL,20519,2023,2023:20519,2023,31943,1481639,0.06562523670951334,390.0,True,False,-30.0,1,2023-10-25 06:30:00,-3.76231,105.78127,0,0,0,0
105.67624,-3.15398,2023-10-25 13:00:00,NASA,SNPP,Fire inside Sitrep,SUMSEL,20553,2023,2023:20553,2023,31977,1481396,0.009487896434086632,390.0,True,False,-30.0,1,2023-10-25 06:30:00,-3.15401,105.67616,0,0,0,0
105.61404,-3.56133,2023-10-25 13:00:00,NASA,SNPP,Fire inside Sitrep,SUMSEL,20592,2023,2023:20592,2023,32016,1481721,0.01341425268518364,390.0,True,False,-30.0,1,2023-10-25 06:30:00,-3.56138,105.61415,0,0,0,0
105.79838,-3.65469,2023-10-25 13:00:00,NASA,SNPP,Fire inside Sitrep,SUMSEL,20678,2023,2023:20678,2023,32102,1481680,0.009558794925530932,390.0,True,False,-30.0,1,2023-10-25 06:30:00,-3.65476,105.79843,0,0,0,1
105.61346436,-3.56120372,2023-10-25 13:00:00,LAPAN,SNPP,Fire inside Sitrep,SUMSEL,20700,2023,2023:20700,2023,32124,1481721,0.07857669340787408,390.0,True,False,-30.0,1,2023-10-25 06:30:00,-3.56138,105.61415,0,0,0,0
105.7976532,-3.65497971,2023-10-25 13:00:00,LAPAN,SNPP,Fire inside Sitrep,SUMSEL,20703,2023,2023:20703,2023,32127,1481680,0.08959582367262453,390.0,True,False,-30.0,1,2023-10-25 06:30:00,-3.65476,105.79843,0,0,0,1
105.41415,-3.14791,2023-10-25 13:00:00,NASA,SNPP,Fire inside Sitrep,SUMSEL,20720,2023,2023:20720,2023,32144,1481391,0.012666273388328314,390.0,True,False,-30.0,1,2023-10-25 06:30:00,-3.14798,105.41406,0,0,0,0
105.75156403,-3.52911425,2023-10-25 13:00:00,LAPAN,SNPP,Fire inside Sitrep,SUMSEL,20758,2023,2023:20758,2023,32182,1481723,0.09826844595695916,390.0,True,False,-30.0,1,2023-10-25 06:30:00,-3.52893,105.75243,0,0,0,2
105.67565155,-3.15381837,2023-10-25 13:00:00,LAPAN,SNPP,Fire inside Sitrep,SUMSEL,20773,2023,2023:20773,2023,32197,1481396,0.06033917901476808,390.0,True,False,-30.0,1,2023-10-25 06:30:00,-3.15401,105.67616,0,0,0,0
105.39115,-3.67825,2023-10-25 13:00:00,NASA,SNPP,Fire inside Sitrep,SUMSEL,20792,2023,2023:20792,2023,32216,1481686,0.012411504373236015,390.0,True,False,-30.0,1,2023-10-25 06:30:00,-3.6783,105.39125,0,0,0,0
105.66119,-3.60601,2023-10-25 13:00:00,NASA,SNPP,Fire inside Sitrep,SUMSEL,20800,2023,2023:20800,2023,32224,1481704,0.013413710104356064,390.0,True,False,-30.0,1,2023-10-25 06:30:00,-3.60606,105.6613,0,0,0,0
105.2299,-3.0836,2023-10-26 00:00:00,NASA,SNPP,Fire inside Sitrep,SUMSEL,20867,2023,2023:20867,2023,32291,1482203,0.04336035970468439,388.0,True,False,-32.0,1,2023-10-25 17:32:00,-3.08362,105.23029,0,0,5,13
105.61008,-3.43623,2023-10-26 01:00:00,NASA,NOAA20,Fire inside Sitrep,SUMSEL,20881,2023,2023:20881,2023,32305,791874,0.0,398.0,True,False,-22.0,1,2023-10-25 18:22:00,-3.43623,105.61008,0,0,0,2
105.61064911,-3.43591857,2023-10-26 01:00:00,LAPAN,NOAA20,Fire inside Sitrep,SUMSEL,20882,2023,2023:20882,2023,32306,791874,0.07203788327713119,398.0,True,False,-22.0,1,2023-10-25 18:22:00,-3.43623,105.61008,0,0,0,2
105.71703,-3.65677,2023-10-26 01:00:00,NASA,NOAA20,Fire inside Sitrep,SUMSEL,20886,2023,2023:20886,2023,32310,791944,0.0,398.0,True,False,-22.0,1,2023-10-25 18:22:00,-3.65677,105.71703,0,0,0,2
105.62228,-3.29194,2023-10-26 01:00:00,NASA,NOAA20,Fire inside Sitrep,SUMSEL,20888,2023,2023:20888,2023,32312,791990,0.0,398.0,True,False,-22.0,1,2023-10-25 18:22:00,-3.29194,105.62228,0,0,0,10
105.62284851,-3.29163194,2023-10-26 01:00:00,LAPAN,NOAA20,Fire inside Sitrep,SUMSEL,20889,2023,2023:20889,2023,32313,791990,0.07180817200370093,398.0,True,False,-22.0,1,2023-10-25 18:22:00,-3.29194,105.62228,0,0,0,10
105.80071259,-3.64911532,2023-10-26 01:00:00,LAPAN,NOAA20,Fire inside Sitrep,SUMSEL,20896,2023,2023:20896,2023,32320,791967,0.058626757742799955,398.0,True,False,-22.0,1,2023-10-25 18:22:00,-3.64937,105.80025,0,0,0,2
105.77579498,-3.58063269,2023-10-26 01:00:00,LAPAN,NOAA20,Fire inside Sitrep,SUMSEL,20898,2023,2023:20898,2023,32322,791979,0.05749566026049502,398.0,True,False,-22.0,1,2023-10-25 18:22:00,-3.58088,105.77534,0,0,0,10
105.77534,-3.58088,2023-10-26 01:00:00,NASA,NOAA20,Fire inside Sitrep,SUMSEL,20908,2023,2023:20908,2023,32332,791979,0.0,398.0,True,False,-22.0,1,2023-10-25 18:22:00,-3.58088,105.77534,0,0,0,10
105.75273,-3.6351,2023-10-26 01:00:00,NASA,NOAA20,Fire inside Sitrep,SUMSEL,20910,2023,2023:20910,2023,32334,791971,0.0,398.0,True,False,-22.0,1,2023-10-25 18:22:00,-3.6351,105.75273,0,0,0,9
103.24324,-1.06419,2023-10-26 01:00:00,NASA,NOAA20,Verified No fire,JAMBI SMF,20914,2023,2023:20914,2023,32338,791838,0.0,399.0,True,False,-21.0,1,2023-10-25 18:21:00,-1.06419,103.24324,0,0,2,3
105.55235,-3.44413,2023-10-26 01:00:00,NASA,NOAA20,Fire inside Sitrep,SUMSEL,20954,2023,2023:20954,2023,32378,791897,0.0,398.0,True,False,-22.0,1,2023-10-25 18:22:00,-3.44413,105.55235,0,0,0,5
105.71760559,-3.65644693,2023-10-26 01:00:00,LAPAN,NOAA20,Fire inside Sitrep,SUMSEL,20978,2023,2023:20978,2023,32402,791944,0.07328173491068296,398.0,True,False,-22.0,1,2023-10-25 18:22:00,-3.65677,105.71703,0,0,0,2
105.80025,-3.64937,2023-10-26 01:00:00,NASA,NOAA20,Fire inside Sitrep,SUMSEL,20990,2023,2023:20990,2023,32414,791967,0.0,398.0,True,False,-22.0,1,2023-10-25 18:22:00,-3.64937,105.80025,0,0,0,2
105.75319672,-3.63485003,2023-10-26 01:00:00,LAPAN,NOAA20,Fire inside Sitrep,SUMSEL,20993,2023,2023:20993,2023,32417,791971,0.05877972153542229,398.0,True,False,-22.0,1,2023-10-25 18:22:00,-3.6351,105.75273,0,0,0,9
103.33732,-1.16977,2023-10-26 01:00:00,NASA,NOAA20,Verified No fire,JAMBI SMF,21006,2023,2023:21006,2023,32430,791839,0.0,399.0,True,False,-21.0,1,2023-10-25 18:21:00,-1.16977,103.33732,0,0,1,3
105.55291748,-3.44382238,2023-10-26 01:00:00,LAPAN,NOAA20,Fire inside Sitrep,SUMSEL,21007,2023,2023:21007,2023,32431,791897,0.07167568710900545,398.0,True,False,-22.0,1,2023-10-25 18:22:00,-3.44413,105.55235,0,0,0,5
103.33821,-1.16822,2023-10-26 02:00:00,NASA,SNPP,Verified No fire,JAMBI SMF,21023,2023,2023:21023,2023,32447,1482364,0.027793444691263814,408.0,True,False,-12.0,1,2023-10-25 19:12:00,-1.16829,103.33845,0,0,1,3
105.60896,-3.74193,2023-10-26 02:00:00,NASA,SNPP,Fire inside Sitrep,SUMSEL,21025,2023,2023:21025,2023,32449,1482369,0.061118019637032096,407.0,True,False,-13.0,1,2023-10-25 19:13:00,-3.7419,105.60841,0,0,10,39
105.70773315,-3.56399536,2023-10-26 13:00:00,LAPAN,SNPP,Fire inside Sitrep,SUMSEL,21028,2023,2023:21028,2023,32452,1484339,0.09731979935084949,409.0,True,False,-11.0,1,2023-10-26 06:11:00,-3.56363,105.70853,0,0,0,1
105.7159729,-3.65548086,2023-10-26 13:00:00,LAPAN,SNPP,Fire inside Sitrep,SUMSEL,21031,2023,2023:21031,2023,32455,1484365,0.09134031911251814,409.0,True,False,-11.0,1,2023-10-26 06:11:00,-3.65558,105.71679,0,0,0,1
105.46472931,-3.71951604,2023-10-26 13:00:00,LAPAN,SNPP,Fire inside Sitrep,SUMSEL,21090,2023,2023:21090,2023,32514,1484368,0.09194188429164611,409.0,True,False,-11.0,1,2023-10-26 06:11:00,-3.71963,105.46555,0,0,2,33
105.57053,-3.77365,2023-10-26 13:00:00,NASA,SNPP,Fire inside Sitrep,SUMSEL,21096,2023,2023:21096,2023,32520,1484390,0.010230499551503193,409.0,True,False,-11.0,1,2023-10-26 06:11:00,-3.77367,105.57062,0,0,2,20
105.54172,-3.759,2023-10-26 13:00:00,NASA,SNPP,Fire inside Sitrep,SUMSEL,21107,2023,2023:21107,2023,32531,1484386,0.008452975956418597,409.0,True,False,-11.0,1,2023-10-26 06:11:00,-3.75903,105.54179,0,0,1,2
105.54099274,-3.75942183,2023-10-26 13:00:00,LAPAN,SNPP,Fire inside Sitrep,SUMSEL,21119,2023,2023:21119,2023,32543,1484386,0.09860828097905378,409.0,True,False,-11.0,1,2023-10-26 06:11:00,-3.75903,105.54179,0,0,1,2
105.82700348,-3.89573121,2023-10-26 13:00:00,LAPAN,SNPP,Fire inside Sitrep,SUMSEL,21120,2023,2023:21120,2023,32544,1484434,0.06942662896756756,409.0,True,False,-11.0,1,2023-10-26 06:11:00,-3.89592,105.8276,0,0,2,2
105.61258698,-3.24687481,2023-10-26 13:00:00,LAPAN,SNPP,Fire inside Sitrep,SUMSEL,21131,2023,2023:21131,2023,32555,1484805,0.0575524437896509,408.0,True,False,-12.0,1,2023-10-26 06:12:00,-3.247,105.61309,0,0,0,0
105.34377,-2.62494,2023-10-26 13:00:00,NASA,SNPP,Verified No fire,SUMSEL,21132,2023,2023:21132,2023,32556,1484707,0.01651495555892538,408.0,True,False,-12.0,1,2023-10-26 06:12:00,-2.62489,105.34391,0,0,0,2
103.37118,-1.1885,2023-10-26 13:00:00,NASA,SNPP,Verified No fire,JAMBI SMF,21135,2023,2023:21135,2023,32559,1484654,0.011117115848752282,408.0,True,False,-12.0,1,2023-10-26 06:12:00,-1.1885,103.37128,0,0,0,4
105.80608,-3.64597,2023-10-26 13:00:00,NASA,SNPP,Fire inside Sitrep,SUMSEL,21200,2023,2023:21200,2023,32624,1484366,0.021201265331712044,409.0,True,False,-11.0,1,2023-10-26 06:11:00,-3.64595,105.80627,0,0,0,2
105.70033,-3.31916,2023-10-26 13:00:00,NASA,SNPP,Fire inside Sitrep,SUMSEL,21204,2023,2023:21204,2023,32628,1484304,0.004966122797069115,409.0,True,False,-11.0,1,2023-10-26 06:11:00,-3.31918,105.70029,0,0,2,4
105.68168,-3.46373,2023-10-26 13:00:00,NASA,SNPP,Fire inside Sitrep,SUMSEL,21207,2023,2023:21207,2023,32631,1484313,0.0024854898322764604,409.0,True,False,-11.0,1,2023-10-26 06:11:00,-3.46375,105.68169,0,0,0,10
105.68106842,-3.46358585,2023-10-26 13:00:00,LAPAN,SNPP,Fire inside Sitrep,SUMSEL,21208,2023,2023:21208,2023,32632,1484313,0.07136408784252318,409.0,True,False,-11.0,1,2023-10-26 06:11:00,-3.46375,105.68169,0,0,0,10
105.70845,-3.56363,2023-10-26 13:00:00,NASA,SNPP,Fire inside Sitrep,SUMSEL,21216,2023,2023:21216,2023,32640,1484339,0.008878405742687933,409.0,True,False,-11.0,1,2023-10-26 06:11:00,-3.56363,105.70853,0,0,0,1
105.74491,-3.48723,2023-10-26 13:00:00,NASA,SNPP,Fire inside Sitrep,SUMSEL,21269,2023,2023:21269,2023,32693,1484320,0.009989027029910938,409.0,True,False,-11.0,1,2023-10-26 06:11:00,-3.48723,105.745,0,0,1,2
105.69961548,-3.31955051,2023-10-26 13:00:00,LAPAN,SNPP,Fire inside Sitrep,SUMSEL,21298,2023,2023:21298,2023,32722,1484304,0.08546335117732676,409.0,True,False,-11.0,1,2023-10-26 06:11:00,-3.31918,105.70029,0,0,2,4
105.82761,-3.8959,2023-10-26 13:00:00,NASA,SNPP,Fire inside Sitrep,SUMSEL,21330,2023,2023:21330,2023,32754,1484434,0.0024852494967236042,409.0,True,False,-11.0,1,2023-10-26 06:11:00,-3.89592,105.8276,0,0,2,2
105.73076,-3.56776,2023-10-26 13:00:00,NASA,SNPP,Fire inside Sitrep,SUMSEL,21337,2023,2023:21337,2023,32761,1484340,0.008947726854202772,409.0,True,False,-11.0,1,2023-10-26 06:11:00,-3.56775,105.73084,0,0,1,11
105.58119202,-3.79122877,2023-10-26 13:00:00,LAPAN,SNPP,Fire inside Sitrep,SUMSEL,21359,2023,2023:21359,2023,32783,1484397,0.09913727061377883,409.0,True,False,-11.0,1,2023-10-26 06:11:00,-3.79087,105.58201,0,0,0,5
105.71659,-3.65561,2023-10-26 13:00:00,NASA,SNPP,Fire inside Sitrep,SUMSEL,21381,2023,2023:21381,2023,32805,1484365,0.022443065885962524,409.0,True,False,-11.0,1,2023-10-26 06:11:00,-3.65558,105.71679,0,0,0,1
105.56981659,-3.77405047,2023-10-26 13:00:00,LAPAN,SNPP,Fire inside Sitrep,SUMSEL,21400,2023,2023:21400,2023,32824,1484390,0.0986713853179952,409.0,True,False,-11.0,1,2023-10-26 06:11:00,-3.77367,105.57062,0,0,2,20
105.58192,-3.79085,2023-10-26 13:00:00,NASA,SNPP,Fire inside Sitrep,SUMSEL,21406,2023,2023:21406,2023,32830,1484397,0.010230306116620149,409.0,True,False,-11.0,1,2023-10-26 06:11:00,-3.79087,105.58201,0,0,0,5
105.67544,-3.51612,2023-10-26 13:00:00,NASA,SNPP,Fire inside Sitrep,SUMSEL,21408,2023,2023:21408,2023,32832,1484324,0.008878861179909237,409.0,True,False,-11.0,1,2023-10-26 06:11:00,-3.51612,105.67552,0,0,0,1
105.80548096,-3.64584231,2023-10-26 13:00:00,LAPAN,SNPP,Fire inside Sitrep,SUMSEL,21419,2023,2023:21419,2023,32843,1484366,0.08837481976768258,409.0,True,False,-11.0,1,2023-10-26 06:11:00,-3.64595,105.80627,0,0,0,2
105.34316254,-2.62482476,2023-10-26 13:00:00,LAPAN,SNPP,Verified No fire,SUMSEL,21427,2023,2023:21427,2023,32851,1484707,0.0833429899432403,408.0,True,False,-12.0,1,2023-10-26 06:12:00,-2.62489,105.34391,0,0,0,2
105.5552063,-3.44111753,2023-10-26 13:00:00,LAPAN,SNPP,Fire inside Sitrep,SUMSEL,21435,2023,2023:21435,2023,32859,1484309,0.06925590412512897,409.0,True,False,-11.0,1,2023-10-26 06:11:00,-3.44123,105.55582,0,0,0,4
105.46535,-3.71966,2023-10-26 13:00:00,NASA,SNPP,Fire inside Sitrep,SUMSEL,21452,2023,2023:21452,2023,32876,1484368,0.022441484694246377,409.0,True,False,-11.0,1,2023-10-26 06:11:00,-3.71963,105.46555,0,0,2,33
103.37049103,-1.18843329,2023-10-26 13:00:00,LAPAN,SNPP,Verified No fire,JAMBI SMF,21453,2023,2023:21453,2023,32877,1484654,0.08802381923032306,408.0,True,False,-12.0,1,2023-10-26 06:12:00,-1.1885,103.37128,0,0,0,4
105.55582,-3.44122,2023-10-26 13:00:00,NASA,SNPP,Fire inside Sitrep,SUMSEL,21465,2023,2023:21465,2023,32889,1484309,0.001111950802298546,409.0,True,False,-11.0,1,2023-10-26 06:11:00,-3.44123,105.55582,0,0,0,4
105.73003387,-3.56811357,2023-10-26 13:00:00,LAPAN,SNPP,Fire inside Sitrep,SUMSEL,21474,2023,2023:21474,2023,32898,1484340,0.09817411003371358,409.0,True,False,-11.0,1,2023-10-26 06:11:00,-3.56775,105.73084,0,0,1,11
105.59995,-3.53852,2023-10-26 13:00:00,NASA,SNPP,Fire inside Sitrep,SUMSEL,21480,2023,2023:21480,2023,32904,1484334,0.009988478112112389,409.0,True,False,-11.0,1,2023-10-26 06:11:00,-3.53852,105.60004,0,0,3,3
105.61319,-3.24701,2023-10-26 13:00:00,NASA,SNPP,Fire inside Sitrep,SUMSEL,21489,2023,2023:21489,2023,32913,1484805,0.011157205097629996,408.0,True,False,-12.0,1,2023-10-26 06:12:00,-3.247,105.61309,0,0,0,0
105.47319,-3.81397,2023-10-26 14:00:00,NASA,NOAA20,Fire inside Sitrep,SUMSEL,21514,2023,2023:21514,2023,32938,793928,0.0,419.0,True,False,-1.0,1,2023-10-26 07:01:00,-3.81397,105.47319,0,0,0,0
105.60764,-3.91021,2023-10-26 14:00:00,NASA,NOAA20,Fire inside Sitrep,SUMSEL,21560,2023,2023:21560,2023,32984,793967,0.0,419.0,True,False,-1.0,1,2023-10-26 07:01:00,-3.91021,105.60764,0,0,0,3
105.7771,-3.58147,2023-10-26 14:00:00,NASA,NOAA20,Fire inside Sitrep,SUMSEL,21572,2023,2023:21572,2023,32996,793884,0.0,419.0,True,False,-1.0,1,2023-10-26 07:01:00,-3.58147,105.7771,0,0,3,7
105.26167,-2.93471,2023-10-26 14:00:00,NASA,NOAA20,Fire inside Sitrep,SUMSEL,21603,2023,2023:21603,2023,33027,794099,0.0,419.0,True,False,-1.0,1,2023-10-26 07:01:00,-2.93471,105.26167,0,0,0,5
105.68362,-3.96659,2023-10-26 14:00:00,NASA,NOAA20,Fire inside Sitrep,SUMSEL,21616,2023,2023:21616,2023,33040,793977,0.0,419.0,True,False,-1.0,1,2023-10-26 07:01:00,-3.96659,105.68362,0,0,4,4
105.66271,-3.51494,2023-10-26 14:00:00,NASA,NOAA20,Fire inside Sitrep,SUMSEL,21629,2023,2023:21629,2023,33053,794138,0.0,419.0,True,False,-1.0,1,2023-10-26 07:01:00,-3.51494,105.66271,0,0,0,0
105.74693,-3.49015,2023-10-26 14:00:00,NASA,NOAA20,Fire inside Sitrep,SUMSEL,21638,2023,2023:21638,2023,33062,794140,0.0,419.0,True,False,-1.0,1,2023-10-26 07:01:00,-3.49015,105.74693,0,0,1,1
105.67485,-3.79682,2023-10-26 14:00:00,NASA,NOAA20,Fire inside Sitrep,SUMSEL,21644,2023,2023:21644,2023,33068,793930,0.0,419.0,True,False,-1.0,1,2023-10-26 07:01:00,-3.79682,105.67485,0,0,0,3
105.50349,-3.81435,2023-10-26 14:00:00,NASA,NOAA20,Fire inside Sitrep,SUMSEL,21649,2023,2023:21649,2023,33073,793929,0.0,419.0,True,False,-1.0,1,2023-10-26 07:01:00,-3.81435,105.50349,0,0,0,0
105.64447,-3.5426,2023-10-26 14:00:00,NASA,NOAA20,Fire inside Sitrep,SUMSEL,21656,2023,2023:21656,2023,33080,794114,0.0,419.0,True,False,-1.0,1,2023-10-26 07:01:00,-3.5426,105.64447,0,0,1,1
105.56797,-2.69469,2023-10-26 14:00:00,NASA,NOAA20,Verified Fire,SUMSEL,21661,2023,2023:21661,2023,33085,793829,0.0,419.0,True,False,-1.0,1,2023-10-26 07:01:00,-2.69469,105.56797,0,0,0,0
105.71054,-3.96202,2023-10-26 14:00:00,NASA,NOAA20,Fire inside Sitrep,SUMSEL,21665,2023,2023:21665,2023,33089,793978,0.0,419.0,True,False,-1.0,1,2023-10-26 07:01:00,-3.96202,105.71054,0,0,0,11
105.73832,-3.45822,2023-10-26 14:00:00,NASA,NOAA20,Fire inside Sitrep,SUMSEL,21676,2023,2023:21676,2023,33100,794141,0.0,419.0,True,False,-1.0,1,2023-10-26 07:01:00,-3.45822,105.73832,0,0,5,10
105.66569,-3.54455,2023-10-26 14:00:00,NASA,NOAA20,Fire inside Sitrep,SUMSEL,21684,2023,2023:21684,2023,33108,794112,0.0,419.0,True,False,-1.0,1,2023-10-26 07:01:00,-3.54455,105.66569,0,0,0,0
105.61024,-3.55398,2023-10-27 01:00:00,NASA,SNPP,Fire inside Sitrep,SUMSEL,21821,2023,2023:21821,2023,33245,1485296,0.030150044206048356,366.0,True,False,-54.0,1,2023-10-26 18:54:00,-3.55395,105.60997,0,0,1,2
103.79563,-2.10006,2023-10-27 01:00:00,NASA,NOAA20,Verified No fire,SUMSEL MUBA,21833,2023,2023:21833,2023,33257,794650,0.0,417.0,True,False,-3.0,1,2023-10-26 18:03:00,-2.10006,103.79563,0,0,1,1
105.67581,-3.79645,2023-10-27 01:00:00,NASA,NOAA20,Fire inside Sitrep,SUMSEL,21835,2023,2023:21835,2023,33259,794601,0.0,417.0,True,False,-3.0,1,2023-10-26 18:03:00,-3.79645,105.67581,0,0,1,4
105.54985,-3.44233,2023-10-27 01:00:00,NASA,NOAA20,Fire inside Sitrep,SUMSEL,21842,2023,2023:21842,2023,33266,794564,0.0,417.0,True,False,-3.0,1,2023-10-26 18:03:00,-3.44233,105.54985,0,0,1,7
105.64774,-3.95515,2023-10-27 01:00:00,NASA,NOAA20,Fire inside Sitrep,SUMSEL,21843,2023,2023:21843,2023,33267,794517,0.0,417.0,True,False,-3.0,1,2023-10-26 18:03:00,-3.95515,105.64774,0,0,0,0
105.57957,-3.79262,2023-10-27 01:00:00,NASA,NOAA20,Fire inside Sitrep,SUMSEL,21845,2023,2023:21845,2023,33269,794602,0.0,417.0,True,False,-3.0,1,2023-10-26 18:03:00,-3.79262,105.57957,0,0,0,3
105.34136,-2.62458,2023-10-27 01:00:00,NASA,NOAA20,Verified No fire,SUMSEL,21851,2023,2023:21851,2023,33275,794659,0.0,417.0,True,False,-3.0,1,2023-10-26 18:03:00,-2.62458,105.34136,0,0,0,4
103.38198,-1.20255,2023-10-27 01:00:00,NASA,NOAA20,Verified No fire,JAMBI SMF,21858,2023,2023:21858,2023,33282,794610,0.0,417.0,True,False,-3.0,1,2023-10-26 18:03:00,-1.20255,103.38198,0,0,1,8
103.24088,-1.06306,2023-10-27 01:00:00,NASA,NOAA20,Verified No fire,JAMBI SMF,21860,2023,2023:21860,2023,33284,794605,0.0,417.0,True,False,-3.0,1,2023-10-26 18:03:00,-1.06306,103.24088,0,0,0,3
105.67619,-3.79881,2023-10-27 01:00:00,NASA,SNPP,Fire inside Sitrep,SUMSEL,21863,2023,2023:21863,2023,33287,1485248,0.009424855977650031,366.0,True,False,-54.0,1,2023-10-26 18:54:00,-3.79875,105.67613,0,0,1,7
103.36974,-1.18641,2023-10-27 01:00:00,NASA,NOAA20,Verified No fire,JAMBI SMF,21874,2023,2023:21874,2023,33298,794609,0.0,417.0,True,False,-3.0,1,2023-10-26 18:03:00,-1.18641,103.36974,0,0,2,5
105.63275,-3.29405,2023-10-27 01:00:00,NASA,NOAA20,Fire inside Sitrep,SUMSEL,21876,2023,2023:21876,2023,33300,794683,0.0,417.0,True,False,-3.0,1,2023-10-26 18:03:00,-3.29405,105.63275,0,0,0,15
105.77582,-3.57851,2023-10-27 01:00:00,NASA,SNPP,Fire inside Sitrep,SUMSEL,21887,2023,2023:21887,2023,33311,1485295,0.03125245953811838,366.0,True,False,-54.0,1,2023-10-26 18:54:00,-3.57848,105.77554,0,0,1,5
105.79572,-3.35038,2023-10-27 01:00:00,NASA,NOAA20,Fire inside Sitrep,SUMSEL,21908,2023,2023:21908,2023,33332,794684,0.0,417.0,True,False,-3.0,1,2023-10-26 18:03:00,-3.35038,105.79572,0,0,1,4
105.55007,-3.44363,2023-10-27 01:00:00,NASA,SNPP,Fire inside Sitrep,SUMSEL,21918,2023,2023:21918,2023,33342,1485309,0.021088917739620655,366.0,True,False,-54.0,1,2023-10-26 18:54:00,-3.44363,105.54988,0,0,1,8
105.37944,-2.40972,2023-10-27 01:00:00,NASA,NOAA20,Verified No fire,SUMSEL,21931,2023,2023:21931,2023,33355,794654,0.0,417.0,True,False,-3.0,1,2023-10-26 18:03:00,-2.40972,105.37944,0,0,1,4
105.38345,-2.40885,2023-10-27 01:00:00,NASA,SNPP,Verified No fire,SUMSEL,21932,2023,2023:21932,2023,33356,1485187,0.008088510810079346,366.0,True,False,-54.0,1,2023-10-26 18:54:00,-2.40887,105.38338,0,0,1,6
105.74254,-3.61068,2023-10-27 01:00:00,NASA,SNPP,Fire inside Sitrep,SUMSEL,21947,2023,2023:21947,2023,33371,1485294,0.03125136979613082,366.0,True,False,-54.0,1,2023-10-26 18:54:00,-3.61065,105.74226,0,0,5,6
103.3374,-1.16901,2023-10-27 01:00:00,NASA,SNPP,Verified No fire,JAMBI SMF,21953,2023,2023:21953,2023,33377,1485180,0.017925993497081547,366.0,True,False,-54.0,1,2023-10-26 18:54:00,-1.16903,103.33756,0,0,1,3
103.79975,-2.10138,2023-10-27 01:00:00,NASA,SNPP,Verified No fire,SUMSEL MUBA,21955,2023,2023:21955,2023,33379,1485186,0.005666192637161331,366.0,True,False,-54.0,1,2023-10-26 18:54:00,-2.10137,103.7997,0,0,1,2
105.62951,-3.84386,2023-10-27 01:00:00,NASA,NOAA20,Fire inside Sitrep,SUMSEL,21957,2023,2023:21957,2023,33381,794519,0.0,417.0,True,False,-3.0,1,2023-10-26 18:03:00,-3.84386,105.62951,0,0,2,12
105.60796,-3.55254,2023-10-27 01:00:00,NASA,NOAA20,Fire inside Sitrep,SUMSEL,21959,2023,2023:21959,2023,33383,794492,0.0,417.0,True,False,-3.0,1,2023-10-26 18:03:00,-3.55254,105.60796,0,0,1,2
105.44226,-3.33051,2023-10-27 01:00:00,NASA,SNPP,Fire inside Sitrep,SUMSEL,21960,2023,2023:21960,2023,33384,1485199,0.007021905097951506,366.0,True,False,-54.0,1,2023-10-26 18:54:00,-3.33053,105.4422,0,0,1,1
105.69601,-3.57868,2023-10-27 01:00:00,NASA,NOAA20,Fire inside Sitrep,SUMSEL,21972,2023,2023:21972,2023,33396,794489,0.0,417.0,True,False,-3.0,1,2023-10-26 18:03:00,-3.57868,105.69601,0,0,0,2
105.77274,-3.57944,2023-10-27 01:00:00,NASA,NOAA20,Fire inside Sitrep,SUMSEL,21991,2023,2023:21991,2023,33415,794491,0.0,417.0,True,False,-3.0,1,2023-10-26 18:03:00,-3.57944,105.77274,0,0,1,7
105.75187,-3.63331,2023-10-27 01:00:00,NASA,SNPP,Fire inside Sitrep,SUMSEL,21992,2023,2023:21992,2023,33416,1485292,0.03235418962485593,366.0,True,False,-54.0,1,2023-10-26 18:54:00,-3.63328,105.75158,0,0,0,6
105.7955,-3.35168,2023-10-27 01:00:00,NASA,SNPP,Fire inside Sitrep,SUMSEL,21996,2023,2023:21996,2023,33420,1485198,0.007849499495157798,366.0,True,False,-54.0,1,2023-10-26 18:54:00,-3.35169,105.79543,0,0,1,4
105.44009,-3.332,2023-10-27 01:00:00,NASA,NOAA20,Fire inside Sitrep,SUMSEL,22003,2023,2023:22003,2023,33427,794688,0.0,417.0,True,False,-3.0,1,2023-10-26 18:03:00,-3.332,105.44009,0,0,1,1
103.33813,-1.16715,2023-10-27 01:00:00,NASA,NOAA20,Verified No fire,JAMBI SMF,22007,2023,2023:22007,2023,33431,794607,0.0,417.0,True,False,-3.0,1,2023-10-26 18:03:00,-1.16715,103.33813,0,0,1,3
105.57928,-3.82336,2023-10-27 12:00:00,NASA,SNPP,Fire inside Sitrep,SUMSEL,22026,2023,2023:22026,2023,33450,1486717,0.03612466233113819,368.0,True,False,-52.0,1,2023-10-27 05:52:00,-3.8233,105.5796,0,0,1,1
105.61,-3.91068,2023-10-27 12:00:00,NASA,SNPP,Fire inside Sitrep,SUMSEL,22031,2023,2023:22031,2023,33455,1486644,0.017888563427314156,368.0,True,False,-52.0,1,2023-10-27 05:52:00,-3.91066,105.61016,0,0,2,3
105.4862,-3.73043,2023-10-27 12:00:00,NASA,SNPP,Fire inside Sitrep,SUMSEL,22039,2023,2023:22039,2023,33463,1486935,0.025905368510989176,367.0,True,False,-53.0,1,2023-10-27 05:53:00,-3.73039,105.48643,0,0,1,10
105.3447,-2.62484,2023-10-27 12:00:00,NASA,SNPP,Verified No fire,SUMSEL,22049,2023,2023:22049,2023,33473,1487101,0.03094705699164144,367.0,True,False,-53.0,1,2023-10-27 05:53:00,-2.62474,105.34496,0,0,0,5
104.4643,-2.24599,2023-10-27 12:00:00,NASA,SNPP,Verified No fire,SUMSEL MUBA,22053,2023,2023:22053,2023,33477,1486947,0.01839445009451848,367.0,True,False,-53.0,1,2023-10-27 05:53:00,-2.24606,104.46415,0,0,0,0
105.7569,-3.48155,2023-10-27 12:00:00,NASA,SNPP,Fire inside Sitrep,SUMSEL,22075,2023,2023:22075,2023,33499,1487304,0.002223901604695833,367.0,True,False,-53.0,1,2023-10-27 05:53:00,-3.48157,105.7569,0,0,1,1
105.80788,-3.6475,2023-10-27 12:00:00,NASA,SNPP,Fire inside Sitrep,SUMSEL,22110,2023,2023:22110,2023,33534,1486918,0.02574013670941652,367.0,True,False,-53.0,1,2023-10-27 05:53:00,-3.64747,105.80811,0,0,0,1
105.64721,-3.52343,2023-10-27 12:00:00,NASA,SNPP,Fire inside Sitrep,SUMSEL,22124,2023,2023:22124,2023,33548,1487322,0.0033358524070080347,367.0,True,False,-53.0,1,2023-10-27 05:53:00,-3.52346,105.64721,0,0,0,0
105.75605011,-3.48152351,2023-10-27 12:00:00,LAPAN,SNPP,Fire inside Sitrep,SUMSEL,22133,2023,2023:22133,2023,33557,1487304,0.09447071476389425,367.0,True,False,-53.0,1,2023-10-27 05:53:00,-3.48157,105.7569,0,0,1,1
105.64634705,-3.52338433,2023-10-27 12:00:00,LAPAN,SNPP,Fire inside Sitrep,SUMSEL,22134,2023,2023:22134,2023,33558,1487322,0.09614331052940167,367.0,True,False,-53.0,1,2023-10-27 05:53:00,-3.52346,105.64721,0,0,0,0
105.74796,-3.5234,2023-10-27 12:00:00,NASA,SNPP,Fire inside Sitrep,SUMSEL,22135,2023,2023:22135,2023,33559,1487335,0.02000820371533483,367.0,True,False,-53.0,1,2023-10-27 05:53:00,-3.52339,105.74814,0,0,1,1
105.49709,-3.79383,2023-10-27 12:00:00,NASA,SNPP,Fire inside Sitrep,SUMSEL,22146,2023,2023:22146,2023,33570,1486728,0.035937124682321665,368.0,True,False,-52.0,1,2023-10-27 05:52:00,-3.79378,105.49741,0,0,1,1
105.57805,-3.54773,2023-10-27 12:00:00,NASA,SNPP,Fire inside Sitrep,SUMSEL,22147,2023,2023:22147,2023,33571,1487334,0.02111587505718727,367.0,True,False,-53.0,1,2023-10-27 05:53:00,-3.54772,105.57824,0,0,0,1
105.55235,-3.44486,2023-10-27 12:00:00,NASA,SNPP,Fire inside Sitrep,SUMSEL,22167,2023,2023:22167,2023,33591,1487285,0.003335852406976747,367.0,True,False,-53.0,1,2023-10-27 05:53:00,-3.44489,105.55235,0,0,1,8
105.71262,-3.55908,2023-10-27 12:00:00,NASA,SNPP,Fire inside Sitrep,SUMSEL,22212,2023,2023:22212,2023,33636,1487339,0.02009991952440462,367.0,True,False,-53.0,1,2023-10-27 05:53:00,-3.55906,105.7128,0,0,0,1
105.6722,-3.51891,2023-10-27 12:00:00,NASA,SNPP,Fire inside Sitrep,SUMSEL,22228,2023,2023:22228,2023,33652,1487327,0.021116529078068977,367.0,True,False,-53.0,1,2023-10-27 05:53:00,-3.5189,105.67239,0,0,1,2
105.55147552,-3.44491243,2023-10-27 12:00:00,LAPAN,SNPP,Fire inside Sitrep,SUMSEL,22232,2023,2023:22232,2023,33656,1487285,0.09709420818744789,367.0,True,False,-53.0,1,2023-10-27 05:53:00,-3.44489,105.55235,0,0,1,8
105.53928,-3.7515,2023-10-27 12:00:00,NASA,SNPP,Fire inside Sitrep,SUMSEL,22250,2023,2023:22250,2023,33674,1486742,0.03593883355408329,368.0,True,False,-52.0,1,2023-10-27 05:52:00,-3.75145,105.5396,0,0,0,1
105.46278,-3.78246,2023-10-27 13:00:00,NASA,NOAA20,Fire inside Sitrep,SUMSEL,22266,2023,2023:22266,2023,33690,796226,0.0,378.0,True,False,-42.0,1,2023-10-27 06:42:00,-3.78246,105.46278,0,0,0,0
105.49791718,-3.79267645,2023-10-27 13:00:00,LAPAN,NOAA20,Fire inside Sitrep,SUMSEL,22267,2023,2023:22267,2023,33691,796241,0.06439793441119007,378.0,True,False,-42.0,1,2023-10-27 06:42:00,-3.7925,105.49847,0,0,1,7
105.49847,-3.7925,2023-10-27 13:00:00,NASA,NOAA20,Fire inside Sitrep,SUMSEL,22268,2023,2023:22268,2023,33692,796241,0.0,378.0,True,False,-42.0,1,2023-10-27 06:42:00,-3.7925,105.49847,0,0,1,7
105.23856354,-2.99767399,2023-10-27 13:00:00,LAPAN,NOAA20,Fire inside Sitrep,SUMSEL,22282,2023,2023:22282,2023,33706,796010,0.06369007593045053,378.0,True,False,-42.0,1,2023-10-27 06:42:00,-2.9975,105.23911,0,0,0,0
105.67765,-3.79974,2023-10-27 13:00:00,NASA,NOAA20,Fire inside Sitrep,SUMSEL,22321,2023,2023:22321,2023,33745,796252,0.0,378.0,True,False,-42.0,1,2023-10-27 06:42:00,-3.79974,105.67765,0,0,0,8
105.23911,-2.9975,2023-10-27 13:00:00,NASA,NOAA20,Fire inside Sitrep,SUMSEL,22322,2023,2023:22322,2023,33746,796010,0.0,378.0,True,False,-42.0,1,2023-10-27 06:42:00,-2.9975,105.23911,0,0,0,0
105.75559235,-3.4824636,2023-10-27 13:00:00,LAPAN,NOAA20,Fire inside Sitrep,SUMSEL,22325,2023,2023:22325,2023,33749,796139,0.08526410532973801,378.0,True,False,-42.0,1,2023-10-27 06:42:00,-3.48219,105.75631,0,0,1,2
105.82542,-3.74016,2023-10-27 13:00:00,NASA,NOAA20,Fire inside Sitrep,SUMSEL,22358,2023,2023:22358,2023,33782,796244,0.0,378.0,True,False,-42.0,1,2023-10-27 06:42:00,-3.74016,105.82542,0,0,0,1
105.75631,-3.48219,2023-10-27 13:00:00,NASA,NOAA20,Fire inside Sitrep,SUMSEL,22372,2023,2023:22372,2023,33796,796139,0.0,378.0,True,False,-42.0,1,2023-10-27 06:42:00,-3.48219,105.75631,0,0,1,2
105.77061462,-3.62866735,2023-10-27 13:00:00,LAPAN,NOAA20,Fire inside Sitrep,SUMSEL,22386,2023,2023:22386,2023,33810,796173,0.06513537986991184,378.0,True,False,-42.0,1,2023-10-27 06:42:00,-3.62851,105.77118,0,0,0,7
105.79967,-3.65589,2023-10-27 13:00:00,NASA,NOAA20,Fire inside Sitrep,SUMSEL,22389,2023,2023:22389,2023,33813,796197,0.0,378.0,True,False,-42.0,1,2023-10-27 06:42:00,-3.65589,105.79967,0,0,0,0
103.47866821,-2.28741717,2023-10-27 13:00:00,LAPAN,NOAA20,Verified No fire,SUMSEL MUBA,22425,2023,2023:22425,2023,33849,796443,0.07186255623906629,377.0,True,False,-43.0,1,2023-10-27 06:43:00,-2.28708,103.47922,0,0,0,0
103.47922,-2.28708,2023-10-27 13:00:00,NASA,NOAA20,Verified No fire,SUMSEL MUBA,22426,2023,2023:22426,2023,33850,796443,0.0,377.0,True,False,-43.0,1,2023-10-27 06:43:00,-2.28708,103.47922,0,0,0,0
105.58723,-3.79418,2023-10-27 13:00:00,NASA,NOAA20,Fire inside Sitrep,SUMSEL,22515,2023,2023:22515,2023,33939,796245,0.0,378.0,True,False,-42.0,1,2023-10-27 06:42:00,-3.79418,105.58723,0,0,0,4
105.82483673,-3.74032259,2023-10-27 13:00:00,LAPAN,NOAA20,Fire inside Sitrep,SUMSEL,22521,2023,2023:22521,2023,33945,796244,0.06719640313657378,378.0,True,False,-42.0,1,2023-10-27 06:42:00,-3.74016,105.82542,0,0,0,1
105.77872,-3.49481,2023-10-27 13:00:00,NASA,NOAA20,Fire inside Sitrep,SUMSEL,22530,2023,2023:22530,2023,33954,796143,0.0,378.0,True,False,-42.0,1,2023-10-27 06:42:00,-3.49481,105.77872,0,0,2,3
105.77118,-3.62851,2023-10-27 13:00:00,NASA,NOAA20,Fire inside Sitrep,SUMSEL,22531,2023,2023:22531,2023,33955,796173,0.0,378.0,True,False,-42.0,1,2023-10-27 06:42:00,-3.62851,105.77118,0,0,0,7
105.58666992,-3.79434729,2023-10-27 13:00:00,LAPAN,NOAA20,Fire inside Sitrep,SUMSEL,22536,2023,2023:22536,2023,33960,796245,0.06486609625151464,378.0,True,False,-42.0,1,2023-10-27 06:42:00,-3.79418,105.58723,0,0,0,4
105.7989502,-3.65616703,2023-10-27 13:00:00,LAPAN,NOAA20,Fire inside Sitrep,SUMSEL,22544,2023,2023:22544,2023,33968,796197,0.08560944791907514,378.0,True,False,-42.0,1,2023-10-27 06:42:00,-3.65589,105.79967,0,0,0,0
105.23137,-3.08352,2023-10-27 13:00:00,NASA,NOAA20,Fire inside Sitrep,SUMSEL,22545,2023,2023:22545,2023,33969,796019,0.0,378.0,True,False,-42.0,1,2023-10-27 06:42:00,-3.08352,105.23137,0,0,0,12
105.77799225,-3.49507856,2023-10-27 13:00:00,LAPAN,NOAA20,Fire inside Sitrep,SUMSEL,22558,2023,2023:22558,2023,33982,796143,0.08611528625007416,378.0,True,False,-42.0,1,2023-10-27 06:42:00,-3.49481,105.77872,0,0,2,3
105.73696136,-3.50938439,2023-10-27 13:00:00,LAPAN,NOAA20,Fire inside Sitrep,SUMSEL,22560,2023,2023:22560,2023,33984,796155,0.06677205068005243,378.0,True,False,-42.0,1,2023-10-27 06:42:00,-3.50922,105.73754,0,0,0,3
105.73754,-3.50922,2023-10-27 13:00:00,NASA,NOAA20,Fire inside Sitrep,SUMSEL,22561,2023,2023:22561,2023,33985,796155,0.0,378.0,True,False,-42.0,1,2023-10-27 06:42:00,-3.50922,105.73754,0,0,0,3
103.88563538,-1.33813095,2023-10-27 13:00:00,LAPAN,NOAA20,Verified Fire,JAMBI SMF,22571,2023,2023:22571,2023,33995,796466,0.07511958700031143,377.0,True,False,-43.0,1,2023-10-27 06:43:00,-1.33781,103.88623,0,0,0,0
105.23068237,-3.08380628,2023-10-27 13:00:00,LAPAN,NOAA20,Fire inside Sitrep,SUMSEL,22574,2023,2023:22574,2023,33998,796019,0.08272069225330396,378.0,True,False,-42.0,1,2023-10-27 06:42:00,-3.08352,105.23137,0,0,0,12
105.36992,-3.14642,2023-10-27 13:00:00,NASA,NOAA20,Fire inside Sitrep,SUMSEL,22584,2023,2023:22584,2023,34008,796045,0.0,378.0,True,False,-42.0,1,2023-10-27 06:42:00,-3.14642,105.36992,0,0,0,0
105.67709351,-3.79990268,2023-10-27 13:00:00,LAPAN,NOAA20,Fire inside Sitrep,SUMSEL,22590,2023,2023:22590,2023,34014,796252,0.06433823056120483,378.0,True,False,-42.0,1,2023-10-27 06:42:00,-3.79974,105.67765,0,0,0,8
103.88623,-1.33781,2023-10-27 13:00:00,NASA,NOAA20,Verified Fire,JAMBI SMF,22612,2023,2023:22612,2023,34036,796466,0.0,377.0,True,False,-43.0,1,2023-10-27 06:43:00,-1.33781,103.88623,0,0,0,0
105.53214,-3.76664,2023-10-28 00:00:00,NASA,NOAA20,Fire inside Sitrep,SUMSEL,22668,2023,2023:22668,2023,34092,796900,0.0,376.0,True,False,-44.0,1,2023-10-27 17:44:00,-3.76664,105.53214,0,0,5,20
105.22822,-3.08142,2023-10-28 00:00:00,NASA,NOAA20,Fire inside Sitrep,SUMSEL,22713,2023,2023:22713,2023,34137,796817,0.0,376.0,True,False,-44.0,1,2023-10-27 17:44:00,-3.08142,105.22822,0,0,4,11
105.67448,-3.79593,2023-10-28 00:00:00,NASA,NOAA20,Fire inside Sitrep,SUMSEL,22737,2023,2023:22737,2023,34161,796897,0.0,376.0,True,False,-44.0,1,2023-10-27 17:44:00,-3.79593,105.67448,0,0,3,7
105.63715,-3.48846,2023-10-28 00:00:00,NASA,NOAA20,Fire inside Sitrep,SUMSEL,22738,2023,2023:22738,2023,34162,796687,0.0,376.0,True,False,-44.0,1,2023-10-27 17:44:00,-3.48846,105.63715,0,0,1,8
105.69656,-3.57881,2023-10-28 00:00:00,NASA,NOAA20,Fire inside Sitrep,SUMSEL,22747,2023,2023:22747,2023,34171,796675,0.0,376.0,True,False,-44.0,1,2023-10-27 17:44:00,-3.57881,105.69656,0,0,3,5
105.55014,-3.44128,2023-10-28 00:00:00,NASA,NOAA20,Fire inside Sitrep,SUMSEL,22765,2023,2023:22765,2023,34189,796869,0.0,376.0,True,False,-44.0,1,2023-10-27 17:44:00,-3.44128,105.55014,0,0,3,7
103.48749,-1.29922,2023-10-28 01:00:00,NASA,SNPP,Verified No fire,JAMBI SMF,22793,2023,2023:22793,2023,34217,1487933,0.006483290471798952,385.0,True,False,-35.0,1,2023-10-27 18:35:00,-1.29917,103.48752,0,0,1,1
105.34456,-2.62463,2023-10-28 01:00:00,NASA,SNPP,Verified No fire,SUMSEL,22818,2023,2023:22818,2023,34242,1487895,0.003515928492206576,385.0,True,False,-35.0,1,2023-10-27 18:35:00,-2.6246,105.34457,0,0,2,4
105.58435059,-3.55275631,2023-10-28 01:00:00,LAPAN,SNPP,Fire inside Sitrep,SUMSEL,22827,2023,2023:22827,2023,34251,1488060,0.06488715913735107,385.0,True,False,-35.0,1,2023-10-27 18:35:00,-3.55256,105.5838,0,0,0,3
105.58379,-3.55252,2023-10-28 01:00:00,NASA,SNPP,Fire inside Sitrep,SUMSEL,22828,2023,2023:22828,2023,34252,1488060,0.004584172844633925,385.0,True,False,-35.0,1,2023-10-27 18:35:00,-3.55256,105.5838,0,0,0,3
105.62876892,-3.57552695,2023-10-28 01:00:00,LAPAN,SNPP,Fire inside Sitrep,SUMSEL,22829,2023,2023:22829,2023,34253,1488051,0.08906891413321098,385.0,True,False,-35.0,1,2023-10-27 18:35:00,-3.57572,105.62799,0,0,0,1
103.33858,-1.1676,2023-10-28 01:00:00,NASA,SNPP,Verified No fire,JAMBI SMF,22830,2023,2023:22830,2023,34254,1487939,0.008017879056586557,385.0,True,False,-35.0,1,2023-10-27 18:35:00,-1.16754,103.33854,0,0,0,2
102.9882,-1.58332,2023-10-28 01:00:00,NASA,SNPP,Verified No fire,JAMBI SMF,22834,2023,2023:22834,2023,34258,1487917,0.005667777353883153,385.0,True,False,-35.0,1,2023-10-27 18:35:00,-1.58333,102.98825,0,0,0,0
105.63786,-3.08697,2023-10-28 01:00:00,NASA,SNPP,Fire inside Sitrep,SUMSEL,22838,2023,2023:22838,2023,34262,1487876,0.009934046857898279,385.0,True,False,-35.0,1,2023-10-27 18:35:00,-3.08693,105.63778,0,0,2,7
105.6384201,-3.08724213,2023-10-28 01:00:00,LAPAN,SNPP,Fire inside Sitrep,SUMSEL,22839,2023,2023:22839,2023,34263,1487876,0.07909440128401277,385.0,True,False,-35.0,1,2023-10-27 18:35:00,-3.08693,105.63778,0,0,2,7
105.58868408,-3.01683211,2023-10-28 01:00:00,LAPAN,SNPP,Fire inside Sitrep,SUMSEL,22844,2023,2023:22844,2023,34268,1487880,0.0973886802533186,385.0,True,False,-35.0,1,2023-10-27 18:35:00,-3.01707,105.58784,0,0,0,0
105.63960266,-3.48864126,2023-10-28 01:00:00,LAPAN,SNPP,Fire inside Sitrep,SUMSEL,22858,2023,2023:22858,2023,34282,1487767,0.0663694140295109,385.0,True,False,-35.0,1,2023-10-27 18:35:00,-3.48837,105.63907,0,0,1,9
105.55028,-3.40148,2023-10-28 01:00:00,NASA,SNPP,Verified Fire,SUMSEL,22865,2023,2023:22865,2023,34289,1487823,0.00597894528289601,385.0,True,False,-35.0,1,2023-10-27 18:35:00,-3.4015,105.55023,0,0,0,7
103.79743,-2.10094,2023-10-28 01:00:00,NASA,SNPP,Verified No fire,SUMSEL MUBA,22872,2023,2023:22872,2023,34296,1487903,0.011332388377908698,385.0,True,False,-35.0,1,2023-10-27 18:35:00,-2.10092,103.79733,0,0,0,1
105.55109406,-3.40128851,2023-10-28 01:00:00,LAPAN,SNPP,Fire inside Sitrep,SUMSEL,22880,2023,2023:22880,2023,34304,1487823,0.0987509714411504,385.0,True,False,-35.0,1,2023-10-27 18:35:00,-3.4015,105.55023,0,0,0,7
103.36121,-1.02313,2023-10-28 01:00:00,NASA,SNPP,Verified No fire,JAMBI SMF,22884,2023,2023:22884,2023,34308,1487940,0.01197443073277007,385.0,True,False,-35.0,1,2023-10-27 18:35:00,-1.02309,103.36111,0,0,0,0
105.63904,-3.48834,2023-10-28 01:00:00,NASA,SNPP,Fire inside Sitrep,SUMSEL,22895,2023,2023:22895,2023,34319,1487767,0.004713239316645826,385.0,True,False,-35.0,1,2023-10-27 18:35:00,-3.48837,105.63907,0,0,1,9
105.60837,-3.58421,2023-10-28 01:00:00,NASA,SNPP,Fire inside Sitrep,SUMSEL,22896,2023,2023:22896,2023,34320,1488048,0.008674592073706,385.0,True,False,-35.0,1,2023-10-27 18:35:00,-3.58426,105.60843,0,0,0,3
102.98869324,-1.58364308,2023-10-28 01:00:00,LAPAN,SNPP,Verified No fire,JAMBI SMF,22898,2023,2023:22898,2023,34322,1487917,0.060325843208197796,385.0,True,False,-35.0,1,2023-10-27 18:35:00,-1.58333,102.98825,0,0,0,0
105.3451004,-2.62489796,2023-10-28 01:00:00,LAPAN,SNPP,Verified No fire,SUMSEL,22912,2023,2023:22912,2023,34336,1487895,0.06759292260718859,385.0,True,False,-35.0,1,2023-10-27 18:35:00,-2.6246,105.34457,0,0,2,4
105.62794,-3.57567,2023-10-28 01:00:00,NASA,SNPP,Fire inside Sitrep,SUMSEL,22919,2023,2023:22919,2023,34343,1488051,0.007855030016170241,385.0,True,False,-35.0,1,2023-10-27 18:35:00,-3.57572,105.62799,0,0,0,1
105.60918427,-3.58405638,2023-10-28 01:00:00,LAPAN,SNPP,Fire inside Sitrep,SUMSEL,22920,2023,2023:22920,2023,34344,1488048,0.08671512130120747,385.0,True,False,-35.0,1,2023-10-27 18:35:00,-3.58426,105.60843,0,0,0,3
105.58787,-3.01706,2023-10-28 01:00:00,NASA,SNPP,Fire inside Sitrep,SUMSEL,22923,2023,2023:22923,2023,34347,1487880,0.0035119109482606367,385.0,True,False,-35.0,1,2023-10-27 18:35:00,-3.01707,105.58784,0,0,0,0
103.48822784,-1.29918265,2023-10-28 01:00:00,LAPAN,SNPP,Verified No fire,JAMBI SMF,22925,2023,2023:22925,2023,34349,1487933,0.07870066371632292,385.0,True,False,-35.0,1,2023-10-27 18:35:00,-1.29917,103.48752,0,0,1,1
103.36170959,-1.02341986,2023-10-28 01:00:00,LAPAN,SNPP,Verified No fire,JAMBI SMF,22948,2023,2023:22948,2023,34372,1487940,0.07608548328510792,385.0,True,False,-35.0,1,2023-10-27 18:35:00,-1.02309,103.36111,0,0,0,0
103.48332,-1.2964,2023-10-28 02:00:00,NASA,NOAA20,Verified No fire,JAMBI SMF,22957,2023,2023:22957,2023,34381,797090,0.0,396.0,True,False,-24.0,1,2023-10-27 19:24:00,-1.2964,103.48332,0,0,1,1
103.36597,-1.18722,2023-10-28 02:00:00,NASA,NOAA20,Verified No fire,JAMBI SMF,22962,2023,2023:22962,2023,34386,797089,0.0,396.0,True,False,-24.0,1,2023-10-27 19:24:00,-1.18722,103.36597,0,0,1,3
105.65261,-3.8462,2023-10-28 12:00:00,NASA,SNPP,Fire inside Sitrep,SUMSEL,22970,2023,2023:22970,2023,34394,1489450,0.0914084827583644,386.0,True,False,-34.0,1,2023-10-28 05:34:00,-3.84612,105.65343,0,0,3,13
105.46304,-3.7255,2023-10-28 12:00:00,NASA,SNPP,Fire inside Sitrep,SUMSEL,22974,2023,2023:22974,2023,34398,1489501,0.026723122399395144,386.0,True,False,-34.0,1,2023-10-28 05:34:00,-3.72548,105.46328,0,0,2,31
105.71143,-3.95648,2023-10-28 12:00:00,NASA,SNPP,Fire inside Sitrep,SUMSEL,22976,2023,2023:22976,2023,34400,1489437,0.08930655147349281,386.0,True,False,-34.0,1,2023-10-28 05:34:00,-3.95639,105.71223,0,0,5,12
105.73351288,-3.87415624,2023-10-28 13:00:00,LAPAN,NOAA20,Fire inside Sitrep,SUMSEL,22984,2023,2023:22984,2023,34408,798353,0.05681500869466049,397.0,True,False,-23.0,1,2023-10-28 06:23:00,-3.8738,105.73388,0,0,0,0
105.76895905,-3.8518703,2023-10-28 13:00:00,LAPAN,NOAA20,Fire inside Sitrep,SUMSEL,22985,2023,2023:22985,2023,34409,798356,0.057435146393662366,397.0,True,False,-23.0,1,2023-10-28 06:23:00,-3.85151,105.76933,0,0,0,3
105.79410553,-3.87853241,2023-10-28 13:00:00,LAPAN,NOAA20,Fire inside Sitrep,SUMSEL,22997,2023,2023:22997,2023,34421,798349,0.05708669879216915,397.0,True,False,-23.0,1,2023-10-28 06:23:00,-3.87817,105.79447,0,0,0,1
105.6211319,-3.24655461,2023-10-28 13:00:00,LAPAN,NOAA20,Verified Fire,SUMSEL,23011,2023,2023:23011,2023,34435,798016,0.055993388788852905,397.0,True,False,-23.0,1,2023-10-28 06:23:00,-3.2462,105.62149,0,0,0,2
105.54645538,-3.73625469,2023-10-28 13:00:00,LAPAN,NOAA20,Fire inside Sitrep,SUMSEL,23012,2023,2023:23012,2023,34436,798446,0.07301144045911444,397.0,True,False,-23.0,1,2023-10-28 06:23:00,-3.73578,105.54691,0,0,0,1
105.54691,-3.73578,2023-10-28 13:00:00,NASA,NOAA20,Fire inside Sitrep,SUMSEL,23013,2023,2023:23013,2023,34437,798446,0.0,397.0,True,False,-23.0,1,2023-10-28 06:23:00,-3.73578,105.54691,0,0,0,1
105.58447,-3.79789,2023-10-28 13:00:00,NASA,NOAA20,Fire inside Sitrep,SUMSEL,23023,2023,2023:23023,2023,34447,798439,0.0,397.0,True,False,-23.0,1,2023-10-28 06:23:00,-3.79789,105.58447,0,0,0,3
105.53259,-3.84996,2023-10-28 13:00:00,NASA,NOAA20,Fire inside Sitrep,SUMSEL,23030,2023,2023:23030,2023,34454,798399,0.0,397.0,True,False,-23.0,1,2023-10-28 06:23:00,-3.84996,105.53259,0,0,0,1
105.60567,-3.77436,2023-10-28 13:00:00,NASA,NOAA20,Fire inside Sitrep,SUMSEL,23070,2023,2023:23070,2023,34494,798642,0.0,397.0,True,False,-23.0,1,2023-10-28 06:23:00,-3.77436,105.60567,0,0,0,3
105.75552,-3.8299,2023-10-28 13:00:00,NASA,NOAA20,Fire inside Sitrep,SUMSEL,23078,2023,2023:23078,2023,34502,798385,0.0,397.0,True,False,-23.0,1,2023-10-28 06:23:00,-3.8299,105.75552,0,0,0,4
105.64397,-3.97552,2023-10-28 13:00:00,NASA,NOAA20,Fire inside Sitrep,SUMSEL,23084,2023,2023:23084,2023,34508,798312,0.0,397.0,True,False,-23.0,1,2023-10-28 06:23:00,-3.97552,105.64397,0,0,0,0
105.60520172,-3.77482748,2023-10-28 13:00:00,LAPAN,NOAA20,Fire inside Sitrep,SUMSEL,23121,2023,2023:23121,2023,34545,798642,0.07349594179054815,397.0,True,False,-23.0,1,2023-10-28 06:23:00,-3.77436,105.60567,0,0,0,3
105.67619,-3.79757,2023-10-28 13:00:00,NASA,NOAA20,Fire inside Sitrep,SUMSEL,23126,2023,2023:23126,2023,34550,798432,0.0,397.0,True,False,-23.0,1,2023-10-28 06:23:00,-3.79757,105.67619,0,0,0,8
105.76933,-3.85151,2023-10-28 13:00:00,NASA,NOAA20,Fire inside Sitrep,SUMSEL,23130,2023,2023:23130,2023,34554,798356,0.0,397.0,True,False,-23.0,1,2023-10-28 06:23:00,-3.85151,105.76933,0,0,0,3
105.65481,-3.95356,2023-10-28 13:00:00,NASA,NOAA20,Fire inside Sitrep,SUMSEL,23139,2023,2023:23139,2023,34563,798330,0.0,397.0,True,False,-23.0,1,2023-10-28 06:23:00,-3.95356,105.65481,0,0,0,1
105.80509186,-3.54440212,2023-10-28 13:00:00,LAPAN,NOAA20,Fire inside Sitrep,SUMSEL,23140,2023,2023:23140,2023,34564,798496,0.07150307580134323,397.0,True,False,-23.0,1,2023-10-28 06:23:00,-3.54395,105.80555,0,0,0,5
105.80555,-3.54395,2023-10-28 13:00:00,NASA,NOAA20,Fire inside Sitrep,SUMSEL,23141,2023,2023:23141,2023,34565,798496,0.0,397.0,True,False,-23.0,1,2023-10-28 06:23:00,-3.54395,105.80555,0,0,0,5
105.38134,-2.41065,2023-10-28 13:00:00,NASA,NOAA20,Verified No fire,SUMSEL,23190,2023,2023:23190,2023,34614,798982,0.0,396.0,True,False,-24.0,1,2023-10-28 06:24:00,-2.41065,105.38134,0,0,1,14
105.64350891,-3.9759872,2023-10-28 13:00:00,LAPAN,NOAA20,Fire inside Sitrep,SUMSEL,23202,2023,2023:23202,2023,34626,798312,0.07290343178144032,397.0,True,False,-23.0,1,2023-10-28 06:23:00,-3.97552,105.64397,0,0,0,0
105.73388,-3.8738,2023-10-28 13:00:00,NASA,NOAA20,Fire inside Sitrep,SUMSEL,23209,2023,2023:23209,2023,34633,798353,0.0,397.0,True,False,-23.0,1,2023-10-28 06:23:00,-3.8738,105.73388,0,0,0,0
105.82682,-3.74432,2023-10-28 13:00:00,NASA,NOAA20,Verified No fire,SUMSEL,23210,2023,2023:23210,2023,34634,798647,0.0,397.0,True,False,-23.0,1,2023-10-28 06:23:00,-3.74432,105.82682,0,0,0,1
105.62149,-3.2462,2023-10-28 13:00:00,NASA,NOAA20,Fire inside Sitrep,SUMSEL,23241,2023,2023:23241,2023,34665,798016,0.0,397.0,True,False,-23.0,1,2023-10-28 06:23:00,-3.2462,105.62149,0,0,0,2
105.65434265,-3.95402598,2023-10-28 13:00:00,LAPAN,NOAA20,Fire inside Sitrep,SUMSEL,23265,2023,2023:23265,2023,34689,798330,0.07329729293075116,397.0,True,False,-23.0,1,2023-10-28 06:23:00,-3.95356,105.65481,0,0,0,1
105.66149139,-3.25736833,2023-10-28 13:00:00,LAPAN,NOAA20,Verified Fire,SUMSEL,23300,2023,2023:23300,2023,34724,798013,0.057115218714278986,397.0,True,False,-23.0,1,2023-10-28 06:23:00,-3.25701,105.66186,0,0,0,0
105.82636261,-3.74477768,2023-10-28 13:00:00,LAPAN,NOAA20,Verified No fire,SUMSEL,23302,2023,2023:23302,2023,34726,798647,0.0718723143662286,397.0,True,False,-23.0,1,2023-10-28 06:23:00,-3.74432,105.82682,0,0,0,1
105.79447,-3.87817,2023-10-28 13:00:00,NASA,NOAA20,Fire inside Sitrep,SUMSEL,23304,2023,2023:23304,2023,34728,798349,0.0,397.0,True,False,-23.0,1,2023-10-28 06:23:00,-3.87817,105.79447,0,0,0,1
105.38097382,-2.41101408,2023-10-28 13:00:00,LAPAN,NOAA20,Verified No fire,SUMSEL,23307,2023,2023:23307,2023,34731,798982,0.057392689829697696,396.0,True,False,-24.0,1,2023-10-28 06:24:00,-2.41065,105.38134,0,0,1,14
105.20979,-2.98606,2023-10-28 13:00:00,NASA,NOAA20,Fire inside Sitrep,SUMSEL,23327,2023,2023:23327,2023,34751,798035,0.0,397.0,True,False,-23.0,1,2023-10-28 06:23:00,-2.98606,105.20979,0,0,0,7
105.2093277,-2.98654079,2023-10-28 13:00:00,LAPAN,NOAA20,Fire inside Sitrep,SUMSEL,23351,2023,2023:23351,2023,34775,798035,0.0741180272046076,397.0,True,False,-23.0,1,2023-10-28 06:23:00,-2.98606,105.20979,0,0,0,7
105.67573547,-3.79803348,2023-10-28 13:00:00,LAPAN,NOAA20,Fire inside Sitrep,SUMSEL,23357,2023,2023:23357,2023,34781,798432,0.07210594616894152,397.0,True,False,-23.0,1,2023-10-28 06:23:00,-3.79757,105.67619,0,0,0,8
105.75514221,-3.83026171,2023-10-28 13:00:00,LAPAN,NOAA20,Fire inside Sitrep,SUMSEL,23359,2023,2023:23359,2023,34783,798385,0.05809052533266536,397.0,True,False,-23.0,1,2023-10-28 06:23:00,-3.8299,105.75552,0,0,0,4
105.58400726,-3.7983582,2023-10-28 13:00:00,LAPAN,NOAA20,Fire inside Sitrep,SUMSEL,23366,2023,2023:23366,2023,34790,798439,0.0731186900167004,397.0,True,False,-23.0,1,2023-10-28 06:23:00,-3.79789,105.58447,0,0,0,3
105.66186,-3.25701,2023-10-28 13:00:00,NASA,NOAA20,Fire inside Sitrep,SUMSEL,23382,2023,2023:23382,2023,34806,798013,0.0,397.0,True,False,-23.0,1,2023-10-28 06:23:00,-3.25701,105.66186,0,0,0,0
105.90044,-3.86654,2023-10-28 14:00:00,NASA,Aqua,Fire inside Sitrep,SUMSEL,23407,2023,2023:23407,2023,34831,136539,0.04057990203490629,394.0,True,False,-26.0,1,2023-10-28 07:26:00,-3.8669,105.9005,0,0,0,0
104.13055,-1.93802,2023-10-28 14:00:00,NASA,Aqua,Verified No fire,SUMSEL MUBA,23408,2023,2023:23408,2023,34832,136545,0.042617919340075715,393.0,True,False,-27.0,1,2023-10-28 07:27:00,-1.9384,104.1306,0,0,0,0
105.58749,-3.30668,2023-10-28 14:00:00,NASA,Aqua,Fire inside Sitrep,SUMSEL,23409,2023,2023:23409,2023,34833,136528,0.037619407243651266,394.0,True,False,-26.0,1,2023-10-28 07:26:00,-3.307,105.5876,0,0,0,10
105.51669,-3.78882,2023-10-28 14:00:00,NASA,SNPP,Fire inside Sitrep,SUMSEL,23412,2023,2023:23412,2023,34836,1489738,0.014804491182354615,406.0,True,False,-14.0,1,2023-10-28 07:14:00,-3.78879,105.51682,0,0,2,10
105.78187,-3.44409,2023-10-28 14:00:00,NASA,Aqua,Fire inside Sitrep,SUMSEL,23418,2023,2023:23418,2023,34842,136534,0.03736866198852737,394.0,True,False,-26.0,1,2023-10-28 07:26:00,-3.4444,105.782,0,0,0,0
105.58631,-3.47877,2023-10-28 14:00:00,NASA,SNPP,Fire inside Sitrep,SUMSEL,23419,2023,2023:23419,2023,34843,1489748,0.06828590570547931,406.0,True,False,-14.0,1,2023-10-28 07:14:00,-3.47885,105.5857,0,0,0,10
105.9214,-3.85611,2023-10-28 14:00:00,NASA,SNPP,Fire inside Sitrep,SUMSEL,23420,2023,2023:23420,2023,34844,1489734,0.043962446261456484,406.0,True,False,-14.0,1,2023-10-28 07:14:00,-3.85618,105.92179,0,0,0,0
105.47805,-3.79538,2023-10-28 14:00:00,NASA,SNPP,Fire inside Sitrep,SUMSEL,23423,2023,2023:23423,2023,34847,1489739,0.015093867830895282,406.0,True,False,-14.0,1,2023-10-28 07:14:00,-3.79534,105.47818,0,0,1,10
105.70737,-3.9725,2023-10-28 14:00:00,NASA,SNPP,Fire inside Sitrep,SUMSEL,23426,2023,2023:23426,2023,34850,1489733,0.03687543730799498,406.0,True,False,-14.0,1,2023-10-28 07:14:00,-3.97254,105.7077,0,0,2,6
105.38184,-2.41137,2023-10-28 14:00:00,NASA,SNPP,Verified No fire,SUMSEL,23427,2023,2023:23427,2023,34851,1489696,0.09479997579483497,406.0,True,False,-14.0,1,2023-10-28 07:14:00,-2.41152,105.381,0,0,1,14
103.45449,-2.31491,2023-10-28 14:00:00,NASA,SNPP,Verified No fire,SUMSEL MUBA,23428,2023,2023:23428,2023,34852,1489784,0.06725350554208577,405.0,True,False,-15.0,1,2023-10-28 07:15:00,-2.31499,103.45509,0,0,0,0
105.54544,-3.39342,2023-10-28 14:00:00,NASA,SNPP,Fire inside Sitrep,SUMSEL,23431,2023,2023:23431,2023,34855,1489751,0.052276594524370404,406.0,True,False,-14.0,1,2023-10-28 07:14:00,-3.39345,105.54497,0,0,0,17
104.15137,-1.93492,2023-10-28 14:00:00,NASA,Aqua,Verified No fire,SUMSEL MUBA,23433,2023,2023:23433,2023,34857,136544,0.0423854546514944,393.0,True,False,-27.0,1,2023-10-28 07:27:00,-1.9353,104.1514,0,0,0,0
105.57549,-3.46789,2023-10-29 00:00:00,NASA,NOAA20,Fire inside Sitrep,SUMSEL,23455,2023,2023:23455,2023,34879,799370,0.0,394.0,True,False,-26.0,1,2023-10-28 17:26:00,-3.46789,105.57549,0,0,6,20
105.34377289,-2.62725472,2023-10-29 01:00:00,LAPAN,SNPP,Verified No fire,SUMSEL,23475,2023,2023:23475,2023,34899,1490110,0.09033618837807046,404.0,True,False,-16.0,1,2023-10-28 18:16:00,-2.62723,105.34296,0,0,0,3
105.58173,-3.7927,2023-10-29 01:00:00,NASA,SNPP,Fire inside Sitrep,SUMSEL,23495,2023,2023:23495,2023,34919,1490409,0.0011119508024897762,404.0,True,False,-16.0,1,2023-10-28 18:16:00,-3.79271,105.58173,0,0,0,3
105.58249664,-3.79265928,2023-10-29 01:00:00,LAPAN,SNPP,Fire inside Sitrep,SUMSEL,23522,2023,2023:23522,2023,34946,1490409,0.08524666578371616,404.0,True,False,-16.0,1,2023-10-28 18:16:00,-3.79271,105.58173,0,0,0,3
105.67546844,-3.54278588,2023-10-29 01:00:00,LAPAN,SNPP,Fire inside Sitrep,SUMSEL,23544,2023,2023:23544,2023,34968,1490290,0.09083373692808419,404.0,True,False,-16.0,1,2023-10-28 18:16:00,-3.54279,105.67465,0,0,0,1
105.69406,-3.58016,2023-10-29 01:00:00,NASA,SNPP,Fire inside Sitrep,SUMSEL,23545,2023,2023:23545,2023,34969,1490311,0.005659219562031754,404.0,True,False,-16.0,1,2023-10-28 18:16:00,-3.58017,105.69401,0,0,0,4
105.59037,-3.57408,2023-10-29 01:00:00,NASA,SNPP,Fire inside Sitrep,SUMSEL,23550,2023,2023:23550,2023,34974,1490318,0.006750933280831554,404.0,True,False,-16.0,1,2023-10-28 18:16:00,-3.57409,105.59031,0,0,0,2
105.68345,-3.46316,2023-10-29 01:00:00,NASA,SNPP,Fire inside Sitrep,SUMSEL,23551,2023,2023:23551,2023,34975,1490242,0.0071120339118528105,404.0,True,False,-16.0,1,2023-10-28 18:16:00,-3.46312,105.6834,0,0,0,2
105.68395233,-3.4635036,2023-10-29 01:00:00,LAPAN,SNPP,Fire inside Sitrep,SUMSEL,23552,2023,2023:23552,2023,34976,1490242,0.07468337946478829,404.0,True,False,-16.0,1,2023-10-28 18:16:00,-3.46312,105.6834,0,0,0,2
105.64678192,-3.54166365,2023-10-29 01:00:00,LAPAN,SNPP,Fire inside Sitrep,SUMSEL,23555,2023,2023:23555,2023,34979,1490295,0.09011185075839871,404.0,True,False,-16.0,1,2023-10-28 18:16:00,-3.54167,105.64597,0,0,0,1
105.62683,-3.54892,2023-10-29 01:00:00,NASA,SNPP,Fire inside Sitrep,SUMSEL,23556,2023,2023:23556,2023,34980,1490303,0.006751112790096345,404.0,True,False,-16.0,1,2023-10-28 18:16:00,-3.54893,105.62677,0,0,0,3
103.34021,-1.16707,2023-10-29 01:00:00,NASA,SNPP,Verified No fire,JAMBI SMF,23567,2023,2023:23567,2023,34991,1490046,0.019029637389599473,404.0,True,False,-16.0,1,2023-10-28 18:16:00,-1.16705,103.34038,0,0,0,3
105.79528809,-3.87663603,2023-10-29 01:00:00,LAPAN,SNPP,Fire inside Sitrep,SUMSEL,23579,2023,2023:23579,2023,35003,1490491,0.06965337814826779,403.0,True,False,-17.0,1,2023-10-28 18:17:00,-3.87623,105.79481,0,0,0,1
105.79479,-3.87625,2023-10-29 01:00:00,NASA,SNPP,Fire inside Sitrep,SUMSEL,23580,2023,2023:23580,2023,35004,1490491,0.0031414765337946632,403.0,True,False,-17.0,1,2023-10-28 18:17:00,-3.87623,105.79481,0,0,0,1
105.63043976,-3.57681346,2023-10-29 01:00:00,LAPAN,SNPP,Fire inside Sitrep,SUMSEL,23582,2023,2023:23582,2023,35006,1490314,0.09112278303930035,404.0,True,False,-16.0,1,2023-10-28 18:16:00,-3.57686,105.62962,0,0,0,2
105.67471,-3.54278,2023-10-29 01:00:00,NASA,SNPP,Fire inside Sitrep,SUMSEL,23590,2023,2023:23590,2023,35014,1490290,0.006751156402929406,404.0,True,False,-16.0,1,2023-10-28 18:16:00,-3.54279,105.67465,0,0,0,1
105.62968,-3.57685,2023-10-29 01:00:00,NASA,SNPP,Fire inside Sitrep,SUMSEL,23640,2023,2023:23640,2023,35064,1490314,0.006750913440247494,404.0,True,False,-16.0,1,2023-10-28 18:16:00,-3.57686,105.62962,0,0,0,2
105.59113312,-3.57403898,2023-10-29 01:00:00,LAPAN,SNPP,Fire inside Sitrep,SUMSEL,23650,2023,2023:23650,2023,35074,1490318,0.09152487425102505,404.0,True,False,-16.0,1,2023-10-28 18:16:00,-3.57409,105.59031,0,0,0,2
105.69482422,-3.58012724,2023-10-29 01:00:00,LAPAN,SNPP,Fire inside Sitrep,SUMSEL,23654,2023,2023:23654,2023,35078,1490311,0.09048557570815928,404.0,True,False,-16.0,1,2023-10-28 18:16:00,-3.58017,105.69401,0,0,0,4
105.62760162,-3.54891372,2023-10-29 01:00:00,LAPAN,SNPP,Fire inside Sitrep,SUMSEL,23685,2023,2023:23685,2023,35109,1490303,0.09231247109565026,404.0,True,False,-16.0,1,2023-10-28 18:16:00,-3.54893,105.62677,0,0,0,3
105.64602,-3.54166,2023-10-29 01:00:00,NASA,SNPP,Fire inside Sitrep,SUMSEL,23687,2023,2023:23687,2023,35111,1490295,0.005659447072819285,404.0,True,False,-16.0,1,2023-10-28 18:16:00,-3.54167,105.64597,0,0,0,1
105.34299,-2.62724,2023-10-29 01:00:00,NASA,SNPP,Verified No fire,SUMSEL,23689,2023,2023:23689,2023,35113,1490110,0.003512970954664177,404.0,True,False,-16.0,1,2023-10-28 18:16:00,-2.62723,105.34296,0,0,0,3
105.57703,-3.47266,2023-10-29 02:00:00,NASA,NOAA20,Fire inside Sitrep,SUMSEL,23705,2023,2023:23705,2023,35129,799497,0.0,414.0,True,False,-6.0,1,2023-10-28 19:06:00,-3.47266,105.57703,0,0,8,21
105.5669,-3.77121,2023-10-29 02:00:00,NASA,NOAA20,Fire inside Sitrep,SUMSEL,23716,2023,2023:23716,2023,35140,799576,0.0,414.0,True,False,-6.0,1,2023-10-28 19:06:00,-3.77121,105.5669,0,0,6,28
105.63578,-3.572,2023-10-29 13:00:00,NASA,SNPP,Fire inside Sitrep,SUMSEL,24093,2023,2023:24093,2023,35517,1492147,0.02354313171051084,365.0,True,False,-55.0,1,2023-10-29 06:55:00,-3.57197,105.63557,0,0,0,1
105.68218231,-3.64679646,2023-10-29 13:00:00,LAPAN,SNPP,Fire inside Sitrep,SUMSEL,24143,2023,2023:24143,2023,35567,1492342,0.08417031476721996,365.0,True,False,-55.0,1,2023-10-29 06:55:00,-3.64701,105.68291,0,0,1,1
105.75387,-3.64086,2023-10-29 13:00:00,NASA,NOAA20,Fire inside Sitrep,SUMSEL,24163,2023,2023:24163,2023,35587,800410,0.0,416.0,True,False,-4.0,1,2023-10-29 06:04:00,-3.64086,105.75387,0,0,2,6
105.6132,-3.58602,2023-10-29 13:00:00,NASA,NOAA20,Fire inside Sitrep,SUMSEL,24217,2023,2023:24217,2023,35641,800375,0.0,416.0,True,False,-4.0,1,2023-10-29 06:04:00,-3.58602,105.6132,0,0,0,5
105.49205,-3.32064,2023-10-29 13:00:00,NASA,SNPP,Fire inside Sitrep,SUMSEL,24233,2023,2023:24233,2023,35657,1491989,0.010052443122847567,365.0,True,False,-55.0,1,2023-10-29 06:55:00,-3.32065,105.49214,0,0,1,1
105.61554,-3.43138,2023-10-29 13:00:00,NASA,NOAA20,Fire inside Sitrep,SUMSEL,24247,2023,2023:24247,2023,35671,800247,0.0,416.0,True,False,-4.0,1,2023-10-29 06:04:00,-3.43138,105.61554,0,0,0,0
105.60385,-3.78187,2023-10-29 13:00:00,NASA,SNPP,Fire inside Sitrep,SUMSEL,24306,2023,2023:24306,2023,35730,1492420,0.01111950802323937,365.0,True,False,-55.0,1,2023-10-29 06:55:00,-3.78197,105.60385,0,0,0,5
105.57864,-3.89449,2023-10-29 13:00:00,NASA,NOAA20,Fire inside Sitrep,SUMSEL,24308,2023,2023:24308,2023,35732,800606,0.0,416.0,True,False,-4.0,1,2023-10-29 06:04:00,-3.89449,105.57864,0,0,0,0
105.38757324,-3.7533145,2023-10-29 13:00:00,LAPAN,SNPP,Fire inside Sitrep,SUMSEL,24310,2023,2023:24310,2023,35734,1492362,0.08563129591928574,365.0,True,False,-55.0,1,2023-10-29 06:55:00,-3.7536,105.38829,0,0,0,0
105.71421,-3.50917,2023-10-29 13:00:00,NASA,SNPP,Fire inside Sitrep,SUMSEL,24341,2023,2023:24341,2023,35765,1492163,0.023413042995651927,365.0,True,False,-55.0,1,2023-10-29 06:55:00,-3.50915,105.714,0,0,0,2
105.50188,-3.34882,2023-10-29 13:00:00,NASA,SNPP,Fire inside Sitrep,SUMSEL,24342,2023,2023:24342,2023,35766,1491937,0.008949761337419333,365.0,True,False,-55.0,1,2023-10-29 06:55:00,-3.34883,105.50196,0,0,3,3
105.2428,-2.99022,2023-10-29 13:00:00,NASA,SNPP,Fire inside Sitrep,SUMSEL,24354,2023,2023:24354,2023,35778,1492726,0.0033358524070905143,364.0,True,False,-56.0,1,2023-10-29 06:56:00,-2.99025,105.2428,0,0,0,0
105.51467,-3.32687,2023-10-29 13:00:00,NASA,SNPP,Fire inside Sitrep,SUMSEL,24365,2023,2023:24365,2023,35789,1491961,0.010052380421128534,365.0,True,False,-55.0,1,2023-10-29 06:55:00,-3.32688,105.51476,0,0,4,4
105.79211,-3.75645,2023-10-29 13:00:00,NASA,SNPP,Fire inside Sitrep,SUMSEL,24389,2023,2023:24389,2023,35813,1492425,0.012231458825806967,365.0,True,False,-55.0,1,2023-10-29 06:55:00,-3.75656,105.79211,0,0,2,4
105.63636,-3.23393,2023-10-29 13:00:00,NASA,NOAA20,Fire inside Sitrep,SUMSEL,24398,2023,2023:24398,2023,35822,799963,0.0,416.0,True,False,-4.0,1,2023-10-29 06:04:00,-3.23393,105.63636,0,0,1,1
105.62311,-3.82688,2023-10-29 13:00:00,NASA,SNPP,Fire inside Sitrep,SUMSEL,24463,2023,2023:24463,2023,35887,1492460,0.012651879715011059,365.0,True,False,-55.0,1,2023-10-29 06:55:00,-3.82691,105.62322,0,0,1,1
105.29174,-2.68169,2023-10-29 13:00:00,NASA,NOAA20,Verified Fire,SUMSEL,24464,2023,2023:24464,2023,35888,801741,0.0,415.0,True,False,-5.0,1,2023-10-29 06:05:00,-2.68169,105.29174,0,0,0,1
105.91817,-3.8336,2023-10-29 13:00:00,NASA,SNPP,Fire inside Sitrep,SUMSEL,24488,2023,2023:24488,2023,35912,1492486,0.013725108166979392,365.0,True,False,-55.0,1,2023-10-29 06:55:00,-3.83363,105.91829,0,0,0,0
105.67766,-3.79684,2023-10-29 13:00:00,NASA,NOAA20,Fire inside Sitrep,SUMSEL,24489,2023,2023:24489,2023,35913,800536,0.0,416.0,True,False,-4.0,1,2023-10-29 06:04:00,-3.79684,105.67766,0,0,0,6
105.57215,-3.84524,2023-10-29 13:00:00,NASA,SNPP,Fire inside Sitrep,SUMSEL,24490,2023,2023:24490,2023,35914,1492466,0.012989176277118167,365.0,True,False,-55.0,1,2023-10-29 06:55:00,-3.84528,105.57226,0,0,0,1
105.62076,-3.83001,2023-10-29 13:00:00,NASA,NOAA20,Fire inside Sitrep,SUMSEL,24496,2023,2023:24496,2023,35920,800561,0.0,416.0,True,False,-4.0,1,2023-10-29 06:04:00,-3.83001,105.62076,0,0,1,1
105.7516,-3.83534,2023-10-29 13:00:00,NASA,NOAA20,Fire inside Sitrep,SUMSEL,24547,2023,2023:24547,2023,35971,800578,0.0,416.0,True,False,-4.0,1,2023-10-29 06:04:00,-3.83534,105.7516,0,0,0,1
105.65613,-3.94957,2023-10-29 13:00:00,NASA,NOAA20,Fire inside Sitrep,SUMSEL,24573,2023,2023:24573,2023,35997,800649,0.0,416.0,True,False,-4.0,1,2023-10-29 06:04:00,-3.94957,105.65613,0,0,0,2
105.72899,-3.49668,2023-10-29 13:00:00,NASA,SNPP,Fire inside Sitrep,SUMSEL,24604,2023,2023:24604,2023,36028,1492168,0.023413352605300537,365.0,True,False,-55.0,1,2023-10-29 06:55:00,-3.49666,105.72878,0,0,1,4
105.5433,-3.73349,2023-10-29 13:00:00,NASA,NOAA20,Fire inside Sitrep,SUMSEL,24646,2023,2023:24646,2023,36070,800454,0.0,416.0,True,False,-4.0,1,2023-10-29 06:04:00,-3.73349,105.5433,0,0,1,2
105.68741,-3.65042,2023-10-29 13:00:00,NASA,NOAA20,Fire inside Sitrep,SUMSEL,24654,2023,2023:24654,2023,36078,800409,0.0,416.0,True,False,-4.0,1,2023-10-29 06:04:00,-3.65042,105.68741,0,0,1,1
105.38853,-3.75354,2023-10-29 13:00:00,NASA,SNPP,Fire inside Sitrep,SUMSEL,24672,2023,2023:24672,2023,36096,1492362,0.027452609091744084,365.0,True,False,-55.0,1,2023-10-29 06:55:00,-3.7536,105.38829,0,0,0,0
105.57001,-3.77247,2023-10-29 13:00:00,NASA,SNPP,Fire inside Sitrep,SUMSEL,24742,2023,2023:24742,2023,36166,1492409,0.011174727769014816,365.0,True,False,-55.0,1,2023-10-29 06:55:00,-3.77257,105.57002,0,0,3,22
105.7515,-3.53327,2023-10-29 13:00:00,NASA,SNPP,Fire inside Sitrep,SUMSEL,24766,2023,2023:24766,2023,36190,1492151,0.02230787259962926,365.0,True,False,-55.0,1,2023-10-29 06:55:00,-3.53325,105.7513,0,0,1,2
105.17882,-3.09831,2023-10-29 13:00:00,NASA,SNPP,Fire inside Sitrep,SUMSEL,24812,2023,2023:24812,2023,36236,1492692,0.02784707967020563,364.0,True,False,-56.0,1,2023-10-29 06:56:00,-3.09829,105.17907,0,0,0,0
105.36391,-3.78105,2023-10-29 13:00:00,NASA,NOAA20,Fire inside Sitrep,SUMSEL,24865,2023,2023:24865,2023,36289,800467,0.0,416.0,True,False,-4.0,1,2023-10-29 06:04:00,-3.78105,105.36391,0,0,0,0
105.53931,-3.84079,2023-10-29 13:00:00,NASA,SNPP,Fire inside Sitrep,SUMSEL,24870,2023,2023:24870,2023,36294,1492459,0.01265168819043581,365.0,True,False,-55.0,1,2023-10-29 06:55:00,-3.84082,105.53942,0,0,1,1
105.75229,-3.53296,2023-10-29 13:00:00,NASA,NOAA20,Fire inside Sitrep,SUMSEL,24877,2023,2023:24877,2023,36301,800356,0.0,416.0,True,False,-4.0,1,2023-10-29 06:04:00,-3.53296,105.75229,0,0,1,5
105.6346,-3.23019,2023-10-29 13:00:00,NASA,SNPP,Fire inside Sitrep,SUMSEL,24893,2023,2023:24893,2023,36317,1492085,0.030057356892926865,365.0,True,False,-55.0,1,2023-10-29 06:55:00,-3.23017,105.63487,0,0,1,1
105.42082,-3.3235,2023-10-29 13:00:00,NASA,NOAA20,Fire inside Sitrep,SUMSEL,24954,2023,2023:24954,2023,36378,800041,0.0,416.0,True,False,-4.0,1,2023-10-29 06:04:00,-3.3235,105.42082,0,0,2,3
105.68317,-3.64696,2023-10-29 13:00:00,NASA,SNPP,Fire inside Sitrep,SUMSEL,24960,2023,2023:24960,2023,36384,1492342,0.02938296783123148,365.0,True,False,-55.0,1,2023-10-29 06:55:00,-3.64701,105.68291,0,0,1,1
105.63805,-3.55165,2023-10-29 13:00:00,NASA,SNPP,Fire inside Sitrep,SUMSEL,24961,2023,2023:24961,2023,36385,1492152,0.022307433995781018,365.0,True,False,-55.0,1,2023-10-29 06:55:00,-3.55163,105.63785,0,0,0,1
105.89639,-3.88123,2023-10-29 13:00:00,NASA,NOAA20,Fire inside Sitrep,SUMSEL,24964,2023,2023:24964,2023,36388,800633,0.0,416.0,True,False,-4.0,1,2023-10-29 06:04:00,-3.88123,105.89639,0,0,0,0
105.79802,-3.57942,2023-10-29 13:00:00,NASA,NOAA20,Fire inside Sitrep,SUMSEL,25010,2023,2023:25010,2023,36434,800389,0.0,416.0,True,False,-4.0,1,2023-10-29 06:04:00,-3.57942,105.79802,0,0,0,0
105.6125,-3.7732,2023-10-29 13:00:00,NASA,NOAA20,Fire inside Sitrep,SUMSEL,25053,2023,2023:25053,2023,36477,800512,0.0,416.0,True,False,-4.0,1,2023-10-29 06:04:00,-3.7732,105.6125,0,0,0,1
105.6759,-3.54295,2023-10-30 00:00:00,NASA,SNPP,Fire inside Sitrep,SUMSEL,25089,2023,2023:25089,2023,36513,1493593,0.005986461083626647,362.0,True,False,-58.0,1,2023-10-29 17:58:00,-3.5429,105.67588,0,0,0,2
105.65681,-3.48761,2023-10-30 00:00:00,NASA,SNPP,Fire inside Sitrep,SUMSEL,25100,2023,2023:25100,2023,36524,1493609,0.0059865099179522395,362.0,True,False,-58.0,1,2023-10-29 17:58:00,-3.48756,105.65679,0,0,3,10
105.73622,-3.44414,2023-10-30 00:00:00,NASA,SNPP,Fire inside Sitrep,SUMSEL,25101,2023,2023:25101,2023,36525,1493676,0.005986547740513666,362.0,True,False,-58.0,1,2023-10-29 17:58:00,-3.44409,105.7362,0,0,0,6
105.23277,-3.08121,2023-10-30 00:00:00,NASA,SNPP,Fire inside Sitrep,SUMSEL,25106,2023,2023:25106,2023,36530,1493207,0.0022239016046434975,363.0,True,False,-57.0,1,2023-10-29 17:57:00,-3.08123,105.23277,0,0,2,6
105.71347,-3.50987,2023-10-30 00:00:00,NASA,SNPP,Fire inside Sitrep,SUMSEL,25116,2023,2023:25116,2023,36540,1493601,0.005986490367632089,362.0,True,False,-58.0,1,2023-10-29 17:58:00,-3.50982,105.71345,0,0,1,2
105.53144073,-3.77769566,2023-10-30 00:00:00,LAPAN,SNPP,Fire inside Sitrep,SUMSEL,25165,2023,2023:25165,2023,36589,1493437,0.099687273921982,362.0,True,False,-58.0,1,2023-10-29 17:58:00,-3.77727,105.53065,0,0,0,15
105.48476,-3.78288,2023-10-30 00:00:00,NASA,SNPP,Fire inside Sitrep,SUMSEL,25195,2023,2023:25195,2023,36619,1493435,0.008945602397949504,362.0,True,False,-58.0,1,2023-10-29 17:58:00,-3.78289,105.48468,0,0,1,3
103.38136,-2.53606,2023-10-30 00:00:00,NASA,SNPP,Verified No fire,SUMSEL MUBA,25200,2023,2023:25200,2023,36624,1493193,0.0024844495811084887,363.0,True,False,-57.0,1,2023-10-29 17:57:00,-2.53605,103.38134,0,0,0,0
103.36066,-1.02374,2023-10-30 00:00:00,NASA,SNPP,Verified No fire,JAMBI SMF,25201,2023,2023:25201,2023,36625,1493311,0.0024863182110818173,363.0,True,False,-57.0,1,2023-10-29 17:57:00,-1.02372,103.36065,0,0,0,0
105.55379,-3.44447,2023-10-30 00:00:00,NASA,SNPP,Fire inside Sitrep,SUMSEL,25204,2023,2023:25204,2023,36628,1493647,0.007031324977468724,362.0,True,False,-58.0,1,2023-10-29 17:58:00,-3.44441,105.55377,0,0,1,9
105.53074,-3.77726,2023-10-30 00:00:00,NASA,SNPP,Fire inside Sitrep,SUMSEL,25226,2023,2023:25226,2023,36650,1493437,0.010047536477210555,362.0,True,False,-58.0,1,2023-10-29 17:58:00,-3.77727,105.53065,0,0,0,15
105.61481,-3.57969,2023-10-30 00:00:00,NASA,SNPP,Fire inside Sitrep,SUMSEL,25232,2023,2023:25232,2023,36656,1493551,0.015425232626388287,362.0,True,False,-58.0,1,2023-10-29 17:58:00,-3.57962,105.61469,0,0,1,7
105.7043,-3.67645,2023-10-30 00:00:00,NASA,SNPP,Fire inside Sitrep,SUMSEL,25247,2023,2023:25247,2023,36671,1493501,0.010231576399482576,362.0,True,False,-58.0,1,2023-10-29 17:58:00,-3.67643,105.70421,0,0,0,13
105.23352051,-3.08164954,2023-10-30 00:00:00,LAPAN,SNPP,Fire inside Sitrep,SUMSEL,25269,2023,2023:25269,2023,36693,1493207,0.09550171478276522,363.0,True,False,-57.0,1,2023-10-29 17:57:00,-3.08123,105.23277,0,0,2,6
105.54968,-3.44664,2023-10-30 01:00:00,NASA,NOAA20,Fire inside Sitrep,SUMSEL,25302,2023,2023:25302,2023,36726,802434,0.0,373.0,True,False,-47.0,1,2023-10-29 18:47:00,-3.44664,105.54968,0,0,1,7
103.38217,-1.20436,2023-10-30 01:00:00,NASA,NOAA20,Verified No fire,JAMBI SMF,25310,2023,2023:25310,2023,36734,802313,0.0,373.0,True,False,-47.0,1,2023-10-29 18:47:00,-1.20436,103.38217,0,0,1,3
105.7185,-3.57097,2023-10-30 01:00:00,NASA,NOAA20,Fire inside Sitrep,SUMSEL,25312,2023,2023:25312,2023,36736,802334,0.0,373.0,True,False,-47.0,1,2023-10-29 18:47:00,-3.57097,105.7185,0,0,2,9
103.37006,-1.19084,2023-10-30 01:00:00,NASA,NOAA20,Verified No fire,JAMBI SMF,25314,2023,2023:25314,2023,36738,802314,0.0,373.0,True,False,-47.0,1,2023-10-29 18:47:00,-1.19084,103.37006,0,0,1,2
105.48213,-3.78329,2023-10-30 01:00:00,NASA,NOAA20,Fire inside Sitrep,SUMSEL,25347,2023,2023:25347,2023,36771,802245,0.0,373.0,True,False,-47.0,1,2023-10-29 18:47:00,-3.78329,105.48213,0,0,1,3
103.3388,-1.16676,2023-10-30 01:00:00,NASA,NOAA20,Verified No fire,JAMBI SMF,25397,2023,2023:25397,2023,36821,802315,0.0,373.0,True,False,-47.0,1,2023-10-29 18:47:00,-1.16676,103.3388,0,0,2,3
105.7132,-3.50909,2023-10-30 01:00:00,NASA,NOAA20,Fire inside Sitrep,SUMSEL,25414,2023,2023:25414,2023,36838,802478,0.0,373.0,True,False,-47.0,1,2023-10-29 18:47:00,-3.50909,105.7132,0,0,1,3
105.66282,-3.52507,2023-10-30 01:00:00,NASA,NOAA20,Fire inside Sitrep,SUMSEL,25427,2023,2023:25427,2023,36851,802479,0.0,373.0,True,False,-47.0,1,2023-10-29 18:47:00,-3.52507,105.66282,0,0,2,23
105.67547,-3.79417,2023-10-30 01:00:00,NASA,NOAA20,Fire inside Sitrep,SUMSEL,25449,2023,2023:25449,2023,36873,802244,0.0,373.0,True,False,-47.0,1,2023-10-29 18:47:00,-3.79417,105.67547,0,0,2,5
105.76662,-3.43243,2023-10-30 12:00:00,NASA,NOAA20,Fire inside Sitrep,SUMSEL,25457,2023,2023:25457,2023,36881,803896,0.0,374.0,True,False,-46.0,1,2023-10-30 05:46:00,-3.43243,105.76662,0,0,3,11
105.75449,-3.53574,2023-10-30 12:00:00,NASA,NOAA20,Fire inside Sitrep,SUMSEL,25465,2023,2023:25465,2023,36889,803950,0.0,374.0,True,False,-46.0,1,2023-10-30 05:46:00,-3.53574,105.75449,0,0,0,2
105.60658,-3.84933,2023-10-30 12:00:00,NASA,NOAA20,Fire inside Sitrep,SUMSEL,25473,2023,2023:25473,2023,36897,804176,0.0,374.0,True,False,-46.0,1,2023-10-30 05:46:00,-3.84933,105.60658,0,0,0,3
105.66177,-3.94844,2023-10-30 12:00:00,NASA,NOAA20,Fire inside Sitrep,SUMSEL,25536,2023,2023:25536,2023,36960,803627,0.0,375.0,True,False,-45.0,1,2023-10-30 05:45:00,-3.94844,105.66177,0,0,0,1
105.53826,-3.41445,2023-10-30 12:00:00,NASA,NOAA20,Fire inside Sitrep,SUMSEL,25553,2023,2023:25553,2023,36977,803875,0.0,374.0,True,False,-46.0,1,2023-10-30 05:46:00,-3.41445,105.53826,0,0,0,1
105.63314,-3.55351,2023-10-30 12:00:00,NASA,NOAA20,Fire inside Sitrep,SUMSEL,25594,2023,2023:25594,2023,37018,803949,0.0,374.0,True,False,-46.0,1,2023-10-30 05:46:00,-3.55351,105.63314,0,0,0,1
105.52991,-3.8834,2023-10-30 12:00:00,NASA,NOAA20,Fire inside Sitrep,SUMSEL,25614,2023,2023:25614,2023,37038,804166,0.0,374.0,True,False,-46.0,1,2023-10-30 05:46:00,-3.8834,105.52991,0,0,2,12
105.46284,-3.7228,2023-10-30 12:00:00,NASA,NOAA20,Fire inside Sitrep,SUMSEL,25615,2023,2023:25615,2023,37039,804016,0.0,374.0,True,False,-46.0,1,2023-10-30 05:46:00,-3.7228,105.46284,0,0,4,43
105.67119598,-3.63925457,2023-10-30 13:00:00,LAPAN,SNPP,Fire inside Sitrep,SUMSEL,25622,2023,2023:25622,2023,37046,1495232,0.09612795537448432,383.0,True,False,-37.0,1,2023-10-30 06:37:00,-3.63906,105.67204,0,0,0,1
105.64489746,-3.54611659,2023-10-30 13:00:00,LAPAN,SNPP,Fire inside Sitrep,SUMSEL,25640,2023,2023:25640,2023,37064,1495211,0.08225140848014947,383.0,True,False,-37.0,1,2023-10-30 06:37:00,-3.54638,105.64559,0,0,0,0
105.6590271,-3.47396946,2023-10-30 13:00:00,LAPAN,SNPP,Fire inside Sitrep,SUMSEL,25645,2023,2023:25645,2023,37069,1495186,0.07840906538652108,383.0,True,False,-37.0,1,2023-10-30 06:37:00,-3.47415,105.65971,0,0,2,3
105.67346191,-3.79615474,2023-10-30 13:00:00,LAPAN,SNPP,Fire inside Sitrep,SUMSEL,25658,2023,2023:25658,2023,37082,1495012,0.09414525914095294,384.0,True,False,-36.0,1,2023-10-30 06:36:00,-3.79593,105.67428,0,0,0,4
105.59795,-3.84083,2023-10-30 13:00:00,NASA,SNPP,Fire inside Sitrep,SUMSEL,25678,2023,2023:25678,2023,37102,1494993,0.006763322539072559,384.0,True,False,-36.0,1,2023-10-30 06:36:00,-3.84089,105.59794,0,0,0,3
105.59712219,-3.84108377,2023-10-30 13:00:00,LAPAN,SNPP,Fire inside Sitrep,SUMSEL,25679,2023,2023:25679,2023,37103,1494993,0.09325541066529487,384.0,True,False,-36.0,1,2023-10-30 06:36:00,-3.84089,105.59794,0,0,0,3
105.67205,-3.63903,2023-10-30 13:00:00,NASA,SNPP,Fire inside Sitrep,SUMSEL,25690,2023,2023:25690,2023,37114,1495232,0.003515588837037867,383.0,True,False,-37.0,1,2023-10-30 06:37:00,-3.63906,105.67204,0,0,0,1
105.74834,-3.64206,2023-10-30 13:00:00,NASA,SNPP,Fire inside Sitrep,SUMSEL,25698,2023,2023:25698,2023,37122,1495236,0.004584146449966532,383.0,True,False,-37.0,1,2023-10-30 06:37:00,-3.6421,105.74833,0,0,0,2
105.73611,-3.87097,2023-10-30 13:00:00,NASA,SNPP,Fire inside Sitrep,SUMSEL,25793,2023,2023:25793,2023,37217,1494959,0.007862321164904006,384.0,True,False,-36.0,1,2023-10-30 06:36:00,-3.87104,105.7361,0,0,0,0
105.69407,-3.95991,2023-10-30 13:00:00,NASA,SNPP,Fire inside Sitrep,SUMSEL,25794,2023,2023:25794,2023,37218,1494935,0.008948704358392548,384.0,True,False,-36.0,1,2023-10-30 06:36:00,-3.95995,105.69414,0,0,0,0
105.69342041,-3.95969462,2023-10-30 13:00:00,LAPAN,SNPP,Fire inside Sitrep,SUMSEL,25803,2023,2023:25803,2023,37227,1494935,0.08472447464687376,384.0,True,False,-36.0,1,2023-10-30 06:36:00,-3.95995,105.69414,0,0,0,0
103.79845,-2.1022,2023-10-30 13:00:00,NASA,SNPP,Verified No fire,SUMSEL MUBA,25856,2023,2023:25856,2023,37280,1495300,0.01267024798032723,383.0,True,False,-37.0,1,2023-10-30 06:37:00,-2.10223,103.79834,0,0,0,0
105.87183,-3.8168,2023-10-30 13:00:00,NASA,SNPP,Fire inside Sitrep,SUMSEL,25863,2023,2023:25863,2023,37287,1494979,0.0074558867215991104,384.0,True,False,-36.0,1,2023-10-30 06:36:00,-3.81686,105.8718,0,0,0,1
105.73525238,-3.8711741,2023-10-30 13:00:00,LAPAN,SNPP,Fire inside Sitrep,SUMSEL,25904,2023,2023:25904,2023,37328,1494959,0.09521103089596271,384.0,True,False,-36.0,1,2023-10-30 06:36:00,-3.87104,105.7361,0,0,0,0
105.87095642,-3.81704021,2023-10-30 13:00:00,LAPAN,SNPP,Fire inside Sitrep,SUMSEL,25905,2023,2023:25905,2023,37329,1494979,0.09571496083817709,384.0,True,False,-36.0,1,2023-10-30 06:36:00,-3.81686,105.8718,0,0,0,1
105.58198547,-3.54476213,2023-10-30 13:00:00,LAPAN,SNPP,Fire inside Sitrep,SUMSEL,25952,2023,2023:25952,2023,37376,1495209,0.08081591329586098,383.0,True,False,-37.0,1,2023-10-30 06:37:00,-3.54501,105.58267,0,0,0,0
105.65967,-3.47412,2023-10-30 13:00:00,NASA,SNPP,Fire inside Sitrep,SUMSEL,25955,2023,2023:25955,2023,37379,1495186,0.005553217037099542,383.0,True,False,-37.0,1,2023-10-30 06:37:00,-3.47415,105.65971,0,0,2,3
105.74747467,-3.64227772,2023-10-30 13:00:00,LAPAN,SNPP,Fire inside Sitrep,SUMSEL,25959,2023,2023:25959,2023,37383,1495236,0.09695174843609713,383.0,True,False,-37.0,1,2023-10-30 06:37:00,-3.6421,105.74833,0,0,0,2
105.67429,-3.79586,2023-10-30 13:00:00,NASA,SNPP,Fire inside Sitrep,SUMSEL,25964,2023,2023:25964,2023,37388,1495012,0.007862334916960211,384.0,True,False,-36.0,1,2023-10-30 06:36:00,-3.79593,105.67428,0,0,0,4
105.64555,-3.54634,2023-10-30 13:00:00,NASA,SNPP,Fire inside Sitrep,SUMSEL,26024,2023,2023:26024,2023,37448,1495211,0.006284123930664863,383.0,True,False,-37.0,1,2023-10-30 06:37:00,-3.54638,105.64559,0,0,0,0
105.58263,-3.54497,2023-10-30 13:00:00,NASA,SNPP,Fire inside Sitrep,SUMSEL,26026,2023,2023:26026,2023,37450,1495209,0.0062841285772087755,383.0,True,False,-37.0,1,2023-10-30 06:37:00,-3.54501,105.58267,0,0,0,0
103.38333,-1.20317,2023-10-31 00:00:00,NASA,SNPP,Verified No fire,JAMBI SMF,26215,2023,2023:26215,2023,37639,1495794,0.015121985021530162,382.0,True,False,-38.0,1,2023-10-30 17:38:00,-1.20325,103.38344,0,0,1,3
105.67624,-3.54459,2023-10-31 00:00:00,NASA,SNPP,Fire inside Sitrep,SUMSEL,26226,2023,2023:26226,2023,37650,1496132,0.01986074410678152,381.0,True,False,-39.0,1,2023-10-30 17:39:00,-3.54467,105.6764,0,0,1,2
103.37994,-2.53688,2023-10-31 01:00:00,NASA,NOAA20,Verified No fire,SUMSEL MUBA,26233,2023,2023:26233,2023,37657,804883,0.0,392.0,True,False,-28.0,1,2023-10-30 18:28:00,-2.53688,103.37994,0,0,0,0
103.15875,-2.50531,2023-10-31 01:00:00,NASA,NOAA20,Verified No fire,SUMSEL MUBA,26234,2023,2023:26234,2023,37658,804884,0.0,392.0,True,False,-28.0,1,2023-10-30 18:28:00,-2.50531,103.15875,0,0,0,0
103.2028656,-2.54257274,2023-10-31 01:00:00,LAPAN,NOAA20,Verified No fire,SUMSEL MUBA,26235,2023,2023:26235,2023,37659,804885,0.0551592992539968,392.0,True,False,-28.0,1,2023-10-30 18:28:00,-2.54277,103.20241,0,0,0,0
105.6119,-3.77114,2023-10-31 01:00:00,NASA,NOAA20,Fire inside Sitrep,SUMSEL,26244,2023,2023:26244,2023,37668,804590,0.0,392.0,True,False,-28.0,1,2023-10-30 18:28:00,-3.77114,105.6119,0,0,0,1
105.64202118,-3.77891445,2023-10-31 01:00:00,LAPAN,NOAA20,Fire inside Sitrep,SUMSEL,26245,2023,2023:26245,2023,37669,804586,0.06802806626952744,392.0,True,False,-28.0,1,2023-10-30 18:28:00,-3.77922,105.64149,0,0,0,0
105.76311493,-3.85080099,2023-10-31 01:00:00,LAPAN,NOAA20,Fire inside Sitrep,SUMSEL,26246,2023,2023:26246,2023,37670,804575,0.06953885153201816,392.0,True,False,-28.0,1,2023-10-30 18:28:00,-3.85111,105.76257,0,0,0,7
105.67395,-3.79483,2023-10-31 01:00:00,NASA,NOAA20,Fire inside Sitrep,SUMSEL,26249,2023,2023:26249,2023,37673,804578,0.0,392.0,True,False,-28.0,1,2023-10-30 18:28:00,-3.79483,105.67395,0,0,0,2
105.76257,-3.85111,2023-10-31 01:00:00,NASA,NOAA20,Fire inside Sitrep,SUMSEL,26250,2023,2023:26250,2023,37674,804575,0.0,392.0,True,False,-28.0,1,2023-10-30 18:28:00,-3.85111,105.76257,0,0,0,7
103.36231995,-1.0251981,2023-10-31 01:00:00,LAPAN,NOAA20,Verified No fire,JAMBI SMF,26257,2023,2023:26257,2023,37681,804631,0.05438517031267293,392.0,True,False,-28.0,1,2023-10-30 18:28:00,-1.02539,103.36187,0,0,0,0
103.33935,-1.16805,2023-10-31 01:00:00,NASA,NOAA20,Verified No fire,JAMBI SMF,26258,2023,2023:26258,2023,37682,804533,0.0,392.0,True,False,-28.0,1,2023-10-30 18:28:00,-1.16805,103.33935,0,0,0,1
105.66965,-3.64062,2023-10-31 01:00:00,NASA,NOAA20,Fire inside Sitrep,SUMSEL,26266,2023,2023:26266,2023,37690,804755,0.0,392.0,True,False,-28.0,1,2023-10-30 18:28:00,-3.64062,105.66965,0,0,0,2
105.71331787,-3.50663352,2023-10-31 01:00:00,LAPAN,NOAA20,Fire inside Sitrep,SUMSEL,26290,2023,2023:26290,2023,37714,804791,0.08472309554006524,392.0,True,False,-28.0,1,2023-10-30 18:28:00,-3.50702,105.71266,0,0,0,1
105.39766,-3.69617,2023-10-31 01:00:00,NASA,NOAA20,Fire inside Sitrep,SUMSEL,26330,2023,2023:26330,2023,37754,804742,0.0,392.0,True,False,-28.0,1,2023-10-30 18:28:00,-3.69617,105.39766,0,0,0,0
105.39829254,-3.69579411,2023-10-31 01:00:00,LAPAN,NOAA20,Fire inside Sitrep,SUMSEL,26395,2023,2023:26395,2023,37819,804742,0.08169150298295262,392.0,True,False,-28.0,1,2023-10-30 18:28:00,-3.69617,105.39766,0,0,0,0
105.53423,-3.77679,2023-10-31 01:00:00,NASA,NOAA20,Fire inside Sitrep,SUMSEL,26399,2023,2023:26399,2023,37823,804576,0.0,392.0,True,False,-28.0,1,2023-10-30 18:28:00,-3.77679,105.53423,0,0,0,3
105.67448425,-3.79451847,2023-10-31 01:00:00,LAPAN,NOAA20,Fire inside Sitrep,SUMSEL,26401,2023,2023:26401,2023,37825,804578,0.06865554408543544,392.0,True,False,-28.0,1,2023-10-30 18:28:00,-3.79483,105.67395,0,0,0,2
105.484375,-3.35184717,2023-10-31 01:00:00,LAPAN,NOAA20,Verified No fire,SUMSEL,26403,2023,2023:26403,2023,37827,804950,0.06579025616778615,392.0,True,False,-28.0,1,2023-10-30 18:28:00,-3.35214,105.48386,0,0,0,0
105.54928,-3.44644,2023-10-31 01:00:00,NASA,NOAA20,Fire inside Sitrep,SUMSEL,26412,2023,2023:26412,2023,37836,804448,0.0,392.0,True,False,-28.0,1,2023-10-30 18:28:00,-3.44644,105.54928,0,0,0,1
103.20241,-2.54277,2023-10-31 01:00:00,NASA,NOAA20,Verified No fire,SUMSEL MUBA,26423,2023,2023:26423,2023,37847,804885,0.0,392.0,True,False,-28.0,1,2023-10-30 18:28:00,-2.54277,103.20241,0,0,0,0
105.67018127,-3.6403141,2023-10-31 01:00:00,LAPAN,NOAA20,Fire inside Sitrep,SUMSEL,26432,2023,2023:26432,2023,37856,804755,0.06806416936633831,392.0,True,False,-28.0,1,2023-10-30 18:28:00,-3.64062,105.66965,0,0,0,2
105.71266,-3.50702,2023-10-31 01:00:00,NASA,NOAA20,Fire inside Sitrep,SUMSEL,26464,2023,2023:26464,2023,37888,804791,0.0,392.0,True,False,-28.0,1,2023-10-30 18:28:00,-3.50702,105.71266,0,0,0,1
103.15919495,-2.50511646,2023-10-31 01:00:00,LAPAN,NOAA20,Verified No fire,SUMSEL MUBA,26477,2023,2023:26477,2023,37901,804884,0.05391069306313169,392.0,True,False,-28.0,1,2023-10-30 18:28:00,-2.50531,103.15875,0,0,0,0
105.61242676,-3.77083397,2023-10-31 01:00:00,LAPAN,NOAA20,Fire inside Sitrep,SUMSEL,26483,2023,2023:26483,2023,37907,804590,0.06763094954200218,392.0,True,False,-28.0,1,2023-10-30 18:28:00,-3.77114,105.6119,0,0,0,1
105.53475189,-3.77648497,2023-10-31 01:00:00,LAPAN,NOAA20,Fire inside Sitrep,SUMSEL,26499,2023,2023:26499,2023,37923,804576,0.06710794059447732,392.0,True,False,-28.0,1,2023-10-30 18:28:00,-3.77679,105.53423,0,0,0,3
105.48386,-3.35214,2023-10-31 01:00:00,NASA,NOAA20,Verified No fire,SUMSEL,26509,2023,2023:26509,2023,37933,804950,0.0,392.0,True,False,-28.0,1,2023-10-30 18:28:00,-3.35214,105.48386,0,0,0,0
103.36187,-1.02539,2023-10-31 01:00:00,NASA,NOAA20,Verified No fire,JAMBI SMF,26512,2023,2023:26512,2023,37936,804631,0.0,392.0,True,False,-28.0,1,2023-10-30 18:28:00,-1.02539,103.36187,0,0,0,0
105.64149,-3.77922,2023-10-31 01:00:00,NASA,NOAA20,Fire inside Sitrep,SUMSEL,26516,2023,2023:26516,2023,37940,804586,0.0,392.0,True,False,-28.0,1,2023-10-30 18:28:00,-3.77922,105.64149,0,0,0,0
105.54991913,-3.44606161,2023-10-31 01:00:00,LAPAN,NOAA20,Fire inside Sitrep,SUMSEL,26518,2023,2023:26518,2023,37942,804448,0.08247872811678454,392.0,True,False,-28.0,1,2023-10-30 18:28:00,-3.44644,105.54928,0,0,0,1
103.24155,-1.06116,2023-10-31 02:00:00,NASA,SNPP,Verified No fire,JAMBI SMF,26526,2023,2023:26526,2023,37950,1496298,0.008468139651186774,401.0,True,False,-19.0,1,2023-10-30 19:19:00,-1.06123,103.24158,0,0,0,0
105.54955,-3.74397,2023-10-31 13:00:00,NASA,SNPP,Fire inside Sitrep,SUMSEL,26546,2023,2023:26546,2023,37970,1497108,0.004970674365987533,402.0,True,False,-18.0,1,2023-10-31 06:18:00,-3.74401,105.54953,0,0,0,0
105.87982,-3.81667,2023-10-31 13:00:00,NASA,SNPP,Fire inside Sitrep,SUMSEL,26550,2023,2023:26550,2023,37974,1497095,0.007113800863777698,402.0,True,False,-18.0,1,2023-10-31 06:18:00,-3.81672,105.87978,0,0,1,2
105.54898071,-3.74387264,2023-10-31 13:00:00,LAPAN,SNPP,Fire inside Sitrep,SUMSEL,26564,2023,2023:26564,2023,37988,1497108,0.06283267967417132,402.0,True,False,-18.0,1,2023-10-31 06:18:00,-3.74401,105.54953,0,0,0,0
105.87915039,-3.81701589,2023-10-31 13:00:00,LAPAN,SNPP,Fire inside Sitrep,SUMSEL,26578,2023,2023:26578,2023,38002,1497095,0.07721480023734212,402.0,True,False,-18.0,1,2023-10-31 06:18:00,-3.81672,105.87978,0,0,1,2
105.66696,-3.64629,2023-10-31 14:00:00,NASA,NOAA20,Fire inside Sitrep,SUMSEL,26585,2023,2023:26585,2023,38009,806293,0.0,413.0,True,False,-7.0,1,2023-10-31 07:07:00,-3.64629,105.66696,0,0,0,1
105.87967,-3.8183,2023-10-31 14:00:00,NASA,NOAA20,Fire inside Sitrep,SUMSEL,26587,2023,2023:26587,2023,38011,806292,0.0,413.0,True,False,-7.0,1,2023-10-31 07:07:00,-3.8183,105.87967,0,0,1,1
102.77467,-1.0306,2023-10-31 14:00:00,NASA,NOAA20,Verified No fire,JAMBI SMF,26588,2023,2023:26588,2023,38012,806319,0.0,412.0,True,False,-8.0,1,2023-10-31 07:08:00,-1.0306,102.77467,0,0,0,0
105.87313843,-3.82758498,2023-11-01 01:00:00,LAPAN,NOAA20,Fire inside Sitrep,SUMSEL,26611,2023,2023:26611,2023,38035,806568,0.06995301772466983,410.0,True,False,-10.0,1,2023-10-31 18:10:00,-3.82775,105.87253,0,0,0,0
105.87253,-3.82775,2023-11-01 01:00:00,NASA,NOAA20,Fire inside Sitrep,SUMSEL,26612,2023,2023:26612,2023,38036,806568,0.0,410.0,True,False,-10.0,1,2023-10-31 18:10:00,-3.82775,105.87253,0,0,0,0
103.33809,-1.16632,2023-11-01 02:00:00,NASA,SNPP,Verified No fire,JAMBI SMF,26615,2023,2023:26615,2023,38039,1497496,0.01111803361894158,420.0,True,False,0.0,1,2023-10-31 19:00:00,-1.16638,103.33817,0,0,0,0
105.34386,-2.62375,2023-11-01 12:00:00,NASA,SNPP,Verified Fire,SUMSEL,26627,2023,2023:26627,2023,38051,1498838,0.024538256365961,361.0,True,False,-59.0,1,2023-11-01 05:59:00,-2.62377,105.34408,0,0,1,3
105.365982056,-2.79766654968,2023-11-01 13:00:00,LAPAN,Aqua,Verified No fire,SUMSEL,26643,2023,2023:26643,2023,38067,138113,0.04176493970626673,364.0,True,False,-56.0,1,2023-11-01 06:56:00,-2.7973,105.3659,0,0,0,0
105.61281,-3.05261,2023-11-01 13:00:00,NASA,NOAA20,Fire inside Sitrep,SUMSEL,26644,2023,2023:26644,2023,38068,807691,0.0,371.0,True,False,-49.0,1,2023-11-01 06:49:00,-3.05261,105.61281,0,0,0,5
105.52686,-2.78341,2023-11-01 13:00:00,NASA,Aqua,Verified No fire,SUMSEL,26646,2023,2023:26646,2023,38070,138111,0.035108693091281735,364.0,True,False,-56.0,1,2023-11-01 06:56:00,-2.7831,105.5268,0,0,0,0
105.590538025,-3.56593561172,2023-11-01 13:00:00,LAPAN,Aqua,Fire inside Sitrep,SUMSEL,26647,2023,2023:26647,2023,38071,138158,0.04033982746145127,364.0,True,False,-56.0,1,2023-11-01 06:56:00,-3.5656,105.5904,0,0,0,2
105.243484497,-2.88811397552,2023-11-01 13:00:00,LAPAN,Aqua,Fire inside Sitrep,SUMSEL,26648,2023,2023:26648,2023,38072,138137,0.0361516131352109,364.0,True,False,-56.0,1,2023-11-01 06:56:00,-2.8878,105.2434,0,0,2,2
105.24171448,-3.01146173,2023-11-01 13:00:00,LAPAN,NOAA20,Fire inside Sitrep,SUMSEL,26651,2023,2023:26651,2023,38075,807635,0.07932101649278257,371.0,True,False,-49.0,1,2023-11-01 06:49:00,-3.01135,105.24242,0,0,0,0
105.36592,-2.79766,2023-11-01 13:00:00,NASA,Aqua,Verified No fire,SUMSEL,26653,2023,2023:26653,2023,38077,138113,0.040091809413767526,364.0,True,False,-56.0,1,2023-11-01 06:56:00,-2.7973,105.3659,0,0,0,0
105.33773,-2.62657,2023-11-01 13:00:00,NASA,Aqua,Verified No fire,SUMSEL,26656,2023,2023:26656,2023,38080,138118,0.04127691237009943,364.0,True,False,-56.0,1,2023-11-01 06:56:00,-2.6262,105.3377,0,0,1,4
105.24242,-3.01135,2023-11-01 13:00:00,NASA,NOAA20,Fire inside Sitrep,SUMSEL,26660,2023,2023:26660,2023,38084,807635,0.0,371.0,True,False,-49.0,1,2023-11-01 06:49:00,-3.01135,105.24242,0,0,0,0
105.24342,-2.88811,2023-11-01 13:00:00,NASA,Aqua,Fire inside Sitrep,SUMSEL,26670,2023,2023:26670,2023,38094,138137,0.03454195741115802,364.0,True,False,-56.0,1,2023-11-01 06:56:00,-2.8878,105.2434,0,0,2,2
105.59048,-3.56593,2023-11-01 13:00:00,NASA,Aqua,Fire inside Sitrep,SUMSEL,26677,2023,2023:26677,2023,38101,138158,0.03775318513204091,364.0,True,False,-56.0,1,2023-11-01 06:56:00,-3.5656,105.5904,0,0,0,2
105.38237,-2.40916,2023-11-02 00:00:00,NASA,NOAA20,Verified No fire,SUMSEL,26712,2023,2023:26712,2023,38136,807888,0.0,370.0,True,False,-50.0,1,2023-11-01 17:50:00,-2.40916,105.38237,0,0,0,8
105.34332,-2.62356,2023-11-02 00:00:00,NASA,NOAA20,Verified Fire,SUMSEL,26714,2023,2023:26714,2023,38138,807890,0.0,370.0,True,False,-50.0,1,2023-11-01 17:50:00,-2.62356,105.34332,0,0,0,4
105.7094,-3.96859,2023-11-02 13:00:00,NASA,NOAA20,Fire inside Sitrep,SUMSEL,26734,2023,2023:26734,2023,38158,808721,0.0,390.0,True,False,-30.0,1,2023-11-02 06:30:00,-3.96859,105.7094,0,0,0,0
105.85479,-3.88764,2023-11-02 13:00:00,NASA,NOAA20,Fire inside Sitrep,SUMSEL,26735,2023,2023:26735,2023,38159,808717,0.0,390.0,True,False,-30.0,1,2023-11-02 06:30:00,-3.88764,105.85479,0,0,0,0
105.8243866,-3.74460435,2023-11-02 13:00:00,LAPAN,NOAA20,Fire inside Sitrep,SUMSEL,26738,2023,2023:26738,2023,38162,808694,0.06945289862714996,390.0,True,False,-30.0,1,2023-11-02 06:30:00,-3.74422,105.82488,0,0,0,0
105.82488,-3.74422,2023-11-02 13:00:00,NASA,NOAA20,Fire inside Sitrep,SUMSEL,26739,2023,2023:26739,2023,38163,808694,0.0,390.0,True,False,-30.0,1,2023-11-02 06:30:00,-3.74422,105.82488,0,0,0,0
105.3427887,-2.62719035,2023-11-02 13:00:00,LAPAN,NOAA20,Verified No fire,SUMSEL,26741,2023,2023:26741,2023,38165,808771,0.05414380041794481,390.0,True,False,-30.0,1,2023-11-02 06:30:00,-2.6269,105.34318,0,0,0,4
105.24845123,-3.0210104,2023-11-02 13:00:00,LAPAN,NOAA20,Fire inside Sitrep,SUMSEL,26753,2023,2023:26753,2023,38177,808827,0.053709460418504114,390.0,True,False,-30.0,1,2023-11-02 06:30:00,-3.02071,105.24883,0,0,0,1
105.68291,-3.96231,2023-11-02 13:00:00,NASA,NOAA20,Fire inside Sitrep,SUMSEL,26756,2023,2023:26756,2023,38180,808720,0.0,390.0,True,False,-30.0,1,2023-11-02 06:30:00,-3.96231,105.68291,0,0,0,0
105.79659271,-3.66101336,2023-11-02 13:00:00,LAPAN,NOAA20,Fire inside Sitrep,SUMSEL,26763,2023,2023:26763,2023,38187,808673,0.05418849374560174,390.0,True,False,-30.0,1,2023-11-02 06:30:00,-3.66073,105.79699,0,0,0,0
105.79699,-3.66073,2023-11-02 13:00:00,NASA,NOAA20,Fire inside Sitrep,SUMSEL,26764,2023,2023:26764,2023,38188,808673,0.0,390.0,True,False,-30.0,1,2023-11-02 06:30:00,-3.66073,105.79699,0,0,0,0
105.67966,-3.54577,2023-11-02 13:00:00,NASA,NOAA20,Fire inside Sitrep,SUMSEL,26775,2023,2023:26775,2023,38199,808926,0.0,390.0,True,False,-30.0,1,2023-11-02 06:30:00,-3.54577,105.67966,0,0,0,2
105.34318,-2.6269,2023-11-02 13:00:00,NASA,NOAA20,Verified No fire,SUMSEL,26777,2023,2023:26777,2023,38201,808771,0.0,390.0,True,False,-30.0,1,2023-11-02 06:30:00,-2.6269,105.34318,0,0,0,4
105.22268,-2.99051,2023-11-02 13:00:00,NASA,NOAA20,Fire inside Sitrep,SUMSEL,26780,2023,2023:26780,2023,38204,808815,0.0,390.0,True,False,-30.0,1,2023-11-02 06:30:00,-2.99051,105.22268,0,0,0,0
105.24883,-3.02071,2023-11-02 13:00:00,NASA,NOAA20,Fire inside Sitrep,SUMSEL,26781,2023,2023:26781,2023,38205,808827,0.0,390.0,True,False,-30.0,1,2023-11-02 06:30:00,-3.02071,105.24883,0,0,0,1
105.70891571,-3.9689827,2023-11-02 13:00:00,LAPAN,NOAA20,Fire inside Sitrep,SUMSEL,26792,2023,2023:26792,2023,38216,808721,0.06922968184790762,390.0,True,False,-30.0,1,2023-11-02 06:30:00,-3.96859,105.7094,0,0,0,0
105.68241882,-3.96271014,2023-11-02 13:00:00,LAPAN,NOAA20,Fire inside Sitrep,SUMSEL,26795,2023,2023:26795,2023,38219,808720,0.07034508089173838,390.0,True,False,-30.0,1,2023-11-02 06:30:00,-3.96231,105.68291,0,0,0,0
105.59142,-3.51794,2023-11-02 13:00:00,NASA,NOAA20,Fire inside Sitrep,SUMSEL,26799,2023,2023:26799,2023,38223,808921,0.0,390.0,True,False,-30.0,1,2023-11-02 06:30:00,-3.51794,105.59142,0,0,0,0
105.85429382,-3.88803148,2023-11-02 13:00:00,LAPAN,NOAA20,Fire inside Sitrep,SUMSEL,26802,2023,2023:26802,2023,38226,808717,0.07017804646189635,390.0,True,False,-30.0,1,2023-11-02 06:30:00,-3.88764,105.85479,0,0,0,0
105.22229004,-2.99081135,2023-11-02 13:00:00,LAPAN,NOAA20,Fire inside Sitrep,SUMSEL,26807,2023,2023:26807,2023,38231,808815,0.05475346541945799,390.0,True,False,-30.0,1,2023-11-02 06:30:00,-2.99051,105.22268,0,0,0,0
105.59091949,-3.51833868,2023-11-02 13:00:00,LAPAN,NOAA20,Fire inside Sitrep,SUMSEL,26810,2023,2023:26810,2023,38234,808921,0.0710703317859658,390.0,True,False,-30.0,1,2023-11-02 06:30:00,-3.51794,105.59142,0,0,0,0
105.67835236,-3.98396397,2023-11-02 13:00:00,LAPAN,NOAA20,Fire inside Sitrep,SUMSEL,26817,2023,2023:26817,2023,38241,808723,0.069606467949735,390.0,True,False,-30.0,1,2023-11-02 06:30:00,-3.98357,105.67884,0,0,0,0
105.67884,-3.98357,2023-11-02 13:00:00,NASA,NOAA20,Fire inside Sitrep,SUMSEL,26818,2023,2023:26818,2023,38242,808723,0.0,390.0,True,False,-30.0,1,2023-11-02 06:30:00,-3.98357,105.67884,0,0,0,0
105.35878,-2.9833,2023-11-02 13:00:00,NASA,NOAA20,Fire inside Sitrep,SUMSEL,26820,2023,2023:26820,2023,38244,808818,0.0,390.0,True,False,-30.0,1,2023-11-02 06:30:00,-2.9833,105.35878,0,0,0,0
105.62547,-3.26453,2023-11-02 13:00:00,NASA,NOAA20,Fire inside Sitrep,SUMSEL,26828,2023,2023:26828,2023,38252,808888,0.0,390.0,True,False,-30.0,1,2023-11-02 06:30:00,-3.26453,105.62547,0,0,0,0
105.35838318,-2.98360157,2023-11-02 13:00:00,LAPAN,NOAA20,Fire inside Sitrep,SUMSEL,26831,2023,2023:26831,2023,38255,808818,0.055372918249648816,390.0,True,False,-30.0,1,2023-11-02 06:30:00,-2.9833,105.35878,0,0,0,0
105.67917633,-3.54616404,2023-11-02 13:00:00,LAPAN,NOAA20,Fire inside Sitrep,SUMSEL,26833,2023,2023:26833,2023,38257,808926,0.0692906237566082,390.0,True,False,-30.0,1,2023-11-02 06:30:00,-3.54577,105.67966,0,0,0,2
105.67764,-3.54042,2023-11-03 00:00:00,NASA,NOAA20,Fire inside Sitrep,SUMSEL,26863,2023,2023:26863,2023,38287,809123,0.0,388.0,True,False,-32.0,1,2023-11-02 17:32:00,-3.54042,105.67764,0,0,1,2
105.22755,-3.06903,2023-11-03 00:00:00,NASA,NOAA20,Fire inside Sitrep,SUMSEL,26864,2023,2023:26864,2023,38288,809106,0.0,388.0,True,False,-32.0,1,2023-11-02 17:32:00,-3.06903,105.22755,0,0,4,19
105.34009,-2.62101,2023-11-03 00:00:00,NASA,NOAA20,Verified No fire,SUMSEL,26871,2023,2023:26871,2023,38295,809109,0.0,388.0,True,False,-32.0,1,2023-11-02 17:32:00,-2.62101,105.34009,0,0,0,3
105.65842,-3.76403,2023-11-03 00:00:00,NASA,NOAA20,Fire inside Sitrep,SUMSEL,26873,2023,2023:26873,2023,38297,809129,0.0,388.0,True,False,-32.0,1,2023-11-02 17:32:00,-3.76403,105.65842,0,0,2,2
105.68031311,-3.5444746,2023-11-03 01:00:00,LAPAN,SNPP,Fire inside Sitrep,SUMSEL,26899,2023,2023:26899,2023,38323,1499375,0.0827018577637722,397.0,True,False,-23.0,1,2023-11-02 18:23:00,-3.54453,105.67957,0,0,1,5
103.29193,-1.0518,2023-11-03 01:00:00,NASA,SNPP,Verified No fire,JAMBI SMF,26906,2023,2023:26906,2023,38330,1499262,0.01243156895863404,398.0,True,False,-22.0,1,2023-11-02 18:22:00,-1.0519,103.29198,0,0,1,1
105.24809265,-3.0199213,2023-11-03 01:00:00,LAPAN,SNPP,Fire inside Sitrep,SUMSEL,26908,2023,2023:26908,2023,38332,1499407,0.07913903980053978,397.0,True,False,-23.0,1,2023-11-02 18:23:00,-3.01993,105.24738,0,0,0,2
103.79845,-2.1004,2023-11-03 01:00:00,NASA,SNPP,Verified No fire,SUMSEL MUBA,26925,2023,2023:26925,2023,38349,1499292,0.0067636099008966805,398.0,True,False,-22.0,1,2023-11-02 18:22:00,-2.10034,103.79846,0,0,0,0
103.34023,-1.16798,2023-11-03 01:00:00,NASA,SNPP,Verified No fire,JAMBI SMF,26930,2023,2023:26930,2023,38354,1499260,0.014151352853059738,398.0,True,False,-22.0,1,2023-11-02 18:22:00,-1.16807,103.34032,0,0,0,0
105.67657,-3.79681,2023-11-03 01:00:00,NASA,SNPP,Fire inside Sitrep,SUMSEL,26933,2023,2023:26933,2023,38357,1499510,0.006671704813970198,397.0,True,False,-23.0,1,2023-11-02 18:23:00,-3.79687,105.67657,0,0,0,0
102.0472641,-1.11901605,2023-11-03 01:00:00,LAPAN,SNPP,Verified No fire,JAMBI SMF,26955,2023,2023:26955,2023,38379,1499257,0.0636760601766867,398.0,True,False,-22.0,1,2023-11-02 18:22:00,-1.11871,102.04678,0,0,0,0
103.2432,-1.06193,2023-11-03 01:00:00,NASA,SNPP,Verified No fire,JAMBI SMF,26957,2023,2023:26957,2023,38381,1499261,0.013435357510430804,398.0,True,False,-22.0,1,2023-11-02 18:22:00,-1.06204,103.24325,0,0,2,5
105.24735,-3.01997,2023-11-03 01:00:00,NASA,SNPP,Verified Fire,SUMSEL,26964,2023,2023:26964,2023,38388,1499407,0.005556975652150586,397.0,True,False,-23.0,1,2023-11-02 18:23:00,-3.01993,105.24738,0,0,0,2
105.67706299,-3.79717922,2023-11-03 01:00:00,LAPAN,SNPP,Fire inside Sitrep,SUMSEL,26965,2023,2023:26965,2023,38389,1499510,0.06460714854101199,397.0,True,False,-23.0,1,2023-11-02 18:23:00,-3.79687,105.67657,0,0,0,0
105.67957,-3.54457,2023-11-03 01:00:00,NASA,SNPP,Fire inside Sitrep,SUMSEL,26981,2023,2023:26981,2023,38405,1499375,0.004447803209339841,397.0,True,False,-23.0,1,2023-11-02 18:23:00,-3.54453,105.67957,0,0,1,5
102.04668,-1.11865,2023-11-03 01:00:00,NASA,SNPP,Verified No fire,JAMBI SMF,26992,2023,2023:26992,2023,38416,1499257,0.012965645970457478,398.0,True,False,-22.0,1,2023-11-02 18:22:00,-1.11871,102.04678,0,0,0,0
103.40633,-1.0817,2023-11-03 02:00:00,NASA,NOAA20,Verified No fire,JAMBI SMF,27002,2023,2023:27002,2023,38426,809214,0.0,408.0,True,False,-12.0,1,2023-11-02 19:12:00,-1.0817,103.40633,0,0,0,0
105.56665,-3.76151,2023-11-03 02:00:00,NASA,NOAA20,Fire inside Sitrep,SUMSEL,27003,2023,2023:27003,2023,38427,809226,0.0,408.0,True,False,-12.0,1,2023-11-02 19:12:00,-3.76151,105.56665,0,0,5,11
105.55189,-3.77344,2023-11-03 02:00:00,NASA,NOAA20,Fire inside Sitrep,SUMSEL,27007,2023,2023:27007,2023,38431,809225,0.0,408.0,True,False,-12.0,1,2023-11-02 19:12:00,-3.77344,105.55189,0,0,5,11
105.37994,-2.40711,2023-11-03 02:00:00,NASA,NOAA20,Verified No fire,SUMSEL,27008,2023,2023:27008,2023,38432,809262,0.0,408.0,True,False,-12.0,1,2023-11-02 19:12:00,-2.40711,105.37994,0,0,3,8
103.29095,-1.05192,2023-11-03 02:00:00,NASA,NOAA20,Verified No fire,JAMBI SMF,27015,2023,2023:27015,2023,38439,809215,0.0,408.0,True,False,-12.0,1,2023-11-02 19:12:00,-1.05192,103.29095,0,0,1,1
102.97298,-0.97265,2023-11-03 13:00:00,NASA,Aqua,Verified No fire,JAMBI SMF,27025,2023,2023:27025,2023,38449,138497,0.06259560584862701,378.0,True,False,-42.0,1,2023-11-03 06:42:00,-0.9732,102.9731,0,0,0,0
105.54948425,-3.72907805,2023-11-03 13:00:00,LAPAN,NOAA20,Fire inside Sitrep,SUMSEL,27026,2023,2023:27026,2023,38450,809782,0.07965048824195761,409.0,True,False,-11.0,1,2023-11-03 06:11:00,-3.72856,105.54998,0,0,0,0
105.3418045,-2.62785578,2023-11-03 13:00:00,LAPAN,NOAA20,Verified No fire,SUMSEL,27027,2023,2023:27027,2023,38451,809849,0.08026268657356737,409.0,True,False,-11.0,1,2023-11-03 06:11:00,-2.62734,105.34231,0,0,0,2
105.90002,-3.84453,2023-11-03 13:00:00,NASA,NOAA20,Fire inside Sitrep,SUMSEL,27031,2023,2023:27031,2023,38455,809758,0.0,409.0,True,False,-11.0,1,2023-11-03 06:11:00,-3.84453,105.90002,0,0,0,0
105.73398,-3.48041,2023-11-03 13:00:00,NASA,NOAA20,Fire inside Sitrep,SUMSEL,27039,2023,2023:27039,2023,38463,809812,0.0,409.0,True,False,-11.0,1,2023-11-03 06:11:00,-3.48041,105.73398,0,0,0,1
105.73348999,-3.48091817,2023-11-03 13:00:00,LAPAN,NOAA20,Fire inside Sitrep,SUMSEL,27040,2023,2023:27040,2023,38464,809812,0.07842694922106504,409.0,True,False,-11.0,1,2023-11-03 06:11:00,-3.48041,105.73398,0,0,0,1
105.73707581,-3.56641984,2023-11-03 13:00:00,LAPAN,NOAA20,Fire inside Sitrep,SUMSEL,27041,2023,2023:27041,2023,38465,809805,0.09543725642787583,409.0,True,False,-11.0,1,2023-11-03 06:11:00,-3.56579,105.73766,0,0,0,0
105.18196869,-3.10001779,2023-11-03 13:00:00,LAPAN,NOAA20,Fire inside Sitrep,SUMSEL,27043,2023,2023:27043,2023,38467,809825,0.08242936726709084,409.0,True,False,-11.0,1,2023-11-03 06:11:00,-3.09949,105.18249,0,0,0,0
105.28009796,-2.99225283,2023-11-03 13:00:00,LAPAN,NOAA20,Fire inside Sitrep,SUMSEL,27044,2023,2023:27044,2023,38468,809834,0.09940056718744604,409.0,True,False,-11.0,1,2023-11-03 06:11:00,-2.99161,105.28072,0,0,0,0
103.88763,-1.90449,2023-11-03 13:00:00,NASA,Aqua,Verified No fire,SUMSEL MUBA,27045,2023,2023:27045,2023,38469,138488,0.06827365126082797,378.0,True,False,-42.0,1,2023-11-03 06:42:00,-1.9051,103.8877,0,0,0,0
105.54998,-3.72856,2023-11-03 13:00:00,NASA,NOAA20,Fire inside Sitrep,SUMSEL,27048,2023,2023:27048,2023,38472,809782,0.0,409.0,True,False,-11.0,1,2023-11-03 06:11:00,-3.72856,105.54998,0,0,0,0
105.40868,-3.30842,2023-11-03 13:00:00,NASA,Aqua,Fire inside Sitrep,SUMSEL,27049,2023,2023:27049,2023,38473,138483,0.06585453239747106,379.0,True,False,-41.0,1,2023-11-03 06:41:00,-3.309,105.4088,0,0,0,21
105.28072,-2.99161,2023-11-03 13:00:00,NASA,NOAA20,Fire inside Sitrep,SUMSEL,27050,2023,2023:27050,2023,38474,809834,0.0,409.0,True,False,-11.0,1,2023-11-03 06:11:00,-2.99161,105.28072,0,0,0,0
103.19047,-0.9281,2023-11-03 13:00:00,NASA,Aqua,Verified No fire,JAMBI SMF,27053,2023,2023:27053,2023,38477,138498,0.06680037052546564,378.0,True,False,-42.0,1,2023-11-03 06:42:00,-0.9287,103.1905,0,0,0,0
105.36208,-2.79536,2023-11-03 13:00:00,NASA,Aqua,Verified No fire,SUMSEL,27061,2023,2023:27061,2023,38485,138485,0.061506636123447866,379.0,True,False,-41.0,1,2023-11-03 06:41:00,-2.7959,105.3622,0,0,0,0
105.73766,-3.56579,2023-11-03 13:00:00,NASA,NOAA20,Fire inside Sitrep,SUMSEL,27062,2023,2023:27062,2023,38486,809805,0.0,409.0,True,False,-11.0,1,2023-11-03 06:11:00,-3.56579,105.73766,0,0,0,0
105.62188,-3.10497,2023-11-03 13:00:00,NASA,NOAA20,Fire inside Sitrep,SUMSEL,27063,2023,2023:27063,2023,38487,809823,0.0,409.0,True,False,-11.0,1,2023-11-03 06:11:00,-3.10497,105.62188,0,0,0,0
105.18249,-3.09949,2023-11-03 13:00:00,NASA,NOAA20,Fire inside Sitrep,SUMSEL,27064,2023,2023:27064,2023,38488,809825,0.0,409.0,True,False,-11.0,1,2023-11-03 06:11:00,-3.09949,105.18249,0,0,0,0
105.29685211,-2.68356991,2023-11-03 13:00:00,LAPAN,NOAA20,Verified Fire,SUMSEL,27066,2023,2023:27066,2023,38490,809846,0.0807748883405888,409.0,True,False,-11.0,1,2023-11-03 06:11:00,-2.68305,105.29736,0,0,0,0
105.67156982,-3.50143456,2023-11-03 13:00:00,LAPAN,NOAA20,Fire inside Sitrep,SUMSEL,27067,2023,2023:27067,2023,38491,809810,0.07972144420958482,409.0,True,False,-11.0,1,2023-11-03 06:11:00,-3.50092,105.67207,0,0,0,1
105.31417,-2.64659,2023-11-03 13:00:00,NASA,NOAA20,Verified No fire,SUMSEL,27072,2023,2023:27072,2023,38496,809848,0.0,409.0,True,False,-11.0,1,2023-11-03 06:11:00,-2.64659,105.31417,0,0,0,2
105.34231,-2.62734,2023-11-03 13:00:00,NASA,NOAA20,Verified No fire,SUMSEL,27074,2023,2023:27074,2023,38498,809849,0.0,409.0,True,False,-11.0,1,2023-11-03 06:11:00,-2.62734,105.34231,0,0,0,2
105.89541626,-3.87528038,2023-11-03 13:00:00,LAPAN,NOAA20,Fire inside Sitrep,SUMSEL,27075,2023,2023:27075,2023,38499,809754,0.07730384065817299,409.0,True,False,-11.0,1,2023-11-03 06:11:00,-3.87478,105.8959,0,0,0,3
105.62128448,-3.10559535,2023-11-03 13:00:00,LAPAN,NOAA20,Verified Fire,SUMSEL,27081,2023,2023:27081,2023,38505,809823,0.09595471809822317,409.0,True,False,-11.0,1,2023-11-03 06:11:00,-3.10497,105.62188,0,0,0,0
105.3136673,-2.64710689,2023-11-03 13:00:00,LAPAN,NOAA20,Verified No fire,SUMSEL,27082,2023,2023:27082,2023,38506,809848,0.08013329180381364,409.0,True,False,-11.0,1,2023-11-03 06:11:00,-2.64659,105.31417,0,0,0,2
105.89953613,-3.84503412,2023-11-03 13:00:00,LAPAN,NOAA20,Fire inside Sitrep,SUMSEL,27091,2023,2023:27091,2023,38515,809758,0.0776149986664367,409.0,True,False,-11.0,1,2023-11-03 06:11:00,-3.84453,105.90002,0,0,0,0
103.24472,-1.06293,2023-11-03 13:00:00,NASA,NOAA20,Verified No fire,JAMBI SMF,27092,2023,2023:27092,2023,38516,809866,0.0,408.0,True,False,-12.0,1,2023-11-03 06:12:00,-1.06293,103.24472,0,0,1,6
105.67207,-3.50092,2023-11-03 13:00:00,NASA,NOAA20,Fire inside Sitrep,SUMSEL,27098,2023,2023:27098,2023,38522,809810,0.0,409.0,True,False,-11.0,1,2023-11-03 06:11:00,-3.50092,105.67207,0,0,0,1
105.29736,-2.68305,2023-11-03 13:00:00,NASA,NOAA20,Fire inside Sitrep,SUMSEL,27099,2023,2023:27099,2023,38523,809846,0.0,409.0,True,False,-11.0,1,2023-11-03 06:11:00,-2.68305,105.29736,0,0,0,0
105.8959,-3.87478,2023-11-03 13:00:00,NASA,NOAA20,Fire inside Sitrep,SUMSEL,27100,2023,2023:27100,2023,38524,809754,0.0,409.0,True,False,-11.0,1,2023-11-03 06:11:00,-3.87478,105.8959,0,0,0,3
105.79132,-3.55068,2023-11-03 14:00:00,NASA,SNPP,Fire inside Sitrep,SUMSEL,27104,2023,2023:27104,2023,38528,1500198,0.010475646642155634,418.0,True,False,-2.0,1,2023-11-03 07:02:00,-3.55063,105.7914,0,0,0,2
105.38216,-2.40717,2023-11-03 14:00:00,NASA,SNPP,Verified No fire,SUMSEL,27118,2023,2023:27118,2023,38542,1500250,0.015475777994630485,418.0,True,False,-2.0,1,2023-11-03 07:02:00,-2.40712,105.38229,0,0,0,8
103.24534,-1.06126,2023-11-03 14:00:00,NASA,SNPP,Verified No fire,JAMBI SMF,27120,2023,2023:27120,2023,38544,1500291,0.011173069311364192,418.0,True,False,-2.0,1,2023-11-03 07:02:00,-1.06127,103.24544,0,0,1,6
103.33919,-1.16621,2023-11-04 01:00:00,NASA,NOAA20,Verified No fire,JAMBI SMF,27151,2023,2023:27151,2023,38575,809989,0.0,367.0,True,False,-53.0,1,2023-11-03 18:53:00,-1.16621,103.33919,0,0,0,0
105.53566,-3.37928,2023-11-04 01:00:00,NASA,SNPP,Fire inside Sitrep,SUMSEL,27166,2023,2023:27166,2023,38590,1500464,0.014480125879165882,416.0,True,False,-4.0,1,2023-11-03 18:04:00,-3.37935,105.53577,0,0,0,3
105.6785,-3.54265,2023-11-04 01:00:00,NASA,NOAA20,Fire inside Sitrep,SUMSEL,27171,2023,2023:27171,2023,38595,810057,0.0,366.0,True,False,-54.0,1,2023-11-03 18:54:00,-3.54265,105.6785,0,0,3,7
103.24346,-1.06465,2023-11-04 01:00:00,NASA,NOAA20,Verified No fire,JAMBI SMF,27173,2023,2023:27173,2023,38597,809988,0.0,367.0,True,False,-53.0,1,2023-11-03 18:53:00,-1.06465,103.24346,0,0,1,6
105.58389,-3.01245,2023-11-04 01:00:00,NASA,NOAA20,Fire inside Sitrep,SUMSEL,27186,2023,2023:27186,2023,38610,810001,0.0,367.0,True,False,-53.0,1,2023-11-03 18:53:00,-3.01245,105.58389,0,0,0,0
105.3831,-2.40933,2023-11-04 01:00:00,NASA,SNPP,Verified No fire,SUMSEL,27187,2023,2023:27187,2023,38611,1500537,0.008964712098807403,416.0,True,False,-4.0,1,2023-11-03 18:04:00,-2.40941,105.38309,0,0,0,5
105.66486,-3.5302,2023-11-04 01:00:00,NASA,NOAA20,Fire inside Sitrep,SUMSEL,27195,2023,2023:27195,2023,38619,810056,0.0,366.0,True,False,-54.0,1,2023-11-03 18:54:00,-3.5302,105.66486,0,0,2,4
103.35947,-1.02259,2023-11-04 01:00:00,NASA,NOAA20,Verified No fire,JAMBI SMF,27199,2023,2023:27199,2023,38623,809986,0.0,367.0,True,False,-53.0,1,2023-11-03 18:53:00,-1.02259,103.35947,0,0,0,0
105.24755,-3.01958,2023-11-04 01:00:00,NASA,SNPP,Fire inside Sitrep,SUMSEL,27203,2023,2023:27203,2023,38627,1500444,0.004447803209366947,416.0,True,False,-4.0,1,2023-11-03 18:04:00,-3.01954,105.24755,0,0,0,1
103.24115,-1.06404,2023-11-04 01:00:00,NASA,SNPP,Verified No fire,JAMBI SMF,27205,2023,2023:27205,2023,38629,1500390,0.0126761549159364,417.0,True,False,-3.0,1,2023-11-03 18:03:00,-1.06407,103.24104,0,0,1,6
102.83254,-1.14175,2023-11-04 01:00:00,NASA,NOAA20,Verified No fire,JAMBI SMF,27206,2023,2023:27206,2023,38630,809992,0.0,367.0,True,False,-53.0,1,2023-11-03 18:53:00,-1.14175,102.83254,0,0,0,0
103.31382,-2.42458,2023-11-04 01:00:00,NASA,SNPP,Verified No fire,SUMSEL MUBA,27218,2023,2023:27218,2023,38642,1500448,0.011329956755867655,416.0,True,False,-4.0,1,2023-11-03 18:04:00,-2.42456,103.31392,0,0,0,0
105.67996,-3.54462,2023-11-04 12:00:00,NASA,NOAA20,Fire inside Sitrep,SUMSEL,27232,2023,2023:27232,2023,38656,810464,0.0,368.0,True,False,-52.0,1,2023-11-04 05:52:00,-3.54462,105.67996,0,0,1,7
105.73534,-3.48026,2023-11-04 12:00:00,NASA,NOAA20,Fire inside Sitrep,SUMSEL,27233,2023,2023:27233,2023,38657,810469,0.0,368.0,True,False,-52.0,1,2023-11-04 05:52:00,-3.48026,105.73534,0,0,0,1
105.78944,-3.55436,2023-11-04 12:00:00,NASA,NOAA20,Fire inside Sitrep,SUMSEL,27236,2023,2023:27236,2023,38660,810463,0.0,368.0,True,False,-52.0,1,2023-11-04 05:52:00,-3.55436,105.78944,0,0,1,2
105.66747,-3.50036,2023-11-04 12:00:00,NASA,NOAA20,Fire inside Sitrep,SUMSEL,27237,2023,2023:27237,2023,38661,810468,0.0,368.0,True,False,-52.0,1,2023-11-04 05:52:00,-3.50036,105.66747,0,0,4,5
105.76283,-3.60889,2023-11-04 12:00:00,NASA,NOAA20,Fire inside Sitrep,SUMSEL,27241,2023,2023:27241,2023,38665,810460,0.0,368.0,True,False,-52.0,1,2023-11-04 05:52:00,-3.60889,105.76283,0,0,1,13
105.6785965,-3.54470992,2023-11-04 13:00:00,LAPAN,SNPP,Fire inside Sitrep,SUMSEL,27243,2023,2023:27243,2023,38667,1501065,0.08141297461647537,377.0,True,False,-43.0,1,2023-11-04 06:43:00,-3.54488,105.67931,0,0,1,7
103.25886536,-2.53185439,2023-11-04 13:00:00,LAPAN,SNPP,Verified No fire,SUMSEL MUBA,27246,2023,2023:27246,2023,38670,1501060,0.09130098972534768,377.0,True,False,-43.0,1,2023-11-04 06:43:00,-2.53158,103.25964,0,0,0,0
105.76422,-3.60671,2023-11-04 13:00:00,NASA,SNPP,Fire inside Sitrep,SUMSEL,27247,2023,2023:27247,2023,38671,1501069,0.003335852407016978,377.0,True,False,-43.0,1,2023-11-04 06:43:00,-3.60668,105.76422,0,0,1,10
105.7188,-3.56703,2023-11-04 13:00:00,NASA,SNPP,Fire inside Sitrep,SUMSEL,27252,2023,2023:27252,2023,38676,1501067,0.003510166866496896,377.0,True,False,-43.0,1,2023-11-04 06:43:00,-3.56702,105.71877,0,0,0,0
105.78830719,-3.55178499,2023-11-04 13:00:00,LAPAN,SNPP,Fire inside Sitrep,SUMSEL,27253,2023,2023:27253,2023,38677,1501066,0.08202677010561167,377.0,True,False,-43.0,1,2023-11-04 06:43:00,-3.55198,105.78902,0,0,1,2
105.78905,-3.55199,2023-11-04 13:00:00,NASA,SNPP,Fire inside Sitrep,SUMSEL,27258,2023,2023:27258,2023,38682,1501066,0.0035102184345878777,377.0,True,False,-43.0,1,2023-11-04 06:43:00,-3.55198,105.78902,0,0,1,2
105.6567688,-3.53605413,2023-11-04 13:00:00,LAPAN,SNPP,Fire inside Sitrep,SUMSEL,27263,2023,2023:27263,2023,38687,1501064,0.0797282260770983,377.0,True,False,-43.0,1,2023-11-04 06:43:00,-3.53621,105.65747,0,0,2,6
105.71805573,-3.56681967,2023-11-04 13:00:00,LAPAN,SNPP,Fire inside Sitrep,SUMSEL,27266,2023,2023:27266,2023,38690,1501067,0.08233986483528306,377.0,True,False,-43.0,1,2023-11-04 06:43:00,-3.56702,105.71877,0,0,0,0
105.65749,-3.53622,2023-11-04 13:00:00,NASA,SNPP,Fire inside Sitrep,SUMSEL,27269,2023,2023:27269,2023,38693,1501064,0.0024826110472517078,377.0,True,False,-43.0,1,2023-11-04 06:43:00,-3.53621,105.65747,0,0,2,6
103.25967,-2.53162,2023-11-04 13:00:00,NASA,SNPP,Verified No fire,SUMSEL MUBA,27270,2023,2023:27270,2023,38694,1501060,0.005557801172104009,377.0,True,False,-43.0,1,2023-11-04 06:43:00,-2.53158,103.25964,0,0,0,0
105.67932,-3.54489,2023-11-04 13:00:00,NASA,SNPP,Fire inside Sitrep,SUMSEL,27275,2023,2023:27275,2023,38699,1501065,0.0015710322346780608,377.0,True,False,-43.0,1,2023-11-04 06:43:00,-3.54488,105.67931,0,0,1,7
105.6793,-3.54471,2023-11-05 00:00:00,NASA,SNPP,Fire inside Sitrep,SUMSEL,27291,2023,2023:27291,2023,38715,1501210,0.01372930776552851,375.0,True,False,-45.0,1,2023-11-04 17:45:00,-3.54468,105.67918,0,0,1,7
105.67696,-3.54356,2023-11-05 01:00:00,NASA,NOAA20,Fire inside Sitrep,SUMSEL,27316,2023,2023:27316,2023,38740,810680,0.0,385.0,True,False,-35.0,1,2023-11-04 18:35:00,-3.54356,105.67696,0,0,1,5
105.31154,-2.64536,2023-11-05 01:00:00,NASA,NOAA20,Verified No fire,SUMSEL,27317,2023,2023:27317,2023,38741,810660,0.0,386.0,True,False,-34.0,1,2023-11-04 18:34:00,-2.64536,105.31154,0,0,0,1
105.31228638,-2.64494181,2023-11-05 01:00:00,LAPAN,NOAA20,Verified No fire,SUMSEL,27318,2023,2023:27318,2023,38742,810660,0.09505582714085528,386.0,True,False,-34.0,1,2023-11-04 18:34:00,-2.64536,105.31154,0,0,0,1
103.53013,-2.36928,2023-11-05 01:00:00,NASA,NOAA20,Verified No fire,SUMSEL MUBA,27323,2023,2023:27323,2023,38747,810661,0.0,386.0,True,False,-34.0,1,2023-11-04 18:34:00,-2.36928,103.53013,0,0,0,0
103.24277,-1.06352,2023-11-05 01:00:00,NASA,NOAA20,Verified No fire,JAMBI SMF,27326,2023,2023:27326,2023,38750,810655,0.0,386.0,True,False,-34.0,1,2023-11-04 18:34:00,-1.06352,103.24277,0,0,0,1
103.53075409,-2.368927,2023-11-05 01:00:00,LAPAN,NOAA20,Verified No fire,SUMSEL MUBA,27327,2023,2023:27327,2023,38751,810661,0.07967589529929396,386.0,True,False,-34.0,1,2023-11-04 18:34:00,-2.36928,103.53013,0,0,0,0
105.74508,-3.48725,2023-11-05 12:00:00,NASA,NOAA20,Fire inside Sitrep,SUMSEL,27343,2023,2023:27343,2023,38767,811273,0.0,387.0,True,False,-33.0,1,2023-11-05 05:33:00,-3.48725,105.74508,0,0,2,2
105.76678,-3.61046,2023-11-05 12:00:00,NASA,NOAA20,Fire inside Sitrep,SUMSEL,27356,2023,2023:27356,2023,38780,811250,0.0,387.0,True,False,-33.0,1,2023-11-05 05:33:00,-3.61046,105.76678,0,0,0,3
105.31244659,-2.64660525,2023-11-05 13:00:00,LAPAN,SNPP,Verified No fire,SUMSEL,27363,2023,2023:27363,2023,38787,1501894,0.07761337251252329,396.0,True,False,-24.0,1,2023-11-05 06:24:00,-2.64629,105.31307,0,0,0,1
105.81150055,-3.46658492,2023-11-05 13:00:00,LAPAN,SNPP,Fire inside Sitrep,SUMSEL,27366,2023,2023:27366,2023,38790,1501848,0.08407273314738421,396.0,True,False,-24.0,1,2023-11-05 06:24:00,-3.46632,105.81221,0,0,0,0
105.69895172,-3.51758981,2023-11-05 13:00:00,LAPAN,SNPP,Fire inside Sitrep,SUMSEL,27367,2023,2023:27367,2023,38791,1501836,0.0851135771993485,396.0,True,False,-24.0,1,2023-11-05 06:24:00,-3.51735,105.69968,0,0,0,3
105.31313,-2.6463,2023-11-05 13:00:00,NASA,SNPP,Verified No fire,SUMSEL,27374,2023,2023:27374,2023,38798,1501894,0.006756714811049349,396.0,True,False,-24.0,1,2023-11-05 06:24:00,-2.64629,105.31307,0,0,0,1
105.64779,-3.52521,2023-11-05 13:00:00,NASA,SNPP,Fire inside Sitrep,SUMSEL,27375,2023,2023:27375,2023,38799,1501837,0.002219693628745714,396.0,True,False,-24.0,1,2023-11-05 06:24:00,-3.52521,105.64781,0,0,0,0
105.6470871,-3.52544141,2023-11-05 13:00:00,LAPAN,SNPP,Fire inside Sitrep,SUMSEL,27376,2023,2023:27376,2023,38800,1501837,0.08425616810326667,396.0,True,False,-24.0,1,2023-11-05 06:24:00,-3.52521,105.64781,0,0,0,0
105.69965,-3.51736,2023-11-05 13:00:00,NASA,SNPP,Fire inside Sitrep,SUMSEL,27381,2023,2023:27381,2023,38805,1501836,0.003510336335250208,396.0,True,False,-24.0,1,2023-11-05 06:24:00,-3.51735,105.69968,0,0,0,3
105.29734,-2.68271,2023-11-05 13:00:00,NASA,SNPP,Fire inside Sitrep,SUMSEL,27412,2023,2023:27412,2023,38836,1501891,0.00566388407162551,396.0,True,False,-24.0,1,2023-11-05 06:24:00,-2.6827,105.29729,0,0,0,0
105.81219,-3.46632,2023-11-05 13:00:00,NASA,SNPP,Fire inside Sitrep,SUMSEL,27415,2023,2023:27415,2023,38839,1501848,0.0022198330023889793,396.0,True,False,-24.0,1,2023-11-05 06:24:00,-3.46632,105.81221,0,0,0,0
105.29664612,-2.68298411,2023-11-05 13:00:00,LAPAN,SNPP,Fire inside Sitrep,SUMSEL,27420,2023,2023:27420,2023,38844,1501891,0.07818458353654881,396.0,True,False,-24.0,1,2023-11-05 06:24:00,-2.6827,105.29729,0,0,0,0
103.19125,-2.38747,2023-11-05 13:00:00,NASA,SNPP,Verified No fire,SUMSEL MUBA,27425,2023,2023:27425,2023,38849,1501918,0.0,396.0,True,False,-24.0,1,2023-11-05 06:24:00,-2.38747,103.19125,0,0,0,0
103.19054413,-2.38777399,2023-11-05 13:00:00,LAPAN,SNPP,Verified No fire,SUMSEL MUBA,27431,2023,2023:27431,2023,38855,1501918,0.08539591334410637,396.0,True,False,-24.0,1,2023-11-05 06:24:00,-2.38747,103.19125,0,0,0,0
103.57196,-2.35638,2023-11-05 14:00:00,NASA,NOAA20,Verified No fire,SUMSEL MUBA,27432,2023,2023:27432,2023,38856,811468,0.0,406.0,True,False,-14.0,1,2023-11-05 07:14:00,-2.35638,103.57196,0,0,0,0
105.67834473,-3.54529715,2023-11-06 01:00:00,LAPAN,NOAA20,Fire inside Sitrep,SUMSEL,27452,2023,2023:27452,2023,38876,811710,0.05400301631220631,404.0,True,False,-16.0,1,2023-11-05 18:16:00,-3.54547,105.67789,0,0,0,2
105.67789,-3.54547,2023-11-06 01:00:00,NASA,NOAA20,Fire inside Sitrep,SUMSEL,27453,2023,2023:27453,2023,38877,811710,0.0,404.0,True,False,-16.0,1,2023-11-05 18:16:00,-3.54547,105.67789,0,0,0,2
105.76204681,-3.60637665,2023-11-06 01:00:00,LAPAN,NOAA20,Fire inside Sitrep,SUMSEL,27489,2023,2023:27489,2023,38913,811680,0.055671609372113566,404.0,True,False,-16.0,1,2023-11-05 18:16:00,-3.60656,105.76158,0,0,0,5
105.76158,-3.60656,2023-11-06 01:00:00,NASA,NOAA20,Fire inside Sitrep,SUMSEL,27492,2023,2023:27492,2023,38916,811680,0.0,404.0,True,False,-16.0,1,2023-11-05 18:16:00,-3.60656,105.76158,0,0,0,5
103.33868,-1.16699,2023-11-06 01:00:00,NASA,NOAA20,Verified No fire,JAMBI SMF,27494,2023,2023:27494,2023,38918,811618,0.0,405.0,True,False,-15.0,1,2023-11-05 18:15:00,-1.16699,103.33868,0,0,0,1
105.75563,-3.46785,2023-11-06 02:00:00,NASA,SNPP,Fire inside Sitrep,SUMSEL,27520,2023,2023:27520,2023,38944,1502145,0.03157101149332668,413.0,True,False,-7.0,1,2023-11-05 19:07:00,-3.4679,105.75591,0,0,0,10
103.38152,-1.20265,2023-11-06 02:00:00,NASA,SNPP,Verified No fire,JAMBI SMF,27527,2023,2023:27527,2023,38951,1502136,0.009563967222716107,414.0,True,False,-6.0,1,2023-11-05 19:06:00,-1.2027,103.38145,0,0,2,5
105.6766,-3.5236,2023-11-06 13:00:00,NASA,SNPP,Fire inside Sitrep,SUMSEL,27579,2023,2023:27579,2023,39003,1502707,0.0033295462037875438,415.0,True,False,-5.0,1,2023-11-06 06:05:00,-3.5236,105.67657,0,0,0,0
105.74548,-3.5297,2023-11-06 13:00:00,NASA,SNPP,Fire inside Sitrep,SUMSEL,27594,2023,2023:27594,2023,39018,1502704,0.0035102944543002686,415.0,True,False,-5.0,1,2023-11-06 06:05:00,-3.52969,105.74545,0,0,0,0
105.86279,-3.87362,2023-11-06 13:00:00,NASA,SNPP,Fire inside Sitrep,SUMSEL,27602,2023,2023:27602,2023,39026,1502675,0.008078027923876732,415.0,True,False,-5.0,1,2023-11-06 06:05:00,-3.8736,105.86272,0,0,0,0
105.77641,-3.57994,2023-11-06 13:00:00,NASA,SNPP,Fire inside Sitrep,SUMSEL,27628,2023,2023:27628,2023,39052,1502697,0.006474431164665204,415.0,True,False,-5.0,1,2023-11-06 06:05:00,-3.57991,105.77636,0,0,0,0
105.60941,-3.57965,2023-11-07 00:00:00,NASA,NOAA20,Fire inside Sitrep,SUMSEL,27643,2023,2023:27643,2023,39067,812533,0.0,363.0,True,False,-57.0,1,2023-11-06 17:57:00,-3.57965,105.60941,0,0,0,0
105.56702,-3.77192,2023-11-07 00:00:00,NASA,NOAA20,Fire inside Sitrep,SUMSEL,27655,2023,2023:27655,2023,39079,812537,0.0,363.0,True,False,-57.0,1,2023-11-06 17:57:00,-3.77192,105.56702,0,0,1,1
105.67946,-3.54345,2023-11-07 00:00:00,NASA,NOAA20,Fire inside Sitrep,SUMSEL,27657,2023,2023:27657,2023,39081,812532,0.0,363.0,True,False,-57.0,1,2023-11-06 17:57:00,-3.54345,105.67946,0,0,0,1
103.33887,-1.16621,2023-11-07 00:00:00,NASA,NOAA20,Verified No fire,JAMBI SMF,27675,2023,2023:27675,2023,39099,812487,0.0,364.0,True,False,-56.0,1,2023-11-06 17:56:00,-1.16621,103.33887,0,0,2,3
105.68019104,-3.54355383,2023-11-07 00:00:00,LAPAN,NOAA20,Fire inside Sitrep,SUMSEL,27676,2023,2023:27676,2023,39100,812532,0.08194999367139119,363.0,True,False,-57.0,1,2023-11-06 17:57:00,-3.54345,105.67946,0,0,0,1
105.41151,-3.30828,2023-11-07 00:00:00,NASA,NOAA20,Verified No fire,SUMSEL,27685,2023,2023:27685,2023,39109,812509,0.0,363.0,True,False,-57.0,1,2023-11-06 17:57:00,-3.30828,105.41151,0,0,0,0
103.3839798,-1.20289183,2023-11-07 01:00:00,LAPAN,SNPP,Verified No fire,JAMBI SMF,27718,2023,2023:27718,2023,39142,1502997,0.09790911742360507,373.0,True,False,-47.0,1,2023-11-06 18:47:00,-1.20303,103.38311,0,0,2,5
103.37088,-1.18942,2023-11-07 01:00:00,NASA,SNPP,Verified No fire,JAMBI SMF,27719,2023,2023:27719,2023,39143,1502987,0.007861832536947009,373.0,True,False,-47.0,1,2023-11-06 18:47:00,-1.18937,103.37083,0,0,1,3
103.24141,-1.06128,2023-11-07 01:00:00,NASA,SNPP,Verified No fire,JAMBI SMF,27720,2023,2023:27720,2023,39144,1502990,0.0024860563724131836,373.0,True,False,-47.0,1,2023-11-06 18:47:00,-1.06127,103.24139,0,0,0,1
103.3717041,-1.1892395,2023-11-07 01:00:00,LAPAN,SNPP,Verified No fire,JAMBI SMF,27740,2023,2023:27740,2023,39164,1502987,0.09825215817756595,373.0,True,False,-47.0,1,2023-11-06 18:47:00,-1.18937,103.37083,0,0,1,3
103.38315,-1.20308,2023-11-07 01:00:00,NASA,SNPP,Verified No fire,JAMBI SMF,27742,2023,2023:27742,2023,39166,1502997,0.007119346692699332,373.0,True,False,-47.0,1,2023-11-06 18:47:00,-1.20303,103.38311,0,0,2,5
105.23037,-3.06701,2023-11-08 00:00:00,NASA,NOAA20,Fire inside Sitrep,SUMSEL,27760,2023,2023:27760,2023,39184,813202,0.0,382.0,True,False,-38.0,1,2023-11-07 17:38:00,-3.06701,105.23037,0,0,2,3
105.76267242,-3.60461664,2023-11-08 01:00:00,LAPAN,SNPP,Fire inside Sitrep,SUMSEL,27761,2023,2023:27761,2023,39185,1503677,0.06217147166885032,391.0,True,False,-29.0,1,2023-11-07 18:29:00,-3.60435,105.76218,0,0,0,4
105.74208832,-3.52869034,2023-11-08 01:00:00,LAPAN,SNPP,Fire inside Sitrep,SUMSEL,27762,2023,2023:27762,2023,39186,1503668,0.08020241738499422,391.0,True,False,-29.0,1,2023-11-07 18:29:00,-3.52891,105.7414,0,0,0,2
103.33994,-1.1699,2023-11-08 01:00:00,NASA,SNPP,Verified No fire,JAMBI SMF,27777,2023,2023:27777,2023,39201,1503626,0.002486293932940798,392.0,True,False,-28.0,1,2023-11-07 18:28:00,-1.16988,103.33995,0,0,0,2
105.74132,-3.52885,2023-11-08 01:00:00,NASA,SNPP,Fire inside Sitrep,SUMSEL,27778,2023,2023:27778,2023,39202,1503668,0.011106019067036699,391.0,True,False,-29.0,1,2023-11-07 18:29:00,-3.52891,105.7414,0,0,0,2
105.41318512,-3.30978847,2023-11-08 01:00:00,LAPAN,SNPP,Fire inside Sitrep,SUMSEL,27781,2023,2023:27781,2023,39205,1503729,0.06631916982901251,391.0,True,False,-29.0,1,2023-11-07 18:29:00,-3.30947,105.41268,0,0,0,0
105.41268,-3.30946,2023-11-08 01:00:00,NASA,SNPP,Fire inside Sitrep,SUMSEL,27782,2023,2023:27782,2023,39206,1503729,0.0011119508022807186,391.0,True,False,-29.0,1,2023-11-07 18:29:00,-3.30947,105.41268,0,0,0,0
105.76216,-3.60432,2023-11-08 01:00:00,NASA,SNPP,Fire inside Sitrep,SUMSEL,27784,2023,2023:27784,2023,39208,1503677,0.0040067572170487545,391.0,True,False,-29.0,1,2023-11-07 18:29:00,-3.60435,105.76218,0,0,0,4
105.61019135,-3.58109689,2023-11-08 01:00:00,LAPAN,SNPP,Fire inside Sitrep,SUMSEL,27789,2023,2023:27789,2023,39213,1503676,0.06262080749625543,391.0,True,False,-29.0,1,2023-11-07 18:29:00,-3.58082,105.6097,0,0,0,7
103.24309,-1.06328,2023-11-08 01:00:00,NASA,SNPP,Verified No fire,JAMBI SMF,27791,2023,2023:27791,2023,39215,1503625,0.004972623928058767,392.0,True,False,-28.0,1,2023-11-07 18:28:00,-1.06324,103.24307,0,0,0,1
105.60967,-3.58079,2023-11-08 01:00:00,NASA,SNPP,Fire inside Sitrep,SUMSEL,27808,2023,2023:27808,2023,39232,1503676,0.004713004893115012,391.0,True,False,-29.0,1,2023-11-07 18:29:00,-3.58082,105.6097,0,0,0,7
103.40694,-1.08561,2023-11-08 01:00:00,NASA,SNPP,Verified No fire,JAMBI SMF,27811,2023,2023:27811,2023,39235,1503624,0.004972616661512908,392.0,True,False,-28.0,1,2023-11-07 18:28:00,-1.08557,103.40692,0,0,0,0
105.65945435,-3.53771949,2023-11-08 13:00:00,LAPAN,NOAA20,Fire inside Sitrep,SUMSEL,27829,2023,2023:27829,2023,39253,813870,0.06639834733864679,403.0,True,False,-17.0,1,2023-11-08 06:17:00,-3.53729,105.65987,0,0,0,0
105.44978333,-3.32393336,2023-11-08 13:00:00,LAPAN,NOAA20,Fire inside Sitrep,SUMSEL,27839,2023,2023:27839,2023,39263,813916,0.0833636049077405,403.0,True,False,-17.0,1,2023-11-08 06:17:00,-3.32338,105.45029,0,0,0,0
105.77671814,-3.7720058,2023-11-08 13:00:00,LAPAN,NOAA20,Fire inside Sitrep,SUMSEL,27840,2023,2023:27840,2023,39264,813843,0.0666072691916814,403.0,True,False,-17.0,1,2023-11-08 06:17:00,-3.77157,105.77713,0,0,0,0
105.77713,-3.77157,2023-11-08 13:00:00,NASA,NOAA20,Fire inside Sitrep,SUMSEL,27866,2023,2023:27866,2023,39290,813843,0.0,403.0,True,False,-17.0,1,2023-11-08 06:17:00,-3.77157,105.77713,0,0,0,0
105.77592468,-3.8875494,2023-11-08 13:00:00,LAPAN,NOAA20,Fire inside Sitrep,SUMSEL,27881,2023,2023:27881,2023,39305,813820,0.08209835433490606,403.0,True,False,-17.0,1,2023-11-08 06:17:00,-3.88701,105.77643,0,0,0,0
105.27566528,-2.99657202,2023-11-08 13:00:00,LAPAN,NOAA20,Fire inside Sitrep,SUMSEL,27882,2023,2023:27882,2023,39306,813947,0.06811784379835693,403.0,True,False,-17.0,1,2023-11-08 06:17:00,-2.99613,105.27609,0,0,0,0
105.78062,-3.32327,2023-11-08 13:00:00,NASA,NOAA20,Fire inside Sitrep,SUMSEL,27886,2023,2023:27886,2023,39310,813905,0.0,403.0,True,False,-17.0,1,2023-11-08 06:17:00,-3.32327,105.78062,0,0,0,0
105.74135,-3.53217,2023-11-08 13:00:00,NASA,NOAA20,Fire inside Sitrep,SUMSEL,27887,2023,2023:27887,2023,39311,813869,0.0,403.0,True,False,-17.0,1,2023-11-08 06:17:00,-3.53217,105.74135,0,0,0,2
105.2419,-2.99773,2023-11-08 13:00:00,NASA,NOAA20,Fire inside Sitrep,SUMSEL,27900,2023,2023:27900,2023,39324,813948,0.0,403.0,True,False,-17.0,1,2023-11-08 06:17:00,-2.99773,105.2419,0,0,1,1
105.27609,-2.99613,2023-11-08 13:00:00,NASA,NOAA20,Fire inside Sitrep,SUMSEL,27904,2023,2023:27904,2023,39328,813947,0.0,403.0,True,False,-17.0,1,2023-11-08 06:17:00,-2.99613,105.27609,0,0,0,0
105.45029,-3.32338,2023-11-08 13:00:00,NASA,NOAA20,Fire inside Sitrep,SUMSEL,27907,2023,2023:27907,2023,39331,813916,0.0,403.0,True,False,-17.0,1,2023-11-08 06:17:00,-3.32338,105.45029,0,0,0,0
105.65987,-3.53729,2023-11-08 13:00:00,NASA,NOAA20,Fire inside Sitrep,SUMSEL,27918,2023,2023:27918,2023,39342,813870,0.0,403.0,True,False,-17.0,1,2023-11-08 06:17:00,-3.53729,105.65987,0,0,0,0
105.24147034,-2.9981761,2023-11-08 13:00:00,LAPAN,NOAA20,Fire inside Sitrep,SUMSEL,27922,2023,2023:27922,2023,39346,813948,0.06882499094535287,403.0,True,False,-17.0,1,2023-11-08 06:17:00,-2.99773,105.2419,0,0,1,1
105.7574234,-3.76792717,2023-11-08 13:00:00,LAPAN,NOAA20,Fire inside Sitrep,SUMSEL,27923,2023,2023:27923,2023,39347,813845,0.0655092769834784,403.0,True,False,-17.0,1,2023-11-08 06:17:00,-3.7675,105.75783,0,0,0,0
105.78020477,-3.32369852,2023-11-08 13:00:00,LAPAN,NOAA20,Fire inside Sitrep,SUMSEL,27928,2023,2023:27928,2023,39352,813905,0.06629557285232032,403.0,True,False,-17.0,1,2023-11-08 06:17:00,-3.32327,105.78062,0,0,0,0
105.23331451,-3.07263732,2023-11-08 13:00:00,LAPAN,NOAA20,Fire inside Sitrep,SUMSEL,27931,2023,2023:27931,2023,39355,813934,0.0843597856420619,403.0,True,False,-17.0,1,2023-11-08 06:17:00,-3.07208,105.23383,0,0,0,5
105.77643,-3.88701,2023-11-08 13:00:00,NASA,NOAA20,Fire inside Sitrep,SUMSEL,27942,2023,2023:27942,2023,39366,813820,0.0,403.0,True,False,-17.0,1,2023-11-08 06:17:00,-3.88701,105.77643,0,0,0,0
105.23383,-3.07208,2023-11-08 13:00:00,NASA,NOAA20,Fire inside Sitrep,SUMSEL,27946,2023,2023:27946,2023,39370,813934,0.0,403.0,True,False,-17.0,1,2023-11-08 06:17:00,-3.07208,105.23383,0,0,0,5
105.61345673,-3.30969954,2023-11-08 13:00:00,LAPAN,NOAA20,Fire inside Sitrep,SUMSEL,27951,2023,2023:27951,2023,39375,813912,0.08197875907706398,403.0,True,False,-17.0,1,2023-11-08 06:17:00,-3.30916,105.61396,0,0,0,0
105.75783,-3.7675,2023-11-08 13:00:00,NASA,NOAA20,Fire inside Sitrep,SUMSEL,27966,2023,2023:27966,2023,39390,813845,0.0,403.0,True,False,-17.0,1,2023-11-08 06:17:00,-3.7675,105.75783,0,0,0,0
105.61396,-3.30916,2023-11-08 13:00:00,NASA,NOAA20,Fire inside Sitrep,SUMSEL,27972,2023,2023:27972,2023,39396,813912,0.0,403.0,True,False,-17.0,1,2023-11-08 06:17:00,-3.30916,105.61396,0,0,0,0
105.24095,-2.99775,2023-11-08 14:00:00,NASA,SNPP,Fire inside Sitrep,SUMSEL,27997,2023,2023:27997,2023,39421,1504585,0.0077730043792234695,412.0,True,False,-8.0,1,2023-11-08 07:08:00,-2.99775,105.24102,0,0,1,1
105.77231,-3.62965,2023-11-08 14:00:00,NASA,SNPP,Fire inside Sitrep,SUMSEL,28005,2023,2023:28005,2023,39429,1504671,0.02574063808647093,412.0,True,False,-8.0,1,2023-11-08 07:08:00,-3.62962,105.77254,0,0,1,5
105.74142456,-3.53079653,2023-11-09 01:00:00,LAPAN,SNPP,Fire inside Sitrep,SUMSEL,28013,2023,2023:28013,2023,39437,1504846,0.07443805625306979,410.0,True,False,-10.0,1,2023-11-08 18:10:00,-3.53042,105.74087,0,0,0,2
105.53423,-3.4035,2023-11-09 01:00:00,NASA,SNPP,Fire inside Sitrep,SUMSEL,28014,2023,2023:28014,2023,39438,1504829,0.010484928748897875,410.0,True,False,-10.0,1,2023-11-08 18:10:00,-3.40358,105.53428,0,0,0,0
105.53508759,-3.40353656,2023-11-09 01:00:00,LAPAN,SNPP,Fire inside Sitrep,SUMSEL,28020,2023,2023:28020,2023,39444,1504829,0.08977168613794907,410.0,True,False,-10.0,1,2023-11-08 18:10:00,-3.40358,105.53428,0,0,0,0
105.61233521,-3.72656989,2023-11-09 01:00:00,LAPAN,SNPP,Fire inside Sitrep,SUMSEL,28024,2023,2023:28024,2023,39448,1504875,0.0833362499474385,410.0,True,False,-10.0,1,2023-11-08 18:10:00,-3.72614,105.61172,0,0,0,1
105.23106,-3.07067,2023-11-09 01:00:00,NASA,SNPP,Fire inside Sitrep,SUMSEL,28030,2023,2023:28030,2023,39454,1504821,0.003331062864894743,410.0,True,False,-10.0,1,2023-11-08 18:10:00,-3.07067,105.23109,0,0,1,4
105.61574,-3.04549,2023-11-09 01:00:00,NASA,SNPP,Fire inside Sitrep,SUMSEL,28031,2023,2023:28031,2023,39455,1504820,0.0040074542168866915,410.0,True,False,-10.0,1,2023-11-08 18:10:00,-3.04552,105.61576,0,0,0,1
105.61179,-3.72617,2023-11-09 01:00:00,NASA,SNPP,Fire inside Sitrep,SUMSEL,28037,2023,2023:28037,2023,39461,1504875,0.008453243692220409,410.0,True,False,-10.0,1,2023-11-08 18:10:00,-3.72614,105.61172,0,0,0,1
105.23162079,-3.07101917,2023-11-09 01:00:00,LAPAN,SNPP,Fire inside Sitrep,SUMSEL,28039,2023,2023:28039,2023,39463,1504821,0.07057596292531694,410.0,True,False,-10.0,1,2023-11-08 18:10:00,-3.07067,105.23109,0,0,1,4
105.7409,-3.53039,2023-11-09 01:00:00,NASA,SNPP,Fire inside Sitrep,SUMSEL,28045,2023,2023:28045,2023,39469,1504846,0.00471313344805504,410.0,True,False,-10.0,1,2023-11-08 18:10:00,-3.53042,105.74087,0,0,0,2
105.64419,-3.64137,2023-11-09 01:00:00,NASA,SNPP,Fire inside Sitrep,SUMSEL,28049,2023,2023:28049,2023,39473,1504881,0.005977618231085147,410.0,True,False,-10.0,1,2023-11-08 18:10:00,-3.64135,105.64414,0,0,0,0
105.61659241,-3.04544997,2023-11-09 01:00:00,LAPAN,SNPP,Fire inside Sitrep,SUMSEL,28053,2023,2023:28053,2023,39477,1504820,0.0927566118670283,410.0,True,False,-10.0,1,2023-11-08 18:10:00,-3.04552,105.61576,0,0,0,1
105.75706,-3.4627,2023-11-09 02:00:00,NASA,NOAA20,Fire inside Sitrep,SUMSEL,28054,2023,2023:28054,2023,39478,814272,0.0,420.0,True,False,0.0,1,2023-11-08 19:00:00,-3.4627,105.75706,0,0,0,13
105.23064,-3.06933,2023-11-09 02:00:00,NASA,NOAA20,Fire inside Sitrep,SUMSEL,28055,2023,2023:28055,2023,39479,814287,0.0,420.0,True,False,0.0,1,2023-11-08 19:00:00,-3.06933,105.23064,0,0,1,2
105.72228,-3.45174,2023-11-09 02:00:00,NASA,NOAA20,Fire inside Sitrep,SUMSEL,28056,2023,2023:28056,2023,39480,814274,0.0,420.0,True,False,0.0,1,2023-11-08 19:00:00,-3.45174,105.72228,0,0,2,23
105.56575,-3.77249,2023-11-09 02:00:00,NASA,NOAA20,Fire inside Sitrep,SUMSEL,28057,2023,2023:28057,2023,39481,814261,0.0,420.0,True,False,0.0,1,2023-11-08 19:00:00,-3.77249,105.56575,0,0,3,5
105.74154,-3.61876,2023-11-09 12:00:00,NASA,NOAA20,Fire inside Sitrep,SUMSEL,28062,2023,2023:28062,2023,39486,815083,0.0,362.0,True,False,-58.0,1,2023-11-09 05:58:00,-3.61876,105.74154,0,0,1,1
105.68311,-3.97596,2023-11-09 12:00:00,NASA,NOAA20,Fire inside Sitrep,SUMSEL,28107,2023,2023:28107,2023,39531,815109,0.0,362.0,True,False,-58.0,1,2023-11-09 05:58:00,-3.97596,105.68311,0,0,0,2
105.63991,-3.91565,2023-11-09 12:00:00,NASA,NOAA20,Fire inside Sitrep,SUMSEL,28108,2023,2023:28108,2023,39532,815107,0.0,362.0,True,False,-58.0,1,2023-11-09 05:58:00,-3.91565,105.63991,0,0,0,0
105.74207,-3.61714,2023-11-09 13:00:00,NASA,SNPP,Fire inside Sitrep,SUMSEL,28182,2023,2023:28182,2023,39606,1505489,0.0033292070548023947,371.0,True,False,-49.0,1,2023-11-09 06:49:00,-3.61714,105.7421,0,0,1,1
105.73633,-3.86953,2023-11-09 13:00:00,NASA,SNPP,Fire inside Sitrep,SUMSEL,28259,2023,2023:28259,2023,39683,1505425,0.019382234105714206,371.0,True,False,-49.0,1,2023-11-09 06:49:00,-3.8696,105.73649,0,0,0,0
105.61079,-3.72413,2023-11-09 13:00:00,NASA,SNPP,Fire inside Sitrep,SUMSEL,28261,2023,2023:28261,2023,39685,1505481,0.016906519742751445,371.0,True,False,-49.0,1,2023-11-09 06:49:00,-3.72419,105.61093,0,0,0,1
105.82497,-3.43823,2023-11-09 13:00:00,NASA,SNPP,Fire inside Sitrep,SUMSEL,28276,2023,2023:28276,2023,39700,1505515,0.008081653619088832,371.0,True,False,-49.0,1,2023-11-09 06:49:00,-3.43825,105.82504,0,0,2,2
105.47752,-3.81229,2023-11-09 13:00:00,NASA,SNPP,Fire inside Sitrep,SUMSEL,28285,2023,2023:28285,2023,39709,1505479,0.01690507329394765,371.0,True,False,-49.0,1,2023-11-09 06:49:00,-3.81235,105.47766,0,0,0,0
105.82548,-3.74321,2023-11-09 13:00:00,NASA,SNPP,Fire inside Sitrep,SUMSEL,28323,2023,2023:28323,2023,39747,1505480,0.016906209560237407,371.0,True,False,-49.0,1,2023-11-09 06:49:00,-3.74327,105.82562,0,0,0,0
105.7669,-3.60858,2023-11-09 13:00:00,NASA,SNPP,Fire inside Sitrep,SUMSEL,28348,2023,2023:28348,2023,39772,1505490,0.004438984615058824,371.0,True,False,-49.0,1,2023-11-09 06:49:00,-3.60858,105.76694,0,0,3,7
105.57202,-3.76556,2023-11-10 00:00:00,NASA,SNPP,Fire inside Sitrep,SUMSEL,28400,2023,2023:28400,2023,39824,1505947,0.02094768575772812,369.0,True,False,-51.0,1,2023-11-09 17:51:00,-3.76546,105.57186,0,0,2,6
103.38072,-1.2017,2023-11-10 00:00:00,NASA,SNPP,Verified No fire,JAMBI SMF,28405,2023,2023:28405,2023,39829,1505849,0.060823085273236176,369.0,True,False,-51.0,1,2023-11-09 17:51:00,-1.20142,103.38025,0,0,1,1
105.41524506,-3.30954933,2023-11-10 01:00:00,LAPAN,NOAA20,Fire inside Sitrep,SUMSEL,28407,2023,2023:28407,2023,39831,815429,0.09888681351934582,379.0,True,False,-41.0,1,2023-11-09 18:41:00,-3.30993,105.41444,0,0,0,3
105.35677338,-2.60604477,2023-11-10 01:00:00,LAPAN,NOAA20,Fire inside Sitrep,SUMSEL,28417,2023,2023:28417,2023,39841,815440,0.09550339975241232,379.0,True,False,-41.0,1,2023-11-09 18:41:00,-2.60642,105.356,0,0,0,0
105.60233,-3.57951,2023-11-10 01:00:00,NASA,NOAA20,Fire inside Sitrep,SUMSEL,28418,2023,2023:28418,2023,39842,815487,0.0,379.0,True,False,-41.0,1,2023-11-09 18:41:00,-3.57951,105.60233,0,0,0,0
105.58402,-3.02401,2023-11-10 01:00:00,NASA,NOAA20,Fire inside Sitrep,SUMSEL,28420,2023,2023:28420,2023,39844,815434,0.0,379.0,True,False,-41.0,1,2023-11-09 18:41:00,-3.02401,105.58402,0,0,0,1
105.356,-2.60642,2023-11-10 01:00:00,NASA,NOAA20,Verified Fire,SUMSEL,28426,2023,2023:28426,2023,39850,815440,0.0,379.0,True,False,-41.0,1,2023-11-09 18:41:00,-2.60642,105.356,0,0,0,0
105.7761,-3.88514,2023-11-10 01:00:00,NASA,NOAA20,Fire inside Sitrep,SUMSEL,28436,2023,2023:28436,2023,39860,815467,0.0,379.0,True,False,-41.0,1,2023-11-09 18:41:00,-3.88514,105.7761,0,0,1,7
105.54173,-3.73719,2023-11-10 01:00:00,NASA,NOAA20,Fire inside Sitrep,SUMSEL,28437,2023,2023:28437,2023,39861,815474,0.0,379.0,True,False,-41.0,1,2023-11-09 18:41:00,-3.73719,105.54173,0,0,0,0
105.6056,-3.02736,2023-11-10 01:00:00,NASA,NOAA20,Fire inside Sitrep,SUMSEL,28450,2023,2023:28450,2023,39874,815433,0.0,379.0,True,False,-41.0,1,2023-11-09 18:41:00,-3.02736,105.6056,0,0,0,1
105.76924,-3.60838,2023-11-10 01:00:00,NASA,NOAA20,Fire inside Sitrep,SUMSEL,28453,2023,2023:28453,2023,39877,815486,0.0,379.0,True,False,-41.0,1,2023-11-09 18:41:00,-3.60838,105.76924,0,0,0,4
105.41444,-3.30993,2023-11-10 01:00:00,NASA,NOAA20,Fire inside Sitrep,SUMSEL,28462,2023,2023:28462,2023,39886,815429,0.0,379.0,True,False,-41.0,1,2023-11-09 18:41:00,-3.30993,105.41444,0,0,0,3
105.30193,-2.69033,2023-11-10 12:00:00,NASA,NOAA20,Fire inside Sitrep,SUMSEL,28470,2023,2023:28470,2023,39894,816082,0.0,380.0,True,False,-40.0,1,2023-11-10 05:40:00,-2.69033,105.30193,0,0,4,4
105.77421,-3.43693,2023-11-10 13:00:00,NASA,SNPP,Fire inside Sitrep,SUMSEL,28471,2023,2023:28471,2023,39895,1506395,0.0035106057234675935,390.0,True,False,-30.0,1,2023-11-10 06:30:00,-3.43692,105.77418,0,0,0,2
105.69041,-3.15599,2023-11-10 13:00:00,NASA,Aqua,Fire inside Sitrep,SUMSEL,28484,2023,2023:28484,2023,39908,139537,0.09062060962592348,382.0,True,False,-38.0,1,2023-11-10 06:38:00,-3.1568,105.6905,0,0,0,0
105.32278,-2.64112,2023-11-10 13:00:00,NASA,SNPP,Fire inside Sitrep,SUMSEL,28489,2023,2023:28489,2023,39913,1506564,0.006671704814018313,389.0,True,False,-31.0,1,2023-11-10 06:31:00,-2.64118,105.32278,0,0,0,1
105.56954956,-3.76427388,2023-11-10 13:00:00,LAPAN,SNPP,Fire inside Sitrep,SUMSEL,28490,2023,2023:28490,2023,39914,1506433,0.08723201916544356,390.0,True,False,-30.0,1,2023-11-10 06:30:00,-3.76404,105.5703,0,0,0,3
105.77346039,-3.43721414,2023-11-10 13:00:00,LAPAN,SNPP,Fire inside Sitrep,SUMSEL,28491,2023,2023:28491,2023,39915,1506395,0.0863102805545248,390.0,True,False,-30.0,1,2023-11-10 06:30:00,-3.43692,105.77418,0,0,0,2
105.37947083,-3.26775479,2023-11-10 13:00:00,LAPAN,SNPP,Verified No fire,SUMSEL,28494,2023,2023:28494,2023,39918,1506363,0.08909812903652191,390.0,True,False,-30.0,1,2023-11-10 06:30:00,-3.26742,105.3802,0,0,0,0
105.5703,-3.76407,2023-11-10 13:00:00,NASA,SNPP,Fire inside Sitrep,SUMSEL,28502,2023,2023:28502,2023,39926,1506433,0.0033358524070104165,390.0,True,False,-30.0,1,2023-11-10 06:30:00,-3.76404,105.5703,0,0,0,3
105.322052,-2.6414063,2023-11-10 13:00:00,LAPAN,SNPP,Fire inside Sitrep,SUMSEL,28505,2023,2023:28505,2023,39929,1506564,0.08468877455637054,389.0,True,False,-31.0,1,2023-11-10 06:31:00,-2.64118,105.32278,0,0,0,1
105.5350647,-3.77737474,2023-11-10 13:00:00,LAPAN,SNPP,Fire inside Sitrep,SUMSEL,28507,2023,2023:28507,2023,39931,1506434,0.06579927750486658,390.0,True,False,-30.0,1,2023-11-10 06:30:00,-3.77747,105.53565,0,0,0,0
105.53564,-3.7775,2023-11-10 13:00:00,NASA,SNPP,Fire inside Sitrep,SUMSEL,28523,2023,2023:28523,2023,39947,1506434,0.003515533989664915,390.0,True,False,-30.0,1,2023-11-10 06:30:00,-3.77747,105.53565,0,0,0,0
105.38019,-3.26745,2023-11-10 13:00:00,NASA,SNPP,Verified No fire,SUMSEL,28532,2023,2023:28532,2023,39956,1506363,0.0035157259808537016,390.0,True,False,-30.0,1,2023-11-10 06:30:00,-3.26742,105.3802,0,0,0,0
105.71607,-3.5019,2023-11-11 00:00:00,NASA,SNPP,Fire inside Sitrep,SUMSEL,28547,2023,2023:28547,2023,39971,1506714,0.014432364665105,387.0,True,False,-33.0,1,2023-11-10 17:33:00,-3.50195,105.71619,0,0,0,13
105.60758972,-3.03582692,2023-11-11 01:00:00,LAPAN,NOAA20,Fire inside Sitrep,SUMSEL,28581,2023,2023:28581,2023,40005,816370,0.05874488522813632,398.0,True,False,-22.0,1,2023-11-10 18:22:00,-3.03607,105.60712,0,0,0,1
105.32298,-2.64174,2023-11-11 01:00:00,NASA,NOAA20,Fire inside Sitrep,SUMSEL,28582,2023,2023:28582,2023,40006,816374,0.0,398.0,True,False,-22.0,1,2023-11-10 18:22:00,-2.64174,105.32298,0,0,0,1
105.58401,-3.02566,2023-11-11 01:00:00,NASA,NOAA20,Fire inside Sitrep,SUMSEL,28594,2023,2023:28594,2023,40018,816371,0.0,398.0,True,False,-22.0,1,2023-11-10 18:22:00,-3.02566,105.58401,0,0,0,1
105.30616,-2.6594,2023-11-11 01:00:00,NASA,NOAA20,Fire inside Sitrep,SUMSEL,28595,2023,2023:28595,2023,40019,816373,0.0,398.0,True,False,-22.0,1,2023-11-10 18:22:00,-2.6594,105.30616,0,0,0,0
105.32357025,-2.6414423,2023-11-11 01:00:00,LAPAN,NOAA20,Fire inside Sitrep,SUMSEL,28596,2023,2023:28596,2023,40020,816374,0.0734460399516678,398.0,True,False,-22.0,1,2023-11-10 18:22:00,-2.64174,105.32298,0,0,0,1
105.58448792,-3.02542257,2023-11-11 01:00:00,LAPAN,NOAA20,Fire inside Sitrep,SUMSEL,28601,2023,2023:28601,2023,40025,816371,0.05927273782352633,398.0,True,False,-22.0,1,2023-11-10 18:22:00,-3.02566,105.58401,0,0,0,1
103.33958,-1.16663,2023-11-11 01:00:00,NASA,NOAA20,Verified No fire,JAMBI SMF,28606,2023,2023:28606,2023,40030,816398,0.0,398.0,True,False,-22.0,1,2023-11-10 18:22:00,-1.16663,103.33958,0,0,1,5
105.60712,-3.03607,2023-11-11 01:00:00,NASA,NOAA20,Fire inside Sitrep,SUMSEL,28609,2023,2023:28609,2023,40033,816370,0.0,398.0,True,False,-22.0,1,2023-11-10 18:22:00,-3.03607,105.60712,0,0,0,1
105.30674744,-2.65910864,2023-11-11 01:00:00,LAPAN,NOAA20,Fire inside Sitrep,SUMSEL,28614,2023,2023:28614,2023,40038,816373,0.07285047942599138,398.0,True,False,-22.0,1,2023-11-10 18:22:00,-2.6594,105.30616,0,0,0,0
103.36131,-1.02182,2023-11-11 02:00:00,NASA,SNPP,Verified No fire,JAMBI SMF,28627,2023,2023:28627,2023,40051,1506740,0.027143281855415306,408.0,True,False,-12.0,1,2023-11-10 19:12:00,-1.02168,103.36111,0,0,0,0
103.33879,-1.16527,2023-11-11 02:00:00,NASA,SNPP,Verified No fire,JAMBI SMF,28628,2023,2023:28628,2023,40052,1506742,0.026704460694448384,408.0,True,False,-12.0,1,2023-11-10 19:12:00,-1.16526,103.33855,0,0,1,4
103.2429,-1.06226,2023-11-11 02:00:00,NASA,SNPP,Verified No fire,JAMBI SMF,28634,2023,2023:28634,2023,40058,1506741,0.011819048748983648,408.0,True,False,-12.0,1,2023-11-10 19:12:00,-1.06219,103.24282,0,0,0,0
103.44975,-2.4488,2023-11-11 14:00:00,NASA,NOAA20,Verified No fire,SUMSEL MUBA,28637,2023,2023:28637,2023,40061,817102,0.0,418.0,True,False,-2.0,1,2023-11-11 07:02:00,-2.4488,103.44975,0,0,0,0
102.09347,-0.99262,2023-11-11 14:00:00,NASA,NOAA20,Verified No fire,JAMBI SMF,28638,2023,2023:28638,2023,40062,817128,0.0,418.0,True,False,-2.0,1,2023-11-11 07:02:00,-0.99262,102.09347,0,0,0,0
103.33856,-1.16728,2023-11-12 01:00:00,NASA,SNPP,Verified No fire,JAMBI SMF,28744,2023,2023:28744,2023,40168,1507712,0.025666090306005467,366.0,True,False,-54.0,1,2023-11-11 18:54:00,-1.1673,103.33833,0,0,2,4
105.76785,-3.48356,2023-11-12 12:00:00,NASA,SNPP,Fire inside Sitrep,SUMSEL,28772,2023,2023:28772,2023,40196,1509306,0.00942650276713472,367.0,True,False,-53.0,1,2023-11-12 05:53:00,-3.4835,105.76791,0,0,0,1
105.71961,-3.50588,2023-11-12 12:00:00,NASA,SNPP,Fire inside Sitrep,SUMSEL,28789,2023,2023:28789,2023,40213,1509305,0.00942639084676303,367.0,True,False,-53.0,1,2023-11-12 05:53:00,-3.50582,105.71967,0,0,0,22
105.49096,-3.79843,2023-11-12 12:00:00,NASA,SNPP,Fire inside Sitrep,SUMSEL,28790,2023,2023:28790,2023,40214,1509299,0.01480433489374294,367.0,True,False,-53.0,1,2023-11-12 05:53:00,-3.7984,105.49109,0,0,0,0
105.73994,-3.48765,2023-11-12 12:00:00,NASA,SNPP,Fire inside Sitrep,SUMSEL,28806,2023,2023:28806,2023,40230,1509307,0.008013824865336909,367.0,True,False,-53.0,1,2023-11-12 05:53:00,-3.48759,105.73998,0,0,0,0
105.46004486,-3.71072364,2023-11-12 13:00:00,LAPAN,NOAA20,Fire inside Sitrep,SUMSEL,28836,2023,2023:28836,2023,40260,817959,0.06667546834005848,378.0,True,False,-42.0,1,2023-11-12 06:42:00,-3.71055,105.46062,0,0,0,1
105.46062,-3.71055,2023-11-12 13:00:00,NASA,NOAA20,Fire inside Sitrep,SUMSEL,28837,2023,2023:28837,2023,40261,817959,0.0,378.0,True,False,-42.0,1,2023-11-12 06:42:00,-3.71055,105.46062,0,0,0,1
105.56177,-3.76742,2023-11-12 13:00:00,NASA,NOAA20,Fire inside Sitrep,SUMSEL,28865,2023,2023:28865,2023,40289,817958,0.0,378.0,True,False,-42.0,1,2023-11-12 06:42:00,-3.76742,105.56177,0,0,0,10
105.56103516,-3.76769805,2023-11-12 13:00:00,LAPAN,NOAA20,Fire inside Sitrep,SUMSEL,28889,2023,2023:28889,2023,40313,817958,0.08719921691060274,378.0,True,False,-42.0,1,2023-11-12 06:42:00,-3.76742,105.56177,0,0,0,10
105.55854,-3.76535,2023-11-13 00:00:00,NASA,NOAA20,Fire inside Sitrep,SUMSEL,28932,2023,2023:28932,2023,40356,818464,0.0,375.0,True,False,-45.0,1,2023-11-12 17:45:00,-3.76535,105.55854,0,0,0,8
103.70019,-2.06927,2023-11-13 00:00:00,NASA,NOAA20,Verified No fire,SUMSEL MUBA,28947,2023,2023:28947,2023,40371,818415,0.0,376.0,True,False,-44.0,1,2023-11-12 17:44:00,-2.06927,103.70019,0,0,1,1
105.47881,-3.74117,2023-11-13 00:00:00,NASA,NOAA20,Fire inside Sitrep,SUMSEL,28951,2023,2023:28951,2023,40375,818465,0.0,375.0,True,False,-45.0,1,2023-11-12 17:45:00,-3.74117,105.47881,0,0,1,2
103.36214,-1.02307,2023-11-13 01:00:00,NASA,SNPP,Verified No fire,JAMBI SMF,28952,2023,2023:28952,2023,40376,1509479,0.00676268360063213,385.0,True,False,-35.0,1,2023-11-12 18:35:00,-1.02306,103.36208,0,0,0,1
103.37247467,-1.19022226,2023-11-13 01:00:00,LAPAN,SNPP,Verified No fire,JAMBI SMF,28953,2023,2023:28953,2023,40377,1509477,0.08245293473296211,385.0,True,False,-35.0,1,2023-11-12 18:35:00,-1.18973,103.37192,0,0,2,3
103.37199,-1.18988,2023-11-13 01:00:00,NASA,SNPP,Verified No fire,JAMBI SMF,28954,2023,2023:28954,2023,40378,1509477,0.01840535124632201,385.0,True,False,-35.0,1,2023-11-12 18:35:00,-1.18973,103.37192,0,0,2,3
105.46037,-3.71159,2023-11-13 01:00:00,NASA,SNPP,Fire inside Sitrep,SUMSEL,28955,2023,2023:28955,2023,40379,1509488,0.004584125515420437,385.0,True,False,-35.0,1,2023-11-12 18:35:00,-3.71155,105.46036,0,0,0,1
105.4790802,-3.74129939,2023-11-13 01:00:00,LAPAN,SNPP,Fire inside Sitrep,SUMSEL,28956,2023,2023:28956,2023,40380,1509486,0.07248280005996384,385.0,True,False,-35.0,1,2023-11-12 18:35:00,-3.74102,105.47849,0,0,1,4
103.36263275,-1.0233562,2023-11-13 01:00:00,LAPAN,SNPP,Verified No fire,JAMBI SMF,28969,2023,2023:28969,2023,40393,1509479,0.06972291284400463,385.0,True,False,-35.0,1,2023-11-12 18:35:00,-1.02306,103.36208,0,0,0,1
105.47852,-3.74106,2023-11-13 01:00:00,NASA,SNPP,Fire inside Sitrep,SUMSEL,28972,2023,2023:28972,2023,40396,1509486,0.005555491979665821,385.0,True,False,-35.0,1,2023-11-12 18:35:00,-3.74102,105.47849,0,0,1,4
105.5429306,-3.73971248,2023-11-13 01:00:00,LAPAN,SNPP,Fire inside Sitrep,SUMSEL,28973,2023,2023:28973,2023,40397,1509487,0.07415390281572258,385.0,True,False,-35.0,1,2023-11-12 18:35:00,-3.73942,105.54233,0,0,0,0
103.70331,-2.07201,2023-11-13 01:00:00,NASA,SNPP,Verified No fire,SUMSEL MUBA,28978,2023,2023:28978,2023,40402,1509474,0.009563250007809547,385.0,True,False,-35.0,1,2023-11-12 18:35:00,-2.07208,103.70336,0,0,1,1
103.33952,-1.16767,2023-11-13 01:00:00,NASA,SNPP,Verified No fire,JAMBI SMF,28981,2023,2023:28981,2023,40405,1509478,0.018405377488889967,385.0,True,False,-35.0,1,2023-11-12 18:35:00,-1.16752,103.33945,0,0,0,2
103.70405579,-2.07185817,2023-11-13 01:00:00,LAPAN,SNPP,Verified No fire,SUMSEL MUBA,28982,2023,2023:28982,2023,40406,1509474,0.08115713236885677,385.0,True,False,-35.0,1,2023-11-12 18:35:00,-2.07208,103.70336,0,0,1,1
105.54236,-3.73946,2023-11-13 01:00:00,NASA,SNPP,Fire inside Sitrep,SUMSEL,28987,2023,2023:28987,2023,40411,1509487,0.005555495619763943,385.0,True,False,-35.0,1,2023-11-12 18:35:00,-3.73942,105.54233,0,0,0,0
105.4609375,-3.71185684,2023-11-13 01:00:00,LAPAN,SNPP,Fire inside Sitrep,SUMSEL,28988,2023,2023:28988,2023,40412,1509488,0.07259764806600268,385.0,True,False,-35.0,1,2023-11-12 18:35:00,-3.71155,105.46036,0,0,0,1
105.3717,-2.4087,2023-11-13 12:00:00,NASA,SNPP,Fire inside Sitrep,SUMSEL,29004,2023,2023:29004,2023,40428,1510277,0.007776778445559141,386.0,True,False,-34.0,1,2023-11-13 05:34:00,-2.4087,105.37177,0,0,0,0
105.71203,-3.44833,2023-11-13 12:00:00,NASA,SNPP,Fire inside Sitrep,SUMSEL,29010,2023,2023:29010,2023,40434,1510279,0.049640798162949425,386.0,True,False,-34.0,1,2023-11-13 05:34:00,-3.44841,105.71159,0,0,9,32
105.67954254,-3.62291837,2023-11-13 13:00:00,LAPAN,NOAA20,Fire inside Sitrep,SUMSEL,29019,2023,2023:29019,2023,40443,819150,0.05862363725805195,397.0,True,False,-23.0,1,2023-11-13 06:23:00,-3.62256,105.67993,0,0,1,1
105.82682037,-3.89218664,2023-11-13 13:00:00,LAPAN,NOAA20,Fire inside Sitrep,SUMSEL,29031,2023,2023:29031,2023,40455,819129,0.05866045897989991,397.0,True,False,-23.0,1,2023-11-13 06:23:00,-3.89183,105.82721,0,0,1,1
105.89309,-3.86156,2023-11-13 13:00:00,NASA,NOAA20,Fire inside Sitrep,SUMSEL,29032,2023,2023:29032,2023,40456,819132,0.0,397.0,True,False,-23.0,1,2023-11-13 06:23:00,-3.86156,105.89309,0,0,0,0
105.90589,-3.87653,2023-11-13 13:00:00,NASA,NOAA20,Fire inside Sitrep,SUMSEL,29033,2023,2023:29033,2023,40457,819130,0.0,397.0,True,False,-23.0,1,2023-11-13 06:23:00,-3.87653,105.90589,0,0,0,2
105.47735,-3.74804,2023-11-13 13:00:00,NASA,NOAA20,Fire inside Sitrep,SUMSEL,29047,2023,2023:29047,2023,40471,819144,0.0,397.0,True,False,-23.0,1,2023-11-13 06:23:00,-3.74804,105.47735,0,0,0,8
105.63799,-3.53378,2023-11-13 13:00:00,NASA,NOAA20,Fire inside Sitrep,SUMSEL,29052,2023,2023:29052,2023,40476,819238,0.0,396.0,True,False,-24.0,1,2023-11-13 06:24:00,-3.53378,105.63799,0,0,0,0
105.77292,-3.63217,2023-11-13 13:00:00,NASA,NOAA20,Fire inside Sitrep,SUMSEL,29060,2023,2023:29060,2023,40484,819146,0.0,397.0,True,False,-23.0,1,2023-11-13 06:23:00,-3.63217,105.77292,0,0,0,2
105.35934448,-2.97903895,2023-11-13 13:00:00,LAPAN,NOAA20,Fire inside Sitrep,SUMSEL,29068,2023,2023:29068,2023,40492,819192,0.07421159432084037,396.0,True,False,-24.0,1,2023-11-13 06:24:00,-2.97857,105.35982,0,0,0,0
103.85265,-1.51613,2023-11-13 13:00:00,NASA,NOAA20,Verified No fire,JAMBI SMF,29073,2023,2023:29073,2023,40497,819157,0.0,396.0,True,False,-24.0,1,2023-11-13 06:24:00,-1.51613,103.85265,0,0,0,0
105.67993,-3.62256,2023-11-13 13:00:00,NASA,NOAA20,Fire inside Sitrep,SUMSEL,29082,2023,2023:29082,2023,40506,819150,0.0,397.0,True,False,-23.0,1,2023-11-13 06:23:00,-3.62256,105.67993,0,0,1,1
105.47686005,-3.74851203,2023-11-13 13:00:00,LAPAN,NOAA20,Fire inside Sitrep,SUMSEL,29084,2023,2023:29084,2023,40508,819144,0.07556664432024471,397.0,True,False,-23.0,1,2023-11-13 06:23:00,-3.74804,105.47735,0,0,0,8
105.90550232,-3.87688446,2023-11-13 13:00:00,LAPAN,NOAA20,Fire inside Sitrep,SUMSEL,29101,2023,2023:29101,2023,40525,819130,0.05833776116817542,397.0,True,False,-23.0,1,2023-11-13 06:23:00,-3.87653,105.90589,0,0,0,2
105.82721,-3.89183,2023-11-13 13:00:00,NASA,NOAA20,Fire inside Sitrep,SUMSEL,29102,2023,2023:29102,2023,40526,819129,0.0,397.0,True,False,-23.0,1,2023-11-13 06:23:00,-3.89183,105.82721,0,0,1,1
105.35982,-2.97857,2023-11-13 13:00:00,NASA,NOAA20,Fire inside Sitrep,SUMSEL,29103,2023,2023:29103,2023,40527,819192,0.0,396.0,True,False,-24.0,1,2023-11-13 06:24:00,-2.97857,105.35982,0,0,0,0
105.7725296,-3.63253236,2023-11-13 13:00:00,LAPAN,NOAA20,Fire inside Sitrep,SUMSEL,29104,2023,2023:29104,2023,40528,819146,0.059164266748629034,397.0,True,False,-23.0,1,2023-11-13 06:23:00,-3.63217,105.77292,0,0,0,2
105.63751221,-3.53424644,2023-11-13 13:00:00,LAPAN,NOAA20,Fire inside Sitrep,SUMSEL,29105,2023,2023:29105,2023,40529,819238,0.07417488407724393,396.0,True,False,-24.0,1,2023-11-13 06:24:00,-3.53378,105.63799,0,0,0,0
105.39288,-3.27905,2023-11-13 13:00:00,NASA,NOAA20,Verified No fire,SUMSEL,29106,2023,2023:29106,2023,40530,819198,0.0,396.0,True,False,-24.0,1,2023-11-13 06:24:00,-3.27905,105.39288,0,0,0,0
105.8927002,-3.86191201,2023-11-13 13:00:00,LAPAN,NOAA20,Fire inside Sitrep,SUMSEL,29109,2023,2023:29109,2023,40533,819132,0.058328775931025485,397.0,True,False,-23.0,1,2023-11-13 06:23:00,-3.86156,105.89309,0,0,0,0
105.39248657,-3.27942491,2023-11-13 13:00:00,LAPAN,NOAA20,Verified No fire,SUMSEL,29111,2023,2023:29111,2023,40535,819198,0.06037782216903839,396.0,True,False,-24.0,1,2023-11-13 06:24:00,-3.27905,105.39288,0,0,0,0
103.85223389,-1.51654971,2023-11-13 13:00:00,LAPAN,NOAA20,Verified No fire,JAMBI SMF,29125,2023,2023:29125,2023,40549,819157,0.06570705105368503,396.0,True,False,-24.0,1,2023-11-13 06:24:00,-1.51613,103.85265,0,0,0,0
105.55386,-3.42787,2023-11-13 13:00:00,NASA,NOAA20,Fire inside Sitrep,SUMSEL,29129,2023,2023:29129,2023,40553,819201,0.0,396.0,True,False,-24.0,1,2023-11-13 06:24:00,-3.42787,105.55386,0,0,0,2
105.5534668,-3.42823052,2023-11-13 13:00:00,LAPAN,NOAA20,Fire inside Sitrep,SUMSEL,29138,2023,2023:29138,2023,40562,819201,0.05926062734976526,396.0,True,False,-24.0,1,2023-11-13 06:24:00,-3.42787,105.55386,0,0,0,2
105.67044,-3.52894,2023-11-14 00:00:00,NASA,NOAA20,Fire inside Sitrep,SUMSEL,29175,2023,2023:29175,2023,40599,819407,0.0,394.0,True,False,-26.0,1,2023-11-13 17:26:00,-3.52894,105.67044,0,0,3,13
105.61874,-3.5882,2023-11-14 01:00:00,NASA,SNPP,Fire inside Sitrep,SUMSEL,29186,2023,2023:29186,2023,40610,1510507,0.006750831984292857,404.0,True,False,-16.0,1,2023-11-13 18:16:00,-3.58821,105.61868,0,0,0,2
105.35642242,-2.60681558,2023-11-14 01:00:00,LAPAN,SNPP,Verified No fire,SUMSEL,29203,2023,2023:29203,2023,40627,1510447,0.06314044777519215,404.0,True,False,-16.0,1,2023-11-13 18:16:00,-2.60655,105.35592,0,0,0,0
103.37128,-1.19047,2023-11-14 01:00:00,NASA,SNPP,Verified No fire,JAMBI SMF,29208,2023,2023:29208,2023,40632,1510431,0.007119022054332482,404.0,True,False,-16.0,1,2023-11-13 18:16:00,-1.19051,103.37133,0,0,0,3
103.33764,-1.16977,2023-11-14 01:00:00,NASA,SNPP,Verified No fire,JAMBI SMF,29209,2023,2023:29209,2023,40633,1510430,0.006289488182174941,404.0,True,False,-16.0,1,2023-11-13 18:16:00,-1.16981,103.33768,0,0,0,2
105.4765,-2.44476,2023-11-14 01:00:00,NASA,SNPP,Verified No fire,SUMSEL,29243,2023,2023:29243,2023,40667,1510443,0.00648216998833728,404.0,True,False,-16.0,1,2023-11-13 18:16:00,-2.44481,105.47653,0,0,0,0
103.37188721,-1.19084764,2023-11-14 01:00:00,LAPAN,SNPP,Verified No fire,JAMBI SMF,29252,2023,2023:29252,2023,40676,1510431,0.07243484179213694,404.0,True,False,-16.0,1,2023-11-13 18:16:00,-1.19051,103.37133,0,0,0,3
103.36158,-1.02291,2023-11-14 01:00:00,NASA,SNPP,Verified No fire,JAMBI SMF,29253,2023,2023:29253,2023,40677,1510402,0.0071192672614427115,404.0,True,False,-16.0,1,2023-11-13 18:16:00,-1.02295,103.36163,0,0,0,1
105.61950684,-3.58818221,2023-11-14 01:00:00,LAPAN,SNPP,Fire inside Sitrep,SUMSEL,29269,2023,2023:29269,2023,40693,1510507,0.09181232027599016,404.0,True,False,-16.0,1,2023-11-13 18:16:00,-3.58821,105.61868,0,0,0,2
105.35592,-2.6065,2023-11-14 01:00:00,NASA,SNPP,Verified No fire,SUMSEL,29281,2023,2023:29281,2023,40705,1510447,0.005559754011660755,404.0,True,False,-16.0,1,2023-11-13 18:16:00,-2.60655,105.35592,0,0,0,0
105.47727966,-2.44478941,2023-11-14 01:00:00,LAPAN,SNPP,Verified No fire,SUMSEL,29306,2023,2023:29306,2023,40730,1510443,0.08331409368890648,404.0,True,False,-16.0,1,2023-11-13 18:16:00,-2.44481,105.47653,0,0,0,0
103.38066,-1.20363,2023-11-14 02:00:00,NASA,NOAA20,Verified No fire,JAMBI SMF,29332,2023,2023:29332,2023,40756,819442,0.0,414.0,True,False,-6.0,1,2023-11-13 19:06:00,-1.20363,103.38066,0,0,0,3
105.47979,-3.7427,2023-11-14 13:00:00,NASA,NOAA20,Fire inside Sitrep,SUMSEL,29373,2023,2023:29373,2023,40797,820289,0.0,415.0,True,False,-5.0,1,2023-11-14 06:05:00,-3.7427,105.47979,0,0,0,9
105.71911,-3.84735,2023-11-14 13:00:00,NASA,SNPP,Fire inside Sitrep,SUMSEL,29374,2023,2023:29374,2023,40798,1511043,0.00711370156684074,365.0,True,False,-55.0,1,2023-11-14 06:55:00,-3.8474,105.71915,0,0,1,1
105.33444,-2.40902,2023-11-14 13:00:00,NASA,NOAA20,Verified No fire,SUMSEL,29393,2023,2023:29393,2023,40817,820358,0.0,415.0,True,False,-5.0,1,2023-11-14 06:05:00,-2.40902,105.33444,0,0,0,0
105.31622,-2.64442,2023-11-14 13:00:00,NASA,NOAA20,Verified No fire,SUMSEL,29394,2023,2023:29394,2023,40818,820342,0.0,415.0,True,False,-5.0,1,2023-11-14 06:05:00,-2.64442,105.31622,0,0,0,0
105.73392,-3.67701,2023-11-14 13:00:00,NASA,SNPP,Fire inside Sitrep,SUMSEL,29399,2023,2023:29399,2023,40823,1511041,0.00400665797673125,365.0,True,False,-55.0,1,2023-11-14 06:55:00,-3.67704,105.73394,0,0,1,3
105.7248,-3.64479,2023-11-14 13:00:00,NASA,NOAA20,Fire inside Sitrep,SUMSEL,29401,2023,2023:29401,2023,40825,820283,0.0,415.0,True,False,-5.0,1,2023-11-14 06:05:00,-3.64479,105.7248,0,0,6,6
105.76076,-3.79539,2023-11-14 13:00:00,NASA,SNPP,Fire inside Sitrep,SUMSEL,29402,2023,2023:29402,2023,40826,1511042,0.008012984229761846,365.0,True,False,-55.0,1,2023-11-14 06:55:00,-3.79545,105.7608,0,0,3,3
105.71975,-3.84933,2023-11-14 13:00:00,NASA,NOAA20,Fire inside Sitrep,SUMSEL,29403,2023,2023:29403,2023,40827,820301,0.0,415.0,True,False,-5.0,1,2023-11-14 06:05:00,-3.84933,105.71975,0,0,1,1
105.66185,-3.79475,2023-11-14 13:00:00,NASA,NOAA20,Fire inside Sitrep,SUMSEL,29413,2023,2023:29413,2023,40837,820294,0.0,415.0,True,False,-5.0,1,2023-11-14 06:05:00,-3.79475,105.66185,0,0,0,0
103.33749,-1.16801,2023-11-15 00:00:00,NASA,SNPP,Verified No fire,JAMBI SMF,29432,2023,2023:29432,2023,40856,1511166,0.015484879108052704,363.0,True,False,-57.0,1,2023-11-14 17:57:00,-1.16806,103.33736,0,0,0,2
103.35941,-1.02278,2023-11-15 01:00:00,NASA,NOAA20,Verified No fire,JAMBI SMF,29454,2023,2023:29454,2023,40878,820516,0.0,373.0,True,False,-47.0,1,2023-11-14 18:47:00,-1.02278,103.35941,0,0,0,1
103.37056,-1.18739,2023-11-15 01:00:00,NASA,NOAA20,Verified No fire,JAMBI SMF,29456,2023,2023:29456,2023,40880,820517,0.0,373.0,True,False,-47.0,1,2023-11-14 18:47:00,-1.18739,103.37056,0,0,2,4
105.55384,-3.42525,2023-11-15 01:00:00,NASA,NOAA20,Fire inside Sitrep,SUMSEL,29472,2023,2023:29472,2023,40896,820495,0.0,373.0,True,False,-47.0,1,2023-11-14 18:47:00,-3.42525,105.55384,0,0,0,3
103.37126923,-1.18703067,2023-11-15 01:00:00,LAPAN,NOAA20,Verified No fire,JAMBI SMF,29485,2023,2023:29485,2023,40909,820517,0.08839199755739587,373.0,True,False,-47.0,1,2023-11-14 18:47:00,-1.18739,103.37056,0,0,2,4
103.25354,-0.93902,2023-11-15 13:00:00,NASA,Aqua,Verified No fire,JAMBI SMF,29500,2023,2023:29500,2023,40924,140629,0.004972260919244878,370.0,True,False,-50.0,1,2023-11-15 06:50:00,-0.939,103.2535,0,0,0,0
105.66002,-2.88691,2023-11-15 13:00:00,NASA,Aqua,Verified No fire,SUMSEL,29501,2023,2023:29501,2023,40925,140615,0.012431483355746679,371.0,True,False,-49.0,1,2023-11-15 06:49:00,-2.8868,105.66,0,0,0,0
103.01898,-0.97255,2023-11-15 13:00:00,NASA,Aqua,Verified No fire,JAMBI SMF,29502,2023,2023:29502,2023,40926,140632,0.005987919358680845,370.0,True,False,-50.0,1,2023-11-15 06:50:00,-0.9725,103.019,0,0,0,0
103.33846,-1.16859,2023-11-16 00:00:00,NASA,SNPP,Verified No fire,JAMBI SMF,29511,2023,2023:29511,2023,40935,1511862,0.0342478255273971,382.0,True,False,-38.0,1,2023-11-15 17:38:00,-1.16866,103.33876,0,0,1,3
105.47568,-3.74553,2023-11-16 00:00:00,NASA,SNPP,Fire inside Sitrep,SUMSEL,29516,2023,2023:29516,2023,40940,1511894,0.004584115147117296,381.0,True,False,-39.0,1,2023-11-15 17:39:00,-3.74549,105.47569,0,0,6,9
105.55265,-3.42627,2023-11-16 00:00:00,NASA,SNPP,Fire inside Sitrep,SUMSEL,29519,2023,2023:29519,2023,40943,1511903,0.012209595474017449,381.0,True,False,-39.0,1,2023-11-15 17:39:00,-3.42627,105.55276,0,0,2,3
103.36918,-1.18792,2023-11-16 00:00:00,NASA,SNPP,Verified No fire,JAMBI SMF,29524,2023,2023:29524,2023,40948,1511879,0.03667010525767571,382.0,True,False,-38.0,1,2023-11-15 17:38:00,-1.188,103.3695,0,0,1,4
103.46145,-1.13906,2023-11-16 01:00:00,NASA,NOAA20,Verified No fire,JAMBI SMF,29532,2023,2023:29532,2023,40956,821131,0.0,392.0,True,False,-28.0,1,2023-11-15 18:28:00,-1.13906,103.46145,0,0,0,0
105.71967,-3.50795,2023-11-16 01:00:00,NASA,NOAA20,Fire inside Sitrep,SUMSEL,29537,2023,2023:29537,2023,40961,821133,0.0,391.0,True,False,-29.0,1,2023-11-15 18:29:00,-3.50795,105.71967,0,0,0,3
105.41030884,-3.2989378,2023-11-16 01:00:00,LAPAN,NOAA20,Fire inside Sitrep,SUMSEL,29547,2023,2023:29547,2023,40971,821112,0.08403622212275698,392.0,True,False,-28.0,1,2023-11-15 18:28:00,-3.29931,105.40965,0,0,0,0
103.24274,-1.06375,2023-11-16 01:00:00,NASA,NOAA20,Verified No fire,JAMBI SMF,29548,2023,2023:29548,2023,40972,821085,0.0,392.0,True,False,-28.0,1,2023-11-15 18:28:00,-1.06375,103.24274,0,0,0,1
102.05535889,-1.10644448,2023-11-16 01:00:00,LAPAN,NOAA20,Verified No fire,JAMBI SMF,29552,2023,2023:29552,2023,40976,821126,0.055039360977405756,392.0,True,False,-28.0,1,2023-11-15 18:28:00,-1.10657,102.05488,0,0,0,0
103.36241913,-1.02466977,2023-11-16 01:00:00,LAPAN,NOAA20,Verified No fire,JAMBI SMF,29553,2023,2023:29553,2023,40977,821086,0.0726233777388775,392.0,True,False,-28.0,1,2023-11-15 18:28:00,-1.02493,103.36182,0,0,0,1
102.05488,-1.10657,2023-11-16 01:00:00,NASA,NOAA20,Verified No fire,JAMBI SMF,29561,2023,2023:29561,2023,40985,821126,0.0,392.0,True,False,-28.0,1,2023-11-15 18:28:00,-1.10657,102.05488,0,0,0,0
103.36182,-1.02493,2023-11-16 01:00:00,NASA,NOAA20,Verified No fire,JAMBI SMF,29562,2023,2023:29562,2023,40986,821086,0.0,392.0,True,False,-28.0,1,2023-11-15 18:28:00,-1.02493,103.36182,0,0,0,1
105.40965,-3.29931,2023-11-16 01:00:00,NASA,NOAA20,Fire inside Sitrep,SUMSEL,29565,2023,2023:29565,2023,40989,821112,0.0,392.0,True,False,-28.0,1,2023-11-15 18:28:00,-3.29931,105.40965,0,0,0,0
103.46192932,-1.13886333,2023-11-16 01:00:00,LAPAN,NOAA20,Verified No fire,JAMBI SMF,29568,2023,2023:29568,2023,40992,821131,0.05760033696292607,392.0,True,False,-28.0,1,2023-11-15 18:28:00,-1.13906,103.46145,0,0,0,0
103.65803528,-2.0665772,2023-11-16 01:00:00,LAPAN,NOAA20,Verified No fire,SUMSEL MUBA,29570,2023,2023:29570,2023,40994,821120,0.05787286201360053,392.0,True,False,-28.0,1,2023-11-15 18:28:00,-2.06679,103.65756,0,0,0,0
103.65756,-2.06679,2023-11-16 01:00:00,NASA,NOAA20,Verified No fire,SUMSEL MUBA,29574,2023,2023:29574,2023,40998,821120,0.0,392.0,True,False,-28.0,1,2023-11-15 18:28:00,-2.06679,103.65756,0,0,0,0
103.33675,-1.167,2023-11-16 01:00:00,NASA,NOAA20,Verified No fire,JAMBI SMF,29577,2023,2023:29577,2023,41001,821130,0.0,392.0,True,False,-28.0,1,2023-11-15 18:28:00,-1.167,103.33675,0,0,2,3
105.72033691,-3.50756192,2023-11-16 01:00:00,LAPAN,NOAA20,Fire inside Sitrep,SUMSEL,29582,2023,2023:29582,2023,41006,821133,0.08567868251225239,391.0,True,False,-29.0,1,2023-11-15 18:29:00,-3.50795,105.71967,0,0,0,3
103.48563,-1.29916,2023-11-16 01:00:00,NASA,NOAA20,Verified No fire,JAMBI SMF,29584,2023,2023:29584,2023,41008,821127,0.0,392.0,True,False,-28.0,1,2023-11-15 18:28:00,-1.29916,103.48563,0,0,0,0
103.48622894,-1.29889655,2023-11-16 01:00:00,LAPAN,NOAA20,Verified No fire,JAMBI SMF,29588,2023,2023:29588,2023,41012,821127,0.07274152843192028,392.0,True,False,-28.0,1,2023-11-15 18:28:00,-1.29916,103.48563,0,0,0,0
103.33908,-1.16565,2023-11-16 02:00:00,NASA,SNPP,Verified No fire,JAMBI SMF,29594,2023,2023:29594,2023,41018,1511943,0.041863632258618895,401.0,True,False,-19.0,1,2023-11-15 19:19:00,-1.16572,103.33945,0,0,1,3
105.71413,-3.44659,2023-11-16 02:00:00,NASA,Aqua,Fire inside Sitrep,SUMSEL,29595,2023,2023:29595,2023,41019,140655,0.05503676773295577,409.0,True,False,-11.0,1,2023-11-15 19:11:00,-3.4461,105.7142,0,0,5,11
105.47884369,-3.74707031,2023-11-17 01:00:00,LAPAN,NOAA20,Fire inside Sitrep,SUMSEL,29596,2023,2023:29596,2023,41020,821637,0.05877902660535159,410.0,True,False,-10.0,1,2023-11-16 18:10:00,-3.74715,105.47832,0,0,0,6
105.47832,-3.74715,2023-11-17 01:00:00,NASA,NOAA20,Fire inside Sitrep,SUMSEL,29599,2023,2023:29599,2023,41023,821637,0.0,410.0,True,False,-10.0,1,2023-11-16 18:10:00,-3.74715,105.47832,0,0,0,6
103.24211,-1.06267,2023-11-17 01:00:00,NASA,NOAA20,Verified No fire,JAMBI SMF,29602,2023,2023:29602,2023,41026,821605,0.0,411.0,True,False,-9.0,1,2023-11-16 18:09:00,-1.06267,103.24211,0,0,0,2
105.64147,-3.5742,2023-11-17 01:00:00,NASA,NOAA20,Fire inside Sitrep,SUMSEL,29607,2023,2023:29607,2023,41031,821635,0.0,410.0,True,False,-10.0,1,2023-11-16 18:10:00,-3.5742,105.64147,0,0,0,0
105.64198303,-3.57410622,2023-11-17 01:00:00,LAPAN,NOAA20,Fire inside Sitrep,SUMSEL,29616,2023,2023:29616,2023,41040,821635,0.05788252322599611,410.0,True,False,-10.0,1,2023-11-16 18:10:00,-3.5742,105.64147,0,0,0,0
103.33794,-1.16921,2023-11-17 01:00:00,NASA,NOAA20,Verified No fire,JAMBI SMF,29625,2023,2023:29625,2023,41049,821604,0.0,411.0,True,False,-9.0,1,2023-11-16 18:09:00,-1.16921,103.33794,0,0,0,3
105.70813,-3.45011,2023-11-17 02:00:00,NASA,SNPP,Fire inside Sitrep,SUMSEL,29630,2023,2023:29630,2023,41054,1512400,0.0015711114980215706,420.0,True,False,0.0,1,2023-11-16 19:00:00,-3.45012,105.70812,0,0,5,9
103.38069,-1.20284,2023-11-17 02:00:00,NASA,SNPP,Verified No fire,JAMBI SMF,29631,2023,2023:29631,2023,41055,1512402,0.004717087955856047,420.0,True,False,0.0,1,2023-11-16 19:00:00,-1.20287,103.38072,0,0,0,2
103.25854,-2.42617,2023-11-17 13:00:00,NASA,NOAA20,Verified No fire,SUMSEL MUBA,29639,2023,2023:29639,2023,41063,821912,0.0,371.0,True,False,-49.0,1,2023-11-17 06:49:00,-2.42617,103.25854,0,0,1,1
103.25785065,-2.42646289,2023-11-17 13:00:00,LAPAN,NOAA20,Verified No fire,SUMSEL MUBA,29640,2023,2023:29640,2023,41064,821912,0.0832209051063507,371.0,True,False,-49.0,1,2023-11-17 06:49:00,-2.42617,103.25854,0,0,1,1
105.70693,-3.44784,2023-11-18 00:00:00,NASA,NOAA20,Fire inside Sitrep,SUMSEL,29642,2023,2023:29642,2023,41066,821971,0.0,369.0,True,False,-51.0,1,2023-11-17 17:51:00,-3.44784,105.70693,0,0,1,8
103.24194,-1.05903,2023-11-18 00:00:00,NASA,NOAA20,Verified No fire,JAMBI SMF,29643,2023,2023:29643,2023,41067,821957,0.0,370.0,True,False,-50.0,1,2023-11-17 17:50:00,-1.05903,103.24194,0,0,0,1
104.06879,-2.07048,2023-11-18 00:00:00,NASA,NOAA20,Verified No fire,SUMSEL MUBA,29644,2023,2023:29644,2023,41068,821975,0.0,369.0,True,False,-51.0,1,2023-11-17 17:51:00,-2.07048,104.06879,0,0,1,2
103.33641,-1.16397,2023-11-18 00:00:00,NASA,NOAA20,Verified No fire,JAMBI SMF,29646,2023,2023:29646,2023,41070,821958,0.0,370.0,True,False,-50.0,1,2023-11-17 17:50:00,-1.16397,103.33641,0,0,1,2
104.07255554,-2.07098651,2023-11-18 01:00:00,LAPAN,SNPP,Verified No fire,SUMSEL MUBA,29652,2023,2023:29652,2023,41076,1512885,0.0660982157117613,379.0,True,False,-41.0,1,2023-11-17 18:41:00,-2.07069,104.07204,0,0,1,2
103.50408,-1.21761,2023-11-18 01:00:00,NASA,SNPP,Verified No fire,JAMBI SMF,29653,2023,2023:29653,2023,41077,1512882,0.00471707511338849,379.0,True,False,-41.0,1,2023-11-17 18:41:00,-1.21764,103.50405,0,0,0,0
103.50485992,-1.21744633,2023-11-18 01:00:00,LAPAN,SNPP,Verified No fire,JAMBI SMF,29657,2023,2023:29657,2023,41081,1512882,0.09257832230822655,379.0,True,False,-41.0,1,2023-11-17 18:41:00,-1.21764,103.50405,0,0,0,0
103.33859,-1.1664,2023-11-18 01:00:00,NASA,SNPP,Verified No fire,JAMBI SMF,29660,2023,2023:29660,2023,41084,1512880,0.00471711896716157,379.0,True,False,-41.0,1,2023-11-17 18:41:00,-1.16643,103.33856,0,0,1,1
103.68452,-2.19296,2023-11-18 01:00:00,NASA,SNPP,Verified No fire,SUMSEL MUBA,29661,2023,2023:29661,2023,41085,1512888,0.004972066999892431,379.0,True,False,-41.0,1,2023-11-17 18:41:00,-2.19292,103.68454,0,0,0,0
105.70806,-3.45199,2023-11-18 01:00:00,NASA,SNPP,Fire inside Sitrep,SUMSEL,29664,2023,2023:29664,2023,41088,1512899,0.002219866563544177,378.0,True,False,-42.0,1,2023-11-17 18:42:00,-3.45199,105.70804,0,0,1,3
103.68505859,-2.19324732,2023-11-18 01:00:00,LAPAN,SNPP,Verified No fire,SUMSEL MUBA,29666,2023,2023:29666,2023,41090,1512888,0.06815452499164361,379.0,True,False,-41.0,1,2023-11-17 18:41:00,-2.19292,103.68454,0,0,0,0
104.072,-2.07074,2023-11-18 01:00:00,NASA,SNPP,Verified No fire,SUMSEL MUBA,29667,2023,2023:29667,2023,41091,1512885,0.007118145099375273,379.0,True,False,-41.0,1,2023-11-17 18:41:00,-2.07069,104.07204,0,0,1,2
105.61052,-3.03008,2023-11-18 13:00:00,NASA,NOAA20,Fire inside Sitrep,SUMSEL,29672,2023,2023:29672,2023,41096,822510,0.0,390.0,True,False,-30.0,1,2023-11-18 06:30:00,-3.03008,105.61052,0,0,0,0
105.61009216,-3.0303731,2023-11-18 13:00:00,LAPAN,NOAA20,Fire inside Sitrep,SUMSEL,29673,2023,2023:29673,2023,41097,822510,0.05761183923317837,390.0,True,False,-30.0,1,2023-11-18 06:30:00,-3.03008,105.61052,0,0,0,0
102.93413,-0.92267,2023-11-18 14:00:00,NASA,Aqua,Verified No fire,JAMBI SMF,29674,2023,2023:29674,2023,41098,140942,0.0942074027004357,404.0,True,False,-16.0,1,2023-11-18 07:16:00,-0.9235,102.9343,0,0,0,0
105.69674,-2.93874,2023-11-18 14:00:00,NASA,Aqua,Verified No fire,SUMSEL,29675,2023,2023:29675,2023,41099,140939,0.09726440893597768,405.0,True,False,-15.0,1,2023-11-18 07:15:00,-2.9396,105.6969,0,0,0,0
103.08179,-1.09516,2023-11-18 14:00:00,NASA,Aqua,Verified No fire,JAMBI SMF,29676,2023,2023:29676,2023,41100,140940,0.09420104211055286,404.0,True,False,-16.0,1,2023-11-18 07:16:00,-1.096,103.0819,0,0,0,0
104.06245,-2.06793,2023-11-19 00:00:00,NASA,NOAA20,Verified No fire,SUMSEL MUBA,29678,2023,2023:29678,2023,41102,822705,0.0,388.0,True,False,-32.0,1,2023-11-18 17:32:00,-2.06793,104.06245,0,0,1,4
104.06899261,-2.06881833,2023-11-19 01:00:00,LAPAN,SNPP,Verified No fire,SUMSEL MUBA,29681,2023,2023:29681,2023,41105,1513656,0.06496005152685148,398.0,True,False,-22.0,1,2023-11-18 18:22:00,-2.06852,104.06849,0,0,3,5
103.79892,-2.09995,2023-11-19 01:00:00,NASA,SNPP,Verified No fire,SUMSEL MUBA,29682,2023,2023:29682,2023,41106,1513653,0.0035160611039150172,398.0,True,False,-22.0,1,2023-11-18 18:22:00,-2.09998,103.79893,0,0,0,0
103.46503,-2.47335,2023-11-19 01:00:00,NASA,SNPP,Verified No fire,SUMSEL MUBA,29685,2023,2023:29685,2023,41109,1513666,0.0022239016047169878,397.0,True,False,-23.0,1,2023-11-18 18:23:00,-2.47333,103.46503,0,0,0,0
104.06848,-2.06853,2023-11-19 01:00:00,NASA,SNPP,Verified No fire,SUMSEL MUBA,29686,2023,2023:29686,2023,41110,1513656,0.0015720236354646044,398.0,True,False,-22.0,1,2023-11-18 18:22:00,-2.06852,104.06849,0,0,3,5
105.89899445,-3.88206959,2023-11-19 13:00:00,LAPAN,NOAA20,Fire inside Sitrep,SUMSEL,29691,2023,2023:29691,2023,41115,823137,0.0789406457119239,409.0,True,False,-11.0,1,2023-11-19 06:11:00,-3.88157,105.8995,0,0,1,1
105.60809,-3.04677,2023-11-19 13:00:00,NASA,NOAA20,Fire inside Sitrep,SUMSEL,29692,2023,2023:29692,2023,41116,823160,0.0,409.0,True,False,-11.0,1,2023-11-19 06:11:00,-3.04677,105.60809,0,0,0,1
105.51431,-2.92924,2023-11-19 13:00:00,NASA,Aqua,Verified No fire,SUMSEL,29693,2023,2023:29693,2023,41117,141098,0.06227914634369262,401.0,True,False,-19.0,1,2023-11-19 06:19:00,-2.9298,105.5143,0,0,0,0
105.60758209,-3.04727793,2023-11-19 13:00:00,LAPAN,NOAA20,Fire inside Sitrep,SUMSEL,29699,2023,2023:29699,2023,41123,823160,0.07981580602532494,409.0,True,False,-11.0,1,2023-11-19 06:11:00,-3.04677,105.60809,0,0,0,1
105.92180634,-3.86396575,2023-11-19 13:00:00,LAPAN,NOAA20,Fire inside Sitrep,SUMSEL,29705,2023,2023:29705,2023,41129,823134,0.08006290218294125,409.0,True,False,-11.0,1,2023-11-19 06:11:00,-3.86346,105.92232,0,0,0,0
105.2344,-3.03492,2023-11-19 13:00:00,NASA,NOAA20,Fire inside Sitrep,SUMSEL,29706,2023,2023:29706,2023,41130,823157,0.0,409.0,True,False,-11.0,1,2023-11-19 06:11:00,-3.03492,105.2344,0,0,1,1
105.8995,-3.88157,2023-11-19 13:00:00,NASA,NOAA20,Fire inside Sitrep,SUMSEL,29709,2023,2023:29709,2023,41133,823137,0.0,409.0,True,False,-11.0,1,2023-11-19 06:11:00,-3.88157,105.8995,0,0,1,1
105.92232,-3.86346,2023-11-19 13:00:00,NASA,NOAA20,Fire inside Sitrep,SUMSEL,29710,2023,2023:29710,2023,41134,823134,0.0,409.0,True,False,-11.0,1,2023-11-19 06:11:00,-3.86346,105.92232,0,0,0,0
103.35886,-1.02345,2023-11-20 01:00:00,NASA,NOAA20,Verified No fire,JAMBI SMF,29719,2023,2023:29719,2023,41143,823311,0.0,367.0,True,False,-53.0,1,2023-11-19 18:53:00,-1.02345,103.35886,0,0,0,1
104.07063,-2.06937,2023-11-20 01:00:00,NASA,SNPP,Verified No fire,SUMSEL MUBA,29723,2023,2023:29723,2023,41147,1514206,0.005558449004994162,416.0,True,False,-4.0,1,2023-11-19 18:04:00,-2.06933,104.0706,0,0,0,3
103.33762,-1.16706,2023-11-20 01:00:00,NASA,NOAA20,Verified No fire,JAMBI SMF,29724,2023,2023:29724,2023,41148,823314,0.0,367.0,True,False,-53.0,1,2023-11-19 18:53:00,-1.16706,103.33762,0,0,0,1
105.47688,-3.74712,2023-11-20 01:00:00,NASA,NOAA20,Fire inside Sitrep,SUMSEL,29727,2023,2023:29727,2023,41151,823322,0.0,366.0,True,False,-54.0,1,2023-11-19 18:54:00,-3.74712,105.47688,0,0,0,0
105.88043,-3.80646,2023-11-20 12:00:00,NASA,NOAA20,Fire inside Sitrep,SUMSEL,29729,2023,2023:29729,2023,41153,823559,0.0,368.0,True,False,-52.0,1,2023-11-20 05:52:00,-3.80646,105.88043,0,0,0,0
105.84105,-3.87939,2023-11-20 12:00:00,NASA,NOAA20,Fire inside Sitrep,SUMSEL,29730,2023,2023:29730,2023,41154,823567,0.0,368.0,True,False,-52.0,1,2023-11-20 05:52:00,-3.87939,105.84105,0,0,2,3
105.4865,-3.7977,2023-11-20 12:00:00,NASA,NOAA20,Fire inside Sitrep,SUMSEL,29739,2023,2023:29739,2023,41163,823557,0.0,368.0,True,False,-52.0,1,2023-11-20 05:52:00,-3.7977,105.4865,0,0,0,0
105.79658508,-3.55568624,2023-11-20 13:00:00,LAPAN,SNPP,Fire inside Sitrep,SUMSEL,29766,2023,2023:29766,2023,41190,1514426,0.08543330759124619,377.0,True,False,-43.0,1,2023-11-20 06:43:00,-3.55588,105.79733,0,0,0,0
105.55436,-3.69375,2023-11-20 13:00:00,NASA,SNPP,Fire inside Sitrep,SUMSEL,29767,2023,2023:29767,2023,41191,1514527,0.005548204465501495,377.0,True,False,-43.0,1,2023-11-20 06:43:00,-3.69375,105.55431,0,0,0,0
105.79733,-3.55588,2023-11-20 13:00:00,NASA,SNPP,Fire inside Sitrep,SUMSEL,29768,2023,2023:29768,2023,41192,1514426,0.0,377.0,True,False,-43.0,1,2023-11-20 06:43:00,-3.55588,105.79733,0,0,0,0
105.37367,-3.68259,2023-11-20 13:00:00,NASA,SNPP,Fire inside Sitrep,SUMSEL,29771,2023,2023:29771,2023,41195,1514425,0.004438619300083075,377.0,True,False,-43.0,1,2023-11-20 06:43:00,-3.68259,105.37363,0,0,0,0
106.03307,-3.23186,2023-11-21 00:00:00,NASA,SNPP,Verified No fire,SUMSEL,29783,2023,2023:29783,2023,41207,1514751,0.00845698788600535,375.0,True,False,-45.0,1,2023-11-20 17:45:00,-3.23189,106.033,0,0,1,1
103.35936,-1.02222,2023-11-21 01:00:00,NASA,NOAA20,Verified No fire,JAMBI SMF,29788,2023,2023:29788,2023,41212,823708,0.0,386.0,True,False,-34.0,1,2023-11-20 18:34:00,-1.02222,103.35936,0,0,0,1
103.48501,-1.29953,2023-11-21 01:00:00,NASA,NOAA20,Verified No fire,JAMBI SMF,29790,2023,2023:29790,2023,41214,823705,0.0,386.0,True,False,-34.0,1,2023-11-20 18:34:00,-1.29953,103.48501,0,0,0,0
106.0338974,-3.23295927,2023-11-21 01:00:00,LAPAN,NOAA20,Verified No fire,SUMSEL,29793,2023,2023:29793,2023,41217,823713,0.08818471994382072,385.0,True,False,-35.0,1,2023-11-20 18:35:00,-3.23332,106.03319,0,0,1,1
103.38114,-2.53709,2023-11-21 01:00:00,NASA,NOAA20,Verified No fire,SUMSEL MUBA,29794,2023,2023:29794,2023,41218,823721,0.0,385.0,True,False,-35.0,1,2023-11-20 18:35:00,-2.53709,103.38114,0,0,0,0
103.48551178,-1.29926491,2023-11-21 01:00:00,LAPAN,NOAA20,Verified No fire,JAMBI SMF,29795,2023,2023:29795,2023,41219,823705,0.0630904854425709,386.0,True,False,-34.0,1,2023-11-20 18:34:00,-1.29953,103.48501,0,0,0,0
103.34003,-1.1683,2023-11-21 01:00:00,NASA,NOAA20,Verified No fire,JAMBI SMF,29796,2023,2023:29796,2023,41220,823707,0.0,386.0,True,False,-34.0,1,2023-11-20 18:34:00,-1.1683,103.34003,0,0,0,2
103.79697,-2.10177,2023-11-21 01:00:00,NASA,NOAA20,Verified No fire,SUMSEL MUBA,29798,2023,2023:29798,2023,41222,823712,0.0,385.0,True,False,-35.0,1,2023-11-20 18:35:00,-2.10177,103.79697,0,0,0,0
106.03319,-3.23332,2023-11-21 01:00:00,NASA,NOAA20,Verified No fire,SUMSEL,29799,2023,2023:29799,2023,41223,823713,0.0,385.0,True,False,-35.0,1,2023-11-20 18:35:00,-3.23332,106.03319,0,0,1,1
105.46660614,-3.34008026,2023-11-21 13:00:00,LAPAN,SNPP,Verified No fire,SUMSEL,29804,2023,2023:29804,2023,41228,1515028,0.09070210726641204,396.0,True,False,-24.0,1,2023-11-21 06:24:00,-3.33985,105.46739,0,0,0,0
105.63474,-3.56763,2023-11-21 13:00:00,NASA,SNPP,Fire inside Sitrep,SUMSEL,29810,2023,2023:29810,2023,41234,1515035,0.0,396.0,True,False,-24.0,1,2023-11-21 06:24:00,-3.56763,105.63474,0,0,0,0
105.4673,-3.33986,2023-11-21 13:00:00,NASA,SNPP,Verified No fire,SUMSEL,29813,2023,2023:29813,2023,41237,1515028,0.010052249405179958,396.0,True,False,-24.0,1,2023-11-21 06:24:00,-3.33985,105.46739,0,0,0,0
105.63417816,-3.56748319,2023-11-21 13:00:00,LAPAN,SNPP,Fire inside Sitrep,SUMSEL,29820,2023,2023:29820,2023,41244,1515035,0.06445432302363867,396.0,True,False,-24.0,1,2023-11-21 06:24:00,-3.56763,105.63474,0,0,0,0
105.79137,-3.49432,2023-11-21 14:00:00,NASA,NOAA20,Fire inside Sitrep,SUMSEL,29838,2023,2023:29838,2023,41262,824070,0.0,406.0,True,False,-14.0,1,2023-11-21 07:14:00,-3.49432,105.79137,0,0,0,0
105.67383,-3.83476,2023-11-21 14:00:00,NASA,NOAA20,Fire inside Sitrep,SUMSEL,29840,2023,2023:29840,2023,41264,824069,0.0,406.0,True,False,-14.0,1,2023-11-21 07:14:00,-3.83476,105.67383,0,0,0,3
105.6733,-3.82921,2023-11-22 00:00:00,NASA,SNPP,Fire inside Sitrep,SUMSEL,29842,2023,2023:29842,2023,41266,1515164,0.014488742762918989,394.0,True,False,-26.0,1,2023-11-21 17:26:00,-3.82932,105.67323,0,0,2,3
101.94438934,-1.05990624,2023-11-22 01:00:00,LAPAN,NOAA20,Verified No fire,JAMBI SMF,29845,2023,2023:29845,2023,41269,824187,0.07699123494394787,404.0,True,False,-16.0,1,2023-11-21 18:16:00,-1.05984,101.9437,0,0,0,0
101.9437,-1.05984,2023-11-22 01:00:00,NASA,NOAA20,Verified No fire,JAMBI SMF,29848,2023,2023:29848,2023,41272,824187,0.0,404.0,True,False,-16.0,1,2023-11-21 18:16:00,-1.05984,101.9437,0,0,0,0
103.3388,-1.16767,2023-11-22 01:00:00,NASA,NOAA20,Verified No fire,JAMBI SMF,29849,2023,2023:29849,2023,41273,824171,0.0,405.0,True,False,-15.0,1,2023-11-21 18:15:00,-1.16767,103.3388,0,0,0,2
103.38024,-1.20189,2023-11-23 00:00:00,NASA,NOAA20,Verified No fire,JAMBI SMF,29858,2023,2023:29858,2023,41282,824559,0.0,363.0,True,False,-57.0,1,2023-11-22 17:57:00,-1.20189,103.38024,0,0,0,1
103.33854,-1.1688,2023-11-23 00:00:00,NASA,NOAA20,Verified No fire,JAMBI SMF,29859,2023,2023:29859,2023,41283,824560,0.0,363.0,True,False,-57.0,1,2023-11-22 17:57:00,-1.1688,103.33854,0,0,0,1
103.3749,-1.2031,2023-11-24 00:00:00,NASA,NOAA20,Verified No fire,JAMBI SMF,29861,2023,2023:29861,2023,41285,824815,0.0,382.0,True,False,-38.0,1,2023-11-23 17:38:00,-1.2031,103.3749,0,0,0,1
103.88702,-2.04329,2023-11-28 13:00:00,NASA,NOAA20,Verified No fire,SUMSEL MUBA,29862,2023,2023:29862,2023,41286,825405,0.0,377.0,True,False,-43.0,1,2023-11-28 06:43:00,-2.04329,103.88702,0,0,0,0
103.01760864,-1.56506765,2023-11-28 13:00:00,LAPAN,NOAA20,Verified No fire,JAMBI SMF,29863,2023,2023:29863,2023,41287,825448,0.07366937626350291,377.0,True,False,-43.0,1,2023-11-28 06:43:00,-1.5647,103.01816,0,0,0,0
103.01816,-1.5647,2023-11-28 13:00:00,NASA,NOAA20,Verified No fire,JAMBI SMF,29864,2023,2023:29864,2023,41288,825448,0.0,377.0,True,False,-43.0,1,2023-11-28 06:43:00,-1.5647,103.01816,0,0,0,0
103.88653564,-2.04352069,2023-11-28 13:00:00,LAPAN,NOAA20,Verified Fire,SUMSEL MUBA,29865,2023,2023:29865,2023,41289,825405,0.059624229909278854,377.0,True,False,-43.0,1,2023-11-28 06:43:00,-2.04329,103.88702,0,0,0,0
103.37958,-1.19906,2023-11-29 00:00:00,NASA,NOAA20,Verified No fire,JAMBI SMF,29866,2023,2023:29866,2023,41290,825517,0.0,376.0,True,False,-44.0,1,2023-11-28 17:44:00,-1.19906,103.37958,0,0,1,1
103.29065,-1.05203,2023-11-29 00:00:00,NASA,NOAA20,Verified No fire,JAMBI SMF,29867,2023,2023:29867,2023,41291,825518,0.0,376.0,True,False,-44.0,1,2023-11-28 17:44:00,-1.05203,103.29065,0,0,2,5
103.36171,-1.02283,2023-11-29 01:00:00,NASA,SNPP,Verified No fire,JAMBI SMF,29869,2023,2023:29869,2023,41293,1516352,0.0045840030604882625,385.0,True,False,-35.0,1,2023-11-28 18:35:00,-1.02284,103.36175,0,0,0,0
103.33913,-1.16724,2023-11-29 01:00:00,NASA,SNPP,Verified No fire,JAMBI SMF,29870,2023,2023:29870,2023,41294,1516362,0.003515640496525608,385.0,True,False,-35.0,1,2023-11-28 18:35:00,-1.16725,103.33916,0,0,0,0
103.36064148,-1.02514553,2023-12-05 01:00:00,LAPAN,SNPP,Verified No fire,JAMBI SMF,29887,2023,2023:29887,2023,41311,1517351,0.09502671180228055,398.0,True,False,-22.0,1,2023-12-04 18:22:00,-1.02522,103.35979,0,0,0,0
103.35982,-1.02517,2023-12-05 01:00:00,NASA,SNPP,Verified No fire,JAMBI SMF,29888,2023,2023:29888,2023,41312,1517351,0.0064834569180666525,398.0,True,False,-22.0,1,2023-12-04 18:22:00,-1.02522,103.35979,0,0,0,0
103.33895,-1.16635,2023-12-06 01:00:00,NASA,NOAA20,Verified No fire,JAMBI SMF,29893,2023,2023:29893,2023,41317,826804,0.0,367.0,True,False,-53.0,1,2023-12-05 18:53:00,-1.16635,103.33895,0,0,0,0
103.37143,-1.18871,2023-12-06 01:00:00,NASA,NOAA20,Verified No fire,JAMBI SMF,29894,2023,2023:29894,2023,41318,826803,0.0,367.0,True,False,-53.0,1,2023-12-05 18:53:00,-1.18871,103.37143,0,0,0,1
105.34466,-2.68299,2023-12-06 13:00:00,NASA,Aqua,Verified No fire,SUMSEL,29897,2023,2023:29897,2023,41321,141886,0.04580596183311993,383.0,True,False,-37.0,1,2023-12-06 06:37:00,-2.6834,105.3447,0,0,0,0
105.27368,-3.06027,2023-12-06 13:00:00,NASA,Aqua,Verified No fire,SUMSEL,29898,2023,2023:29898,2023,41322,141885,0.047865427936122494,383.0,True,False,-37.0,1,2023-12-06 06:37:00,-3.0607,105.2737,0,0,0,0
103.33738,-1.16582,2023-12-08 01:00:00,NASA,NOAA20,Verified No fire,JAMBI SMF,29901,2023,2023:29901,2023,41325,827071,0.0,404.0,True,False,-16.0,1,2023-12-07 18:16:00,-1.16582,103.33738,0,0,1,2
103.24138,-1.06138,2023-12-08 01:00:00,NASA,NOAA20,Verified No fire,JAMBI SMF,29906,2023,2023:29906,2023,41330,827072,0.0,404.0,True,False,-16.0,1,2023-12-07 18:16:00,-1.06138,103.24138,0,0,2,3
103.3365,-1.17023,2023-12-08 02:00:00,NASA,SNPP,Verified No fire,JAMBI SMF,29907,2023,2023:29907,2023,41331,1517820,0.012675728643618977,414.0,True,False,-6.0,1,2023-12-07 19:06:00,-1.1702,103.33639,0,0,1,2
103.45951,-1.13973,2023-12-09 00:00:00,NASA,NOAA20,Verified No fire,JAMBI SMF,29913,2023,2023:29913,2023,41337,827133,0.0,363.0,True,False,-57.0,1,2023-12-08 17:57:00,-1.13973,103.45951,0,0,0,0
103.33749,-1.16748,2023-12-09 00:00:00,NASA,NOAA20,Verified No fire,JAMBI SMF,29915,2023,2023:29915,2023,41339,827132,0.0,363.0,True,False,-57.0,1,2023-12-08 17:57:00,-1.16748,103.33749,0,0,0,2
103.2412,-1.06212,2023-12-09 00:00:00,NASA,NOAA20,Verified No fire,JAMBI SMF,29924,2023,2023:29924,2023,41348,827134,0.0,363.0,True,False,-57.0,1,2023-12-08 17:57:00,-1.06212,103.2412,0,0,0,3
103.48943,-1.17512,2023-12-11 01:00:00,NASA,SNPP,Verified No fire,JAMBI SMF,29925,2023,2023:29925,2023,41349,1518082,0.0040086118870486485,411.0,True,False,-9.0,1,2023-12-10 18:09:00,-1.17514,103.48946,0,0,0,0
103.0397,-2.34083,2023-12-12 13:00:00,NASA,SNPP,Verified No fire,SUMSEL MUBA,29930,2023,2023:29930,2023,41354,1518354,0.0035136564997788906,390.0,True,False,-30.0,1,2023-12-12 06:30:00,-2.34084,103.03967,0,0,0,0
103.03903198,-2.34115219,2023-12-12 13:00:00,LAPAN,SNPP,Verified No fire,SUMSEL MUBA,29931,2023,2023:29931,2023,41355,1518354,0.07892915817262214,390.0,True,False,-30.0,1,2023-12-12 06:30:00,-2.34084,103.03967,0,0,0,0
102.89061,-1.04252,2023-12-14 01:00:00,NASA,SNPP,Verified No fire,JAMBI SMF,29934,2023,2023:29934,2023,41358,1518589,0.003516238981622762,367.0,True,False,-53.0,1,2023-12-13 18:53:00,-1.04249,102.89062,0,0,0,0
103.33498,-1.16765,2023-12-15 00:00:00,NASA,NOAA20,Verified No fire,JAMBI SMF,29946,2023,2023:29946,2023,41370,828133,0.0,376.0,True,False,-44.0,1,2023-12-14 17:44:00,-1.16765,103.33498,0,0,0,2
103.23939,-1.05874,2023-12-15 00:00:00,NASA,NOAA20,Verified No fire,JAMBI SMF,29951,2023,2023:29951,2023,41375,828134,0.0,376.0,True,False,-44.0,1,2023-12-14 17:44:00,-1.05874,103.23939,0,0,0,0
103.98612,-2.17199,2023-12-15 01:00:00,NASA,SNPP,Verified No fire,SUMSEL MUBA,29952,2023,2023:29952,2023,41376,1518767,0.004007201746320342,385.0,True,False,-35.0,1,2023-12-14 18:35:00,-2.17201,103.98615,0,0,0,0
103.36038208,-1.02364957,2023-12-15 01:00:00,LAPAN,SNPP,Verified No fire,JAMBI SMF,29953,2023,2023:29953,2023,41377,1518763,0.06711129714192433,386.0,True,False,-34.0,1,2023-12-14 18:34:00,-1.02333,103.35987,0,0,0,0
103.98661804,-2.17232537,2023-12-15 01:00:00,LAPAN,SNPP,Verified No fire,SUMSEL MUBA,29954,2023,2023:29954,2023,41378,1518767,0.06272476694426742,385.0,True,False,-35.0,1,2023-12-14 18:35:00,-2.17201,103.98615,0,0,0,0
103.35989,-1.02333,2023-12-15 01:00:00,NASA,SNPP,Verified No fire,JAMBI SMF,29958,2023,2023:29958,2023,41382,1518763,0.0022235469045684725,386.0,True,False,-34.0,1,2023-12-14 18:34:00,-1.02333,103.35987,0,0,0,0
103.79739,-2.10244,2023-12-16 01:00:00,NASA,SNPP,Verified No fire,SUMSEL MUBA,29962,2023,2023:29962,2023,41386,1519005,0.0011119508023577532,404.0,True,False,-16.0,1,2023-12-15 18:16:00,-2.10245,103.79739,0,0,0,0
103.3379,-1.16929,2023-12-16 01:00:00,NASA,SNPP,Verified No fire,JAMBI SMF,29963,2023,2023:29963,2023,41387,1518996,0.0031447443763184765,404.0,True,False,-16.0,1,2023-12-15 18:16:00,-1.16927,103.33788,0,0,0,0
103.07483,-2.30661,2023-12-16 13:00:00,NASA,NOAA20,Verified No fire,SUMSEL MUBA,29972,2023,2023:29972,2023,41396,828464,0.0,415.0,True,False,-5.0,1,2023-12-16 06:05:00,-2.30661,103.07483,0,0,0,0
103.37112,-1.1892,2023-12-17 01:00:00,NASA,NOAA20,Verified No fire,JAMBI SMF,29976,2023,2023:29976,2023,41400,828507,0.0,373.0,True,False,-47.0,1,2023-12-16 18:47:00,-1.1892,103.37112,0,0,0,0
103.37178802,-1.18881261,2023-12-17 01:00:00,LAPAN,NOAA20,Verified No fire,JAMBI SMF,29977,2023,2023:29977,2023,41401,828507,0.08585308581602,373.0,True,False,-47.0,1,2023-12-16 18:47:00,-1.1892,103.37112,0,0,0,0
105.90542603,-3.88036966,2023-12-18 13:00:00,LAPAN,SNPP,Verified No fire,SUMSEL,29978,2023,2023:29978,2023,41402,1519516,0.06963877733791506,403.0,True,False,-17.0,1,2023-12-18 06:17:00,-3.8805,105.90604,0,0,0,0
105.906,-3.88053,2023-12-18 13:00:00,NASA,SNPP,Verified No fire,SUMSEL,29979,2023,2023:29979,2023,41403,1519516,0.005551599583560206,403.0,True,False,-17.0,1,2023-12-18 06:17:00,-3.8805,105.90604,0,0,0,0
103.98787689,-2.17198944,2023-12-20 01:00:00,LAPAN,SNPP,Verified No fire,SUMSEL MUBA,29980,2023,2023:29980,2023,41404,1519748,0.09141802920037624,379.0,True,False,-41.0,1,2023-12-19 18:41:00,-2.17215,103.98707,0,0,0,0
103.98708,-2.17213,2023-12-20 01:00:00,NASA,SNPP,Verified No fire,SUMSEL MUBA,29981,2023,2023:29981,2023,41405,1519748,0.0024860403718900714,379.0,True,False,-41.0,1,2023-12-19 18:41:00,-2.17215,103.98707,0,0,0,0
103.79823,-2.10173,2023-12-20 01:00:00,NASA,SNPP,Verified No fire,SUMSEL MUBA,29982,2023,2023:29982,2023,41406,1519745,0.003514168348964434,379.0,True,False,-41.0,1,2023-12-19 18:41:00,-2.10172,103.79826,0,0,0,0
105.30067,-2.93337,2023-12-22 01:00:00,NASA,SNPP,Verified No fire,SUMSEL,29984,2023,2023:29984,2023,41408,1519989,0.017286565721233535,417.0,True,False,-3.0,1,2023-12-21 18:03:00,-2.93348,105.30078,0,0,2,2
103.98489,-2.17202,2023-12-22 01:00:00,NASA,NOAA20,Verified No fire,SUMSEL MUBA,29987,2023,2023:29987,2023,41411,829266,0.0,367.0,True,False,-53.0,1,2023-12-21 18:53:00,-2.17202,103.98489,0,0,0,0
103.38007,-2.53715,2023-12-23 01:00:00,NASA,NOAA20,Verified No fire,SUMSEL MUBA,29990,2023,2023:29990,2023,41414,829396,0.0,385.0,True,False,-35.0,1,2023-12-22 18:35:00,-2.53715,103.38007,0,0,0,0
103.244,-1.06177,2023-12-23 01:00:00,NASA,NOAA20,Verified No fire,JAMBI SMF,29992,2023,2023:29992,2023,41416,829392,0.0,386.0,True,False,-34.0,1,2023-12-22 18:34:00,-1.06177,103.244,0,0,0,0
103.38081,-1.20409,2023-12-24 02:00:00,NASA,SNPP,Verified No fire,JAMBI SMF,29997,2023,2023:29997,2023,41421,1520302,0.004972575562896291,414.0,True,False,-6.0,1,2023-12-23 19:06:00,-1.20413,103.38079,0,0,0,0
105.67727,-3.82684,2023-12-24 13:00:00,NASA,NOAA20,Fire inside Sitrep,SUMSEL,29999,2023,2023:29999,2023,41423,829632,0.0,365.0,True,False,-55.0,1,2023-12-24 06:55:00,-3.82684,105.67727,0,0,0,0
103.27736,-1.04145,2023-12-25 13:00:00,NASA,NOAA20,Verified No fire,JAMBI SMF,30000,2023,2023:30000,2023,41424,829766,0.0,383.0,True,False,-37.0,1,2023-12-25 06:37:00,-1.04145,103.27736,0,0,0,0
103.80031,-2.1009,2023-12-25 13:00:00,NASA,NOAA20,Verified No fire,SUMSEL MUBA,30001,2023,2023:30001,2023,41425,829762,0.0,383.0,True,False,-37.0,1,2023-12-25 06:37:00,-2.1009,103.80031,0,0,0,0
103.3401,-1.16824,2023-12-26 01:00:00,NASA,SNPP,Verified No fire,JAMBI SMF,30002,2023,2023:30002,2023,41426,1520533,0.010007557221003658,392.0,True,False,-28.0,1,2023-12-25 18:28:00,-1.16833,103.3401,0,0,0,0
103.38302,-2.53936,2023-12-27 01:00:00,NASA,SNPP,Verified No fire,SUMSEL MUBA,30005,2023,2023:30005,2023,41429,1520653,0.001571763999529064,410.0,True,False,-10.0,1,2023-12-26 18:10:00,-2.53935,103.38303,0,0,0,0
103.98635,-2.17163,2023-12-27 01:00:00,NASA,SNPP,Verified No fire,SUMSEL MUBA,30006,2023,2023:30006,2023,41430,1520652,0.008089749107938407,410.0,True,False,-10.0,1,2023-12-26 18:10:00,-2.17161,103.98642,0,0,1,1
103.98697662,-2.17204809,2023-12-27 01:00:00,LAPAN,SNPP,Verified No fire,SUMSEL MUBA,30007,2023,2023:30007,2023,41431,1520652,0.07872923570213208,410.0,True,False,-10.0,1,2023-12-26 18:10:00,-2.17161,103.98642,0,0,1,1
103.98605,-2.17077,2023-12-27 02:00:00,NASA,NOAA20,Verified No fire,SUMSEL MUBA,30008,2023,2023:30008,2023,41432,829962,0.0,420.0,True,False,0.0,1,2023-12-26 19:00:00,-2.17077,103.98605,0,0,1,1
103.38213,-1.20262,2023-12-28 00:00:00,NASA,SNPP,Verified No fire,JAMBI SMF,30009,2023,2023:30009,2023,41433,1520811,0.008964803592670288,369.0,True,False,-51.0,1,2023-12-27 17:51:00,-1.2027,103.38212,0,0,0,0
103.36935,-1.19076,2023-12-28 01:00:00,NASA,NOAA20,Verified No fire,JAMBI SMF,30013,2023,2023:30013,2023,41437,830093,0.0,379.0,True,False,-41.0,1,2023-12-27 18:41:00,-1.19076,103.36935,0,0,0,1
103.36987305,-1.19040895,2023-12-28 01:00:00,LAPAN,NOAA20,Verified No fire,JAMBI SMF,30014,2023,2023:30014,2023,41438,830093,0.07003518578105604,379.0,True,False,-41.0,1,2023-12-27 18:41:00,-1.19076,103.36935,0,0,0,1
103.48408,-1.22059,2023-12-28 13:00:00,NASA,SNPP,Verified No fire,JAMBI SMF,30017,2023,2023:30017,2023,41441,1520874,0.0035162174003831362,389.0,True,False,-31.0,1,2023-12-28 06:31:00,-1.22062,103.48409,0,0,0,0
103.017,-2.29981,2023-12-28 14:00:00,NASA,Aqua,Verified No fire,SUMSEL MUBA,30018,2023,2023:30018,2023,41442,142531,0.04692431067287809,415.0,True,False,-5.0,1,2023-12-28 07:05:00,-2.2994,103.0169,0,0,0,0
103.37289,-1.19007,2023-12-31 01:00:00,NASA,SNPP,Verified No fire,JAMBI SMF,30027,2023,2023:30027,2023,41451,1521171,0.004717098932399418,385.0,True,False,-35.0,1,2023-12-30 18:35:00,-1.1901,103.37292,0,0,0,0
103.37361145,-1.19001269,2023-12-31 01:00:00,LAPAN,SNPP,Verified No fire,JAMBI SMF,30028,2023,2023:30028,2023,41452,1521171,0.07747990767374476,385.0,True,False,-35.0,1,2023-12-30 18:35:00,-1.1901,103.37292,0,0,0,0
105.74759,-3.63549,2023-12-31 13:00:00,NASA,NOAA20,Verified No fire,SUMSEL,30029,2023,2023:30029,2023,41453,830534,0.0,396.0,True,False,-24.0,1,2023-12-31 06:24:00,-3.63549,105.74759,0,0,0,0
105.74727631,-3.63586259,2023-12-31 13:00:00,LAPAN,NOAA20,Verified No fire,SUMSEL,30030,2023,2023:30030,2023,41454,830534,0.054113179729763185,396.0,True,False,-24.0,1,2023-12-31 06:24:00,-3.63549,105.74759,0,0,0,0
