year,sid,customer_rows,providers,distinct_providers,max_distance_km
2019,18316.0,2,LAPAN,1,0.3363369024318824
2019,18323.0,2,LAPAN,1,0.4850244586727681
2019,18325.0,2,LAPAN,1,0.48323859563843835
2019,18348.0,2,LAPAN,1,0.18586481370292038
2019,18355.0,2,LAPAN,1,0.3925719766178829
2019,23742.0,2,LAPAN,1,0.050313911493614166
2019,24052.0,2,LAPAN,1,0.44038894276687124
2019,24054.0,2,LAPAN,1,0.3845807799845182
2019,24084.0,2,LAPAN,1,0.32319335338855737
2019,27516.0,2,LAPAN,1,0.11398379436319112
2019,28110.0,2,LAPAN,1,0.16419916592854636
2019,28150.0,2,LAPAN,1,0.14896923600339512
2019,41909.0,2,LAPAN,1,0.42822115992831306
2019,41916.0,2,LAPAN,1,0.3490591712122888
2019,41917.0,2,LAPAN,1,0.3440857296481942
2019,41928.0,2,LAPAN,1,0.16715089784634138
2019,41936.0,2,LAPAN,1,0.30571793608534814
2019,41938.0,2,LAPAN,1,0.1311790762252183
2019,42015.0,2,LAPAN,1,0.36119991644367866
2019,42059.0,2,LAPAN,1,0.34705739714019856
2019,56453.0,2,LAPAN,1,0.11703842573985582
2019,56502.0,2,LAPAN,1,0.1103898651458099
2019,56529.0,2,LAPAN,1,0.12776652088974902
2019,56585.0,2,LAPAN,1,0.10694838650032773
2019,56623.0,2,LAPAN,1,0.13028603234726005
2019,56625.0,2,LAPAN,1,0.13759231174618025
2019,56627.0,2,LAPAN,1,0.1420778022318784
2019,56680.0,2,LAPAN,1,0.15616214598940084
2019,56701.0,2,LAPAN,1,0.1336365148145836
2019,56703.0,2,LAPAN,1,0.13048859803875662
2019,56711.0,2,LAPAN,1,0.15753432852947397
2019,56721.0,2,LAPAN,1,0.15588280853588432
2019,56723.0,2,LAPAN,1,0.16166869111130475
2019,56736.0,2,LAPAN,1,0.13201336999635002
2019,56738.0,2,LAPAN,1,0.1335936389684349
2019,65432.0,2,LAPAN,1,0.499611974906771
2019,65981.0,2,LAPAN,1,0.49179594399807214
2019,65999.0,2,LAPAN,1,0.4077609067797086
2019,66007.0,2,LAPAN,1,0.4260747595831
2019,66013.0,2,LAPAN,1,0.41774282404291246
2019,66031.0,2,LAPAN,1,0.12261786172161981
2019,66037.0,2,LAPAN,1,0.3816875556777912
2019,66039.0,2,LAPAN,1,0.3558948116506475
2019,66045.0,2,LAPAN,1,0.28542487254016885
2019,66046.0,2,LAPAN,1,0.498981223323385
2019,66058.0,2,LAPAN,1,0.4540998441160772
2019,66060.0,2,LAPAN,1,0.30619692820590666
2019,66065.0,2,LAPAN,1,0.4357117425199808
2019,66067.0,2,LAPAN,1,0.4173994681787445
2019,66078.0,2,LAPAN,1,0.2817464910989178
2019,66086.0,2,LAPAN,1,0.15056106825096938
2019,66150.0,2,LAPAN,1,0.42311399507035774
2019,66160.0,2,LAPAN,1,0.42637805067970547
2019,66162.0,2,LAPAN,1,0.11151827432085067
2019,66167.0,2,LAPAN,1,0.36463503693457167
2019,66239.0,2,LAPAN,1,0.04943874155889356
2019,66243.0,2,LAPAN,1,0.46849994483368834
2019,66248.0,2,LAPAN,1,0.21767246379492758
2019,66249.0,2,LAPAN,1,0.39724364633584724
2019,66251.0,2,LAPAN,1,0.11390683984274579
2019,66253.0,2,LAPAN,1,0.4377085252539842
2019,66254.0,2,LAPAN,1,0.47640496375218305
2019,66255.0,2,LAPAN,1,0.17832119199153632
2019,66287.0,2,LAPAN,1,0.10556600315298062
2019,66290.0,2,LAPAN,1,0.45817606802298955
2019,66308.0,2,LAPAN,1,0.32830430082714857
2019,66325.0,2,LAPAN,1,0.05651445233477963
2019,66338.0,2,LAPAN,1,0.3455038476736273
2019,66387.0,2,LAPAN,1,0.32818198217139355
2019,66389.0,2,LAPAN,1,0.14516570900506728
2019,66392.0,2,LAPAN,1,0.2495130197125778
2019,70276.0,2,LAPAN,1,0.429477290206987
2019,81960.0,2,LAPAN,1,0.41944389690149025
2019,83186.0,2,LAPAN,1,0.3380450576440056
2019,83188.0,2,LAPAN,1,0.4970057965041612
2019,83195.0,2,LAPAN,1,0.4736219236949272
2019,83216.0,2,LAPAN,1,0.1940026012497253
2019,83217.0,2,LAPAN,1,0.27183798940589743
2019,83231.0,2,LAPAN,1,0.13816165989248416
2019,83244.0,2,LAPAN,1,0.20233661995842758
2019,83251.0,2,LAPAN,1,0.38693610232889336
2019,83255.0,2,LAPAN,1,0.14389630927813013
2019,83261.0,2,LAPAN,1,0.24962372545256134
2019,83282.0,2,LAPAN,1,0.16845609029444336
2019,83315.0,2,LAPAN,1,0.19370456144586012
2019,83360.0,2,LAPAN,1,0.3093399909275682
2019,84088.0,2,LAPAN,1,0.2672529619224478
2019,84091.0,2,LAPAN,1,0.44416594406074056
2019,84112.0,2,LAPAN,1,0.20271661684101008
2019,84124.0,2,LAPAN,1,0.13993741368090393
2019,85431.0,2,LAPAN,1,0.2298717617850116
2019,85494.0,2,LAPAN,1,0.3473124226371496
2019,85498.0,2,LAPAN,1,0.16554967791883063
2019,85551.0,2,LAPAN,1,0.16565920874899154
2019,85564.0,2,LAPAN,1,0.3948760639751969
2019,85591.0,2,LAPAN,1,0.2408189689937154
2019,85618.0,2,LAPAN,1,0.17678537752115683
2019,403788.0,2,ASMC,1,0.2934006212749162
2019,403814.0,2,ASMC,1,0.3842231661311831
2019,404080.0,2,ASMC,1,0.25719285818410953
2019,412160.0,2,ASMC,1,0.36759912334414585
2019,412330.0,2,ASMC,1,0.31576045475586056
2019,442198.0,2,ASMC,1,0.35369329647328174
2019,457023.0,2,ASMC,1,0.2791201298651921
2019,457549.0,2,ASMC,1,0.34984225488576526
2019,468686.0,2,ASMC,1,0.31374266494219005
2019,468756.0,2,ASMC,1,0.47395358332285686
2019,475524.0,2,ASMC,1,0.40867535488981843
2019,475570.0,2,ASMC,1,0.397121485951844
2019,475675.0,2,ASMC,1,0.3678123019477837
2019,476016.0,2,ASMC,1,0.3871305373315574
2019,476102.0,2,ASMC,1,0.36228160526606645
2019,476542.0,2,ASMC,1,0.4811680001783915
2019,481198.0,2,ASMC,1,0.3406265921969452
2019,481235.0,2,ASMC,1,0.31932501559563814
2019,482047.0,2,ASMC,1,0.4034773273712923
2019,519518.0,2,ASMC,1,0.4065870835271546
2019,519656.0,2,ASMC,1,0.24916526811749903
2019,519659.0,2,ASMC,1,0.2523965589224378
2019,520070.0,2,ASMC,1,0.48243706675799475
2019,520071.0,2,ASMC,1,0.3013714315380072
2019,522286.0,2,ASMC,1,0.3831260629138792
2019,525854.0,2,ASMC,1,0.2812789207109862
2019,541287.0,2,ASMC,1,0.270757646632353
2019,541289.0,2,ASMC,1,0.2641072120447724
2019,541498.0,2,ASMC,1,0.2883288464258943
2019,541563.0,2,ASMC,1,0.37803364668178474
2019,550088.0,2,ASMC,1,0.44589784341284827
2019,552271.0,2,ASMC,1,0.45984411416963444
2019,552330.0,2,ASMC,1,0.43032891361372794
2019,574255.0,2,ASMC,1,0.47000704589764075
2019,875410.0,2,LAPAN,1,0.45705760015113195
2019,924270.0,2,LAPAN,1,0.3891922600209964
2019,924369.0,2,LAPAN,1,0.33134862255508085
2019,974005.0,2,LAPAN,1,0.4924333053278195
2019,975075.0,2,LAPAN,1,0.45114534785855276
2019,975914.0,2,LAPAN,1,0.13081200546615476
2019,1032438.0,2,LAPAN,1,0.3048451333100155
2019,1098821.0,2,LAPAN,1,0.26827005582745767
2019,1098825.0,2,LAPAN,1,0.2600618887682715
2019,1155039.0,2,LAPAN,1,0.48793186617310924
2019,1155059.0,2,LAPAN,1,0.36633144398862705
2019,1173370.0,2,LAPAN,1,0.35395998987926847
2019,1173389.0,2,LAPAN,1,0.4883104582279855
2019,1173403.0,2,LAPAN,1,0.4442575137810015
2019,1173425.0,2,LAPAN,1,0.30949967766974457
2019,1174084.0,2,LAPAN,1,0.32352790515452734
2019,1174094.0,2,LAPAN,1,0.303466449898875
2019,1258048.0,2,LAPAN,1,0.34506376723617155
2019,1258057.0,2,LAPAN,1,0.27006840543293575
2019,1258101.0,2,LAPAN,1,0.3390617322007986
2023,93801.0,2,NASA,1,0.14137205154349072
2023,93856.0,2,NASA,1,0.17407667977481617
2023,93858.0,2,NASA,1,0.17146851003054633
2023,115884.0,2,"LAPAN, NASA",2,0.30240925827631493
2023,115924.0,2,"LAPAN, NASA",2,0.14084711913218165
2023,117072.0,2,"LAPAN, NASA",2,0.062363832818543324
2023,117108.0,2,"LAPAN, NASA",2,0.05919429075955314
2023,117110.0,2,"LAPAN, NASA",2,0.05577463967901489
2023,117111.0,2,"LAPAN, NASA",2,0.05237902615067343
2023,122045.0,2,"LAPAN, NASA",2,0.3200030246990679
2023,123373.0,2,"LAPAN, NASA",2,0.42825741618675184
2023,123375.0,2,"LAPAN, NASA",2,0.4257818466405702
2023,123377.0,2,"LAPAN, NASA",2,0.42966432554089695
2023,123378.0,2,"LAPAN, NASA",2,0.4252508872875683
2023,123379.0,2,"LAPAN, NASA",2,0.42575757666460246
2023,125307.0,2,"LAPAN, NASA",2,0.30648088300970916
2023,125308.0,2,"LAPAN, NASA",2,0.30824605469493116
2023,125309.0,2,"LAPAN, NASA",2,0.3114190163271244
2023,125310.0,2,"LAPAN, NASA",2,0.31073814139495903
2023,125311.0,2,"LAPAN, NASA",2,0.3114189836273818
2023,126338.0,2,"LAPAN, NASA",2,0.23701353791830965
2023,126856.0,2,"LAPAN, NASA",2,0.09741556881543013
2023,126860.0,2,"LAPAN, NASA",2,0.10263524179073796
2023,126861.0,2,"LAPAN, NASA",2,0.10483310741362703
2023,126868.0,2,"LAPAN, NASA",2,0.1028402438283218
2023,126881.0,2,"LAPAN, NASA",2,0.09684135745642777
2023,126882.0,2,"LAPAN, NASA",2,0.09881892284871471
2023,126883.0,2,"LAPAN, NASA",2,0.10042300497448173
2023,126907.0,2,"LAPAN, NASA",2,0.10044648859987716
2023,126908.0,2,"LAPAN, NASA",2,0.10000755364244743
2023,126909.0,2,"LAPAN, NASA",2,0.10177895656020629
2023,126910.0,2,"LAPAN, NASA",2,0.10492922269988779
2023,126945.0,2,"LAPAN, NASA",2,0.09810985395753759
2023,126948.0,2,"LAPAN, NASA",2,0.10610066393794457
2023,126955.0,2,"LAPAN, NASA",2,0.09644430587614472
2023,126956.0,2,"LAPAN, NASA",2,0.10551753977951593
2023,126961.0,2,"LAPAN, NASA",2,0.0961843508558619
2023,126962.0,2,"LAPAN, NASA",2,0.10576375561013297
2023,126982.0,2,"LAPAN, NASA",2,0.0986907301008343
2023,126983.0,2,"LAPAN, NASA",2,0.09723389234574394
2023,126985.0,2,"LAPAN, NASA",2,0.0988817680548807
2023,126986.0,2,"LAPAN, NASA",2,0.09775188452467984
2023,126987.0,2,"LAPAN, NASA",2,0.10723918951406108
2023,127034.0,2,"LAPAN, NASA",2,0.10067417276161168
2023,127046.0,2,"LAPAN, NASA",2,0.09778721402655152
2023,127282.0,2,"LAPAN, NASA",2,0.16273241427124205
2023,127287.0,2,"LAPAN, NASA",2,0.15618843194893392
2023,127288.0,2,"LAPAN, NASA",2,0.16056978596334998
2023,128061.0,2,"LAPAN, NASA",2,0.10918941951133082
2023,128063.0,2,"LAPAN, NASA",2,0.11296857739116514
2023,128064.0,2,"LAPAN, NASA",2,0.11433290590018245
2023,128355.0,2,"LAPAN, NASA",2,0.08814332124462337
2023,130036.0,2,"LAPAN, NASA",2,0.142852578333389
2023,130039.0,2,"LAPAN, NASA",2,0.14440437093837474
2023,130040.0,2,"LAPAN, NASA",2,0.14506805380457038
2023,130044.0,2,"LAPAN, NASA",2,0.14895268409005613
2023,130045.0,2,"LAPAN, NASA",2,0.1483929449074164
2023,130046.0,2,"LAPAN, NASA",2,0.1460881181305694
2023,130047.0,2,"LAPAN, NASA",2,0.14157087436541346
2023,130205.0,2,"LAPAN, NASA",2,0.04226869211482807
2023,130220.0,2,"LAPAN, NASA",2,0.03891827808177549
2023,130227.0,2,"LAPAN, NASA",2,0.034914038902547656
2023,130230.0,2,"LAPAN, NASA",2,0.035107442909368555
2023,130231.0,2,"LAPAN, NASA",2,0.03425072649849785
2023,130238.0,2,"LAPAN, NASA",2,0.0375073640900728
2023,130240.0,2,"LAPAN, NASA",2,0.03906036510680715
2023,130241.0,2,"LAPAN, NASA",2,0.03669437647706095
2023,130242.0,2,"LAPAN, NASA",2,0.03642021081515754
2023,130243.0,2,"LAPAN, NASA",2,0.03782260531923552
2023,130263.0,2,"LAPAN, NASA",2,0.03559972786840444
2023,130269.0,2,"LAPAN, NASA",2,0.042312389303159816
2023,130273.0,2,"LAPAN, NASA",2,0.04248670055158882
2023,130274.0,2,"LAPAN, NASA",2,0.033376981995030246
2023,130282.0,2,"LAPAN, NASA",2,0.03782261720449741
2023,130283.0,2,"LAPAN, NASA",2,0.038934103070552374
2023,130284.0,2,"LAPAN, NASA",2,0.03883512589760532
2023,130303.0,2,"LAPAN, NASA",2,0.03588902011386503
2023,130304.0,2,"LAPAN, NASA",2,0.03452040484436404
2023,130306.0,2,"LAPAN, NASA",2,0.03891827808175841
2023,130307.0,2,"LAPAN, NASA",2,0.03671116297300359
2023,130309.0,2,"LAPAN, NASA",2,0.03533544847639653
2023,130311.0,2,"LAPAN, NASA",2,0.04100353696006803
2023,130324.0,2,"LAPAN, NASA",2,0.035858535641802775
2023,130325.0,2,"LAPAN, NASA",2,0.03729423105700673
2023,130326.0,2,"LAPAN, NASA",2,0.03711199411508064
2023,130327.0,2,"LAPAN, NASA",2,0.040030228883973826
2023,130331.0,2,"LAPAN, NASA",2,0.0388357671603361
2023,130332.0,2,"LAPAN, NASA",2,0.03558242567474062
2023,130335.0,2,"LAPAN, NASA",2,0.04186997074069553
2023,130391.0,2,"LAPAN, NASA",2,0.043493936981843444
2023,130392.0,2,"LAPAN, NASA",2,0.04151539550394267
2023,130393.0,2,"LAPAN, NASA",2,0.04231249663670973
2023,130606.0,2,"LAPAN, NASA",2,0.013024352563024946
2023,131772.0,2,"LAPAN, NASA",2,0.12103138284089211
2023,131773.0,2,"LAPAN, NASA",2,0.11388074847235616
2023,131811.0,2,"LAPAN, NASA",2,0.11297600125369583
2023,131817.0,2,"LAPAN, NASA",2,0.1148348242991065
2023,131818.0,2,"LAPAN, NASA",2,0.11427026597262967
2023,131824.0,2,"LAPAN, NASA",2,0.11794919327780694
2023,131825.0,2,"LAPAN, NASA",2,0.1126046595909538
2023,131871.0,2,"LAPAN, NASA",2,0.11041004237825552
2023,131872.0,2,"LAPAN, NASA",2,0.11626194320777712
2023,131876.0,2,"LAPAN, NASA",2,0.11427164332028758
2023,132569.0,2,"LAPAN, NASA",2,0.08673216258215967
2023,132887.0,2,"LAPAN, NASA",2,0.2156411558427647
2023,132888.0,2,"LAPAN, NASA",2,0.22053820733350876
2023,132889.0,2,"LAPAN, NASA",2,0.21404820737309577
2023,132890.0,2,"LAPAN, NASA",2,0.21765061406415406
2023,132891.0,2,"LAPAN, NASA",2,0.21432752028802987
2023,132892.0,2,"LAPAN, NASA",2,0.21132891954815178
2023,132893.0,2,"LAPAN, NASA",2,0.2128087853033685
2023,132894.0,2,"LAPAN, NASA",2,0.20869246376219108
2023,132895.0,2,"LAPAN, NASA",2,0.21121507565896475
2023,132896.0,2,"LAPAN, NASA",2,0.21820223676049535
2023,132898.0,2,"LAPAN, NASA",2,0.20999995496272805
2023,132899.0,2,"LAPAN, NASA",2,0.21529143762110692
2023,132900.0,2,"LAPAN, NASA",2,0.20977930643036138
2023,132901.0,2,"LAPAN, NASA",2,0.21453437318823732
2023,132903.0,2,"LAPAN, NASA",2,0.216642334657661
2023,132904.0,2,"LAPAN, NASA",2,0.21365862655932735
2023,132905.0,2,"LAPAN, NASA",2,0.21765046195258644
2023,132906.0,2,"LAPAN, NASA",2,0.21866523277440167
2023,132907.0,2,"LAPAN, NASA",2,0.2109082456513002
2023,132909.0,2,"LAPAN, NASA",2,0.2142323510665131
2023,132910.0,2,"LAPAN, NASA",2,0.21956526037256224
2023,132956.0,2,"LAPAN, NASA",2,0.21674662681254614
2023,132965.0,2,"LAPAN, NASA",2,0.21198217788585497
2023,132966.0,2,"LAPAN, NASA",2,0.21501500117949673
2023,132973.0,2,"LAPAN, NASA",2,0.21022168758409018
2023,132976.0,2,"LAPAN, NASA",2,0.21378095392803265
2023,132977.0,2,"LAPAN, NASA",2,0.21845962837974045
2023,132978.0,2,"LAPAN, NASA",2,0.21885559945426378
2023,132980.0,2,"LAPAN, NASA",2,0.2125516799947149
2023,132981.0,2,"LAPAN, NASA",2,0.217494610295118
2023,132982.0,2,"LAPAN, NASA",2,0.2170951274705715
2023,132984.0,2,"LAPAN, NASA",2,0.21110549011620452
2023,133737.0,2,"LAPAN, NASA",2,0.01337907089729633
2023,133741.0,2,"LAPAN, NASA",2,0.010997116290062493
2023,133744.0,2,"LAPAN, NASA",2,0.006474771826690094
2023,133745.0,2,"LAPAN, NASA",2,0.007111575868415793
2023,134259.0,2,"LAPAN, NASA",2,0.11532496036948167
2023,134266.0,2,"LAPAN, NASA",2,0.11504424082546612
2023,134273.0,2,"LAPAN, NASA",2,0.11637052183387746
2023,134945.0,2,"LAPAN, NASA",2,0.07258282061048592
2023,134946.0,2,"LAPAN, NASA",2,0.07241297490213006
2023,134948.0,2,"LAPAN, NASA",2,0.07130314526950168
2023,135015.0,2,"LAPAN, NASA",2,0.17377602825817384
2023,135016.0,2,"LAPAN, NASA",2,0.17989528157989257
2023,135017.0,2,"LAPAN, NASA",2,0.17439879422933297
2023,135018.0,2,"LAPAN, NASA",2,0.17912107192855362
2023,135213.0,2,"LAPAN, NASA",2,0.12233977481642598
2023,135214.0,2,"LAPAN, NASA",2,0.12979012569153967
2023,135216.0,2,"LAPAN, NASA",2,0.130895262526463
2023,135218.0,2,"LAPAN, NASA",2,0.12095368326993794
2023,135221.0,2,"LAPAN, NASA",2,0.12283681890230766
2023,135234.0,2,"LAPAN, NASA",2,0.12524824649996721
2023,135239.0,2,"LAPAN, NASA",2,0.12414288834966763
2023,135240.0,2,"LAPAN, NASA",2,0.1277109667094474
2023,135252.0,2,"LAPAN, NASA",2,0.12660753843467673
2023,135253.0,2,"LAPAN, NASA",2,0.13035895442952264
2023,135256.0,2,"LAPAN, NASA",2,0.12503282230723334
2023,135263.0,2,"LAPAN, NASA",2,0.12376141735250705
2023,135300.0,2,"LAPAN, NASA",2,0.12193141828651115
2023,136891.0,2,"LAPAN, NASA",2,0.19808510923363806
2023,136893.0,2,"LAPAN, NASA",2,0.2003724894153714
2023,136971.0,2,"LAPAN, NASA",2,0.2018750729087291
2023,136972.0,2,"LAPAN, NASA",2,0.19642459821167935
2023,137019.0,2,"LAPAN, NASA",2,0.19551074191026324
2023,137031.0,2,"LAPAN, NASA",2,0.19409165794771527
2023,137032.0,2,"LAPAN, NASA",2,0.19172201117135856
2023,137053.0,2,"LAPAN, NASA",2,0.19511339735497257
2023,137054.0,2,"LAPAN, NASA",2,0.19494629042728176
2023,137055.0,2,"LAPAN, NASA",2,0.20022127586913216
2023,137056.0,2,"LAPAN, NASA",2,0.1963741444828446
2023,137057.0,2,"LAPAN, NASA",2,0.1923682729810839
2023,137058.0,2,"LAPAN, NASA",2,0.1931635736862062
2023,137062.0,2,"LAPAN, NASA",2,0.1942330936249608
2023,137065.0,2,"LAPAN, NASA",2,0.19906316714532865
2023,137069.0,2,"LAPAN, NASA",2,0.19920795596980775
2023,137070.0,2,"LAPAN, NASA",2,0.19499735544856125
2023,137256.0,2,"LAPAN, NASA",2,0.4000945559594355
2023,137257.0,2,"LAPAN, NASA",2,0.40272787492595974
2023,137260.0,2,"LAPAN, NASA",2,0.39788797440932094
2023,137518.0,2,"LAPAN, NASA",2,0.15443613194653358
2023,138113.0,2,"LAPAN, NASA",2,0.04176493970626673
2023,138137.0,2,"LAPAN, NASA",2,0.0361516131352109
2023,138158.0,2,"LAPAN, NASA",2,0.04033982746145127
2023,138173.0,2,"LAPAN, NASA",2,0.04302550112891513
2023,138174.0,2,"LAPAN, NASA",2,0.03901557953701185
2023,138522.0,2,"LAPAN, NASA",2,0.07092428997941616
2023,139175.0,2,"LAPAN, NASA",2,0.1626979279617129
2023,139177.0,2,"LAPAN, NASA",2,0.15852860416073875
2023,139178.0,2,"LAPAN, NASA",2,0.15994536543218366
2023,139179.0,2,"LAPAN, NASA",2,0.15724663034447714
2023,139188.0,2,"LAPAN, NASA",2,0.16746932072870419
2023,139193.0,2,"LAPAN, NASA",2,0.16637008048823373
2023,139195.0,2,"LAPAN, NASA",2,0.16165210258188042
2023,139196.0,2,"LAPAN, NASA",2,0.16707946353578573
2023,139198.0,2,"LAPAN, NASA",2,0.1632413004145364
2023,139200.0,2,"LAPAN, NASA",2,0.15977402204843458
2023,139205.0,2,"LAPAN, NASA",2,0.1590208445054767
2023,139435.0,2,"LAPAN, NASA",2,0.18397635778231405
2023,139438.0,2,"LAPAN, NASA",2,0.18021219442894412
2023,140167.0,2,"LAPAN, NASA",2,0.4338281971239562
2023,140168.0,2,"LAPAN, NASA",2,0.4295241116756085
2023,583909.0,2,"LAPAN, NASA",2,0.0356191874221509
2023,583959.0,2,"LAPAN, NASA",2,0.04917479590861732
2023,583960.0,2,"LAPAN, NASA",2,0.051270424823259254
2023,584362.0,2,"LAPAN, NASA",2,0.11671171413210779
2023,584368.0,2,"LAPAN, NASA",2,0.08228295402925499
2023,584429.0,2,"LAPAN, NASA",2,0.03312668412960249
2023,584430.0,2,"LAPAN, NASA",2,0.018622533119228
2023,584438.0,2,"LAPAN, NASA",2,0.034098241903826494
2023,584439.0,2,"LAPAN, NASA",2,0.02355765476106861
2023,585038.0,2,"LAPAN, NASA",2,0.03148997786876508
2023,585039.0,2,"LAPAN, NASA",2,0.03242775924219935
2023,585040.0,2,"LAPAN, NASA",2,0.03298113812807049
2023,585041.0,2,"LAPAN, NASA",2,0.032792424334054646
2023,585044.0,2,"LAPAN, NASA",2,0.015559436444164229
2023,585295.0,2,"LAPAN, NASA",2,0.06154153204110547
2023,585296.0,2,"LAPAN, NASA",2,0.12232654363848142
2023,585297.0,2,"LAPAN, NASA",2,0.061341952820005326
2023,585298.0,2,"LAPAN, NASA",2,0.06095162095358575
2023,585623.0,2,"LAPAN, NASA",2,0.04013260450651749
2023,585624.0,2,"LAPAN, NASA",2,0.039359471809368184
2023,585625.0,2,"LAPAN, NASA",2,0.02249451330229635
2023,585809.0,2,"LAPAN, NASA",2,0.08713639310561537
2023,585810.0,2,"LAPAN, NASA",2,0.08611698338046743
2023,587200.0,2,"LAPAN, NASA",2,0.02073302455639975
2023,587201.0,2,"LAPAN, NASA",2,0.01975352055316687
2023,587427.0,2,"LAPAN, NASA",2,0.00661788072656961
2023,587433.0,2,"LAPAN, NASA",2,0.006555644570748339
2023,587436.0,2,"LAPAN, NASA",2,0.006084664332058076
2023,587745.0,2,"LAPAN, NASA",2,0.018168537042086663
2023,588282.0,2,"LAPAN, NASA",2,0.010041566205948012
2023,588283.0,2,"LAPAN, NASA",2,0.009627295215085289
2023,589155.0,2,"LAPAN, NASA",2,0.0045828550309608964
2023,589161.0,2,"LAPAN, NASA",2,0.015983536023078254
2023,589164.0,2,"LAPAN, NASA",2,0.004549733047312984
2023,589166.0,2,"LAPAN, NASA",2,0.015938459117265193
2023,589319.0,2,"LAPAN, NASA",2,0.024617956197568857
2023,589320.0,2,"LAPAN, NASA",2,0.00635901433738595
2023,589321.0,2,"LAPAN, NASA",2,0.025348499680775113
2023,589415.0,2,"LAPAN, NASA",2,0.005822293031361118
2023,589868.0,2,"LAPAN, NASA",2,0.008082322109030515
2023,589932.0,2,"LAPAN, NASA",2,0.005014975131429724
2023,590020.0,2,"LAPAN, NASA",2,0.009463691016035669
2023,590021.0,2,"LAPAN, NASA",2,0.04217792300185097
2023,590022.0,2,"LAPAN, NASA",2,0.03956501606802342
2023,590172.0,2,"LAPAN, NASA",2,0.0215616280106406
2023,590286.0,2,"LAPAN, NASA",2,0.01660982428856502
2023,590287.0,2,"LAPAN, NASA",2,0.016801207235203525
2023,590301.0,2,"LAPAN, NASA",2,0.023837798688094932
2023,590398.0,2,"LAPAN, NASA",2,0.013207355406149696
2023,590399.0,2,"LAPAN, NASA",2,0.014122647918347551
2023,590416.0,2,"LAPAN, NASA",2,0.006707905927215664
2023,591740.0,2,"LAPAN, NASA",2,0.010098907266802794
2023,591741.0,2,"LAPAN, NASA",2,0.00952424719633701
2023,591742.0,2,"LAPAN, NASA",2,0.03268031115000372
2023,591743.0,2,"LAPAN, NASA",2,0.03244792742296532
2023,591842.0,2,"LAPAN, NASA",2,0.009299280363341215
2023,591917.0,2,"LAPAN, NASA",2,0.008961267852733379
2023,592062.0,2,"LAPAN, NASA",2,0.01644270286365521
2023,592063.0,2,"LAPAN, NASA",2,0.015932350858694915
2023,593403.0,2,"LAPAN, NASA",2,0.007331857938732114
2023,593408.0,2,"LAPAN, NASA",2,0.010573468183031941
2023,593633.0,2,"LAPAN, NASA",2,0.010152598205938146
2023,593634.0,2,"LAPAN, NASA",2,0.014661877119031726
2023,593635.0,2,"LAPAN, NASA",2,0.01450918490077965
2023,593916.0,2,"LAPAN, NASA",2,0.039627629708039104
2023,594636.0,2,"LAPAN, NASA",2,0.012857528093671418
2023,595263.0,2,"LAPAN, NASA",2,0.006310431665627874
2023,595385.0,2,"LAPAN, NASA",2,0.022874547974071246
2023,595387.0,2,"LAPAN, NASA",2,0.057216338667001126
2023,595388.0,2,"LAPAN, NASA",2,0.057974360594027996
2023,595919.0,2,"LAPAN, NASA",2,0.01584155860431804
2023,595933.0,2,"LAPAN, NASA",2,0.015621921544801567
2023,596179.0,2,"LAPAN, NASA",2,0.012136321794543605
2023,596182.0,2,"LAPAN, NASA",2,0.006726934803849846
2023,597270.0,2,"LAPAN, NASA",2,0.013279479184636485
2023,597287.0,2,"LAPAN, NASA",2,0.013363312253071233
2023,597288.0,2,"LAPAN, NASA",2,0.013304452431067506
2023,597289.0,2,"LAPAN, NASA",2,0.014131496471143387
2023,597495.0,2,"LAPAN, NASA",2,0.026276119278759676
2023,597496.0,2,"LAPAN, NASA",2,0.026748768064881336
2023,597497.0,2,"LAPAN, NASA",2,0.027653456318545287
2023,597665.0,2,"LAPAN, NASA",2,0.013934878732641539
2023,598803.0,2,"LAPAN, NASA",2,0.01297498610517159
2023,598893.0,2,"LAPAN, NASA",2,0.0420752060449804
2023,598894.0,2,"LAPAN, NASA",2,0.04317638576729946
2023,599453.0,2,"LAPAN, NASA",2,0.0072395102046470886
2023,599692.0,2,"LAPAN, NASA",2,0.004901903914661431
2023,599694.0,2,"LAPAN, NASA",2,0.005127971100723057
2023,600199.0,2,"LAPAN, NASA",2,0.0037345233710601184
2023,600382.0,2,"LAPAN, NASA",2,0.05648852285693515
2023,600385.0,2,"LAPAN, NASA",2,0.05510625991494037
2023,600386.0,2,"LAPAN, NASA",2,0.04024715929526398
2023,600396.0,2,"LAPAN, NASA",2,0.027046642965697816
2023,600397.0,2,"LAPAN, NASA",2,0.04172948147918794
2023,600560.0,2,"LAPAN, NASA",2,0.002677422408443103
2023,601014.0,2,"LAPAN, NASA",2,0.004995182191134584
2023,601016.0,2,"LAPAN, NASA",2,0.014568594968938878
2023,601017.0,2,"LAPAN, NASA",2,0.014884807911143437
2023,601348.0,2,"LAPAN, NASA",2,0.002151886130004615
2023,601353.0,2,"LAPAN, NASA",2,0.003388888597889006
2023,601354.0,2,"LAPAN, NASA",2,0.00266901205846317
2023,601355.0,2,"LAPAN, NASA",2,0.002128863819258487
2023,601358.0,2,"LAPAN, NASA",2,0.0033421395663407846
2023,601795.0,2,"LAPAN, NASA",2,0.06699529473768841
2023,601796.0,2,"LAPAN, NASA",2,0.07006116762087307
2023,602737.0,2,"LAPAN, NASA",2,0.008059436248029583
2023,602748.0,2,"LAPAN, NASA",2,0.008080827320206698
2023,602749.0,2,"LAPAN, NASA",2,0.007781136647377032
2023,603566.0,2,"LAPAN, NASA",2,0.010036762093205656
2023,603567.0,2,"LAPAN, NASA",2,0.021046807437985694
2023,603568.0,2,"LAPAN, NASA",2,0.019896817579635264
2023,603570.0,2,"LAPAN, NASA",2,0.01928809319026911
2023,603572.0,2,"LAPAN, NASA",2,0.01910249592940234
2023,603576.0,2,"LAPAN, NASA",2,0.019978962575099152
2023,604017.0,2,"LAPAN, NASA",2,0.07515095178245362
2023,604018.0,2,"LAPAN, NASA",2,0.07499590744623938
2023,604270.0,2,"LAPAN, NASA",2,0.017465138888811783
2023,604271.0,2,"LAPAN, NASA",2,0.01696857328046611
2023,604444.0,2,"LAPAN, NASA",2,0.004991980578401531
2023,604446.0,2,"LAPAN, NASA",2,0.005943655757674473
2023,604593.0,2,"LAPAN, NASA",2,0.02421653264829239
2023,604756.0,2,"LAPAN, NASA",2,0.06011870631647334
2023,604757.0,2,"LAPAN, NASA",2,0.059266950574916544
2023,604762.0,2,"LAPAN, NASA",2,0.06148693395247863
2023,604763.0,2,"LAPAN, NASA",2,0.05990854477353845
2023,606699.0,2,"LAPAN, NASA",2,0.013654687696194384
2023,608693.0,2,"LAPAN, NASA",2,0.042987216672326425
2023,608694.0,2,"LAPAN, NASA",2,0.04214721053116243
2023,608695.0,2,"LAPAN, NASA",2,0.02532759046075668
2023,608696.0,2,"LAPAN, NASA",2,0.024902964323397198
2023,609707.0,2,"LAPAN, NASA",2,0.10901635821298117
2023,609815.0,2,"LAPAN, NASA",2,0.0027719503291884985
2023,609821.0,2,"LAPAN, NASA",2,0.0038124705956350383
2023,611472.0,2,"LAPAN, NASA",2,0.0240508231319609
2023,612187.0,2,"LAPAN, NASA",2,0.05330968839488902
2023,612742.0,2,"LAPAN, NASA",2,0.00815192566827149
2023,614259.0,2,"LAPAN, NASA",2,0.03884396708162125
2023,614355.0,2,"LAPAN, NASA",2,0.04897434950703498
2023,615098.0,2,"LAPAN, NASA",2,0.03266432343452538
2023,615611.0,2,"LAPAN, NASA",2,0.07801280448513606
2023,616964.0,2,"LAPAN, NASA",2,0.012505930128293702
2023,616965.0,2,"LAPAN, NASA",2,0.012716305700475435
2023,616968.0,2,"LAPAN, NASA",2,0.027127440048728815
2023,617002.0,2,"LAPAN, NASA",2,0.027626876157374008
2023,618404.0,2,"LAPAN, NASA",2,0.019264009825363478
2023,619025.0,2,"LAPAN, NASA",2,0.05591833176210245
2023,619500.0,2,"LAPAN, NASA",2,0.004122108511596028
2023,619655.0,2,"LAPAN, NASA",2,0.0032651774788456725
2023,622473.0,2,"LAPAN, NASA",2,0.022450926695807477
2023,622474.0,2,"LAPAN, NASA",2,0.022644021668124886
2023,622484.0,2,"LAPAN, NASA",2,0.05736113301158269
2023,622486.0,2,"LAPAN, NASA",2,0.038692859054616446
2023,623537.0,2,"LAPAN, NASA",2,0.00695050120881267
2023,623539.0,2,"LAPAN, NASA",2,0.008099815830791475
2023,623546.0,2,"LAPAN, NASA",2,0.010568480535791791
2023,623558.0,2,"LAPAN, NASA",2,0.02831457676500043
2023,623561.0,2,"LAPAN, NASA",2,0.006948184611600473
2023,623564.0,2,"LAPAN, NASA",2,0.02072277183238483
2023,623565.0,2,"LAPAN, NASA",2,0.006374413697199632
2023,626014.0,2,"LAPAN, NASA",2,0.10500115897082529
2023,626016.0,2,"LAPAN, NASA",2,0.07118883827176706
2023,627077.0,2,"LAPAN, NASA",2,0.011708704753311646
2023,628168.0,2,"LAPAN, NASA",2,0.051823710263754964
2023,628267.0,2,"LAPAN, NASA",2,0.05396812609196005
2023,629016.0,2,"LAPAN, NASA",2,0.03284127996611306
2023,629017.0,2,"LAPAN, NASA",2,0.033214638743351885
2023,629595.0,2,"LAPAN, NASA",2,0.07194763129622377
2023,629600.0,2,"LAPAN, NASA",2,0.10470789367963405
2023,629864.0,2,"LAPAN, NASA",2,0.041126869548860745
2023,629869.0,2,"LAPAN, NASA",2,0.026839599364535567
2023,629870.0,2,"LAPAN, NASA",2,0.0264448247556224
2023,629872.0,2,"LAPAN, NASA",2,0.02048048620063368
2023,629885.0,2,"LAPAN, NASA",2,0.02667717692828323
2023,629886.0,2,"LAPAN, NASA",2,0.011492841571008201
2023,629887.0,2,"LAPAN, NASA",2,0.010704064693908924
2023,629923.0,2,"LAPAN, NASA",2,0.0415306073232413
2023,630877.0,2,"LAPAN, NASA",2,0.033548793221355074
2023,630996.0,2,"LAPAN, NASA",2,0.025371505469751386
2023,630997.0,2,"LAPAN, NASA",2,0.026427664630810647
2023,632718.0,2,"LAPAN, NASA",2,0.05032415712806204
2023,637308.0,2,"LAPAN, NASA",2,0.02192685820101427
2023,637313.0,2,"LAPAN, NASA",2,0.022795299528228875
2023,637324.0,2,"LAPAN, NASA",2,0.020528599722178426
2023,637325.0,2,"LAPAN, NASA",2,0.02057924844752187
2023,637326.0,2,"LAPAN, NASA",2,0.02012226581758144
2023,639794.0,2,"LAPAN, NASA",2,0.044962836665834706
2023,639795.0,2,"LAPAN, NASA",2,0.04825926757775149
2023,644856.0,2,"LAPAN, NASA",2,0.048493287583581825
2023,644860.0,2,"LAPAN, NASA",2,0.04695913366465667
2023,644864.0,2,"LAPAN, NASA",2,0.030168108849990275
2023,645924.0,2,"LAPAN, NASA",2,0.02998112671805675
2023,645927.0,2,"LAPAN, NASA",2,0.031427577648995446
2023,645928.0,2,"LAPAN, NASA",2,0.03149299003071538
2023,645930.0,2,"LAPAN, NASA",2,0.03024297182974549
2023,645952.0,2,"LAPAN, NASA",2,0.031172846576393968
2023,645957.0,2,"LAPAN, NASA",2,0.016187315671920412
2023,645961.0,2,"LAPAN, NASA",2,0.014326253860964856
2023,647018.0,2,"LAPAN, NASA",2,0.03617566236097042
2023,647019.0,2,"LAPAN, NASA",2,0.034548398291088835
2023,647020.0,2,"LAPAN, NASA",2,0.020019297051000074
2023,647039.0,2,"LAPAN, NASA",2,0.0312320951960875
2023,647114.0,2,"LAPAN, NASA",2,0.08600935416469559
2023,647117.0,2,"LAPAN, NASA",2,0.14012953848697518
2023,647118.0,2,"LAPAN, NASA",2,0.13700941661460173
2023,647935.0,2,"LAPAN, NASA",2,0.03012414076407965
2023,647936.0,2,"LAPAN, NASA",2,0.04542750001489477
2023,647945.0,2,"LAPAN, NASA",2,0.046396261706826404
2023,650411.0,2,"LAPAN, NASA",2,0.03630763781930562
2023,650417.0,2,"LAPAN, NASA",2,0.022165464759513323
2023,650418.0,2,"LAPAN, NASA",2,0.036214183721459466
2023,650419.0,2,"LAPAN, NASA",2,0.03608529794907533
2023,653029.0,2,"LAPAN, NASA",2,0.05723909725084833
2023,653424.0,2,"LAPAN, NASA",2,0.10955948455967793
2023,653426.0,2,"LAPAN, NASA",2,0.07423781904003227
2023,653427.0,2,"LAPAN, NASA",2,0.0749735310148858
2023,655114.0,2,"LAPAN, NASA",2,0.020822348672996278
2023,655126.0,2,"LAPAN, NASA",2,0.03738069942409456
2023,655178.0,2,"LAPAN, NASA",2,0.03729187324190148
2023,655180.0,2,"LAPAN, NASA",2,0.02230120703913794
2023,655181.0,2,"LAPAN, NASA",2,0.021328560756509452
2023,655182.0,2,"LAPAN, NASA",2,0.022043665536578265
2023,663597.0,2,"LAPAN, NASA",2,0.032408750140407366
2023,663701.0,2,"LAPAN, NASA",2,0.04841712674250845
2023,663702.0,2,"LAPAN, NASA",2,0.04998090355825405
2023,663707.0,2,"LAPAN, NASA",2,0.03291294118740476
2023,663871.0,2,"LAPAN, NASA",2,0.03048597240586673
2023,663872.0,2,"LAPAN, NASA",2,0.03137257872366436
2023,663874.0,2,"LAPAN, NASA",2,0.04753898815502566
2023,663990.0,2,"LAPAN, NASA",2,0.06620046855319628
2023,663991.0,2,"LAPAN, NASA",2,0.06607260928082823
2023,663992.0,2,"LAPAN, NASA",2,0.0662834497605914
2023,668044.0,2,"LAPAN, NASA",2,0.04212423922216728
2023,668047.0,2,"LAPAN, NASA",2,0.042083219763540486
2023,668049.0,2,"LAPAN, NASA",2,0.044618478262111634
2023,668158.0,2,"LAPAN, NASA",2,0.04107604652360094
2023,668372.0,2,"LAPAN, NASA",2,0.040274278639187075
2023,671233.0,2,"LAPAN, NASA",2,0.09070126561460083
2023,671247.0,2,"LAPAN, NASA",2,0.09269817602891671
2023,671250.0,2,"LAPAN, NASA",2,0.09346557524068155
2023,671757.0,2,"LAPAN, NASA",2,0.06303866078675383
2023,672650.0,2,"LAPAN, NASA",2,0.041491730575614436
2023,672651.0,2,"LAPAN, NASA",2,0.04047335877144296
2023,672812.0,2,"LAPAN, NASA",2,0.02604223062529061
2023,672816.0,2,"LAPAN, NASA",2,0.04041361607856591
2023,672822.0,2,"LAPAN, NASA",2,0.02394143956051999
2023,672944.0,2,"LAPAN, NASA",2,0.024071937428510222
2023,672945.0,2,"LAPAN, NASA",2,0.02261538920298837
2023,673253.0,2,"LAPAN, NASA",2,0.0249502793802461
2023,673274.0,2,"LAPAN, NASA",2,0.02552777245746733
2023,675115.0,2,"LAPAN, NASA",2,0.053530348785164134
2023,675140.0,2,"LAPAN, NASA",2,0.038226193615116894
2023,675141.0,3,"LAPAN, NASA",2,0.3564795356686537
2023,675142.0,3,"LAPAN, NASA",2,0.41410291051650605
2023,675262.0,2,"LAPAN, NASA",2,0.06712375836212758
2023,677808.0,2,"LAPAN, NASA",2,0.025825262944128253
2023,677867.0,2,"LAPAN, NASA",2,0.04291737060280916
2023,677868.0,2,"LAPAN, NASA",2,0.04297975999757385
2023,677869.0,2,"LAPAN, NASA",2,0.04264666492839294
2023,677870.0,2,"LAPAN, NASA",2,0.04263449134090354
2023,679682.0,2,"LAPAN, NASA",2,0.028456723473027676
2023,679683.0,2,"LAPAN, NASA",2,0.028406771018876117
2023,679697.0,2,"LAPAN, NASA",2,0.0425746202917817
2023,679703.0,2,"LAPAN, NASA",2,0.03480541104999023
2023,679909.0,2,"LAPAN, NASA",2,0.0460115598370663
2023,679910.0,2,"LAPAN, NASA",2,0.04622290255263116
2023,679938.0,2,"LAPAN, NASA",2,0.04482207596413396
2023,679958.0,2,"LAPAN, NASA",2,0.0275540380405388
2023,679960.0,2,"LAPAN, NASA",2,0.042568958544770504
2023,680777.0,2,"LAPAN, NASA",2,0.03269497022818218
2023,680778.0,2,"LAPAN, NASA",2,0.03326913467579274
2023,680779.0,2,"LAPAN, NASA",2,0.033015896890934066
2023,680895.0,2,"LAPAN, NASA",2,0.04701616168438678
2023,681080.0,2,"LAPAN, NASA",2,0.048003461120766096
2023,681666.0,3,"LAPAN, NASA",2,0.20418033811535968
2023,683009.0,2,"LAPAN, NASA",2,0.11099400181478469
2023,683010.0,2,"LAPAN, NASA",2,0.0846837380723553
2023,683693.0,2,"LAPAN, NASA",2,0.16234471621972457
2023,683694.0,2,"LAPAN, NASA",2,0.16152110541609474
2023,683695.0,2,"LAPAN, NASA",2,0.16222225891244174
2023,684026.0,2,"LAPAN, NASA",2,0.04814820232580393
2023,684062.0,2,"LAPAN, NASA",2,0.04552174816123935
2023,685915.0,2,"LAPAN, NASA",2,0.03109835492296575
2023,685958.0,2,"LAPAN, NASA",2,0.04142773078976601
2023,685959.0,2,"LAPAN, NASA",2,0.042233599442671466
2023,686674.0,2,"LAPAN, NASA",2,0.04849451228672744
2023,686795.0,2,"LAPAN, NASA",2,0.04912860262432891
2023,686796.0,2,"LAPAN, NASA",2,0.04795999763405015
2023,686798.0,2,"LAPAN, NASA",2,0.04806643812015363
2023,686799.0,2,"LAPAN, NASA",2,0.04878297959425449
2023,686803.0,2,"LAPAN, NASA",2,0.04895756762040867
2023,686808.0,2,"LAPAN, NASA",2,0.07258849974032794
2023,686809.0,2,"LAPAN, NASA",2,0.07323710687536272
2023,686813.0,2,"LAPAN, NASA",2,0.07297306714388617
2023,686910.0,2,"LAPAN, NASA",2,0.05188850725136301
2023,686945.0,2,"LAPAN, NASA",2,0.05647578633742708
2023,686946.0,2,"LAPAN, NASA",2,0.053995362792935785
2023,686953.0,2,"LAPAN, NASA",2,0.036219737901600185
2023,686954.0,2,"LAPAN, NASA",2,0.03686679819286336
2023,686967.0,2,"LAPAN, NASA",2,0.03541649287906914
2023,686972.0,2,"LAPAN, NASA",2,0.0521774549180775
2023,687203.0,2,"LAPAN, NASA",2,0.16211959242421078
2023,687204.0,2,"LAPAN, NASA",2,0.10905500893630504
2023,687214.0,2,"LAPAN, NASA",2,0.10013938908442757
2023,688066.0,2,"LAPAN, NASA",2,0.030837318420093227
2023,688067.0,2,"LAPAN, NASA",2,0.03197820940563288
2023,688069.0,2,"LAPAN, NASA",2,0.03169750075451016
2023,688076.0,2,"LAPAN, NASA",2,0.04657397714324591
2023,688077.0,2,"LAPAN, NASA",2,0.04737500025561452
2023,688078.0,2,"LAPAN, NASA",2,0.046942218901802675
2023,688081.0,2,"LAPAN, NASA",2,0.04676271040936194
2023,688084.0,2,"LAPAN, NASA",2,0.04720379484821021
2023,688107.0,2,"LAPAN, NASA",2,0.03082243592967232
2023,688108.0,2,"LAPAN, NASA",2,0.0321691997902072
2023,688109.0,2,"LAPAN, NASA",2,0.03167089523512274
2023,688120.0,2,"LAPAN, NASA",2,0.04678229307631826
2023,688122.0,2,"LAPAN, NASA",2,0.04700009675653956
2023,688123.0,2,"LAPAN, NASA",2,0.04644437984695801
2023,688125.0,2,"LAPAN, NASA",2,0.047510690889763695
2023,688159.0,2,"LAPAN, NASA",2,0.03154062805160657
2023,688160.0,2,"LAPAN, NASA",2,0.031155683149946004
2023,688161.0,2,"LAPAN, NASA",2,0.030595847350453478
2023,688163.0,2,"LAPAN, NASA",2,0.03178214367971755
2023,688164.0,2,"LAPAN, NASA",2,0.03244683210925231
2023,688165.0,2,"LAPAN, NASA",2,0.03191345390648167
2023,688166.0,2,"LAPAN, NASA",2,0.03130826817003752
2023,688167.0,2,"LAPAN, NASA",2,0.03168097510863385
2023,688168.0,2,"LAPAN, NASA",2,0.03217759675310512
2023,688280.0,2,"LAPAN, NASA",2,0.03154315507654866
2023,688290.0,2,"LAPAN, NASA",2,0.046468532321378514
2023,688348.0,2,"LAPAN, NASA",2,0.053303378086687385
2023,688351.0,2,"LAPAN, NASA",2,0.03754813135633443
2023,688357.0,2,"LAPAN, NASA",2,0.036542857857167994
2023,688358.0,2,"LAPAN, NASA",2,0.03660938173031002
2023,688435.0,2,"LAPAN, NASA",2,0.036686770649010186
2023,688438.0,2,"LAPAN, NASA",2,0.03929235922101862
2023,688486.0,2,"LAPAN, NASA",2,0.03168355698613357
2023,688489.0,2,"LAPAN, NASA",2,0.031556511161131
2023,688490.0,2,"LAPAN, NASA",2,0.03231697829280922
2023,688491.0,2,"LAPAN, NASA",2,0.032449287904299566
2023,688492.0,2,"LAPAN, NASA",2,0.03183561834635377
2023,688498.0,2,"LAPAN, NASA",2,0.03210471596175284
2023,688499.0,2,"LAPAN, NASA",2,0.031537550028730515
2023,688500.0,2,"LAPAN, NASA",2,0.0316511795679868
2023,688522.0,2,"LAPAN, NASA",2,0.04783061014485885
2023,688523.0,2,"LAPAN, NASA",2,0.04762693556472014
2023,688524.0,2,"LAPAN, NASA",2,0.048790506717579264
2023,688525.0,2,"LAPAN, NASA",2,0.04783287826074641
2023,688526.0,2,"LAPAN, NASA",2,0.04842722132113377
2023,688528.0,2,"LAPAN, NASA",2,0.04711368309984131
2023,688532.0,2,"LAPAN, NASA",2,0.04782356588066905
2023,688533.0,2,"LAPAN, NASA",2,0.04807893416440919
2023,688535.0,2,"LAPAN, NASA",2,0.04694955065316227
2023,688669.0,2,"LAPAN, NASA",2,0.04706187995533816
2023,688670.0,2,"LAPAN, NASA",2,0.046797350206112226
2023,689098.0,2,"LAPAN, NASA",2,0.1438731568977162
2023,690114.0,2,"LAPAN, NASA",2,0.10629163309989421
2023,690152.0,2,"LAPAN, NASA",2,0.07294805865629869
2023,690154.0,2,"LAPAN, NASA",2,0.07345924981467492
2023,690155.0,2,"LAPAN, NASA",2,0.09410243610447573
2023,690161.0,2,"LAPAN, NASA",2,0.0971881886027387
2023,690162.0,2,"LAPAN, NASA",2,0.06860485584986852
2023,690188.0,2,"LAPAN, NASA",2,0.06916692715073725
2023,690194.0,2,"LAPAN, NASA",2,0.09045966902127853
2023,690269.0,2,"LAPAN, NASA",2,0.07366644335901668
2023,690270.0,3,"LAPAN, NASA",2,0.4701200871434157
2023,690272.0,2,"LAPAN, NASA",2,0.07365532890282023
2023,690276.0,2,"LAPAN, NASA",2,0.0736279723939837
2023,690281.0,2,"LAPAN, NASA",2,0.07394211937607471
2023,690284.0,2,"LAPAN, NASA",2,0.07422060593155837
2023,690285.0,2,"LAPAN, NASA",2,0.07317114514146132
2023,690286.0,2,"LAPAN, NASA",2,0.0742883924958653
2023,690287.0,2,"LAPAN, NASA",2,0.07393793196561942
2023,690288.0,2,"LAPAN, NASA",2,0.07417586659293257
2023,690289.0,2,"LAPAN, NASA",2,0.0730340657488
2023,690290.0,2,"LAPAN, NASA",2,0.07323063125956271
2023,690291.0,2,"LAPAN, NASA",2,0.07415518948813302
2023,690292.0,2,"LAPAN, NASA",2,0.07291695811891694
2023,690367.0,2,"LAPAN, NASA",2,0.05287919527996978
2023,690397.0,3,"LAPAN, NASA",2,0.07171739148263333
2023,690398.0,2,"LAPAN, NASA",2,0.07105530013306363
2023,690400.0,2,"LAPAN, NASA",2,0.07161704678759606
2023,690401.0,2,"LAPAN, NASA",2,0.07130261401964685
2023,690402.0,2,"LAPAN, NASA",2,0.07166542891270897
2023,690434.0,2,"LAPAN, NASA",2,0.07402346309189158
2023,690435.0,2,"LAPAN, NASA",2,0.07365249871953344
2023,690436.0,2,"LAPAN, NASA",2,0.07393698979123768
2023,690437.0,2,"LAPAN, NASA",2,0.07372451192714854
2023,690473.0,3,"LAPAN, NASA",2,0.45068370648109596
2023,690475.0,2,"LAPAN, NASA",2,0.05466495038252198
2023,690726.0,2,"LAPAN, NASA",2,0.08624799170326058
2023,690727.0,2,"LAPAN, NASA",2,0.08682296569480687
2023,690867.0,2,"LAPAN, NASA",2,0.11527361440805146
2023,691828.0,2,"LAPAN, NASA",2,0.11170988665901159
2023,691843.0,2,"LAPAN, NASA",2,0.17366102836969174
2023,691844.0,2,"LAPAN, NASA",2,0.17254193349549418
2023,691867.0,2,"LAPAN, NASA",2,0.10948822794735123
2023,691868.0,2,"LAPAN, NASA",2,0.10901587450679016
2023,691886.0,2,"LAPAN, NASA",2,0.10925075264629926
2023,691887.0,2,"LAPAN, NASA",2,0.10929924205783134
2023,692013.0,2,"LAPAN, NASA",2,0.06040330028064721
2023,692020.0,2,"LAPAN, NASA",2,0.04172947876422615
2023,692022.0,2,"LAPAN, NASA",2,0.0756924026501597
2023,692880.0,2,"LAPAN, NASA",2,0.23323410230538735
2023,693117.0,2,"LAPAN, NASA",2,0.034258109741940594
2023,693118.0,2,"LAPAN, NASA",2,0.03456909685595659
2023,693119.0,2,"LAPAN, NASA",2,0.03383292331030476
2023,693120.0,2,"LAPAN, NASA",2,0.03313664167698387
2023,693121.0,2,"LAPAN, NASA",2,0.03424417445519162
2023,693125.0,2,"LAPAN, NASA",2,0.05070811335340522
2023,693126.0,2,"LAPAN, NASA",2,0.048791147717394484
2023,693127.0,2,"LAPAN, NASA",2,0.05048816742270217
2023,693128.0,2,"LAPAN, NASA",2,0.04952768421670042
2023,693129.0,2,"LAPAN, NASA",2,0.04932463893817789
2023,693130.0,2,"LAPAN, NASA",2,0.04895267859539653
2023,693132.0,2,"LAPAN, NASA",2,0.049539028320747906
2023,693133.0,2,"LAPAN, NASA",2,0.04958634321063357
2023,693134.0,2,"LAPAN, NASA",2,0.04862774910862571
2023,693135.0,2,"LAPAN, NASA",2,0.04842401523226923
2023,693166.0,2,"LAPAN, NASA",2,0.034362997613118736
2023,693167.0,2,"LAPAN, NASA",2,0.04878736750349907
2023,693168.0,2,"LAPAN, NASA",2,0.04941107790969425
2023,693169.0,2,"LAPAN, NASA",2,0.04960647907277598
2023,693280.0,2,"LAPAN, NASA",2,0.03345904068661142
2023,694062.0,2,"LAPAN, NASA",2,0.10260696533659283
2023,694071.0,2,"LAPAN, NASA",2,0.04983141533047648
2023,694095.0,2,"LAPAN, NASA",2,0.07121500155557949
2023,694096.0,2,"LAPAN, NASA",2,0.07269937810930667
2023,695288.0,2,"LAPAN, NASA",2,0.034172781679575936
2023,695289.0,2,"LAPAN, NASA",2,0.03515864599946378
2023,695293.0,2,"LAPAN, NASA",2,0.05156633433042764
2023,695308.0,2,"LAPAN, NASA",2,0.05286937083283961
2023,695309.0,2,"LAPAN, NASA",2,0.05206681071944438
2023,695310.0,2,"LAPAN, NASA",2,0.052704047654420806
2023,695311.0,2,"LAPAN, NASA",2,0.0358890215239083
2023,695312.0,2,"LAPAN, NASA",2,0.03494993032353998
2023,695313.0,2,"LAPAN, NASA",2,0.03434437434019865
2023,695314.0,2,"LAPAN, NASA",2,0.035538830440524756
2023,695315.0,2,"LAPAN, NASA",2,0.03736793733731248
2023,695316.0,2,"LAPAN, NASA",2,0.03704027597422379
2023,695317.0,2,"LAPAN, NASA",2,0.03667963425185097
2023,695318.0,2,"LAPAN, NASA",2,0.05181280688954901
2023,695424.0,2,"LAPAN, NASA",2,0.05291985784489613
2023,695428.0,2,"LAPAN, NASA",2,0.052890288101266926
2023,695429.0,2,"LAPAN, NASA",2,0.03466299212634788
2023,695430.0,2,"LAPAN, NASA",2,0.034753295482561654
2023,695431.0,2,"LAPAN, NASA",2,0.03501166781695171
2023,695433.0,2,"LAPAN, NASA",2,0.03447248469038497
2023,695436.0,2,"LAPAN, NASA",2,0.03664652726918672
2023,695437.0,2,"LAPAN, NASA",2,0.036908188670590626
2023,695438.0,2,"LAPAN, NASA",2,0.05137152080359184
2023,695671.0,2,"LAPAN, NASA",2,0.17128843613764497
2023,695672.0,2,"LAPAN, NASA",2,0.17195259901766557
2023,695673.0,2,"LAPAN, NASA",2,0.17100643330911594
2023,695674.0,2,"LAPAN, NASA",2,0.17032032203282696
2023,695675.0,2,"LAPAN, NASA",2,0.17208774655897344
2023,696773.0,2,"LAPAN, NASA",2,0.04832194300456738
2023,697296.0,2,"LAPAN, NASA",2,0.04694803470381993
2023,697297.0,2,"LAPAN, NASA",2,0.04744621356515349
2023,697335.0,2,"LAPAN, NASA",2,0.06313562666137541
2023,700422.0,2,"LAPAN, NASA",2,0.09279585391076624
2023,700423.0,2,"LAPAN, NASA",2,0.09418410281754518
2023,700424.0,2,"LAPAN, NASA",2,0.09447376784837731
2023,700425.0,2,"LAPAN, NASA",2,0.09426698088318243
2023,700426.0,2,"LAPAN, NASA",2,0.09310451084563787
2023,700427.0,2,"LAPAN, NASA",2,0.0934602964491577
2023,700428.0,2,"LAPAN, NASA",2,0.09362002364249328
2023,700429.0,2,"LAPAN, NASA",2,0.09457123809900343
2023,700462.0,2,"LAPAN, NASA",2,0.09401238634597806
2023,700463.0,2,"LAPAN, NASA",2,0.09431513072176115
2023,700469.0,2,"LAPAN, NASA",2,0.08888373472713165
2023,700617.0,2,"LAPAN, NASA",2,0.11473145865394868
2023,700674.0,2,"LAPAN, NASA",2,0.09013868662256416
2023,700688.0,2,"LAPAN, NASA",2,0.11411020903455377
2023,700768.0,2,"LAPAN, NASA",2,0.09424939388658272
2023,700769.0,2,"LAPAN, NASA",2,0.09429277223099973
2023,700988.0,2,"LAPAN, NASA",2,0.08847535420561696
2023,701477.0,2,"LAPAN, NASA",2,0.07084489878462745
2023,701486.0,2,"LAPAN, NASA",2,0.07059575003675257
2023,701488.0,2,"LAPAN, NASA",2,0.053572653971526614
2023,701656.0,2,"LAPAN, NASA",2,0.09276847218776957
2023,701657.0,2,"LAPAN, NASA",2,0.09288292041318606
2023,702626.0,2,"LAPAN, NASA",2,0.18786564451571383
2023,703605.0,2,"LAPAN, NASA",2,0.05308490815385273
2023,703606.0,2,"LAPAN, NASA",2,0.05258046737227016
2023,703733.0,2,"LAPAN, NASA",2,0.058533348136630824
2023,703734.0,2,"LAPAN, NASA",2,0.05734258293641976
2023,703826.0,2,"LAPAN, NASA",2,0.05657808641830547
2023,703836.0,2,"LAPAN, NASA",2,0.043030959738184174
2023,703837.0,2,"LAPAN, NASA",2,0.04299488076695267
2023,703838.0,2,"LAPAN, NASA",2,0.04237226424852622
2023,703839.0,2,"LAPAN, NASA",2,0.04361202863329294
2023,703898.0,2,"LAPAN, NASA",2,0.05802571293033452
2023,703905.0,3,"LAPAN, NASA",2,0.05137148770099997
2023,708539.0,2,"LAPAN, NASA",2,0.038746334851525
2023,708540.0,2,"LAPAN, NASA",2,0.03855068327374735
2023,708541.0,2,"LAPAN, NASA",2,0.05708599307665501
2023,708543.0,2,"LAPAN, NASA",2,0.0570091927675772
2023,708544.0,2,"LAPAN, NASA",2,0.05553687311138427
2023,708551.0,2,"LAPAN, NASA",2,0.03842369752435518
2023,708589.0,2,"LAPAN, NASA",2,0.05513333043355364
2023,708621.0,2,"LAPAN, NASA",2,0.0678996542739659
2023,708731.0,2,"LAPAN, NASA",2,0.0664408872075984
2023,708732.0,2,"LAPAN, NASA",2,0.0662992483904905
2023,708735.0,2,"LAPAN, NASA",2,0.06659256762425185
2023,708740.0,2,"LAPAN, NASA",2,0.06663583928814296
2023,708745.0,2,"LAPAN, NASA",2,0.06610196961499029
2023,708750.0,2,"LAPAN, NASA",2,0.06543417980052277
2023,708753.0,2,"LAPAN, NASA",2,0.06527867147610364
2023,708754.0,2,"LAPAN, NASA",2,0.06637724645910421
2023,708757.0,2,"LAPAN, NASA",2,0.06568037220668892
2023,708760.0,2,"LAPAN, NASA",2,0.06536283465744094
2023,708822.0,2,"LAPAN, NASA",2,0.04529155404746345
2023,708827.0,2,"LAPAN, NASA",2,0.06617009874312349
2023,708843.0,2,"LAPAN, NASA",2,0.06524082878220636
2023,708846.0,2,"LAPAN, NASA",2,0.06541419796025193
2023,708847.0,2,"LAPAN, NASA",2,0.06584875053341056
2023,708848.0,2,"LAPAN, NASA",2,0.06513619009437281
2023,708851.0,2,"LAPAN, NASA",2,0.06638543480893698
2023,708852.0,2,"LAPAN, NASA",2,0.06516042504543526
2023,708853.0,2,"LAPAN, NASA",2,0.06614370217496612
2023,708854.0,2,"LAPAN, NASA",2,0.06543819206673074
2023,708855.0,2,"LAPAN, NASA",2,0.06557030401995124
2023,708856.0,2,"LAPAN, NASA",2,0.06615284878209854
2023,708858.0,2,"LAPAN, NASA",2,0.06579056842133683
2023,708859.0,2,"LAPAN, NASA",2,0.06541764723111435
2023,708860.0,2,"LAPAN, NASA",2,0.06543243817019437
2023,708870.0,2,"LAPAN, NASA",2,0.0646238456493883
2023,708872.0,2,"LAPAN, NASA",2,0.06504046010351613
2023,708876.0,2,"LAPAN, NASA",2,0.06550900351498577
2023,708877.0,2,"LAPAN, NASA",2,0.06577081751244139
2023,708883.0,2,"LAPAN, NASA",2,0.06488670453190212
2023,708884.0,2,"LAPAN, NASA",2,0.0642229313950843
2023,708889.0,2,"LAPAN, NASA",2,0.048003311366160074
2023,708955.0,2,"LAPAN, NASA",2,0.06705496718115528
2023,708956.0,2,"LAPAN, NASA",2,0.06594919656789074
2023,708978.0,2,"LAPAN, NASA",2,0.06673544623452339
2023,708979.0,2,"LAPAN, NASA",2,0.06691796124876125
2023,708980.0,2,"LAPAN, NASA",2,0.06717730870595473
2023,708981.0,2,"LAPAN, NASA",2,0.06660820249281993
2023,708982.0,2,"LAPAN, NASA",2,0.06733839771841582
2023,709023.0,2,"LAPAN, NASA",2,0.06577608112907778
2023,709123.0,2,"LAPAN, NASA",2,0.04608952989484691
2023,709128.0,2,"LAPAN, NASA",2,0.0480172219785323
2023,709143.0,2,"LAPAN, NASA",2,0.049291810287734675
2023,709144.0,2,"LAPAN, NASA",2,0.04801850141515198
2023,709149.0,2,"LAPAN, NASA",2,0.06813347714128071
2023,709155.0,2,"LAPAN, NASA",2,0.0671100997239711
2023,709157.0,2,"LAPAN, NASA",2,0.06800507926125882
2023,709165.0,2,"LAPAN, NASA",2,0.0673474206818157
2023,709166.0,2,"LAPAN, NASA",2,0.0670874224713718
2023,709168.0,2,"LAPAN, NASA",2,0.06724023894965458
2023,709177.0,2,"LAPAN, NASA",2,0.0671086737365682
2023,709186.0,2,"LAPAN, NASA",2,0.04766593406576118
2023,710070.0,2,"LAPAN, NASA",2,0.10104646264313923
2023,710071.0,2,"LAPAN, NASA",2,0.10070270126568977
2023,710097.0,2,"LAPAN, NASA",2,0.1078153732302933
2023,710098.0,2,"LAPAN, NASA",2,0.10776861799042255
2023,710100.0,2,"LAPAN, NASA",2,0.10771795178427833
2023,710101.0,2,"LAPAN, NASA",2,0.10568135931563903
2023,710102.0,2,"LAPAN, NASA",2,0.10679321124945937
2023,710103.0,2,"LAPAN, NASA",2,0.10781765862275951
2023,710104.0,2,"LAPAN, NASA",2,0.10633868032547875
2023,710106.0,2,"LAPAN, NASA",2,0.10634100959457946
2023,710107.0,2,"LAPAN, NASA",2,0.10631188391474265
2023,710108.0,2,"LAPAN, NASA",2,0.10625782121328516
2023,710110.0,2,"LAPAN, NASA",2,0.10585101277987934
2023,710493.0,2,"LAPAN, NASA",2,0.2158184486840095
2023,710494.0,2,"LAPAN, NASA",2,0.21323134009392133
2023,710555.0,3,"LAPAN, NASA",2,0.10189091831016935
2023,710558.0,2,"LAPAN, NASA",2,0.10276133939540741
2023,710560.0,2,"LAPAN, NASA",2,0.1003719272513348
2023,710571.0,2,"LAPAN, NASA",2,0.1337415454897483
2023,710576.0,2,"LAPAN, NASA",2,0.13415823174274855
2023,713285.0,2,NASA,1,0.37205168820560075
2023,718044.0,2,NASA,1,0.459641123026164
2023,718046.0,2,NASA,1,0.46074132616055885
2023,718077.0,2,NASA,1,0.40419815968738454
2023,718078.0,2,NASA,1,0.4585410915665782
2023,720366.0,2,"LAPAN, NASA",2,0.08959048847992925
2023,720445.0,2,"LAPAN, NASA",2,0.06730843527704714
2023,720478.0,2,"LAPAN, NASA",2,0.08915388108594775
2023,720479.0,2,"LAPAN, NASA",2,0.08999001258738674
2023,720480.0,2,"LAPAN, NASA",2,0.07158792337101973
2023,720502.0,2,"LAPAN, NASA",2,0.1260966561341678
2023,720537.0,2,"LAPAN, NASA",2,0.09888147542039263
2023,720538.0,2,"LAPAN, NASA",2,0.0977645589691934
2023,720539.0,2,"LAPAN, NASA",2,0.09688179708978363
2023,720542.0,2,"LAPAN, NASA",2,0.09805022491465763
2023,720543.0,2,"LAPAN, NASA",2,0.09785440271073072
2023,720544.0,2,"LAPAN, NASA",2,0.09839805483189967
2023,720545.0,2,"LAPAN, NASA",2,0.09792395437376111
2023,720546.0,2,"LAPAN, NASA",2,0.09750304626964881
2023,720547.0,2,"LAPAN, NASA",2,0.09808014336442808
2023,720548.0,2,"LAPAN, NASA",2,0.09827683489128987
2023,720549.0,2,"LAPAN, NASA",2,0.09851241784405276
2023,720550.0,2,"LAPAN, NASA",2,0.0979777675234621
2023,720551.0,2,"LAPAN, NASA",2,0.0984723859134588
2023,720552.0,2,"LAPAN, NASA",2,0.09778592608242125
2023,720553.0,2,"LAPAN, NASA",2,0.09928083623096737
2023,720554.0,2,"LAPAN, NASA",2,0.0990188072867873
2023,720555.0,2,"LAPAN, NASA",2,0.09878814963906161
2023,720556.0,2,"LAPAN, NASA",2,0.09775036292140217
2023,720557.0,2,"LAPAN, NASA",2,0.09818761432813268
2023,720558.0,2,"LAPAN, NASA",2,0.09736787010803813
2023,720559.0,2,"LAPAN, NASA",2,0.09830473653961253
2023,720560.0,2,"LAPAN, NASA",2,0.09825828354081154
2023,720561.0,2,"LAPAN, NASA",2,0.10025019557956216
2023,720562.0,2,"LAPAN, NASA",2,0.12187149599688465
2023,720563.0,2,"LAPAN, NASA",2,0.12199229313538071
2023,720564.0,2,"LAPAN, NASA",2,0.12143169856854297
2023,720565.0,2,"LAPAN, NASA",2,0.12082855320674306
2023,720566.0,2,"LAPAN, NASA",2,0.12160291876252738
2023,720567.0,2,"LAPAN, NASA",2,0.12178567173849017
2023,720568.0,2,"LAPAN, NASA",2,0.12145003531926439
2023,720569.0,2,"LAPAN, NASA",2,0.12111358928831999
2023,720570.0,2,"LAPAN, NASA",2,0.12222341865571917
2023,720571.0,2,"LAPAN, NASA",2,0.12313273881392793
2023,720573.0,2,"LAPAN, NASA",2,0.1270725118155103
2023,720574.0,2,"LAPAN, NASA",2,0.12781882164930594
2023,720598.0,2,"LAPAN, NASA",2,0.10025081539512465
2023,720601.0,2,"LAPAN, NASA",2,0.09940406151322029
2023,720602.0,2,"LAPAN, NASA",2,0.0987704533220818
2023,720603.0,2,"LAPAN, NASA",2,0.09846889287418421
2023,720604.0,2,"LAPAN, NASA",2,0.0977353480408398
2023,720605.0,2,"LAPAN, NASA",2,0.07272829004934722
2023,720606.0,2,"LAPAN, NASA",2,0.07422359024775699
2023,720607.0,2,"LAPAN, NASA",2,0.09158956846541894
2023,720613.0,2,"LAPAN, NASA",2,0.09213652620433642
2023,720620.0,2,"LAPAN, NASA",2,0.09341043491229514
2023,720623.0,2,"LAPAN, NASA",2,0.07399994860437731
2023,720624.0,2,"LAPAN, NASA",2,0.07454430167004904
2023,720733.0,2,"LAPAN, NASA",2,0.134848441268859
2023,720734.0,2,"LAPAN, NASA",2,0.13434404529605184
2023,720747.0,2,"LAPAN, NASA",2,0.13047484045355498
2023,720748.0,2,"LAPAN, NASA",2,0.13127351905903623
2023,720818.0,2,"LAPAN, NASA",2,0.1313398435992933
2023,720819.0,2,"LAPAN, NASA",2,0.13073543368036925
2023,720820.0,2,"LAPAN, NASA",2,0.13068568867837532
2023,720821.0,2,"LAPAN, NASA",2,0.13091740448400774
2023,720823.0,2,"LAPAN, NASA",2,0.13103795324481307
2023,720868.0,2,"LAPAN, NASA",2,0.10361724524652659
2023,722939.0,2,"LAPAN, NASA",2,0.16277129315794336
2023,722943.0,2,"LAPAN, NASA",2,0.16385114956921953
2023,722946.0,2,"LAPAN, NASA",2,0.16246361439327225
2023,722949.0,2,"LAPAN, NASA",2,0.16435431394496566
2023,722953.0,2,"LAPAN, NASA",2,0.1649577578728892
2023,722954.0,2,"LAPAN, NASA",2,0.16464961208300524
2023,723002.0,2,"LAPAN, NASA",2,0.1935608094283273
2023,723003.0,2,"LAPAN, NASA",2,0.19346561021333816
2023,723004.0,2,"LAPAN, NASA",2,0.19318459767349402
2023,723010.0,2,"LAPAN, NASA",2,0.1929967479376192
2023,723085.0,2,"LAPAN, NASA",2,0.15765104631815283
2023,723186.0,2,"LAPAN, NASA",2,0.1964115991331167
2023,723187.0,2,"LAPAN, NASA",2,0.19760026012406562
2023,723221.0,2,"LAPAN, NASA",2,0.1620770807441064
2023,723222.0,2,"LAPAN, NASA",2,0.16415171855987393
2023,723355.0,2,"LAPAN, NASA",2,0.19035031651534376
2023,723356.0,2,"LAPAN, NASA",2,0.1905855978965143
2023,723357.0,2,"LAPAN, NASA",2,0.19079335096052766
2023,723370.0,2,"LAPAN, NASA",2,0.19798086766577166
2023,723371.0,2,"LAPAN, NASA",2,0.1998385708966703
2023,723376.0,2,"LAPAN, NASA",2,0.2003393650418659
2023,723377.0,2,"LAPAN, NASA",2,0.1993640110567497
2023,723378.0,2,"LAPAN, NASA",2,0.20255147598144302
2023,723379.0,2,"LAPAN, NASA",2,0.2028413551596552
2023,723391.0,2,"LAPAN, NASA",2,0.20147838144786462
2023,723392.0,2,"LAPAN, NASA",2,0.20001598989167677
2023,723393.0,2,"LAPAN, NASA",2,0.2024988897879957
2023,723422.0,3,"LAPAN, NASA",2,0.1577018213218105
2023,723423.0,2,"LAPAN, NASA",2,0.16343691817875616
2023,723426.0,2,"LAPAN, NASA",2,0.16520092518940693
2023,723427.0,2,"LAPAN, NASA",2,0.16583259343773102
2023,723428.0,2,"LAPAN, NASA",2,0.16694089338985957
2023,723432.0,2,"LAPAN, NASA",2,0.16296477145710903
2023,723433.0,2,"LAPAN, NASA",2,0.16527372601175594
2023,723440.0,2,"LAPAN, NASA",2,0.16345715973489192
2023,723441.0,2,"LAPAN, NASA",2,0.16404448387113665
2023,723442.0,2,"LAPAN, NASA",2,0.1666479600858578
2023,723443.0,2,"LAPAN, NASA",2,0.16558511222831854
2023,723445.0,2,"LAPAN, NASA",2,0.16382952244465554
2023,723446.0,2,"LAPAN, NASA",2,0.16352856697122836
2023,723447.0,2,"LAPAN, NASA",2,0.1641461265691498
2023,723449.0,2,"LAPAN, NASA",2,0.16406641678742065
2023,723450.0,2,"LAPAN, NASA",2,0.16631419079499785
2023,723501.0,2,"LAPAN, NASA",2,0.20263729503957528
2023,723504.0,2,"LAPAN, NASA",2,0.20024315340505025
2023,723518.0,2,"LAPAN, NASA",2,0.20039405172648148
2023,723522.0,2,"LAPAN, NASA",2,0.19972996837493315
2023,723523.0,2,"LAPAN, NASA",2,0.2001656561868538
2023,723525.0,2,"LAPAN, NASA",2,0.19951931695633957
2023,723527.0,2,"LAPAN, NASA",2,0.19745541862968538
2023,723528.0,2,"LAPAN, NASA",2,0.19806033191224598
2023,723529.0,2,"LAPAN, NASA",2,0.19909278814453524
2023,723531.0,2,"LAPAN, NASA",2,0.19863305164934342
2023,723537.0,2,"LAPAN, NASA",2,0.19839726509646308
2023,723542.0,2,"LAPAN, NASA",2,0.19911047584520314
2023,723551.0,2,"LAPAN, NASA",2,0.16453645393461877
2023,723553.0,2,"LAPAN, NASA",2,0.16415174437135668
2023,723557.0,2,"LAPAN, NASA",2,0.16312365584329233
2023,723560.0,2,"LAPAN, NASA",2,0.16340838713560396
2023,723563.0,2,"LAPAN, NASA",2,0.16385913177286518
2023,723566.0,2,"LAPAN, NASA",2,0.1632108394959555
2023,723567.0,2,"LAPAN, NASA",2,0.16309465084681085
2023,723575.0,2,"LAPAN, NASA",2,0.16361880860704572
2023,723661.0,2,"LAPAN, NASA",2,0.1591308703056318
2023,723662.0,2,"LAPAN, NASA",2,0.16001778146010032
2023,723921.0,2,"LAPAN, NASA",2,0.2656454957568474
2023,723927.0,2,"LAPAN, NASA",2,0.2664313157200122
2023,723956.0,2,"LAPAN, NASA",2,0.22727866792263196
2023,724159.0,2,"LAPAN, NASA",2,0.21595930992968987
2023,724160.0,2,"LAPAN, NASA",2,0.21005566056978178
2023,724163.0,2,"LAPAN, NASA",2,0.2094360399936286
2023,724164.0,2,"LAPAN, NASA",2,0.20991067215811002
2023,724167.0,2,"LAPAN, NASA",2,0.21210821433300814
2023,724796.0,2,"LAPAN, NASA",2,0.04265342562475814
2023,724797.0,2,"LAPAN, NASA",2,0.043203103327496314
2023,724804.0,2,"LAPAN, NASA",2,0.042356865401943875
2023,724809.0,2,"LAPAN, NASA",2,0.04363537266622162
2023,724811.0,2,"LAPAN, NASA",2,0.043797058584903015
2023,724812.0,2,"LAPAN, NASA",2,0.04420205929147576
2023,724909.0,2,"LAPAN, NASA",2,0.04366361323510085
2023,725017.0,2,"LAPAN, NASA",2,0.05831183750319529
2023,725244.0,2,"LAPAN, NASA",2,0.044815914552781305
2023,725245.0,2,"LAPAN, NASA",2,0.044911159032397
2023,725260.0,2,"LAPAN, NASA",2,0.04326809882974395
2023,725262.0,2,"LAPAN, NASA",2,0.0443128471342081
2023,725265.0,2,"LAPAN, NASA",2,0.04362553143994169
2023,725266.0,2,"LAPAN, NASA",2,0.04434047208911432
2023,725325.0,2,"LAPAN, NASA",2,0.06997126798699356
2023,725326.0,2,"LAPAN, NASA",2,0.07035890921025224
2023,725327.0,2,"LAPAN, NASA",2,0.070732309410987
2023,725332.0,3,"LAPAN, NASA",2,0.0704101543392269
2023,725333.0,3,"LAPAN, NASA",2,0.06984515699558089
2023,725334.0,3,"LAPAN, NASA",2,0.07019033545937854
2023,725377.0,2,"LAPAN, NASA",2,0.06956193382293391
2023,725378.0,2,"LAPAN, NASA",2,0.07013375714473777
2023,725379.0,2,"LAPAN, NASA",2,0.06922983292091137
2023,725380.0,2,"LAPAN, NASA",2,0.06833582132639261
2023,725381.0,2,"LAPAN, NASA",2,0.06897894724305655
2023,725382.0,2,"LAPAN, NASA",2,0.06903000958960585
2023,725384.0,2,"LAPAN, NASA",2,0.06896463008308286
2023,725385.0,2,"LAPAN, NASA",2,0.06906409851372841
2023,725386.0,2,"LAPAN, NASA",2,0.0686509115287391
2023,725387.0,2,"LAPAN, NASA",2,0.06937994803587612
2023,725388.0,2,"LAPAN, NASA",2,0.06949038901562296
2023,725389.0,2,"LAPAN, NASA",2,0.06908759782682442
2023,725390.0,2,"LAPAN, NASA",2,0.0687395045534885
2023,725391.0,2,"LAPAN, NASA",2,0.06909180340560245
2023,725392.0,2,"LAPAN, NASA",2,0.06813956808502773
2023,725393.0,2,"LAPAN, NASA",2,0.07001351672374163
2023,725394.0,2,"LAPAN, NASA",2,0.06989623134132139
2023,725395.0,2,"LAPAN, NASA",2,0.06882062003521938
2023,725396.0,2,"LAPAN, NASA",2,0.06911359614713229
2023,725397.0,2,"LAPAN, NASA",2,0.06878339828706323
2023,725398.0,2,"LAPAN, NASA",2,0.06936809430012086
2023,725399.0,2,"LAPAN, NASA",2,0.06914624041496062
2023,725400.0,2,"LAPAN, NASA",2,0.06981966831469336
2023,725401.0,2,"LAPAN, NASA",2,0.06883886517655258
2023,725402.0,2,"LAPAN, NASA",2,0.06946086249309662
2023,725403.0,2,"LAPAN, NASA",2,0.07032366382841518
2023,725415.0,2,"LAPAN, NASA",2,0.04596817691477288
2023,725566.0,2,"LAPAN, NASA",2,0.059308377147177696
2023,725666.0,2,"LAPAN, NASA",2,0.056667745713005195
2023,725668.0,2,"LAPAN, NASA",2,0.05605132357698772
2023,725670.0,2,"LAPAN, NASA",2,0.055200924447134404
2023,725690.0,2,"LAPAN, NASA",2,0.05578179378705951
2023,725691.0,2,"LAPAN, NASA",2,0.05703435389518967
2023,725692.0,2,"LAPAN, NASA",2,0.05589842442731952
2023,725693.0,2,"LAPAN, NASA",2,0.0569602676634137
2023,725694.0,2,"LAPAN, NASA",2,0.056796770091307944
2023,725695.0,2,"LAPAN, NASA",2,0.055812237217065436
2023,725696.0,2,"LAPAN, NASA",2,0.056560909764550915
2023,725697.0,2,"LAPAN, NASA",2,0.0563418439171712
2023,728258.0,2,"LAPAN, NASA",2,0.04291313375751928
2023,728267.0,2,"LAPAN, NASA",2,0.043138411553266275
2023,728268.0,2,"LAPAN, NASA",2,0.04278770851202809
2023,728270.0,2,"LAPAN, NASA",2,0.04345103601369515
2023,728271.0,2,"LAPAN, NASA",2,0.05792137644720495
2023,728284.0,2,"LAPAN, NASA",2,0.06037078081115928
2023,728436.0,2,"LAPAN, NASA",2,0.07576923972979387
2023,728440.0,2,"LAPAN, NASA",2,0.07567009927310978
2023,728461.0,2,"LAPAN, NASA",2,0.05674787692006246
2023,728474.0,2,"LAPAN, NASA",2,0.04451415572223272
2023,728475.0,2,"LAPAN, NASA",2,0.04360519649205312
2023,728476.0,2,"LAPAN, NASA",2,0.04548694811023801
2023,728477.0,2,"LAPAN, NASA",2,0.04513954764291687
2023,728478.0,2,"LAPAN, NASA",2,0.044033242354078364
2023,728479.0,2,"LAPAN, NASA",2,0.044335434418823115
2023,728480.0,2,"LAPAN, NASA",2,0.044838250479349216
2023,728481.0,2,"LAPAN, NASA",2,0.04414695902153686
2023,728482.0,2,"LAPAN, NASA",2,0.043817977011915525
2023,728483.0,2,"LAPAN, NASA",2,0.044331409903682784
2023,728484.0,2,"LAPAN, NASA",2,0.04467219098602718
2023,728485.0,2,"LAPAN, NASA",2,0.044351233323101355
2023,728486.0,2,"LAPAN, NASA",2,0.045139508807863105
2023,728487.0,2,"LAPAN, NASA",2,0.045670803053967826
2023,728488.0,2,"LAPAN, NASA",2,0.045323161390025755
2023,728489.0,2,"LAPAN, NASA",2,0.044173244313331854
2023,728490.0,2,"LAPAN, NASA",2,0.044852492058823024
2023,728491.0,2,"LAPAN, NASA",2,0.04417448763010126
2023,728492.0,2,"LAPAN, NASA",2,0.04471252755931558
2023,728493.0,2,"LAPAN, NASA",2,0.044675793542543765
2023,728494.0,2,"LAPAN, NASA",2,0.045089581569935394
2023,728495.0,2,"LAPAN, NASA",2,0.043871123103832954
2023,728496.0,2,"LAPAN, NASA",2,0.044796116260807546
2023,728497.0,2,"LAPAN, NASA",2,0.04548836072982291
2023,728498.0,2,"LAPAN, NASA",2,0.04497072504981184
2023,728499.0,2,"LAPAN, NASA",2,0.04415270432064121
2023,728501.0,2,"LAPAN, NASA",2,0.06110111699385173
2023,728552.0,2,"LAPAN, NASA",2,0.043767714685977475
2023,728553.0,2,"LAPAN, NASA",2,0.043715632495469496
2023,728554.0,2,"LAPAN, NASA",2,0.04327287765340891
2023,728732.0,2,"LAPAN, NASA",2,0.059925126641024444
2023,728733.0,2,"LAPAN, NASA",2,0.05900195508925378
2023,728785.0,2,"LAPAN, NASA",2,0.06047872305766952
2023,728786.0,2,"LAPAN, NASA",2,0.0419354444319556
2023,728787.0,2,"LAPAN, NASA",2,0.042879093205060996
2023,728789.0,2,"LAPAN, NASA",2,0.042475178450173505
2023,728790.0,2,"LAPAN, NASA",2,0.0428784557610686
2023,728791.0,2,"LAPAN, NASA",2,0.04218881191362388
2023,728792.0,2,"LAPAN, NASA",2,0.04320029085683668
2023,728793.0,2,"LAPAN, NASA",2,0.04170903831553973
2023,728794.0,2,"LAPAN, NASA",2,0.04277333687322908
2023,729145.0,2,"LAPAN, NASA",2,0.20175080581844212
2023,729146.0,2,"LAPAN, NASA",2,0.20248206067018035
2023,729147.0,2,"LAPAN, NASA",2,0.20167778365681233
2023,729148.0,2,"LAPAN, NASA",2,0.2033826761892584
2023,729149.0,2,"LAPAN, NASA",2,0.20287967741450166
2023,729150.0,2,"LAPAN, NASA",2,0.20529265482380876
2023,730800.0,2,"LAPAN, NASA",2,0.08853873743278096
2023,731198.0,2,"LAPAN, NASA",2,0.06975987775729015
2023,731199.0,2,"LAPAN, NASA",2,0.06991224540024309
2023,731200.0,2,"LAPAN, NASA",2,0.07017405221838943
2023,731444.0,2,"LAPAN, NASA",2,0.06911558213363411
2023,731445.0,2,"LAPAN, NASA",2,0.06924637179952908
2023,731450.0,2,"LAPAN, NASA",2,0.06865116078726621
2023,731451.0,2,"LAPAN, NASA",2,0.0687693863537806
2023,731457.0,2,"LAPAN, NASA",2,0.06945890789644524
2023,731458.0,2,"LAPAN, NASA",2,0.06870367461590875
2023,731459.0,2,"LAPAN, NASA",2,0.06869447720244529
2023,731460.0,3,"LAPAN, NASA",2,0.4791505666800296
2023,731461.0,2,"LAPAN, NASA",2,0.06875548110178482
2023,731467.0,2,"LAPAN, NASA",2,0.06826702115032349
2023,731468.0,2,"LAPAN, NASA",2,0.06941221545597277
2023,731470.0,2,"LAPAN, NASA",2,0.06900172554713987
2023,731475.0,2,"LAPAN, NASA",2,0.0698881567941626
2023,731476.0,2,"LAPAN, NASA",2,0.06979580300408847
2023,731477.0,2,"LAPAN, NASA",2,0.06887273815896772
2023,731683.0,2,"LAPAN, NASA",2,0.06657483704844042
2023,731688.0,2,"LAPAN, NASA",2,0.06776792758176392
2023,732744.0,2,"LAPAN, NASA",2,0.08682708031581911
2023,733135.0,2,"LAPAN, NASA",2,0.11171307854567997
2023,733136.0,2,"LAPAN, NASA",2,0.1110748489681154
2023,733138.0,2,"LAPAN, NASA",2,0.11198075290708305
2023,733146.0,2,"LAPAN, NASA",2,0.09026954579729629
2023,734068.0,2,"LAPAN, NASA",2,0.41447843772447784
2023,734070.0,2,"LAPAN, NASA",2,0.4175527189038776
2023,734109.0,2,"LAPAN, NASA",2,0.445477349565783
2023,734110.0,3,"LAPAN, NASA",2,0.4087483580145079
2023,734111.0,2,"LAPAN, NASA",2,0.4091245131499587
2023,734112.0,3,"LAPAN, NASA",2,0.4455814881846752
2023,734184.0,2,"LAPAN, NASA",2,0.21045562601389056
2023,734185.0,2,"LAPAN, NASA",2,0.20982459809331455
2023,734186.0,2,"LAPAN, NASA",2,0.20957673128700735
2023,734201.0,2,"LAPAN, NASA",2,0.21072913897949203
2023,734219.0,2,"LAPAN, NASA",2,0.14388863865625515
2023,734220.0,2,"LAPAN, NASA",2,0.14296425331128837
2023,734222.0,2,"LAPAN, NASA",2,0.15191114814046516
2023,734223.0,2,"LAPAN, NASA",2,0.15006272014085636
2023,734224.0,2,"LAPAN, NASA",2,0.1514995753709657
2023,734241.0,2,"LAPAN, NASA",2,0.22252226178564116
2023,734250.0,2,"LAPAN, NASA",2,0.2213866835175845
2023,734321.0,3,"LAPAN, NASA",2,0.36149100217912233
2023,734322.0,2,"LAPAN, NASA",2,0.3435554404061451
2023,734328.0,5,"LAPAN, NASA",2,0.44791928097607026
2023,734333.0,2,"LAPAN, NASA",2,0.2650584759406212
2023,734334.0,2,"LAPAN, NASA",2,0.2635082622139382
2023,734339.0,3,"LAPAN, NASA",2,0.4454844038031118
2023,734340.0,2,"LAPAN, NASA",2,0.26458321933843304
2023,734341.0,5,"LAPAN, NASA",2,0.44502362369568293
2023,734342.0,3,"LAPAN, NASA",2,0.40901768967381924
2023,735094.0,2,"LAPAN, NASA",2,0.15933463576364176
2023,735209.0,2,"LAPAN, NASA",2,0.15925867709097266
2023,735242.0,2,"LAPAN, NASA",2,0.128593355017303
2023,735243.0,2,"LAPAN, NASA",2,0.13027386619495307
2023,735248.0,2,"LAPAN, NASA",2,0.12990498792833824
2023,735253.0,2,"LAPAN, NASA",2,0.13020336465374302
2023,735260.0,2,"LAPAN, NASA",2,0.15861394244081878
2023,735261.0,2,"LAPAN, NASA",2,0.15847225602777895
2023,735262.0,2,"LAPAN, NASA",2,0.15604427778894217
2023,735371.0,2,"LAPAN, NASA",2,0.15696744906381158
2023,735534.0,2,"LAPAN, NASA",2,0.17740634476495992
2023,735610.0,2,"LAPAN, NASA",2,0.16690918162430768
2023,735611.0,2,"LAPAN, NASA",2,0.16727753167506976
2023,735612.0,2,"LAPAN, NASA",2,0.16947593042046466
2023,735613.0,2,"LAPAN, NASA",2,0.16657646144552765
2023,735614.0,2,"LAPAN, NASA",2,0.16712630440942894
2023,735615.0,2,"LAPAN, NASA",2,0.16657785822523097
2023,735616.0,2,"LAPAN, NASA",2,0.16611836835415297
2023,735617.0,2,"LAPAN, NASA",2,0.16682533922595522
2023,735618.0,2,"LAPAN, NASA",2,0.16633210511145421
2023,735619.0,2,"LAPAN, NASA",2,0.16873357154388918
2023,735621.0,3,"LAPAN, NASA",2,0.13993277181272376
2023,735622.0,2,"LAPAN, NASA",2,0.14143213038849609
2023,735651.0,2,"LAPAN, NASA",2,0.16749486141924
2023,735656.0,2,"LAPAN, NASA",2,0.1656108779666206
2023,735791.0,2,"LAPAN, NASA",2,0.1862913398454689
2023,735839.0,2,"LAPAN, NASA",2,0.19795839090719555
2023,736578.0,2,"LAPAN, NASA",2,0.0752873048030534
2023,736579.0,2,"LAPAN, NASA",2,0.07393906317161769
2023,736580.0,2,"LAPAN, NASA",2,0.07401521819601571
2023,736581.0,2,"LAPAN, NASA",2,0.07347042797601303
2023,736582.0,2,"LAPAN, NASA",2,0.07447413485743944
2023,736583.0,2,"LAPAN, NASA",2,0.07391614135023815
2023,736585.0,2,"LAPAN, NASA",2,0.0745184377397562
2023,736586.0,2,"LAPAN, NASA",2,0.07407007267420529
2023,736587.0,2,"LAPAN, NASA",2,0.07465285694153471
2023,736596.0,2,"LAPAN, NASA",2,0.07244026351768192
2023,736597.0,2,"LAPAN, NASA",2,0.09074057274177409
2023,736598.0,2,"LAPAN, NASA",2,0.09113823059356709
2023,736608.0,2,"LAPAN, NASA",2,0.09003745590758512
2023,736609.0,2,"LAPAN, NASA",2,0.08877342181544066
2023,736612.0,2,"LAPAN, NASA",2,0.09019767480723075
2023,736819.0,2,"LAPAN, NASA",2,0.0680479734693343
2023,736821.0,2,"LAPAN, NASA",2,0.06848059744910602
2023,736862.0,2,"LAPAN, NASA",2,0.09296073706704566
2023,736879.0,2,"LAPAN, NASA",2,0.068268064692139
2023,736880.0,2,"LAPAN, NASA",2,0.06863196202319045
2023,736881.0,2,"LAPAN, NASA",2,0.06789255381291161
2023,736882.0,2,"LAPAN, NASA",2,0.06916784313367884
2023,736883.0,2,"LAPAN, NASA",2,0.06908405411214699
2023,736884.0,2,"LAPAN, NASA",2,0.06877937189381964
2023,736886.0,2,"LAPAN, NASA",2,0.06840196317779129
2023,736887.0,2,"LAPAN, NASA",2,0.06855556107818153
2023,736888.0,2,"LAPAN, NASA",2,0.06836121969036824
2023,736889.0,2,"LAPAN, NASA",2,0.06935925308323942
2023,736890.0,2,"LAPAN, NASA",2,0.06870663294754892
2023,736891.0,2,"LAPAN, NASA",2,0.067941451814394
2023,736892.0,2,"LAPAN, NASA",2,0.06820958807820984
2023,736893.0,2,"LAPAN, NASA",2,0.06841858317032339
2023,736894.0,2,"LAPAN, NASA",2,0.06933960066578952
2023,736895.0,2,"LAPAN, NASA",2,0.06899875512275945
2023,736896.0,2,"LAPAN, NASA",2,0.06824997855512092
2023,736897.0,2,"LAPAN, NASA",2,0.06806121621371652
2023,736898.0,2,"LAPAN, NASA",2,0.06922982084327971
2023,736899.0,2,"LAPAN, NASA",2,0.06867984216643183
2023,736900.0,2,"LAPAN, NASA",2,0.06891958664899807
2023,736901.0,2,"LAPAN, NASA",2,0.06996277011374832
2023,736902.0,2,"LAPAN, NASA",2,0.0688474428844427
2023,736903.0,2,"LAPAN, NASA",2,0.06899539689798151
2023,736904.0,2,"LAPAN, NASA",2,0.06816994465536026
2023,736905.0,2,"LAPAN, NASA",2,0.06788975538039932
2023,736906.0,2,"LAPAN, NASA",2,0.0677772934846656
2023,736907.0,2,"LAPAN, NASA",2,0.0679775854542563
2023,736909.0,2,"LAPAN, NASA",2,0.06794742108490692
2023,736910.0,2,"LAPAN, NASA",2,0.06903331064788781
2023,736911.0,2,"LAPAN, NASA",2,0.06856396015058502
2023,736920.0,2,"LAPAN, NASA",2,0.05367887151284488
2023,736921.0,2,"LAPAN, NASA",2,0.053048677673535105
2023,736922.0,2,"LAPAN, NASA",2,0.06998552341045072
2023,736923.0,2,"LAPAN, NASA",2,0.06937088485199903
2023,736973.0,2,"LAPAN, NASA",2,0.06823589523082843
2023,736974.0,2,"LAPAN, NASA",2,0.05498159914059393
2023,738393.0,2,"LAPAN, NASA",2,0.28692851176261763
2023,738395.0,2,"LAPAN, NASA",2,0.2879750482750222
2023,738465.0,2,"LAPAN, NASA",2,0.3226042502806361
2023,738468.0,2,"LAPAN, NASA",2,0.3220044307181421
2023,738471.0,2,"LAPAN, NASA",2,0.33073328333151925
2023,738474.0,2,"LAPAN, NASA",2,0.266058209179647
2023,738475.0,2,"LAPAN, NASA",2,0.2741145084114702
2023,739205.0,2,"LAPAN, NASA",2,0.06823302552932724
2023,739206.0,2,"LAPAN, NASA",2,0.07063971921938411
2023,739207.0,2,"LAPAN, NASA",2,0.06590387300737566
2023,739208.0,2,"LAPAN, NASA",2,0.07267512545438706
2023,739392.0,2,"LAPAN, NASA",2,0.05120399492786443
2023,739393.0,2,"LAPAN, NASA",2,0.04901004450970029
2023,739394.0,2,"LAPAN, NASA",2,0.04992003593674697
2023,739432.0,2,"LAPAN, NASA",2,0.06600750009637424
2023,739440.0,2,"LAPAN, NASA",2,0.06122558869488594
2023,739441.0,2,"LAPAN, NASA",2,0.06152056496118552
2023,739442.0,2,"LAPAN, NASA",2,0.06931407105620306
2023,739444.0,2,"LAPAN, NASA",2,0.04903339240978368
2023,739456.0,2,"LAPAN, NASA",2,0.062316967095138884
2023,739457.0,2,"LAPAN, NASA",2,0.06238515597692811
2023,739458.0,2,"LAPAN, NASA",2,0.06125248872410368
2023,739459.0,2,"LAPAN, NASA",2,0.061832053179484134
2023,739460.0,2,"LAPAN, NASA",2,0.06146015277365941
2023,739461.0,2,"LAPAN, NASA",2,0.061668711337442964
2023,739462.0,2,"LAPAN, NASA",2,0.062415406073001105
2023,739463.0,2,"LAPAN, NASA",2,0.06197608365855531
2023,739464.0,2,"LAPAN, NASA",2,0.062173551256383915
2023,739465.0,2,"LAPAN, NASA",2,0.06185552935147914
2023,739469.0,2,"LAPAN, NASA",2,0.045756578074128564
2023,739481.0,2,"LAPAN, NASA",2,0.06030909335773067
2023,739508.0,2,"LAPAN, NASA",2,0.06170274123756059
2023,739509.0,2,"LAPAN, NASA",2,0.06131504730005326
2023,739511.0,2,"LAPAN, NASA",2,0.06180542998193592
2023,739513.0,2,"LAPAN, NASA",2,0.06272997400746914
2023,739577.0,2,"LAPAN, NASA",2,0.046573624641124564
2023,739580.0,2,"LAPAN, NASA",2,0.04607859430882873
2023,739581.0,2,"LAPAN, NASA",2,0.04596140412004893
2023,739584.0,2,"LAPAN, NASA",2,0.04676365781029563
2023,739598.0,2,"LAPAN, NASA",2,0.0469899356455801
2023,739599.0,2,"LAPAN, NASA",2,0.06187708758233155
2023,739600.0,2,"LAPAN, NASA",2,0.0610184191659202
2023,739601.0,2,"LAPAN, NASA",2,0.062404533370842535
2023,739602.0,2,"LAPAN, NASA",2,0.06090505222229012
2023,739603.0,2,"LAPAN, NASA",2,0.06050458653683044
2023,739604.0,2,"LAPAN, NASA",2,0.06078872133774422
2023,739605.0,2,"LAPAN, NASA",2,0.06105398329414218
2023,739606.0,2,"LAPAN, NASA",2,0.0612198920167484
2023,739611.0,2,"LAPAN, NASA",2,0.06257843247207064
2023,739622.0,2,"LAPAN, NASA",2,0.06253961256753252
2023,739623.0,2,"LAPAN, NASA",2,0.06329532599418423
2023,739624.0,2,"LAPAN, NASA",2,0.06150816811218433
2023,739625.0,2,"LAPAN, NASA",2,0.0623420799148061
2023,739626.0,2,"LAPAN, NASA",2,0.062352429626935435
2023,739627.0,2,"LAPAN, NASA",2,0.06239094043463056
2023,739628.0,2,"LAPAN, NASA",2,0.04744813639952421
2023,739629.0,2,"LAPAN, NASA",2,0.04513439744949075
2023,739668.0,2,"LAPAN, NASA",2,0.06177150783029666
2023,741152.0,2,"LAPAN, NASA",2,0.09145684241409917
2023,741154.0,2,"LAPAN, NASA",2,0.09215686468856012
2023,741155.0,2,"LAPAN, NASA",2,0.09138658110886742
2023,741189.0,2,"LAPAN, NASA",2,0.09590835628671221
2023,741194.0,2,"LAPAN, NASA",2,0.09487424931160872
2023,741201.0,2,"LAPAN, NASA",2,0.09787516166185967
2023,741202.0,2,"LAPAN, NASA",2,0.09556783020283154
2023,741203.0,2,"LAPAN, NASA",2,0.09685110352043073
2023,741204.0,2,"LAPAN, NASA",2,0.09565459198386635
2023,741206.0,2,"LAPAN, NASA",2,0.09460983592900693
2023,741207.0,2,"LAPAN, NASA",2,0.09622187204528097
2023,741211.0,2,"LAPAN, NASA",2,0.09564667653657041
2023,741217.0,2,"LAPAN, NASA",2,0.12477196680502603
2023,741219.0,2,"LAPAN, NASA",2,0.12315321630752828
2023,741222.0,2,"LAPAN, NASA",2,0.12433355717754804
2023,741223.0,2,"LAPAN, NASA",2,0.12445664196087133
2023,741224.0,2,"LAPAN, NASA",2,0.12442501045541784
2023,741249.0,2,"LAPAN, NASA",2,0.09211843752266918
2023,741262.0,2,"LAPAN, NASA",2,0.12481092409609237
2023,741263.0,2,"LAPAN, NASA",2,0.12307995835340284
2023,741264.0,2,"LAPAN, NASA",2,0.1251330338472687
2023,741291.0,2,"LAPAN, NASA",2,0.09194888668573839
2023,741295.0,2,"LAPAN, NASA",2,0.09334163319275451
2023,741298.0,2,"LAPAN, NASA",2,0.09263139909972423
2023,741299.0,2,"LAPAN, NASA",2,0.09113968268924869
2023,741300.0,2,"LAPAN, NASA",2,0.11785299339969828
2023,741301.0,2,"LAPAN, NASA",2,0.11830971371017665
2023,741304.0,2,"LAPAN, NASA",2,0.09050233136120492
2023,741305.0,3,"LAPAN, NASA",2,0.09068451135454637
2023,741306.0,3,"LAPAN, NASA",2,0.09358972756565925
2023,741307.0,3,"LAPAN, NASA",2,0.09656378699361982
2023,741309.0,2,"LAPAN, NASA",2,0.08230089640008571
2023,741310.0,2,"LAPAN, NASA",2,0.08467623501249137
2023,741311.0,2,"LAPAN, NASA",2,0.09112894854454255
2023,741312.0,3,"LAPAN, NASA",2,0.09045033388680818
2023,741318.0,2,"LAPAN, NASA",2,0.11837138880082032
2023,741319.0,2,"LAPAN, NASA",2,0.11836102692562285
2023,741320.0,2,"LAPAN, NASA",2,0.11760932382519701
2023,741334.0,2,"LAPAN, NASA",2,0.11869378953465076
2023,741359.0,2,"LAPAN, NASA",2,0.09090974476129333
2023,741363.0,2,"LAPAN, NASA",2,0.0918200514568194
2023,741367.0,2,"LAPAN, NASA",2,0.09159218007039734
2023,741379.0,2,"LAPAN, NASA",2,0.12348910033771993
2023,741399.0,2,"LAPAN, NASA",2,0.09813101207738958
2023,741491.0,2,"LAPAN, NASA",2,0.08953405063149526
2023,741493.0,2,"LAPAN, NASA",2,0.088939003756415
2023,741494.0,2,"LAPAN, NASA",2,0.08957641595594559
2023,741495.0,2,"LAPAN, NASA",2,0.0897939315243429
2023,741497.0,2,"LAPAN, NASA",2,0.08981062559797584
2023,741505.0,2,"LAPAN, NASA",2,0.09130605307403733
2023,741508.0,2,"LAPAN, NASA",2,0.09128849313919163
2023,741537.0,2,"LAPAN, NASA",2,0.1290175600995304
2023,741538.0,2,"LAPAN, NASA",2,0.1296135743885015
2023,741578.0,2,"LAPAN, NASA",2,0.09455245385432576
2023,741579.0,2,"LAPAN, NASA",2,0.09350877583310362
2023,741580.0,2,"LAPAN, NASA",2,0.09320329084491763
2023,741583.0,2,"LAPAN, NASA",2,0.09353953544613096
2023,741584.0,2,"LAPAN, NASA",2,0.09274824326406758
2023,741585.0,2,"LAPAN, NASA",2,0.09249394703040473
2023,741586.0,2,"LAPAN, NASA",2,0.09119859284959102
2023,741587.0,2,"LAPAN, NASA",2,0.09336170761508765
2023,741624.0,2,"LAPAN, NASA",2,0.2082809657312452
2023,741672.0,2,"LAPAN, NASA",2,0.09253898450968974
2023,741673.0,2,"LAPAN, NASA",2,0.09013064742797244
2023,741674.0,2,"LAPAN, NASA",2,0.09050667733553107
2023,741675.0,2,"LAPAN, NASA",2,0.09277253947203086
2023,741676.0,2,"LAPAN, NASA",2,0.09172805142250857
2023,741692.0,2,"LAPAN, NASA",2,0.07196839853316789
2023,741695.0,2,"LAPAN, NASA",2,0.06456266145102608
2023,741696.0,2,"LAPAN, NASA",2,0.08842887659355411
2023,742278.0,2,"LAPAN, NASA",2,0.10951304857604903
2023,742319.0,2,"LAPAN, NASA",2,0.1560864544155862
2023,742340.0,2,"LAPAN, NASA",2,0.10867423593178993
2023,742341.0,2,"LAPAN, NASA",2,0.10690297058732162
2023,742617.0,2,"LAPAN, NASA",2,0.10118773889753864
2023,742618.0,2,"LAPAN, NASA",2,0.10064529406959415
2023,742619.0,2,"LAPAN, NASA",2,0.10193155883301726
2023,742632.0,2,"LAPAN, NASA",2,0.09656257217691291
2023,742633.0,2,"LAPAN, NASA",2,0.09590209779033822
2023,742634.0,2,"LAPAN, NASA",2,0.09498540412971346
2023,742635.0,2,"LAPAN, NASA",2,0.09754479559922428
2023,742636.0,2,"LAPAN, NASA",2,0.09494594012342833
2023,742637.0,2,"LAPAN, NASA",2,0.09496506375420688
2023,742638.0,2,"LAPAN, NASA",2,0.09653742707481534
2023,742639.0,2,"LAPAN, NASA",2,0.09677293638029368
2023,742725.0,2,"LAPAN, NASA",2,0.06744184104764024
2023,742726.0,2,"LAPAN, NASA",2,0.06618188034059291
2023,742727.0,2,"LAPAN, NASA",2,0.06618372956133581
2023,742728.0,2,"LAPAN, NASA",2,0.06849129655975829
2023,742736.0,2,"LAPAN, NASA",2,0.0882930898262358
2023,742737.0,2,"LAPAN, NASA",2,0.08780563037070206
2023,742738.0,2,"LAPAN, NASA",2,0.08862399489735225
2023,742756.0,2,"LAPAN, NASA",2,0.06866362920263377
2023,742768.0,2,"LAPAN, NASA",2,0.09205954862401938
2023,744006.0,2,"LAPAN, NASA",2,0.048828358018494
2023,744007.0,2,"LAPAN, NASA",2,0.04976650547293207
2023,744024.0,2,"LAPAN, NASA",2,0.048435690497182236
2023,744032.0,2,"LAPAN, NASA",2,0.04862659877361178
2023,744035.0,2,"LAPAN, NASA",2,0.048135615155660484
2023,744036.0,2,"LAPAN, NASA",2,0.04886083857279613
2023,744041.0,2,"LAPAN, NASA",2,0.04862044283919987
2023,744048.0,2,"LAPAN, NASA",2,0.04827763856132768
2023,744049.0,2,"LAPAN, NASA",2,0.04905219629289477
2023,744050.0,2,"LAPAN, NASA",2,0.049057823675753724
2023,744052.0,2,"LAPAN, NASA",2,0.048084957488807485
2023,744053.0,2,"LAPAN, NASA",2,0.04711660960847247
2023,744054.0,2,"LAPAN, NASA",2,0.0479085430531659
2023,744055.0,2,"LAPAN, NASA",2,0.047926317727934806
2023,744056.0,2,"LAPAN, NASA",2,0.04845086429371606
2023,744057.0,2,"LAPAN, NASA",2,0.0481464953863985
2023,744058.0,2,"LAPAN, NASA",2,0.0485118364948546
2023,744059.0,2,"LAPAN, NASA",2,0.04756109517395082
2023,744060.0,2,"LAPAN, NASA",2,0.04858013126080814
2023,744062.0,2,"LAPAN, NASA",2,0.0475568154921684
2023,744068.0,2,"LAPAN, NASA",2,0.06630507708071758
2023,744069.0,2,"LAPAN, NASA",2,0.0669360209507677
2023,744070.0,2,"LAPAN, NASA",2,0.06737809511768976
2023,744093.0,2,"LAPAN, NASA",2,0.06467989233833821
2023,744094.0,2,"LAPAN, NASA",2,0.0648991867387559
2023,744097.0,2,"LAPAN, NASA",2,0.05023881443799768
2023,744098.0,2,"LAPAN, NASA",2,0.04976050900655231
2023,744099.0,2,"LAPAN, NASA",2,0.047744282936555894
2023,744107.0,2,"LAPAN, NASA",2,0.04809298943992187
2023,744108.0,2,"LAPAN, NASA",2,0.04802295774427433
2023,744109.0,2,"LAPAN, NASA",2,0.0483734031727518
2023,744110.0,2,"LAPAN, NASA",2,0.04809000798609487
2023,744113.0,2,"LAPAN, NASA",2,0.04792772843005845
2023,744114.0,2,"LAPAN, NASA",2,0.047541463566266574
2023,744117.0,2,"LAPAN, NASA",2,0.04870963905735395
2023,744120.0,2,"LAPAN, NASA",2,0.04743116389942544
2023,744121.0,2,"LAPAN, NASA",2,0.04728019255453938
2023,744122.0,2,"LAPAN, NASA",2,0.04709880146566814
2023,744123.0,2,"LAPAN, NASA",2,0.047320323205852444
2023,744124.0,2,"LAPAN, NASA",2,0.04754335037579156
2023,744125.0,2,"LAPAN, NASA",2,0.047512714173984366
2023,744126.0,2,"LAPAN, NASA",2,0.04773683767637009
2023,744127.0,2,"LAPAN, NASA",2,0.04746729043656035
2023,744128.0,2,"LAPAN, NASA",2,0.04771850439966503
2023,744129.0,2,"LAPAN, NASA",2,0.04799011687055992
2023,744131.0,2,"LAPAN, NASA",2,0.04691502249835122
2023,744132.0,2,"LAPAN, NASA",2,0.04708774346933289
2023,744133.0,2,"LAPAN, NASA",2,0.04768575399282516
2023,744134.0,2,"LAPAN, NASA",2,0.047280153393438114
2023,744135.0,2,"LAPAN, NASA",2,0.04639966052961464
2023,744136.0,2,"LAPAN, NASA",2,0.04803501165289228
2023,744138.0,2,"LAPAN, NASA",2,0.04830524602049942
2023,744139.0,2,"LAPAN, NASA",2,0.047200933483126366
2023,744175.0,2,"LAPAN, NASA",2,0.06546299423394604
2023,744187.0,2,"LAPAN, NASA",2,0.0662613598237816
2023,744188.0,2,"LAPAN, NASA",2,0.06705948739392002
2023,744189.0,2,"LAPAN, NASA",2,0.06652123018171278
2023,744190.0,2,"LAPAN, NASA",2,0.06641484684843597
2023,744192.0,2,"LAPAN, NASA",2,0.06671686915543336
2023,744199.0,2,"LAPAN, NASA",2,0.06593796692176948
2023,744202.0,2,"LAPAN, NASA",2,0.0658865415916068
2023,744208.0,2,"LAPAN, NASA",2,0.0650122655379426
2023,744265.0,2,"LAPAN, NASA",2,0.0474198255446892
2023,744427.0,2,"LAPAN, NASA",2,0.06638016858870455
2023,744431.0,2,"LAPAN, NASA",2,0.047989096283098706
2023,744433.0,2,"LAPAN, NASA",2,0.04777686968815163
2023,744434.0,2,"LAPAN, NASA",2,0.04762070825684631
2023,744435.0,2,"LAPAN, NASA",2,0.048483886534593484
2023,744436.0,2,"LAPAN, NASA",2,0.048498552386339384
2023,744583.0,2,"LAPAN, NASA",2,0.04903541308005654
2023,744673.0,2,"LAPAN, NASA",2,0.06650728748301421
2023,744740.0,2,"LAPAN, NASA",2,0.06655079275461266
2023,744741.0,2,"LAPAN, NASA",2,0.06557364357385206
2023,744744.0,2,"LAPAN, NASA",2,0.04726558462861202
2023,744747.0,2,"LAPAN, NASA",2,0.048071488583240146
2023,744749.0,2,"LAPAN, NASA",2,0.0475955231127488
2023,744751.0,2,"LAPAN, NASA",2,0.04743187069579364
2023,744752.0,2,"LAPAN, NASA",2,0.04647052226549621
2023,744754.0,2,"LAPAN, NASA",2,0.04766679252754438
2023,744755.0,2,"LAPAN, NASA",2,0.047462672171960756
2023,744760.0,2,"LAPAN, NASA",2,0.047832542456371904
2023,744761.0,2,"LAPAN, NASA",2,0.04762380147466102
2023,744763.0,2,"LAPAN, NASA",2,0.04879304823767992
2023,744764.0,2,"LAPAN, NASA",2,0.04783712539458042
2023,744765.0,2,"LAPAN, NASA",2,0.0476919830494676
2023,744768.0,2,"LAPAN, NASA",2,0.04767150524318647
2023,744769.0,2,"LAPAN, NASA",2,0.04803718863722156
2023,744770.0,2,"LAPAN, NASA",2,0.046329055722309075
2023,744773.0,2,"LAPAN, NASA",2,0.047805604545394294
2023,744777.0,2,"LAPAN, NASA",2,0.04703917487352948
2023,744779.0,2,"LAPAN, NASA",2,0.04752470439533705
2023,744780.0,2,"LAPAN, NASA",2,0.048418474043773654
2023,744781.0,2,"LAPAN, NASA",2,0.047789531360444365
2023,744782.0,2,"LAPAN, NASA",2,0.048659278029722204
2023,744784.0,2,"LAPAN, NASA",2,0.04658179820470048
2023,744785.0,2,"LAPAN, NASA",2,0.04784165882773337
2023,744786.0,2,"LAPAN, NASA",2,0.04804619486753798
2023,744807.0,2,"LAPAN, NASA",2,0.06532818204998607
2023,744808.0,2,"LAPAN, NASA",2,0.06453004518728164
2023,744822.0,2,"LAPAN, NASA",2,0.04832551571310236
2023,744824.0,2,"LAPAN, NASA",2,0.048455284517753376
2023,744825.0,2,"LAPAN, NASA",2,0.048449237679915234
2023,744826.0,2,"LAPAN, NASA",2,0.04780489572850668
2023,744850.0,2,"LAPAN, NASA",2,0.06410396838177172
2023,744852.0,2,"LAPAN, NASA",2,0.06505571776368484
2023,744857.0,2,"LAPAN, NASA",2,0.06434855819319303
2023,744858.0,2,"LAPAN, NASA",2,0.06407989654458882
2023,744859.0,2,"LAPAN, NASA",2,0.06450733270020031
2023,744862.0,2,"LAPAN, NASA",2,0.06382319038367992
2023,744863.0,2,"LAPAN, NASA",2,0.06358692005072751
2023,744864.0,2,"LAPAN, NASA",2,0.06501374455714444
2023,744871.0,2,"LAPAN, NASA",2,0.0650995237735547
2023,744872.0,2,"LAPAN, NASA",2,0.06462682895865833
2023,744886.0,2,"LAPAN, NASA",2,0.06540405675495937
2023,744890.0,2,"LAPAN, NASA",2,0.06554663823054048
2023,744891.0,2,"LAPAN, NASA",2,0.06484162892756215
2023,744944.0,2,"LAPAN, NASA",2,0.06622236877178556
2023,744945.0,2,"LAPAN, NASA",2,0.06610998171544748
2023,744946.0,2,"LAPAN, NASA",2,0.06535784979200672
2023,745086.0,2,"LAPAN, NASA",2,0.06209128223825322
2023,745087.0,2,"LAPAN, NASA",2,0.061925307889121345
2023,745089.0,2,"LAPAN, NASA",2,0.061924712241925625
2023,745092.0,2,"LAPAN, NASA",2,0.04712300643339464
2023,745120.0,2,"LAPAN, NASA",2,0.047432552430808725
2023,745122.0,2,"LAPAN, NASA",2,0.0494521053345112
2023,745162.0,2,"LAPAN, NASA",2,0.04784180442806636
2023,745163.0,2,"LAPAN, NASA",2,0.048667150227686855
2023,745192.0,2,"LAPAN, NASA",2,0.06422854047091785
2023,745193.0,2,"LAPAN, NASA",2,0.0652430676426111
2023,745232.0,2,"LAPAN, NASA",2,0.04826324075728063
2023,745257.0,2,"LAPAN, NASA",2,0.04713646109461432
2023,745258.0,2,"LAPAN, NASA",2,0.047128138637401264
2023,745279.0,2,"LAPAN, NASA",2,0.06640677528602415
2023,745309.0,2,"LAPAN, NASA",2,0.04656674236936238
2023,745310.0,2,"LAPAN, NASA",2,0.0470984871314367
2023,745311.0,2,"LAPAN, NASA",2,0.04733252975610286
2023,745312.0,2,"LAPAN, NASA",2,0.04674026861043758
2023,745313.0,2,"LAPAN, NASA",2,0.04759808993001876
2023,745314.0,2,"LAPAN, NASA",2,0.04674699252632098
2023,745315.0,2,"LAPAN, NASA",2,0.046972845943543305
2023,745316.0,2,"LAPAN, NASA",2,0.047016677183893664
2023,745317.0,2,"LAPAN, NASA",2,0.046398809217024675
2023,745318.0,2,"LAPAN, NASA",2,0.047285979488213885
2023,745319.0,2,"LAPAN, NASA",2,0.04665445146560074
2023,745321.0,2,"LAPAN, NASA",2,0.047211700343063955
2023,745322.0,2,"LAPAN, NASA",2,0.04637194561022726
2023,745323.0,2,"LAPAN, NASA",2,0.047380877481879816
2023,745333.0,2,"LAPAN, NASA",2,0.049159485640593255
2023,745341.0,2,"LAPAN, NASA",2,0.04711179959912613
2023,745347.0,2,"LAPAN, NASA",2,0.06708603451754139
2023,745348.0,2,"LAPAN, NASA",2,0.06615561541997556
2023,745350.0,2,"LAPAN, NASA",2,0.06664106595631449
2023,745361.0,2,"LAPAN, NASA",2,0.045883902232375304
2023,745369.0,2,"LAPAN, NASA",2,0.048261851560009034
2023,745370.0,2,"LAPAN, NASA",2,0.04689452051381509
2023,745373.0,2,"LAPAN, NASA",2,0.04620196054495507
2023,745374.0,2,"LAPAN, NASA",2,0.04689113769698517
2023,745375.0,2,"LAPAN, NASA",2,0.04679446378317457
2023,745379.0,2,"LAPAN, NASA",2,0.04695929661708398
2023,745380.0,2,"LAPAN, NASA",2,0.046954371827492604
2023,745384.0,2,"LAPAN, NASA",2,0.04734086631775966
2023,745413.0,2,"LAPAN, NASA",2,0.04601419869271785
2023,745414.0,2,"LAPAN, NASA",2,0.04692556685514945
2023,745415.0,2,"LAPAN, NASA",2,0.046360393178972364
2023,745416.0,2,"LAPAN, NASA",2,0.0467477714010918
2023,745420.0,2,"LAPAN, NASA",2,0.04705036716312607
2023,745421.0,2,"LAPAN, NASA",2,0.04712527934910593
2023,745422.0,2,"LAPAN, NASA",2,0.04630929915919456
2023,745568.0,2,"LAPAN, NASA",2,0.1597955178407815
2023,745569.0,2,"LAPAN, NASA",2,0.1589260236499229
2023,745570.0,2,"LAPAN, NASA",2,0.2133014356941896
2023,745572.0,2,"LAPAN, NASA",2,0.21348568160521753
2023,745573.0,2,"LAPAN, NASA",2,0.2125595806682434
2023,745583.0,2,"LAPAN, NASA",2,0.2237412252323937
2023,745584.0,2,"LAPAN, NASA",2,0.22071828970509685
2023,745585.0,2,"LAPAN, NASA",2,0.22525534579111953
2023,745586.0,2,"LAPAN, NASA",2,0.22774354143724987
2023,745587.0,2,"LAPAN, NASA",2,0.22738462783689412
2023,745588.0,2,"LAPAN, NASA",2,0.22412350247116417
2023,745589.0,2,"LAPAN, NASA",2,0.22393138546809624
2023,745590.0,2,"LAPAN, NASA",2,0.22415587620067123
2023,745601.0,2,"LAPAN, NASA",2,0.30529703453452545
2023,745602.0,2,"LAPAN, NASA",2,0.3015034528874906
2023,745603.0,2,"LAPAN, NASA",2,0.29762513413221076
2023,745751.0,2,"LAPAN, NASA",2,0.24055409332027308
2023,745783.0,2,"LAPAN, NASA",2,0.16474066406589022
2023,746036.0,2,"LAPAN, NASA",2,0.16014342400257886
2023,746318.0,2,"LAPAN, NASA",2,0.16077577171245197
2023,746320.0,2,"LAPAN, NASA",2,0.15397606852560736
2023,746322.0,2,"LAPAN, NASA",2,0.1659898729817446
2023,746323.0,2,"LAPAN, NASA",2,0.16708210415033878
2023,746324.0,2,"LAPAN, NASA",2,0.16309364481911712
2023,746325.0,2,"LAPAN, NASA",2,0.16512904799640074
2023,746326.0,2,"LAPAN, NASA",2,0.16568075831595278
2023,746327.0,2,"LAPAN, NASA",2,0.16629723306152658
2023,746328.0,2,"LAPAN, NASA",2,0.1663309258903447
2023,746335.0,2,"LAPAN, NASA",2,0.21279345858927212
2023,746336.0,2,"LAPAN, NASA",2,0.2128684658560383
2023,746337.0,2,"LAPAN, NASA",2,0.2106217530711532
2023,746338.0,2,"LAPAN, NASA",2,0.2122005692293323
2023,746339.0,2,"LAPAN, NASA",2,0.21407349904457612
2023,746340.0,2,"LAPAN, NASA",2,0.21551466274933964
2023,746341.0,2,"LAPAN, NASA",2,0.21480221236181166
2023,746342.0,2,"LAPAN, NASA",2,0.2134432480418504
2023,746428.0,2,"LAPAN, NASA",2,0.15248494090095377
2023,746429.0,2,"LAPAN, NASA",2,0.1513342168980524
2023,747377.0,2,"LAPAN, NASA",2,0.05860364082617658
2023,747378.0,2,"LAPAN, NASA",2,0.06007646038466466
2023,747380.0,2,"LAPAN, NASA",2,0.05875297487655308
2023,747381.0,2,"LAPAN, NASA",2,0.06016174002651115
2023,747663.0,2,"LAPAN, NASA",2,0.0750117400960058
2023,747665.0,2,"LAPAN, NASA",2,0.07587262946599396
2023,747666.0,2,"LAPAN, NASA",2,0.07711182323392843
2023,747667.0,2,"LAPAN, NASA",2,0.07639344401951473
2023,747669.0,2,"LAPAN, NASA",2,0.07506664754107546
2023,747670.0,2,"LAPAN, NASA",2,0.0765741086998125
2023,747671.0,2,"LAPAN, NASA",2,0.07753151001966783
2023,747672.0,2,"LAPAN, NASA",2,0.07733155365842392
2023,747673.0,2,"LAPAN, NASA",2,0.07628361005954538
2023,747677.0,2,"LAPAN, NASA",2,0.07718093111991156
2023,747680.0,2,"LAPAN, NASA",2,0.07650366255349807
2023,747693.0,2,"LAPAN, NASA",2,0.05802977093947967
2023,747711.0,2,"LAPAN, NASA",2,0.05948198932338617
2023,747719.0,2,"LAPAN, NASA",2,0.05913805358902248
2023,747720.0,2,"LAPAN, NASA",2,0.058763768023822716
2023,747721.0,2,"LAPAN, NASA",2,0.059553099879677295
2023,747722.0,2,"LAPAN, NASA",2,0.05813155368250552
2023,747757.0,2,"LAPAN, NASA",2,0.07502208748829331
2023,747763.0,2,"LAPAN, NASA",2,0.07380901561358708
2023,747764.0,2,"LAPAN, NASA",2,0.07445602505824635
2023,747765.0,2,"LAPAN, NASA",2,0.074232902706937
2023,747770.0,2,"LAPAN, NASA",2,0.07400770239131295
2023,747771.0,2,"LAPAN, NASA",2,0.07458635492581173
2023,747788.0,2,"LAPAN, NASA",2,0.07401666670246831
2023,747790.0,2,"LAPAN, NASA",2,0.07492801774449333
2023,748321.0,4,"LAPAN, NASA",2,0.48716021302690493
2023,748343.0,2,"LAPAN, NASA",2,0.07440602648902662
2023,748348.0,2,"LAPAN, NASA",2,0.08189699717503673
2023,748350.0,2,"LAPAN, NASA",2,0.07775352475332135
2023,748471.0,2,"LAPAN, NASA",2,0.09584071543493443
2023,748475.0,2,"LAPAN, NASA",2,0.09149723125102563
2023,748477.0,2,"LAPAN, NASA",2,0.09215097541161796
2023,748478.0,2,"LAPAN, NASA",2,0.09142742073188377
2023,748480.0,2,"LAPAN, NASA",2,0.09104668023169593
2023,748481.0,2,"LAPAN, NASA",2,0.0918544979238777
2023,748482.0,2,"LAPAN, NASA",2,0.09133944204054187
2023,748483.0,2,"LAPAN, NASA",2,0.09294472805030171
2023,748484.0,2,"LAPAN, NASA",2,0.09060721858641915
2023,748485.0,2,"LAPAN, NASA",2,0.09117192943065955
2023,748486.0,2,"LAPAN, NASA",2,0.0915969516262874
2023,748487.0,2,"LAPAN, NASA",2,0.09253115108755065
2023,748488.0,2,"LAPAN, NASA",2,0.09190111472732923
2023,748489.0,2,"LAPAN, NASA",2,0.09120235482035063
2023,748490.0,2,"LAPAN, NASA",2,0.09111730866336067
2023,748491.0,2,"LAPAN, NASA",2,0.09106980754361542
2023,748492.0,2,"LAPAN, NASA",2,0.09171041866776722
2023,748493.0,2,"LAPAN, NASA",2,0.0924160675341917
2023,748494.0,2,"LAPAN, NASA",2,0.09097985395090911
2023,748495.0,2,"LAPAN, NASA",2,0.09092067373631504
2023,748518.0,2,"LAPAN, NASA",2,0.07666152419524533
2023,748521.0,2,"LAPAN, NASA",2,0.07577478068908736
2023,748526.0,2,"LAPAN, NASA",2,0.0763027381702161
2023,748557.0,2,"LAPAN, NASA",2,0.09316783180451688
2023,748634.0,2,"LAPAN, NASA",2,0.07624319899250165
2023,748635.0,2,"LAPAN, NASA",2,0.07473644446669976
2023,748636.0,2,"LAPAN, NASA",2,0.0743104926319525
2023,748640.0,2,"LAPAN, NASA",2,0.07432603282325964
2023,748642.0,2,"LAPAN, NASA",2,0.07474988559769827
2023,748643.0,2,"LAPAN, NASA",2,0.07403953316215423
2023,748679.0,2,"LAPAN, NASA",2,0.07634315812824692
2023,748702.0,2,"LAPAN, NASA",2,0.0757713100116282
2023,748704.0,2,"LAPAN, NASA",2,0.07471159622032054
2023,748705.0,2,"LAPAN, NASA",2,0.07538882750231411
2023,748747.0,2,"LAPAN, NASA",2,0.07645323936783685
2023,748751.0,2,"LAPAN, NASA",2,0.07636642339355314
2023,748752.0,2,"LAPAN, NASA",2,0.0759530098066177
2023,748753.0,2,"LAPAN, NASA",2,0.07734826427929797
2023,748760.0,2,"LAPAN, NASA",2,0.07627642324749694
2023,748769.0,2,"LAPAN, NASA",2,0.07607704365670036
2023,748770.0,2,"LAPAN, NASA",2,0.07574713066926803
2023,748773.0,2,"LAPAN, NASA",2,0.07669330495673324
2023,748774.0,2,"LAPAN, NASA",2,0.0767527644554446
2023,748799.0,2,"LAPAN, NASA",2,0.060316802490819305
2023,748800.0,2,"LAPAN, NASA",2,0.05944774666353797
2023,748802.0,2,"LAPAN, NASA",2,0.06030719976151891
2023,748833.0,2,"LAPAN, NASA",2,0.07742186148706628
2023,748845.0,2,"LAPAN, NASA",2,0.07721155404718065
2023,748846.0,2,"LAPAN, NASA",2,0.07741602228108913
2023,748847.0,2,"LAPAN, NASA",2,0.07642788133767302
2023,748848.0,2,"LAPAN, NASA",2,0.07714048673553649
2023,748849.0,2,"LAPAN, NASA",2,0.07687827523622806
2023,748850.0,2,"LAPAN, NASA",2,0.07703241700994479
2023,748851.0,2,"LAPAN, NASA",2,0.07723325022841591
2023,748852.0,2,"LAPAN, NASA",2,0.07638039610497785
2023,748854.0,2,"LAPAN, NASA",2,0.07673951776522378
2023,748856.0,2,"LAPAN, NASA",2,0.07657493457750851
2023,748857.0,2,"LAPAN, NASA",2,0.07656572494728606
2023,748858.0,2,"LAPAN, NASA",2,0.07620073430195619
2023,748859.0,2,"LAPAN, NASA",2,0.07658704197989619
2023,748860.0,2,"LAPAN, NASA",2,0.07620823191906438
2023,748861.0,2,"LAPAN, NASA",2,0.0767711997665959
2023,748862.0,2,"LAPAN, NASA",2,0.07584907541208928
2023,748864.0,2,"LAPAN, NASA",2,0.07587202447425842
2023,748868.0,2,"LAPAN, NASA",2,0.0775938267704093
2023,748872.0,2,"LAPAN, NASA",2,0.07652961325260325
2023,748873.0,2,"LAPAN, NASA",2,0.07422891417277964
2023,748875.0,2,"LAPAN, NASA",2,0.0740147687428068
2023,748876.0,2,"LAPAN, NASA",2,0.07349758038957178
2023,748879.0,2,"LAPAN, NASA",2,0.07468666883784489
2023,748880.0,2,"LAPAN, NASA",2,0.07601478990468666
2023,748881.0,2,"LAPAN, NASA",2,0.07348198224032904
2023,748882.0,2,"LAPAN, NASA",2,0.07324855258941662
2023,748885.0,2,"LAPAN, NASA",2,0.0735696993918308
2023,748886.0,2,"LAPAN, NASA",2,0.07358537085256933
2023,748887.0,2,"LAPAN, NASA",2,0.07408184393824353
2023,748951.0,2,"LAPAN, NASA",2,0.07474941194332982
2023,748954.0,2,"LAPAN, NASA",2,0.07459762531344967
2023,748955.0,2,"LAPAN, NASA",2,0.07463764105040026
2023,748976.0,4,"LAPAN, NASA",2,0.4734129072720278
2023,748984.0,2,"LAPAN, NASA",2,0.0746000569618971
2023,748986.0,2,"LAPAN, NASA",2,0.07591826830626679
2023,748994.0,2,"LAPAN, NASA",2,0.07614779662161088
2023,748996.0,2,"LAPAN, NASA",2,0.07429306144238675
2023,749022.0,2,"LAPAN, NASA",2,0.05931406479973807
2023,749023.0,2,"LAPAN, NASA",2,0.059966144707022606
2023,749025.0,2,"LAPAN, NASA",2,0.057581218079392225
2023,751576.0,3,"LAPAN, NASA",2,0.10536473014929307
2023,751810.0,2,"LAPAN, NASA",2,0.1331789594879634
2023,751811.0,2,"LAPAN, NASA",2,0.13236286236520953
2023,751812.0,2,"LAPAN, NASA",2,0.13112105570024912
2023,751813.0,2,"LAPAN, NASA",2,0.10798832277867025
2023,751869.0,2,"LAPAN, NASA",2,0.11589715813034968
2023,751874.0,4,"LAPAN, NASA",2,0.19530424442213296
2023,751890.0,2,"LAPAN, NASA",2,0.18905703425406073
2023,751891.0,2,"LAPAN, NASA",2,0.18665027001276874
2023,751954.0,2,"LAPAN, NASA",2,0.1743611709849411
2023,751958.0,2,"LAPAN, NASA",2,0.14516441677895686
2023,751959.0,2,"LAPAN, NASA",2,0.14364391612466068
2023,751960.0,2,"LAPAN, NASA",2,0.14585531542366298
2023,751961.0,2,"LAPAN, NASA",2,0.14624142945181623
2023,751962.0,2,"LAPAN, NASA",2,0.1432685302040833
2023,751967.0,2,"LAPAN, NASA",2,0.14483754657324724
2023,751968.0,2,"LAPAN, NASA",2,0.14191491849904814
2023,751978.0,2,"LAPAN, NASA",2,0.18125469700798405
2023,752026.0,2,"LAPAN, NASA",2,0.14894464123116483
2023,752045.0,2,"LAPAN, NASA",2,0.11071073448499887
2023,752052.0,2,"LAPAN, NASA",2,0.13167945563931208
2023,752054.0,2,"LAPAN, NASA",2,0.1144039749995282
2023,752055.0,2,"LAPAN, NASA",2,0.11445522862799369
2023,752056.0,2,"LAPAN, NASA",2,0.11395663292370993
2023,752057.0,2,"LAPAN, NASA",2,0.1121354974765632
2023,752059.0,2,"LAPAN, NASA",2,0.11372259536555264
2023,752060.0,2,"LAPAN, NASA",2,0.11428367321909638
2023,752061.0,2,"LAPAN, NASA",2,0.1135125542150665
2023,752062.0,2,"LAPAN, NASA",2,0.11366938121606776
2023,752063.0,2,"LAPAN, NASA",2,0.11295439357058694
2023,752064.0,2,"LAPAN, NASA",2,0.1148231896340174
2023,752065.0,2,"LAPAN, NASA",2,0.11208995259674771
2023,752066.0,2,"LAPAN, NASA",2,0.11379736584307826
2023,752069.0,2,"LAPAN, NASA",2,0.11010975941401935
2023,752071.0,2,"LAPAN, NASA",2,0.13186901189705563
2023,752115.0,2,"LAPAN, NASA",2,0.1108945873451895
2023,752116.0,2,"LAPAN, NASA",2,0.11116642844150272
2023,752117.0,2,"LAPAN, NASA",2,0.11072750581819417
2023,752121.0,2,"LAPAN, NASA",2,0.11164933424274139
2023,752122.0,2,"LAPAN, NASA",2,0.1106236433254184
2023,752125.0,2,"LAPAN, NASA",2,0.13464320052322704
2023,752126.0,2,"LAPAN, NASA",2,0.13400511977661253
2023,752127.0,2,"LAPAN, NASA",2,0.13408789109368177
2023,752129.0,2,"LAPAN, NASA",2,0.13444844202644657
2023,752130.0,2,"LAPAN, NASA",2,0.13439149764992
2023,752131.0,2,"LAPAN, NASA",2,0.13424514347040076
2023,752132.0,2,"LAPAN, NASA",2,0.13432782058329476
2023,752133.0,2,"LAPAN, NASA",2,0.1355703517837618
2023,752135.0,2,"LAPAN, NASA",2,0.13403332066474058
2023,752136.0,2,"LAPAN, NASA",2,0.13359333247542476
2023,752138.0,2,"LAPAN, NASA",2,0.1343973641445771
2023,752139.0,2,"LAPAN, NASA",2,0.13437108968888561
2023,752140.0,2,"LAPAN, NASA",2,0.13366844902253436
2023,752146.0,2,"LAPAN, NASA",2,0.1341277573541572
2023,752147.0,2,"LAPAN, NASA",2,0.13406621335169094
2023,752150.0,2,"LAPAN, NASA",2,0.13404636894317634
2023,752197.0,2,"LAPAN, NASA",2,0.13489842249382056
2023,752198.0,2,"LAPAN, NASA",2,0.13420592185833344
2023,752213.0,2,"LAPAN, NASA",2,0.11444909684787923
2023,752214.0,2,"LAPAN, NASA",2,0.1139455498686843
2023,752259.0,2,"LAPAN, NASA",2,0.13148310306355618
2023,752260.0,2,"LAPAN, NASA",2,0.131991848082578
2023,752265.0,2,"LAPAN, NASA",2,0.10746326980744535
2023,752266.0,2,"LAPAN, NASA",2,0.10894169157556088
2023,752269.0,2,"LAPAN, NASA",2,0.10825835451413142
2023,752270.0,2,"LAPAN, NASA",2,0.10880405069288313
2023,752271.0,2,"LAPAN, NASA",2,0.1091384746788332
2023,752272.0,2,"LAPAN, NASA",2,0.10803558247556175
2023,752273.0,2,"LAPAN, NASA",2,0.10871489815467648
2023,752276.0,2,"LAPAN, NASA",2,0.10763673015303248
2023,752295.0,2,"LAPAN, NASA",2,0.11007780766374858
2023,752296.0,2,"LAPAN, NASA",2,0.10964039858317898
2023,752297.0,2,"LAPAN, NASA",2,0.10872984041053514
2023,752298.0,2,"LAPAN, NASA",2,0.10976325306171672
2023,752775.0,2,"LAPAN, NASA",2,0.0918106327113078
2023,752776.0,2,"LAPAN, NASA",2,0.09141569360964569
2023,752783.0,2,"LAPAN, NASA",2,0.06612515960734311
2023,752784.0,2,"LAPAN, NASA",2,0.0668036931190793
2023,752785.0,2,"LAPAN, NASA",2,0.06707963638574863
2023,752786.0,2,"LAPAN, NASA",2,0.06596755416925963
2023,752787.0,2,"LAPAN, NASA",2,0.06694810911187798
2023,752790.0,2,"LAPAN, NASA",2,0.0681323888082394
2023,752792.0,2,"LAPAN, NASA",2,0.08533285946523679
2023,752803.0,2,"LAPAN, NASA",2,0.06167067927353371
2023,752804.0,2,"LAPAN, NASA",2,0.06128469228358008
2023,752805.0,2,"LAPAN, NASA",2,0.0620985542186864
2023,752806.0,2,"LAPAN, NASA",2,0.06134875877757391
2023,752818.0,2,"LAPAN, NASA",2,0.07716360211159183
2023,752819.0,2,"LAPAN, NASA",2,0.07708901164979479
2023,754545.0,3,"LAPAN, NASA",2,0.3787876436371224
2023,754552.0,2,"LAPAN, NASA",2,0.13559998255454755
2023,754856.0,2,"LAPAN, NASA",2,0.06667941516079277
2023,754857.0,2,"LAPAN, NASA",2,0.06424166186182335
2023,754861.0,2,"LAPAN, NASA",2,0.052218648868650554
2023,754862.0,2,"LAPAN, NASA",2,0.051825274506054037
2023,754863.0,2,"LAPAN, NASA",2,0.051197224228804704
2023,754864.0,2,"LAPAN, NASA",2,0.05155187371401411
2023,754867.0,2,"LAPAN, NASA",2,0.05133827525568108
2023,754868.0,2,"LAPAN, NASA",2,0.0504905912543742
2023,754869.0,2,"LAPAN, NASA",2,0.051959715156913215
2023,754870.0,2,"LAPAN, NASA",2,0.051339577183227264
2023,754871.0,2,"LAPAN, NASA",2,0.05097796111781333
2023,754872.0,2,"LAPAN, NASA",2,0.052072878353852194
2023,754873.0,2,"LAPAN, NASA",2,0.051906147105464075
2023,754874.0,2,"LAPAN, NASA",2,0.05051343001485515
2023,754875.0,2,"LAPAN, NASA",2,0.051982327834282915
2023,754876.0,2,"LAPAN, NASA",2,0.05215056277908887
2023,754891.0,2,"LAPAN, NASA",2,0.054002905999017095
2023,754892.0,2,"LAPAN, NASA",2,0.05334375672667536
2023,754893.0,2,"LAPAN, NASA",2,0.05339218243368508
2023,754894.0,2,"LAPAN, NASA",2,0.05326927286246594
2023,754896.0,2,"LAPAN, NASA",2,0.05351636125604074
2023,754897.0,2,"LAPAN, NASA",2,0.05271134058324326
2023,754898.0,2,"LAPAN, NASA",2,0.053330498191042075
2023,754902.0,2,"LAPAN, NASA",2,0.05201152077444383
2023,754903.0,2,"LAPAN, NASA",2,0.05187639274930097
2023,754904.0,2,"LAPAN, NASA",2,0.05245393225176885
2023,754907.0,2,"LAPAN, NASA",2,0.05278568926826492
2023,754908.0,2,"LAPAN, NASA",2,0.05265098067780594
2023,754914.0,2,"LAPAN, NASA",2,0.05367327456822586
2023,754915.0,2,"LAPAN, NASA",2,0.05344836664895948
2023,754917.0,2,"LAPAN, NASA",2,0.05323141744263594
2023,754974.0,2,"LAPAN, NASA",2,0.06382495433033161
2023,754975.0,2,"LAPAN, NASA",2,0.06364491594130937
2023,754977.0,2,"LAPAN, NASA",2,0.06461265178035754
2023,754978.0,2,"LAPAN, NASA",2,0.06444806500220779
2023,754979.0,2,"LAPAN, NASA",2,0.06394838733078136
2023,754980.0,2,"LAPAN, NASA",2,0.06455162668060901
2023,754981.0,2,"LAPAN, NASA",2,0.06446288598013478
2023,754982.0,2,"LAPAN, NASA",2,0.06302474498767635
2023,754983.0,2,"LAPAN, NASA",2,0.05431900479544072
2023,754984.0,2,"LAPAN, NASA",2,0.06433894140346476
2023,754987.0,2,"LAPAN, NASA",2,0.06394960228092286
2023,754998.0,2,"LAPAN, NASA",2,0.049987894181375794
2023,754999.0,2,"LAPAN, NASA",2,0.047910733729624747
2023,755001.0,2,"LAPAN, NASA",2,0.06597188319990442
2023,755002.0,2,"LAPAN, NASA",2,0.06441583379891891
2023,755003.0,2,"LAPAN, NASA",2,0.06516722648522383
2023,755004.0,2,"LAPAN, NASA",2,0.06463785471987964
2023,755005.0,2,"LAPAN, NASA",2,0.054030576932366056
2023,755006.0,2,"LAPAN, NASA",2,0.053494517359198496
2023,755011.0,2,"LAPAN, NASA",2,0.06865968627725122
2023,755023.0,2,"LAPAN, NASA",2,0.0683437747215394
2023,755027.0,2,"LAPAN, NASA",2,0.06936384373378938
2023,755060.0,2,"LAPAN, NASA",2,0.06952996279007488
2023,755061.0,2,"LAPAN, NASA",2,0.06966495903494599
2023,755062.0,2,"LAPAN, NASA",2,0.06939370558305967
2023,755064.0,2,"LAPAN, NASA",2,0.06980419294284412
2023,755065.0,2,"LAPAN, NASA",2,0.06897713209082748
2023,755068.0,2,"LAPAN, NASA",2,0.053683612580147755
2023,755069.0,2,"LAPAN, NASA",2,0.054055848745329975
2023,755070.0,2,"LAPAN, NASA",2,0.0532398044665802
2023,755071.0,2,"LAPAN, NASA",2,0.05334065212345606
2023,755091.0,2,"LAPAN, NASA",2,0.0680553030354256
2023,755093.0,2,"LAPAN, NASA",2,0.06958987508908297
2023,755094.0,2,"LAPAN, NASA",2,0.069321789772158
2023,755095.0,2,"LAPAN, NASA",2,0.06884043481373008
2023,755096.0,2,"LAPAN, NASA",2,0.0688235035653263
2023,755097.0,2,"LAPAN, NASA",2,0.06833051226937815
2023,755098.0,2,"LAPAN, NASA",2,0.06911205051572213
2023,755138.0,2,"LAPAN, NASA",2,0.04768074892640068
2023,755141.0,2,"LAPAN, NASA",2,0.04900142200897428
2023,755142.0,2,"LAPAN, NASA",2,0.048291331311437584
2023,755149.0,2,"LAPAN, NASA",2,0.06491846890824661
2023,755153.0,2,"LAPAN, NASA",2,0.06249657848751273
2023,758108.0,2,"LAPAN, NASA",2,0.059642402465152004
2023,758113.0,2,"LAPAN, NASA",2,0.060610631426773434
2023,758117.0,2,"LAPAN, NASA",2,0.06204238614566127
2023,758118.0,2,"LAPAN, NASA",2,0.06255340929459181
2023,758198.0,2,"LAPAN, NASA",2,0.07967918521763995
2023,758200.0,2,"LAPAN, NASA",2,0.0584312284054276
2023,758201.0,2,"LAPAN, NASA",2,0.05752903872849086
2023,758212.0,2,"LAPAN, NASA",2,0.057794833584834115
2023,758213.0,2,"LAPAN, NASA",2,0.05655161425773892
2023,758214.0,2,"LAPAN, NASA",2,0.05775871235578088
2023,758215.0,2,"LAPAN, NASA",2,0.05838909263378628
2023,758216.0,2,"LAPAN, NASA",2,0.059564069682178755
2023,758217.0,2,"LAPAN, NASA",2,0.05915383883727072
2023,758219.0,2,"LAPAN, NASA",2,0.057493150369652864
2023,758222.0,2,"LAPAN, NASA",2,0.05781694922208908
2023,758224.0,2,"LAPAN, NASA",2,0.059917734199991315
2023,758225.0,2,"LAPAN, NASA",2,0.05887312925324406
2023,758228.0,2,"LAPAN, NASA",2,0.05887343070924097
2023,758230.0,2,"LAPAN, NASA",2,0.060150428443789934
2023,758231.0,2,"LAPAN, NASA",2,0.0586413708338247
2023,758232.0,2,"LAPAN, NASA",2,0.05727591981487401
2023,758233.0,2,"LAPAN, NASA",2,0.058326719500009415
2023,758239.0,2,"LAPAN, NASA",2,0.07700025131525562
2023,758240.0,2,"LAPAN, NASA",2,0.07965163984490757
2023,758244.0,2,"LAPAN, NASA",2,0.08186481853228074
2023,758245.0,2,"LAPAN, NASA",2,0.08047330899080722
2023,758246.0,2,"LAPAN, NASA",2,0.07964341710850349
2023,758248.0,2,"LAPAN, NASA",2,0.059236684673003616
2023,758249.0,2,"LAPAN, NASA",2,0.05928275321919206
2023,758250.0,2,"LAPAN, NASA",2,0.060842161468381784
2023,758251.0,2,"LAPAN, NASA",2,0.05995351182466305
2023,758252.0,2,"LAPAN, NASA",2,0.06005220059854889
2023,758253.0,2,"LAPAN, NASA",2,0.060389726436835996
2023,758327.0,2,"LAPAN, NASA",2,0.058121898989322095
2023,758338.0,2,"LAPAN, NASA",2,0.06549439113760497
2023,758341.0,2,"LAPAN, NASA",2,0.06727245924220228
2023,758369.0,2,"LAPAN, NASA",2,0.060265855910361314
2023,758458.0,2,"LAPAN, NASA",2,0.07874871271134222
2023,758469.0,2,"LAPAN, NASA",2,0.07546008111789851
2023,758470.0,2,"LAPAN, NASA",2,0.07570658353343232
2023,758473.0,2,"LAPAN, NASA",2,0.07513556378575055
2023,758474.0,2,"LAPAN, NASA",2,0.07579508604669487
2023,758501.0,2,"LAPAN, NASA",2,0.05881640553456835
2023,758508.0,2,"LAPAN, NASA",2,0.05836597695915584
2023,758510.0,2,"LAPAN, NASA",2,0.05893898645804955
2023,758512.0,2,"LAPAN, NASA",2,0.05870993163907964
2023,758514.0,2,"LAPAN, NASA",2,0.05820129656714215
2023,758515.0,2,"LAPAN, NASA",2,0.060837096479390326
2023,758516.0,2,"LAPAN, NASA",2,0.06067768485691125
2023,758520.0,2,"LAPAN, NASA",2,0.06118937400759005
2023,758523.0,2,"LAPAN, NASA",2,0.06053666134306724
2023,758524.0,2,"LAPAN, NASA",2,0.06054270621147756
2023,758525.0,2,"LAPAN, NASA",2,0.060125329601518875
2023,758526.0,2,"LAPAN, NASA",2,0.061100401496677656
2023,758528.0,2,"LAPAN, NASA",2,0.06039302690802773
2023,758540.0,2,"LAPAN, NASA",2,0.05860970516192095
2023,758541.0,2,"LAPAN, NASA",2,0.05856389222370504
2023,758542.0,2,"LAPAN, NASA",2,0.05890176584825436
2023,758543.0,2,"LAPAN, NASA",2,0.05842604380692881
2023,758544.0,2,"LAPAN, NASA",2,0.057364607877073835
2023,758545.0,2,"LAPAN, NASA",2,0.057824733189438496
2023,758546.0,2,"LAPAN, NASA",2,0.05903313583294653
2023,758547.0,2,"LAPAN, NASA",2,0.05753445003771186
2023,758548.0,2,"LAPAN, NASA",2,0.05840341922589447
2023,758549.0,2,"LAPAN, NASA",2,0.05823356380507263
2023,758550.0,2,"LAPAN, NASA",2,0.08011344866228567
2023,758551.0,2,"LAPAN, NASA",2,0.07936232529974159
2023,758555.0,2,"LAPAN, NASA",2,0.07864972087945446
2023,758556.0,2,"LAPAN, NASA",2,0.07907563395794523
2023,758557.0,2,"LAPAN, NASA",2,0.07986023985542481
2023,758558.0,2,"LAPAN, NASA",2,0.08023582106890895
2023,758559.0,2,"LAPAN, NASA",2,0.08019519009464411
2023,758560.0,2,"LAPAN, NASA",2,0.07997616870223402
2023,758561.0,2,"LAPAN, NASA",2,0.08213977528161868
2023,758565.0,2,"LAPAN, NASA",2,0.07961159463329266
2023,758568.0,2,"LAPAN, NASA",2,0.07950058204952888
2023,758578.0,2,"LAPAN, NASA",2,0.07879225394649493
2023,758717.0,2,"LAPAN, NASA",2,0.20585415445646962
2023,758980.0,2,"LAPAN, NASA",2,0.19549894677530597
2023,758987.0,2,"LAPAN, NASA",2,0.22389102711871647
2023,759113.0,2,"LAPAN, NASA",2,0.1228513666696329
2023,759114.0,2,"LAPAN, NASA",2,0.08781697590029715
2023,759116.0,2,"LAPAN, NASA",2,0.1343653042929946
2023,759117.0,2,"LAPAN, NASA",2,0.13325013287499618
2023,759118.0,2,"LAPAN, NASA",2,0.13417217915503182
2023,759119.0,2,"LAPAN, NASA",2,0.13333888010912093
2023,759120.0,2,"LAPAN, NASA",2,0.1340879062602271
2023,759121.0,2,"LAPAN, NASA",2,0.13377859224767435
2023,759122.0,2,"LAPAN, NASA",2,0.13587249675722918
2023,759123.0,2,"LAPAN, NASA",2,0.13321174915668646
2023,759124.0,2,"LAPAN, NASA",2,0.13290310342452313
2023,759125.0,2,"LAPAN, NASA",2,0.1339364030343025
2023,759126.0,2,"LAPAN, NASA",2,0.16989367608821246
2023,759127.0,2,"LAPAN, NASA",2,0.1686032448751529
2023,759128.0,2,"LAPAN, NASA",2,0.16971412045542875
2023,759129.0,2,"LAPAN, NASA",2,0.16810060789607378
2023,759130.0,2,"LAPAN, NASA",2,0.17019814520304957
2023,759131.0,2,"LAPAN, NASA",2,0.16902766134456745
2023,759132.0,2,"LAPAN, NASA",2,0.17158998440926823
2023,759133.0,2,"LAPAN, NASA",2,0.16996309849862476
2023,759134.0,2,"LAPAN, NASA",2,0.16974590697781194
2023,759135.0,2,"LAPAN, NASA",2,0.16955178679616312
2023,759136.0,2,"LAPAN, NASA",2,0.16859016206060584
2023,759144.0,2,"LAPAN, NASA",2,0.12749812393043858
2023,759146.0,2,"LAPAN, NASA",2,0.12865213818615284
2023,759149.0,2,"LAPAN, NASA",2,0.12754998752021585
2023,759151.0,2,"LAPAN, NASA",2,0.1610243243592232
2023,759152.0,2,"LAPAN, NASA",2,0.16145920650873236
2023,759153.0,2,"LAPAN, NASA",2,0.161631600158824
2023,759204.0,2,"LAPAN, NASA",2,0.12068686601427946
2023,759205.0,2,"LAPAN, NASA",2,0.11978212080240268
2023,759206.0,2,"LAPAN, NASA",2,0.12094692721913461
2023,759207.0,2,"LAPAN, NASA",2,0.1207022795128714
2023,759208.0,2,"LAPAN, NASA",2,0.12071218149112195
2023,759210.0,2,"LAPAN, NASA",2,0.12149963184060585
2023,759211.0,2,"LAPAN, NASA",2,0.03179052162723753
2023,759212.0,2,"LAPAN, NASA",2,0.02877787112407906
2023,759215.0,3,"LAPAN, NASA",2,0.15400551303525872
2023,759216.0,3,"LAPAN, NASA",2,0.15541166400875142
2023,759217.0,2,"LAPAN, NASA",2,0.15839218167638414
2023,759224.0,2,"LAPAN, NASA",2,0.12483632234704614
2023,759225.0,2,"LAPAN, NASA",2,0.12467921886821902
2023,759226.0,2,"LAPAN, NASA",2,0.12506566164716298
2023,759227.0,2,"LAPAN, NASA",2,0.12465424031704682
2023,759228.0,2,"LAPAN, NASA",2,0.12495309314306659
2023,759229.0,2,"LAPAN, NASA",2,0.12594715805582563
2023,759230.0,2,"LAPAN, NASA",2,0.12418599991187224
2023,759231.0,2,"LAPAN, NASA",2,0.12805245987555253
2023,759232.0,2,"LAPAN, NASA",2,0.1226687254810043
2023,759234.0,2,"LAPAN, NASA",2,0.12516474480073286
2023,759235.0,2,"LAPAN, NASA",2,0.12446659596500473
2023,759237.0,2,"LAPAN, NASA",2,0.1250726100365735
2023,759238.0,2,"LAPAN, NASA",2,0.12319552079416349
2023,759239.0,2,"LAPAN, NASA",2,0.12265468268194978
2023,759240.0,2,"LAPAN, NASA",2,0.12213017569629109
2023,760112.0,2,"LAPAN, NASA",2,0.07849822958274029
2023,760129.0,2,"LAPAN, NASA",2,0.0743665714593091
2023,760151.0,2,"LAPAN, NASA",2,0.07973085962812587
2023,760152.0,2,"LAPAN, NASA",2,0.07884333290984064
2023,760173.0,2,"LAPAN, NASA",2,0.06955135554556519
2023,760174.0,2,"LAPAN, NASA",2,0.06834446389665111
2023,760175.0,2,"LAPAN, NASA",2,0.06903943600209113
2023,760176.0,2,"LAPAN, NASA",2,0.06899320793213379
2023,760181.0,2,"LAPAN, NASA",2,0.06852671916607701
2023,760182.0,2,"LAPAN, NASA",2,0.06846186923884744
2023,760183.0,2,"LAPAN, NASA",2,0.06876040010832253
2023,760193.0,2,"LAPAN, NASA",2,0.05383719972942109
2023,760198.0,2,"LAPAN, NASA",2,0.05325914994417587
2023,760199.0,2,"LAPAN, NASA",2,0.05315554302419271
2023,760200.0,2,"LAPAN, NASA",2,0.05305117109008266
2023,760201.0,2,"LAPAN, NASA",2,0.052766709102103695
2023,760202.0,2,"LAPAN, NASA",2,0.05325748299541534
2023,760203.0,2,"LAPAN, NASA",2,0.052667713048007846
2023,760208.0,2,"LAPAN, NASA",2,0.05303693164707336
2023,760209.0,2,"LAPAN, NASA",2,0.053146638205866646
2023,760210.0,2,"LAPAN, NASA",2,0.052659261938214345
2023,760249.0,2,"LAPAN, NASA",2,0.06886765475389828
2023,760250.0,2,"LAPAN, NASA",2,0.06938705969851972
2023,760251.0,2,"LAPAN, NASA",2,0.06907664384019192
2023,760289.0,2,"LAPAN, NASA",2,0.05406804848093573
2023,760301.0,2,"LAPAN, NASA",2,0.054118267769263845
2023,760302.0,2,"LAPAN, NASA",2,0.05353652133007287
2023,760303.0,2,"LAPAN, NASA",2,0.054490944401535325
2023,760304.0,2,"LAPAN, NASA",2,0.05466921080515053
2023,760305.0,2,"LAPAN, NASA",2,0.05349829342132868
2023,760306.0,2,"LAPAN, NASA",2,0.053672881648007834
2023,760307.0,2,"LAPAN, NASA",2,0.053850074011478025
2023,760309.0,2,"LAPAN, NASA",2,0.05383252990647752
2023,760310.0,2,"LAPAN, NASA",2,0.053993906862566186
2023,760342.0,2,"LAPAN, NASA",2,0.06931984224747624
2023,760343.0,2,"LAPAN, NASA",2,0.06866338350074548
2023,760344.0,2,"LAPAN, NASA",2,0.0695813877236871
2023,760345.0,2,"LAPAN, NASA",2,0.06983609112015433
2023,760346.0,2,"LAPAN, NASA",2,0.07009181052060726
2023,760347.0,2,"LAPAN, NASA",2,0.07010060784917171
2023,760348.0,2,"LAPAN, NASA",2,0.06925440891608695
2023,760349.0,2,"LAPAN, NASA",2,0.0703917722977841
2023,760350.0,2,"LAPAN, NASA",2,0.07018549229822592
2023,760351.0,2,"LAPAN, NASA",2,0.07043672076268838
2023,760352.0,2,"LAPAN, NASA",2,0.06973285150470133
2023,760353.0,2,"LAPAN, NASA",2,0.0694395273896539
2023,760354.0,2,"LAPAN, NASA",2,0.06995237007132028
2023,760355.0,2,"LAPAN, NASA",2,0.06890050081675156
2023,760356.0,2,"LAPAN, NASA",2,0.07012001835082936
2023,760357.0,2,"LAPAN, NASA",2,0.06844591699840757
2023,760361.0,2,"LAPAN, NASA",2,0.06865914312700735
2023,760362.0,2,"LAPAN, NASA",2,0.06855521195906956
2023,760363.0,2,"LAPAN, NASA",2,0.06743498181436867
2023,760364.0,2,"LAPAN, NASA",2,0.06844519665165666
2023,760365.0,2,"LAPAN, NASA",2,0.06748455285695658
2023,760366.0,2,"LAPAN, NASA",2,0.06738108653328045
2023,760367.0,2,"LAPAN, NASA",2,0.06818074461664901
2023,760368.0,2,"LAPAN, NASA",2,0.06812366646393024
2023,760369.0,2,"LAPAN, NASA",2,0.06752546875416175
2023,760370.0,2,"LAPAN, NASA",2,0.06797487199481252
2023,760371.0,2,"LAPAN, NASA",2,0.06807864580945795
2023,760375.0,2,"LAPAN, NASA",2,0.06761714103804557
2023,760376.0,2,"LAPAN, NASA",2,0.06638509554137491
2023,760377.0,2,"LAPAN, NASA",2,0.06698677777539234
2023,760409.0,2,"LAPAN, NASA",2,0.06931676397108272
2023,760413.0,2,"LAPAN, NASA",2,0.06972183599033513
2023,760414.0,2,"LAPAN, NASA",2,0.06983761071601012
2023,760417.0,2,"LAPAN, NASA",2,0.06874926610393525
2023,760418.0,2,"LAPAN, NASA",2,0.0688276023043365
2023,760440.0,2,"LAPAN, NASA",2,0.06957451476403567
2023,760441.0,2,"LAPAN, NASA",2,0.06779937522774741
2023,760442.0,2,"LAPAN, NASA",2,0.06844592129318568
2023,760444.0,2,"LAPAN, NASA",2,0.06893266486064153
2023,760445.0,2,"LAPAN, NASA",2,0.06769275801018358
2023,760449.0,2,"LAPAN, NASA",2,0.06878610278592993
2023,760450.0,2,"LAPAN, NASA",2,0.0687459826665694
2023,760451.0,2,"LAPAN, NASA",2,0.06770811565495942
2023,760452.0,2,"LAPAN, NASA",2,0.06850215226781045
2023,760453.0,2,"LAPAN, NASA",2,0.06848066533907896
2023,760454.0,2,"LAPAN, NASA",2,0.06906111480414824
2023,760456.0,2,"LAPAN, NASA",2,0.06803216633431843
2023,760458.0,2,"LAPAN, NASA",2,0.06893163180323417
2023,760459.0,2,"LAPAN, NASA",2,0.06805477079454382
2023,760460.0,2,"LAPAN, NASA",2,0.06882705164726291
2023,760461.0,2,"LAPAN, NASA",2,0.06938901515702534
2023,760462.0,2,"LAPAN, NASA",2,0.06860682598553253
2023,760464.0,2,"LAPAN, NASA",2,0.06792632021656962
2023,760465.0,2,"LAPAN, NASA",2,0.06796542783093656
2023,760466.0,2,"LAPAN, NASA",2,0.06794775948680531
2023,760468.0,2,"LAPAN, NASA",2,0.052960285181089285
2023,760469.0,2,"LAPAN, NASA",2,0.05368977153743817
2023,760470.0,2,"LAPAN, NASA",2,0.05384567907135622
2023,760471.0,2,"LAPAN, NASA",2,0.052656024361947794
2023,760473.0,2,"LAPAN, NASA",2,0.05329058605891002
2023,760500.0,2,"LAPAN, NASA",2,0.05331375561163088
2023,760501.0,2,"LAPAN, NASA",2,0.05335611823512287
2023,760526.0,2,"LAPAN, NASA",2,0.06803948001745946
2023,760529.0,2,"LAPAN, NASA",2,0.06835662997657317
2023,760548.0,2,"LAPAN, NASA",2,0.06871261337908116
2023,760556.0,2,"LAPAN, NASA",2,0.05348494766058249
2023,760557.0,2,"LAPAN, NASA",2,0.05338064002732506
2023,760558.0,2,"LAPAN, NASA",2,0.054063877629801096
2023,760559.0,2,"LAPAN, NASA",2,0.054025656407709566
2023,760560.0,2,"LAPAN, NASA",2,0.05337030660584874
2023,760561.0,2,"LAPAN, NASA",2,0.05364852243171236
2023,760562.0,2,"LAPAN, NASA",2,0.05290791282972213
2023,760564.0,2,"LAPAN, NASA",2,0.053012031830492495
2023,760565.0,2,"LAPAN, NASA",2,0.054220172751245896
2023,760566.0,2,"LAPAN, NASA",2,0.05293477243078595
2023,760567.0,2,"LAPAN, NASA",2,0.05398103568297513
2023,760568.0,2,"LAPAN, NASA",2,0.05327821809614862
2023,760569.0,2,"LAPAN, NASA",2,0.05258371087311182
2023,760571.0,2,"LAPAN, NASA",2,0.05365005145833978
2023,760573.0,2,"LAPAN, NASA",2,0.053195904139895014
2023,760576.0,2,"LAPAN, NASA",2,0.05244745336845682
2023,760589.0,2,"LAPAN, NASA",2,0.053278312272261805
2023,760593.0,2,"LAPAN, NASA",2,0.054550515745979355
2023,760598.0,2,"LAPAN, NASA",2,0.0539332093418251
2023,760599.0,2,"LAPAN, NASA",2,0.05401632857902745
2023,760600.0,2,"LAPAN, NASA",2,0.05279765250367335
2023,760630.0,2,"LAPAN, NASA",2,0.0697300759751846
2023,760631.0,2,"LAPAN, NASA",2,0.06935194942635847
2023,760637.0,2,"LAPAN, NASA",2,0.0683011869144924
2023,760638.0,2,"LAPAN, NASA",2,0.06930471308485432
2023,760639.0,2,"LAPAN, NASA",2,0.06866916506894705
2023,760642.0,2,"LAPAN, NASA",2,0.06852060125434285
2023,760643.0,2,"LAPAN, NASA",2,0.0689812191843596
2023,760644.0,2,"LAPAN, NASA",2,0.06921298897821254
2023,760645.0,2,"LAPAN, NASA",2,0.0686124447658264
2023,760647.0,2,"LAPAN, NASA",2,0.06841561033348721
2023,760652.0,2,"LAPAN, NASA",2,0.05321184643708186
2023,760653.0,2,"LAPAN, NASA",2,0.05275422804018105
2023,760654.0,2,"LAPAN, NASA",2,0.052855462772655744
2023,760656.0,2,"LAPAN, NASA",2,0.05443675000198226
2023,760658.0,2,"LAPAN, NASA",2,0.05342523221807771
2023,760659.0,2,"LAPAN, NASA",2,0.05346503962701601
2023,760660.0,2,"LAPAN, NASA",2,0.053743633170782734
2023,760663.0,2,"LAPAN, NASA",2,0.05406282299865852
2023,760664.0,2,"LAPAN, NASA",2,0.054322524996470875
2023,760694.0,2,"LAPAN, NASA",2,0.06869512143332437
2023,761302.0,2,"LAPAN, NASA",2,0.3430408234825208
2023,761303.0,2,"LAPAN, NASA",2,0.3432553002081826
2023,761306.0,2,"LAPAN, NASA",2,0.2606650145235375
2023,761307.0,2,"LAPAN, NASA",2,0.26163393389855566
2023,761308.0,2,"LAPAN, NASA",2,0.26110485709666886
2023,761312.0,2,"LAPAN, NASA",2,0.282443473783386
2023,761313.0,2,"LAPAN, NASA",2,0.27446500527715545
2023,761314.0,2,"LAPAN, NASA",2,0.34944670938161226
2023,761315.0,2,"LAPAN, NASA",2,0.3487012555780247
2023,761316.0,2,"LAPAN, NASA",2,0.3576286866221506
2023,761317.0,2,"LAPAN, NASA",2,0.3462138439485515
2023,761321.0,2,"LAPAN, NASA",2,0.3592952051610703
2023,761322.0,2,"LAPAN, NASA",2,0.36333195866823037
2023,761323.0,2,"LAPAN, NASA",2,0.361830436933313
2023,761340.0,3,"LAPAN, NASA",2,0.34920897560882114
2023,761343.0,2,"LAPAN, NASA",2,0.26281948403938343
2023,764150.0,2,"LAPAN, NASA",2,0.09868363939416998
2023,764166.0,2,"LAPAN, NASA",2,0.09965700039284824
2023,764190.0,2,"LAPAN, NASA",2,0.145308978879182
2023,764191.0,2,"LAPAN, NASA",2,0.14506675001841693
2023,764192.0,2,"LAPAN, NASA",2,0.14527331172112395
2023,764193.0,2,"LAPAN, NASA",2,0.14427476678227477
2023,764194.0,2,"LAPAN, NASA",2,0.14409205734436145
2023,764195.0,2,"LAPAN, NASA",2,0.1446575888069305
2023,764196.0,2,"LAPAN, NASA",2,0.14355424351631943
2023,764197.0,2,"LAPAN, NASA",2,0.1436876419942457
2023,764198.0,2,"LAPAN, NASA",2,0.14476809486907657
2023,764199.0,2,"LAPAN, NASA",2,0.14265867940592192
2023,764201.0,2,"LAPAN, NASA",2,0.1427180342028566
2023,764207.0,2,"LAPAN, NASA",2,0.14093904722146042
2023,764208.0,2,"LAPAN, NASA",2,0.14278583989340543
2023,764209.0,2,"LAPAN, NASA",2,0.14092931182224655
2023,764210.0,2,"LAPAN, NASA",2,0.14049473392774933
2023,764211.0,2,"LAPAN, NASA",2,0.14228029822835953
2023,764239.0,2,"LAPAN, NASA",2,0.14296651598058638
2023,764244.0,2,"LAPAN, NASA",2,0.11846839577853858
2023,764269.0,2,"LAPAN, NASA",2,0.11765484084520551
2023,764297.0,2,"LAPAN, NASA",2,0.13939188839918165
2023,764298.0,2,"LAPAN, NASA",2,0.13891693332012886
2023,764299.0,2,"LAPAN, NASA",2,0.14006868182085644
2023,764300.0,2,"LAPAN, NASA",2,0.13949845755594173
2023,764301.0,2,"LAPAN, NASA",2,0.13987607423348758
2023,764302.0,2,"LAPAN, NASA",2,0.13865530696169928
2023,764303.0,2,"LAPAN, NASA",2,0.14526151076437419
2023,764350.0,2,"LAPAN, NASA",2,0.11171556765966364
2023,764351.0,2,"LAPAN, NASA",2,0.11222192403423126
2023,764352.0,2,"LAPAN, NASA",2,0.11301211939622692
2023,764353.0,2,"LAPAN, NASA",2,0.11097585560629776
2023,764354.0,2,"LAPAN, NASA",2,0.11236679020942755
2023,764355.0,2,"LAPAN, NASA",2,0.11248298741213454
2023,764356.0,2,"LAPAN, NASA",2,0.11204256446951767
2023,764357.0,2,"LAPAN, NASA",2,0.11283412920653688
2023,764358.0,2,"LAPAN, NASA",2,0.11272205644082277
2023,764359.0,2,"LAPAN, NASA",2,0.11219275080255382
2023,764360.0,2,"LAPAN, NASA",2,0.11252067479424528
2023,764361.0,2,"LAPAN, NASA",2,0.1124384112277992
2023,764362.0,2,"LAPAN, NASA",2,0.11300585097232647
2023,764363.0,2,"LAPAN, NASA",2,0.11299781325340788
2023,764364.0,2,"LAPAN, NASA",2,0.11271173895035506
2023,764365.0,2,"LAPAN, NASA",2,0.11341691470371407
2023,764366.0,2,"LAPAN, NASA",2,0.1133700461615282
2023,764367.0,3,"LAPAN, NASA",2,0.12483801786379564
2023,764369.0,2,"LAPAN, NASA",2,0.14170153577759562
2023,764377.0,2,"LAPAN, NASA",2,0.08358053573036518
2023,764379.0,2,"LAPAN, NASA",2,0.10132995237460908
2023,764380.0,2,"LAPAN, NASA",2,0.10282319281590756
2023,764381.0,2,"LAPAN, NASA",2,0.10242249472162196
2023,764385.0,2,"LAPAN, NASA",2,0.135972603521758
2023,764386.0,2,"LAPAN, NASA",2,0.10495280270024493
2023,764387.0,2,"LAPAN, NASA",2,0.10533454906770627
2023,764390.0,2,"LAPAN, NASA",2,0.10521720634272956
2023,764391.0,2,"LAPAN, NASA",2,0.10484157090824474
2023,764451.0,2,"LAPAN, NASA",2,0.07868011603725654
2023,764510.0,2,"LAPAN, NASA",2,0.11826645311266908
2023,764512.0,2,"LAPAN, NASA",2,0.12042825870858204
2023,764513.0,2,"LAPAN, NASA",2,0.12053578877733347
2023,764514.0,2,"LAPAN, NASA",2,0.11974368961789823
2023,764515.0,2,"LAPAN, NASA",2,0.12073804932293998
2023,764516.0,2,"LAPAN, NASA",2,0.1199056605214552
2023,765328.0,2,"LAPAN, NASA",2,0.21477408078526553
2023,765329.0,2,"LAPAN, NASA",2,0.22162384222402678
2023,765334.0,2,"LAPAN, NASA",2,0.21610469066484836
2023,765335.0,2,"LAPAN, NASA",2,0.2147467808919231
2023,765344.0,2,"LAPAN, NASA",2,0.1884985946604192
2023,765345.0,2,"LAPAN, NASA",2,0.18930288426866004
2023,765405.0,2,"LAPAN, NASA",2,0.22731311697434023
2023,765437.0,2,"LAPAN, NASA",2,0.2233094968240535
2023,765442.0,3,"LAPAN, NASA",2,0.25739072581361705
2023,765443.0,3,"LAPAN, NASA",2,0.2550696495450968
2023,765450.0,2,"LAPAN, NASA",2,0.3047205578307356
2023,765453.0,2,"LAPAN, NASA",2,0.2823491910303484
2023,765454.0,3,"LAPAN, NASA",2,0.2837861844802204
2023,765461.0,2,"LAPAN, NASA",2,0.2463440143560198
2023,765462.0,2,"LAPAN, NASA",2,0.2472813128158495
2023,765463.0,2,"LAPAN, NASA",2,0.24242792762275156
2023,765464.0,2,"LAPAN, NASA",2,0.2448814114523102
2023,765465.0,2,"LAPAN, NASA",2,0.24660759733516072
2023,765471.0,2,"LAPAN, NASA",2,0.293205821847387
2023,765504.0,2,"LAPAN, NASA",2,0.22287833916312602
2023,765505.0,2,"LAPAN, NASA",2,0.22369173123147537
2023,765506.0,2,"LAPAN, NASA",2,0.2258889764147222
2023,765507.0,2,"LAPAN, NASA",2,0.2260070166294395
2023,765508.0,2,"LAPAN, NASA",2,0.22822449711715007
2023,765548.0,2,"LAPAN, NASA",2,0.21848870268815787
2023,765549.0,2,"LAPAN, NASA",2,0.21896959421438833
2023,765592.0,2,"LAPAN, NASA",2,0.22942754112551175
2023,765594.0,2,"LAPAN, NASA",2,0.22906392653495117
2023,765636.0,2,"LAPAN, NASA",2,0.16910615051414343
2023,765638.0,3,"LAPAN, NASA",2,0.21796300993866383
2023,765639.0,2,"LAPAN, NASA",2,0.21812231254167538
2023,765640.0,2,"LAPAN, NASA",2,0.2182461284494327
2023,765641.0,2,"LAPAN, NASA",2,0.22016051518118146
2023,765645.0,2,"LAPAN, NASA",2,0.18355608179826532
2023,766168.0,2,"LAPAN, NASA",2,0.06206043846604105
2023,766206.0,2,"LAPAN, NASA",2,0.07858664934649875
2023,766235.0,2,"LAPAN, NASA",2,0.05178746077090636
2023,766236.0,2,"LAPAN, NASA",2,0.05216030468738344
2023,766237.0,2,"LAPAN, NASA",2,0.05292950440445282
2023,766238.0,2,"LAPAN, NASA",2,0.05307490862919462
2023,766239.0,2,"LAPAN, NASA",2,0.05234198735421989
2023,766240.0,2,"LAPAN, NASA",2,0.05284340041452778
2023,766241.0,2,"LAPAN, NASA",2,0.05271449783126978
2023,766246.0,2,"LAPAN, NASA",2,0.05192537072130396
2023,766247.0,2,"LAPAN, NASA",2,0.052055940259388624
2023,766248.0,2,"LAPAN, NASA",2,0.052021429761910404
2023,766249.0,2,"LAPAN, NASA",2,0.05187714314100234
2023,766250.0,2,"LAPAN, NASA",2,0.05222320493178124
2023,766253.0,2,"LAPAN, NASA",2,0.06742470332140879
2023,766255.0,2,"LAPAN, NASA",2,0.07979163584481287
2023,766263.0,2,"LAPAN, NASA",2,0.062233229303492975
2023,766266.0,2,"LAPAN, NASA",2,0.06467301505831854
2023,766267.0,2,"LAPAN, NASA",2,0.06510374804103745
2023,766268.0,2,"LAPAN, NASA",2,0.06461835994273835
2023,766270.0,2,"LAPAN, NASA",2,0.07718691592613104
2023,766271.0,2,"LAPAN, NASA",2,0.07737623690172503
2023,766274.0,2,"LAPAN, NASA",2,0.07697012701675808
2023,766275.0,2,"LAPAN, NASA",2,0.0767955162589706
2023,766276.0,2,"LAPAN, NASA",2,0.07787378682476538
2023,766277.0,2,"LAPAN, NASA",2,0.07775580403200939
2023,766278.0,2,"LAPAN, NASA",2,0.07667793731401597
2023,766279.0,2,"LAPAN, NASA",2,0.07691735957492428
2023,766280.0,2,"LAPAN, NASA",2,0.0770926746035437
2023,766281.0,2,"LAPAN, NASA",2,0.07725403397996887
2023,766282.0,2,"LAPAN, NASA",2,0.0767239695382449
2023,766283.0,2,"LAPAN, NASA",2,0.0783155562699192
2023,766284.0,2,"LAPAN, NASA",2,0.07721148416422792
2023,766285.0,2,"LAPAN, NASA",2,0.07688558410118149
2023,766286.0,2,"LAPAN, NASA",2,0.07772672925654234
2023,766287.0,2,"LAPAN, NASA",2,0.07786061890340168
2023,766288.0,2,"LAPAN, NASA",2,0.0770482232596885
2023,766289.0,2,"LAPAN, NASA",2,0.0778912014204669
2023,766290.0,2,"LAPAN, NASA",2,0.07691907072809709
2023,766291.0,2,"LAPAN, NASA",2,0.07818338205600649
2023,766292.0,2,"LAPAN, NASA",2,0.07646751935454058
2023,766293.0,2,"LAPAN, NASA",2,0.07733536953502006
2023,766294.0,2,"LAPAN, NASA",2,0.0767630438888205
2023,766295.0,2,"LAPAN, NASA",2,0.07784377376281401
2023,766296.0,2,"LAPAN, NASA",2,0.07701615828404017
2023,766297.0,2,"LAPAN, NASA",2,0.07617752836178017
2023,766298.0,2,"LAPAN, NASA",2,0.07700443489896426
2023,766299.0,2,"LAPAN, NASA",2,0.07621535303902068
2023,766382.0,2,"LAPAN, NASA",2,0.0631376123857786
2023,766383.0,2,"LAPAN, NASA",2,0.06333614038035941
2023,766384.0,2,"LAPAN, NASA",2,0.06308917483316981
2023,766385.0,2,"LAPAN, NASA",2,0.06229350756680465
2023,766386.0,2,"LAPAN, NASA",2,0.06287223413898305
2023,766387.0,2,"LAPAN, NASA",2,0.06298536578541573
2023,766388.0,2,"LAPAN, NASA",2,0.06354798745659793
2023,766425.0,2,"LAPAN, NASA",2,0.07882827762774405
2023,766429.0,2,"LAPAN, NASA",2,0.07976593134349715
2023,766430.0,2,"LAPAN, NASA",2,0.07928262314611517
2023,766433.0,2,"LAPAN, NASA",2,0.07867567031080361
2023,766434.0,2,"LAPAN, NASA",2,0.07921112162143769
2023,766435.0,2,"LAPAN, NASA",2,0.08026248398719428
2023,766440.0,2,"LAPAN, NASA",2,0.07960513538696631
2023,766496.0,2,"LAPAN, NASA",2,0.08090221920389497
2023,766498.0,2,"LAPAN, NASA",2,0.08033297007111866
2023,766504.0,2,"LAPAN, NASA",2,0.08150813547532235
2023,766523.0,2,"LAPAN, NASA",2,0.0657037320730518
2023,766530.0,2,"LAPAN, NASA",2,0.06403627150446263
2023,766531.0,2,"LAPAN, NASA",2,0.06474822592113133
2023,766534.0,2,"LAPAN, NASA",2,0.06582677777078852
2023,766538.0,2,"LAPAN, NASA",2,0.06562926900381162
2023,766539.0,2,"LAPAN, NASA",2,0.06443747660222718
2023,766540.0,2,"LAPAN, NASA",2,0.0646083064668809
2023,766544.0,2,"LAPAN, NASA",2,0.0641406225878237
2023,766561.0,2,"LAPAN, NASA",2,0.06583041897133517
2023,766562.0,2,"LAPAN, NASA",2,0.06599364988986606
2023,766563.0,2,"LAPAN, NASA",2,0.06667409071807955
2023,766564.0,2,"LAPAN, NASA",2,0.06754474061732142
2023,766565.0,2,"LAPAN, NASA",2,0.06602301926313407
2023,766566.0,2,"LAPAN, NASA",2,0.06581972187336084
2023,766567.0,2,"LAPAN, NASA",2,0.06618878887368838
2023,766568.0,2,"LAPAN, NASA",2,0.06595075704553405
2023,766569.0,2,"LAPAN, NASA",2,0.06735245221506328
2023,766576.0,2,"LAPAN, NASA",2,0.05158231828804007
2023,766577.0,2,"LAPAN, NASA",2,0.051694139790128546
2023,766606.0,2,"LAPAN, NASA",2,0.051538243648611565
2023,766681.0,2,"LAPAN, NASA",2,0.07992358522728017
2023,766682.0,2,"LAPAN, NASA",2,0.07991352833971727
2023,766683.0,2,"LAPAN, NASA",2,0.07930585795501063
2023,766685.0,2,"LAPAN, NASA",2,0.06519907825999079
2023,766686.0,2,"LAPAN, NASA",2,0.06477320654848198
2023,766691.0,2,"LAPAN, NASA",2,0.0655123996579877
2023,766692.0,2,"LAPAN, NASA",2,0.0665541426499768
2023,766701.0,2,"LAPAN, NASA",2,0.06477050065851866
2023,766709.0,2,"LAPAN, NASA",2,0.06462138239455535
2023,766770.0,2,"LAPAN, NASA",2,0.06460092532560038
2023,766771.0,2,"LAPAN, NASA",2,0.06406602871784656
2023,766772.0,2,"LAPAN, NASA",2,0.0650160505633525
2023,766773.0,2,"LAPAN, NASA",2,0.06387727695929578
2023,766774.0,2,"LAPAN, NASA",2,0.06484235323459464
2023,766775.0,2,"LAPAN, NASA",2,0.0645761995312701
2023,766776.0,2,"LAPAN, NASA",2,0.06525542146560756
2023,766777.0,2,"LAPAN, NASA",2,0.06395521361454412
2023,766778.0,2,"LAPAN, NASA",2,0.06490459177617684
2023,766779.0,2,"LAPAN, NASA",2,0.06534329217618325
2023,766780.0,2,"LAPAN, NASA",2,0.06522806011077417
2023,766781.0,2,"LAPAN, NASA",2,0.06484853522249011
2023,766782.0,2,"LAPAN, NASA",2,0.06521129153206365
2023,766783.0,2,"LAPAN, NASA",2,0.0648197396547385
2023,766784.0,2,"LAPAN, NASA",2,0.06478298636558616
2023,766788.0,2,"LAPAN, NASA",2,0.06410836901096387
2023,766789.0,2,"LAPAN, NASA",2,0.06401260718204997
2023,766790.0,2,"LAPAN, NASA",2,0.06368211357914559
2023,766792.0,2,"LAPAN, NASA",2,0.06460532371995352
2023,766797.0,2,"LAPAN, NASA",2,0.06260532491845543
2023,766798.0,2,"LAPAN, NASA",2,0.06415059382148065
2023,766799.0,2,"LAPAN, NASA",2,0.06278929239108674
2023,766800.0,2,"LAPAN, NASA",2,0.06313100001339811
2023,766801.0,2,"LAPAN, NASA",2,0.06226371549544229
2023,766802.0,2,"LAPAN, NASA",2,0.06336474795635581
2023,766822.0,2,"LAPAN, NASA",2,0.08220053358265701
2023,768534.0,2,"LAPAN, NASA",2,0.09478360469085138
2023,768536.0,2,"LAPAN, NASA",2,0.06321829618380133
2023,768543.0,2,"LAPAN, NASA",2,0.08684977016925462
2023,768544.0,2,"LAPAN, NASA",2,0.08801397575156548
2023,768546.0,2,"LAPAN, NASA",2,0.0883793818393664
2023,768547.0,2,"LAPAN, NASA",2,0.08784834882070061
2023,768548.0,2,"LAPAN, NASA",2,0.08758103177874929
2023,768553.0,2,"LAPAN, NASA",2,0.08783187250787716
2023,768575.0,2,"LAPAN, NASA",2,0.053624186204645936
2023,768576.0,2,"LAPAN, NASA",2,0.06423951491302902
2023,768577.0,2,"LAPAN, NASA",2,0.06484422946712687
2023,768647.0,2,"LAPAN, NASA",2,0.09038001396515251
2023,768650.0,2,"LAPAN, NASA",2,0.0921267592457232
2023,768660.0,2,"LAPAN, NASA",2,0.06905839361546363
2023,768674.0,2,"LAPAN, NASA",2,0.06895765635806332
2023,768675.0,2,"LAPAN, NASA",2,0.07072824303947674
2023,768676.0,2,"LAPAN, NASA",2,0.0704994376905408
2023,768677.0,2,"LAPAN, NASA",2,0.07012705897372602
2023,768678.0,2,"LAPAN, NASA",2,0.06884965165683656
2023,768679.0,2,"LAPAN, NASA",2,0.06949398276291271
2023,768680.0,2,"LAPAN, NASA",2,0.06904731050184101
2023,768681.0,2,"LAPAN, NASA",2,0.07122211742853865
2023,768682.0,2,"LAPAN, NASA",2,0.07101519418100999
2023,768683.0,2,"LAPAN, NASA",2,0.0691464546675207
2023,768684.0,2,"LAPAN, NASA",2,0.06849174779703114
2023,768685.0,2,"LAPAN, NASA",2,0.06830415509360739
2023,768691.0,2,"LAPAN, NASA",2,0.0705287084702095
2023,768692.0,2,"LAPAN, NASA",2,0.07148565075741473
2023,768693.0,2,"LAPAN, NASA",2,0.07220259945348473
2023,768697.0,2,"LAPAN, NASA",2,0.052150489267620954
2023,768699.0,2,"LAPAN, NASA",2,0.05154573801503113
2023,768700.0,2,"LAPAN, NASA",2,0.051892952272971735
2023,768701.0,2,"LAPAN, NASA",2,0.052696276419711606
2023,768702.0,2,"LAPAN, NASA",2,0.05384381799974412
2023,768703.0,2,"LAPAN, NASA",2,0.05361388460690025
2023,768704.0,2,"LAPAN, NASA",2,0.05336096023966292
2023,768705.0,2,"LAPAN, NASA",2,0.053372173241012844
2023,768706.0,2,"LAPAN, NASA",2,0.05229937776979994
2023,768707.0,2,"LAPAN, NASA",2,0.05332363856251755
2023,768708.0,2,"LAPAN, NASA",2,0.05418467991620691
2023,768710.0,2,"LAPAN, NASA",2,0.053406818057249186
2023,768711.0,2,"LAPAN, NASA",2,0.05276491118069227
2023,768712.0,2,"LAPAN, NASA",2,0.05421087614485264
2023,768713.0,2,"LAPAN, NASA",2,0.05314460299139852
2023,768714.0,2,"LAPAN, NASA",2,0.05389068462520095
2023,768715.0,2,"LAPAN, NASA",2,0.052572070810489376
2023,768716.0,2,"LAPAN, NASA",2,0.05278884846873226
2023,768717.0,2,"LAPAN, NASA",2,0.05325117049885554
2023,768718.0,2,"LAPAN, NASA",2,0.05287063371248492
2023,768768.0,2,"LAPAN, NASA",2,0.0677263977674462
2023,768769.0,2,"LAPAN, NASA",2,0.06903889666418599
2023,768771.0,2,"LAPAN, NASA",2,0.0692553930669914
2023,768772.0,2,"LAPAN, NASA",2,0.06886600259730757
2023,768773.0,2,"LAPAN, NASA",2,0.05338146020603391
2023,768774.0,2,"LAPAN, NASA",2,0.052792638778257496
2023,768775.0,2,"LAPAN, NASA",2,0.05288888668800343
2023,768776.0,2,"LAPAN, NASA",2,0.053538260624926275
2023,768777.0,2,"LAPAN, NASA",2,0.053642839340269706
2023,768778.0,2,"LAPAN, NASA",2,0.05220063423601676
2023,768779.0,2,"LAPAN, NASA",2,0.05212075134244733
2023,768847.0,2,"LAPAN, NASA",2,0.0518175700155402
2023,768848.0,2,"LAPAN, NASA",2,0.051516773965771256
2023,768849.0,2,"LAPAN, NASA",2,0.051731039330582124
2023,768851.0,2,"LAPAN, NASA",2,0.05231501210453832
2023,768852.0,2,"LAPAN, NASA",2,0.050978352705131735
2023,768855.0,2,"LAPAN, NASA",2,0.06886642594236822
2023,768859.0,2,"LAPAN, NASA",2,0.06859331494465877
2023,768860.0,2,"LAPAN, NASA",2,0.07079485584230567
2023,768861.0,2,"LAPAN, NASA",2,0.07056122075364044
2023,768862.0,2,"LAPAN, NASA",2,0.0688291153636476
2023,768863.0,2,"LAPAN, NASA",2,0.06851697001127192
2023,768864.0,2,"LAPAN, NASA",2,0.07001236233616162
2023,768865.0,2,"LAPAN, NASA",2,0.06906672337392221
2023,768866.0,2,"LAPAN, NASA",2,0.06876805124018077
2023,768867.0,2,"LAPAN, NASA",2,0.06869737119470544
2023,768868.0,2,"LAPAN, NASA",2,0.06997876551817794
2023,768869.0,2,"LAPAN, NASA",2,0.07017715928198044
2023,768870.0,2,"LAPAN, NASA",2,0.051186326638013285
2023,768871.0,2,"LAPAN, NASA",2,0.0520069986008056
2023,768872.0,2,"LAPAN, NASA",2,0.05123456236572233
2023,768898.0,2,"LAPAN, NASA",2,0.06899105663022097
2023,768899.0,2,"LAPAN, NASA",2,0.070465285288277
2023,768904.0,2,"LAPAN, NASA",2,0.05227218499706576
2023,768905.0,2,"LAPAN, NASA",2,0.05386243152078435
2023,768906.0,2,"LAPAN, NASA",2,0.053791442847978335
2023,768907.0,2,"LAPAN, NASA",2,0.05372748455804264
2023,768945.0,2,"LAPAN, NASA",2,0.0689660124763636
2023,768946.0,2,"LAPAN, NASA",2,0.06928369239161261
2023,768947.0,2,"LAPAN, NASA",2,0.06961031079328778
2023,768952.0,2,"LAPAN, NASA",2,0.06957732823048256
2023,768953.0,2,"LAPAN, NASA",2,0.07054327530672518
2023,768954.0,2,"LAPAN, NASA",2,0.06899675905329856
2023,768965.0,2,"LAPAN, NASA",2,0.05137924854460168
2023,768966.0,2,"LAPAN, NASA",2,0.05203617177365026
2023,768990.0,2,"LAPAN, NASA",2,0.06877959465566842
2023,768991.0,2,"LAPAN, NASA",2,0.0685941196622717
2023,769012.0,3,"LAPAN, NASA",2,0.06780699368606764
2023,769015.0,3,"LAPAN, NASA",2,0.06848810504306636
2023,769018.0,2,"LAPAN, NASA",2,0.05350764794426556
2023,769052.0,2,"LAPAN, NASA",2,0.052074057589033676
2023,769053.0,2,"LAPAN, NASA",2,0.05347170849164203
2023,770738.0,2,"LAPAN, NASA",2,0.05703259223556642
2023,770739.0,2,"LAPAN, NASA",2,0.07749218744425003
2023,770740.0,2,"LAPAN, NASA",2,0.0792395443753683
2023,770741.0,2,"LAPAN, NASA",2,0.07133602797412902
2023,770742.0,2,"LAPAN, NASA",2,0.07414222326828013
2023,770802.0,2,"LAPAN, NASA",2,0.06360081144936416
2023,770806.0,2,"LAPAN, NASA",2,0.0642052432129056
2023,770865.0,2,"LAPAN, NASA",2,0.05998929371748862
2023,770867.0,2,"LAPAN, NASA",2,0.06011021357886762
2023,770868.0,2,"LAPAN, NASA",2,0.05959556518841129
2023,770870.0,2,"LAPAN, NASA",2,0.05930191635658975
2023,770871.0,2,"LAPAN, NASA",2,0.059868187566224106
2023,770873.0,2,"LAPAN, NASA",2,0.05984349417783218
2023,770878.0,2,"LAPAN, NASA",2,0.06080755749811644
2023,770879.0,2,"LAPAN, NASA",2,0.05993373578811349
2023,770881.0,2,"LAPAN, NASA",2,0.08166554952678103
2023,770882.0,2,"LAPAN, NASA",2,0.07673361730262215
2023,770884.0,2,"LAPAN, NASA",2,0.0821368043904892
2023,770885.0,2,"LAPAN, NASA",2,0.08013656187770782
2023,770886.0,2,"LAPAN, NASA",2,0.07687795646247862
2023,770889.0,2,"LAPAN, NASA",2,0.07956862425949425
2023,770890.0,2,"LAPAN, NASA",2,0.0803271605363818
2023,770891.0,2,"LAPAN, NASA",2,0.07909997235578098
2023,770892.0,2,"LAPAN, NASA",2,0.0798933064136144
2023,770893.0,2,"LAPAN, NASA",2,0.0796373108115623
2023,770897.0,2,"LAPAN, NASA",2,0.07929965701818541
2023,770904.0,2,"LAPAN, NASA",2,0.05867221270138877
2023,770910.0,2,"LAPAN, NASA",2,0.058530254517734186
2023,770911.0,2,"LAPAN, NASA",2,0.06143648764516774
2023,770912.0,2,"LAPAN, NASA",2,0.05811617113628601
2023,770913.0,2,"LAPAN, NASA",2,0.058138999446946914
2023,770914.0,2,"LAPAN, NASA",2,0.05800500519696009
2023,770916.0,2,"LAPAN, NASA",2,0.057236649871607106
2023,770917.0,2,"LAPAN, NASA",2,0.058981414543509636
2023,770918.0,2,"LAPAN, NASA",2,0.07865449331503703
2023,770919.0,2,"LAPAN, NASA",2,0.0786374271384863
2023,770932.0,2,"LAPAN, NASA",2,0.07719143358878727
2023,770977.0,2,"LAPAN, NASA",2,0.10178859329350813
2023,770978.0,2,"LAPAN, NASA",2,0.10316592061658768
2023,771025.0,2,"LAPAN, NASA",2,0.10218647108435411
2023,771053.0,2,"LAPAN, NASA",2,0.07544425003684575
2023,771055.0,2,"LAPAN, NASA",2,0.07598047852769046
2023,771056.0,2,"LAPAN, NASA",2,0.07589836431247368
2023,771058.0,2,"LAPAN, NASA",2,0.07525949340408307
2023,771197.0,2,"LAPAN, NASA",2,0.09947850279916703
2023,771200.0,2,"LAPAN, NASA",2,0.0999343430376023
2023,771207.0,2,"LAPAN, NASA",2,0.09853020950122454
2023,771208.0,2,"LAPAN, NASA",2,0.09986840432343531
2023,771262.0,2,"LAPAN, NASA",2,0.07691054247774322
2023,771263.0,2,"LAPAN, NASA",2,0.07658671129627381
2023,771272.0,2,"LAPAN, NASA",2,0.07548535084108218
2023,771273.0,2,"LAPAN, NASA",2,0.07517385256456481
2023,771274.0,2,"LAPAN, NASA",2,0.07595309648047702
2023,771275.0,2,"LAPAN, NASA",2,0.07648352099035391
2023,771276.0,2,"LAPAN, NASA",2,0.07620546070361886
2023,771277.0,2,"LAPAN, NASA",2,0.07504147088919755
2023,771283.0,2,"LAPAN, NASA",2,0.07643878394700367
2023,771284.0,2,"LAPAN, NASA",2,0.07506707072651785
2023,771285.0,2,"LAPAN, NASA",2,0.07585876968986915
2023,771286.0,2,"LAPAN, NASA",2,0.07686556177499468
2023,771287.0,2,"LAPAN, NASA",2,0.07656402774406607
2023,771294.0,2,"LAPAN, NASA",2,0.07499415168336283
2023,771296.0,2,"LAPAN, NASA",2,0.07602302668227799
2023,771297.0,2,"LAPAN, NASA",2,0.07579015911968894
2023,771301.0,2,"LAPAN, NASA",2,0.07503599157936655
2023,771302.0,2,"LAPAN, NASA",2,0.07522420375953694
2023,771303.0,2,"LAPAN, NASA",2,0.07667925151783118
2023,771304.0,2,"LAPAN, NASA",2,0.07579376350346068
2023,771305.0,2,"LAPAN, NASA",2,0.07663748849395752
2023,771309.0,2,"LAPAN, NASA",2,0.07540040951394282
2023,771310.0,2,"LAPAN, NASA",2,0.0756099205475629
2023,771311.0,2,"LAPAN, NASA",2,0.07539336220100402
2023,771312.0,2,"LAPAN, NASA",2,0.07602517911728147
2023,771313.0,2,"LAPAN, NASA",2,0.07514344494885707
2023,771314.0,2,"LAPAN, NASA",2,0.07602981734854376
2023,771315.0,2,"LAPAN, NASA",2,0.07575500198413773
2023,771317.0,2,"LAPAN, NASA",2,0.07516447421636792
2023,771318.0,2,"LAPAN, NASA",2,0.07494034545419119
2023,771319.0,2,"LAPAN, NASA",2,0.07450132272419367
2023,771320.0,2,"LAPAN, NASA",2,0.07582853709168161
2023,771321.0,2,"LAPAN, NASA",2,0.07563238201495656
2023,771322.0,2,"LAPAN, NASA",2,0.07549396137318638
2023,771323.0,2,"LAPAN, NASA",2,0.07444193294957072
2023,771327.0,2,"LAPAN, NASA",2,0.07617319385991864
2023,771328.0,2,"LAPAN, NASA",2,0.0751101484900207
2023,771329.0,2,"LAPAN, NASA",2,0.07575730553228101
2023,771330.0,2,"LAPAN, NASA",2,0.07580395100263378
2023,771331.0,2,"LAPAN, NASA",2,0.07499978941650955
2023,771333.0,2,"LAPAN, NASA",2,0.0761036462420007
2023,771334.0,2,"LAPAN, NASA",2,0.07626044827300399
2023,771335.0,2,"LAPAN, NASA",2,0.07507327942984937
2023,771336.0,2,"LAPAN, NASA",2,0.07514881451461486
2023,771337.0,2,"LAPAN, NASA",2,0.07602997204493872
2023,771339.0,2,"LAPAN, NASA",2,0.07506942586127546
2023,771340.0,2,"LAPAN, NASA",2,0.07531144029633166
2023,771360.0,2,"LAPAN, NASA",2,0.1050072493389121
2023,771361.0,2,"LAPAN, NASA",2,0.10515397195235736
2023,771366.0,2,"LAPAN, NASA",2,0.10562811867105289
2023,771367.0,2,"LAPAN, NASA",2,0.10608114831237667
2023,771368.0,2,"LAPAN, NASA",2,0.10409830363065237
2023,771369.0,2,"LAPAN, NASA",2,0.10534854445721648
2023,771375.0,2,"LAPAN, NASA",2,0.10507714813273471
2023,771376.0,2,"LAPAN, NASA",2,0.10580980782575024
2023,771377.0,2,"LAPAN, NASA",2,0.10603116819556203
2023,771381.0,2,"LAPAN, NASA",2,0.10579309154414085
2023,771387.0,2,"LAPAN, NASA",2,0.09797723039943587
2023,771388.0,2,"LAPAN, NASA",2,0.10475686606484931
2023,771395.0,2,"LAPAN, NASA",2,0.09832843966225141
2023,771396.0,2,"LAPAN, NASA",2,0.09807147973703974
2023,771397.0,2,"LAPAN, NASA",2,0.0980544422406565
2023,771398.0,2,"LAPAN, NASA",2,0.10525061235208193
2023,771399.0,2,"LAPAN, NASA",2,0.10594246375246509
2023,771400.0,2,"LAPAN, NASA",2,0.10462545394247358
2023,771402.0,2,"LAPAN, NASA",2,0.10522829872942616
2023,771409.0,2,"LAPAN, NASA",2,0.09787635263983328
2023,771410.0,2,"LAPAN, NASA",2,0.09807285717862631
2023,771411.0,2,"LAPAN, NASA",2,0.09834691677243762
2023,771412.0,2,"LAPAN, NASA",2,0.09917057636445221
2023,771413.0,2,"LAPAN, NASA",2,0.10543238359093281
2023,771414.0,2,"LAPAN, NASA",2,0.1047186711585876
2023,771415.0,2,"LAPAN, NASA",2,0.10427851843492016
2023,771416.0,2,"LAPAN, NASA",2,0.09914696071518507
2023,771418.0,2,"LAPAN, NASA",2,0.0980496731986399
2023,771419.0,2,"LAPAN, NASA",2,0.09965964862875897
2023,771420.0,2,"LAPAN, NASA",2,0.09947286799690191
2023,771421.0,2,"LAPAN, NASA",2,0.09764064939113314
2023,771422.0,2,"LAPAN, NASA",2,0.09871478925542743
2023,771423.0,2,"LAPAN, NASA",2,0.10429863450062064
2023,771424.0,2,"LAPAN, NASA",2,0.10470727288269649
2023,771427.0,2,"LAPAN, NASA",2,0.10513139772669504
2023,771428.0,2,"LAPAN, NASA",2,0.10474810462648071
2023,771430.0,2,"LAPAN, NASA",2,0.1048867488959759
2023,771431.0,2,"LAPAN, NASA",2,0.1045277093410824
2023,771432.0,2,"LAPAN, NASA",2,0.09928913843783697
2023,771441.0,2,"LAPAN, NASA",2,0.09862126090398968
2023,771442.0,2,"LAPAN, NASA",2,0.09806829169207718
2023,771443.0,2,"LAPAN, NASA",2,0.09812605737049997
2023,771444.0,2,"LAPAN, NASA",2,0.09872952832935783
2023,771445.0,2,"LAPAN, NASA",2,0.09994445310656414
2023,771446.0,2,"LAPAN, NASA",2,0.09844368174366419
2023,771447.0,2,"LAPAN, NASA",2,0.10515424011152569
2023,771449.0,2,"LAPAN, NASA",2,0.09731356909197178
2023,771450.0,2,"LAPAN, NASA",2,0.09865965338728308
2023,771451.0,2,"LAPAN, NASA",2,0.09813234073133643
2023,771452.0,2,"LAPAN, NASA",2,0.09877811679452297
2023,771456.0,2,"LAPAN, NASA",2,0.09853962058516937
2023,771457.0,2,"LAPAN, NASA",2,0.0985712654170484
2023,771458.0,2,"LAPAN, NASA",2,0.09942227987217331
2023,771459.0,2,"LAPAN, NASA",2,0.09942656625465367
2023,771460.0,2,"LAPAN, NASA",2,0.09917287591445414
2023,771461.0,2,"LAPAN, NASA",2,0.0993899384359854
2023,771462.0,2,"LAPAN, NASA",2,0.09963937496044163
2023,771465.0,2,"LAPAN, NASA",2,0.09824227151754353
2023,771466.0,2,"LAPAN, NASA",2,0.09817205694926151
2023,771467.0,2,"LAPAN, NASA",2,0.09717167103671719
2023,771468.0,2,"LAPAN, NASA",2,0.09846929079712005
2023,771469.0,2,"LAPAN, NASA",2,0.09874199456169422
2023,771470.0,2,"LAPAN, NASA",2,0.09875349815066964
2023,771471.0,2,"LAPAN, NASA",2,0.09904578346758834
2023,771472.0,2,"LAPAN, NASA",2,0.0993322123702368
2023,771473.0,2,"LAPAN, NASA",2,0.09957116572224534
2023,771474.0,2,"LAPAN, NASA",2,0.09739615559842665
2023,771477.0,2,"LAPAN, NASA",2,0.09867840830344604
2023,771478.0,2,"LAPAN, NASA",2,0.09847247261338611
2023,771479.0,2,"LAPAN, NASA",2,0.0980935341894075
2023,771480.0,2,"LAPAN, NASA",2,0.09872422763275013
2023,771481.0,2,"LAPAN, NASA",2,0.0990515194254522
2023,771484.0,2,"LAPAN, NASA",2,0.10041137303722344
2023,771485.0,2,"LAPAN, NASA",2,0.09961756528020159
2023,771486.0,2,"LAPAN, NASA",2,0.10362429517545942
2023,771487.0,2,"LAPAN, NASA",2,0.10405165571116796
2023,771488.0,2,"LAPAN, NASA",2,0.09774253759331403
2023,771489.0,2,"LAPAN, NASA",2,0.09884546025432348
2023,771490.0,2,"LAPAN, NASA",2,0.09787488932385555
2023,771491.0,2,"LAPAN, NASA",2,0.100331330875429
2023,771492.0,2,"LAPAN, NASA",2,0.10027320750533207
2023,771493.0,2,"LAPAN, NASA",2,0.09915531311455464
2023,771494.0,2,"LAPAN, NASA",2,0.0993382434264826
2023,771495.0,2,"LAPAN, NASA",2,0.10405581727310026
2023,771497.0,2,"LAPAN, NASA",2,0.09921438814449321
2023,771498.0,2,"LAPAN, NASA",2,0.0978167049472238
2023,771499.0,2,"LAPAN, NASA",2,0.09943798068617973
2023,771500.0,2,"LAPAN, NASA",2,0.09964228496212908
2023,771501.0,2,"LAPAN, NASA",2,0.09899257281229236
2023,771503.0,2,"LAPAN, NASA",2,0.10018380762725915
2023,771504.0,2,"LAPAN, NASA",2,0.10403393617888212
2023,771505.0,2,"LAPAN, NASA",2,0.10496962603329277
2023,771506.0,2,"LAPAN, NASA",2,0.09913398583505584
2023,771508.0,2,"LAPAN, NASA",2,0.09851408618428321
2023,771509.0,2,"LAPAN, NASA",2,0.09898178726417467
2023,771510.0,2,"LAPAN, NASA",2,0.10319722870301405
2023,771511.0,2,"LAPAN, NASA",2,0.07789830405828367
2023,771512.0,2,"LAPAN, NASA",2,0.0801548297906005
2023,771516.0,2,"LAPAN, NASA",2,0.07831958983937298
2023,771517.0,2,"LAPAN, NASA",2,0.07774468603337412
2023,771519.0,2,"LAPAN, NASA",2,0.0785053138715741
2023,771520.0,2,"LAPAN, NASA",2,0.07682935516311498
2023,771521.0,2,"LAPAN, NASA",2,0.08094083273574451
2023,771525.0,2,"LAPAN, NASA",2,0.07939292721078828
2023,771526.0,2,"LAPAN, NASA",2,0.08092659369982892
2023,771527.0,2,"LAPAN, NASA",2,0.0802302334351639
2023,771528.0,2,"LAPAN, NASA",2,0.08168739268584002
2023,771533.0,2,"LAPAN, NASA",2,0.0768097109216546
2023,771538.0,2,"LAPAN, NASA",2,0.08126980270038593
2023,771539.0,2,"LAPAN, NASA",2,0.0802858781475315
2023,771544.0,2,"LAPAN, NASA",2,0.07994085968406517
2023,771545.0,2,"LAPAN, NASA",2,0.08100442309388271
2023,771546.0,2,"LAPAN, NASA",2,0.08098408113583846
2023,771548.0,2,"LAPAN, NASA",2,0.08087999963439998
2023,771554.0,2,"LAPAN, NASA",2,0.08087527357671287
2023,771555.0,2,"LAPAN, NASA",2,0.0807321120439402
2023,771654.0,2,"LAPAN, NASA",2,0.09931676322065852
2023,771656.0,2,"LAPAN, NASA",2,0.0994243626897926
2023,771692.0,2,"LAPAN, NASA",2,0.10019364530628977
2023,771703.0,2,"LAPAN, NASA",2,0.10094367531332264
2023,771704.0,2,"LAPAN, NASA",2,0.1005689094429764
2023,771708.0,2,"LAPAN, NASA",2,0.10030958603788989
2023,771721.0,2,"LAPAN, NASA",2,0.10122565108913041
2023,771722.0,2,"LAPAN, NASA",2,0.10005834128070754
2023,771726.0,2,"LAPAN, NASA",2,0.10061425512237707
2023,771727.0,2,"LAPAN, NASA",2,0.10176295546057249
2023,771730.0,2,"LAPAN, NASA",2,0.10209708172909819
2023,771731.0,2,"LAPAN, NASA",2,0.10344131366998384
2023,771732.0,2,"LAPAN, NASA",2,0.10286555339064384
2023,771736.0,2,"LAPAN, NASA",2,0.10255611142494782
2023,771737.0,2,"LAPAN, NASA",2,0.10202407169666358
2023,771738.0,2,"LAPAN, NASA",2,0.10265802304507059
2023,771742.0,2,"LAPAN, NASA",2,0.08005643882365168
2023,771743.0,2,"LAPAN, NASA",2,0.08073930748153182
2023,771756.0,2,"LAPAN, NASA",2,0.08095941969478664
2023,771757.0,2,"LAPAN, NASA",2,0.08008617312610511
2023,771761.0,2,"LAPAN, NASA",2,0.08005033315469727
2023,771762.0,2,"LAPAN, NASA",2,0.08004130424034991
2023,771763.0,2,"LAPAN, NASA",2,0.08138760083327877
2023,771768.0,2,"LAPAN, NASA",2,0.07904405000577289
2023,771769.0,2,"LAPAN, NASA",2,0.08016628408648303
2023,771770.0,2,"LAPAN, NASA",2,0.08219464361979249
2023,771774.0,2,"LAPAN, NASA",2,0.08080517162715407
2023,771775.0,2,"LAPAN, NASA",2,0.08251563952359137
2023,771776.0,2,"LAPAN, NASA",2,0.07853511463061315
2023,771777.0,2,"LAPAN, NASA",2,0.08079736809439683
2023,771778.0,2,"LAPAN, NASA",2,0.08251208452028795
2023,771779.0,2,"LAPAN, NASA",2,0.08075667041226027
2023,771783.0,2,"LAPAN, NASA",2,0.07799372086550595
2023,771784.0,2,"LAPAN, NASA",2,0.07895416631312746
2023,771785.0,2,"LAPAN, NASA",2,0.08164483908871986
2023,771787.0,2,"LAPAN, NASA",2,0.07808735222460356
2023,771788.0,2,"LAPAN, NASA",2,0.07853390813121698
2023,771789.0,2,"LAPAN, NASA",2,0.07904369681784383
2023,771790.0,2,"LAPAN, NASA",2,0.07886991707208489
2023,771791.0,2,"LAPAN, NASA",2,0.077599637000822
2023,771792.0,2,"LAPAN, NASA",2,0.0785124977705768
2023,771793.0,2,"LAPAN, NASA",2,0.0784077289972183
2023,771794.0,2,"LAPAN, NASA",2,0.07845926217376394
2023,771795.0,2,"LAPAN, NASA",2,0.07767837365338033
2023,771796.0,2,"LAPAN, NASA",2,0.07843371925315545
2023,771797.0,2,"LAPAN, NASA",2,0.07872478713046853
2023,771798.0,2,"LAPAN, NASA",2,0.07840185006106676
2023,771803.0,2,"LAPAN, NASA",2,0.07846766196842059
2023,771804.0,2,"LAPAN, NASA",2,0.07792691454388496
2023,771805.0,2,"LAPAN, NASA",2,0.07916551618681242
2023,771806.0,2,"LAPAN, NASA",2,0.07865238339967154
2023,771807.0,2,"LAPAN, NASA",2,0.07897285656388556
2023,771808.0,2,"LAPAN, NASA",2,0.07860352605928525
2023,771809.0,2,"LAPAN, NASA",2,0.0791588727490045
2023,771811.0,2,"LAPAN, NASA",2,0.07880001379464562
2023,771812.0,2,"LAPAN, NASA",2,0.07898491294143876
2023,771819.0,2,"LAPAN, NASA",2,0.07818156290043397
2023,771820.0,2,"LAPAN, NASA",2,0.07823103351702437
2023,771827.0,2,"LAPAN, NASA",2,0.07993068704652698
2023,771835.0,2,"LAPAN, NASA",2,0.07693713133530694
2023,771836.0,2,"LAPAN, NASA",2,0.07749732414359688
2023,771843.0,2,"LAPAN, NASA",2,0.07648940877861939
2023,771844.0,2,"LAPAN, NASA",2,0.0765780639959491
2023,771846.0,2,"LAPAN, NASA",2,0.07666901644914526
2023,771861.0,2,"LAPAN, NASA",2,0.07798517452625267
2023,771866.0,2,"LAPAN, NASA",2,0.10401365123876234
2023,771867.0,2,"LAPAN, NASA",2,0.10475255349787316
2023,771890.0,2,"LAPAN, NASA",2,0.10381486514987047
2023,771891.0,2,"LAPAN, NASA",2,0.10353586597342812
2023,771892.0,2,"LAPAN, NASA",2,0.10305438658060163
2023,771898.0,2,"LAPAN, NASA",2,0.10316311430518926
2023,771899.0,2,"LAPAN, NASA",2,0.1029133227171489
2023,771902.0,2,"LAPAN, NASA",2,0.10267146454879676
2023,771903.0,2,"LAPAN, NASA",2,0.10331075855123967
2023,771906.0,2,"LAPAN, NASA",2,0.10401006350183854
2023,771907.0,2,"LAPAN, NASA",2,0.10342928854314443
2023,771943.0,2,"LAPAN, NASA",2,0.10489649262080912
2023,771944.0,2,"LAPAN, NASA",2,0.10465295318500993
2023,771997.0,2,"LAPAN, NASA",2,0.10400138324297177
2023,771998.0,2,"LAPAN, NASA",2,0.10457030071772734
2023,772002.0,2,"LAPAN, NASA",2,0.10346372481030411
2023,772013.0,2,"LAPAN, NASA",2,0.10375899466830968
2023,772019.0,2,"LAPAN, NASA",2,0.10338401258327991
2023,772020.0,2,"LAPAN, NASA",2,0.10505871414266363
2023,772030.0,2,"LAPAN, NASA",2,0.10390503153809302
2023,772040.0,2,"LAPAN, NASA",2,0.10229259534009383
2023,772042.0,2,"LAPAN, NASA",2,0.09727568557803463
2023,772047.0,2,"LAPAN, NASA",2,0.08045550532476733
2023,772048.0,2,"LAPAN, NASA",2,0.07995755753877805
2023,772049.0,2,"LAPAN, NASA",2,0.08007088733750861
2023,772050.0,2,"LAPAN, NASA",2,0.07927264451905978
2023,772051.0,2,"LAPAN, NASA",2,0.07993223971169938
2023,772056.0,2,"LAPAN, NASA",2,0.07922991211007085
2023,772057.0,2,"LAPAN, NASA",2,0.07992468351206958
2023,772058.0,2,"LAPAN, NASA",2,0.08036045915362394
2023,772061.0,2,"LAPAN, NASA",2,0.07986320979709932
2023,772062.0,2,"LAPAN, NASA",2,0.07899742239980041
2023,772063.0,2,"LAPAN, NASA",2,0.08017259940711327
2023,772064.0,2,"LAPAN, NASA",2,0.07930248308536061
2023,772066.0,2,"LAPAN, NASA",2,0.0793679753962802
2023,772067.0,2,"LAPAN, NASA",2,0.07830700741474116
2023,772068.0,2,"LAPAN, NASA",2,0.0790257367981707
2023,772069.0,2,"LAPAN, NASA",2,0.08080994683810869
2023,772070.0,2,"LAPAN, NASA",2,0.08093284270808553
2023,772071.0,2,"LAPAN, NASA",2,0.07997937700970978
2023,772096.0,2,"LAPAN, NASA",2,0.10516399519668236
2023,772097.0,2,"LAPAN, NASA",2,0.09852219953193314
2023,772099.0,2,"LAPAN, NASA",2,0.10152988747167457
2023,772102.0,2,"LAPAN, NASA",2,0.10143843889290402
2023,772104.0,2,"LAPAN, NASA",2,0.09845052998032158
2023,772105.0,2,"LAPAN, NASA",2,0.10049935028860599
2023,772106.0,2,"LAPAN, NASA",2,0.09949183007273478
2023,772109.0,2,"LAPAN, NASA",2,0.10013175425601858
2023,772110.0,2,"LAPAN, NASA",2,0.10022530930179148
2023,772111.0,2,"LAPAN, NASA",2,0.09929788299956238
2023,772112.0,2,"LAPAN, NASA",2,0.10111739598739641
2023,772113.0,2,"LAPAN, NASA",2,0.10184895028793947
2023,772114.0,2,"LAPAN, NASA",2,0.09939391222598326
2023,772117.0,2,"LAPAN, NASA",2,0.09987967063067012
2023,772118.0,2,"LAPAN, NASA",2,0.09931268194966804
2023,772122.0,2,"LAPAN, NASA",2,0.09944474313919478
2023,772123.0,2,"LAPAN, NASA",2,0.09802204408062479
2023,772124.0,2,"LAPAN, NASA",2,0.10034644412270091
2023,772125.0,2,"LAPAN, NASA",2,0.09896498000706935
2023,772126.0,2,"LAPAN, NASA",2,0.10182864602870505
2023,772127.0,2,"LAPAN, NASA",2,0.10011679067612177
2023,772128.0,2,"LAPAN, NASA",2,0.10059890331580694
2023,772130.0,2,"LAPAN, NASA",2,0.098685613882282
2023,772131.0,2,"LAPAN, NASA",2,0.10085392275821675
2023,772136.0,2,"LAPAN, NASA",2,0.0983940740780514
2023,772137.0,2,"LAPAN, NASA",2,0.10008894742628675
2023,772138.0,2,"LAPAN, NASA",2,0.09970701425268545
2023,772142.0,2,"LAPAN, NASA",2,0.09782320667926846
2023,772143.0,2,"LAPAN, NASA",2,0.0985553910628201
2023,772144.0,2,"LAPAN, NASA",2,0.09789624896377684
2023,772149.0,2,"LAPAN, NASA",2,0.09819511517686584
2023,772150.0,2,"LAPAN, NASA",2,0.09833754774700225
2023,772151.0,2,"LAPAN, NASA",2,0.10025623489671974
2023,772152.0,2,"LAPAN, NASA",2,0.09889080906605167
2023,772153.0,2,"LAPAN, NASA",2,0.09937914220861212
2023,772154.0,2,"LAPAN, NASA",2,0.09991668901361488
2023,772155.0,2,"LAPAN, NASA",2,0.10079991249417089
2023,772156.0,2,"LAPAN, NASA",2,0.10090124741406366
2023,772157.0,2,"LAPAN, NASA",2,0.0998613106906262
2023,772158.0,2,"LAPAN, NASA",2,0.10125679251953415
2023,772163.0,2,"LAPAN, NASA",2,0.0978426456807158
2023,772164.0,2,"LAPAN, NASA",2,0.09801194684959436
2023,772165.0,2,"LAPAN, NASA",2,0.09993458718768757
2023,772166.0,2,"LAPAN, NASA",2,0.1005675202820311
2023,772167.0,2,"LAPAN, NASA",2,0.09998026277543277
2023,772169.0,2,"LAPAN, NASA",2,0.0980105221384369
2023,772170.0,2,"LAPAN, NASA",2,0.09770038293434813
2023,772171.0,2,"LAPAN, NASA",2,0.10029013223252402
2023,772172.0,2,"LAPAN, NASA",2,0.10098582769041202
2023,772173.0,2,"LAPAN, NASA",2,0.10086992756139856
2023,772177.0,2,"LAPAN, NASA",2,0.09725512423012853
2023,772178.0,2,"LAPAN, NASA",2,0.09803059949703977
2023,772184.0,2,"LAPAN, NASA",2,0.09813180972120474
2023,772185.0,2,"LAPAN, NASA",2,0.09675687198831122
2023,772186.0,2,"LAPAN, NASA",2,0.10032259851814816
2023,772191.0,2,"LAPAN, NASA",2,0.07727866017600471
2023,772203.0,2,"LAPAN, NASA",2,0.07686996876190881
2023,772205.0,2,"LAPAN, NASA",2,0.07796273375047386
2023,772206.0,2,"LAPAN, NASA",2,0.07877422123781376
2023,772208.0,2,"LAPAN, NASA",2,0.07851673481688237
2023,772209.0,2,"LAPAN, NASA",2,0.0775029864177191
2023,772210.0,2,"LAPAN, NASA",2,0.07758093257042162
2023,772211.0,2,"LAPAN, NASA",2,0.07897140300813013
2023,772212.0,2,"LAPAN, NASA",2,0.0781898410808664
2023,772219.0,2,"LAPAN, NASA",2,0.07929565791051524
2023,772220.0,2,"LAPAN, NASA",2,0.07859871525104864
2023,772221.0,2,"LAPAN, NASA",2,0.07840033528881711
2023,772222.0,2,"LAPAN, NASA",2,0.07859431380981653
2023,772229.0,2,"LAPAN, NASA",2,0.07713557242650966
2023,772230.0,2,"LAPAN, NASA",2,0.07833825815991359
2023,772231.0,2,"LAPAN, NASA",2,0.07821851503751891
2023,772232.0,2,"LAPAN, NASA",2,0.07912238059289041
2023,772240.0,2,"LAPAN, NASA",2,0.0758804900920464
2023,772241.0,2,"LAPAN, NASA",2,0.0783468698955082
2023,772242.0,2,"LAPAN, NASA",2,0.07716579952206003
2023,772243.0,2,"LAPAN, NASA",2,0.07882353423169255
2023,772244.0,2,"LAPAN, NASA",2,0.07835216652251276
2023,772256.0,2,"LAPAN, NASA",2,0.07735066095358961
2023,772259.0,2,"LAPAN, NASA",2,0.07587817013366797
2023,772260.0,2,"LAPAN, NASA",2,0.07678157034426482
2023,772261.0,2,"LAPAN, NASA",2,0.07694373916282865
2023,772262.0,2,"LAPAN, NASA",2,0.07750746354515155
2023,772263.0,2,"LAPAN, NASA",2,0.0785328404697336
2023,772264.0,2,"LAPAN, NASA",2,0.07754470398423573
2023,772265.0,2,"LAPAN, NASA",2,0.07823912854922521
2023,772266.0,2,"LAPAN, NASA",2,0.07832705413372196
2023,772270.0,2,"LAPAN, NASA",2,0.07809224633782727
2023,772271.0,2,"LAPAN, NASA",2,0.07770026746509613
2023,772276.0,2,"LAPAN, NASA",2,0.07684141940453436
2023,772277.0,2,"LAPAN, NASA",2,0.07767013927337682
2023,772284.0,2,"LAPAN, NASA",2,0.0775277999393796
2023,772297.0,2,"LAPAN, NASA",2,0.07788154091333377
2023,772303.0,2,"LAPAN, NASA",2,0.0768166880363865
2023,772310.0,2,"LAPAN, NASA",2,0.0762907064105559
2023,772316.0,2,"LAPAN, NASA",2,0.07754750697654723
2023,772317.0,2,"LAPAN, NASA",2,0.07687077713672069
2023,772318.0,2,"LAPAN, NASA",2,0.07680534088754958
2023,772319.0,2,"LAPAN, NASA",2,0.07755890259438071
2023,772321.0,2,"LAPAN, NASA",2,0.07697199005895658
2023,772322.0,2,"LAPAN, NASA",2,0.07896126900076889
2023,772348.0,2,"LAPAN, NASA",2,0.10077896875635654
2023,772354.0,2,"LAPAN, NASA",2,0.10670587931534689
2023,772359.0,2,"LAPAN, NASA",2,0.10706350460202083
2023,772360.0,2,"LAPAN, NASA",2,0.10662219332874845
2023,772361.0,2,"LAPAN, NASA",2,0.10622357754713067
2023,772362.0,2,"LAPAN, NASA",2,0.10660535716457258
2023,772377.0,2,"LAPAN, NASA",2,0.07749220179777042
2023,772378.0,2,"LAPAN, NASA",2,0.07786470779782696
2023,772379.0,2,"LAPAN, NASA",2,0.08159792478529146
2023,772381.0,2,"LAPAN, NASA",2,0.08094460440582263
2023,772424.0,2,"LAPAN, NASA",2,0.0795417949348159
2023,772432.0,2,"LAPAN, NASA",2,0.0813470720809119
2023,772810.0,2,"LAPAN, NASA",2,0.21676630866832458
2023,772811.0,2,"LAPAN, NASA",2,0.21582366468691364
2023,772812.0,2,"LAPAN, NASA",2,0.2038432699252796
2023,772813.0,2,"LAPAN, NASA",2,0.1731730272247401
2023,772814.0,2,"LAPAN, NASA",2,0.17146662116951486
2023,772815.0,2,"LAPAN, NASA",2,0.1720302679090982
2023,772816.0,2,"LAPAN, NASA",2,0.1735998238762616
2023,772817.0,2,"LAPAN, NASA",2,0.15888728246393954
2023,772820.0,2,"LAPAN, NASA",2,0.1586593288277334
2023,773069.0,2,"LAPAN, NASA",2,0.13773182744508808
2023,773072.0,2,"LAPAN, NASA",2,0.1379081915640469
2023,773073.0,2,"LAPAN, NASA",2,0.13710078903674142
2023,773074.0,2,"LAPAN, NASA",2,0.13688520716257674
2023,773075.0,2,"LAPAN, NASA",2,0.13698650834033266
2023,773076.0,2,"LAPAN, NASA",2,0.13786609596609595
2023,773077.0,2,"LAPAN, NASA",2,0.1374014307622432
2023,773078.0,2,"LAPAN, NASA",2,0.13827116653412788
2023,773079.0,2,"LAPAN, NASA",2,0.1393790611759044
2023,773080.0,2,"LAPAN, NASA",2,0.13961299732820356
2023,773081.0,2,"LAPAN, NASA",2,0.13657389454641045
2023,773082.0,2,"LAPAN, NASA",2,0.1383741674949961
2023,773083.0,2,"LAPAN, NASA",2,0.13722579701503582
2023,773085.0,2,"LAPAN, NASA",2,0.1370240628898818
2023,773086.0,2,"LAPAN, NASA",2,0.13700627046326358
2023,773087.0,2,"LAPAN, NASA",2,0.1388278514624949
2023,773088.0,2,"LAPAN, NASA",2,0.1387020398997053
2023,773089.0,2,"LAPAN, NASA",2,0.13960660224419805
2023,773094.0,2,"LAPAN, NASA",2,0.13541639358828544
2023,773095.0,2,"LAPAN, NASA",2,0.10614951129294256
2023,773106.0,2,"LAPAN, NASA",2,0.10073123594355857
2023,773107.0,2,"LAPAN, NASA",2,0.1004599081200099
2023,773108.0,2,"LAPAN, NASA",2,0.09975617923421783
2023,773109.0,2,"LAPAN, NASA",2,0.10041486301721664
2023,773110.0,2,"LAPAN, NASA",2,0.10087187367375518
2023,773111.0,2,"LAPAN, NASA",2,0.09978714782864778
2023,773112.0,2,"LAPAN, NASA",2,0.09989677949167357
2023,773113.0,2,"LAPAN, NASA",2,0.09941542647731391
2023,773114.0,2,"LAPAN, NASA",2,0.09998286754596876
2023,773115.0,2,"LAPAN, NASA",2,0.10039788860228167
2023,773116.0,2,"LAPAN, NASA",2,0.10037216972525544
2023,773117.0,2,"LAPAN, NASA",2,0.0997622251849609
2023,773118.0,2,"LAPAN, NASA",2,0.09992846648484283
2023,773119.0,2,"LAPAN, NASA",2,0.09940853166754197
2023,773122.0,3,"LAPAN, NASA",2,0.132094627329838
2023,773123.0,2,"LAPAN, NASA",2,0.13239909143539053
2023,773125.0,2,"LAPAN, NASA",2,0.1961369401950729
2023,773197.0,2,"LAPAN, NASA",2,0.12800769671414738
2023,773199.0,2,"LAPAN, NASA",2,0.12583326909515832
2023,773200.0,2,"LAPAN, NASA",2,0.12635110649239326
2023,773201.0,2,"LAPAN, NASA",2,0.12632505743232564
2023,773202.0,2,"LAPAN, NASA",2,0.12547605215783117
2023,773203.0,2,"LAPAN, NASA",2,0.12229304081282455
2023,773205.0,2,"LAPAN, NASA",2,0.09852617044447665
2023,773301.0,2,"LAPAN, NASA",2,0.13090743027407173
2023,773325.0,2,"LAPAN, NASA",2,0.13239073052596578
2023,773326.0,2,"LAPAN, NASA",2,0.13245812932546805
2023,773391.0,2,"LAPAN, NASA",2,0.09871573005396465
2023,773400.0,2,"LAPAN, NASA",2,0.09823236352944388
2023,773414.0,2,"LAPAN, NASA",2,0.09868384092271498
2023,773459.0,3,"LAPAN, NASA",2,0.12971393158241104
2023,775041.0,2,"LAPAN, NASA",2,0.06831625552472353
2023,775043.0,2,"LAPAN, NASA",2,0.067575641138284
2023,775044.0,2,"LAPAN, NASA",2,0.051214342904995935
2023,775054.0,2,"LAPAN, NASA",2,0.05102677689287475
2023,775056.0,2,"LAPAN, NASA",2,0.05111350161309441
2023,775057.0,2,"LAPAN, NASA",2,0.05185381643429241
2023,775058.0,2,"LAPAN, NASA",2,0.051613149503660166
2023,775059.0,2,"LAPAN, NASA",2,0.05184172945410436
2023,775060.0,2,"LAPAN, NASA",2,0.05120689041398602
2023,775061.0,2,"LAPAN, NASA",2,0.05210480700323626
2023,775062.0,2,"LAPAN, NASA",2,0.0519198972312038
2023,775063.0,2,"LAPAN, NASA",2,0.05236543818985431
2023,775064.0,2,"LAPAN, NASA",2,0.05241242590181631
2023,775067.0,2,"LAPAN, NASA",2,0.05148407326070334
2023,775076.0,2,"LAPAN, NASA",2,0.05273438531334697
2023,775078.0,2,"LAPAN, NASA",2,0.052410886156423614
2023,775092.0,2,"LAPAN, NASA",2,0.06710854106091803
2023,775098.0,2,"LAPAN, NASA",2,0.06723030720870588
2023,775101.0,2,"LAPAN, NASA",2,0.06726052446174645
2023,775102.0,2,"LAPAN, NASA",2,0.06759833367943319
2023,775103.0,2,"LAPAN, NASA",2,0.06745394893074774
2023,775105.0,2,"LAPAN, NASA",2,0.06732294491044404
2023,775106.0,2,"LAPAN, NASA",2,0.06800838261704792
2023,775108.0,2,"LAPAN, NASA",2,0.06659742640391396
2023,775109.0,2,"LAPAN, NASA",2,0.06736531166718931
2023,775110.0,2,"LAPAN, NASA",2,0.06782962120805318
2023,775114.0,2,"LAPAN, NASA",2,0.06649508225242928
2023,775115.0,2,"LAPAN, NASA",2,0.06786319919015395
2023,775119.0,2,"LAPAN, NASA",2,0.06727961585652453
2023,775121.0,2,"LAPAN, NASA",2,0.06753990681050874
2023,775122.0,2,"LAPAN, NASA",2,0.06749667691650828
2023,775123.0,2,"LAPAN, NASA",2,0.06765930404843797
2023,775124.0,2,"LAPAN, NASA",2,0.0676875791926838
2023,775125.0,2,"LAPAN, NASA",2,0.06716678552003197
2023,775127.0,2,"LAPAN, NASA",2,0.06804103528518111
2023,775128.0,2,"LAPAN, NASA",2,0.06794820842091105
2023,775129.0,2,"LAPAN, NASA",2,0.06641704172645968
2023,775130.0,2,"LAPAN, NASA",2,0.06817351942501668
2023,775131.0,2,"LAPAN, NASA",2,0.06748665836462217
2023,775132.0,2,"LAPAN, NASA",2,0.06752394803817129
2023,775133.0,2,"LAPAN, NASA",2,0.06771797430255527
2023,775134.0,2,"LAPAN, NASA",2,0.06824070849308178
2023,775135.0,2,"LAPAN, NASA",2,0.06835147206538295
2023,775136.0,2,"LAPAN, NASA",2,0.0675113356069014
2023,775137.0,2,"LAPAN, NASA",2,0.06777234080697696
2023,775138.0,2,"LAPAN, NASA",2,0.0676865737182657
2023,775139.0,2,"LAPAN, NASA",2,0.0678046339634446
2023,775140.0,2,"LAPAN, NASA",2,0.0679977582015833
2023,775142.0,2,"LAPAN, NASA",2,0.06870972342183312
2023,775143.0,2,"LAPAN, NASA",2,0.0679803695798878
2023,775145.0,2,"LAPAN, NASA",2,0.06834639549752197
2023,775146.0,2,"LAPAN, NASA",2,0.06841415666321995
2023,775148.0,2,"LAPAN, NASA",2,0.06730238816526644
2023,775149.0,2,"LAPAN, NASA",2,0.06724643478521192
2023,775150.0,2,"LAPAN, NASA",2,0.06764795870424316
2023,775154.0,2,"LAPAN, NASA",2,0.06802026082620663
2023,775173.0,2,"LAPAN, NASA",2,0.06837002668353306
2023,775174.0,2,"LAPAN, NASA",2,0.06762022008336131
2023,775175.0,2,"LAPAN, NASA",2,0.06861743524263539
2023,775176.0,2,"LAPAN, NASA",2,0.06783293155794204
2023,775181.0,2,"LAPAN, NASA",2,0.06770835492379168
2023,775182.0,2,"LAPAN, NASA",2,0.06885622354077224
2023,775183.0,2,"LAPAN, NASA",2,0.0669663150478515
2023,775184.0,2,"LAPAN, NASA",2,0.06788764029879411
2023,775185.0,2,"LAPAN, NASA",2,0.06816940885689339
2023,775186.0,2,"LAPAN, NASA",2,0.06848602978064872
2023,775187.0,2,"LAPAN, NASA",2,0.06799318603891039
2023,775191.0,2,"LAPAN, NASA",2,0.06705070071290795
2023,775193.0,2,"LAPAN, NASA",2,0.05110140095754292
2023,775194.0,2,"LAPAN, NASA",2,0.05141651489431041
2023,775195.0,2,"LAPAN, NASA",2,0.05163427979313776
2023,775196.0,2,"LAPAN, NASA",2,0.0513350944241532
2023,775197.0,2,"LAPAN, NASA",2,0.0510189270151713
2023,775198.0,2,"LAPAN, NASA",2,0.05241959759365517
2023,775199.0,2,"LAPAN, NASA",2,0.0516460578727312
2023,775202.0,2,"LAPAN, NASA",2,0.0510188108471268
2023,775203.0,2,"LAPAN, NASA",2,0.05160946809504657
2023,775204.0,2,"LAPAN, NASA",2,0.052251134296632924
2023,775205.0,2,"LAPAN, NASA",2,0.05161845283253522
2023,775209.0,2,"LAPAN, NASA",2,0.05144873977543698
2023,775212.0,2,"LAPAN, NASA",2,0.05049468989864244
2023,775213.0,2,"LAPAN, NASA",2,0.050865941685429246
2023,775214.0,2,"LAPAN, NASA",2,0.05215513806113653
2023,775215.0,2,"LAPAN, NASA",2,0.05245210801336648
2023,775217.0,2,"LAPAN, NASA",2,0.052445091613348704
2023,775218.0,2,"LAPAN, NASA",2,0.052517349123209545
2023,775223.0,2,"LAPAN, NASA",2,0.051593292792957365
2023,775224.0,2,"LAPAN, NASA",2,0.05179786529291482
2023,775225.0,2,"LAPAN, NASA",2,0.05153692636453029
2023,775231.0,2,"LAPAN, NASA",2,0.05145511883164235
2023,775232.0,2,"LAPAN, NASA",2,0.05208386370025438
2023,775233.0,2,"LAPAN, NASA",2,0.05205532512707979
2023,775236.0,2,"LAPAN, NASA",2,0.05231914603506293
2023,775237.0,2,"LAPAN, NASA",2,0.05229571751965017
2023,775238.0,2,"LAPAN, NASA",2,0.052436078063797804
2023,775242.0,2,"LAPAN, NASA",2,0.05255707187837166
2023,775243.0,2,"LAPAN, NASA",2,0.052315975642219924
2023,775248.0,2,"LAPAN, NASA",2,0.05231849630772349
2023,775252.0,2,"LAPAN, NASA",2,0.05136560273466714
2023,775253.0,2,"LAPAN, NASA",2,0.05295436473066252
2023,775258.0,2,"LAPAN, NASA",2,0.05099439755815029
2023,775259.0,2,"LAPAN, NASA",2,0.05153241499500462
2023,775260.0,2,"LAPAN, NASA",2,0.05252497562660592
2023,775261.0,2,"LAPAN, NASA",2,0.05170134148719637
2023,775262.0,2,"LAPAN, NASA",2,0.051961656509313385
2023,775263.0,2,"LAPAN, NASA",2,0.051983422946061134
2023,775269.0,2,"LAPAN, NASA",2,0.05255913265543813
2023,775270.0,2,"LAPAN, NASA",2,0.051387279936713014
2023,775271.0,2,"LAPAN, NASA",2,0.05144275749673164
2023,775272.0,2,"LAPAN, NASA",2,0.05230300164031662
2023,775273.0,2,"LAPAN, NASA",2,0.05234085500943005
2023,775277.0,2,"LAPAN, NASA",2,0.051081439438228196
2023,775278.0,2,"LAPAN, NASA",2,0.051656370421078235
2023,775279.0,2,"LAPAN, NASA",2,0.05171081081934804
2023,775280.0,2,"LAPAN, NASA",2,0.05178234754927344
2023,775281.0,2,"LAPAN, NASA",2,0.051760209837618205
2023,775285.0,2,"LAPAN, NASA",2,0.05105410697229465
2023,775286.0,2,"LAPAN, NASA",2,0.05259069550375639
2023,775287.0,2,"LAPAN, NASA",2,0.051983903857749356
2023,775289.0,2,"LAPAN, NASA",2,0.052300495728951076
2023,775290.0,2,"LAPAN, NASA",2,0.052062116289256985
2023,775291.0,2,"LAPAN, NASA",2,0.053034254551585176
2023,775294.0,2,"LAPAN, NASA",2,0.0516700028120493
2023,775295.0,2,"LAPAN, NASA",2,0.052567505037216834
2023,775296.0,2,"LAPAN, NASA",2,0.05241567794558868
2023,775297.0,2,"LAPAN, NASA",2,0.05139193669699836
2023,775300.0,2,"LAPAN, NASA",2,0.053055117854943594
2023,775301.0,2,"LAPAN, NASA",2,0.052422390060605256
2023,775302.0,2,"LAPAN, NASA",2,0.05209699534802901
2023,775303.0,2,"LAPAN, NASA",2,0.053210408229639586
2023,775308.0,2,"LAPAN, NASA",2,0.05227350098427546
2023,775309.0,2,"LAPAN, NASA",2,0.05230613388638998
2023,775310.0,2,"LAPAN, NASA",2,0.05145033852870115
2023,775311.0,2,"LAPAN, NASA",2,0.052477606141572646
2023,775312.0,2,"LAPAN, NASA",2,0.05242639364650312
2023,775313.0,2,"LAPAN, NASA",2,0.05266555708048957
2023,775314.0,2,"LAPAN, NASA",2,0.056278825344340644
2023,775320.0,2,"LAPAN, NASA",2,0.05165164918991417
2023,775321.0,2,"LAPAN, NASA",2,0.05179659936794281
2023,775339.0,2,"LAPAN, NASA",2,0.051799673115540214
2023,775345.0,2,"LAPAN, NASA",2,0.06675484017774949
2023,775346.0,2,"LAPAN, NASA",2,0.06656169257907721
2023,775349.0,2,"LAPAN, NASA",2,0.06729303228904637
2023,775350.0,2,"LAPAN, NASA",2,0.06617839228187258
2023,775351.0,2,"LAPAN, NASA",2,0.06769878259396993
2023,775354.0,2,"LAPAN, NASA",2,0.0666145608769293
2023,775363.0,2,"LAPAN, NASA",2,0.06748051431339036
2023,775368.0,2,"LAPAN, NASA",2,0.0669706438696201
2023,775369.0,2,"LAPAN, NASA",2,0.06708420337475661
2023,775375.0,2,"LAPAN, NASA",2,0.06721031640180075
2023,775376.0,2,"LAPAN, NASA",2,0.06738403212233497
2023,775383.0,2,"LAPAN, NASA",2,0.06743524776146088
2023,775384.0,2,"LAPAN, NASA",2,0.06756412531640994
2023,775385.0,2,"LAPAN, NASA",2,0.06748748182380064
2023,775390.0,2,"LAPAN, NASA",2,0.06790109966558178
2023,775392.0,2,"LAPAN, NASA",2,0.06771526201487645
2023,775402.0,2,"LAPAN, NASA",2,0.06759807365785199
2023,775403.0,2,"LAPAN, NASA",2,0.06839709413274767
2023,775404.0,2,"LAPAN, NASA",2,0.06757551809037783
2023,775405.0,2,"LAPAN, NASA",2,0.06729723806669972
2023,775406.0,2,"LAPAN, NASA",2,0.06784233474572281
2023,775409.0,2,"LAPAN, NASA",2,0.0672593015288461
2023,775412.0,2,"LAPAN, NASA",2,0.06806215449511197
2023,775413.0,2,"LAPAN, NASA",2,0.06799125571631973
2023,775414.0,2,"LAPAN, NASA",2,0.0686303979330581
2023,775416.0,2,"LAPAN, NASA",2,0.0671872120637971
2023,775417.0,2,"LAPAN, NASA",2,0.06792271717495604
2023,775418.0,2,"LAPAN, NASA",2,0.06701428092529156
2023,775419.0,2,"LAPAN, NASA",2,0.06814317942189455
2023,775422.0,2,"LAPAN, NASA",2,0.06771028259214787
2023,775423.0,2,"LAPAN, NASA",2,0.06837153166345696
2023,775425.0,2,"LAPAN, NASA",2,0.06785788541688302
2023,775426.0,2,"LAPAN, NASA",2,0.06825486988879619
2023,775429.0,2,"LAPAN, NASA",2,0.06798843736400534
2023,775430.0,2,"LAPAN, NASA",2,0.06787039822297594
2023,775431.0,2,"LAPAN, NASA",2,0.06766208913141986
2023,775434.0,2,"LAPAN, NASA",2,0.06811902150141054
2023,775435.0,2,"LAPAN, NASA",2,0.06732762211106841
2023,775436.0,2,"LAPAN, NASA",2,0.06796443207970664
2023,775437.0,2,"LAPAN, NASA",2,0.06775641785014679
2023,775439.0,2,"LAPAN, NASA",2,0.06817943930793331
2023,775440.0,2,"LAPAN, NASA",2,0.0670474839932491
2023,775441.0,2,"LAPAN, NASA",2,0.06771015077837456
2023,775442.0,2,"LAPAN, NASA",2,0.06686652104139233
2023,775443.0,2,"LAPAN, NASA",2,0.06762393731395816
2023,775444.0,2,"LAPAN, NASA",2,0.06755413046952931
2023,775445.0,2,"LAPAN, NASA",2,0.06786655206702143
2023,775446.0,2,"LAPAN, NASA",2,0.06782286900547518
2023,775447.0,2,"LAPAN, NASA",2,0.06792309243163551
2023,775448.0,2,"LAPAN, NASA",2,0.06802317301597874
2023,775449.0,2,"LAPAN, NASA",2,0.06841216745142135
2023,775450.0,2,"LAPAN, NASA",2,0.06774562718895473
2023,775463.0,2,"LAPAN, NASA",2,0.051103785792881204
2023,775475.0,2,"LAPAN, NASA",2,0.050688151000057184
2023,775482.0,2,"LAPAN, NASA",2,0.05107013317970376
2023,775483.0,2,"LAPAN, NASA",2,0.05187157219590621
2023,775490.0,2,"LAPAN, NASA",2,0.05245230231620032
2023,775491.0,2,"LAPAN, NASA",2,0.05175987573052744
2023,775492.0,2,"LAPAN, NASA",2,0.05222717764985067
2023,775493.0,2,"LAPAN, NASA",2,0.051542390614548635
2023,775499.0,2,"LAPAN, NASA",2,0.05155826611674356
2023,775537.0,2,"LAPAN, NASA",2,0.05176027997221178
2023,775538.0,2,"LAPAN, NASA",2,0.05266934753754707
2023,775544.0,2,"LAPAN, NASA",2,0.05222176862533338
2023,775545.0,2,"LAPAN, NASA",2,0.05193101642931283
2023,775552.0,2,"LAPAN, NASA",2,0.05283464401856868
2023,775553.0,2,"LAPAN, NASA",2,0.051590865947529076
2023,775557.0,2,"LAPAN, NASA",2,0.05371909697318611
2023,775560.0,2,"LAPAN, NASA",2,0.06693541243483835
2023,775561.0,2,"LAPAN, NASA",2,0.06698445319723706
2023,775562.0,2,"LAPAN, NASA",2,0.06725183379452782
2023,775567.0,2,"LAPAN, NASA",2,0.06604763921580326
2023,775568.0,2,"LAPAN, NASA",2,0.06633083577585804
2023,775569.0,2,"LAPAN, NASA",2,0.06753344953774539
2023,775576.0,2,"LAPAN, NASA",2,0.06749711095421781
2023,775582.0,2,"LAPAN, NASA",2,0.06674110118250927
2023,775618.0,2,"LAPAN, NASA",2,0.06696581662967675
2023,775628.0,2,"LAPAN, NASA",2,0.06763534030575426
2023,775629.0,2,"LAPAN, NASA",2,0.06722366226724855
2023,775754.0,2,"LAPAN, NASA",2,0.06818895014711575
2023,775766.0,2,"LAPAN, NASA",2,0.06877857772758848
2023,775767.0,2,"LAPAN, NASA",2,0.06780186699262168
2023,775777.0,2,"LAPAN, NASA",2,0.0676426739002061
2023,775778.0,2,"LAPAN, NASA",2,0.06837195309715684
2023,775784.0,2,"LAPAN, NASA",2,0.06796287809079186
2023,775785.0,2,"LAPAN, NASA",2,0.06773739413946037
2023,775794.0,2,"LAPAN, NASA",2,0.06852115232039298
2023,775795.0,2,"LAPAN, NASA",2,0.06718806274285684
2023,775803.0,2,"LAPAN, NASA",2,0.05132988345176441
2023,775804.0,2,"LAPAN, NASA",2,0.050647491346816384
2023,775805.0,2,"LAPAN, NASA",2,0.05148944828726451
2023,775811.0,2,"LAPAN, NASA",2,0.05173449162039861
2023,775812.0,2,"LAPAN, NASA",2,0.05079860463603248
2023,775814.0,2,"LAPAN, NASA",2,0.05212068955087024
2023,775815.0,2,"LAPAN, NASA",2,0.05212956851394435
2023,775816.0,2,"LAPAN, NASA",2,0.051929709733751404
2023,775817.0,2,"LAPAN, NASA",2,0.051929909696824116
2023,775833.0,2,"LAPAN, NASA",2,0.05142905048738985
2023,775862.0,2,"LAPAN, NASA",2,0.05103493075831043
2023,775907.0,2,"LAPAN, NASA",2,0.0513667196125867
2023,775919.0,2,"LAPAN, NASA",2,0.05279357030050395
2023,775927.0,2,"LAPAN, NASA",2,0.05291647317880007
2023,775933.0,2,"LAPAN, NASA",2,0.052347534624478
2023,775934.0,2,"LAPAN, NASA",2,0.053261885716617136
2023,775995.0,2,"LAPAN, NASA",2,0.0675985553335973
2023,776000.0,2,"LAPAN, NASA",2,0.06876555853770593
2023,776001.0,2,"LAPAN, NASA",2,0.06733857491813024
2023,776002.0,2,"LAPAN, NASA",2,0.06756788899073941
2023,776003.0,2,"LAPAN, NASA",2,0.06803756191940216
2023,776004.0,2,"LAPAN, NASA",2,0.06780556304973452
2023,776005.0,2,"LAPAN, NASA",2,0.06740645563384322
2023,776006.0,2,"LAPAN, NASA",2,0.06782091902678056
2023,776007.0,2,"LAPAN, NASA",2,0.06723112749241536
2023,776008.0,2,"LAPAN, NASA",2,0.06819088224265683
2023,776009.0,2,"LAPAN, NASA",2,0.06822080868741486
2023,776010.0,2,"LAPAN, NASA",2,0.06846796534872697
2023,776011.0,2,"LAPAN, NASA",2,0.06858586139188758
2023,776012.0,2,"LAPAN, NASA",2,0.06821786240599553
2023,776013.0,2,"LAPAN, NASA",2,0.06779369757379602
2023,776014.0,2,"LAPAN, NASA",2,0.06767491469598982
2023,776015.0,2,"LAPAN, NASA",2,0.06798920202668138
2023,776016.0,2,"LAPAN, NASA",2,0.06721407585230087
2023,776018.0,2,"LAPAN, NASA",2,0.06641140095536556
2023,776019.0,2,"LAPAN, NASA",2,0.06777270061751856
2023,776020.0,2,"LAPAN, NASA",2,0.06850646874487692
2023,776021.0,2,"LAPAN, NASA",2,0.06739844439959576
2023,776022.0,2,"LAPAN, NASA",2,0.06836437510935517
2023,776023.0,2,"LAPAN, NASA",2,0.06776470823991969
2023,776024.0,2,"LAPAN, NASA",2,0.06699290404008475
2023,776025.0,2,"LAPAN, NASA",2,0.06862888000019043
2023,776026.0,2,"LAPAN, NASA",2,0.06779732904290293
2023,776027.0,2,"LAPAN, NASA",2,0.06767042257414611
2023,776028.0,2,"LAPAN, NASA",2,0.06821924332266831
2023,776029.0,2,"LAPAN, NASA",2,0.06809684419648462
2023,776030.0,2,"LAPAN, NASA",2,0.06825942224093504
2023,776031.0,2,"LAPAN, NASA",2,0.06855512398737623
2023,776032.0,2,"LAPAN, NASA",2,0.06801009602988158
2023,776033.0,2,"LAPAN, NASA",2,0.06798576331360359
2023,776034.0,2,"LAPAN, NASA",2,0.06812629982291281
2023,776036.0,2,"LAPAN, NASA",2,0.06793461812369951
2023,776037.0,2,"LAPAN, NASA",2,0.06698413791544588
2023,776038.0,2,"LAPAN, NASA",2,0.06790203787464791
2023,776039.0,2,"LAPAN, NASA",2,0.06811467837219973
2023,776040.0,2,"LAPAN, NASA",2,0.06761949942911567
2023,776041.0,2,"LAPAN, NASA",2,0.06745308902950457
2023,776042.0,2,"LAPAN, NASA",2,0.06759476378965497
2023,776052.0,2,"LAPAN, NASA",2,0.06812401173566525
2023,776053.0,2,"LAPAN, NASA",2,0.06857046330160646
2023,776054.0,2,"LAPAN, NASA",2,0.06826095633308131
2023,776055.0,2,"LAPAN, NASA",2,0.06868911304886631
2023,776056.0,2,"LAPAN, NASA",2,0.06822129602813384
2023,776057.0,2,"LAPAN, NASA",2,0.06792826540454996
2023,776058.0,2,"LAPAN, NASA",2,0.06774191376498563
2023,776059.0,2,"LAPAN, NASA",2,0.06803260013301972
2023,776060.0,2,"LAPAN, NASA",2,0.06917378895572827
2023,776061.0,2,"LAPAN, NASA",2,0.06749925739533962
2023,776062.0,2,"LAPAN, NASA",2,0.06804846820818865
2023,776063.0,2,"LAPAN, NASA",2,0.06744007549560428
2023,776064.0,2,"LAPAN, NASA",2,0.06773824430539377
2023,776065.0,2,"LAPAN, NASA",2,0.06842140477503982
2023,776066.0,2,"LAPAN, NASA",2,0.06802725390520832
2023,776067.0,2,"LAPAN, NASA",2,0.06774711473848381
2023,776068.0,2,"LAPAN, NASA",2,0.06819258633396418
2023,776069.0,2,"LAPAN, NASA",2,0.06858678467312784
2023,776070.0,2,"LAPAN, NASA",2,0.06746642908427078
2023,776074.0,2,"LAPAN, NASA",2,0.06783241093234779
2023,776075.0,2,"LAPAN, NASA",2,0.06782973913879707
2023,776076.0,2,"LAPAN, NASA",2,0.06677729092053669
2023,776077.0,2,"LAPAN, NASA",2,0.06767758044626443
2023,776078.0,2,"LAPAN, NASA",2,0.06800728298647261
2023,776079.0,2,"LAPAN, NASA",2,0.067819447656767
2023,776080.0,2,"LAPAN, NASA",2,0.06898214720673998
2023,776081.0,2,"LAPAN, NASA",2,0.06864642030297037
2023,776082.0,2,"LAPAN, NASA",2,0.06718478916397382
2023,776083.0,2,"LAPAN, NASA",2,0.06828752831266408
2023,776084.0,2,"LAPAN, NASA",2,0.06802786086477278
2023,776085.0,2,"LAPAN, NASA",2,0.06850746713770706
2023,776086.0,2,"LAPAN, NASA",2,0.06877021900053064
2023,776087.0,2,"LAPAN, NASA",2,0.06758640526042856
2023,776088.0,2,"LAPAN, NASA",2,0.05146231468023726
2023,776089.0,2,"LAPAN, NASA",2,0.051765269017746814
2023,776090.0,2,"LAPAN, NASA",2,0.05168973971431226
2023,776091.0,2,"LAPAN, NASA",2,0.05172092780584419
2023,776092.0,2,"LAPAN, NASA",2,0.051387591498542634
2023,776093.0,2,"LAPAN, NASA",2,0.05126183975338942
2023,776094.0,2,"LAPAN, NASA",2,0.05254704466146417
2023,776095.0,2,"LAPAN, NASA",2,0.05154225207121217
2023,776096.0,2,"LAPAN, NASA",2,0.05234644194051986
2023,776099.0,2,"LAPAN, NASA",2,0.05170681957826409
2023,776100.0,2,"LAPAN, NASA",2,0.05073680939591573
2023,776101.0,2,"LAPAN, NASA",2,0.05114602305952892
2023,776102.0,2,"LAPAN, NASA",2,0.051871964878727805
2023,776104.0,3,"LAPAN, NASA",2,0.3527554131707202
2023,776105.0,2,"LAPAN, NASA",2,0.05148113536134111
2023,776107.0,2,"LAPAN, NASA",2,0.05258911428056252
2023,776108.0,2,"LAPAN, NASA",2,0.052190675454683505
2023,776111.0,2,"LAPAN, NASA",2,0.051315126226682835
2023,776121.0,2,"LAPAN, NASA",2,0.05157798997202046
2023,776124.0,2,"LAPAN, NASA",2,0.051938773577510255
2023,776125.0,2,"LAPAN, NASA",2,0.05220576619666321
2023,776126.0,2,"LAPAN, NASA",2,0.05222420675156338
2023,776127.0,2,"LAPAN, NASA",2,0.05094969997528665
2023,776128.0,2,"LAPAN, NASA",2,0.0508730719793285
2023,776131.0,2,"LAPAN, NASA",2,0.052232467328467064
2023,776132.0,2,"LAPAN, NASA",2,0.05251579490879343
2023,776133.0,2,"LAPAN, NASA",2,0.05154524697408972
2023,776134.0,2,"LAPAN, NASA",2,0.05220088419618961
2023,776135.0,2,"LAPAN, NASA",2,0.05209116427359151
2023,776136.0,2,"LAPAN, NASA",2,0.05178324514217904
2023,776139.0,2,"LAPAN, NASA",2,0.05291385790297335
2023,776140.0,2,"LAPAN, NASA",2,0.05208177213958028
2023,776141.0,2,"LAPAN, NASA",2,0.05150678209760654
2023,776142.0,2,"LAPAN, NASA",2,0.05124477805416654
2023,776143.0,2,"LAPAN, NASA",2,0.05157645869263683
2023,776147.0,2,"LAPAN, NASA",2,0.05185268394625432
2023,776150.0,2,"LAPAN, NASA",2,0.05278551011072612
2023,776151.0,2,"LAPAN, NASA",2,0.05242646868314737
2023,776156.0,2,"LAPAN, NASA",2,0.05236337004902413
2023,776162.0,2,"LAPAN, NASA",2,0.052647911331310054
2023,776163.0,2,"LAPAN, NASA",2,0.05226012429324963
2023,776164.0,2,"LAPAN, NASA",2,0.051834511249118316
2023,776169.0,2,"LAPAN, NASA",2,0.051996173079125844
2023,776170.0,2,"LAPAN, NASA",2,0.05164664771756968
2023,776171.0,2,"LAPAN, NASA",2,0.05126681516594718
2023,776172.0,2,"LAPAN, NASA",2,0.0524333388525096
2023,776173.0,2,"LAPAN, NASA",2,0.052456647172336876
2023,776174.0,2,"LAPAN, NASA",2,0.052766409406146256
2023,776175.0,2,"LAPAN, NASA",2,0.052354584080752574
2023,776176.0,2,"LAPAN, NASA",2,0.052468651087995664
2023,776177.0,2,"LAPAN, NASA",2,0.052023291467261826
2023,776180.0,2,"LAPAN, NASA",2,0.051181760490149705
2023,776181.0,2,"LAPAN, NASA",2,0.05240429076566935
2023,776182.0,2,"LAPAN, NASA",2,0.051682909410761396
2023,776183.0,2,"LAPAN, NASA",2,0.05131769128380104
2023,776184.0,2,"LAPAN, NASA",2,0.05197799875224646
2023,776185.0,2,"LAPAN, NASA",2,0.051583331983685206
2023,776188.0,2,"LAPAN, NASA",2,0.0516816330565691
2023,776189.0,2,"LAPAN, NASA",2,0.05070507442271141
2023,776190.0,2,"LAPAN, NASA",2,0.051591417886252766
2023,776191.0,2,"LAPAN, NASA",2,0.05214192148308967
2023,776192.0,2,"LAPAN, NASA",2,0.051787453531740864
2023,776193.0,2,"LAPAN, NASA",2,0.051751168965503046
2023,776194.0,2,"LAPAN, NASA",2,0.05204259867357342
2023,776197.0,2,"LAPAN, NASA",2,0.05281747668656082
2023,776198.0,2,"LAPAN, NASA",2,0.052752148308146694
2023,776199.0,2,"LAPAN, NASA",2,0.053300792987212964
2023,776200.0,2,"LAPAN, NASA",2,0.05245836592196893
2023,776201.0,2,"LAPAN, NASA",2,0.05311036409595823
2023,776202.0,2,"LAPAN, NASA",2,0.052271227224525804
2023,776203.0,2,"LAPAN, NASA",2,0.05258171574046763
2023,776209.0,2,"LAPAN, NASA",2,0.05221471255037645
2023,776210.0,2,"LAPAN, NASA",2,0.05194151763172734
2023,776213.0,2,"LAPAN, NASA",2,0.05149712959128786
2023,776214.0,2,"LAPAN, NASA",2,0.05119112111918138
2023,776218.0,2,"LAPAN, NASA",2,0.052686976512910655
2023,776219.0,2,"LAPAN, NASA",2,0.05177622310372133
2023,776231.0,2,"LAPAN, NASA",2,0.052144644321769906
2023,776232.0,2,"LAPAN, NASA",2,0.05283993551549964
2023,776233.0,2,"LAPAN, NASA",2,0.05262736742924065
2023,776234.0,2,"LAPAN, NASA",2,0.053289696820626786
2023,776251.0,2,"LAPAN, NASA",2,0.0526490209636891
2023,776252.0,2,"LAPAN, NASA",2,0.05180122206664663
2023,776256.0,2,"LAPAN, NASA",2,0.05178606410212432
2023,776259.0,2,"LAPAN, NASA",2,0.06666659645954467
2023,776262.0,2,"LAPAN, NASA",2,0.06737308983665354
2023,776263.0,2,"LAPAN, NASA",2,0.06727972068429772
2023,776264.0,2,"LAPAN, NASA",2,0.06699106873137989
2023,776265.0,2,"LAPAN, NASA",2,0.06705219352364622
2023,776268.0,2,"LAPAN, NASA",2,0.06704576466434661
2023,776269.0,2,"LAPAN, NASA",2,0.06626677129605087
2023,776270.0,2,"LAPAN, NASA",2,0.06621739246171345
2023,776271.0,2,"LAPAN, NASA",2,0.06694955406186054
2023,776278.0,2,"LAPAN, NASA",2,0.06683686392020084
2023,776279.0,2,"LAPAN, NASA",2,0.06674495699193289
2023,776280.0,2,"LAPAN, NASA",2,0.0667095670515789
2023,776283.0,2,"LAPAN, NASA",2,0.06682961829955571
2023,776296.0,2,"LAPAN, NASA",2,0.06791731938194351
2023,776304.0,2,"LAPAN, NASA",2,0.066759009056678
2023,776305.0,2,"LAPAN, NASA",2,0.06706473393423616
2023,776306.0,2,"LAPAN, NASA",2,0.06809976477441262
2023,776308.0,2,"LAPAN, NASA",2,0.06753377843092466
2023,776309.0,2,"LAPAN, NASA",2,0.06754799903412362
2023,776314.0,2,"LAPAN, NASA",2,0.06745791987427252
2023,776315.0,2,"LAPAN, NASA",2,0.06664802904598215
2023,776324.0,2,"LAPAN, NASA",2,0.06703868588998182
2023,776325.0,3,"LAPAN, NASA",2,0.4544855985359655
2023,776326.0,2,"LAPAN, NASA",2,0.06807774055879044
2023,776331.0,2,"LAPAN, NASA",2,0.06761290859746448
2023,776332.0,2,"LAPAN, NASA",2,0.06784451271162982
2023,776333.0,2,"LAPAN, NASA",2,0.06736304216091042
2023,776341.0,2,"LAPAN, NASA",2,0.06753109877506341
2023,776342.0,2,"LAPAN, NASA",2,0.06713472705734198
2023,776343.0,2,"LAPAN, NASA",2,0.06796556130380742
2023,776347.0,2,"LAPAN, NASA",2,0.068358130896149
2023,776348.0,2,"LAPAN, NASA",2,0.06783359824219941
2023,776353.0,2,"LAPAN, NASA",2,0.06784902989711747
2023,776354.0,2,"LAPAN, NASA",2,0.0676684548040525
2023,776361.0,2,"LAPAN, NASA",2,0.0676130708879752
2023,776652.0,2,"LAPAN, NASA",2,0.0577643046143066
2023,776671.0,2,"LAPAN, NASA",2,0.0577910325200174
2023,776684.0,2,"LAPAN, NASA",2,0.059291099875352214
2023,776688.0,2,"LAPAN, NASA",2,0.057754336493790234
2023,776690.0,2,"LAPAN, NASA",2,0.0571959295022575
2023,776691.0,2,"LAPAN, NASA",2,0.05836393184035442
2023,776692.0,2,"LAPAN, NASA",2,0.05831121782517229
2023,776693.0,2,"LAPAN, NASA",2,0.05768500158226521
2023,776694.0,2,"LAPAN, NASA",2,0.0591446082807946
2023,776695.0,2,"LAPAN, NASA",2,0.058081084483108725
2023,776696.0,2,"LAPAN, NASA",2,0.058158124597424074
2023,776701.0,2,"LAPAN, NASA",2,0.0729115393885278
2023,776705.0,2,"LAPAN, NASA",2,0.07465766576961679
2023,776707.0,2,"LAPAN, NASA",2,0.07294959330389238
2023,776708.0,2,"LAPAN, NASA",2,0.07312922213425345
2023,776709.0,2,"LAPAN, NASA",2,0.07280586153640715
2023,776710.0,2,"LAPAN, NASA",2,0.07234428909393299
2023,776718.0,2,"LAPAN, NASA",2,0.057559735885474285
2023,776719.0,2,"LAPAN, NASA",2,0.057446473674315
2023,776720.0,2,"LAPAN, NASA",2,0.05622641971775574
2023,776721.0,2,"LAPAN, NASA",2,0.05596080308501914
2023,776722.0,2,"LAPAN, NASA",2,0.0565642162198715
2023,776723.0,2,"LAPAN, NASA",2,0.05671587105575862
2023,776725.0,2,"LAPAN, NASA",2,0.056760806664810474
2023,776726.0,2,"LAPAN, NASA",2,0.056944157593679996
2023,776727.0,2,"LAPAN, NASA",2,0.056735532706373
2023,776728.0,2,"LAPAN, NASA",2,0.05731744079111261
2023,776729.0,2,"LAPAN, NASA",2,0.057477287365175336
2023,776735.0,2,"LAPAN, NASA",2,0.07120403966732135
2023,776737.0,2,"LAPAN, NASA",2,0.07195827968173682
2023,776738.0,2,"LAPAN, NASA",2,0.07060826793484022
2023,776739.0,2,"LAPAN, NASA",2,0.07074628549014596
2023,777133.0,2,"LAPAN, NASA",2,0.2776770063140922
2023,777134.0,3,"LAPAN, NASA",2,0.2773432079551599
2023,777135.0,2,"LAPAN, NASA",2,0.27679334324947835
2023,777138.0,2,"LAPAN, NASA",2,0.27621564552657707
2023,777139.0,3,"LAPAN, NASA",2,0.2765432968803448
2023,777140.0,2,"LAPAN, NASA",2,0.27601907715747953
2023,777172.0,3,"LAPAN, NASA",2,0.22953106822744326
2023,777174.0,2,"LAPAN, NASA",2,0.2959543180875168
2023,777175.0,2,"LAPAN, NASA",2,0.30239609078790985
2023,777176.0,2,"LAPAN, NASA",2,0.3021647554156018
2023,777179.0,2,"LAPAN, NASA",2,0.30127170968374334
2023,777199.0,2,"LAPAN, NASA",2,0.21868812778655275
2023,777201.0,2,"LAPAN, NASA",2,0.2191556065386682
2023,777202.0,2,"LAPAN, NASA",2,0.21969317460643129
2023,777203.0,2,"LAPAN, NASA",2,0.2177697427922335
2023,777205.0,2,"LAPAN, NASA",2,0.21922960541695105
2023,777207.0,2,"LAPAN, NASA",2,0.21857474269351757
2023,777208.0,2,"LAPAN, NASA",2,0.2185861284112054
2023,777209.0,3,"LAPAN, NASA",2,0.2733920818520668
2023,777210.0,3,"LAPAN, NASA",2,0.2720032576096494
2023,777211.0,3,"LAPAN, NASA",2,0.27301702699817676
2023,777212.0,3,"LAPAN, NASA",2,0.2825585820676759
2023,777213.0,2,"LAPAN, NASA",2,0.2250901261589466
2023,777214.0,3,"LAPAN, NASA",2,0.28033238727322424
2023,777255.0,2,"LAPAN, NASA",2,0.2154726776373662
2023,777290.0,2,"LAPAN, NASA",2,0.2759327976087028
2023,777297.0,3,"LAPAN, NASA",2,0.2966183346408838
2023,777298.0,2,"LAPAN, NASA",2,0.23834303606081914
2023,777299.0,2,"LAPAN, NASA",2,0.23868176636091196
2023,777300.0,3,"LAPAN, NASA",2,0.25491013527641315
2023,777301.0,2,"LAPAN, NASA",2,0.2354740996234657
2023,777302.0,2,"LAPAN, NASA",2,0.2375862684799712
2023,777304.0,2,"LAPAN, NASA",2,0.2206744864982948
2023,777308.0,2,"LAPAN, NASA",2,0.26867476950190317
2023,777310.0,2,"LAPAN, NASA",2,0.2671249093264333
2023,777313.0,3,"LAPAN, NASA",2,0.2617788587956316
2023,777314.0,2,"LAPAN, NASA",2,0.26481628202316665
2023,777315.0,3,"LAPAN, NASA",2,0.2884901494162846
2023,777316.0,3,"LAPAN, NASA",2,0.287978752594764
2023,777317.0,2,"LAPAN, NASA",2,0.13923573635605707
2023,777318.0,3,"LAPAN, NASA",2,0.28676392251886185
2023,777319.0,2,"LAPAN, NASA",2,0.13697477528473104
2023,777320.0,3,"LAPAN, NASA",2,0.28845424555782784
2023,777321.0,2,"LAPAN, NASA",2,0.13104602159915146
2023,777324.0,2,"LAPAN, NASA",2,0.2846893115579002
2023,777325.0,2,"LAPAN, NASA",2,0.28792919586101573
2023,777326.0,2,"LAPAN, NASA",2,0.2867955812297172
2023,777327.0,2,"LAPAN, NASA",2,0.286029017481106
2023,777328.0,2,"LAPAN, NASA",2,0.2870987466663324
2023,777359.0,2,"LAPAN, NASA",2,0.2811184811172807
2023,778766.0,2,"LAPAN, NASA",2,0.09645782929976647
2023,778767.0,2,"LAPAN, NASA",2,0.09796019350747062
2023,778768.0,2,"LAPAN, NASA",2,0.09710316476799728
2023,778770.0,2,"LAPAN, NASA",2,0.11839346219288478
2023,778771.0,2,"LAPAN, NASA",2,0.11774533581223072
2023,778773.0,2,"LAPAN, NASA",2,0.11917308118090554
2023,778774.0,2,"LAPAN, NASA",2,0.1175178409309671
2023,778777.0,2,"LAPAN, NASA",2,0.11970474877409477
2023,778783.0,2,"LAPAN, NASA",2,0.12089283472894753
2023,778787.0,2,"LAPAN, NASA",2,0.11844401807255266
2023,778788.0,2,"LAPAN, NASA",2,0.11995204180698511
2023,778789.0,2,"LAPAN, NASA",2,0.11863150048533216
2023,778793.0,2,"LAPAN, NASA",2,0.097358653985364
2023,778794.0,2,"LAPAN, NASA",2,0.09802907115750169
2023,778808.0,2,"LAPAN, NASA",2,0.12223825132269589
2023,778810.0,2,"LAPAN, NASA",2,0.1241805635132341
2023,778811.0,2,"LAPAN, NASA",2,0.12172742732089577
2023,778812.0,2,"LAPAN, NASA",2,0.12293079563467037
2023,778813.0,2,"LAPAN, NASA",2,0.12207790620685949
2023,778814.0,2,"LAPAN, NASA",2,0.12249430645007935
2023,778881.0,2,"LAPAN, NASA",2,0.09530782545663122
2023,779036.0,2,"LAPAN, NASA",2,0.07530941380368857
2023,779045.0,2,"LAPAN, NASA",2,0.09306851673039375
2023,779073.0,2,"LAPAN, NASA",2,0.09627366164052567
2023,779074.0,2,"LAPAN, NASA",2,0.09649469896882003
2023,779075.0,2,"LAPAN, NASA",2,0.09626211488670487
2023,779076.0,2,"LAPAN, NASA",2,0.09573254590689319
2023,779077.0,2,"LAPAN, NASA",2,0.09611660998028743
2023,779092.0,2,"LAPAN, NASA",2,0.07792946695764719
2023,779096.0,3,"LAPAN, NASA",2,0.46517861611399564
2023,779100.0,2,"LAPAN, NASA",2,0.0790053871426197
2023,779101.0,2,"LAPAN, NASA",2,0.07793103990976556
2023,779102.0,2,"LAPAN, NASA",2,0.07760462760465646
2023,779134.0,2,"LAPAN, NASA",2,0.07608543678590388
2023,779140.0,2,"LAPAN, NASA",2,0.07743061896535887
2023,779145.0,2,"LAPAN, NASA",2,0.07804328643318548
2023,779150.0,2,"LAPAN, NASA",2,0.07562980599311739
2023,779158.0,2,"LAPAN, NASA",2,0.07602214839623418
2023,779159.0,3,"LAPAN, NASA",2,0.09352883442827419
2023,779160.0,2,"LAPAN, NASA",2,0.09457457971923033
2023,779173.0,2,"LAPAN, NASA",2,0.09553498640717725
2023,779180.0,2,"LAPAN, NASA",2,0.09544124791557385
2023,779182.0,2,"LAPAN, NASA",2,0.09278684922650607
2023,779184.0,2,"LAPAN, NASA",2,0.09214002885156576
2023,779185.0,2,"LAPAN, NASA",2,0.09168693003166531
2023,779186.0,2,"LAPAN, NASA",2,0.09252299816399678
2023,779189.0,2,"LAPAN, NASA",2,0.09202390745584423
2023,779190.0,2,"LAPAN, NASA",2,0.09228042177989464
2023,779192.0,2,"LAPAN, NASA",2,0.09263579276732789
2023,779193.0,2,"LAPAN, NASA",2,0.09395513835362031
2023,779198.0,2,"LAPAN, NASA",2,0.09170594871642854
2023,779200.0,2,"LAPAN, NASA",2,0.09165047509010492
2023,779201.0,2,"LAPAN, NASA",2,0.09150046444369772
2023,779202.0,2,"LAPAN, NASA",2,0.09108669741208619
2023,779203.0,2,"LAPAN, NASA",2,0.09200814555081314
2023,779204.0,2,"LAPAN, NASA",2,0.09215972106155527
2023,779205.0,2,"LAPAN, NASA",2,0.0922573634407148
2023,779607.0,2,"LAPAN, NASA",2,0.18425264753359055
2023,779608.0,2,"LAPAN, NASA",2,0.18320667978631297
2023,779609.0,2,"LAPAN, NASA",2,0.18335185054762826
2023,779610.0,2,"LAPAN, NASA",2,0.1842881261248337
2023,779611.0,2,"LAPAN, NASA",2,0.17303791737815039
2023,779612.0,2,"LAPAN, NASA",2,0.17250736160618818
2023,779613.0,2,"LAPAN, NASA",2,0.17403456736007678
2023,779614.0,2,"LAPAN, NASA",2,0.18375699588053154
2023,779615.0,2,"LAPAN, NASA",2,0.17417399487715446
2023,779616.0,2,"LAPAN, NASA",2,0.17587417225273405
2023,779618.0,2,"LAPAN, NASA",2,0.07306259108195444
2023,779619.0,2,"LAPAN, NASA",2,0.06743696616435495
2023,779620.0,2,"LAPAN, NASA",2,0.07008419432924647
2023,779621.0,2,"LAPAN, NASA",2,0.07255120705282632
2023,779622.0,2,"LAPAN, NASA",2,0.07786653171471974
2023,779623.0,2,"LAPAN, NASA",2,0.07514795711012628
2023,779624.0,2,"LAPAN, NASA",2,0.0671221077326073
2023,779625.0,2,"LAPAN, NASA",2,0.06954117551043904
2023,779626.0,2,"LAPAN, NASA",2,0.0719287038966041
2023,779627.0,2,"LAPAN, NASA",2,0.07435237208979727
2023,779628.0,2,"LAPAN, NASA",2,0.07680693842825315
2023,779630.0,2,"LAPAN, NASA",2,0.08675777638224516
2023,779631.0,3,"LAPAN, NASA",2,0.14835871278895835
2023,779632.0,2,"LAPAN, NASA",2,0.08915954373343479
2023,779633.0,2,"LAPAN, NASA",2,0.08705768214131052
2023,779634.0,3,"LAPAN, NASA",2,0.14910050247354667
2023,779636.0,2,"LAPAN, NASA",2,0.08517193377287242
2023,779637.0,2,"LAPAN, NASA",2,0.08229097049780758
2023,779638.0,2,"LAPAN, NASA",2,0.09033321673534404
2023,779639.0,2,"LAPAN, NASA",2,0.0890188276575553
2023,779640.0,2,"LAPAN, NASA",2,0.08684028012718882
2023,779641.0,2,"LAPAN, NASA",2,0.08467332325809385
2023,779642.0,2,"LAPAN, NASA",2,0.08267200167369866
2023,779643.0,3,"LAPAN, NASA",2,0.14866567585637597
2023,779644.0,2,"LAPAN, NASA",2,0.1526481453251593
2023,779645.0,2,"LAPAN, NASA",2,0.15260277235660732
2023,779646.0,2,"LAPAN, NASA",2,0.15270819336265906
2023,779647.0,2,"LAPAN, NASA",2,0.15135359504647744
2023,779648.0,2,"LAPAN, NASA",2,0.1527737958256421
2023,779649.0,2,"LAPAN, NASA",2,0.15118268597988366
2023,779650.0,2,"LAPAN, NASA",2,0.1516608456981551
2023,779651.0,2,"LAPAN, NASA",2,0.15304020469158205
2023,779652.0,2,"LAPAN, NASA",2,0.15223568625126901
2023,779653.0,2,"LAPAN, NASA",2,0.15209910589367653
2023,779654.0,2,"LAPAN, NASA",2,0.15153236146867724
2023,779655.0,2,"LAPAN, NASA",2,0.15165326359056208
2023,779656.0,2,"LAPAN, NASA",2,0.15175697014234288
2023,779657.0,2,"LAPAN, NASA",2,0.15225343626734336
2023,779658.0,2,"LAPAN, NASA",2,0.1523149040497476
2023,779674.0,2,"LAPAN, NASA",2,0.15229772306482106
2023,779675.0,2,"LAPAN, NASA",2,0.15136110652477514
2023,779676.0,2,"LAPAN, NASA",2,0.15212800080615066
2023,779677.0,2,"LAPAN, NASA",2,0.1517769512759866
2023,779678.0,2,"LAPAN, NASA",2,0.1513871518928204
2023,779679.0,2,"LAPAN, NASA",2,0.151910498554105
2023,779680.0,2,"LAPAN, NASA",2,0.1517985977238977
2023,779681.0,2,"LAPAN, NASA",2,0.17406760358179982
2023,779682.0,2,"LAPAN, NASA",2,0.1835624253555151
2023,779683.0,2,"LAPAN, NASA",2,0.1832300150601637
2023,779685.0,2,"LAPAN, NASA",2,0.1778553814577539
2023,779815.0,2,"LAPAN, NASA",2,0.1885853255638663
2023,779816.0,2,"LAPAN, NASA",2,0.18802262320349983
2023,779817.0,2,"LAPAN, NASA",2,0.1889402306178348
2023,779818.0,3,"LAPAN, NASA",2,0.18848030944119717
2023,779819.0,3,"LAPAN, NASA",2,0.1879089389597078
2023,779820.0,2,"LAPAN, NASA",2,0.18793016022464265
2023,779821.0,2,"LAPAN, NASA",2,0.18874715043828263
2023,779822.0,3,"LAPAN, NASA",2,0.18950502323942228
2023,781043.0,2,"LAPAN, NASA",2,0.0968973727470576
2023,781044.0,2,"LAPAN, NASA",2,0.09644962752529472
2023,781045.0,2,"LAPAN, NASA",2,0.0948400675785311
2023,781046.0,2,"LAPAN, NASA",2,0.09590441986425192
2023,781047.0,2,"LAPAN, NASA",2,0.0954987709204611
2023,781048.0,2,"LAPAN, NASA",2,0.09585282892361316
2023,781050.0,2,"LAPAN, NASA",2,0.09607169155649956
2023,781051.0,2,"LAPAN, NASA",2,0.09498068602935288
2023,781052.0,2,"LAPAN, NASA",2,0.09584523477099657
2023,781054.0,2,"LAPAN, NASA",2,0.07792486724570354
2023,781055.0,2,"LAPAN, NASA",2,0.07757465047733318
2023,781056.0,2,"LAPAN, NASA",2,0.0773796695016061
2023,781057.0,2,"LAPAN, NASA",2,0.07781450857413355
2023,781058.0,2,"LAPAN, NASA",2,0.07763741852617385
2023,781059.0,2,"LAPAN, NASA",2,0.09558989983350936
2023,781082.0,2,"LAPAN, NASA",2,0.07420866622222844
2023,781126.0,2,"LAPAN, NASA",2,0.09529554315004991
2023,781127.0,2,"LAPAN, NASA",2,0.0948312725224727
2023,781128.0,2,"LAPAN, NASA",2,0.09634168198612787
2023,781129.0,2,"LAPAN, NASA",2,0.09645379239235344
2023,781130.0,2,"LAPAN, NASA",2,0.09593947949247603
2023,781131.0,2,"LAPAN, NASA",2,0.09474476450262267
2023,781132.0,2,"LAPAN, NASA",2,0.09608523318043723
2023,781133.0,2,"LAPAN, NASA",2,0.09549890245412537
2023,781134.0,2,"LAPAN, NASA",2,0.09610273931633055
2023,781135.0,2,"LAPAN, NASA",2,0.09546383102969665
2023,781136.0,2,"LAPAN, NASA",2,0.09482460568203133
2023,781188.0,2,"LAPAN, NASA",2,0.08025481662077887
2023,781189.0,2,"LAPAN, NASA",2,0.08033755505117403
2023,781191.0,2,"LAPAN, NASA",2,0.0794955451580011
2023,781192.0,2,"LAPAN, NASA",2,0.07990371382420866
2023,781193.0,2,"LAPAN, NASA",2,0.07848051620180137
2023,781194.0,2,"LAPAN, NASA",2,0.08042852942776661
2023,781195.0,2,"LAPAN, NASA",2,0.07901267813361113
2023,781215.0,2,"LAPAN, NASA",2,0.07460169434952381
2023,781216.0,2,"LAPAN, NASA",2,0.07476304535001096
2023,781217.0,2,"LAPAN, NASA",2,0.07460846947837603
2023,781218.0,2,"LAPAN, NASA",2,0.07502014699503616
2023,781219.0,2,"LAPAN, NASA",2,0.07447365536952806
2023,781220.0,2,"LAPAN, NASA",2,0.07449484391294799
2023,781221.0,2,"LAPAN, NASA",2,0.07530507137330689
2023,781222.0,2,"LAPAN, NASA",2,0.07702242520799138
2023,781223.0,2,"LAPAN, NASA",2,0.07761128759799915
2023,781224.0,2,"LAPAN, NASA",2,0.07586730398410295
2023,781279.0,2,"LAPAN, NASA",2,0.08065003192126004
2023,781280.0,2,"LAPAN, NASA",2,0.09862573046319564
2023,783351.0,2,"LAPAN, NASA",2,0.11956476992456756
2023,783362.0,2,"LAPAN, NASA",2,0.12535221410196626
2023,783363.0,2,"LAPAN, NASA",2,0.10112161046179899
2023,783364.0,2,"LAPAN, NASA",2,0.10028551066951527
2023,783379.0,2,"LAPAN, NASA",2,0.10618974850302192
2023,783382.0,2,"LAPAN, NASA",2,0.10881908911756845
2023,783383.0,2,"LAPAN, NASA",2,0.10841869201919763
2023,783384.0,2,"LAPAN, NASA",2,0.1081700463002408
2023,783385.0,2,"LAPAN, NASA",2,0.10824904877463712
2023,783387.0,3,"LAPAN, NASA",2,0.13561865933011946
2023,783388.0,2,"LAPAN, NASA",2,0.13546694684914506
2023,783389.0,2,"LAPAN, NASA",2,0.13458758112912939
2023,783390.0,2,"LAPAN, NASA",2,0.1353093506262406
2023,783391.0,2,"LAPAN, NASA",2,0.138185905234457
2023,783395.0,2,"LAPAN, NASA",2,0.106306453275535
2023,783396.0,2,"LAPAN, NASA",2,0.10252508027792692
2023,783399.0,2,"LAPAN, NASA",2,0.13652697855165477
2023,783401.0,2,"LAPAN, NASA",2,0.13228793889011617
2023,783402.0,2,"LAPAN, NASA",2,0.1329438919880789
2023,783403.0,2,"LAPAN, NASA",2,0.13290388492041158
2023,783405.0,2,"LAPAN, NASA",2,0.1332674648265253
2023,783406.0,2,"LAPAN, NASA",2,0.1335041407614776
2023,783407.0,2,"LAPAN, NASA",2,0.13225549567197328
2023,783408.0,2,"LAPAN, NASA",2,0.13344584183904146
2023,783409.0,2,"LAPAN, NASA",2,0.12921251489137167
2023,783410.0,2,"LAPAN, NASA",2,0.10309585420722246
2023,783412.0,2,"LAPAN, NASA",2,0.10648795192248046
2023,783415.0,2,"LAPAN, NASA",2,0.10986512561740841
2023,783416.0,2,"LAPAN, NASA",2,0.10214546834544949
2023,783459.0,2,"LAPAN, NASA",2,0.19421973128745942
2023,784765.0,2,"LAPAN, NASA",2,0.07120790767274623
2023,784767.0,2,"LAPAN, NASA",2,0.07257955170675298
2023,784768.0,2,"LAPAN, NASA",2,0.07274744550296784
2023,784769.0,2,"LAPAN, NASA",2,0.07265040425343153
2023,784770.0,2,"LAPAN, NASA",2,0.07104436157397619
2023,784772.0,2,"LAPAN, NASA",2,0.07268423143737766
2023,784773.0,2,"LAPAN, NASA",2,0.07399756665843074
2023,784775.0,2,"LAPAN, NASA",2,0.072549986612522
2023,784776.0,2,"LAPAN, NASA",2,0.053316089476960975
2023,784777.0,2,"LAPAN, NASA",2,0.05408785140569112
2023,784778.0,2,"LAPAN, NASA",2,0.05471342961510849
2023,784779.0,2,"LAPAN, NASA",2,0.05572876919339655
2023,784780.0,2,"LAPAN, NASA",2,0.05544434289754928
2023,784781.0,2,"LAPAN, NASA",2,0.05454685049999437
2023,784782.0,2,"LAPAN, NASA",2,0.05492804622341607
2023,784783.0,2,"LAPAN, NASA",2,0.05425858095393687
2023,784784.0,2,"LAPAN, NASA",2,0.054228942787675434
2023,784785.0,2,"LAPAN, NASA",2,0.05398495957140245
2023,784786.0,2,"LAPAN, NASA",2,0.054672792648567205
2023,784787.0,2,"LAPAN, NASA",2,0.05436689327812504
2023,784788.0,2,"LAPAN, NASA",2,0.05362734241701641
2023,784791.0,2,"LAPAN, NASA",2,0.05451605959698987
2023,784792.0,2,"LAPAN, NASA",2,0.05365516822609021
2023,784793.0,2,"LAPAN, NASA",2,0.055659581283008026
2023,784795.0,2,"LAPAN, NASA",2,0.05566450625942023
2023,784797.0,2,"LAPAN, NASA",2,0.0559873727713912
2023,784798.0,2,"LAPAN, NASA",2,0.055019179185964
2023,784799.0,2,"LAPAN, NASA",2,0.06979497991623489
2023,784800.0,2,"LAPAN, NASA",2,0.06983178470356667
2023,784802.0,2,"LAPAN, NASA",2,0.07209124795496301
2023,784803.0,2,"LAPAN, NASA",2,0.07056988340339387
2023,784804.0,2,"LAPAN, NASA",2,0.07020548375912337
2023,784805.0,2,"LAPAN, NASA",2,0.06921053300273196
2023,784806.0,2,"LAPAN, NASA",2,0.06973330586243554
2023,784807.0,2,"LAPAN, NASA",2,0.07087635455854752
2023,784808.0,2,"LAPAN, NASA",2,0.07208682845457637
2023,784809.0,2,"LAPAN, NASA",2,0.06975121989076591
2023,784810.0,2,"LAPAN, NASA",2,0.07079759966904252
2023,784811.0,2,"LAPAN, NASA",2,0.071738140733408
2023,784812.0,2,"LAPAN, NASA",2,0.07119424610644683
2023,784813.0,2,"LAPAN, NASA",2,0.07119930041164399
2023,784814.0,2,"LAPAN, NASA",2,0.07072026709449357
2023,784815.0,2,"LAPAN, NASA",2,0.07061703155775663
2023,784819.0,2,"LAPAN, NASA",2,0.07146671907751166
2023,784820.0,2,"LAPAN, NASA",2,0.0716839150380464
2023,784822.0,2,"LAPAN, NASA",2,0.0717897342809585
2023,784823.0,2,"LAPAN, NASA",2,0.07114875495037148
2023,784824.0,2,"LAPAN, NASA",2,0.07013795664363687
2023,784826.0,2,"LAPAN, NASA",2,0.07136821624694226
2023,784828.0,2,"LAPAN, NASA",2,0.07222946854242716
2023,784830.0,2,"LAPAN, NASA",2,0.07241169335590016
2023,784831.0,2,"LAPAN, NASA",2,0.07234416908742788
2023,784832.0,2,"LAPAN, NASA",2,0.07377136306520457
2023,784833.0,2,"LAPAN, NASA",2,0.05384354083430075
2023,784834.0,2,"LAPAN, NASA",2,0.054635256689667705
2023,784835.0,2,"LAPAN, NASA",2,0.05367488355761408
2023,784836.0,2,"LAPAN, NASA",2,0.05358036112540689
2023,784837.0,2,"LAPAN, NASA",2,0.05492896655813722
2023,784838.0,2,"LAPAN, NASA",2,0.05397438079642163
2023,784839.0,2,"LAPAN, NASA",2,0.054984474270089505
2023,784841.0,2,"LAPAN, NASA",2,0.055165201527687426
2023,784842.0,2,"LAPAN, NASA",2,0.054788811347887954
2023,784843.0,2,"LAPAN, NASA",2,0.053690658451554005
2023,784844.0,2,"LAPAN, NASA",2,0.05608169498525172
2023,784845.0,2,"LAPAN, NASA",2,0.05580368749399601
2023,784846.0,2,"LAPAN, NASA",2,0.054995294906309014
2023,784847.0,2,"LAPAN, NASA",2,0.05589210479006322
2023,784848.0,2,"LAPAN, NASA",2,0.05634201247981182
2023,784849.0,2,"LAPAN, NASA",2,0.05503298220831915
2023,784850.0,2,"LAPAN, NASA",2,0.055205851064129105
2023,784851.0,2,"LAPAN, NASA",2,0.05519501695865523
2023,784852.0,2,"LAPAN, NASA",2,0.07203529140367503
2023,784853.0,2,"LAPAN, NASA",2,0.07130637524912702
2023,784854.0,2,"LAPAN, NASA",2,0.07233891870077748
2023,784855.0,2,"LAPAN, NASA",2,0.07171259341887187
2023,784856.0,2,"LAPAN, NASA",2,0.0710821409783457
2023,784858.0,2,"LAPAN, NASA",2,0.0723298802735726
2023,784859.0,2,"LAPAN, NASA",2,0.07221510602404893
2023,784860.0,2,"LAPAN, NASA",2,0.07345829089839157
2023,784861.0,2,"LAPAN, NASA",2,0.0719714855477063
2023,784862.0,2,"LAPAN, NASA",2,0.07221117663008574
2023,784863.0,2,"LAPAN, NASA",2,0.07233900873849995
2023,784864.0,2,"LAPAN, NASA",2,0.07173775996381548
2023,784865.0,2,"LAPAN, NASA",2,0.0717542986332216
2023,784882.0,2,"LAPAN, NASA",2,0.053453696268971757
2023,784883.0,2,"LAPAN, NASA",2,0.05442360948471058
2023,784884.0,2,"LAPAN, NASA",2,0.054031764510529885
2023,784885.0,2,"LAPAN, NASA",2,0.0544929053725057
2023,784889.0,2,"LAPAN, NASA",2,0.05478226153154668
2023,784912.0,2,"LAPAN, NASA",2,0.0699138560713052
2023,784913.0,2,"LAPAN, NASA",2,0.07163746378190422
2023,784914.0,2,"LAPAN, NASA",2,0.07114972727206507
2023,784928.0,2,"LAPAN, NASA",2,0.07176537293011535
2023,784930.0,2,"LAPAN, NASA",2,0.0554185262790986
2023,784934.0,2,"LAPAN, NASA",2,0.05576654215887445
2023,784938.0,2,"LAPAN, NASA",2,0.06943265120738573
2023,784939.0,2,"LAPAN, NASA",2,0.07087409961798248
2023,784941.0,2,"LAPAN, NASA",2,0.0714246253142819
2023,784947.0,2,"LAPAN, NASA",2,0.07130852875035795
2023,784948.0,2,"LAPAN, NASA",2,0.07016450969438535
2023,784949.0,2,"LAPAN, NASA",2,0.07152047890016462
2023,784950.0,3,"LAPAN, NASA",2,0.07101703587990639
2023,784951.0,3,"LAPAN, NASA",2,0.07086625663783322
2023,784954.0,2,"LAPAN, NASA",2,0.053928593314186625
2023,784955.0,2,"LAPAN, NASA",2,0.05360686331222465
2023,785122.0,3,"LAPAN, NASA",2,0.24265194616181776
2023,785123.0,2,"LAPAN, NASA",2,0.12257060969235335
2023,785124.0,2,"LAPAN, NASA",2,0.1872832437805388
2023,785151.0,2,"LAPAN, NASA",2,0.22188246858401683
2023,785160.0,2,"LAPAN, NASA",2,0.17162640347450192
2023,786860.0,3,"LAPAN, NASA",2,0.3635519882638533
2023,786863.0,2,"LAPAN, NASA",2,0.08316655574505114
2023,786865.0,2,"LAPAN, NASA",2,0.08225404969664533
2023,786866.0,2,"LAPAN, NASA",2,0.0832509256629629
2023,786867.0,2,"LAPAN, NASA",2,0.08295665143781236
2023,786905.0,2,"LAPAN, NASA",2,0.08165246004440747
2023,786908.0,2,"LAPAN, NASA",2,0.08164012066757254
2023,786909.0,2,"LAPAN, NASA",2,0.08131197083312294
2023,786913.0,2,"LAPAN, NASA",2,0.08019617996028318
2023,786915.0,2,"LAPAN, NASA",2,0.08195533706517792
2023,786916.0,2,"LAPAN, NASA",2,0.08181451944166096
2023,786917.0,3,"LAPAN, NASA",2,0.4431526202480722
2023,786918.0,2,"LAPAN, NASA",2,0.08107985566488962
2023,786919.0,2,"LAPAN, NASA",2,0.08237260343027304
2023,786920.0,2,"LAPAN, NASA",2,0.08099481994665016
2023,786921.0,2,"LAPAN, NASA",2,0.08006729021583703
2023,786933.0,2,"LAPAN, NASA",2,0.06512964596618427
2023,786939.0,2,"LAPAN, NASA",2,0.06590679919551574
2023,786940.0,2,"LAPAN, NASA",2,0.06476727218580176
2023,786941.0,2,"LAPAN, NASA",2,0.06424048779684381
2023,786942.0,2,"LAPAN, NASA",2,0.06433905676048955
2023,786943.0,2,"LAPAN, NASA",2,0.06471198466147432
2023,786944.0,2,"LAPAN, NASA",2,0.06418071045360162
2023,786945.0,2,"LAPAN, NASA",2,0.065343049257187
2023,786946.0,2,"LAPAN, NASA",2,0.06384791813674885
2023,786947.0,2,"LAPAN, NASA",2,0.06483146051384452
2023,786948.0,3,"LAPAN, NASA",2,0.06476055737530066
2023,786951.0,2,"LAPAN, NASA",2,0.0790871714009771
2023,786953.0,2,"LAPAN, NASA",2,0.08016670678816035
2023,786954.0,2,"LAPAN, NASA",2,0.0797677927417934
2023,786955.0,2,"LAPAN, NASA",2,0.08023336948828831
2023,786956.0,2,"LAPAN, NASA",2,0.07988334414398696
2023,786957.0,2,"LAPAN, NASA",2,0.08030170704268165
2023,786958.0,2,"LAPAN, NASA",2,0.07954710471136246
2023,786974.0,2,"LAPAN, NASA",2,0.06615353281682855
2023,786977.0,2,"LAPAN, NASA",2,0.08493180727827485
2023,786980.0,2,"LAPAN, NASA",2,0.0650294141394036
2023,786981.0,2,"LAPAN, NASA",2,0.06390324224675582
2023,786982.0,2,"LAPAN, NASA",2,0.06414344740778054
2023,786986.0,2,"LAPAN, NASA",2,0.08148715266686356
2023,786987.0,2,"LAPAN, NASA",2,0.08100217528331136
2023,786988.0,2,"LAPAN, NASA",2,0.0817026676924448
2023,786989.0,2,"LAPAN, NASA",2,0.08100124273781925
2023,786990.0,2,"LAPAN, NASA",2,0.06380220702135458
2023,786991.0,2,"LAPAN, NASA",2,0.06358613679615964
2023,786992.0,2,"LAPAN, NASA",2,0.06399267634050702
2023,786993.0,2,"LAPAN, NASA",2,0.06358241703583323
2023,786994.0,2,"LAPAN, NASA",2,0.06384016743615124
2023,786995.0,2,"LAPAN, NASA",2,0.0650387346511972
2023,786996.0,2,"LAPAN, NASA",2,0.06423247385108277
2023,787001.0,2,"LAPAN, NASA",2,0.06532730946912978
2023,787002.0,2,"LAPAN, NASA",2,0.06559827599706487
2023,787004.0,2,"LAPAN, NASA",2,0.06461732135295603
2023,787014.0,2,"LAPAN, NASA",2,0.08055950847694812
2023,787018.0,2,"LAPAN, NASA",2,0.06400065900820004
2023,787019.0,2,"LAPAN, NASA",2,0.06496326917385753
2023,787021.0,2,"LAPAN, NASA",2,0.07996711962418941
2023,789069.0,2,"LAPAN, NASA",2,0.1163201401690745
2023,789070.0,2,"LAPAN, NASA",2,0.11901122969359487
2023,789071.0,2,"LAPAN, NASA",2,0.11776900233064515
2023,789072.0,2,"LAPAN, NASA",2,0.11862559389078364
2023,789073.0,2,"LAPAN, NASA",2,0.11827269596866813
2023,789074.0,2,"LAPAN, NASA",2,0.11787555213925494
2023,789076.0,2,"LAPAN, NASA",2,0.11757014230578243
2023,789078.0,2,"LAPAN, NASA",2,0.14162980578778536
2023,789080.0,2,"LAPAN, NASA",2,0.14205962559706944
2023,789081.0,2,"LAPAN, NASA",2,0.1400543932521365
2023,789082.0,2,"LAPAN, NASA",2,0.14360024378121472
2023,789083.0,2,"LAPAN, NASA",2,0.1436816977363502
2023,789084.0,2,"LAPAN, NASA",2,0.14254820501208906
2023,789085.0,2,"LAPAN, NASA",2,0.14226611329311536
2023,789086.0,2,"LAPAN, NASA",2,0.14256593940354262
2023,789087.0,2,"LAPAN, NASA",2,0.14287185924266463
2023,789088.0,2,"LAPAN, NASA",2,0.13864597638324094
2023,789089.0,2,"LAPAN, NASA",2,0.1505524644534093
2023,789092.0,2,"LAPAN, NASA",2,0.12172191519476848
2023,789095.0,2,"LAPAN, NASA",2,0.12254295394236517
2023,789096.0,2,"LAPAN, NASA",2,0.11966738647314488
2023,789097.0,2,"LAPAN, NASA",2,0.11850898601016752
2023,789098.0,2,"LAPAN, NASA",2,0.14288033643815815
2023,789099.0,2,"LAPAN, NASA",2,0.14697850972829427
2023,789100.0,2,"LAPAN, NASA",2,0.14622663319724521
2023,789101.0,2,"LAPAN, NASA",2,0.14278023447488525
2023,789102.0,2,"LAPAN, NASA",2,0.14522171496994907
2023,789103.0,2,"LAPAN, NASA",2,0.14235968825171103
2023,789104.0,2,"LAPAN, NASA",2,0.1427963208937735
2023,789105.0,2,"LAPAN, NASA",2,0.1424448494864392
2023,789106.0,2,"LAPAN, NASA",2,0.14557422752338586
2023,789107.0,2,"LAPAN, NASA",2,0.14545344370445157
2023,789108.0,2,"LAPAN, NASA",2,0.14141994354259968
2023,789109.0,2,"LAPAN, NASA",2,0.14539751598064737
2023,789111.0,2,"LAPAN, NASA",2,0.14277083138783878
2023,789115.0,2,"LAPAN, NASA",2,0.13925709929323077
2023,789116.0,2,"LAPAN, NASA",2,0.12087148756423224
2023,789117.0,2,"LAPAN, NASA",2,0.12012772136408095
2023,789118.0,2,"LAPAN, NASA",2,0.12012154990108447
2023,789119.0,2,"LAPAN, NASA",2,0.11994264840309517
2023,789195.0,2,"LAPAN, NASA",2,0.12301351937913581
2023,789196.0,2,"LAPAN, NASA",2,0.12398141434092545
2023,789197.0,2,"LAPAN, NASA",2,0.12410846923469984
2023,789202.0,2,"LAPAN, NASA",2,0.14227268546088925
2023,789203.0,2,"LAPAN, NASA",2,0.14130974375618535
2023,789204.0,2,"LAPAN, NASA",2,0.1514900733865795
2023,789230.0,2,"LAPAN, NASA",2,0.12106016344439965
2023,789233.0,2,"LAPAN, NASA",2,0.11807520515556591
2023,789234.0,2,"LAPAN, NASA",2,0.11856049579556942
2023,789257.0,2,"LAPAN, NASA",2,0.14333548617139594
2023,789258.0,2,"LAPAN, NASA",2,0.14059119225471883
2023,789261.0,2,"LAPAN, NASA",2,0.14188197796244403
2023,789262.0,2,"LAPAN, NASA",2,0.14167686310698704
2023,789265.0,2,"LAPAN, NASA",2,0.14188473780533245
2023,789266.0,2,"LAPAN, NASA",2,0.14227967116018156
2023,789267.0,2,"LAPAN, NASA",2,0.1412449291243312
2023,789268.0,2,"LAPAN, NASA",2,0.14226469199230568
2023,789269.0,2,"LAPAN, NASA",2,0.1412867720112422
2023,789270.0,2,"LAPAN, NASA",2,0.14176687655462258
2023,789271.0,2,"LAPAN, NASA",2,0.14173468394253705
2023,789272.0,2,"LAPAN, NASA",2,0.1182956200659907
2023,789273.0,2,"LAPAN, NASA",2,0.11726313020363013
2023,789280.0,2,"LAPAN, NASA",2,0.11684266032538865
2023,789281.0,2,"LAPAN, NASA",2,0.11773090136516873
2023,789283.0,2,"LAPAN, NASA",2,0.11765654118358025
2023,789284.0,2,"LAPAN, NASA",2,0.11700980680390068
2023,789285.0,2,"LAPAN, NASA",2,0.11907574177039545
2023,789286.0,2,"LAPAN, NASA",2,0.1195965658883247
2023,789288.0,2,"LAPAN, NASA",2,0.11827283268162675
2023,789289.0,2,"LAPAN, NASA",2,0.11931698445102559
2023,789290.0,2,"LAPAN, NASA",2,0.11878017762214547
2023,789291.0,2,"LAPAN, NASA",2,0.11820373011438347
2023,789292.0,2,"LAPAN, NASA",2,0.11837080226779992
2023,789546.0,2,"LAPAN, NASA",2,0.06967530905309471
2023,789549.0,2,"LAPAN, NASA",2,0.09069202604509327
2023,789554.0,2,"LAPAN, NASA",2,0.10005512894646929
2023,789555.0,2,"LAPAN, NASA",2,0.09791435690686369
2023,789557.0,2,"LAPAN, NASA",2,0.09932228087346481
2023,789559.0,2,"LAPAN, NASA",2,0.10120956196373349
2023,789563.0,2,"LAPAN, NASA",2,0.09869171874024818
2023,789564.0,2,"LAPAN, NASA",2,0.09970252740475359
2023,789565.0,2,"LAPAN, NASA",2,0.099686634145896
2023,789566.0,2,"LAPAN, NASA",2,0.10042723352977845
2023,789567.0,2,"LAPAN, NASA",2,0.10010464370701763
2023,789568.0,2,"LAPAN, NASA",2,0.10055326793091167
2023,789569.0,2,"LAPAN, NASA",2,0.0996601692507401
2023,789571.0,2,"LAPAN, NASA",2,0.09932468869726788
2023,789572.0,2,"LAPAN, NASA",2,0.09857914068021699
2023,789573.0,2,"LAPAN, NASA",2,0.09836627330828732
2023,789574.0,2,"LAPAN, NASA",2,0.09964905560262044
2023,789575.0,2,"LAPAN, NASA",2,0.09839148751672641
2023,789576.0,2,"LAPAN, NASA",2,0.10018886610174367
2023,789577.0,2,"LAPAN, NASA",2,0.09710808609872196
2023,789578.0,2,"LAPAN, NASA",2,0.09644313585985512
2023,789579.0,2,"LAPAN, NASA",2,0.09795527620103535
2023,789580.0,2,"LAPAN, NASA",2,0.096990515109778
2023,789581.0,2,"LAPAN, NASA",2,0.09934010314704932
2023,789584.0,2,"LAPAN, NASA",2,0.0999607769416828
2023,789585.0,2,"LAPAN, NASA",2,0.10037448946537585
2023,789586.0,2,"LAPAN, NASA",2,0.10016213496342671
2023,789587.0,2,"LAPAN, NASA",2,0.10090660035952738
2023,789588.0,2,"LAPAN, NASA",2,0.10023896432889856
2023,789590.0,3,"LAPAN, NASA",2,0.12003274892347073
2023,789591.0,2,"LAPAN, NASA",2,0.12085628198604187
2023,789592.0,2,"LAPAN, NASA",2,0.11979479315538052
2023,789593.0,2,"LAPAN, NASA",2,0.11996224960742516
2023,789594.0,2,"LAPAN, NASA",2,0.12118653612005371
2023,789595.0,2,"LAPAN, NASA",2,0.12201602413011016
2023,789596.0,2,"LAPAN, NASA",2,0.11852089904698787
2023,789597.0,2,"LAPAN, NASA",2,0.12236210743328443
2023,789598.0,2,"LAPAN, NASA",2,0.12213014821609999
2023,789599.0,2,"LAPAN, NASA",2,0.12160933821070138
2023,789600.0,2,"LAPAN, NASA",2,0.12183888922623021
2023,789601.0,2,"LAPAN, NASA",2,0.12066697545607075
2023,789602.0,2,"LAPAN, NASA",2,0.12211448627972857
2023,789603.0,2,"LAPAN, NASA",2,0.12169237126801796
2023,789604.0,2,"LAPAN, NASA",2,0.12197532748292547
2023,789607.0,2,"LAPAN, NASA",2,0.1188440205280959
2023,789608.0,2,"LAPAN, NASA",2,0.11160394562275912
2023,789609.0,2,"LAPAN, NASA",2,0.11227729301344724
2023,789610.0,2,"LAPAN, NASA",2,0.1112183497010297
2023,789617.0,2,"LAPAN, NASA",2,0.11841950885079632
2023,789618.0,2,"LAPAN, NASA",2,0.12002313506425202
2023,789619.0,2,"LAPAN, NASA",2,0.11949331605457433
2023,789620.0,2,"LAPAN, NASA",2,0.11992435034472003
2023,789621.0,2,"LAPAN, NASA",2,0.09939446577033603
2023,789638.0,2,"LAPAN, NASA",2,0.1004510357102024
2023,789644.0,2,"LAPAN, NASA",2,0.09988679276164796
2023,789649.0,2,"LAPAN, NASA",2,0.1176567695586491
2023,789650.0,2,"LAPAN, NASA",2,0.11840407435274257
2023,789651.0,2,"LAPAN, NASA",2,0.12025587443166451
2023,789652.0,2,"LAPAN, NASA",2,0.12019529334100994
2023,789653.0,2,"LAPAN, NASA",2,0.12041611035879717
2023,789654.0,2,"LAPAN, NASA",2,0.12000079939940676
2023,789655.0,2,"LAPAN, NASA",2,0.11853358336059637
2023,791302.0,2,"LAPAN, NASA",2,0.28561250224181556
2023,791303.0,2,"LAPAN, NASA",2,0.2765358802136014
2023,791306.0,3,"LAPAN, NASA",2,0.2850814014341749
2023,791307.0,2,"LAPAN, NASA",2,0.28026162856105624
2023,791308.0,2,"LAPAN, NASA",2,0.2800374184738319
2023,791309.0,3,"LAPAN, NASA",2,0.2882693177776448
2023,791311.0,2,"LAPAN, NASA",2,0.2783876599429584
2023,791315.0,2,"LAPAN, NASA",2,0.27945344154903395
2023,791316.0,3,"LAPAN, NASA",2,0.2863524170792621
2023,791434.0,2,"LAPAN, NASA",2,0.2970239182361878
2023,791449.0,2,"LAPAN, NASA",2,0.3071152790553626
2023,791450.0,3,"LAPAN, NASA",2,0.29230469299558726
2023,791460.0,2,"LAPAN, NASA",2,0.25716950198827665
2023,791468.0,2,"LAPAN, NASA",2,0.24565262145158925
2023,791469.0,2,"LAPAN, NASA",2,0.2517328254882566
2023,791472.0,2,"LAPAN, NASA",2,0.2513111186405983
2023,791484.0,2,"LAPAN, NASA",2,0.2575378875587524
2023,791486.0,2,"LAPAN, NASA",2,0.25734726306582634
2023,791488.0,2,"LAPAN, NASA",2,0.2576098474569243
2023,791489.0,2,"LAPAN, NASA",2,0.25562349320405753
2023,791496.0,2,"LAPAN, NASA",2,0.3042383354130311
2023,791497.0,2,"LAPAN, NASA",2,0.3014059388402312
2023,791500.0,2,"LAPAN, NASA",2,0.3049405538628235
2023,791508.0,2,"LAPAN, NASA",2,0.30249789456962956
2023,791511.0,3,"LAPAN, NASA",2,0.30339034880603516
2023,791527.0,3,"LAPAN, NASA",2,0.3021350016429791
2023,791544.0,3,"LAPAN, NASA",2,0.2942012845312036
2023,791547.0,2,"LAPAN, NASA",2,0.28314153925864877
2023,791631.0,2,"LAPAN, NASA",2,0.24359478246246538
2023,791633.0,2,"LAPAN, NASA",2,0.24143999366169464
2023,791634.0,2,"LAPAN, NASA",2,0.2430322511389612
2023,791636.0,2,"LAPAN, NASA",2,0.09528717507227612
2023,791643.0,3,"LAPAN, NASA",2,0.28519719516666736
2023,791645.0,3,"LAPAN, NASA",2,0.28691135610713353
2023,791646.0,2,"LAPAN, NASA",2,0.2776545011344722
2023,791647.0,2,"LAPAN, NASA",2,0.27575285710249176
2023,791649.0,3,"LAPAN, NASA",2,0.28723925733524425
2023,791650.0,2,"LAPAN, NASA",2,0.2856640376163729
2023,791841.0,2,"LAPAN, NASA",2,0.07092386076519362
2023,791842.0,2,"LAPAN, NASA",2,0.07029414713531726
2023,791843.0,2,"LAPAN, NASA",2,0.05297354954347526
2023,791874.0,2,"LAPAN, NASA",2,0.07203788327713119
2023,791883.0,2,"LAPAN, NASA",2,0.07297730457514429
2023,791885.0,2,"LAPAN, NASA",2,0.07246589140668896
2023,791886.0,2,"LAPAN, NASA",2,0.07307555449732675
2023,791887.0,2,"LAPAN, NASA",2,0.07263312532351461
2023,791889.0,2,"LAPAN, NASA",2,0.07328467856132134
2023,791890.0,2,"LAPAN, NASA",2,0.07285515155567941
2023,791891.0,2,"LAPAN, NASA",2,0.07241370484168361
2023,791892.0,2,"LAPAN, NASA",2,0.07303152655217368
2023,791897.0,2,"LAPAN, NASA",2,0.07167568710900545
2023,791898.0,2,"LAPAN, NASA",2,0.07258872516565887
2023,791917.0,2,"LAPAN, NASA",2,0.05747441510431334
2023,791918.0,2,"LAPAN, NASA",2,0.05756920832933013
2023,791919.0,2,"LAPAN, NASA",2,0.057632022879567965
2023,791920.0,2,"LAPAN, NASA",2,0.0567011474391008
2023,791921.0,2,"LAPAN, NASA",2,0.0570841592127924
2023,791922.0,2,"LAPAN, NASA",2,0.05724636651969596
2023,791923.0,2,"LAPAN, NASA",2,0.057321465076016355
2023,791924.0,2,"LAPAN, NASA",2,0.05792609422568761
2023,791925.0,2,"LAPAN, NASA",2,0.0567502668154183
2023,791928.0,2,"LAPAN, NASA",2,0.05777281813431406
2023,791929.0,2,"LAPAN, NASA",2,0.057175293850836056
2023,791930.0,2,"LAPAN, NASA",2,0.05705833989256992
2023,791931.0,2,"LAPAN, NASA",2,0.05783114129278587
2023,791932.0,2,"LAPAN, NASA",2,0.056367634584719745
2023,791933.0,2,"LAPAN, NASA",2,0.05742615231830872
2023,791934.0,2,"LAPAN, NASA",2,0.057473894748717745
2023,791935.0,2,"LAPAN, NASA",2,0.056918172874291934
2023,791936.0,2,"LAPAN, NASA",2,0.05778688843789713
2023,791937.0,2,"LAPAN, NASA",2,0.05745958505349842
2023,791938.0,2,"LAPAN, NASA",2,0.05709549215630164
2023,791939.0,2,"LAPAN, NASA",2,0.05771070057612547
2023,791940.0,2,"LAPAN, NASA",2,0.05809012070066978
2023,791941.0,2,"LAPAN, NASA",2,0.05770099281726989
2023,791944.0,2,"LAPAN, NASA",2,0.07328173491068296
2023,791955.0,2,"LAPAN, NASA",2,0.05533495463252287
2023,791956.0,2,"LAPAN, NASA",2,0.05541930693575719
2023,791957.0,2,"LAPAN, NASA",2,0.05602962631565024
2023,791958.0,2,"LAPAN, NASA",2,0.05635172880996486
2023,791959.0,2,"LAPAN, NASA",2,0.05547341218163828
2023,791960.0,2,"LAPAN, NASA",2,0.07228592651340578
2023,791961.0,2,"LAPAN, NASA",2,0.07386426607326005
2023,791962.0,2,"LAPAN, NASA",2,0.07242046620127486
2023,791963.0,2,"LAPAN, NASA",2,0.07220007805636398
2023,791964.0,2,"LAPAN, NASA",2,0.07303554547734387
2023,791967.0,2,"LAPAN, NASA",2,0.058626757742799955
2023,791971.0,2,"LAPAN, NASA",2,0.05877972153542229
2023,791972.0,2,"LAPAN, NASA",2,0.0587017851407779
2023,791973.0,2,"LAPAN, NASA",2,0.057961540189273575
2023,791978.0,2,"LAPAN, NASA",2,0.05720022994519455
2023,791979.0,2,"LAPAN, NASA",2,0.05749566026049502
2023,791980.0,2,"LAPAN, NASA",2,0.05733785493963876
2023,791981.0,2,"LAPAN, NASA",2,0.05797092997144779
2023,791982.0,2,"LAPAN, NASA",2,0.05838156852854264
2023,791983.0,2,"LAPAN, NASA",2,0.057700949092509696
2023,791984.0,2,"LAPAN, NASA",2,0.07355972691667707
2023,791985.0,2,"LAPAN, NASA",2,0.0741004217189942
2023,791986.0,2,"LAPAN, NASA",2,0.07288193338899546
2023,791987.0,2,"LAPAN, NASA",2,0.07343915654828707
2023,791990.0,2,"LAPAN, NASA",2,0.07180817200370093
2023,791994.0,2,"LAPAN, NASA",2,0.058100688833025396
2023,791995.0,2,"LAPAN, NASA",2,0.05781059042393497
2023,791996.0,2,"LAPAN, NASA",2,0.05833187909847952
2023,791997.0,2,"LAPAN, NASA",2,0.05814484608066638
2023,791998.0,2,"LAPAN, NASA",2,0.05859978513206672
2023,791999.0,2,"LAPAN, NASA",2,0.05741061447992099
2023,792000.0,2,"LAPAN, NASA",2,0.057699527218047955
2023,795936.0,2,"LAPAN, NASA",2,0.08230603323383201
2023,795940.0,2,"LAPAN, NASA",2,0.08072059697881695
2023,795941.0,2,"LAPAN, NASA",2,0.08275045561376498
2023,795947.0,2,"LAPAN, NASA",2,0.08248725597957685
2023,795948.0,2,"LAPAN, NASA",2,0.08299937438648602
2023,795963.0,2,"LAPAN, NASA",2,0.08211312579025412
2023,795978.0,2,"LAPAN, NASA",2,0.08099628846343114
2023,795982.0,2,"LAPAN, NASA",2,0.08185938041789709
2023,795983.0,2,"LAPAN, NASA",2,0.06360431955718401
2023,795984.0,2,"LAPAN, NASA",2,0.06419440827566185
2023,796008.0,2,"LAPAN, NASA",2,0.0629630667016171
2023,796010.0,2,"LAPAN, NASA",2,0.06369007593045053
2023,796019.0,2,"LAPAN, NASA",2,0.08272069225330396
2023,796036.0,2,"LAPAN, NASA",2,0.085710881081616
2023,796037.0,2,"LAPAN, NASA",2,0.08468090445947375
2023,796040.0,2,"LAPAN, NASA",2,0.08554186761340826
2023,796078.0,2,"LAPAN, NASA",2,0.08609950302230926
2023,796079.0,2,"LAPAN, NASA",2,0.08510583737083817
2023,796082.0,2,"LAPAN, NASA",2,0.08444879993287588
2023,796083.0,2,"LAPAN, NASA",2,0.08528878352053712
2023,796084.0,2,"LAPAN, NASA",2,0.08560837342876204
2023,796087.0,2,"LAPAN, NASA",2,0.08416379809974621
2023,796089.0,2,"LAPAN, NASA",2,0.08511951790565277
2023,796090.0,2,"LAPAN, NASA",2,0.08477800036416648
2023,796091.0,2,"LAPAN, NASA",2,0.08536238147822016
2023,796092.0,2,"LAPAN, NASA",2,0.08412528855129485
2023,796093.0,2,"LAPAN, NASA",2,0.08488862782012001
2023,796095.0,2,"LAPAN, NASA",2,0.08410485778049973
2023,796096.0,2,"LAPAN, NASA",2,0.08410167478418025
2023,796097.0,2,"LAPAN, NASA",2,0.08489588530687912
2023,796098.0,2,"LAPAN, NASA",2,0.08461795381650188
2023,796102.0,2,"LAPAN, NASA",2,0.08388994784601175
2023,796106.0,2,"LAPAN, NASA",2,0.08531984221920214
2023,796108.0,2,"LAPAN, NASA",2,0.08476908917719422
2023,796110.0,2,"LAPAN, NASA",2,0.06626748813070954
2023,796114.0,2,"LAPAN, NASA",2,0.06659160847376756
2023,796127.0,2,"LAPAN, NASA",2,0.08588861495718543
2023,796130.0,2,"LAPAN, NASA",2,0.08683503689107912
2023,796131.0,2,"LAPAN, NASA",2,0.0860978618066921
2023,796132.0,2,"LAPAN, NASA",2,0.08789399570686889
2023,796133.0,2,"LAPAN, NASA",2,0.08569582354582304
2023,796134.0,2,"LAPAN, NASA",2,0.0875143082155471
2023,796136.0,2,"LAPAN, NASA",2,0.08518262892167834
2023,796137.0,2,"LAPAN, NASA",2,0.08489172736896193
2023,796138.0,2,"LAPAN, NASA",2,0.084495333952447
2023,796139.0,2,"LAPAN, NASA",2,0.08526410532973801
2023,796141.0,2,"LAPAN, NASA",2,0.08405219089280902
2023,796142.0,2,"LAPAN, NASA",2,0.0846377314818027
2023,796143.0,2,"LAPAN, NASA",2,0.08611528625007416
2023,796144.0,2,"LAPAN, NASA",2,0.08574400161125273
2023,796145.0,2,"LAPAN, NASA",2,0.08529605025115485
2023,796146.0,2,"LAPAN, NASA",2,0.08540248502956098
2023,796147.0,2,"LAPAN, NASA",2,0.08494781372398862
2023,796148.0,2,"LAPAN, NASA",2,0.08412293184345188
2023,796149.0,2,"LAPAN, NASA",2,0.0857937358754184
2023,796152.0,2,"LAPAN, NASA",2,0.08575389477975419
2023,796153.0,2,"LAPAN, NASA",2,0.06695872760773425
2023,796154.0,2,"LAPAN, NASA",2,0.06697312521973843
2023,796155.0,2,"LAPAN, NASA",2,0.06677205068005243
2023,796156.0,2,"LAPAN, NASA",2,0.06593695915449523
2023,796161.0,2,"LAPAN, NASA",2,0.06802959240901482
2023,796163.0,2,"LAPAN, NASA",2,0.06721144308262546
2023,796164.0,2,"LAPAN, NASA",2,0.06658454950744637
2023,796165.0,2,"LAPAN, NASA",2,0.06625877897264729
2023,796167.0,2,"LAPAN, NASA",2,0.0663837178065806
2023,796168.0,2,"LAPAN, NASA",2,0.0657183819368326
2023,796169.0,2,"LAPAN, NASA",2,0.06573505493847669
2023,796170.0,2,"LAPAN, NASA",2,0.06700384640897285
2023,796173.0,2,"LAPAN, NASA",2,0.06513537986991184
2023,796176.0,2,"LAPAN, NASA",2,0.08264952530587402
2023,796197.0,2,"LAPAN, NASA",2,0.08560944791907514
2023,796198.0,2,"LAPAN, NASA",2,0.08306842703121134
2023,796199.0,2,"LAPAN, NASA",2,0.08244199138524826
2023,796200.0,2,"LAPAN, NASA",2,0.08227188409741194
2023,796201.0,2,"LAPAN, NASA",2,0.08258926375775474
2023,796202.0,2,"LAPAN, NASA",2,0.08297567782306331
2023,796203.0,2,"LAPAN, NASA",2,0.0828566298043253
2023,796204.0,2,"LAPAN, NASA",2,0.08114614574534068
2023,796207.0,2,"LAPAN, NASA",2,0.08222611183280462
2023,796208.0,2,"LAPAN, NASA",2,0.0833070074571397
2023,796209.0,2,"LAPAN, NASA",2,0.08254837788263236
2023,796210.0,2,"LAPAN, NASA",2,0.08310748688505983
2023,796211.0,2,"LAPAN, NASA",2,0.08241153219931333
2023,796212.0,2,"LAPAN, NASA",2,0.0829079669186819
2023,796215.0,2,"LAPAN, NASA",2,0.08328255912315483
2023,796217.0,2,"LAPAN, NASA",2,0.08263215122173967
2023,796219.0,2,"LAPAN, NASA",2,0.082892724976631
2023,796220.0,2,"LAPAN, NASA",2,0.08241665966178403
2023,796221.0,2,"LAPAN, NASA",2,0.08253270075451613
2023,796222.0,2,"LAPAN, NASA",2,0.08090778586790216
2023,796223.0,2,"LAPAN, NASA",2,0.08210826193307942
2023,796224.0,2,"LAPAN, NASA",2,0.08174942948724509
2023,796225.0,2,"LAPAN, NASA",2,0.06663509941987537
2023,796235.0,2,"LAPAN, NASA",2,0.06379272872844205
2023,796236.0,2,"LAPAN, NASA",2,0.06471432689695257
2023,796237.0,2,"LAPAN, NASA",2,0.06562229795091767
2023,796238.0,2,"LAPAN, NASA",2,0.06461023899421194
2023,796240.0,3,"LAPAN, NASA",2,0.44945186260964387
2023,796241.0,2,"LAPAN, NASA",2,0.06439793441119007
2023,796242.0,2,"LAPAN, NASA",2,0.06572489514620591
2023,796243.0,2,"LAPAN, NASA",2,0.06537026304006772
2023,796244.0,2,"LAPAN, NASA",2,0.06719640313657378
2023,796245.0,2,"LAPAN, NASA",2,0.06486609625151464
2023,796252.0,2,"LAPAN, NASA",2,0.06433823056120483
2023,796255.0,2,"LAPAN, NASA",2,0.06467850126781255
2023,796256.0,2,"LAPAN, NASA",2,0.06572685053867189
2023,796258.0,2,"LAPAN, NASA",2,0.06621405265241224
2023,796260.0,2,"LAPAN, NASA",2,0.06344944065682491
2023,796261.0,2,"LAPAN, NASA",2,0.06646775974389925
2023,796263.0,2,"LAPAN, NASA",2,0.06537344176725432
2023,796264.0,2,"LAPAN, NASA",2,0.06509551480195218
2023,796266.0,2,"LAPAN, NASA",2,0.06546834407249458
2023,796267.0,2,"LAPAN, NASA",2,0.06623853508374457
2023,796268.0,2,"LAPAN, NASA",2,0.06408113776250222
2023,796269.0,2,"LAPAN, NASA",2,0.06347129420092296
2023,796270.0,2,"LAPAN, NASA",2,0.06408691537080578
2023,796271.0,2,"LAPAN, NASA",2,0.06414913614991442
2023,796272.0,2,"LAPAN, NASA",2,0.06356901022981842
2023,796273.0,2,"LAPAN, NASA",2,0.06310196923475261
2023,796274.0,2,"LAPAN, NASA",2,0.06318527062589893
2023,796275.0,2,"LAPAN, NASA",2,0.06419946768338838
2023,796276.0,2,"LAPAN, NASA",2,0.0633382237133285
2023,796277.0,2,"LAPAN, NASA",2,0.0631762922050909
2023,796278.0,2,"LAPAN, NASA",2,0.06438940775584508
2023,796279.0,2,"LAPAN, NASA",2,0.06493158329466907
2023,796280.0,2,"LAPAN, NASA",2,0.06386211215310042
2023,796285.0,2,"LAPAN, NASA",2,0.06218122246845974
2023,796286.0,2,"LAPAN, NASA",2,0.06281264024916872
2023,796287.0,2,"LAPAN, NASA",2,0.06405774409695005
2023,796288.0,2,"LAPAN, NASA",2,0.06438993197986544
2023,796289.0,2,"LAPAN, NASA",2,0.0642899926469611
2023,796290.0,2,"LAPAN, NASA",2,0.06644216918762628
2023,796294.0,2,"LAPAN, NASA",2,0.06247821498856424
2023,796295.0,2,"LAPAN, NASA",2,0.06370802836307321
2023,796296.0,2,"LAPAN, NASA",2,0.06322984353445583
2023,796297.0,2,"LAPAN, NASA",2,0.06169373122314687
2023,796298.0,2,"LAPAN, NASA",2,0.06293008642821002
2023,796299.0,2,"LAPAN, NASA",2,0.0635722514226381
2023,796300.0,2,"LAPAN, NASA",2,0.06319775688199819
2023,796301.0,2,"LAPAN, NASA",2,0.06304875574927074
2023,796302.0,2,"LAPAN, NASA",2,0.06389692541848802
2023,796303.0,2,"LAPAN, NASA",2,0.06426074044017713
2023,796304.0,2,"LAPAN, NASA",2,0.0627997802532502
2023,796306.0,2,"LAPAN, NASA",2,0.06332177994383537
2023,796307.0,2,"LAPAN, NASA",2,0.06279970742501374
2023,796308.0,2,"LAPAN, NASA",2,0.0627200736975868
2023,796309.0,2,"LAPAN, NASA",2,0.06575711212744333
2023,796313.0,2,"LAPAN, NASA",2,0.08517470561855499
2023,796314.0,2,"LAPAN, NASA",2,0.08495852562306645
2023,796315.0,2,"LAPAN, NASA",2,0.084993429664689
2023,796316.0,2,"LAPAN, NASA",2,0.08513578649717332
2023,796317.0,2,"LAPAN, NASA",2,0.08711102959130868
2023,796319.0,2,"LAPAN, NASA",2,0.08543302555635458
2023,796320.0,2,"LAPAN, NASA",2,0.0851944370422474
2023,796321.0,2,"LAPAN, NASA",2,0.08476134621414806
2023,796323.0,2,"LAPAN, NASA",2,0.08358596269467672
2023,796324.0,2,"LAPAN, NASA",2,0.08416021571262242
2023,796325.0,2,"LAPAN, NASA",2,0.08517890449507942
2023,796326.0,2,"LAPAN, NASA",2,0.08291852159898494
2023,796327.0,2,"LAPAN, NASA",2,0.08510264489832711
2023,796328.0,2,"LAPAN, NASA",2,0.08542936320718685
2023,796329.0,2,"LAPAN, NASA",2,0.08569117962249875
2023,796330.0,2,"LAPAN, NASA",2,0.08501536382169364
2023,796334.0,2,"LAPAN, NASA",2,0.0831626152806257
2023,796335.0,2,"LAPAN, NASA",2,0.08426291108807724
2023,796340.0,2,"LAPAN, NASA",2,0.08344128648517349
2023,796343.0,2,"LAPAN, NASA",2,0.08337760025155685
2023,796344.0,2,"LAPAN, NASA",2,0.08249783942483484
2023,796346.0,2,"LAPAN, NASA",2,0.06637926138759193
2023,796347.0,2,"LAPAN, NASA",2,0.06505048475747459
2023,796352.0,2,"LAPAN, NASA",2,0.06568760715146543
2023,796353.0,2,"LAPAN, NASA",2,0.06495781096808842
2023,796355.0,2,"LAPAN, NASA",2,0.06548851752194118
2023,796356.0,2,"LAPAN, NASA",2,0.06574053945459823
2023,796420.0,2,"LAPAN, NASA",2,0.05569714518099596
2023,796443.0,2,"LAPAN, NASA",2,0.07186255623906629
2023,796466.0,2,"LAPAN, NASA",2,0.07511958700031143
2023,796614.0,2,"LAPAN, NASA",2,0.1351658881743003
2023,796615.0,2,"LAPAN, NASA",2,0.13522171385591963
2023,796616.0,2,"LAPAN, NASA",2,0.13528770162491832
2023,796617.0,2,"LAPAN, NASA",2,0.1359874016969304
2023,796618.0,2,"LAPAN, NASA",2,0.13783666143279175
2023,796619.0,2,"LAPAN, NASA",2,0.1389783950003185
2023,796620.0,2,"LAPAN, NASA",2,0.1366158542094742
2023,796621.0,2,"LAPAN, NASA",2,0.13284139603370812
2023,796622.0,2,"LAPAN, NASA",2,0.1379265583922736
2023,796623.0,2,"LAPAN, NASA",2,0.1388298543366849
2023,796625.0,2,"LAPAN, NASA",2,0.13140698757143127
2023,796626.0,2,"LAPAN, NASA",2,0.133743309359694
2023,796627.0,2,"LAPAN, NASA",2,0.13650914193126087
2023,796628.0,2,"LAPAN, NASA",2,0.13633081707893274
2023,796629.0,2,"LAPAN, NASA",2,0.13578779178065034
2023,796630.0,2,"LAPAN, NASA",2,0.13746312907420033
2023,796670.0,2,"LAPAN, NASA",2,0.1311417814144206
2023,796671.0,2,"LAPAN, NASA",2,0.13146752636586073
2023,796675.0,2,"LAPAN, NASA",2,0.1331043874547594
2023,796678.0,2,"LAPAN, NASA",2,0.1304659273767503
2023,796682.0,2,"LAPAN, NASA",2,0.13098835935373457
2023,796684.0,2,"LAPAN, NASA",2,0.13043558793733184
2023,796685.0,3,"LAPAN, NASA",2,0.1279519901236859
2023,796687.0,2,"LAPAN, NASA",2,0.17240938465086195
2023,796737.0,2,"LAPAN, NASA",2,0.27366226131709964
2023,796741.0,2,"LAPAN, NASA",2,0.2115008261996667
2023,796742.0,2,"LAPAN, NASA",2,0.21314149831260537
2023,796797.0,2,"LAPAN, NASA",2,0.08039766282417275
2023,796799.0,3,"LAPAN, NASA",2,0.14544213239220463
2023,796805.0,2,"LAPAN, NASA",2,0.14405584981001718
2023,796807.0,2,"LAPAN, NASA",2,0.14465004162420148
2023,796815.0,2,"LAPAN, NASA",2,0.17555676262108005
2023,796816.0,2,"LAPAN, NASA",2,0.13484155160097627
2023,796817.0,2,"LAPAN, NASA",2,0.14643867006660663
2023,796869.0,2,"LAPAN, NASA",2,0.1748007973753519
2023,796876.0,2,"LAPAN, NASA",2,0.1716163716318187
2023,796877.0,2,"LAPAN, NASA",2,0.1745097163158466
2023,796878.0,2,"LAPAN, NASA",2,0.17251497410744168
2023,796879.0,2,"LAPAN, NASA",2,0.17485531597481901
2023,796895.0,2,"LAPAN, NASA",2,0.13597048890666563
2023,796896.0,2,"LAPAN, NASA",2,0.13554416325838595
2023,796897.0,2,"LAPAN, NASA",2,0.13140826525721053
2023,796898.0,2,"LAPAN, NASA",2,0.1344146377089921
2023,796899.0,2,"LAPAN, NASA",2,0.1351861353669527
2023,796900.0,2,"LAPAN, NASA",2,0.13415304990124105
2023,796901.0,2,"LAPAN, NASA",2,0.13522172267487995
2023,796902.0,2,"LAPAN, NASA",2,0.1354617224738051
2023,796903.0,2,"LAPAN, NASA",2,0.1352974728074149
2023,796904.0,2,"LAPAN, NASA",2,0.13616831733075443
2023,798011.0,2,"LAPAN, NASA",2,0.05636267398208436
2023,798012.0,2,"LAPAN, NASA",2,0.0564864179464949
2023,798013.0,2,"LAPAN, NASA",2,0.057115218714278986
2023,798016.0,2,"LAPAN, NASA",2,0.055993388788852905
2023,798035.0,2,"LAPAN, NASA",2,0.0741180272046076
2023,798049.0,2,"LAPAN, NASA",2,0.07406664351597808
2023,798052.0,2,"LAPAN, NASA",2,0.05697664568018052
2023,798054.0,2,"LAPAN, NASA",2,0.057720080791968754
2023,798055.0,2,"LAPAN, NASA",2,0.0576520615753779
2023,798057.0,2,"LAPAN, NASA",2,0.05812879577838336
2023,798058.0,2,"LAPAN, NASA",2,0.05825970164959823
2023,798059.0,2,"LAPAN, NASA",2,0.05743858207205773
2023,798309.0,2,"LAPAN, NASA",2,0.07253193409850942
2023,798310.0,2,"LAPAN, NASA",2,0.07211179494959911
2023,798311.0,2,"LAPAN, NASA",2,0.07251100942996636
2023,798312.0,2,"LAPAN, NASA",2,0.07290343178144032
2023,798313.0,2,"LAPAN, NASA",2,0.0731550451512473
2023,798314.0,2,"LAPAN, NASA",2,0.07227622233237516
2023,798315.0,2,"LAPAN, NASA",2,0.07293400588024133
2023,798316.0,2,"LAPAN, NASA",2,0.07346732851628332
2023,798319.0,2,"LAPAN, NASA",2,0.07228453325306161
2023,798320.0,2,"LAPAN, NASA",2,0.07226209838371025
2023,798321.0,2,"LAPAN, NASA",2,0.07276489530529537
2023,798327.0,2,"LAPAN, NASA",2,0.07287651964415391
2023,798328.0,2,"LAPAN, NASA",2,0.07342947828217887
2023,798329.0,2,"LAPAN, NASA",2,0.0725876378393239
2023,798330.0,2,"LAPAN, NASA",2,0.07329729293075116
2023,798331.0,2,"LAPAN, NASA",2,0.07349735801943136
2023,798332.0,2,"LAPAN, NASA",2,0.07267124996988845
2023,798334.0,2,"LAPAN, NASA",2,0.07294684863743214
2023,798335.0,2,"LAPAN, NASA",2,0.07212522418871681
2023,798336.0,2,"LAPAN, NASA",2,0.07239782730516284
2023,798341.0,2,"LAPAN, NASA",2,0.0569872105185869
2023,798346.0,2,"LAPAN, NASA",2,0.05855897531049562
2023,798349.0,2,"LAPAN, NASA",2,0.05708669879216915
2023,798350.0,2,"LAPAN, NASA",2,0.05692356549655198
2023,798351.0,2,"LAPAN, NASA",2,0.05668824796466996
2023,798352.0,2,"LAPAN, NASA",2,0.05674876610993981
2023,798353.0,2,"LAPAN, NASA",2,0.05681500869466049
2023,798354.0,2,"LAPAN, NASA",2,0.05712815059316978
2023,798356.0,2,"LAPAN, NASA",2,0.057435146393662366
2023,798357.0,2,"LAPAN, NASA",2,0.05828261236354921
2023,798358.0,2,"LAPAN, NASA",2,0.05809291131486462
2023,798359.0,2,"LAPAN, NASA",2,0.05834000283506827
2023,798361.0,2,"LAPAN, NASA",2,0.057653720907120266
2023,798362.0,2,"LAPAN, NASA",2,0.05846428221411962
2023,798363.0,2,"LAPAN, NASA",2,0.05822470794188917
2023,798364.0,2,"LAPAN, NASA",2,0.05737861679182058
2023,798366.0,2,"LAPAN, NASA",2,0.05809125914169995
2023,798367.0,2,"LAPAN, NASA",2,0.058028006784778645
2023,798375.0,2,"LAPAN, NASA",2,0.057835639702720446
2023,798376.0,2,"LAPAN, NASA",2,0.05837413671478198
2023,798377.0,2,"LAPAN, NASA",2,0.05754196781308001
2023,798378.0,2,"LAPAN, NASA",2,0.05807642906706429
2023,798379.0,2,"LAPAN, NASA",2,0.05763968889163151
2023,798380.0,2,"LAPAN, NASA",2,0.05885256443021322
2023,798381.0,2,"LAPAN, NASA",2,0.058639758225276
2023,798385.0,2,"LAPAN, NASA",2,0.05809052533266536
2023,798386.0,2,"LAPAN, NASA",2,0.05803555691698219
2023,798392.0,2,"LAPAN, NASA",2,0.05788985566708129
2023,798393.0,2,"LAPAN, NASA",2,0.05759913000534341
2023,798394.0,2,"LAPAN, NASA",2,0.058537510095351464
2023,798395.0,2,"LAPAN, NASA",2,0.05828433744564074
2023,798396.0,2,"LAPAN, NASA",2,0.05805220533772958
2023,798400.0,2,"LAPAN, NASA",2,0.05768061486001881
2023,798401.0,2,"LAPAN, NASA",2,0.058606133839209415
2023,798405.0,2,"LAPAN, NASA",2,0.05744199492806085
2023,798406.0,2,"LAPAN, NASA",2,0.057256461714452714
2023,798407.0,2,"LAPAN, NASA",2,0.058169539209882305
2023,798410.0,2,"LAPAN, NASA",2,0.07182518369464075
2023,798413.0,2,"LAPAN, NASA",2,0.07234112591131636
2023,798414.0,2,"LAPAN, NASA",2,0.07224915942786349
2023,798415.0,2,"LAPAN, NASA",2,0.07218343550238203
2023,798418.0,2,"LAPAN, NASA",2,0.07141062160906421
2023,798419.0,2,"LAPAN, NASA",2,0.0724600006447971
2023,798420.0,2,"LAPAN, NASA",2,0.07170803940297248
2023,798421.0,2,"LAPAN, NASA",2,0.07250167513992274
2023,798427.0,2,"LAPAN, NASA",2,0.07159089880268711
2023,798428.0,2,"LAPAN, NASA",2,0.07238241003910398
2023,798430.0,2,"LAPAN, NASA",2,0.07208564793020782
2023,798431.0,2,"LAPAN, NASA",2,0.07210070016063594
2023,798432.0,2,"LAPAN, NASA",2,0.07210594616894152
2023,798437.0,2,"LAPAN, NASA",2,0.0727228252803328
2023,798438.0,2,"LAPAN, NASA",2,0.07252226130673615
2023,798439.0,2,"LAPAN, NASA",2,0.0731186900167004
2023,798441.0,2,"LAPAN, NASA",2,0.0716298733745446
2023,798442.0,2,"LAPAN, NASA",2,0.07219890517371619
2023,798443.0,2,"LAPAN, NASA",2,0.0721056745905722
2023,798444.0,2,"LAPAN, NASA",2,0.07258859240513076
2023,798445.0,2,"LAPAN, NASA",2,0.07329887964393353
2023,798446.0,2,"LAPAN, NASA",2,0.07301144045911444
2023,798447.0,2,"LAPAN, NASA",2,0.07325758293088049
2023,798448.0,2,"LAPAN, NASA",2,0.07362167991456794
2023,798449.0,3,"LAPAN, NASA",2,0.45005982321699123
2023,798456.0,2,"LAPAN, NASA",2,0.057529138519021056
2023,798457.0,3,"LAPAN, NASA",2,0.4377019636570658
2023,798458.0,2,"LAPAN, NASA",2,0.05829312827626116
2023,798467.0,2,"LAPAN, NASA",2,0.056880964210476684
2023,798474.0,2,"LAPAN, NASA",2,0.05628641219909086
2023,798475.0,2,"LAPAN, NASA",2,0.057261997797232865
2023,798476.0,2,"LAPAN, NASA",2,0.05738374152124681
2023,798479.0,2,"LAPAN, NASA",2,0.0576515579304585
2023,798480.0,2,"LAPAN, NASA",2,0.057533721648789955
2023,798483.0,2,"LAPAN, NASA",2,0.05621542786781892
2023,798484.0,2,"LAPAN, NASA",2,0.05676518222078926
2023,798492.0,2,"LAPAN, NASA",2,0.07268203251201857
2023,798493.0,2,"LAPAN, NASA",2,0.07226156734723012
2023,798494.0,2,"LAPAN, NASA",2,0.07166597411113126
2023,798496.0,2,"LAPAN, NASA",2,0.07150307580134323
2023,798497.0,2,"LAPAN, NASA",2,0.07294769902960684
2023,798502.0,2,"LAPAN, NASA",2,0.07253726646434157
2023,798503.0,2,"LAPAN, NASA",2,0.07140230086679812
2023,798504.0,2,"LAPAN, NASA",2,0.07156178885585766
2023,798505.0,2,"LAPAN, NASA",2,0.07323203852551002
2023,798506.0,2,"LAPAN, NASA",2,0.07168219152699973
2023,798507.0,2,"LAPAN, NASA",2,0.07218856406176682
2023,798508.0,2,"LAPAN, NASA",2,0.07216457023915145
2023,798510.0,2,"LAPAN, NASA",2,0.07158390483192743
2023,798514.0,2,"LAPAN, NASA",2,0.07302630237819024
2023,798515.0,2,"LAPAN, NASA",2,0.07183026259912215
2023,798516.0,2,"LAPAN, NASA",2,0.07254759325740721
2023,798517.0,2,"LAPAN, NASA",2,0.07199865640090806
2023,798518.0,2,"LAPAN, NASA",2,0.0722690152859861
2023,798519.0,2,"LAPAN, NASA",2,0.07241044701778679
2023,798520.0,2,"LAPAN, NASA",2,0.07168142975681399
2023,798521.0,2,"LAPAN, NASA",2,0.07238352771030528
2023,798522.0,2,"LAPAN, NASA",2,0.07218007728826145
2023,798523.0,2,"LAPAN, NASA",2,0.0726044062914745
2023,798526.0,2,"LAPAN, NASA",2,0.0725475332496186
2023,798527.0,2,"LAPAN, NASA",2,0.07231044926124076
2023,798528.0,2,"LAPAN, NASA",2,0.05658317129453124
2023,798530.0,2,"LAPAN, NASA",2,0.05677081667671559
2023,798533.0,2,"LAPAN, NASA",2,0.056569108020362024
2023,798534.0,2,"LAPAN, NASA",2,0.055971619981370464
2023,798535.0,2,"LAPAN, NASA",2,0.05632120284136958
2023,798536.0,2,"LAPAN, NASA",2,0.05648202348223405
2023,798537.0,2,"LAPAN, NASA",2,0.05585662038056273
2023,798538.0,2,"LAPAN, NASA",2,0.05578697300040571
2023,798539.0,2,"LAPAN, NASA",2,0.05655940850461595
2023,798540.0,2,"LAPAN, NASA",2,0.05702745701868576
2023,798541.0,2,"LAPAN, NASA",2,0.05699972979856374
2023,798563.0,2,"LAPAN, NASA",2,0.07184861725120043
2023,798564.0,2,"LAPAN, NASA",2,0.07200877673799176
2023,798566.0,2,"LAPAN, NASA",2,0.07228871314072907
2023,798567.0,2,"LAPAN, NASA",2,0.07202622916917
2023,798568.0,2,"LAPAN, NASA",2,0.07176575004968083
2023,798569.0,2,"LAPAN, NASA",2,0.07248580208403012
2023,798572.0,2,"LAPAN, NASA",2,0.07202254148662729
2023,798573.0,2,"LAPAN, NASA",2,0.07202662589155359
2023,798574.0,2,"LAPAN, NASA",2,0.07254827131207531
2023,798575.0,2,"LAPAN, NASA",2,0.07224636337371675
2023,798576.0,2,"LAPAN, NASA",2,0.07205047868498075
2023,798577.0,2,"LAPAN, NASA",2,0.07272188535969525
2023,798580.0,2,"LAPAN, NASA",2,0.07205029824844468
2023,798581.0,2,"LAPAN, NASA",2,0.07274729237579598
2023,798582.0,2,"LAPAN, NASA",2,0.07269371724313682
2023,798583.0,2,"LAPAN, NASA",2,0.07337397536793291
2023,798584.0,2,"LAPAN, NASA",2,0.07271632344072645
2023,798585.0,2,"LAPAN, NASA",2,0.07339625263599782
2023,798586.0,2,"LAPAN, NASA",2,0.073105350561601
2023,798587.0,2,"LAPAN, NASA",2,0.07259730315083704
2023,798588.0,2,"LAPAN, NASA",2,0.07329877994794293
2023,798589.0,2,"LAPAN, NASA",2,0.07241684411488906
2023,798590.0,2,"LAPAN, NASA",2,0.07243949658636475
2023,798591.0,2,"LAPAN, NASA",2,0.07311919673499893
2023,798592.0,2,"LAPAN, NASA",2,0.0724495097955009
2023,798593.0,2,"LAPAN, NASA",2,0.07296161220180965
2023,798594.0,2,"LAPAN, NASA",2,0.07397780859611407
2023,798597.0,2,"LAPAN, NASA",2,0.07286108124928628
2023,798598.0,2,"LAPAN, NASA",2,0.07218716403318103
2023,798599.0,2,"LAPAN, NASA",2,0.07295006905619779
2023,798600.0,2,"LAPAN, NASA",2,0.0734480196142186
2023,798601.0,2,"LAPAN, NASA",2,0.07316848492935979
2023,798602.0,2,"LAPAN, NASA",2,0.0726113455515866
2023,798609.0,2,"LAPAN, NASA",2,0.07287531797591278
2023,798610.0,2,"LAPAN, NASA",2,0.07311863876254956
2023,798611.0,2,"LAPAN, NASA",2,0.07348461040192933
2023,798612.0,2,"LAPAN, NASA",2,0.07284582002815011
2023,798613.0,2,"LAPAN, NASA",2,0.07241776188922715
2023,798614.0,3,"LAPAN, NASA",2,0.33412639130136707
2023,798618.0,2,"LAPAN, NASA",2,0.07341142158369075
2023,798619.0,2,"LAPAN, NASA",2,0.07284630308612648
2023,798620.0,2,"LAPAN, NASA",2,0.07301253025134653
2023,798621.0,2,"LAPAN, NASA",2,0.07307930675000729
2023,798628.0,2,"LAPAN, NASA",2,0.07370586838452366
2023,798633.0,2,"LAPAN, NASA",2,0.07366568541239285
2023,798634.0,2,"LAPAN, NASA",2,0.07306296880985852
2023,798635.0,2,"LAPAN, NASA",2,0.07266149247283281
2023,798636.0,2,"LAPAN, NASA",2,0.07283090706773149
2023,798637.0,2,"LAPAN, NASA",2,0.0733975451305795
2023,798638.0,2,"LAPAN, NASA",2,0.07324522658846956
2023,798640.0,2,"LAPAN, NASA",2,0.07337060015372666
2023,798641.0,2,"LAPAN, NASA",2,0.07257354738242822
2023,798642.0,2,"LAPAN, NASA",2,0.07349594179054815
2023,798643.0,2,"LAPAN, NASA",2,0.07325259731025122
2023,798644.0,2,"LAPAN, NASA",2,0.07301124862307895
2023,798645.0,2,"LAPAN, NASA",2,0.07337243927694954
2023,798646.0,2,"LAPAN, NASA",2,0.07345999310535903
2023,798647.0,2,"LAPAN, NASA",2,0.0718723143662286
2023,798648.0,2,"LAPAN, NASA",2,0.07284220173998684
2023,798649.0,2,"LAPAN, NASA",2,0.07297110670960676
2023,798651.0,2,"LAPAN, NASA",2,0.07300925860633514
2023,798980.0,2,"LAPAN, NASA",2,0.05743100859719503
2023,798981.0,2,"LAPAN, NASA",2,0.057657083365464795
2023,798982.0,2,"LAPAN, NASA",2,0.057392689829697696
2023,799358.0,2,"LAPAN, NASA",2,0.29224821409428214
2023,799359.0,2,"LAPAN, NASA",2,0.2931905675516013
2023,799360.0,2,"LAPAN, NASA",2,0.29126079774229496
2023,799363.0,2,"LAPAN, NASA",2,0.3780447038778942
2023,799364.0,2,"LAPAN, NASA",2,0.37836535957783946
2023,799365.0,2,"LAPAN, NASA",2,0.3819874312821601
2023,799368.0,2,"LAPAN, NASA",2,0.28176039869411673
2023,799369.0,2,"LAPAN, NASA",2,0.36618434751215856
2023,799370.0,2,"LAPAN, NASA",2,0.36806143262868746
2023,799374.0,3,"LAPAN, NASA",2,0.3391407029025438
2023,802216.0,2,"LAPAN, NASA",2,0.14395142476932762
2023,802217.0,2,"LAPAN, NASA",2,0.14763664988419933
2023,802218.0,2,"LAPAN, NASA",2,0.14728247769120584
2023,802219.0,2,"LAPAN, NASA",2,0.14677752897774782
2023,802220.0,2,"LAPAN, NASA",2,0.14655655928791064
2023,802221.0,2,"LAPAN, NASA",2,0.14735752600565424
2023,802222.0,2,"LAPAN, NASA",2,0.14733785214710698
2023,802223.0,2,"LAPAN, NASA",2,0.145912076982869
2023,802224.0,2,"LAPAN, NASA",2,0.14716835699896932
2023,802225.0,2,"LAPAN, NASA",2,0.14728908704148289
2023,802226.0,2,"LAPAN, NASA",2,0.14795753760302383
2023,802227.0,2,"LAPAN, NASA",2,0.14832595848086091
2023,802228.0,2,"LAPAN, NASA",2,0.14793974459999543
2023,802229.0,2,"LAPAN, NASA",2,0.14810263367177098
2023,802230.0,2,"LAPAN, NASA",2,0.15260918049166
2023,802231.0,2,"LAPAN, NASA",2,0.15323800899913087
2023,802232.0,2,"LAPAN, NASA",2,0.15477846733337325
2023,802233.0,2,"LAPAN, NASA",2,0.147188235491912
2023,802234.0,2,"LAPAN, NASA",2,0.15256057265788822
2023,802235.0,2,"LAPAN, NASA",2,0.1532355218610241
2023,802236.0,2,"LAPAN, NASA",2,0.15381821972471085
2023,802238.0,2,"LAPAN, NASA",2,0.15396440805771722
2023,802239.0,2,"LAPAN, NASA",2,0.14890078384361127
2023,802240.0,2,"LAPAN, NASA",2,0.14820690498621622
2023,802241.0,2,"LAPAN, NASA",2,0.14966235944629683
2023,802242.0,2,"LAPAN, NASA",2,0.14988815638842742
2023,802243.0,2,"LAPAN, NASA",2,0.15049911197567065
2023,802244.0,2,"LAPAN, NASA",2,0.15211782430466536
2023,802245.0,2,"LAPAN, NASA",2,0.1490631029705089
2023,802313.0,2,"LAPAN, NASA",2,0.10295477348899282
2023,802314.0,2,"LAPAN, NASA",2,0.10379393249292045
2023,802324.0,2,"LAPAN, NASA",2,0.15155858548746384
2023,802326.0,2,"LAPAN, NASA",2,0.1519613543230707
2023,802334.0,2,"LAPAN, NASA",2,0.15169654957538573
2023,802337.0,2,"LAPAN, NASA",2,0.15222662935099057
2023,802340.0,2,"LAPAN, NASA",2,0.15361356103728507
2023,802341.0,2,"LAPAN, NASA",2,0.15288226494089582
2023,802342.0,2,"LAPAN, NASA",2,0.15292810236808296
2023,802343.0,2,"LAPAN, NASA",2,0.15012864302039966
2023,802344.0,2,"LAPAN, NASA",2,0.15213387957100602
2023,802345.0,2,"LAPAN, NASA",2,0.15213918226570028
2023,802346.0,2,"LAPAN, NASA",2,0.1538809267839178
2023,802347.0,2,"LAPAN, NASA",2,0.15255258888633771
2023,802355.0,2,"LAPAN, NASA",2,0.12859353988928462
2023,802356.0,2,"LAPAN, NASA",2,0.12827178492530056
2023,802357.0,2,"LAPAN, NASA",2,0.12806069056928363
2023,802358.0,2,"LAPAN, NASA",2,0.12813898771902432
2023,802364.0,2,"LAPAN, NASA",2,0.12766266589016143
2023,802365.0,2,"LAPAN, NASA",2,0.12949082293691033
2023,802374.0,2,"LAPAN, NASA",2,0.14012159579730687
2023,802375.0,2,"LAPAN, NASA",2,0.13988420635085405
2023,802382.0,2,"LAPAN, NASA",2,0.14488572516450854
2023,802383.0,2,"LAPAN, NASA",2,0.14540482517426173
2023,802398.0,2,"LAPAN, NASA",2,0.12260602132006823
2023,802399.0,2,"LAPAN, NASA",2,0.12426769085244742
2023,802400.0,2,"LAPAN, NASA",2,0.12326055520153496
2023,802401.0,2,"LAPAN, NASA",2,0.12320384670768665
2023,802403.0,2,"LAPAN, NASA",2,0.12358210830152797
2023,802405.0,2,"LAPAN, NASA",2,0.12287706224733612
2023,802406.0,2,"LAPAN, NASA",2,0.1233394436417421
2023,802434.0,2,"LAPAN, NASA",2,0.12396011410144903
2023,802450.0,2,"LAPAN, NASA",2,0.12136212209352247
2023,802454.0,2,"LAPAN, NASA",2,0.12398508748111649
2023,802455.0,2,"LAPAN, NASA",2,0.12493160369385363
2023,802456.0,2,"LAPAN, NASA",2,0.12509187336580427
2023,802465.0,2,"LAPAN, NASA",2,0.15059683237049984
2023,802471.0,2,"LAPAN, NASA",2,0.14810923307988616
2023,802472.0,2,"LAPAN, NASA",2,0.149231984783831
2023,802473.0,2,"LAPAN, NASA",2,0.15017146198914408
2023,802478.0,2,"LAPAN, NASA",2,0.150626923862917
2023,802479.0,2,"LAPAN, NASA",2,0.1495217418718989
2023,803568.0,2,"LAPAN, NASA",2,0.2327017882368177
2023,803569.0,2,"LAPAN, NASA",2,0.2317257403138032
2023,803570.0,2,"LAPAN, NASA",2,0.2322451188844341
2023,803615.0,2,"LAPAN, NASA",2,0.19657471717487873
2023,803616.0,2,"LAPAN, NASA",2,0.19785669497400982
2023,803617.0,2,"LAPAN, NASA",2,0.1963636941183129
2023,803627.0,2,"LAPAN, NASA",2,0.19840109262017266
2023,803875.0,2,"LAPAN, NASA",2,0.2349985733364522
2023,803896.0,2,"LAPAN, NASA",2,0.22627165712157365
2023,803926.0,3,"LAPAN, NASA",2,0.22599431755301586
2023,803937.0,2,"LAPAN, NASA",2,0.1915970438708901
2023,803938.0,2,"LAPAN, NASA",2,0.1914536079884484
2023,803940.0,2,"LAPAN, NASA",2,0.1965410146900529
2023,803941.0,2,"LAPAN, NASA",2,0.19480805379120503
2023,803942.0,2,"LAPAN, NASA",2,0.19519911204703833
2023,803943.0,2,"LAPAN, NASA",2,0.19449127062573993
2023,803944.0,2,"LAPAN, NASA",2,0.19503661385294663
2023,803949.0,2,"LAPAN, NASA",2,0.19658126731318248
2023,803950.0,2,"LAPAN, NASA",2,0.19110198715967516
2023,803993.0,3,"LAPAN, NASA",2,0.22704810749802437
2023,803996.0,2,"LAPAN, NASA",2,0.22018415676688607
2023,803997.0,2,"LAPAN, NASA",2,0.22726750154023911
2023,803998.0,2,"LAPAN, NASA",2,0.22805888486344503
2023,804010.0,2,"LAPAN, NASA",2,0.1943183567174047
2023,804016.0,2,"LAPAN, NASA",2,0.20054933631811825
2023,804056.0,2,"LAPAN, NASA",2,0.19972390525491032
2023,804057.0,2,"LAPAN, NASA",2,0.19864293028039554
2023,804058.0,2,"LAPAN, NASA",2,0.19949294355723085
2023,804070.0,2,"LAPAN, NASA",2,0.19356792176180812
2023,804080.0,2,"LAPAN, NASA",2,0.20185605897029885
2023,804083.0,2,"LAPAN, NASA",2,0.20137601591708942
2023,804084.0,2,"LAPAN, NASA",2,0.19731729126181904
2023,804085.0,2,"LAPAN, NASA",2,0.20270743014113068
2023,804086.0,2,"LAPAN, NASA",2,0.2016434629372129
2023,804087.0,2,"LAPAN, NASA",2,0.200356769723107
2023,804088.0,3,"LAPAN, NASA",2,0.19417039687192214
2023,804089.0,3,"LAPAN, NASA",2,0.19459142933684226
2023,804090.0,2,"LAPAN, NASA",2,0.19418303354028582
2023,804091.0,2,"LAPAN, NASA",2,0.1923029092776239
2023,804092.0,2,"LAPAN, NASA",2,0.19392980330950174
2023,804094.0,2,"LAPAN, NASA",2,0.19494512672583414
2023,804095.0,2,"LAPAN, NASA",2,0.2035160754257752
2023,804096.0,2,"LAPAN, NASA",2,0.20283627670224527
2023,804097.0,3,"LAPAN, NASA",2,0.19519598582014347
2023,804098.0,3,"LAPAN, NASA",2,0.1937745176192545
2023,804099.0,2,"LAPAN, NASA",2,0.19479842615565235
2023,804100.0,2,"LAPAN, NASA",2,0.1928376488419237
2023,804102.0,3,"LAPAN, NASA",2,0.19465652436712352
2023,804103.0,3,"LAPAN, NASA",2,0.19310400930313193
2023,804104.0,3,"LAPAN, NASA",2,0.19460548277372997
2023,804105.0,3,"LAPAN, NASA",2,0.19366252314304777
2023,804107.0,3,"LAPAN, NASA",2,0.19224417790409104
2023,804108.0,2,"LAPAN, NASA",2,0.1931997971956762
2023,804109.0,3,"LAPAN, NASA",2,0.19439868757149228
2023,804110.0,2,"LAPAN, NASA",2,0.19407557863938033
2023,804128.0,2,"LAPAN, NASA",2,0.2388953244176288
2023,804129.0,2,"LAPAN, NASA",2,0.2372183084011805
2023,804132.0,2,"LAPAN, NASA",2,0.23736685520143633
2023,804134.0,2,"LAPAN, NASA",2,0.23854230217756545
2023,804135.0,2,"LAPAN, NASA",2,0.2381501025126035
2023,804138.0,2,"LAPAN, NASA",2,0.22837100551862852
2023,804165.0,3,"LAPAN, NASA",2,0.22729123051020036
2023,804166.0,2,"LAPAN, NASA",2,0.23919070171016613
2023,804176.0,2,"LAPAN, NASA",2,0.2339277332831618
2023,804180.0,2,"LAPAN, NASA",2,0.22866344694487514
2023,804185.0,3,"LAPAN, NASA",2,0.22869832131889378
2023,804187.0,2,"LAPAN, NASA",2,0.2283811005674456
2023,804194.0,2,"LAPAN, NASA",2,0.2276257689903711
2023,804196.0,2,"LAPAN, NASA",2,0.22206333728144978
2023,804420.0,2,"LAPAN, NASA",2,0.06875616197305723
2023,804424.0,2,"LAPAN, NASA",2,0.06839778653025876
2023,804425.0,2,"LAPAN, NASA",2,0.06903957462697233
2023,804428.0,2,"LAPAN, NASA",2,0.0697802799568474
2023,804429.0,2,"LAPAN, NASA",2,0.0688118156111609
2023,804430.0,2,"LAPAN, NASA",2,0.06879715719605328
2023,804431.0,2,"LAPAN, NASA",2,0.06852943767956461
2023,804432.0,2,"LAPAN, NASA",2,0.06841671841020937
2023,804433.0,2,"LAPAN, NASA",2,0.06882120904742384
2023,804436.0,2,"LAPAN, NASA",2,0.06860432307582644
2023,804442.0,2,"LAPAN, NASA",2,0.06801665393432273
2023,804448.0,2,"LAPAN, NASA",2,0.08247872811678454
2023,804527.0,2,"LAPAN, NASA",2,0.07080054177079594
2023,804530.0,2,"LAPAN, NASA",2,0.06970727934243114
2023,804575.0,2,"LAPAN, NASA",2,0.06953885153201816
2023,804576.0,2,"LAPAN, NASA",2,0.06710794059447732
2023,804578.0,2,"LAPAN, NASA",2,0.06865554408543544
2023,804579.0,2,"LAPAN, NASA",2,0.06644102092299518
2023,804580.0,2,"LAPAN, NASA",2,0.06621567677698835
2023,804581.0,2,"LAPAN, NASA",2,0.06754506421326922
2023,804582.0,2,"LAPAN, NASA",2,0.06710376588281934
2023,804583.0,2,"LAPAN, NASA",2,0.0676547579214352
2023,804584.0,2,"LAPAN, NASA",2,0.0669465611733396
2023,804585.0,2,"LAPAN, NASA",2,0.06718679792721498
2023,804586.0,2,"LAPAN, NASA",2,0.06802806626952744
2023,804587.0,2,"LAPAN, NASA",2,0.06766505919659022
2023,804588.0,2,"LAPAN, NASA",2,0.0669301614823143
2023,804589.0,2,"LAPAN, NASA",2,0.06771450460187257
2023,804590.0,2,"LAPAN, NASA",2,0.06763094954200218
2023,804591.0,2,"LAPAN, NASA",2,0.06667575690695296
2023,804592.0,2,"LAPAN, NASA",2,0.06694653050222395
2023,804593.0,2,"LAPAN, NASA",2,0.06723644348503173
2023,804594.0,2,"LAPAN, NASA",2,0.06743528467970723
2023,804598.0,2,"LAPAN, NASA",2,0.06905222652512112
2023,804599.0,2,"LAPAN, NASA",2,0.06793878947972082
2023,804600.0,2,"LAPAN, NASA",2,0.06762541974762479
2023,804601.0,2,"LAPAN, NASA",2,0.06668535368148658
2023,804602.0,2,"LAPAN, NASA",2,0.06722515785644474
2023,804603.0,2,"LAPAN, NASA",2,0.06891811279539525
2023,804604.0,2,"LAPAN, NASA",2,0.0677400098299622
2023,804605.0,2,"LAPAN, NASA",2,0.06641819599883406
2023,804606.0,2,"LAPAN, NASA",2,0.06833353732535732
2023,804607.0,2,"LAPAN, NASA",2,0.06915936757669022
2023,804608.0,2,"LAPAN, NASA",2,0.06816116318760948
2023,804609.0,2,"LAPAN, NASA",2,0.06690570040060542
2023,804610.0,2,"LAPAN, NASA",2,0.06710689270524174
2023,804611.0,2,"LAPAN, NASA",2,0.06686411010133046
2023,804612.0,2,"LAPAN, NASA",2,0.06756278351977307
2023,804613.0,2,"LAPAN, NASA",2,0.06786586603697227
2023,804614.0,2,"LAPAN, NASA",2,0.06892653356465828
2023,804615.0,2,"LAPAN, NASA",2,0.06640556424086323
2023,804616.0,2,"LAPAN, NASA",2,0.06679568329815089
2023,804617.0,2,"LAPAN, NASA",2,0.06855890826223913
2023,804618.0,2,"LAPAN, NASA",2,0.06689230593458723
2023,804619.0,2,"LAPAN, NASA",2,0.06938349954958578
2023,804631.0,2,"LAPAN, NASA",2,0.05438517031267293
2023,804713.0,2,"LAPAN, NASA",2,0.06924678566616785
2023,804714.0,2,"LAPAN, NASA",2,0.06902479803881922
2023,804715.0,2,"LAPAN, NASA",2,0.06631401835004279
2023,804716.0,2,"LAPAN, NASA",2,0.0698093818795856
2023,804717.0,3,"LAPAN, NASA",2,0.06673468655724442
2023,804718.0,3,"LAPAN, NASA",2,0.06646412276958774
2023,804719.0,3,"LAPAN, NASA",2,0.06651305764392637
2023,804720.0,2,"LAPAN, NASA",2,0.06641471769177358
2023,804721.0,2,"LAPAN, NASA",2,0.0688576362016967
2023,804725.0,2,"LAPAN, NASA",2,0.0854000284857876
2023,804726.0,2,"LAPAN, NASA",2,0.08651763750724265
2023,804727.0,2,"LAPAN, NASA",2,0.08458547812256961
2023,804728.0,2,"LAPAN, NASA",2,0.08211675980325583
2023,804729.0,2,"LAPAN, NASA",2,0.08308506574251867
2023,804730.0,2,"LAPAN, NASA",2,0.08316147869812678
2023,804731.0,2,"LAPAN, NASA",2,0.08275801547417895
2023,804732.0,2,"LAPAN, NASA",2,0.08312825530144898
2023,804733.0,2,"LAPAN, NASA",2,0.08223889866815234
2023,804736.0,2,"LAPAN, NASA",2,0.0816615734049853
2023,804742.0,2,"LAPAN, NASA",2,0.08169150298295262
2023,804755.0,2,"LAPAN, NASA",2,0.06806416936633831
2023,804764.0,2,"LAPAN, NASA",2,0.08301947610589258
2023,804765.0,2,"LAPAN, NASA",2,0.08284856583174316
2023,804791.0,2,"LAPAN, NASA",2,0.08472309554006524
2023,804793.0,2,"LAPAN, NASA",2,0.08458508873418502
2023,804794.0,2,"LAPAN, NASA",2,0.08403922207656522
2023,804795.0,2,"LAPAN, NASA",2,0.08415823793865218
2023,804796.0,2,"LAPAN, NASA",2,0.08468061497312786
2023,804797.0,2,"LAPAN, NASA",2,0.08352253812196295
2023,804798.0,2,"LAPAN, NASA",2,0.0832199827307106
2023,804800.0,2,"LAPAN, NASA",2,0.08437509091845527
2023,804801.0,3,"LAPAN, NASA",2,0.06729869722255165
2023,804806.0,2,"LAPAN, NASA",2,0.06809313665233506
2023,804816.0,2,"LAPAN, NASA",2,0.06896949315182276
2023,804817.0,2,"LAPAN, NASA",2,0.06894920419651311
2023,804818.0,2,"LAPAN, NASA",2,0.06794049924464536
2023,804819.0,2,"LAPAN, NASA",2,0.0695683631080075
2023,804820.0,2,"LAPAN, NASA",2,0.0676928452308629
2023,804821.0,2,"LAPAN, NASA",2,0.06777651158974196
2023,804822.0,2,"LAPAN, NASA",2,0.06878770859710719
2023,804823.0,2,"LAPAN, NASA",2,0.06872704460417607
2023,804824.0,2,"LAPAN, NASA",2,0.06927259853091927
2023,804825.0,2,"LAPAN, NASA",2,0.06697805199282018
2023,804829.0,2,"LAPAN, NASA",2,0.06764535894115943
2023,804831.0,2,"LAPAN, NASA",2,0.06792440386788229
2023,804857.0,2,"LAPAN, NASA",2,0.06401869849880625
2023,804858.0,2,"LAPAN, NASA",2,0.06373287947492899
2023,804859.0,2,"LAPAN, NASA",2,0.06385225618126372
2023,804875.0,2,"LAPAN, NASA",2,0.06358868998117687
2023,804876.0,2,"LAPAN, NASA",2,0.064886293115537
2023,804877.0,2,"LAPAN, NASA",2,0.0635887753532403
2023,804884.0,2,"LAPAN, NASA",2,0.05391069306313169
2023,804885.0,2,"LAPAN, NASA",2,0.0551592992539968
2023,804898.0,2,"LAPAN, NASA",2,0.06845794103211313
2023,804899.0,2,"LAPAN, NASA",2,0.08538084569408876
2023,804909.0,2,"LAPAN, NASA",2,0.06649798576570574
2023,804910.0,2,"LAPAN, NASA",2,0.06564903522182615
2023,804912.0,2,"LAPAN, NASA",2,0.0657453868476119
2023,804914.0,2,"LAPAN, NASA",2,0.06510851825927327
2023,804915.0,2,"LAPAN, NASA",2,0.06590610932998346
2023,804917.0,2,"LAPAN, NASA",2,0.06574335728455406
2023,804918.0,2,"LAPAN, NASA",2,0.06597646783664213
2023,804919.0,2,"LAPAN, NASA",2,0.06601407971566724
2023,804923.0,2,"LAPAN, NASA",2,0.06557074301452684
2023,804925.0,2,"LAPAN, NASA",2,0.06604468301858013
2023,804926.0,2,"LAPAN, NASA",2,0.0658408146510893
2023,804928.0,2,"LAPAN, NASA",2,0.06434089357698579
2023,804929.0,2,"LAPAN, NASA",2,0.0661018026715523
2023,804931.0,2,"LAPAN, NASA",2,0.06511144686032806
2023,804950.0,2,"LAPAN, NASA",2,0.06579025616778615
2023,804967.0,2,"LAPAN, NASA",2,0.06714727951636663
2023,804968.0,2,"LAPAN, NASA",2,0.06695450135998497
2023,804970.0,2,"LAPAN, NASA",2,0.06595765338228064
2023,804979.0,2,"LAPAN, NASA",2,0.06647936929703586
2023,804980.0,2,"LAPAN, NASA",2,0.06696600675540541
2023,804985.0,2,"LAPAN, NASA",2,0.06700126304457371
2023,804986.0,2,"LAPAN, NASA",2,0.06721283809925721
2023,804989.0,2,"LAPAN, NASA",2,0.06673947659703679
2023,804990.0,2,"LAPAN, NASA",2,0.067669112507412
2023,804991.0,2,"LAPAN, NASA",2,0.06711400349301357
2023,804998.0,2,"LAPAN, NASA",2,0.06677245183463672
2023,804999.0,2,"LAPAN, NASA",2,0.06739461545938123
2023,805000.0,2,"LAPAN, NASA",2,0.06607899756616886
2023,805014.0,2,"LAPAN, NASA",2,0.08303215914478031
2023,805019.0,2,"LAPAN, NASA",2,0.08254412282217155
2023,806568.0,2,"LAPAN, NASA",2,0.06995301772466983
2023,807635.0,2,"LAPAN, NASA",2,0.07932101649278257
2023,807691.0,2,"LAPAN, NASA",2,0.10912940808637868
2023,807692.0,2,"LAPAN, NASA",2,0.10949847896742362
2023,807695.0,2,"LAPAN, NASA",2,0.10965258954728985
2023,807696.0,2,"LAPAN, NASA",2,0.10858222917019571
2023,807697.0,3,"LAPAN, NASA",2,0.3411816737661094
2023,807698.0,2,"LAPAN, NASA",2,0.10343216915867569
2023,807699.0,2,"LAPAN, NASA",2,0.1035475677330643
2023,807700.0,2,"LAPAN, NASA",2,0.10317988449896319
2023,807701.0,2,"LAPAN, NASA",2,0.10397895811062641
2023,807702.0,2,"LAPAN, NASA",2,0.10443428066705977
2023,807888.0,2,"LAPAN, NASA",2,0.14426289367856646
2023,807890.0,2,"LAPAN, NASA",2,0.1454010688042065
2023,807987.0,2,"LAPAN, NASA",2,0.10236730706735424
2023,808012.0,2,"LAPAN, NASA",2,0.10278598411798485
2023,808013.0,2,"LAPAN, NASA",2,0.13212846926484945
2023,808014.0,2,"LAPAN, NASA",2,0.13542378808281638
2023,808015.0,2,"LAPAN, NASA",2,0.13550424597939875
2023,808044.0,2,"LAPAN, NASA",2,0.10808522126138033
2023,808047.0,2,"LAPAN, NASA",2,0.10690134978204
2023,808048.0,2,"LAPAN, NASA",2,0.10804977209597748
2023,808050.0,2,"LAPAN, NASA",2,0.14030492991511948
2023,808052.0,2,"LAPAN, NASA",2,0.1401830932613338
2023,808053.0,2,"LAPAN, NASA",2,0.1391448907528544
2023,808056.0,2,"LAPAN, NASA",2,0.11283723073980834
2023,808057.0,2,"LAPAN, NASA",2,0.11246658481753966
2023,808058.0,2,"LAPAN, NASA",2,0.14562542041181004
2023,808059.0,2,"LAPAN, NASA",2,0.14797338428392257
2023,808060.0,2,"LAPAN, NASA",2,0.13526180879021843
2023,808061.0,2,"LAPAN, NASA",2,0.10772543836407282
2023,808671.0,2,"LAPAN, NASA",2,0.054119482448798106
2023,808672.0,2,"LAPAN, NASA",2,0.05462533553151842
2023,808673.0,2,"LAPAN, NASA",2,0.05418849374560174
2023,808693.0,2,"LAPAN, NASA",2,0.06989063794484339
2023,808694.0,2,"LAPAN, NASA",2,0.06945289862714996
2023,808695.0,2,"LAPAN, NASA",2,0.06931653961980469
2023,808698.0,2,"LAPAN, NASA",2,0.05460447306917351
2023,808699.0,2,"LAPAN, NASA",2,0.05446178523385398
2023,808700.0,2,"LAPAN, NASA",2,0.05421371033721237
2023,808704.0,2,"LAPAN, NASA",2,0.0537160321807161
2023,808705.0,2,"LAPAN, NASA",2,0.0543552607774058
2023,808706.0,2,"LAPAN, NASA",2,0.05452754226074558
2023,808708.0,2,"LAPAN, NASA",2,0.05331965014983005
2023,808711.0,2,"LAPAN, NASA",2,0.05391771638214138
2023,808713.0,2,"LAPAN, NASA",2,0.0696833851400444
2023,808714.0,2,"LAPAN, NASA",2,0.0711278425434105
2023,808717.0,2,"LAPAN, NASA",2,0.07017804646189635
2023,808720.0,2,"LAPAN, NASA",2,0.07034508089173838
2023,808721.0,2,"LAPAN, NASA",2,0.06922968184790762
2023,808723.0,2,"LAPAN, NASA",2,0.069606467949735
2023,808768.0,2,"LAPAN, NASA",2,0.0684337207253409
2023,808769.0,2,"LAPAN, NASA",2,0.0683343305558941
2023,808771.0,2,"LAPAN, NASA",2,0.05414380041794481
2023,808793.0,2,"LAPAN, NASA",2,0.07036254315182791
2023,808794.0,2,"LAPAN, NASA",2,0.06980132006856014
2023,808797.0,2,"LAPAN, NASA",2,0.07083997848468901
2023,808798.0,2,"LAPAN, NASA",2,0.069794089849404
2023,808799.0,2,"LAPAN, NASA",2,0.0696567653130869
2023,808815.0,2,"LAPAN, NASA",2,0.05475346541945799
2023,808818.0,2,"LAPAN, NASA",2,0.055372918249648816
2023,808827.0,2,"LAPAN, NASA",2,0.053709460418504114
2023,808833.0,2,"LAPAN, NASA",2,0.054685451346410605
2023,808834.0,2,"LAPAN, NASA",2,0.05407482131023348
2023,808836.0,2,"LAPAN, NASA",2,0.054458474782502396
2023,808837.0,2,"LAPAN, NASA",2,0.05433128462094097
2023,808838.0,2,"LAPAN, NASA",2,0.054250638185455266
2023,808839.0,2,"LAPAN, NASA",2,0.05439646481377248
2023,808840.0,2,"LAPAN, NASA",2,0.05434566315491132
2023,808843.0,2,"LAPAN, NASA",2,0.06997329517089379
2023,808844.0,2,"LAPAN, NASA",2,0.0704171902733981
2023,808845.0,2,"LAPAN, NASA",2,0.07083265915657608
2023,808846.0,2,"LAPAN, NASA",2,0.07022178267229023
2023,808847.0,2,"LAPAN, NASA",2,0.07026892169873866
2023,808848.0,2,"LAPAN, NASA",2,0.07065406182528795
2023,808849.0,2,"LAPAN, NASA",2,0.07093834750481176
2023,808850.0,2,"LAPAN, NASA",2,0.07032842930477265
2023,808851.0,2,"LAPAN, NASA",2,0.0694973623442241
2023,808852.0,2,"LAPAN, NASA",2,0.07081237570259685
2023,808856.0,2,"LAPAN, NASA",2,0.07005003763520883
2023,808864.0,2,"LAPAN, NASA",2,0.06944810914726048
2023,808889.0,2,"LAPAN, NASA",2,0.06972669872889853
2023,808892.0,2,"LAPAN, NASA",2,0.0701989357929501
2023,808893.0,2,"LAPAN, NASA",2,0.07062994377144638
2023,808894.0,2,"LAPAN, NASA",2,0.0704630175163693
2023,808921.0,2,"LAPAN, NASA",2,0.0710703317859658
2023,808926.0,2,"LAPAN, NASA",2,0.0692906237566082
2023,808927.0,2,"LAPAN, NASA",2,0.06965938671580867
2023,808928.0,2,"LAPAN, NASA",2,0.06947065668928631
2023,808929.0,2,"LAPAN, NASA",2,0.06956828232704541
2023,809090.0,2,"LAPAN, NASA",2,0.30186783095115527
2023,809097.0,2,"LAPAN, NASA",2,0.31609880750405916
2023,809103.0,2,"LAPAN, NASA",2,0.3034950920081606
2023,809105.0,3,"LAPAN, NASA",2,0.2415987668890819
2023,809106.0,2,"LAPAN, NASA",2,0.3167875968541555
2023,809109.0,2,"LAPAN, NASA",2,0.3126843415165212
2023,809123.0,2,"LAPAN, NASA",2,0.28773173531884627
2023,809129.0,2,"LAPAN, NASA",2,0.28870936433669236
2023,809130.0,2,"LAPAN, NASA",2,0.291615017561232
2023,809131.0,2,"LAPAN, NASA",2,0.29108656510606695
2023,809138.0,2,"LAPAN, NASA",2,0.2500303560270709
2023,809751.0,2,"LAPAN, NASA",2,0.09687713355096968
2023,809754.0,2,"LAPAN, NASA",2,0.07730384065817299
2023,809758.0,2,"LAPAN, NASA",2,0.0776149986664367
2023,809782.0,2,"LAPAN, NASA",2,0.07965048824195761
2023,809797.0,2,"LAPAN, NASA",2,0.07946879603107226
2023,809798.0,3,"LAPAN, NASA",2,0.07847185843317078
2023,809800.0,2,"LAPAN, NASA",2,0.09562137634883626
2023,809805.0,2,"LAPAN, NASA",2,0.09543725642787583
2023,809810.0,2,"LAPAN, NASA",2,0.07972144420958482
2023,809812.0,2,"LAPAN, NASA",2,0.07842694922106504
2023,809823.0,2,"LAPAN, NASA",2,0.09595471809822317
2023,809824.0,2,"LAPAN, NASA",2,0.0782184526056175
2023,809825.0,2,"LAPAN, NASA",2,0.08242936726709084
2023,809826.0,2,"LAPAN, NASA",2,0.07753195770737346
2023,809827.0,2,"LAPAN, NASA",2,0.07856999702239836
2023,809828.0,2,"LAPAN, NASA",2,0.08148158419350361
2023,809829.0,2,"LAPAN, NASA",2,0.08201173282537152
2023,809834.0,2,"LAPAN, NASA",2,0.09940056718744604
2023,809846.0,2,"LAPAN, NASA",2,0.0807748883405888
2023,809848.0,2,"LAPAN, NASA",2,0.08013329180381364
2023,809849.0,2,"LAPAN, NASA",2,0.08026268657356737
2023,810001.0,2,"LAPAN, NASA",2,0.15672474390409608
2023,810002.0,2,"LAPAN, NASA",2,0.17812627746645998
2023,810003.0,2,"LAPAN, NASA",2,0.17710967931272908
2023,810006.0,3,"LAPAN, NASA",2,0.1845562455425487
2023,810007.0,2,"LAPAN, NASA",2,0.18095091272221142
2023,810014.0,3,"LAPAN, NASA",2,0.18438000616056346
2023,810017.0,3,"LAPAN, NASA",2,0.1842109326709472
2023,810055.0,3,"LAPAN, NASA",2,0.19608252224573947
2023,810056.0,2,"LAPAN, NASA",2,0.19069399280155447
2023,810057.0,2,"LAPAN, NASA",2,0.19141147816046503
2023,810058.0,2,"LAPAN, NASA",2,0.19512197339996415
2023,810075.0,3,"LAPAN, NASA",2,0.19106320758059067
2023,810076.0,2,"LAPAN, NASA",2,0.19176744326499792
2023,810077.0,2,"LAPAN, NASA",2,0.19055413635568286
2023,810079.0,3,"LAPAN, NASA",2,0.19161696026121733
2023,810081.0,3,"LAPAN, NASA",2,0.19066028148449649
2023,810083.0,3,"LAPAN, NASA",2,0.19103052052264013
2023,810460.0,2,"LAPAN, NASA",2,0.1804879032959918
2023,810463.0,2,"LAPAN, NASA",2,0.17942251294883596
2023,810464.0,2,"LAPAN, NASA",2,0.18367983193209847
2023,810467.0,3,"LAPAN, NASA",2,0.15381783862762943
2023,810468.0,2,"LAPAN, NASA",2,0.15359492846799042
2023,810469.0,2,"LAPAN, NASA",2,0.1525670022192787
2023,810660.0,2,"LAPAN, NASA",2,0.09505582714085528
2023,810661.0,2,"LAPAN, NASA",2,0.07967589529929396
2023,810678.0,2,"LAPAN, NASA",2,0.10054867215354943
2023,810679.0,2,"LAPAN, NASA",2,0.10025933598909594
2023,810680.0,2,"LAPAN, NASA",2,0.10104866851669418
2023,810698.0,2,"LAPAN, NASA",2,0.09709141821161836
2023,810699.0,2,"LAPAN, NASA",2,0.09713053838144459
2023,810700.0,2,"LAPAN, NASA",2,0.09707634168114536
2023,810701.0,2,"LAPAN, NASA",2,0.09395469922467115
2023,810702.0,2,"LAPAN, NASA",2,0.09513033073416435
2023,811250.0,2,"LAPAN, NASA",2,0.36901757811937935
2023,811273.0,2,"LAPAN, NASA",2,0.31696034801584827
2023,811293.0,2,"LAPAN, NASA",2,0.3135435042851282
2023,811294.0,2,"LAPAN, NASA",2,0.31664195161707676
2023,811295.0,2,"LAPAN, NASA",2,0.3176786355039611
2023,811296.0,2,"LAPAN, NASA",2,0.3182205535811613
2023,811297.0,2,"LAPAN, NASA",2,0.31705922266778114
2023,811300.0,3,"LAPAN, NASA",2,0.37245581182540055
2023,811307.0,3,"LAPAN, NASA",2,0.371289492234503
2023,811620.0,2,"LAPAN, NASA",2,0.08098149396970293
2023,811621.0,2,"LAPAN, NASA",2,0.08311503855109971
2023,811622.0,2,"LAPAN, NASA",2,0.06184581366347935
2023,811649.0,2,"LAPAN, NASA",2,0.06947843704653767
2023,811663.0,2,"LAPAN, NASA",2,0.06966526688322036
2023,811664.0,2,"LAPAN, NASA",2,0.07002253865192543
2023,811665.0,2,"LAPAN, NASA",2,0.0693423148115536
2023,811666.0,2,"LAPAN, NASA",2,0.06970050031811385
2023,811667.0,2,"LAPAN, NASA",2,0.06963415333109009
2023,811668.0,2,"LAPAN, NASA",2,0.07102388890441785
2023,811669.0,2,"LAPAN, NASA",2,0.06954512415843049
2023,811670.0,2,"LAPAN, NASA",2,0.06991022085688194
2023,811671.0,2,"LAPAN, NASA",2,0.06986102335257431
2023,811672.0,2,"LAPAN, NASA",2,0.07027687566789509
2023,811673.0,2,"LAPAN, NASA",2,0.07022261475826377
2023,811674.0,2,"LAPAN, NASA",2,0.07094668093599515
2023,811675.0,2,"LAPAN, NASA",2,0.0708978646665849
2023,811676.0,2,"LAPAN, NASA",2,0.07024522789374395
2023,811677.0,2,"LAPAN, NASA",2,0.07081521644401376
2023,811678.0,2,"LAPAN, NASA",2,0.070621445986138
2023,811679.0,2,"LAPAN, NASA",2,0.07011511510951621
2023,811680.0,2,"LAPAN, NASA",2,0.055671609372113566
2023,811689.0,2,"LAPAN, NASA",2,0.05361878411865485
2023,811690.0,2,"LAPAN, NASA",2,0.05408760171122342
2023,811691.0,2,"LAPAN, NASA",2,0.054400170097017364
2023,811701.0,2,"LAPAN, NASA",2,0.06943351655505847
2023,811702.0,2,"LAPAN, NASA",2,0.07060045106630813
2023,811703.0,2,"LAPAN, NASA",2,0.07007579987425917
2023,811704.0,2,"LAPAN, NASA",2,0.06971400828348666
2023,811705.0,2,"LAPAN, NASA",2,0.069678653919586
2023,811706.0,2,"LAPAN, NASA",2,0.07082605825493708
2023,811707.0,2,"LAPAN, NASA",2,0.0710705399518674
2023,811708.0,2,"LAPAN, NASA",2,0.07005880739555188
2023,811709.0,2,"LAPAN, NASA",2,0.07123280897985247
2023,811710.0,2,"LAPAN, NASA",2,0.05400301631220631
2023,812298.0,2,"LAPAN, NASA",2,0.11318817074015122
2023,812330.0,2,"LAPAN, NASA",2,0.11327863727972903
2023,812331.0,2,"LAPAN, NASA",2,0.11379564161570219
2023,812332.0,2,"LAPAN, NASA",2,0.11323812179883308
2023,812333.0,2,"LAPAN, NASA",2,0.11286298652895853
2023,812334.0,2,"LAPAN, NASA",2,0.11413874767601144
2023,812335.0,2,"LAPAN, NASA",2,0.11436951409114682
2023,812336.0,2,"LAPAN, NASA",2,0.11316595574959287
2023,812337.0,2,"LAPAN, NASA",2,0.11311941540901206
2023,812338.0,3,"LAPAN, NASA",2,0.49493534233362824
2023,812339.0,2,"LAPAN, NASA",2,0.1146283106799703
2023,812340.0,2,"LAPAN, NASA",2,0.11324849583845314
2023,812342.0,2,"LAPAN, NASA",2,0.11663923034288932
2023,812442.0,2,"LAPAN, NASA",2,0.13027565798513474
2023,812446.0,2,"LAPAN, NASA",2,0.13048828124752987
2023,812476.0,2,"LAPAN, NASA",2,0.1304610209824778
2023,812481.0,2,"LAPAN, NASA",2,0.13143780962303306
2023,812482.0,2,"LAPAN, NASA",2,0.1638961014601902
2023,812488.0,2,"LAPAN, NASA",2,0.07884428168041645
2023,812509.0,2,"LAPAN, NASA",2,0.10834696075527053
2023,812515.0,2,"LAPAN, NASA",2,0.10518959788860775
2023,812516.0,2,"LAPAN, NASA",2,0.10452284026440917
2023,812517.0,2,"LAPAN, NASA",2,0.1037505599582554
2023,812518.0,2,"LAPAN, NASA",2,0.08004929662158154
2023,812519.0,2,"LAPAN, NASA",2,0.07848739551682558
2023,812521.0,2,"LAPAN, NASA",2,0.07991998541648952
2023,812522.0,2,"LAPAN, NASA",2,0.0788865272458667
2023,812523.0,2,"LAPAN, NASA",2,0.07997129166112019
2023,812524.0,2,"LAPAN, NASA",2,0.07936677547163194
2023,812526.0,2,"LAPAN, NASA",2,0.07941969752616228
2023,812527.0,2,"LAPAN, NASA",2,0.07833251433514815
2023,812528.0,2,"LAPAN, NASA",2,0.08082102745116303
2023,812529.0,2,"LAPAN, NASA",2,0.07918091820186277
2023,812530.0,2,"LAPAN, NASA",2,0.07935209424589272
2023,812532.0,2,"LAPAN, NASA",2,0.08194999367139119
2023,812533.0,2,"LAPAN, NASA",2,0.10209943458629746
2023,812534.0,2,"LAPAN, NASA",2,0.10165629724730918
2023,812535.0,2,"LAPAN, NASA",2,0.10172917643683974
2023,812537.0,2,"LAPAN, NASA",2,0.10394730352658371
2023,813180.0,2,"LAPAN, NASA",2,0.3615712499173465
2023,813181.0,2,"LAPAN, NASA",2,0.3616467919423101
2023,813202.0,2,"LAPAN, NASA",2,0.19518890597631233
2023,813208.0,3,"LAPAN, NASA",2,0.17703178364348904
2023,813210.0,2,"LAPAN, NASA",2,0.2226664696898935
2023,813211.0,2,"LAPAN, NASA",2,0.12603158298076703
2023,813212.0,2,"LAPAN, NASA",2,0.22121503560505287
2023,813799.0,2,"LAPAN, NASA",2,0.06725041480539785
2023,813800.0,2,"LAPAN, NASA",2,0.06699652552394864
2023,813803.0,2,"LAPAN, NASA",2,0.08248358123877253
2023,813806.0,2,"LAPAN, NASA",2,0.08196017409433722
2023,813807.0,2,"LAPAN, NASA",2,0.08263828299341755
2023,813812.0,2,"LAPAN, NASA",2,0.08056826120956341
2023,813815.0,2,"LAPAN, NASA",2,0.08160098597232579
2023,813816.0,2,"LAPAN, NASA",2,0.0826554929180433
2023,813817.0,2,"LAPAN, NASA",2,0.08407010808206554
2023,813818.0,2,"LAPAN, NASA",2,0.08340250351862145
2023,813819.0,2,"LAPAN, NASA",2,0.08161563191744076
2023,813820.0,2,"LAPAN, NASA",2,0.08209835433490606
2023,813821.0,2,"LAPAN, NASA",2,0.08174527952290594
2023,813824.0,2,"LAPAN, NASA",2,0.0656659473340422
2023,813825.0,2,"LAPAN, NASA",2,0.06559409152931825
2023,813826.0,2,"LAPAN, NASA",2,0.06505722643781355
2023,813827.0,2,"LAPAN, NASA",2,0.06575568058612637
2023,813829.0,2,"LAPAN, NASA",2,0.06619610306860695
2023,813831.0,2,"LAPAN, NASA",2,0.06659269892524204
2023,813832.0,2,"LAPAN, NASA",2,0.06619456938843188
2023,813835.0,2,"LAPAN, NASA",2,0.06657920059331374
2023,813843.0,2,"LAPAN, NASA",2,0.0666072691916814
2023,813845.0,2,"LAPAN, NASA",2,0.0655092769834784
2023,813847.0,2,"LAPAN, NASA",2,0.06874025338040712
2023,813848.0,2,"LAPAN, NASA",2,0.06863329396098737
2023,813852.0,2,"LAPAN, NASA",2,0.0848796433233371
2023,813853.0,2,"LAPAN, NASA",2,0.08585518083290816
2023,813854.0,2,"LAPAN, NASA",2,0.08542597262884032
2023,813855.0,2,"LAPAN, NASA",2,0.08428592537197341
2023,813857.0,2,"LAPAN, NASA",2,0.08533080621661396
2023,813860.0,2,"LAPAN, NASA",2,0.08143080279046809
2023,813861.0,2,"LAPAN, NASA",2,0.06595338973124291
2023,813862.0,2,"LAPAN, NASA",2,0.06644789107112882
2023,813863.0,2,"LAPAN, NASA",2,0.06623042973579553
2023,813865.0,2,"LAPAN, NASA",2,0.066838635441417
2023,813867.0,2,"LAPAN, NASA",2,0.06706418138557109
2023,813868.0,2,"LAPAN, NASA",2,0.06746235708168528
2023,813870.0,2,"LAPAN, NASA",2,0.06639834733864679
2023,813871.0,2,"LAPAN, NASA",2,0.08196178367262882
2023,813872.0,2,"LAPAN, NASA",2,0.08170821058942815
2023,813873.0,2,"LAPAN, NASA",2,0.08142177521683466
2023,813874.0,2,"LAPAN, NASA",2,0.08113247785534645
2023,813875.0,2,"LAPAN, NASA",2,0.08187226127831725
2023,813876.0,2,"LAPAN, NASA",2,0.08218636488459034
2023,813879.0,2,"LAPAN, NASA",2,0.08135355720846413
2023,813880.0,2,"LAPAN, NASA",2,0.08183860154032192
2023,813881.0,2,"LAPAN, NASA",2,0.08185516299358758
2023,813882.0,2,"LAPAN, NASA",2,0.08161703886600229
2023,813883.0,2,"LAPAN, NASA",2,0.08181481331974749
2023,813884.0,2,"LAPAN, NASA",2,0.08178702291345079
2023,813885.0,2,"LAPAN, NASA",2,0.0813258799689286
2023,813886.0,2,"LAPAN, NASA",2,0.08242496812198118
2023,813888.0,2,"LAPAN, NASA",2,0.08119498980211398
2023,813889.0,2,"LAPAN, NASA",2,0.08163841786822601
2023,813894.0,2,"LAPAN, NASA",2,0.0822675088016642
2023,813896.0,2,"LAPAN, NASA",2,0.08206881646543768
2023,813897.0,2,"LAPAN, NASA",2,0.08230084191750586
2023,813899.0,2,"LAPAN, NASA",2,0.08190115875064899
2023,813905.0,2,"LAPAN, NASA",2,0.06629557285232032
2023,813912.0,2,"LAPAN, NASA",2,0.08197875907706398
2023,813916.0,2,"LAPAN, NASA",2,0.0833636049077405
2023,813934.0,2,"LAPAN, NASA",2,0.0843597856420619
2023,813947.0,2,"LAPAN, NASA",2,0.06811784379835693
2023,813948.0,2,"LAPAN, NASA",2,0.06882499094535287
2023,815041.0,2,"LAPAN, NASA",2,0.12605404372698195
2023,815044.0,2,"LAPAN, NASA",2,0.09564381401464493
2023,815059.0,2,"LAPAN, NASA",2,0.1420032687629542
2023,815060.0,2,"LAPAN, NASA",2,0.14178890932690882
2023,815061.0,2,"LAPAN, NASA",2,0.142379577253109
2023,815062.0,2,"LAPAN, NASA",2,0.14394247504139837
2023,815063.0,2,"LAPAN, NASA",2,0.1432125582639288
2023,815064.0,2,"LAPAN, NASA",2,0.14499812741330806
2023,815065.0,2,"LAPAN, NASA",2,0.14385296350351684
2023,815066.0,2,"LAPAN, NASA",2,0.142705952183219
2023,815067.0,2,"LAPAN, NASA",2,0.14490907379409695
2023,815068.0,2,"LAPAN, NASA",2,0.1450588924379084
2023,815069.0,2,"LAPAN, NASA",2,0.1437922188775287
2023,815070.0,2,"LAPAN, NASA",2,0.14433297810677764
2023,815071.0,2,"LAPAN, NASA",2,0.14507682940969086
2023,815072.0,2,"LAPAN, NASA",2,0.1458507502428919
2023,815073.0,2,"LAPAN, NASA",2,0.11976581806843009
2023,815074.0,2,"LAPAN, NASA",2,0.11975754497705615
2023,815075.0,2,"LAPAN, NASA",2,0.12093882729393471
2023,815076.0,2,"LAPAN, NASA",2,0.11967705909716718
2023,815077.0,2,"LAPAN, NASA",2,0.12038097167608791
2023,815078.0,2,"LAPAN, NASA",2,0.12074325270487059
2023,815080.0,2,"LAPAN, NASA",2,0.1207893736823542
2023,815081.0,2,"LAPAN, NASA",2,0.12177587658122098
2023,815082.0,2,"LAPAN, NASA",2,0.12200733398528996
2023,815083.0,2,"LAPAN, NASA",2,0.12117580140187535
2023,815084.0,2,"LAPAN, NASA",2,0.12513971145692815
2023,815085.0,2,"LAPAN, NASA",2,0.12045185062518096
2023,815086.0,2,"LAPAN, NASA",2,0.1223816999910489
2023,815087.0,2,"LAPAN, NASA",2,0.12124685843490896
2023,815088.0,2,"LAPAN, NASA",2,0.12160462625374305
2023,815090.0,2,"LAPAN, NASA",2,0.1228653461516688
2023,815091.0,2,"LAPAN, NASA",2,0.12174679987178638
2023,815093.0,2,"LAPAN, NASA",2,0.12179673640354435
2023,815094.0,2,"LAPAN, NASA",2,0.12183787053416807
2023,815095.0,2,"LAPAN, NASA",2,0.1218102335371591
2023,815096.0,2,"LAPAN, NASA",2,0.12175157609465051
2023,815097.0,2,"LAPAN, NASA",2,0.12049890311000776
2023,815098.0,2,"LAPAN, NASA",2,0.12233087132359455
2023,815099.0,2,"LAPAN, NASA",2,0.12221549787568373
2023,815100.0,2,"LAPAN, NASA",2,0.12095773422210664
2023,815101.0,2,"LAPAN, NASA",2,0.11981921145618724
2023,815102.0,2,"LAPAN, NASA",2,0.11918191075374192
2023,815103.0,2,"LAPAN, NASA",2,0.12247432926399558
2023,815104.0,2,"LAPAN, NASA",2,0.12026256632229913
2023,815105.0,2,"LAPAN, NASA",2,0.11995678926446701
2023,815106.0,2,"LAPAN, NASA",2,0.11954406995239927
2023,815107.0,2,"LAPAN, NASA",2,0.1469809543447818
2023,815341.0,2,"LAPAN, NASA",2,0.07264306537270647
2023,815342.0,2,"LAPAN, NASA",2,0.07227209135298653
2023,815370.0,2,"LAPAN, NASA",2,0.10246951085458149
2023,815371.0,2,"LAPAN, NASA",2,0.10451314749658436
2023,815372.0,2,"LAPAN, NASA",2,0.1036645271915365
2023,815382.0,2,"LAPAN, NASA",2,0.12515400735005744
2023,815386.0,2,"LAPAN, NASA",2,0.12474203786695097
2023,815387.0,2,"LAPAN, NASA",2,0.12441769138948633
2023,815390.0,2,"LAPAN, NASA",2,0.12509219920581854
2023,815391.0,2,"LAPAN, NASA",2,0.12428543848548458
2023,815392.0,2,"LAPAN, NASA",2,0.12530438994561344
2023,815429.0,2,"LAPAN, NASA",2,0.09888681351934582
2023,815433.0,2,"LAPAN, NASA",2,0.1216885361748547
2023,815434.0,2,"LAPAN, NASA",2,0.12077520804101959
2023,815440.0,2,"LAPAN, NASA",2,0.09550339975241232
2023,815459.0,2,"LAPAN, NASA",2,0.10418582474616739
2023,815460.0,2,"LAPAN, NASA",2,0.104732923875212
2023,815467.0,2,"LAPAN, NASA",2,0.1285025639963854
2023,815468.0,2,"LAPAN, NASA",2,0.12760401145904882
2023,815469.0,2,"LAPAN, NASA",2,0.1269241867297171
2023,815470.0,2,"LAPAN, NASA",2,0.10295082413175627
2023,815471.0,2,"LAPAN, NASA",2,0.10185710658126532
2023,815472.0,2,"LAPAN, NASA",2,0.10180917714068112
2023,815473.0,2,"LAPAN, NASA",2,0.10207972638481788
2023,815474.0,2,"LAPAN, NASA",2,0.1029831329514801
2023,815486.0,2,"LAPAN, NASA",2,0.12583702751335435
2023,815487.0,2,"LAPAN, NASA",2,0.12500455419061923
2023,816082.0,2,"LAPAN, NASA",2,0.30469447557727797
2023,816248.0,2,"LAPAN, NASA",2,0.07630276660950912
2023,816249.0,2,"LAPAN, NASA",2,0.0757012792447533
2023,816250.0,2,"LAPAN, NASA",2,0.07662762251347045
2023,816251.0,2,"LAPAN, NASA",2,0.0772287267111819
2023,816252.0,2,"LAPAN, NASA",2,0.0744424018803453
2023,816253.0,2,"LAPAN, NASA",2,0.07509286939236516
2023,816254.0,2,"LAPAN, NASA",2,0.07451274677591431
2023,816255.0,2,"LAPAN, NASA",2,0.07519017826854296
2023,816260.0,2,"LAPAN, NASA",2,0.05999963906773118
2023,816261.0,2,"LAPAN, NASA",2,0.06033948811964288
2023,816263.0,2,"LAPAN, NASA",2,0.05996740814582519
2023,816264.0,2,"LAPAN, NASA",2,0.06013171224034581
2023,816265.0,2,"LAPAN, NASA",2,0.06136082214788876
2023,816351.0,2,"LAPAN, NASA",2,0.07424560203414093
2023,816353.0,2,"LAPAN, NASA",2,0.07325172559068523
2023,816354.0,2,"LAPAN, NASA",2,0.07305147984326012
2023,816355.0,2,"LAPAN, NASA",2,0.07354429192755225
2023,816370.0,2,"LAPAN, NASA",2,0.05874488522813632
2023,816371.0,2,"LAPAN, NASA",2,0.05927273782352633
2023,816373.0,2,"LAPAN, NASA",2,0.07285047942599138
2023,816374.0,2,"LAPAN, NASA",2,0.0734460399516678
2023,816396.0,2,"LAPAN, NASA",2,0.05703485388011363
2023,816397.0,2,"LAPAN, NASA",2,0.05686119220804641
2023,817933.0,2,"LAPAN, NASA",2,0.06971498259860467
2023,817934.0,2,"LAPAN, NASA",2,0.09166932748571788
2023,817935.0,2,"LAPAN, NASA",2,0.09023904547709223
2023,817936.0,2,"LAPAN, NASA",2,0.09079941935596395
2023,817937.0,2,"LAPAN, NASA",2,0.09153360019792273
2023,817938.0,2,"LAPAN, NASA",2,0.09098756024471558
2023,817939.0,2,"LAPAN, NASA",2,0.09159264574752417
2023,817940.0,2,"LAPAN, NASA",2,0.09141322653458138
2023,817941.0,2,"LAPAN, NASA",2,0.0695825149567982
2023,817942.0,2,"LAPAN, NASA",2,0.07039187652578148
2023,817943.0,2,"LAPAN, NASA",2,0.06951715783125258
2023,817944.0,2,"LAPAN, NASA",2,0.06809203905550529
2023,817945.0,2,"LAPAN, NASA",2,0.07056154746357172
2023,817946.0,2,"LAPAN, NASA",2,0.0691142005749099
2023,817947.0,2,"LAPAN, NASA",2,0.06934569995099828
2023,817948.0,2,"LAPAN, NASA",2,0.07133354675873074
2023,817949.0,2,"LAPAN, NASA",2,0.06963505159625163
2023,817950.0,2,"LAPAN, NASA",2,0.0701601361712927
2023,817951.0,2,"LAPAN, NASA",2,0.06891783291987329
2023,817952.0,2,"LAPAN, NASA",2,0.06996812916488422
2023,817953.0,2,"LAPAN, NASA",2,0.07036743584907812
2023,817954.0,2,"LAPAN, NASA",2,0.07132651137974809
2023,817955.0,2,"LAPAN, NASA",2,0.07024801268910351
2023,817956.0,2,"LAPAN, NASA",2,0.0708655673728998
2023,817957.0,2,"LAPAN, NASA",2,0.07221184243721968
2023,817958.0,2,"LAPAN, NASA",2,0.08719921691060274
2023,817959.0,2,"LAPAN, NASA",2,0.06667546834005848
2023,817988.0,2,"LAPAN, NASA",2,0.09157545821550901
2023,817989.0,2,"LAPAN, NASA",2,0.09214691289058637
2023,817990.0,2,"LAPAN, NASA",2,0.09136855682199178
2023,817991.0,2,"LAPAN, NASA",2,0.09198515011479858
2023,817992.0,2,"LAPAN, NASA",2,0.09188733026082696
2023,817993.0,2,"LAPAN, NASA",2,0.09193159130768588
2023,818407.0,2,"LAPAN, NASA",2,0.28089877609612246
2023,818408.0,2,"LAPAN, NASA",2,0.28489365701216035
2023,818409.0,2,"LAPAN, NASA",2,0.28950749218004457
2023,818410.0,2,"LAPAN, NASA",2,0.2205899821075994
2023,818411.0,2,"LAPAN, NASA",2,0.22331200891650088
2023,818415.0,2,"LAPAN, NASA",2,0.2548164939657459
2023,818423.0,2,"LAPAN, NASA",2,0.1674142861850993
2023,818457.0,2,"LAPAN, NASA",2,0.16785305577560625
2023,818458.0,2,"LAPAN, NASA",2,0.1686558081067674
2023,818459.0,2,"LAPAN, NASA",2,0.16839199495584076
2023,818461.0,2,"LAPAN, NASA",2,0.16555786227483096
2023,818462.0,2,"LAPAN, NASA",2,0.16837943954592932
2023,818463.0,2,"LAPAN, NASA",2,0.1661579661577481
2023,818464.0,2,"LAPAN, NASA",2,0.1386745044262737
2023,818465.0,2,"LAPAN, NASA",2,0.1417622963690453
2023,819129.0,2,"LAPAN, NASA",2,0.05866045897989991
2023,819130.0,2,"LAPAN, NASA",2,0.05833776116817542
2023,819131.0,2,"LAPAN, NASA",2,0.058192081637095786
2023,819132.0,2,"LAPAN, NASA",2,0.058328775931025485
2023,819133.0,2,"LAPAN, NASA",2,0.05866812393346536
2023,819134.0,2,"LAPAN, NASA",2,0.0589841402890453
2023,819135.0,2,"LAPAN, NASA",2,0.05895117506945404
2023,819136.0,2,"LAPAN, NASA",2,0.05849757055888455
2023,819137.0,2,"LAPAN, NASA",2,0.059278672468634226
2023,819138.0,2,"LAPAN, NASA",2,0.05943700516227833
2023,819139.0,2,"LAPAN, NASA",2,0.0588453810969911
2023,819140.0,2,"LAPAN, NASA",2,0.05811362467907133
2023,819141.0,2,"LAPAN, NASA",2,0.058078217000350575
2023,819144.0,2,"LAPAN, NASA",2,0.07556664432024471
2023,819146.0,2,"LAPAN, NASA",2,0.059164266748629034
2023,819150.0,2,"LAPAN, NASA",2,0.05862363725805195
2023,819157.0,2,"LAPAN, NASA",2,0.06570705105368503
2023,819192.0,2,"LAPAN, NASA",2,0.07421159432084037
2023,819194.0,2,"LAPAN, NASA",2,0.05819436725140254
2023,819195.0,2,"LAPAN, NASA",2,0.05873162470101975
2023,819198.0,2,"LAPAN, NASA",2,0.06037782216903839
2023,819201.0,2,"LAPAN, NASA",2,0.05926062734976526
2023,819202.0,2,"LAPAN, NASA",2,0.05778409848363862
2023,819203.0,2,"LAPAN, NASA",2,0.0576421648392622
2023,819204.0,2,"LAPAN, NASA",2,0.05869303651843249
2023,819205.0,2,"LAPAN, NASA",2,0.05855289970833765
2023,819206.0,2,"LAPAN, NASA",2,0.05841119652835163
2023,819207.0,2,"LAPAN, NASA",2,0.05802769470540827
2023,819208.0,2,"LAPAN, NASA",2,0.059457273435157006
2023,819209.0,2,"LAPAN, NASA",2,0.05899811530411139
2023,819210.0,2,"LAPAN, NASA",2,0.05833502816964837
2023,819211.0,2,"LAPAN, NASA",2,0.058176269033799966
2023,819213.0,2,"LAPAN, NASA",2,0.05825551637095075
2023,819215.0,2,"LAPAN, NASA",2,0.057784707084086964
2023,819216.0,2,"LAPAN, NASA",2,0.05843342562944909
2023,819217.0,2,"LAPAN, NASA",2,0.0587395463563551
2023,819218.0,2,"LAPAN, NASA",2,0.057911952156275946
2023,819219.0,2,"LAPAN, NASA",2,0.058567030444402327
2023,819220.0,2,"LAPAN, NASA",2,0.05800207438107542
2023,819226.0,2,"LAPAN, NASA",2,0.07467921343435928
2023,819227.0,2,"LAPAN, NASA",2,0.0741580007745662
2023,819228.0,2,"LAPAN, NASA",2,0.07426327127676294
2023,819229.0,2,"LAPAN, NASA",2,0.07340319950811694
2023,819230.0,2,"LAPAN, NASA",2,0.07407304167560876
2023,819231.0,2,"LAPAN, NASA",2,0.07393173257965414
2023,819232.0,2,"LAPAN, NASA",2,0.0738038929818813
2023,819233.0,2,"LAPAN, NASA",2,0.07366177676997313
2023,819234.0,2,"LAPAN, NASA",2,0.07433313264034012
2023,819235.0,2,"LAPAN, NASA",2,0.07421045526200938
2023,819236.0,2,"LAPAN, NASA",2,0.07515229304972773
2023,819237.0,2,"LAPAN, NASA",2,0.07443560169496147
2023,819238.0,2,"LAPAN, NASA",2,0.07417488407724393
2023,819239.0,2,"LAPAN, NASA",2,0.07388825808976579
2023,819240.0,2,"LAPAN, NASA",2,0.07393528208488936
2023,819241.0,2,"LAPAN, NASA",2,0.07295592931250525
2023,819243.0,2,"LAPAN, NASA",2,0.07396481664148942
2023,819244.0,2,"LAPAN, NASA",2,0.07419398431126344
2023,819397.0,3,"LAPAN, NASA",2,0.3086330658938118
2023,819400.0,2,"LAPAN, NASA",2,0.2983409074778203
2023,819401.0,2,"LAPAN, NASA",2,0.2979871952694502
2023,819402.0,2,"LAPAN, NASA",2,0.29799705002006033
2023,819403.0,3,"LAPAN, NASA",2,0.29881881953049744
2023,819406.0,2,"LAPAN, NASA",2,0.3735362790288353
2023,819407.0,2,"LAPAN, NASA",2,0.38084318446733256
2023,819408.0,2,"LAPAN, NASA",2,0.29022556003588584
2023,819409.0,2,"LAPAN, NASA",2,0.28937608599996645
2023,819410.0,2,"LAPAN, NASA",2,0.2902230853385693
2023,820494.0,2,"LAPAN, NASA",2,0.15373242123066727
2023,820495.0,2,"LAPAN, NASA",2,0.12787836751993978
2023,820496.0,2,"LAPAN, NASA",2,0.15432663812339326
2023,820500.0,2,"LAPAN, NASA",2,0.15693027707251683
2023,820501.0,2,"LAPAN, NASA",2,0.1560115808383295
2023,820502.0,2,"LAPAN, NASA",2,0.15581194684271082
2023,820503.0,3,"LAPAN, NASA",2,0.1570288284607622
2023,820504.0,2,"LAPAN, NASA",2,0.13198626683524278
2023,820505.0,2,"LAPAN, NASA",2,0.13280271667339355
2023,820506.0,2,"LAPAN, NASA",2,0.13259157096738702
2023,820507.0,2,"LAPAN, NASA",2,0.13246814037791374
2023,820508.0,2,"LAPAN, NASA",2,0.13324321294885716
2023,820511.0,2,"LAPAN, NASA",2,0.13094640195520701
2023,820513.0,2,"LAPAN, NASA",2,0.15654460760785394
2023,820514.0,3,"LAPAN, NASA",2,0.15536700042932716
2023,820515.0,3,"LAPAN, NASA",2,0.1574626769521275
2023,820517.0,2,"LAPAN, NASA",2,0.08839199755739587
2023,820518.0,2,"LAPAN, NASA",2,0.08812501066019165
2023,820523.0,2,"LAPAN, NASA",2,0.13452511876240686
2023,820524.0,2,"LAPAN, NASA",2,0.1534289041507975
2023,820525.0,2,"LAPAN, NASA",2,0.13302556517474498
2023,820527.0,2,"LAPAN, NASA",2,0.08825818252331052
2023,820529.0,2,"LAPAN, NASA",2,0.13220383914690506
2023,821086.0,2,"LAPAN, NASA",2,0.0726233777388775
2023,821091.0,2,"LAPAN, NASA",2,0.06995697190367092
2023,821092.0,2,"LAPAN, NASA",2,0.0705885461035557
2023,821093.0,2,"LAPAN, NASA",2,0.06862458638744968
2023,821094.0,2,"LAPAN, NASA",2,0.06997693033322352
2023,821095.0,2,"LAPAN, NASA",2,0.0717594657835739
2023,821096.0,2,"LAPAN, NASA",2,0.0704055762613809
2023,821097.0,2,"LAPAN, NASA",2,0.07144821867495035
2023,821112.0,2,"LAPAN, NASA",2,0.08403622212275698
2023,821120.0,2,"LAPAN, NASA",2,0.05787286201360053
2023,821126.0,2,"LAPAN, NASA",2,0.055039360977405756
2023,821127.0,2,"LAPAN, NASA",2,0.07274152843192028
2023,821128.0,2,"LAPAN, NASA",2,0.07253644873747996
2023,821129.0,2,"LAPAN, NASA",2,0.07243464645143584
2023,821131.0,2,"LAPAN, NASA",2,0.05760033696292607
2023,821133.0,2,"LAPAN, NASA",2,0.08567868251225239
2023,821135.0,2,"LAPAN, NASA",2,0.0863599175978483
2023,821136.0,2,"LAPAN, NASA",2,0.08672119860662231
2023,821137.0,2,"LAPAN, NASA",2,0.08651994389051804
2023,821138.0,2,"LAPAN, NASA",2,0.08697781694268476
2023,821139.0,2,"LAPAN, NASA",2,0.08600861806809795
2023,821140.0,2,"LAPAN, NASA",2,0.08620649628589672
2023,821141.0,2,"LAPAN, NASA",2,0.08691989923605563
2023,821142.0,2,"LAPAN, NASA",2,0.08684205975245335
2023,821143.0,2,"LAPAN, NASA",2,0.08559817124165937
2023,821144.0,2,"LAPAN, NASA",2,0.0866586714567477
2023,821147.0,2,"LAPAN, NASA",2,0.08428502990214416
2023,821148.0,2,"LAPAN, NASA",2,0.08584194433059254
2023,821149.0,2,"LAPAN, NASA",2,0.08445834368269821
2023,821150.0,2,"LAPAN, NASA",2,0.08523821090518242
2023,821151.0,2,"LAPAN, NASA",2,0.08533413728866406
2023,821152.0,2,"LAPAN, NASA",2,0.0855697710808541
2023,821624.0,2,"LAPAN, NASA",2,0.058731424948164974
2023,821625.0,2,"LAPAN, NASA",2,0.05792161750671497
2023,821627.0,2,"LAPAN, NASA",2,0.05757242578846083
2023,821629.0,2,"LAPAN, NASA",2,0.07440255992958662
2023,821630.0,2,"LAPAN, NASA",2,0.07342590187208566
2023,821631.0,3,"LAPAN, NASA",2,0.07399955674639686
2023,821632.0,2,"LAPAN, NASA",2,0.07372321258544534
2023,821633.0,2,"LAPAN, NASA",2,0.07496844117982399
2023,821634.0,2,"LAPAN, NASA",2,0.07443859088812196
2023,821635.0,2,"LAPAN, NASA",2,0.05788252322599611
2023,821637.0,2,"LAPAN, NASA",2,0.05877902660535159
2023,821638.0,2,"LAPAN, NASA",2,0.05766624835703935
2023,821639.0,2,"LAPAN, NASA",2,0.05768052972712694
2023,821640.0,2,"LAPAN, NASA",2,0.05701507390738993
2023,821641.0,2,"LAPAN, NASA",2,0.05698625671675881
2023,821912.0,2,"LAPAN, NASA",2,0.0832209051063507
2023,821959.0,2,"LAPAN, NASA",2,0.1731556310222622
2023,821960.0,2,"LAPAN, NASA",2,0.17472683322913532
2023,821971.0,2,"LAPAN, NASA",2,0.13452097523991655
2023,821975.0,2,"LAPAN, NASA",2,0.18651893780109904
2023,822510.0,2,"LAPAN, NASA",2,0.05761183923317837
2023,822705.0,2,"LAPAN, NASA",2,0.32249879099462264
2023,823134.0,2,"LAPAN, NASA",2,0.08006290218294125
2023,823135.0,2,"LAPAN, NASA",2,0.08232430435087887
2023,823136.0,2,"LAPAN, NASA",2,0.08311165257381292
2023,823137.0,2,"LAPAN, NASA",2,0.0789406457119239
2023,823157.0,2,"LAPAN, NASA",2,0.10126608531233575
2023,823160.0,2,"LAPAN, NASA",2,0.07981580602532494
2023,823165.0,2,"LAPAN, NASA",2,0.07954939818855332
2023,823166.0,2,"LAPAN, NASA",2,0.07919418736424597
2023,823322.0,2,"LAPAN, NASA",2,0.20148454354853929
2023,823557.0,2,"LAPAN, NASA",2,0.16322658674422416
2023,823559.0,2,"LAPAN, NASA",2,0.18344060785838653
2023,823560.0,3,"LAPAN, NASA",2,0.1919453833997579
2023,823563.0,2,"LAPAN, NASA",2,0.16016748984788662
2023,823567.0,2,"LAPAN, NASA",2,0.15415231917551545
2023,823699.0,2,"LAPAN, NASA",2,0.07924234828098779
2023,823705.0,2,"LAPAN, NASA",2,0.0630904854425709
2023,823706.0,2,"LAPAN, NASA",2,0.07832720083501257
2023,823713.0,2,"LAPAN, NASA",2,0.08818471994382072
2023,824020.0,3,"LAPAN, NASA",2,0.34959158077423125
2023,824173.0,2,"LAPAN, NASA",2,0.056454435476291816
2023,824174.0,2,"LAPAN, NASA",2,0.05628434049485783
2023,824175.0,2,"LAPAN, NASA",2,0.058503926803301035
2023,824176.0,2,"LAPAN, NASA",2,0.05704148492250613
2023,824187.0,2,"LAPAN, NASA",2,0.07699123494394787
2023,824559.0,2,"LAPAN, NASA",2,0.13211613236216063
2023,824815.0,2,"LAPAN, NASA",2,0.29191676193312266
2023,825405.0,2,"LAPAN, NASA",2,0.059624229909278854
2023,825448.0,2,"LAPAN, NASA",2,0.07366937626350291
2023,825517.0,2,"LAPAN, NASA",2,0.2166895034506736
2023,827073.0,2,"LAPAN, NASA",2,0.08018325229272143
2023,827074.0,2,"LAPAN, NASA",2,0.079423611052515
2023,827128.0,2,"LAPAN, NASA",2,0.1237973992004957
2023,827129.0,2,"LAPAN, NASA",2,0.12384624647503688
2023,827130.0,2,"LAPAN, NASA",2,0.1245181076541229
2023,827131.0,2,"LAPAN, NASA",2,0.16151288616224915
2023,827133.0,2,"LAPAN, NASA",2,0.1574445514909173
2023,828032.0,3,"LAPAN, NASA",2,0.07061624266037587
2023,828033.0,3,"LAPAN, NASA",2,0.07071662926176009
2023,828131.0,2,"LAPAN, NASA",2,0.20859488362783618
2023,828132.0,2,"LAPAN, NASA",2,0.20526866155284232
2023,828507.0,2,"LAPAN, NASA",2,0.08585308581602
2023,829391.0,2,"LAPAN, NASA",2,0.07567161460047092
2023,829536.0,2,"LAPAN, NASA",2,0.07572553551436455
2023,829537.0,2,"LAPAN, NASA",2,0.07494047564484842
2023,829632.0,2,"LAPAN, NASA",2,0.13188506263674463
2023,830093.0,2,"LAPAN, NASA",2,0.07003518578105604
2023,830240.0,2,"LAPAN, NASA",2,0.050713242547014675
2023,830241.0,2,"LAPAN, NASA",2,0.06937472706012313
2023,830534.0,2,"LAPAN, NASA",2,0.054113179729763185
2023,1270402.0,2,"LAPAN, NASA",2,0.05340385243875949
2023,1271260.0,2,"LAPAN, NASA",2,0.10577682345848981
2023,1271350.0,2,"LAPAN, NASA",2,0.11973734314169883
2023,1271413.0,2,"LAPAN, NASA",2,0.12905890081391877
2023,1271415.0,3,"LAPAN, NASA",2,0.23737100525493576
2023,1271594.0,2,"LAPAN, NASA",2,0.0840470483151572
2023,1271793.0,2,"LAPAN, NASA",2,0.05156695934884226
2023,1271993.0,2,"LAPAN, NASA",2,0.11754901355857365
2023,1272067.0,2,"LAPAN, NASA",2,0.08394772501608898
2023,1272069.0,2,"LAPAN, NASA",2,0.08347956278183659
2023,1272070.0,2,"LAPAN, NASA",2,0.09078939326467851
2023,1272146.0,3,"LAPAN, NASA",2,0.16656258846811303
2023,1272147.0,3,"LAPAN, NASA",2,0.16776092704335877
2023,1272148.0,3,"LAPAN, NASA",2,0.17011439678306672
2023,1272515.0,2,"LAPAN, NASA",2,0.08243227441085373
2023,1272518.0,2,"LAPAN, NASA",2,0.08181170077261074
2023,1272962.0,2,"LAPAN, NASA",2,0.07623333800248026
2023,1272972.0,2,"LAPAN, NASA",2,0.08109496962304959
2023,1272973.0,2,"LAPAN, NASA",2,0.058907844647193355
2023,1272974.0,2,"LAPAN, NASA",2,0.05816112412481928
2023,1272975.0,2,"LAPAN, NASA",2,0.08033112352096833
2023,1272976.0,2,"LAPAN, NASA",2,0.0806328858873486
2023,1272977.0,2,"LAPAN, NASA",2,0.08143990938270346
2023,1272978.0,2,"LAPAN, NASA",2,0.08156303819649979
2023,1273134.0,2,"LAPAN, NASA",2,0.08397680125524319
2023,1273135.0,2,"LAPAN, NASA",2,0.08420459542543968
2023,1273535.0,2,"LAPAN, NASA",2,0.08762606131523169
2023,1273536.0,2,"LAPAN, NASA",2,0.08811684267684075
2023,1273537.0,2,"LAPAN, NASA",2,0.08802065950720812
2023,1273976.0,2,"LAPAN, NASA",2,0.08601410568379154
2023,1273977.0,2,"LAPAN, NASA",2,0.0846285570044616
2023,1274019.0,2,"LAPAN, NASA",2,0.09476413252374223
2023,1274020.0,2,"LAPAN, NASA",2,0.09531667688076725
2023,1274022.0,2,"LAPAN, NASA",2,0.1276835916453429
2023,1274325.0,2,"LAPAN, NASA",2,0.08479444132584081
2023,1274756.0,2,"LAPAN, NASA",2,0.07370610441630379
2023,1274757.0,2,"LAPAN, NASA",2,0.07417509907436898
2023,1274761.0,2,"LAPAN, NASA",2,0.08959347153985854
2023,1274963.0,3,"LAPAN, NASA",2,0.06333824744610937
2023,1274967.0,2,"LAPAN, NASA",2,0.06459739876908262
2023,1275377.0,2,"LAPAN, NASA",2,0.1197682058519494
2023,1275613.0,2,"LAPAN, NASA",2,0.12457491382572325
2023,1275614.0,2,"LAPAN, NASA",2,0.07851978150743627
2023,1276036.0,2,"LAPAN, NASA",2,0.06375766469118492
2023,1276037.0,2,"LAPAN, NASA",2,0.06587029391059451
2023,1276038.0,2,"LAPAN, NASA",2,0.09850900172244208
2023,1276039.0,2,"LAPAN, NASA",2,0.09713128454811862
2023,1276282.0,2,"LAPAN, NASA",2,0.07988771233147816
2023,1276283.0,2,"LAPAN, NASA",2,0.0786780853279699
2023,1276284.0,2,"LAPAN, NASA",2,0.05961881447233892
2023,1276334.0,3,"LAPAN, NASA",2,0.20774596148550664
2023,1276683.0,2,"LAPAN, NASA",2,0.06285590678995959
2023,1276692.0,2,"LAPAN, NASA",2,0.07873471583267165
2023,1277506.0,2,"LAPAN, NASA",2,0.10945472075966772
2023,1277767.0,2,"LAPAN, NASA",2,0.09357450562565721
2023,1277841.0,2,"LAPAN, NASA",2,0.1163712923631199
2023,1277844.0,2,"LAPAN, NASA",2,0.1053699269792823
2023,1277985.0,2,"LAPAN, NASA",2,0.10436971281638352
2023,1277986.0,2,"LAPAN, NASA",2,0.10457997680854997
2023,1278041.0,2,"LAPAN, NASA",2,0.07788717098636552
2023,1278151.0,2,"LAPAN, NASA",2,0.22197807515752588
2023,1278375.0,2,"LAPAN, NASA",2,0.07887982831863144
2023,1278379.0,2,"LAPAN, NASA",2,0.0785687110236688
2023,1278448.0,2,"LAPAN, NASA",2,0.056236010483517146
2023,1278449.0,2,"LAPAN, NASA",2,0.10129969079093698
2023,1278452.0,2,"LAPAN, NASA",2,0.09252287215698708
2023,1278724.0,2,"LAPAN, NASA",2,0.10402401737092971
2023,1278725.0,2,"LAPAN, NASA",2,0.07592118230504016
2023,1278733.0,2,"LAPAN, NASA",2,0.10144903504921182
2023,1279512.0,2,"LAPAN, NASA",2,0.053587929980101895
2023,1279853.0,2,"LAPAN, NASA",2,0.11240189203919006
2023,1279855.0,2,"LAPAN, NASA",2,0.11200896772799268
2023,1281884.0,2,"LAPAN, NASA",2,0.07349454283116151
2023,1281885.0,2,"LAPAN, NASA",2,0.08862196667679223
2023,1282396.0,2,"LAPAN, NASA",2,0.2615065519277072
2023,1282541.0,2,"LAPAN, NASA",2,0.10785543726263014
2023,1283052.0,2,"LAPAN, NASA",2,0.10305945449858896
2023,1283053.0,2,"LAPAN, NASA",2,0.10249279092839078
2023,1283054.0,2,"LAPAN, NASA",2,0.10261694812058951
2023,1283057.0,2,"LAPAN, NASA",2,0.10160174325026858
2023,1283058.0,2,"LAPAN, NASA",2,0.10251458650333661
2023,1283063.0,2,"LAPAN, NASA",2,0.08934391454970726
2023,1283784.0,2,"LAPAN, NASA",2,0.06947255728659664
2023,1284191.0,2,"LAPAN, NASA",2,0.07731810366882211
2023,1284192.0,2,"LAPAN, NASA",2,0.07693563798711635
2023,1284193.0,2,"LAPAN, NASA",2,0.07763623845820597
2023,1284195.0,2,"LAPAN, NASA",2,0.04863130237192529
2023,1284196.0,2,"LAPAN, NASA",2,0.06397553602037752
2023,1284197.0,2,"LAPAN, NASA",2,0.08215131936640427
2023,1284329.0,2,"LAPAN, NASA",2,0.08099165260004111
2023,1284336.0,2,"LAPAN, NASA",2,0.10376054402248105
2023,1284337.0,2,"LAPAN, NASA",2,0.10368310851173292
2023,1284338.0,2,"LAPAN, NASA",2,0.07924422728203873
2023,1285164.0,2,"LAPAN, NASA",2,0.06495562681690939
2023,1285169.0,2,"LAPAN, NASA",2,0.06842474055864449
2023,1285170.0,2,"LAPAN, NASA",2,0.06908844001576427
2023,1285171.0,2,"LAPAN, NASA",2,0.06978507337726886
2023,1285174.0,2,"LAPAN, NASA",2,0.08287328253816138
2023,1285384.0,2,"LAPAN, NASA",2,0.08665108669474493
2023,1285390.0,2,"LAPAN, NASA",2,0.09875052901686081
2023,1285393.0,2,"LAPAN, NASA",2,0.07456366135893958
2023,1286501.0,2,"LAPAN, NASA",2,0.0900398966781474
2023,1286502.0,2,"LAPAN, NASA",2,0.09042397594617112
2023,1286503.0,2,"LAPAN, NASA",2,0.06654718590516565
2023,1286505.0,2,"LAPAN, NASA",2,0.07923103271178861
2023,1286907.0,2,"LAPAN, NASA",2,0.10439022114600963
2023,1286909.0,3,"LAPAN, NASA",2,0.08355078009181366
2023,1286910.0,2,"LAPAN, NASA",2,0.0772263270980946
2023,1287799.0,2,"LAPAN, NASA",2,0.19390823034573812
2023,1288005.0,2,"LAPAN, NASA",2,0.06524418027657822
2023,1288006.0,2,"LAPAN, NASA",2,0.06473306656004714
2023,1288304.0,2,"LAPAN, NASA",2,0.0753311070376081
2023,1288305.0,2,"LAPAN, NASA",2,0.07560445161359579
2023,1288313.0,2,"LAPAN, NASA",2,0.0760844306153798
2023,1288314.0,2,"LAPAN, NASA",2,0.10847345033409261
2023,1288552.0,2,"LAPAN, NASA",2,0.22941025807851614
2023,1288553.0,2,"LAPAN, NASA",2,0.23326731681777393
2023,1288886.0,2,"LAPAN, NASA",2,0.4046393201811324
2023,1288887.0,2,"LAPAN, NASA",2,0.23800823519042777
2023,1289474.0,3,"LAPAN, NASA",2,0.07270581731490365
2023,1289476.0,2,"LAPAN, NASA",2,0.07595474083793903
2023,1289477.0,2,"LAPAN, NASA",2,0.0762983526611212
2023,1290269.0,2,"LAPAN, NASA",2,0.366773427300959
2023,1290270.0,2,"LAPAN, NASA",2,0.19171425189487507
2023,1290271.0,2,"LAPAN, NASA",2,0.1910281243652717
2023,1290784.0,2,"LAPAN, NASA",2,0.0811435475037036
2023,1290876.0,2,"LAPAN, NASA",2,0.08207028414586325
2023,1290948.0,2,"LAPAN, NASA",2,0.11825750612346962
2023,1290950.0,2,"LAPAN, NASA",2,0.11120457647010325
2023,1291043.0,3,"LAPAN, NASA",2,0.2690617911443134
2023,1291044.0,2,"LAPAN, NASA",2,0.264265170880015
2023,1291048.0,2,"LAPAN, NASA",2,0.13327962574800578
2023,1291149.0,2,"LAPAN, NASA",2,0.08342703007959605
2023,1291150.0,2,"LAPAN, NASA",2,0.08285462199667143
2023,1291423.0,2,"LAPAN, NASA",2,0.0760211805357915
2023,1291424.0,2,"LAPAN, NASA",2,0.07536621908998246
2023,1291640.0,2,"LAPAN, NASA",2,0.2021895847406689
2023,1291641.0,2,"LAPAN, NASA",2,0.2016588605058948
2023,1292195.0,2,"LAPAN, NASA",2,0.0901863729937813
2023,1292200.0,2,"LAPAN, NASA",2,0.11290100014883904
2023,1292210.0,2,"LAPAN, NASA",2,0.061127908592146896
2023,1292212.0,3,"LAPAN, NASA",2,0.08255314675137347
2023,1292213.0,2,"LAPAN, NASA",2,0.08643541888025322
2023,1292920.0,2,"LAPAN, NASA",2,0.08370383159993573
2023,1292960.0,2,"LAPAN, NASA",2,0.07287236899004836
2023,1294052.0,2,"LAPAN, NASA",2,0.09225004204898907
2023,1298206.0,2,"LAPAN, NASA",2,0.18854402220794628
2023,1298207.0,2,"LAPAN, NASA",2,0.09415792795028592
2023,1298208.0,2,"LAPAN, NASA",2,0.09579463078136194
2023,1299330.0,2,"LAPAN, NASA",2,0.05923536950887143
2023,1299335.0,2,"LAPAN, NASA",2,0.08458238057681214
2023,1299351.0,2,"LAPAN, NASA",2,0.05938685913985565
2023,1301242.0,2,"LAPAN, NASA",2,0.0921945875457644
2023,1301246.0,2,"LAPAN, NASA",2,0.07126218519636313
2023,1301247.0,2,"LAPAN, NASA",2,0.06981914125426157
2023,1301248.0,2,"LAPAN, NASA",2,0.06934831461084197
2023,1303015.0,2,"LAPAN, NASA",2,0.06860046896221135
2023,1303033.0,2,"LAPAN, NASA",2,0.08800183989826021
2023,1303049.0,2,"LAPAN, NASA",2,0.11699087226867859
2023,1304110.0,2,"LAPAN, NASA",2,0.18715959690080747
2023,1304111.0,2,"LAPAN, NASA",2,0.3509424155279688
2023,1304513.0,2,"LAPAN, NASA",2,0.08756692801074241
2023,1308214.0,2,"LAPAN, NASA",2,0.12843079898973067
2023,1308215.0,2,"LAPAN, NASA",2,0.12667112593648372
2023,1308216.0,2,"LAPAN, NASA",2,0.10508815338008357
2023,1308217.0,2,"LAPAN, NASA",2,0.10359999671155116
2023,1308932.0,2,"LAPAN, NASA",2,0.15742774556995742
2023,1309222.0,2,"LAPAN, NASA",2,0.12084984303874811
2023,1309501.0,2,"LAPAN, NASA",2,0.1889400173897279
2023,1309948.0,2,"LAPAN, NASA",2,0.08672055761229402
2023,1310020.0,2,"LAPAN, NASA",2,0.07323303666875977
2023,1310614.0,2,"LAPAN, NASA",2,0.058607979056261104
2023,1312410.0,2,"LAPAN, NASA",2,0.17547420399236244
2023,1313708.0,2,"LAPAN, NASA",2,0.05959166655893311
2023,1313709.0,2,"LAPAN, NASA",2,0.06191882894190901
2023,1313710.0,2,"LAPAN, NASA",2,0.07580629556873478
2023,1313711.0,2,"LAPAN, NASA",2,0.07659701382356292
2023,1314867.0,2,"LAPAN, NASA",2,0.0882571484712735
2023,1314890.0,2,"LAPAN, NASA",2,0.08293407717798473
2023,1314891.0,2,"LAPAN, NASA",2,0.11314880608210112
2023,1314892.0,2,"LAPAN, NASA",2,0.10596017667250202
2023,1314893.0,2,"LAPAN, NASA",2,0.11183618219430277
2023,1314894.0,2,"LAPAN, NASA",2,0.11152840041425556
2023,1314898.0,2,"LAPAN, NASA",2,0.07239505525173037
2023,1315842.0,2,"LAPAN, NASA",2,0.16362403486464416
2023,1315947.0,2,"LAPAN, NASA",2,0.18854892078297394
2023,1315950.0,2,"LAPAN, NASA",2,0.11779702159466707
2023,1315951.0,2,"LAPAN, NASA",2,0.11848683790332996
2023,1315952.0,2,"LAPAN, NASA",2,0.11998337020286817
2023,1316037.0,2,"LAPAN, NASA",2,0.1503407759583848
2023,1316619.0,2,"LAPAN, NASA",2,0.09418385549286704
2023,1316632.0,2,"LAPAN, NASA",2,0.07167277813882957
2023,1316633.0,2,"LAPAN, NASA",2,0.0710783067923439
2023,1316649.0,2,"LAPAN, NASA",2,0.087332099974282
2023,1316752.0,2,"LAPAN, NASA",2,0.11112651989473508
2023,1316968.0,3,"LAPAN, NASA",2,0.23873793200785012
2023,1316989.0,2,"LAPAN, NASA",2,0.3417959688308117
2023,1316991.0,2,"LAPAN, NASA",2,0.18389374761973967
2023,1320057.0,2,"LAPAN, NASA",2,0.11699718309297576
2023,1320058.0,2,"LAPAN, NASA",2,0.11583422164975236
2023,1320063.0,2,"LAPAN, NASA",2,0.08573443406262517
2023,1321561.0,2,"LAPAN, NASA",2,0.06166275721707014
2023,1324123.0,2,"LAPAN, NASA",2,0.2809879630855585
2023,1324733.0,2,"LAPAN, NASA",2,0.08375041591352982
2023,1324734.0,2,"LAPAN, NASA",2,0.08271413081723476
2023,1324741.0,2,"LAPAN, NASA",2,0.06543541393111615
2023,1324986.0,2,"LAPAN, NASA",2,0.09590357105469326
2023,1327009.0,2,"LAPAN, NASA",2,0.09810606188820095
2023,1327010.0,2,"LAPAN, NASA",2,0.08616524490774109
2023,1327011.0,2,"LAPAN, NASA",2,0.08633807138009852
2023,1327012.0,2,"LAPAN, NASA",2,0.08749952981271615
2023,1327013.0,2,"LAPAN, NASA",2,0.0875843264743048
2023,1331727.0,2,"LAPAN, NASA",2,0.24516112713325938
2023,1331729.0,2,"LAPAN, NASA",2,0.24242115095943575
2023,1331896.0,2,"LAPAN, NASA",2,0.14138233111048173
2023,1331897.0,3,"LAPAN, NASA",2,0.1401233470213038
2023,1334043.0,2,"LAPAN, NASA",2,0.10242350027770844
2023,1334253.0,2,"LAPAN, NASA",2,0.057479035554625156
2023,1334255.0,2,"LAPAN, NASA",2,0.09104507199036953
2023,1334256.0,2,"LAPAN, NASA",2,0.09027125137236884
2023,1334257.0,2,"LAPAN, NASA",2,0.07546866613269361
2023,1334258.0,2,"LAPAN, NASA",2,0.07304631708401423
2023,1334262.0,2,"LAPAN, NASA",2,0.05728844115619868
2023,1334280.0,2,"LAPAN, NASA",2,0.057755097402974485
2023,1334281.0,2,"LAPAN, NASA",2,0.05695120490972678
2023,1336690.0,2,"LAPAN, NASA",2,0.10880133029611778
2023,1337631.0,2,"LAPAN, NASA",2,0.09449332970139483
2023,1343698.0,2,"LAPAN, NASA",2,0.07194285208126594
2023,1343715.0,2,"LAPAN, NASA",2,0.06819533395734999
2023,1343716.0,2,"LAPAN, NASA",2,0.06957357924640276
2023,1350158.0,2,"LAPAN, NASA",2,0.1695990136665772
2023,1350159.0,2,"LAPAN, NASA",2,0.1709620376506573
2023,1350624.0,2,"LAPAN, NASA",2,0.13466341957546896
2023,1350625.0,2,"LAPAN, NASA",2,0.13569112245934828
2023,1353279.0,2,"LAPAN, NASA",2,0.09449365721980896
2023,1353282.0,2,"LAPAN, NASA",2,0.09481043655896175
2023,1353306.0,2,"LAPAN, NASA",2,0.08508554544141901
2023,1353512.0,2,"LAPAN, NASA",2,0.07263633665769044
2023,1353536.0,2,"LAPAN, NASA",2,0.1038221198233388
2023,1353537.0,2,"LAPAN, NASA",2,0.10287994154401205
2023,1353539.0,2,"LAPAN, NASA",2,0.07309002480783237
2023,1358225.0,2,"LAPAN, NASA",2,0.07516457028046072
2023,1358226.0,2,"LAPAN, NASA",2,0.07605776179362021
2023,1358234.0,2,"LAPAN, NASA",2,0.06854830664736346
2023,1358409.0,2,"LAPAN, NASA",2,0.09755880462452106
2023,1358410.0,2,"LAPAN, NASA",2,0.06765274438849839
2023,1359419.0,2,"LAPAN, NASA",2,0.11173129824409554
2023,1359823.0,2,"LAPAN, NASA",2,0.20294361299555752
2023,1360251.0,2,"LAPAN, NASA",2,0.07402175588704125
2023,1360513.0,2,"LAPAN, NASA",2,0.0725350677617527
2023,1360514.0,2,"LAPAN, NASA",2,0.07232326570300882
2023,1360549.0,2,"LAPAN, NASA",2,0.087074109503649
2023,1360554.0,2,"LAPAN, NASA",2,0.07807249318327904
2023,1360555.0,2,"LAPAN, NASA",2,0.07735666892466171
2023,1360556.0,2,"LAPAN, NASA",2,0.07705513186516363
2023,1360557.0,2,"LAPAN, NASA",2,0.07796112693617059
2023,1360558.0,2,"LAPAN, NASA",2,0.07754029031410146
2023,1360615.0,2,"LAPAN, NASA",2,0.07369216322240302
2023,1362573.0,2,"LAPAN, NASA",2,0.07163070699672848
2023,1362691.0,2,"LAPAN, NASA",2,0.06792346415804987
2023,1362692.0,2,"LAPAN, NASA",2,0.06775002770304374
2023,1362772.0,2,"LAPAN, NASA",2,0.10653173753590671
2023,1362773.0,2,"LAPAN, NASA",2,0.10583910234703739
2023,1362774.0,2,"LAPAN, NASA",2,0.10699490957231643
2023,1362775.0,2,"LAPAN, NASA",2,0.1064572752316217
2023,1363543.0,2,"LAPAN, NASA",2,0.13770214312456297
2023,1364363.0,2,"LAPAN, NASA",2,0.06957402158358426
2023,1365628.0,2,"LAPAN, NASA",2,0.10633006684105539
2023,1366604.0,3,"LAPAN, NASA",2,0.1716093693567355
2023,1366752.0,2,"LAPAN, NASA",2,0.0810600824676752
2023,1366757.0,2,"LAPAN, NASA",2,0.0593693157383903
2023,1367299.0,2,"LAPAN, NASA",2,0.23558287398598446
2023,1368095.0,2,"LAPAN, NASA",2,0.15054889593479373
2023,1368354.0,2,"LAPAN, NASA",2,0.07551087387865162
2023,1368355.0,2,"LAPAN, NASA",2,0.07497988284256372
2023,1368356.0,2,"LAPAN, NASA",2,0.07529057818002913
2023,1368357.0,2,"LAPAN, NASA",2,0.0758636790488085
2023,1369003.0,2,"LAPAN, NASA",2,0.10853444639680408
2023,1369018.0,2,"LAPAN, NASA",2,0.16632187171021431
2023,1369019.0,2,"LAPAN, NASA",2,0.16635300609155265
2023,1369022.0,2,"LAPAN, NASA",2,0.16549384207432524
2023,1369133.0,2,"LAPAN, NASA",2,0.15012272212807914
2023,1369233.0,2,"LAPAN, NASA",2,0.1287641011542213
2023,1369234.0,2,"LAPAN, NASA",2,0.12801476320349855
2023,1369235.0,2,"LAPAN, NASA",2,0.12854741543037718
2023,1369248.0,2,"LAPAN, NASA",2,0.1713231326105113
2023,1369420.0,2,"LAPAN, NASA",2,0.10371388246467274
2023,1369463.0,2,"LAPAN, NASA",2,0.10004535321465953
2023,1370384.0,2,"LAPAN, NASA",2,0.09791030746030124
2023,1370385.0,2,"LAPAN, NASA",2,0.09621907786638056
2023,1370389.0,2,"LAPAN, NASA",2,0.07300515011048576
2023,1370532.0,2,"LAPAN, NASA",2,0.08138698994652756
2023,1370537.0,2,"LAPAN, NASA",2,0.07144962482730696
2023,1371630.0,2,"LAPAN, NASA",2,0.07657322589397433
2023,1371631.0,2,"LAPAN, NASA",2,0.07580271566276772
2023,1371642.0,2,"LAPAN, NASA",2,0.08596701440918786
2023,1371643.0,2,"LAPAN, NASA",2,0.08501754223000406
2023,1371645.0,2,"LAPAN, NASA",2,0.08662411245887772
2023,1371836.0,2,"LAPAN, NASA",2,0.08781892450416943
2023,1372229.0,2,"LAPAN, NASA",2,0.0726012721975449
2023,1372292.0,2,"LAPAN, NASA",2,0.08999866937318535
2023,1373151.0,2,"LAPAN, NASA",2,0.10768476223827823
2023,1373153.0,2,"LAPAN, NASA",2,0.10763230848371948
2023,1373154.0,2,"LAPAN, NASA",2,0.1075832262483821
2023,1373223.0,3,"LAPAN, NASA",2,0.1426751495143805
2023,1373778.0,2,"LAPAN, NASA",2,0.0886430058010425
2023,1373780.0,2,"LAPAN, NASA",2,0.09391220888738586
2023,1373835.0,2,"LAPAN, NASA",2,0.0761406651133249
2023,1373945.0,2,"LAPAN, NASA",2,0.08640155380998873
2023,1374804.0,2,"LAPAN, NASA",2,0.19702316478175222
2023,1374805.0,2,"LAPAN, NASA",2,0.1965510149518331
2023,1374806.0,2,"LAPAN, NASA",2,0.1969396620660916
2023,1374829.0,2,"LAPAN, NASA",2,0.15477148004094718
2023,1374878.0,2,"LAPAN, NASA",2,0.25639731346106515
2023,1374904.0,2,"LAPAN, NASA",2,0.21362950615693027
2023,1374914.0,2,"LAPAN, NASA",2,0.15178801012556142
2023,1374915.0,2,"LAPAN, NASA",2,0.1442061604259009
2023,1374959.0,2,"LAPAN, NASA",2,0.1999805418745071
2023,1374962.0,2,"LAPAN, NASA",2,0.2779459886770334
2023,1374981.0,2,"LAPAN, NASA",2,0.14395176126075335
2023,1375012.0,2,"LAPAN, NASA",2,0.21384969111965868
2023,1375014.0,2,"LAPAN, NASA",2,0.21039778160190648
2023,1375349.0,2,"LAPAN, NASA",2,0.06880790356242386
2023,1375350.0,2,"LAPAN, NASA",2,0.06944133926335086
2023,1375351.0,2,"LAPAN, NASA",2,0.06882095050049654
2023,1375352.0,2,"LAPAN, NASA",2,0.06886092297560387
2023,1375356.0,2,"LAPAN, NASA",2,0.08374568290492697
2023,1375357.0,2,"LAPAN, NASA",2,0.06375831863227072
2023,1375360.0,2,"LAPAN, NASA",2,0.09166540908183954
2023,1375362.0,2,"LAPAN, NASA",2,0.09236579237169006
2023,1375553.0,2,"LAPAN, NASA",2,0.08101041807921662
2023,1375571.0,2,"LAPAN, NASA",2,0.05385501491722371
2023,1375575.0,2,"LAPAN, NASA",2,0.07748577999715628
2023,1375626.0,2,"LAPAN, NASA",2,0.09299650269162432
2023,1375651.0,2,"LAPAN, NASA",2,0.07378494906371796
2023,1375652.0,2,"LAPAN, NASA",2,0.07354079245060559
2023,1375653.0,2,"LAPAN, NASA",2,0.07339094707504251
2023,1375654.0,2,"LAPAN, NASA",2,0.0933114724372272
2023,1375656.0,2,"LAPAN, NASA",2,0.0977587971726229
2023,1375667.0,2,"LAPAN, NASA",2,0.061582043258199354
2023,1375668.0,2,"LAPAN, NASA",2,0.08691375595291705
2023,1378075.0,2,"LAPAN, NASA",2,0.10052811618238812
2023,1378121.0,2,"LAPAN, NASA",2,0.06387857687757217
2023,1378125.0,2,"LAPAN, NASA",2,0.10396569526275215
2023,1378126.0,2,"LAPAN, NASA",2,0.10450275980823132
2023,1378127.0,2,"LAPAN, NASA",2,0.10418136448334285
2023,1378128.0,2,"LAPAN, NASA",2,0.10400982531456125
2023,1378129.0,2,"LAPAN, NASA",2,0.10384832201653203
2023,1378131.0,2,"LAPAN, NASA",2,0.10392535777656502
2023,1378132.0,2,"LAPAN, NASA",2,0.10356582242678075
2023,1378133.0,2,"LAPAN, NASA",2,0.10219660029938943
2023,1378134.0,2,"LAPAN, NASA",2,0.10309003372830122
2023,1378135.0,2,"LAPAN, NASA",2,0.10295068584976994
2023,1378136.0,2,"LAPAN, NASA",2,0.10447342621630906
2023,1378137.0,2,"LAPAN, NASA",2,0.10319094288427082
2023,1378138.0,2,"LAPAN, NASA",2,0.1046700363763366
2023,1378139.0,2,"LAPAN, NASA",2,0.1035754906719531
2023,1378140.0,2,"LAPAN, NASA",2,0.10345896901267877
2023,1378141.0,2,"LAPAN, NASA",2,0.10343162365240993
2023,1378197.0,2,"LAPAN, NASA",2,0.1300261623500738
2023,1378199.0,2,"LAPAN, NASA",2,0.10742128167550176
2023,1378209.0,2,"LAPAN, NASA",2,0.10484142767115874
2023,1378236.0,2,"LAPAN, NASA",2,0.10029433275700626
2023,1378237.0,2,"LAPAN, NASA",2,0.10150557274016674
2023,1378238.0,2,"LAPAN, NASA",2,0.10099428603026721
2023,1378239.0,2,"LAPAN, NASA",2,0.10038829224028718
2023,1378240.0,2,"LAPAN, NASA",2,0.10046564234385948
2023,1378241.0,2,"LAPAN, NASA",2,0.10125503816902977
2023,1378398.0,2,"LAPAN, NASA",2,0.14175220706453454
2023,1378400.0,3,"LAPAN, NASA",2,0.20460547266649104
2023,1379078.0,2,"LAPAN, NASA",2,0.08511028905219425
2023,1379079.0,2,"LAPAN, NASA",2,0.08481791059286511
2023,1379265.0,2,"LAPAN, NASA",2,0.09034716264083732
2023,1379325.0,2,"LAPAN, NASA",2,0.0868135558714954
2023,1379487.0,3,"LAPAN, NASA",2,0.251477464105863
2023,1379489.0,3,"LAPAN, NASA",2,0.25610282799748685
2023,1381864.0,2,"LAPAN, NASA",2,0.11967963678023273
2023,1381907.0,2,"LAPAN, NASA",2,0.1729932708464716
2023,1382225.0,2,"LAPAN, NASA",2,0.08368460907421435
2023,1382247.0,2,"LAPAN, NASA",2,0.08537016088394554
2023,1382264.0,2,"LAPAN, NASA",2,0.07012310932751023
2023,1382265.0,2,"LAPAN, NASA",2,0.06993878494190857
2023,1382266.0,2,"LAPAN, NASA",2,0.08177857114355215
2023,1382289.0,2,"LAPAN, NASA",2,0.08396837156106844
2023,1382290.0,2,"LAPAN, NASA",2,0.08424323023276012
2023,1382291.0,2,"LAPAN, NASA",2,0.0850131894306358
2023,1382292.0,2,"LAPAN, NASA",2,0.08444775331617138
2023,1382293.0,2,"LAPAN, NASA",2,0.0836412241465252
2023,1382294.0,2,"LAPAN, NASA",2,0.08471448549497752
2023,1384210.0,2,"LAPAN, NASA",2,0.10635745927610739
2023,1384223.0,2,"LAPAN, NASA",2,0.14046308080481734
2023,1384224.0,2,"LAPAN, NASA",2,0.14065253675272849
2023,1384322.0,2,"LAPAN, NASA",2,0.08631744468049315
2023,1384324.0,2,"LAPAN, NASA",2,0.060612317087769305
2023,1386075.0,2,"LAPAN, NASA",2,0.10530696813309524
2023,1386088.0,3,"LAPAN, NASA",2,0.11386227060877059
2023,1386137.0,2,"LAPAN, NASA",2,0.09310709304677714
2023,1386391.0,2,"LAPAN, NASA",2,0.11644362617385232
2023,1386441.0,2,"LAPAN, NASA",2,0.1132859076061631
2023,1386444.0,2,"LAPAN, NASA",2,0.10800442988644579
2023,1386447.0,2,"LAPAN, NASA",2,0.10906984368526015
2023,1386448.0,2,"LAPAN, NASA",2,0.10853230323198337
2023,1386449.0,2,"LAPAN, NASA",2,0.10777511318132521
2023,1386450.0,2,"LAPAN, NASA",2,0.10780323925185933
2023,1386451.0,2,"LAPAN, NASA",2,0.10702271791931783
2023,1386456.0,2,"LAPAN, NASA",2,0.10783836804227623
2023,1386477.0,2,"LAPAN, NASA",2,0.1665815637652552
2023,1386494.0,2,"LAPAN, NASA",2,0.11256909546383048
2023,1386496.0,2,"LAPAN, NASA",2,0.11218234681549215
2023,1386497.0,2,"LAPAN, NASA",2,0.11279563096483146
2023,1386498.0,2,"LAPAN, NASA",2,0.11236761862049048
2023,1386499.0,2,"LAPAN, NASA",2,0.11299500008994869
2023,1386500.0,2,"LAPAN, NASA",2,0.11196924699781602
2023,1386501.0,2,"LAPAN, NASA",2,0.11256857564096447
2023,1386502.0,2,"LAPAN, NASA",2,0.11214691972172044
2023,1386503.0,2,"LAPAN, NASA",2,0.1115873537935539
2023,1386504.0,2,"LAPAN, NASA",2,0.11220914606622051
2023,1386505.0,2,"LAPAN, NASA",2,0.11171493898338347
2023,1386507.0,2,"LAPAN, NASA",2,0.11192470105255992
2023,1386508.0,2,"LAPAN, NASA",2,0.11061198918924442
2023,1386509.0,2,"LAPAN, NASA",2,0.11106804276937973
2023,1386510.0,2,"LAPAN, NASA",2,0.11106197551614523
2023,1386511.0,2,"LAPAN, NASA",2,0.10997628686497574
2023,1386512.0,2,"LAPAN, NASA",2,0.11130070628918136
2023,1386513.0,2,"LAPAN, NASA",2,0.11046632825356462
2023,1386898.0,2,"LAPAN, NASA",2,0.11031944474265003
2023,1386900.0,2,"LAPAN, NASA",2,0.11108742989113755
2023,1391036.0,2,"LAPAN, NASA",2,0.09302826959235182
2023,1391041.0,2,"LAPAN, NASA",2,0.0934864596101344
2023,1391120.0,2,"LAPAN, NASA",2,0.09079478693503848
2023,1391234.0,2,"LAPAN, NASA",2,0.10277637245199903
2023,1391235.0,2,"LAPAN, NASA",2,0.10381888036304583
2023,1391243.0,2,"LAPAN, NASA",2,0.10620542599831292
2023,1391244.0,2,"LAPAN, NASA",2,0.10815646939138032
2023,1391265.0,2,"LAPAN, NASA",2,0.06903055185208348
2023,1391276.0,2,"LAPAN, NASA",2,0.08642840069936553
2023,1392382.0,2,"LAPAN, NASA",2,0.11723466201408649
2023,1392396.0,3,"LAPAN, NASA",2,0.13120028079040147
2023,1394526.0,2,"LAPAN, NASA",2,0.08749383404465742
2023,1394545.0,2,"LAPAN, NASA",2,0.15777200038784014
2023,1394635.0,2,"LAPAN, NASA",2,0.11097767294835133
2023,1394636.0,2,"LAPAN, NASA",2,0.11105327573892877
2023,1394662.0,3,"LAPAN, NASA",2,0.14389596072409883
2023,1394672.0,2,"LAPAN, NASA",2,0.1470717132669565
2023,1394673.0,2,"LAPAN, NASA",2,0.14840205783489446
2023,1394675.0,2,"LAPAN, NASA",2,0.1494670601393296
2023,1394679.0,2,"LAPAN, NASA",2,0.14878671908867633
2023,1394726.0,2,"LAPAN, NASA",2,0.0907953349828882
2023,1394766.0,2,"LAPAN, NASA",2,0.12630323450925535
2023,1394767.0,2,"LAPAN, NASA",2,0.12666067312879578
2023,1394777.0,2,"LAPAN, NASA",2,0.12844251714736957
2023,1394843.0,2,"LAPAN, NASA",2,0.09534274902987833
2023,1394852.0,2,"LAPAN, NASA",2,0.09575579438132319
2023,1394853.0,2,"LAPAN, NASA",2,0.09577738666458899
2023,1394858.0,2,"LAPAN, NASA",2,0.09714041122373691
2023,1394860.0,2,"LAPAN, NASA",2,0.09691568768376038
2023,1394861.0,2,"LAPAN, NASA",2,0.09740989616736652
2023,1394863.0,2,"LAPAN, NASA",2,0.09609753429781526
2023,1394869.0,2,"LAPAN, NASA",2,0.0980085854272176
2023,1394871.0,2,"LAPAN, NASA",2,0.0987332570262634
2023,1394872.0,2,"LAPAN, NASA",2,0.09791368771125362
2023,1394873.0,2,"LAPAN, NASA",2,0.09775239298059103
2023,1394875.0,2,"LAPAN, NASA",2,0.09785729516554692
2023,1394876.0,2,"LAPAN, NASA",2,0.09825090969180997
2023,1394877.0,2,"LAPAN, NASA",2,0.09665317027835144
2023,1394878.0,2,"LAPAN, NASA",2,0.09790047299734622
2023,1394880.0,2,"LAPAN, NASA",2,0.09699755456417851
2023,1394885.0,2,"LAPAN, NASA",2,0.14894706388708118
2023,1394886.0,2,"LAPAN, NASA",2,0.1481244603738062
2023,1394887.0,2,"LAPAN, NASA",2,0.14949629006693899
2023,1394890.0,2,"LAPAN, NASA",2,0.14932137672858375
2023,1394891.0,2,"LAPAN, NASA",2,0.14998048742760353
2023,1394892.0,2,"LAPAN, NASA",2,0.15005394875642492
2023,1394947.0,2,"LAPAN, NASA",2,0.11266560662724447
2023,1394948.0,2,"LAPAN, NASA",2,0.11158219481820308
2023,1394953.0,2,"LAPAN, NASA",2,0.11149118403758075
2023,1394955.0,2,"LAPAN, NASA",2,0.111700095666675
2023,1394956.0,2,"LAPAN, NASA",2,0.11210639398745263
2023,1394959.0,2,"LAPAN, NASA",2,0.11315283352635179
2023,1394963.0,2,"LAPAN, NASA",2,0.11178747812791942
2023,1394964.0,2,"LAPAN, NASA",2,0.11186544015614996
2023,1394965.0,2,"LAPAN, NASA",2,0.11251262538185718
2023,1394968.0,2,"LAPAN, NASA",2,0.11287741834498319
2023,1394969.0,2,"LAPAN, NASA",2,0.11338136271341911
2023,1394970.0,2,"LAPAN, NASA",2,0.11181955849823005
2023,1394971.0,2,"LAPAN, NASA",2,0.1115557884466964
2023,1394972.0,2,"LAPAN, NASA",2,0.11285886939204492
2023,1394974.0,2,"LAPAN, NASA",2,0.11270550713977287
2023,1394976.0,2,"LAPAN, NASA",2,0.11243556696335454
2023,1394977.0,2,"LAPAN, NASA",2,0.11254568223913441
2023,1394978.0,2,"LAPAN, NASA",2,0.11208004118295907
2023,1394989.0,2,"LAPAN, NASA",2,0.14847303205865142
2023,1394990.0,2,"LAPAN, NASA",2,0.15021216493723735
2023,1394991.0,2,"LAPAN, NASA",2,0.14984675013952706
2023,1394992.0,2,"LAPAN, NASA",2,0.15017627319134863
2023,1394993.0,2,"LAPAN, NASA",2,0.14972468114610923
2023,1394994.0,2,"LAPAN, NASA",2,0.14880725175194345
2023,1395606.0,2,"LAPAN, NASA",2,0.15748241192906323
2023,1396054.0,2,"LAPAN, NASA",2,0.09581164972880066
2023,1396058.0,2,"LAPAN, NASA",2,0.0961483264842994
2023,1396060.0,2,"LAPAN, NASA",2,0.09548451596812264
2023,1396073.0,2,"LAPAN, NASA",2,0.0772042635314689
2023,1396074.0,2,"LAPAN, NASA",2,0.07786832177576317
2023,1396075.0,2,"LAPAN, NASA",2,0.07856486187627489
2023,1396089.0,2,"LAPAN, NASA",2,0.07503307682774264
2023,1396165.0,2,"LAPAN, NASA",2,0.07356253934382762
2023,1396166.0,2,"LAPAN, NASA",2,0.07290422233587544
2023,1396167.0,2,"LAPAN, NASA",2,0.07481972024087229
2023,1396201.0,2,"LAPAN, NASA",2,0.05589528719336077
2023,1396383.0,2,"LAPAN, NASA",2,0.08116249718930019
2023,1396388.0,2,"LAPAN, NASA",2,0.07091445792844957
2023,1396389.0,2,"LAPAN, NASA",2,0.06930508678179051
2023,1396392.0,2,"LAPAN, NASA",2,0.08068253529111946
2023,1396404.0,2,"LAPAN, NASA",2,0.08659473907079325
2023,1396405.0,2,"LAPAN, NASA",2,0.08573139858757384
2023,1396406.0,2,"LAPAN, NASA",2,0.08688459430850397
2023,1396407.0,2,"LAPAN, NASA",2,0.08612905668745192
2023,1396408.0,2,"LAPAN, NASA",2,0.08602293990258193
2023,1396409.0,2,"LAPAN, NASA",2,0.08712105964994114
2023,1396410.0,2,"LAPAN, NASA",2,0.0872836055667019
2023,1396411.0,2,"LAPAN, NASA",2,0.0857182321004107
2023,1396412.0,2,"LAPAN, NASA",2,0.08613275841386704
2023,1396413.0,2,"LAPAN, NASA",2,0.08833761490922654
2023,1396414.0,2,"LAPAN, NASA",2,0.0859423449137751
2023,1396415.0,2,"LAPAN, NASA",2,0.08733414597990823
2023,1396416.0,2,"LAPAN, NASA",2,0.08763907074382134
2023,1396452.0,2,"LAPAN, NASA",2,0.09124361069484513
2023,1396453.0,2,"LAPAN, NASA",2,0.09098188426303654
2023,1397760.0,3,"LAPAN, NASA",2,0.18222199588610408
2023,1397761.0,2,"LAPAN, NASA",2,0.18160595892095777
2023,1397778.0,2,"LAPAN, NASA",2,0.26062851393396014
2023,1397894.0,3,"LAPAN, NASA",2,0.1485356425614679
2023,1397895.0,3,"LAPAN, NASA",2,0.1472497609920107
2023,1397909.0,2,"LAPAN, NASA",2,0.250179517155279
2023,1403972.0,2,"LAPAN, NASA",2,0.11252781780657095
2023,1403974.0,2,"LAPAN, NASA",2,0.11410644995494076
2023,1403975.0,2,"LAPAN, NASA",2,0.11156507401790662
2023,1404056.0,2,"LAPAN, NASA",2,0.11533340631524948
2023,1404057.0,2,"LAPAN, NASA",2,0.11570611253413755
2023,1404061.0,2,"LAPAN, NASA",2,0.11509267742416122
2023,1404062.0,2,"LAPAN, NASA",2,0.11600377703605969
2023,1404063.0,2,"LAPAN, NASA",2,0.11483067303703205
2023,1404113.0,2,"LAPAN, NASA",2,0.1706406313684066
2023,1404116.0,2,"LAPAN, NASA",2,0.10860316284754572
2023,1404201.0,2,"LAPAN, NASA",2,0.17735396789583827
2023,1404204.0,3,"LAPAN, NASA",2,0.17727180957108857
2023,1404205.0,3,"LAPAN, NASA",2,0.1779491970674022
2023,1404212.0,2,"LAPAN, NASA",2,0.17934362836250076
2023,1404216.0,2,"LAPAN, NASA",2,0.17832337380369928
2023,1404229.0,2,"LAPAN, NASA",2,0.10152111306827495
2023,1404230.0,2,"LAPAN, NASA",2,0.10176179907825382
2023,1404235.0,2,"LAPAN, NASA",2,0.1027372911406648
2023,1404240.0,2,"LAPAN, NASA",2,0.1009527172745683
2023,1404241.0,2,"LAPAN, NASA",2,0.10167554491060689
2023,1404246.0,2,"LAPAN, NASA",2,0.10351909107801284
2023,1404247.0,2,"LAPAN, NASA",2,0.10191995053117194
2023,1404248.0,2,"LAPAN, NASA",2,0.10263345185644486
2023,1404249.0,2,"LAPAN, NASA",2,0.10278144801895316
2023,1404254.0,2,"LAPAN, NASA",2,0.10312307415626462
2023,1404255.0,2,"LAPAN, NASA",2,0.10286001038690389
2023,1404259.0,2,"LAPAN, NASA",2,0.10290993410135091
2023,1404260.0,2,"LAPAN, NASA",2,0.10373178856300735
2023,1404266.0,2,"LAPAN, NASA",2,0.10298075840072436
2023,1404267.0,2,"LAPAN, NASA",2,0.1037884270999921
2023,1404268.0,2,"LAPAN, NASA",2,0.10290988115170972
2023,1404269.0,2,"LAPAN, NASA",2,0.10370772100260099
2023,1404276.0,2,"LAPAN, NASA",2,0.10300543680702151
2023,1404277.0,2,"LAPAN, NASA",2,0.10312919886028173
2023,1404278.0,2,"LAPAN, NASA",2,0.10305347820169611
2023,1404279.0,2,"LAPAN, NASA",2,0.10325647771002726
2023,1404284.0,2,"LAPAN, NASA",2,0.10329420188956373
2023,1404285.0,2,"LAPAN, NASA",2,0.10258178794439679
2023,1404290.0,2,"LAPAN, NASA",2,0.10414465902318311
2023,1404293.0,2,"LAPAN, NASA",2,0.10315934064056871
2023,1404363.0,2,"LAPAN, NASA",2,0.16837385805127222
2023,1404364.0,2,"LAPAN, NASA",2,0.16902883916831798
2023,1404409.0,2,"LAPAN, NASA",2,0.16383176133984226
2023,1404416.0,2,"LAPAN, NASA",2,0.16303122801140923
2023,1404421.0,2,"LAPAN, NASA",2,0.12595798536374456
2023,1404434.0,3,"LAPAN, NASA",2,0.10831323316003519
2023,1404443.0,2,"LAPAN, NASA",2,0.10888638808316264
2023,1404447.0,3,"LAPAN, NASA",2,0.10945997372695553
2023,1404448.0,3,"LAPAN, NASA",2,0.1080057760541823
2023,1404449.0,3,"LAPAN, NASA",2,0.10987052179868298
2023,1404450.0,3,"LAPAN, NASA",2,0.1093765849148286
2023,1404451.0,2,"LAPAN, NASA",2,0.10929897508874453
2023,1404454.0,2,"LAPAN, NASA",2,0.10951505189423145
2023,1404455.0,2,"LAPAN, NASA",2,0.10914070350483648
2023,1404456.0,2,"LAPAN, NASA",2,0.10918502817744632
2023,1404457.0,2,"LAPAN, NASA",2,0.1080399692029473
2023,1404458.0,2,"LAPAN, NASA",2,0.10849530141407401
2023,1404459.0,2,"LAPAN, NASA",2,0.10923895860570605
2023,1404461.0,2,"LAPAN, NASA",2,0.10833208262657279
2023,1404462.0,2,"LAPAN, NASA",2,0.10877481608146614
2023,1404464.0,2,"LAPAN, NASA",2,0.10883912153108359
2023,1404465.0,2,"LAPAN, NASA",2,0.10960807170545428
2023,1404466.0,2,"LAPAN, NASA",2,0.10976384968689618
2023,1404468.0,2,"LAPAN, NASA",2,0.10957466913906756
2023,1404471.0,2,"LAPAN, NASA",2,0.10872656674489817
2023,1404472.0,2,"LAPAN, NASA",2,0.10944721369314561
2023,1404473.0,2,"LAPAN, NASA",2,0.1092443747345603
2023,1404474.0,2,"LAPAN, NASA",2,0.11109041860336812
2023,1404476.0,2,"LAPAN, NASA",2,0.10936371618409718
2023,1404477.0,2,"LAPAN, NASA",2,0.10958241226838304
2023,1404478.0,2,"LAPAN, NASA",2,0.10934696249524453
2023,1404479.0,2,"LAPAN, NASA",2,0.11017931542204655
2023,1404480.0,2,"LAPAN, NASA",2,0.11024584344813768
2023,1404481.0,2,"LAPAN, NASA",2,0.11114887882063108
2023,1404482.0,2,"LAPAN, NASA",2,0.11064995057517286
2023,1404483.0,2,"LAPAN, NASA",2,0.11055998414674416
2023,1404484.0,2,"LAPAN, NASA",2,0.11196595351232573
2023,1404485.0,2,"LAPAN, NASA",2,0.1117154623593057
2023,1404486.0,2,"LAPAN, NASA",2,0.11151921394314517
2023,1404494.0,2,"LAPAN, NASA",2,0.11483145706786548
2023,1404495.0,2,"LAPAN, NASA",2,0.11562479956165016
2023,1404542.0,2,"LAPAN, NASA",2,0.10208966475157856
2023,1404573.0,2,"LAPAN, NASA",2,0.10394666512989781
2023,1404662.0,2,"LAPAN, NASA",2,0.1055557780438847
2023,1404665.0,2,"LAPAN, NASA",2,0.10601146421109295
2023,1404669.0,2,"LAPAN, NASA",2,0.10579691545567015
2023,1404670.0,2,"LAPAN, NASA",2,0.10622514998841481
2023,1404671.0,2,"LAPAN, NASA",2,0.10415144186661263
2023,1404675.0,2,"LAPAN, NASA",2,0.1788855402416969
2023,1404678.0,2,"LAPAN, NASA",2,0.18027742474499492
2023,1404715.0,2,"LAPAN, NASA",2,0.12597736050542518
2023,1404716.0,2,"LAPAN, NASA",2,0.12341876865554299
2023,1404717.0,2,"LAPAN, NASA",2,0.12267628358741417
2023,1404720.0,2,"LAPAN, NASA",2,0.12592826310079216
2023,1404721.0,2,"LAPAN, NASA",2,0.11867123823147382
2023,1404755.0,2,"LAPAN, NASA",2,0.12284127714039972
2023,1404756.0,2,"LAPAN, NASA",2,0.12374226000118677
2023,1404757.0,2,"LAPAN, NASA",2,0.1249839954283819
2023,1404758.0,2,"LAPAN, NASA",2,0.1255181954184635
2023,1404759.0,2,"LAPAN, NASA",2,0.12567640937732744
2023,1404760.0,2,"LAPAN, NASA",2,0.12511567294331216
2023,1404761.0,2,"LAPAN, NASA",2,0.12482181601118099
2023,1404762.0,2,"LAPAN, NASA",2,0.08641934878910994
2023,1404763.0,2,"LAPAN, NASA",2,0.08640246298336912
2023,1404764.0,2,"LAPAN, NASA",2,0.08700603331402328
2023,1404765.0,2,"LAPAN, NASA",2,0.08699085823983047
2023,1404766.0,2,"LAPAN, NASA",2,0.0870711884423098
2023,1404777.0,2,"LAPAN, NASA",2,0.1285512300110916
2023,1404780.0,2,"LAPAN, NASA",2,0.12500879221889058
2023,1405147.0,2,"LAPAN, NASA",2,0.0909539869816928
2023,1405148.0,2,"LAPAN, NASA",2,0.09134374513258392
2023,1405540.0,2,"LAPAN, NASA",2,0.10855638256596878
2023,1405541.0,2,"LAPAN, NASA",2,0.109917823575936
2023,1405551.0,3,"LAPAN, NASA",2,0.19582593118947642
2023,1405553.0,2,"LAPAN, NASA",2,0.197123392572832
2023,1405557.0,2,"LAPAN, NASA",2,0.19612641609797113
2023,1405568.0,2,"LAPAN, NASA",2,0.20503697162659354
2023,1405622.0,2,"LAPAN, NASA",2,0.12983721452076882
2023,1405845.0,2,"LAPAN, NASA",2,0.11034400388258128
2023,1405846.0,2,"LAPAN, NASA",2,0.10852647905460565
2023,1405847.0,2,"LAPAN, NASA",2,0.1094215196081877
2023,1405848.0,2,"LAPAN, NASA",2,0.10964651340806146
2023,1405849.0,2,"LAPAN, NASA",2,0.10919951728231006
2023,1405850.0,2,"LAPAN, NASA",2,0.10721687145397056
2023,1405868.0,2,"LAPAN, NASA",2,0.10847553945161148
2023,1405869.0,2,"LAPAN, NASA",2,0.10896413241165137
2023,1405870.0,2,"LAPAN, NASA",2,0.10839020422837378
2023,1405871.0,2,"LAPAN, NASA",2,0.1098212747219751
2023,1405872.0,2,"LAPAN, NASA",2,0.10898143175842255
2023,1405873.0,2,"LAPAN, NASA",2,0.1081163196830124
2023,1405875.0,2,"LAPAN, NASA",2,0.10784750831458982
2023,1405876.0,2,"LAPAN, NASA",2,0.10903836304618579
2023,1405877.0,2,"LAPAN, NASA",2,0.10933871044148885
2023,1405878.0,2,"LAPAN, NASA",2,0.10975276523808622
2023,1405879.0,2,"LAPAN, NASA",2,0.10870227058532132
2023,1405880.0,2,"LAPAN, NASA",2,0.10954719694273651
2023,1405881.0,2,"LAPAN, NASA",2,0.10826137251521814
2023,1405882.0,2,"LAPAN, NASA",2,0.10885112545812327
2023,1405892.0,2,"LAPAN, NASA",2,0.10834590132528411
2023,1405893.0,2,"LAPAN, NASA",2,0.14260711765694428
2023,1405913.0,2,"LAPAN, NASA",2,0.14462916125152803
2023,1405917.0,2,"LAPAN, NASA",2,0.09324353354006139
2023,1405918.0,2,"LAPAN, NASA",2,0.09255899536170324
2023,1405920.0,2,"LAPAN, NASA",2,0.09298573500409069
2023,1405921.0,2,"LAPAN, NASA",2,0.09390204181409967
2023,1405972.0,2,"LAPAN, NASA",2,0.10806097811761915
2023,1406057.0,2,"LAPAN, NASA",2,0.07396073972692495
2023,1406059.0,2,"LAPAN, NASA",2,0.11739443519949619
2023,1406081.0,2,"LAPAN, NASA",2,0.08380620207558245
2023,1406087.0,2,"LAPAN, NASA",2,0.08540734819753468
2023,1406088.0,2,"LAPAN, NASA",2,0.0868397356302153
2023,1406089.0,2,"LAPAN, NASA",2,0.08681145981576291
2023,1406090.0,2,"LAPAN, NASA",2,0.08673538262073929
2023,1406091.0,2,"LAPAN, NASA",2,0.08812918573450881
2023,1406093.0,2,"LAPAN, NASA",2,0.08779098991430782
2023,1406095.0,2,"LAPAN, NASA",2,0.12284156922843405
2023,1406096.0,2,"LAPAN, NASA",2,0.12228249496485806
2023,1406140.0,2,"LAPAN, NASA",2,0.12585971448179784
2023,1406297.0,2,"LAPAN, NASA",2,0.10213588841138839
2023,1408275.0,2,"LAPAN, NASA",2,0.07591786865517629
2023,1408464.0,2,"LAPAN, NASA",2,0.07240490115153732
2023,1408468.0,2,"LAPAN, NASA",2,0.07135217841496676
2023,1408479.0,2,"LAPAN, NASA",2,0.07151362373337147
2023,1408480.0,2,"LAPAN, NASA",2,0.0702692370134657
2023,1408481.0,2,"LAPAN, NASA",2,0.07157182926673065
2023,1408487.0,2,"LAPAN, NASA",2,0.07028836237055716
2023,1408493.0,2,"LAPAN, NASA",2,0.0699814433751195
2023,1408499.0,2,"LAPAN, NASA",2,0.06868100361135057
2023,1408503.0,2,"LAPAN, NASA",2,0.06734908858724874
2023,1408504.0,2,"LAPAN, NASA",2,0.06912005624951423
2023,1408505.0,2,"LAPAN, NASA",2,0.06772100136981458
2023,1408510.0,2,"LAPAN, NASA",2,0.0672233730903597
2023,1408511.0,2,"LAPAN, NASA",2,0.06822452927687714
2023,1408512.0,2,"LAPAN, NASA",2,0.06852510170557055
2023,1408513.0,2,"LAPAN, NASA",2,0.06845293994993051
2023,1408514.0,2,"LAPAN, NASA",2,0.0669837531303758
2023,1408602.0,2,"LAPAN, NASA",2,0.09636495339696584
2023,1408603.0,2,"LAPAN, NASA",2,0.09493029721242492
2023,1408608.0,2,"LAPAN, NASA",2,0.09569633055464952
2023,1408609.0,2,"LAPAN, NASA",2,0.09499668568670165
2023,1408612.0,2,"LAPAN, NASA",2,0.09508185946665343
2023,1408617.0,2,"LAPAN, NASA",2,0.09459935980267713
2023,1408629.0,2,"LAPAN, NASA",2,0.09456317778112704
2023,1408630.0,2,"LAPAN, NASA",2,0.09655737163897533
2023,1408634.0,2,"LAPAN, NASA",2,0.09593627713733915
2023,1408635.0,2,"LAPAN, NASA",2,0.09573571058268404
2023,1408636.0,2,"LAPAN, NASA",2,0.09552632492110356
2023,1408640.0,2,"LAPAN, NASA",2,0.07333755767709689
2023,1408641.0,2,"LAPAN, NASA",2,0.07429233138202071
2023,1408642.0,2,"LAPAN, NASA",2,0.0738423389100386
2023,1408643.0,2,"LAPAN, NASA",2,0.07356916329064093
2023,1408644.0,2,"LAPAN, NASA",2,0.07371888036915707
2023,1408645.0,2,"LAPAN, NASA",2,0.07259186588661928
2023,1408646.0,2,"LAPAN, NASA",2,0.07351411985895505
2023,1408655.0,2,"LAPAN, NASA",2,0.0702896204785477
2023,1408656.0,2,"LAPAN, NASA",2,0.07055809790618117
2023,1408662.0,2,"LAPAN, NASA",2,0.07161744929303716
2023,1408663.0,2,"LAPAN, NASA",2,0.07000091637580509
2023,1408863.0,2,"LAPAN, NASA",2,0.0848017928312193
2023,1408864.0,2,"LAPAN, NASA",2,0.08311095204843356
2023,1408867.0,2,"LAPAN, NASA",2,0.08363328065233892
2023,1408868.0,2,"LAPAN, NASA",2,0.08433619002407841
2023,1408869.0,2,"LAPAN, NASA",2,0.08395536439604594
2023,1408874.0,2,"LAPAN, NASA",2,0.08326067726198512
2023,1408876.0,2,"LAPAN, NASA",2,0.0832510792033914
2023,1408877.0,2,"LAPAN, NASA",2,0.08335446404103523
2023,1408943.0,2,"LAPAN, NASA",2,0.08162634100143984
2023,1409070.0,2,"LAPAN, NASA",2,0.11347780292680268
2023,1409071.0,2,"LAPAN, NASA",2,0.1142782803436464
2023,1409072.0,2,"LAPAN, NASA",2,0.11332049389069643
2023,1409073.0,2,"LAPAN, NASA",2,0.11226514687422337
2023,1409074.0,2,"LAPAN, NASA",2,0.11098166385806829
2023,1409078.0,2,"LAPAN, NASA",2,0.11146398023125693
2023,1409082.0,2,"LAPAN, NASA",2,0.08247414071702049
2023,1409088.0,2,"LAPAN, NASA",2,0.08304474208176871
2023,1409094.0,2,"LAPAN, NASA",2,0.08272672487032696
2023,1409095.0,2,"LAPAN, NASA",2,0.08188454837769453
2023,1409096.0,2,"LAPAN, NASA",2,0.08105025437732707
2023,1409097.0,2,"LAPAN, NASA",2,0.08076288394434687
2023,1409103.0,2,"LAPAN, NASA",2,0.08085837533399803
2023,1409104.0,2,"LAPAN, NASA",2,0.08053696719769862
2023,1409105.0,2,"LAPAN, NASA",2,0.08103568468960332
2023,1409106.0,2,"LAPAN, NASA",2,0.08074109328626289
2023,1409107.0,2,"LAPAN, NASA",2,0.08121012837984914
2023,1409108.0,2,"LAPAN, NASA",2,0.08020295129642577
2023,1409109.0,2,"LAPAN, NASA",2,0.08076854643746716
2023,1409110.0,2,"LAPAN, NASA",2,0.08129840928037943
2023,1409111.0,2,"LAPAN, NASA",2,0.07927696796534706
2023,1409112.0,2,"LAPAN, NASA",2,0.08031797903299046
2023,1409113.0,2,"LAPAN, NASA",2,0.08018143997619244
2023,1409114.0,2,"LAPAN, NASA",2,0.08045163529594915
2023,1409115.0,2,"LAPAN, NASA",2,0.08098856282605697
2023,1409116.0,2,"LAPAN, NASA",2,0.08047497149787967
2023,1409117.0,2,"LAPAN, NASA",2,0.08026293154945233
2023,1409118.0,2,"LAPAN, NASA",2,0.07952649024198434
2023,1409120.0,2,"LAPAN, NASA",2,0.0816049217196543
2023,1409121.0,2,"LAPAN, NASA",2,0.08019019951166823
2023,1409122.0,2,"LAPAN, NASA",2,0.08099875724729663
2023,1409123.0,2,"LAPAN, NASA",2,0.08098562108208782
2023,1409124.0,2,"LAPAN, NASA",2,0.08060521352268778
2023,1409130.0,2,"LAPAN, NASA",2,0.07960520590799607
2023,1409131.0,2,"LAPAN, NASA",2,0.07986909302645023
2023,1409134.0,2,"LAPAN, NASA",2,0.08039858888236828
2023,1409135.0,2,"LAPAN, NASA",2,0.07959160302287224
2023,1409136.0,2,"LAPAN, NASA",2,0.07902685563030859
2023,1409141.0,2,"LAPAN, NASA",2,0.08131516533458887
2023,1409142.0,2,"LAPAN, NASA",2,0.07900668358923078
2023,1409148.0,2,"LAPAN, NASA",2,0.07958655131939249
2023,1409149.0,2,"LAPAN, NASA",2,0.07947067020535324
2023,1409150.0,2,"LAPAN, NASA",2,0.07961811665628032
2023,1409151.0,2,"LAPAN, NASA",2,0.07977662621962818
2023,1409152.0,2,"LAPAN, NASA",2,0.07831707556534027
2023,1409153.0,2,"LAPAN, NASA",2,0.08035683100052561
2023,1409158.0,2,"LAPAN, NASA",2,0.0797719034978331
2023,1409159.0,2,"LAPAN, NASA",2,0.07964315232995108
2023,1409160.0,2,"LAPAN, NASA",2,0.07991304908184806
2023,1409161.0,2,"LAPAN, NASA",2,0.07922916556956691
2023,1409162.0,2,"LAPAN, NASA",2,0.07886642214914166
2023,1409167.0,2,"LAPAN, NASA",2,0.07885403599114184
2023,1409168.0,2,"LAPAN, NASA",2,0.07922440609475331
2023,1409172.0,2,"LAPAN, NASA",2,0.07805883009294137
2023,1409173.0,2,"LAPAN, NASA",2,0.07988269954764908
2023,1409174.0,2,"LAPAN, NASA",2,0.07936443589426086
2023,1409175.0,2,"LAPAN, NASA",2,0.07765804707377472
2023,1409176.0,2,"LAPAN, NASA",2,0.07894812875553738
2023,1409177.0,2,"LAPAN, NASA",2,0.07916028372845062
2023,1409178.0,2,"LAPAN, NASA",2,0.0783896802352115
2023,1409180.0,2,"LAPAN, NASA",2,0.07770756320806649
2023,1409181.0,2,"LAPAN, NASA",2,0.07858423862940753
2023,1409183.0,2,"LAPAN, NASA",2,0.07785611182324106
2023,1409184.0,2,"LAPAN, NASA",2,0.07933462512079267
2023,1409185.0,2,"LAPAN, NASA",2,0.07842760283749445
2023,1409187.0,2,"LAPAN, NASA",2,0.0784066988369541
2023,1409188.0,2,"LAPAN, NASA",2,0.0783071886633822
2023,1409331.0,2,"LAPAN, NASA",2,0.09505812524860661
2023,1409333.0,2,"LAPAN, NASA",2,0.09423397653841163
2023,1409348.0,2,"LAPAN, NASA",2,0.09444606233082829
2023,1409349.0,2,"LAPAN, NASA",2,0.09495064975737513
2023,1409365.0,2,"LAPAN, NASA",2,0.07493625023051886
2023,1409370.0,2,"LAPAN, NASA",2,0.07445169215852489
2023,1409371.0,2,"LAPAN, NASA",2,0.07381676318910341
2023,1409373.0,2,"LAPAN, NASA",2,0.07491270236460984
2023,1409374.0,2,"LAPAN, NASA",2,0.0756394166403672
2023,1409393.0,2,"LAPAN, NASA",2,0.07376743780414957
2023,1409394.0,2,"LAPAN, NASA",2,0.07397607480662813
2023,1409395.0,2,"LAPAN, NASA",2,0.07368571594652597
2023,1409396.0,2,"LAPAN, NASA",2,0.07459188556339315
2023,1409397.0,2,"LAPAN, NASA",2,0.07375538565130445
2023,1409398.0,2,"LAPAN, NASA",2,0.07347526147034154
2023,1409399.0,2,"LAPAN, NASA",2,0.07392742369688814
2023,1409400.0,2,"LAPAN, NASA",2,0.07348352441422717
2023,1409403.0,2,"LAPAN, NASA",2,0.07383298800110163
2023,1409404.0,2,"LAPAN, NASA",2,0.07401300475522221
2023,1409405.0,2,"LAPAN, NASA",2,0.07366984491981256
2023,1409406.0,2,"LAPAN, NASA",2,0.07438990360415852
2023,1409407.0,2,"LAPAN, NASA",2,0.07365724278477125
2023,1409408.0,2,"LAPAN, NASA",2,0.07422685677219623
2023,1409409.0,2,"LAPAN, NASA",2,0.07375971512198941
2023,1409413.0,2,"LAPAN, NASA",2,0.07389962948836548
2023,1409414.0,2,"LAPAN, NASA",2,0.0732754809311205
2023,1409421.0,2,"LAPAN, NASA",2,0.07475430435603152
2023,1409422.0,2,"LAPAN, NASA",2,0.07331442089878894
2023,1409423.0,2,"LAPAN, NASA",2,0.07405538675656922
2023,1409431.0,2,"LAPAN, NASA",2,0.07299488197136592
2023,1409432.0,2,"LAPAN, NASA",2,0.0723248159304533
2023,1409443.0,2,"LAPAN, NASA",2,0.07203600518440129
2023,1409454.0,2,"LAPAN, NASA",2,0.07178038767731836
2023,1409465.0,2,"LAPAN, NASA",2,0.07190872556381359
2023,1409468.0,2,"LAPAN, NASA",2,0.07193603620467717
2023,1409489.0,2,"LAPAN, NASA",2,0.06997952884209864
2023,1409490.0,2,"LAPAN, NASA",2,0.06998296080201949
2023,1409492.0,2,"LAPAN, NASA",2,0.06927627290792177
2023,1409497.0,2,"LAPAN, NASA",2,0.06883476290953061
2023,1409602.0,2,"LAPAN, NASA",2,0.07041800950852924
2023,1409603.0,2,"LAPAN, NASA",2,0.07104852405069358
2023,1409605.0,2,"LAPAN, NASA",2,0.07017745003971942
2023,1409606.0,2,"LAPAN, NASA",2,0.0704763257910946
2023,1409609.0,2,"LAPAN, NASA",2,0.07026367968126386
2023,1409610.0,2,"LAPAN, NASA",2,0.07162495068067617
2023,1409615.0,2,"LAPAN, NASA",2,0.07168750994244856
2023,1409619.0,2,"LAPAN, NASA",2,0.09599839366110308
2023,1409625.0,2,"LAPAN, NASA",2,0.09604730584151379
2023,1409796.0,2,"LAPAN, NASA",2,0.06851589561714345
2023,1409797.0,2,"LAPAN, NASA",2,0.06696332315490978
2023,1409833.0,2,"LAPAN, NASA",2,0.06627898397769683
2023,1409847.0,2,"LAPAN, NASA",2,0.0652280762984432
2023,1409849.0,2,"LAPAN, NASA",2,0.08538329785869607
2023,1409850.0,2,"LAPAN, NASA",2,0.08713527184541577
2023,1409869.0,2,"LAPAN, NASA",2,0.08686413386966844
2023,1409871.0,2,"LAPAN, NASA",2,0.08747475344836818
2023,1409899.0,2,"LAPAN, NASA",2,0.0638009248883825
2023,1409900.0,2,"LAPAN, NASA",2,0.06479210769540883
2023,1409901.0,2,"LAPAN, NASA",2,0.06429162200076254
2023,1409902.0,2,"LAPAN, NASA",2,0.06464039110258635
2023,1409903.0,2,"LAPAN, NASA",2,0.06524428401652244
2023,1409904.0,2,"LAPAN, NASA",2,0.06422302692352945
2023,1409905.0,2,"LAPAN, NASA",2,0.06562066006714415
2023,1409906.0,2,"LAPAN, NASA",2,0.0654999989311898
2023,1409907.0,2,"LAPAN, NASA",2,0.06448173765922882
2023,1409908.0,2,"LAPAN, NASA",2,0.06478674959625184
2023,1409909.0,2,"LAPAN, NASA",2,0.06465779977477903
2023,1409912.0,2,"LAPAN, NASA",2,0.0647577927664548
2023,1409913.0,2,"LAPAN, NASA",2,0.06506134516737379
2023,1409914.0,2,"LAPAN, NASA",2,0.06455045552668875
2023,1409915.0,2,"LAPAN, NASA",2,0.06420650388504089
2023,1409916.0,2,"LAPAN, NASA",2,0.06449910257769742
2023,1409917.0,2,"LAPAN, NASA",2,0.06480160090775502
2023,1409918.0,2,"LAPAN, NASA",2,0.06426807380088195
2023,1409919.0,2,"LAPAN, NASA",2,0.0645354543265794
2023,1409920.0,2,"LAPAN, NASA",2,0.06528824555669965
2023,1409921.0,2,"LAPAN, NASA",2,0.063625191353104
2023,1409924.0,2,"LAPAN, NASA",2,0.06440817028918255
2023,1410003.0,2,"LAPAN, NASA",2,0.06762143126635865
2023,1410004.0,2,"LAPAN, NASA",2,0.09302115002462631
2023,1410101.0,2,"LAPAN, NASA",2,0.08717815333201105
2023,1410126.0,2,"LAPAN, NASA",2,0.06581142297139182
2023,1410127.0,2,"LAPAN, NASA",2,0.06398557905948153
2023,1410129.0,2,"LAPAN, NASA",2,0.062125733663582317
2023,1410130.0,2,"LAPAN, NASA",2,0.062349461120320714
2023,1410134.0,2,"LAPAN, NASA",2,0.07855899419846599
2023,1410192.0,2,"LAPAN, NASA",2,0.06587492842053828
2023,1410194.0,2,"LAPAN, NASA",2,0.062249017445687505
2023,1410269.0,2,"LAPAN, NASA",2,0.07621229425517057
2023,1410275.0,2,"LAPAN, NASA",2,0.06910042581150355
2023,1410276.0,2,"LAPAN, NASA",2,0.06816430022289241
2023,1411486.0,2,"LAPAN, NASA",2,0.13922957427768612
2023,1411487.0,2,"LAPAN, NASA",2,0.22981924336392645
2023,1411495.0,2,"LAPAN, NASA",2,0.13738250016935386
2023,1411496.0,2,"LAPAN, NASA",2,0.13742833601775564
2023,1411607.0,3,"LAPAN, NASA",2,0.26485639181587883
2023,1411611.0,2,"LAPAN, NASA",2,0.34827453438663825
2023,1413419.0,2,"LAPAN, NASA",2,0.08774830156684114
2023,1413420.0,2,"LAPAN, NASA",2,0.08877916162241438
2023,1413426.0,2,"LAPAN, NASA",2,0.08780932300970345
2023,1413427.0,2,"LAPAN, NASA",2,0.08817822812340376
2023,1413431.0,2,"LAPAN, NASA",2,0.08817673006404579
2023,1413442.0,2,"LAPAN, NASA",2,0.08786603737487969
2023,1413444.0,2,"LAPAN, NASA",2,0.08803512225485348
2023,1413449.0,2,"LAPAN, NASA",2,0.0661328240113647
2023,1413450.0,2,"LAPAN, NASA",2,0.06555586976656215
2023,1413451.0,2,"LAPAN, NASA",2,0.06719105685130161
2023,1413452.0,2,"LAPAN, NASA",2,0.0655956655981829
2023,1413454.0,2,"LAPAN, NASA",2,0.06601568877093418
2023,1413455.0,2,"LAPAN, NASA",2,0.06588688370267168
2023,1413456.0,2,"LAPAN, NASA",2,0.06617076065704496
2023,1413501.0,2,"LAPAN, NASA",2,0.07730946215142781
2023,1413502.0,2,"LAPAN, NASA",2,0.07722732060267917
2023,1413504.0,2,"LAPAN, NASA",2,0.07737537180891807
2023,1413505.0,2,"LAPAN, NASA",2,0.07760626222912578
2023,1413525.0,2,"LAPAN, NASA",2,0.07712711249589525
2023,1413533.0,2,"LAPAN, NASA",2,0.07865562163045377
2023,1413563.0,2,"LAPAN, NASA",2,0.08886695101003149
2023,1413569.0,2,"LAPAN, NASA",2,0.08834304806194936
2023,1413570.0,2,"LAPAN, NASA",2,0.08821959113814287
2023,1413574.0,2,"LAPAN, NASA",2,0.08826363859626404
2023,1413576.0,2,"LAPAN, NASA",2,0.08819888922716705
2023,1413577.0,2,"LAPAN, NASA",2,0.08846982909152787
2023,1413638.0,2,"LAPAN, NASA",2,0.06571131354676701
2023,1413640.0,2,"LAPAN, NASA",2,0.06679872149942052
2023,1413641.0,2,"LAPAN, NASA",2,0.06653142393984815
2023,1413644.0,2,"LAPAN, NASA",2,0.06603557579804087
2023,1413645.0,2,"LAPAN, NASA",2,0.06686396694243375
2023,1413646.0,2,"LAPAN, NASA",2,0.0657879409076561
2023,1413758.0,2,"LAPAN, NASA",2,0.08531718893290359
2023,1413759.0,2,"LAPAN, NASA",2,0.0855872744077884
2023,1413761.0,2,"LAPAN, NASA",2,0.0848566521238069
2023,1413768.0,2,"LAPAN, NASA",2,0.0872773370733333
2023,1413773.0,2,"LAPAN, NASA",2,0.0873153444422462
2023,1413774.0,2,"LAPAN, NASA",2,0.08824592468430976
2023,1413777.0,2,"LAPAN, NASA",2,0.08762557484484775
2023,1413778.0,2,"LAPAN, NASA",2,0.08747813477468656
2023,1413779.0,2,"LAPAN, NASA",2,0.08871472825306764
2023,1413785.0,2,"LAPAN, NASA",2,0.0872334697642959
2023,1413786.0,2,"LAPAN, NASA",2,0.08779825710086059
2023,1413790.0,2,"LAPAN, NASA",2,0.08882280267599311
2023,1413795.0,2,"LAPAN, NASA",2,0.06771107175549008
2023,1413801.0,2,"LAPAN, NASA",2,0.0665201058886095
2023,1413804.0,2,"LAPAN, NASA",2,0.06660906622294668
2023,1413841.0,2,"LAPAN, NASA",2,0.06239829750579235
2023,1413842.0,2,"LAPAN, NASA",2,0.06318308096030273
2023,1413846.0,2,"LAPAN, NASA",2,0.061346473449304176
2023,1413851.0,2,"LAPAN, NASA",2,0.08154040356659231
2023,1413852.0,2,"LAPAN, NASA",2,0.08266538184580763
2023,1413853.0,2,"LAPAN, NASA",2,0.08161117390152658
2023,1413879.0,2,"LAPAN, NASA",2,0.08342675894211635
2023,1413884.0,2,"LAPAN, NASA",2,0.08272795050207356
2023,1413887.0,2,"LAPAN, NASA",2,0.08358569754825462
2023,1413896.0,2,"LAPAN, NASA",2,0.08414954526946816
2023,1413897.0,2,"LAPAN, NASA",2,0.08389984070607372
2023,1413899.0,2,"LAPAN, NASA",2,0.08453064738752959
2023,1413900.0,2,"LAPAN, NASA",2,0.0829051315671791
2023,1413901.0,2,"LAPAN, NASA",2,0.08480737612527657
2023,1413906.0,2,"LAPAN, NASA",2,0.08445923588388633
2023,1413907.0,2,"LAPAN, NASA",2,0.08528918914660634
2023,1413909.0,2,"LAPAN, NASA",2,0.08363818857419057
2023,1413913.0,2,"LAPAN, NASA",2,0.06419620941820157
2023,1413914.0,2,"LAPAN, NASA",2,0.06566339335898853
2023,1413966.0,2,"LAPAN, NASA",2,0.06147493682325455
2023,1413967.0,2,"LAPAN, NASA",2,0.06076196142864589
2023,1413968.0,2,"LAPAN, NASA",2,0.05985088791981468
2023,1413986.0,2,"LAPAN, NASA",2,0.05743802517816856
2023,1413987.0,2,"LAPAN, NASA",2,0.05868925221224197
2023,1414019.0,2,"LAPAN, NASA",2,0.07379107404633238
2023,1414044.0,2,"LAPAN, NASA",2,0.10542055030936216
2023,1414065.0,2,"LAPAN, NASA",2,0.09467423679719206
2023,1414067.0,2,"LAPAN, NASA",2,0.09457440101693128
2023,1414068.0,2,"LAPAN, NASA",2,0.09495032649245877
2023,1414069.0,2,"LAPAN, NASA",2,0.06985847270946599
2023,1414070.0,2,"LAPAN, NASA",2,0.07042716143627958
2023,1414071.0,2,"LAPAN, NASA",2,0.0695876420538698
2023,1414072.0,2,"LAPAN, NASA",2,0.07065918579490976
2023,1414078.0,2,"LAPAN, NASA",2,0.08941513815116517
2023,1414166.0,2,"LAPAN, NASA",2,0.09984650289800566
2023,1416301.0,2,"LAPAN, NASA",2,0.12986733848229015
2023,1416302.0,2,"LAPAN, NASA",2,0.13008607809069248
2023,1416303.0,2,"LAPAN, NASA",2,0.12887051619758222
2023,1416306.0,2,"LAPAN, NASA",2,0.1299578498636515
2023,1416307.0,2,"LAPAN, NASA",2,0.12986813235784078
2023,1416308.0,2,"LAPAN, NASA",2,0.12960126236276204
2023,1416311.0,2,"LAPAN, NASA",2,0.12927213503601856
2023,1416315.0,2,"LAPAN, NASA",2,0.12939709437023889
2023,1416316.0,2,"LAPAN, NASA",2,0.12849300500099392
2023,1416317.0,2,"LAPAN, NASA",2,0.1286537155899941
2023,1416318.0,2,"LAPAN, NASA",2,0.12838488916262306
2023,1416319.0,2,"LAPAN, NASA",2,0.12896256883633628
2023,1416329.0,2,"LAPAN, NASA",2,0.12750604109608812
2023,1416330.0,2,"LAPAN, NASA",2,0.12745647720964426
2023,1416331.0,2,"LAPAN, NASA",2,0.1272736771715746
2023,1416371.0,3,"LAPAN, NASA",2,0.1175168401259547
2023,1416372.0,3,"LAPAN, NASA",2,0.11375483958923137
2023,1416431.0,2,"LAPAN, NASA",2,0.08693601062327731
2023,1416432.0,2,"LAPAN, NASA",2,0.08834779365583273
2023,1416442.0,2,"LAPAN, NASA",2,0.08719325500071871
2023,1416443.0,2,"LAPAN, NASA",2,0.08688954857479533
2023,1416652.0,2,"LAPAN, NASA",2,0.1196418073832862
2023,1417327.0,2,"LAPAN, NASA",2,0.14826091652737736
2023,1417328.0,2,"LAPAN, NASA",2,0.14827420209341316
2023,1417329.0,2,"LAPAN, NASA",2,0.14436462859642407
2023,1417330.0,2,"LAPAN, NASA",2,0.14750813066056462
2023,1417332.0,2,"LAPAN, NASA",2,0.14875453550756745
2023,1417335.0,2,"LAPAN, NASA",2,0.1463669824214838
2023,1417338.0,2,"LAPAN, NASA",2,0.14505287282940832
2023,1417339.0,2,"LAPAN, NASA",2,0.14543679247254282
2023,1417340.0,2,"LAPAN, NASA",2,0.1454273364409359
2023,1417341.0,2,"LAPAN, NASA",2,0.14469416365157073
2023,1417342.0,2,"LAPAN, NASA",2,0.14482141644322277
2023,1417392.0,3,"LAPAN, NASA",2,0.1620852767471982
2023,1417424.0,2,"LAPAN, NASA",2,0.12477572524864301
2023,1417525.0,2,"LAPAN, NASA",2,0.13304257520679127
2023,1417538.0,2,"LAPAN, NASA",2,0.1294133877457313
2023,1417577.0,2,"LAPAN, NASA",2,0.0790541206949479
2023,1417579.0,2,"LAPAN, NASA",2,0.07744061096528058
2023,1417580.0,2,"LAPAN, NASA",2,0.07702031557336272
2023,1417583.0,2,"LAPAN, NASA",2,0.11771486021096715
2023,1417584.0,2,"LAPAN, NASA",2,0.11588880104614449
2023,1417587.0,2,"LAPAN, NASA",2,0.11728049502962609
2023,1417588.0,2,"LAPAN, NASA",2,0.11683005295632128
2023,1417591.0,2,"LAPAN, NASA",2,0.11611907874829715
2023,1417592.0,2,"LAPAN, NASA",2,0.11556373312131148
2023,1417595.0,2,"LAPAN, NASA",2,0.1161105240168537
2023,1417596.0,2,"LAPAN, NASA",2,0.11560260437268072
2023,1417597.0,2,"LAPAN, NASA",2,0.11572034975449165
2023,1417598.0,2,"LAPAN, NASA",2,0.11583116734308475
2023,1417602.0,2,"LAPAN, NASA",2,0.11454986959857902
2023,1417603.0,2,"LAPAN, NASA",2,0.11499122576776394
2023,1417604.0,2,"LAPAN, NASA",2,0.11363824083671492
2023,1417608.0,2,"LAPAN, NASA",2,0.11216328759557678
2023,1417615.0,2,"LAPAN, NASA",2,0.07594079387743492
2023,1417616.0,2,"LAPAN, NASA",2,0.07593303739865893
2023,1417618.0,2,"LAPAN, NASA",2,0.07685032862180875
2023,1417626.0,2,"LAPAN, NASA",2,0.07451258160733874
2023,1417632.0,2,"LAPAN, NASA",2,0.07232326046680533
2023,1417633.0,2,"LAPAN, NASA",2,0.07385644408633892
2023,1417637.0,2,"LAPAN, NASA",2,0.07429575550987119
2023,1417727.0,2,"LAPAN, NASA",2,0.10981815783261788
2023,1417818.0,2,"LAPAN, NASA",2,0.12067860692807926
2023,1417822.0,2,"LAPAN, NASA",2,0.11963293214240063
2023,1417826.0,2,"LAPAN, NASA",2,0.11969433902573902
2023,1417856.0,2,"LAPAN, NASA",2,0.11239643962815583
2023,1417862.0,2,"LAPAN, NASA",2,0.11291076656555908
2023,1417863.0,2,"LAPAN, NASA",2,0.11301780200572402
2023,1417947.0,2,"LAPAN, NASA",2,0.10078149801286143
2023,1417950.0,2,"LAPAN, NASA",2,0.10140080841187145
2023,1417951.0,2,"LAPAN, NASA",2,0.10052032755626535
2023,1417961.0,2,"LAPAN, NASA",2,0.10137312104854261
2023,1417962.0,2,"LAPAN, NASA",2,0.10122484915400692
2023,1417985.0,2,"LAPAN, NASA",2,0.09933899584945448
2023,1418057.0,2,"LAPAN, NASA",2,0.12771983982872753
2023,1418058.0,2,"LAPAN, NASA",2,0.12749674406826098
2023,1418060.0,2,"LAPAN, NASA",2,0.12668632700982274
2023,1418072.0,2,"LAPAN, NASA",2,0.13051913799176207
2023,1418077.0,2,"LAPAN, NASA",2,0.13000431127689155
2023,1418078.0,2,"LAPAN, NASA",2,0.13005781662121124
2023,1418079.0,2,"LAPAN, NASA",2,0.12915629134284443
2023,1418082.0,2,"LAPAN, NASA",2,0.13010100542827058
2023,1418083.0,2,"LAPAN, NASA",2,0.12924604890354632
2023,1418084.0,2,"LAPAN, NASA",2,0.13018115793812815
2023,1418085.0,2,"LAPAN, NASA",2,0.13088805651523816
2023,1418086.0,2,"LAPAN, NASA",2,0.12916910858338124
2023,1418365.0,2,"LAPAN, NASA",2,0.055437360872243116
2023,1418372.0,2,"LAPAN, NASA",2,0.08409289879057598
2023,1418383.0,2,"LAPAN, NASA",2,0.07432705443629471
2023,1418385.0,2,"LAPAN, NASA",2,0.07543367993343708
2023,1418386.0,2,"LAPAN, NASA",2,0.10200122242379223
2023,1418446.0,2,"LAPAN, NASA",2,0.110226433938481
2023,1418447.0,2,"LAPAN, NASA",2,0.11160622809889655
2023,1418448.0,2,"LAPAN, NASA",2,0.11228186884336415
2023,1418449.0,2,"LAPAN, NASA",2,0.11138557385505742
2023,1418450.0,2,"LAPAN, NASA",2,0.11089759988507657
2023,1418451.0,2,"LAPAN, NASA",2,0.11184973278724226
2023,1418453.0,2,"LAPAN, NASA",2,0.11071313240769534
2023,1418471.0,2,"LAPAN, NASA",2,0.09910605055260824
2023,1418472.0,2,"LAPAN, NASA",2,0.10101325423633527
2023,1418473.0,2,"LAPAN, NASA",2,0.10010760714422631
2023,1418474.0,2,"LAPAN, NASA",2,0.09989519234250153
2023,1418504.0,2,"LAPAN, NASA",2,0.09920690700979538
2023,1418507.0,2,"LAPAN, NASA",2,0.10014355059915223
2023,1418508.0,2,"LAPAN, NASA",2,0.10014413808544843
2023,1418510.0,2,"LAPAN, NASA",2,0.09916366891770784
2023,1418619.0,2,"LAPAN, NASA",2,0.11060072764729864
2023,1418620.0,2,"LAPAN, NASA",2,0.11114197390474187
2023,1418621.0,2,"LAPAN, NASA",2,0.11134411779733376
2023,1418622.0,2,"LAPAN, NASA",2,0.1112546108656598
2023,1418623.0,2,"LAPAN, NASA",2,0.11084300655279819
2023,1418624.0,2,"LAPAN, NASA",2,0.11057433277493679
2023,1418625.0,2,"LAPAN, NASA",2,0.11074376842640328
2023,1418659.0,2,"LAPAN, NASA",2,0.07593567577987684
2023,1418677.0,2,"LAPAN, NASA",2,0.09586804631892046
2023,1418681.0,2,"LAPAN, NASA",2,0.09553943404563882
2023,1418682.0,2,"LAPAN, NASA",2,0.09545442590055486
2023,1418683.0,2,"LAPAN, NASA",2,0.09339680656823589
2023,1418684.0,2,"LAPAN, NASA",2,0.09318463581851424
2023,1418686.0,2,"LAPAN, NASA",2,0.09442364769358697
2023,1418687.0,2,"LAPAN, NASA",2,0.09400089553949828
2023,1418688.0,2,"LAPAN, NASA",2,0.0937076763262357
2023,1418689.0,2,"LAPAN, NASA",2,0.09428371676539547
2023,1418690.0,2,"LAPAN, NASA",2,0.09349574320789165
2023,1418691.0,2,"LAPAN, NASA",2,0.09350410988629872
2023,1418692.0,2,"LAPAN, NASA",2,0.09239441691736906
2023,1418693.0,2,"LAPAN, NASA",2,0.09190097216944132
2023,1418694.0,2,"LAPAN, NASA",2,0.09321687100032026
2023,1418695.0,2,"LAPAN, NASA",2,0.09251547311734937
2023,1418696.0,2,"LAPAN, NASA",2,0.09239777446359372
2023,1418697.0,2,"LAPAN, NASA",2,0.09213665040202992
2023,1418698.0,2,"LAPAN, NASA",2,0.09174172385547455
2023,1418699.0,2,"LAPAN, NASA",2,0.09281606924229958
2023,1418700.0,2,"LAPAN, NASA",2,0.09135871198259887
2023,1418701.0,2,"LAPAN, NASA",2,0.09180518608385674
2023,1418702.0,2,"LAPAN, NASA",2,0.09134741625158599
2023,1418703.0,2,"LAPAN, NASA",2,0.0918261080521117
2023,1418704.0,2,"LAPAN, NASA",2,0.09245528436833263
2023,1420487.0,2,"LAPAN, NASA",2,0.11351862822555923
2023,1420529.0,2,"LAPAN, NASA",2,0.11959181781442726
2023,1420544.0,2,"LAPAN, NASA",2,0.1600895753155782
2023,1420548.0,2,"LAPAN, NASA",2,0.16794771642615042
2023,1420549.0,2,"LAPAN, NASA",2,0.16929557246267482
2023,1420550.0,2,"LAPAN, NASA",2,0.1690469452924545
2023,1420551.0,2,"LAPAN, NASA",2,0.1692595829959424
2023,1420552.0,2,"LAPAN, NASA",2,0.1689056016423102
2023,1420560.0,2,"LAPAN, NASA",2,0.16777608863384944
2023,1420561.0,2,"LAPAN, NASA",2,0.16801615786888124
2023,1420562.0,2,"LAPAN, NASA",2,0.16743036461207325
2023,1420563.0,2,"LAPAN, NASA",2,0.16851283830812444
2023,1420564.0,2,"LAPAN, NASA",2,0.16979218082726993
2023,1420565.0,2,"LAPAN, NASA",2,0.16900723422467107
2023,1420566.0,2,"LAPAN, NASA",2,0.16906041489559903
2023,1420567.0,2,"LAPAN, NASA",2,0.16942949690512998
2023,1420579.0,2,"LAPAN, NASA",2,0.09201990434982894
2023,1420580.0,2,"LAPAN, NASA",2,0.0909390476385626
2023,1420581.0,2,"LAPAN, NASA",2,0.09121235782856543
2023,1420582.0,2,"LAPAN, NASA",2,0.09162269843860701
2023,1420583.0,2,"LAPAN, NASA",2,0.09193920527393455
2023,1420589.0,2,"LAPAN, NASA",2,0.09487156518954627
2023,1420601.0,2,"LAPAN, NASA",2,0.16586157473203852
2023,1420610.0,2,"LAPAN, NASA",2,0.17422756444723783
2023,1420618.0,2,"LAPAN, NASA",2,0.17513379148961317
2023,1420651.0,2,"LAPAN, NASA",2,0.14708031524677337
2023,1420652.0,2,"LAPAN, NASA",2,0.14752962179997023
2023,1420678.0,2,"LAPAN, NASA",2,0.22500595689463823
2023,1420679.0,2,"LAPAN, NASA",2,0.22595404580200454
2023,1420727.0,2,"LAPAN, NASA",2,0.18701894088581147
2023,1420728.0,2,"LAPAN, NASA",2,0.18834820738986416
2023,1420735.0,2,"LAPAN, NASA",2,0.19154159059920728
2023,1420748.0,2,"LAPAN, NASA",2,0.20832620214022746
2023,1420749.0,2,"LAPAN, NASA",2,0.2091600050656693
2023,1420750.0,2,"LAPAN, NASA",2,0.20973194484668548
2023,1420751.0,2,"LAPAN, NASA",2,0.20971457546862018
2023,1421477.0,2,"LAPAN, NASA",2,0.07344014500422968
2023,1421478.0,2,"LAPAN, NASA",2,0.09176938398857398
2023,1421522.0,2,"LAPAN, NASA",2,0.08165988566015
2023,1421571.0,2,"LAPAN, NASA",2,0.0644321681240331
2023,1421572.0,2,"LAPAN, NASA",2,0.06453124295283094
2023,1421573.0,2,"LAPAN, NASA",2,0.06329015852097672
2023,1421579.0,2,"LAPAN, NASA",2,0.08237138921626856
2023,1421580.0,2,"LAPAN, NASA",2,0.08279398119965234
2023,1421594.0,2,"LAPAN, NASA",2,0.0851508061543724
2023,1421595.0,2,"LAPAN, NASA",2,0.08533323647859856
2023,1421596.0,2,"LAPAN, NASA",2,0.08567992782234045
2023,1421597.0,2,"LAPAN, NASA",2,0.08439486302298603
2023,1421598.0,2,"LAPAN, NASA",2,0.08434546860115955
2023,1421599.0,2,"LAPAN, NASA",2,0.0841643446948025
2023,1421600.0,2,"LAPAN, NASA",2,0.08474328740594485
2023,1421601.0,2,"LAPAN, NASA",2,0.08554194367885637
2023,1421602.0,2,"LAPAN, NASA",2,0.08535833408091457
2023,1421603.0,2,"LAPAN, NASA",2,0.08581883279820894
2023,1421604.0,2,"LAPAN, NASA",2,0.08395416641397203
2023,1421605.0,2,"LAPAN, NASA",2,0.08377225779783926
2023,1421606.0,2,"LAPAN, NASA",2,0.08442756512286595
2023,1421607.0,2,"LAPAN, NASA",2,0.0841851253389247
2023,1421608.0,2,"LAPAN, NASA",2,0.08496552094277798
2023,1421609.0,2,"LAPAN, NASA",2,0.08478345572404197
2023,1421610.0,2,"LAPAN, NASA",2,0.08459893968789653
2023,1421611.0,2,"LAPAN, NASA",2,0.08403921556709666
2023,1421612.0,2,"LAPAN, NASA",2,0.08385673014858352
2023,1421613.0,2,"LAPAN, NASA",2,0.08451046431588492
2023,1421614.0,2,"LAPAN, NASA",2,0.08486882959056681
2023,1421615.0,2,"LAPAN, NASA",2,0.08505533567873227
2023,1421616.0,2,"LAPAN, NASA",2,0.08413230105040174
2023,1421617.0,2,"LAPAN, NASA",2,0.08478303671013762
2023,1421618.0,2,"LAPAN, NASA",2,0.08459737133225335
2023,1421619.0,2,"LAPAN, NASA",2,0.0859539539139862
2023,1421620.0,2,"LAPAN, NASA",2,0.08577067886065898
2023,1421621.0,2,"LAPAN, NASA",2,0.08514558581731375
2023,1421622.0,2,"LAPAN, NASA",2,0.0849594393075553
2023,1421623.0,2,"LAPAN, NASA",2,0.08503316799947269
2023,1421624.0,2,"LAPAN, NASA",2,0.08479966485497253
2023,1421625.0,2,"LAPAN, NASA",2,0.08597294411053473
2023,1421626.0,2,"LAPAN, NASA",2,0.08615926891284204
2023,1421627.0,2,"LAPAN, NASA",2,0.08614954718484259
2023,1421628.0,2,"LAPAN, NASA",2,0.08524404117650708
2023,1421629.0,2,"LAPAN, NASA",2,0.08623159115121706
2023,1421666.0,2,"LAPAN, NASA",2,0.09776559485339978
2023,1421668.0,2,"LAPAN, NASA",2,0.0984096282130137
2023,1421669.0,2,"LAPAN, NASA",2,0.09795702133323307
2023,1421670.0,2,"LAPAN, NASA",2,0.09780944793153906
2023,1421671.0,2,"LAPAN, NASA",2,0.09741894721304276
2023,1421672.0,2,"LAPAN, NASA",2,0.09888349686998459
2023,1421674.0,2,"LAPAN, NASA",2,0.0979149323032519
2023,1421753.0,2,"LAPAN, NASA",2,0.07374614506843988
2023,1421786.0,2,"LAPAN, NASA",2,0.07274714906075806
2023,1421787.0,2,"LAPAN, NASA",2,0.07226545239885772
2023,1421788.0,2,"LAPAN, NASA",2,0.07154767459372044
2023,1421789.0,2,"LAPAN, NASA",2,0.07204055862453629
2023,1421792.0,2,"LAPAN, NASA",2,0.07327983383378987
2023,1421793.0,2,"LAPAN, NASA",2,0.07227343805725259
2023,1421795.0,2,"LAPAN, NASA",2,0.07209472030039568
2023,1421835.0,2,"LAPAN, NASA",2,0.08039307235731331
2023,1421836.0,2,"LAPAN, NASA",2,0.08026542575685183
2023,1421838.0,2,"LAPAN, NASA",2,0.08041806154308867
2023,1421839.0,2,"LAPAN, NASA",2,0.08038976505067187
2023,1421842.0,2,"LAPAN, NASA",2,0.07957382659131639
2023,1421843.0,2,"LAPAN, NASA",2,0.08054291374967375
2023,1421846.0,2,"LAPAN, NASA",2,0.07963059066157818
2023,1421847.0,2,"LAPAN, NASA",2,0.080633754450193
2023,1421872.0,2,"LAPAN, NASA",2,0.0826593217196194
2023,1421873.0,2,"LAPAN, NASA",2,0.08240680142793594
2023,1421874.0,2,"LAPAN, NASA",2,0.08217578656221027
2023,1421875.0,2,"LAPAN, NASA",2,0.0822013991542833
2023,1421876.0,2,"LAPAN, NASA",2,0.08272503416945133
2023,1421877.0,2,"LAPAN, NASA",2,0.0820150942213381
2023,1421878.0,2,"LAPAN, NASA",2,0.08281906596214512
2023,1421879.0,2,"LAPAN, NASA",2,0.08233992661995315
2023,1421880.0,2,"LAPAN, NASA",2,0.08124690349665961
2023,1421881.0,2,"LAPAN, NASA",2,0.06716869707718957
2023,1421882.0,2,"LAPAN, NASA",2,0.06636688199855716
2023,1421883.0,2,"LAPAN, NASA",2,0.06552946838061277
2023,1421884.0,2,"LAPAN, NASA",2,0.06646000035395379
2023,1421885.0,2,"LAPAN, NASA",2,0.06657096549542502
2023,1421919.0,2,"LAPAN, NASA",2,0.07255591548677763
2023,1421920.0,2,"LAPAN, NASA",2,0.07463570065255434
2023,1426918.0,2,"LAPAN, NASA",2,0.11545509690701888
2023,1426919.0,2,"LAPAN, NASA",2,0.11388932319342468
2023,1426920.0,2,"LAPAN, NASA",2,0.11526988483240264
2023,1426921.0,2,"LAPAN, NASA",2,0.11456452751719816
2023,1426924.0,2,"LAPAN, NASA",2,0.1151790467504536
2023,1426927.0,2,"LAPAN, NASA",2,0.11573524555840288
2023,1426928.0,2,"LAPAN, NASA",2,0.11450331736482923
2023,1426931.0,2,"LAPAN, NASA",2,0.1157930591317697
2023,1426932.0,2,"LAPAN, NASA",2,0.11485339226549751
2023,1426933.0,2,"LAPAN, NASA",2,0.1155377180552425
2023,1426935.0,2,"LAPAN, NASA",2,0.11379369990220398
2023,1426936.0,2,"LAPAN, NASA",2,0.11568985644002616
2023,1426949.0,2,"LAPAN, NASA",2,0.11559935804795712
2023,1426952.0,2,"LAPAN, NASA",2,0.08216819153673789
2023,1426990.0,2,"LAPAN, NASA",2,0.11700585625999645
2023,1426992.0,2,"LAPAN, NASA",2,0.11760226552590317
2023,1426997.0,2,"LAPAN, NASA",2,0.11770629776160464
2023,1427001.0,2,"LAPAN, NASA",2,0.11741185392586598
2023,1427002.0,2,"LAPAN, NASA",2,0.11677168732075009
2023,1427026.0,2,"LAPAN, NASA",2,0.11422773283019642
2023,1427029.0,2,"LAPAN, NASA",2,0.11785720543005535
2023,1427030.0,2,"LAPAN, NASA",2,0.11785776117635167
2023,1427031.0,2,"LAPAN, NASA",2,0.08124708195738044
2023,1427032.0,2,"LAPAN, NASA",2,0.08140796115885426
2023,1427036.0,2,"LAPAN, NASA",2,0.08533933822629604
2023,1427037.0,2,"LAPAN, NASA",2,0.08521681517935609
2023,1427038.0,2,"LAPAN, NASA",2,0.08428303915211068
2023,1427039.0,2,"LAPAN, NASA",2,0.08385051524520865
2023,1427040.0,2,"LAPAN, NASA",2,0.08489591805173112
2023,1427129.0,2,"LAPAN, NASA",2,0.11617237180898747
2023,1427130.0,2,"LAPAN, NASA",2,0.07643000153200774
2023,1427155.0,2,"LAPAN, NASA",2,0.08417293813648773
2023,1427157.0,2,"LAPAN, NASA",2,0.12124569181711421
2023,1427158.0,2,"LAPAN, NASA",2,0.12163213885603709
2023,1427161.0,2,"LAPAN, NASA",2,0.12176261345366114
2023,1427162.0,2,"LAPAN, NASA",2,0.12098178855240867
2023,1427166.0,2,"LAPAN, NASA",2,0.1195999804768808
2023,1427174.0,2,"LAPAN, NASA",2,0.11514620319092717
2023,1427175.0,2,"LAPAN, NASA",2,0.11550323680253674
2023,1427179.0,2,"LAPAN, NASA",2,0.11584727239283514
2023,1427180.0,2,"LAPAN, NASA",2,0.11757408248777154
2023,1427181.0,2,"LAPAN, NASA",2,0.1171414204459564
2023,1427183.0,2,"LAPAN, NASA",2,0.08905306126186215
2023,1427185.0,2,"LAPAN, NASA",2,0.09154061524209782
2023,1427186.0,2,"LAPAN, NASA",2,0.09103983126615874
2023,1427212.0,2,"LAPAN, NASA",2,0.11366906130669895
2023,1427376.0,2,"LAPAN, NASA",2,0.0990930507015022
2023,1427381.0,2,"LAPAN, NASA",2,0.09854092364921911
2023,1427391.0,2,"LAPAN, NASA",2,0.07435109349142244
2023,1427392.0,2,"LAPAN, NASA",2,0.1140729986168039
2023,1427445.0,2,"LAPAN, NASA",2,0.09154638746557173
2023,1427446.0,2,"LAPAN, NASA",2,0.09186688941468618
2023,1427447.0,2,"LAPAN, NASA",2,0.09138400675340436
2023,1427471.0,2,"LAPAN, NASA",2,0.09308968575914073
2023,1427473.0,2,"LAPAN, NASA",2,0.0929016030263231
2023,1427579.0,2,"LAPAN, NASA",2,0.093308976772563
2023,1427634.0,2,"LAPAN, NASA",2,0.13606006034261411
2023,1428771.0,2,"LAPAN, NASA",2,0.08378980687229927
2023,1428783.0,2,"LAPAN, NASA",2,0.08674228496229937
2023,1428837.0,2,"LAPAN, NASA",2,0.2439127081661086
2023,1428838.0,3,"LAPAN, NASA",2,0.24516221950374484
2023,1428839.0,2,"LAPAN, NASA",2,0.15937074881661853
2023,1428841.0,3,"LAPAN, NASA",2,0.23981807424872315
2023,1428842.0,2,"LAPAN, NASA",2,0.1570147055595215
2023,1428843.0,2,"LAPAN, NASA",2,0.1579870935793095
2023,1428845.0,3,"LAPAN, NASA",2,0.24384277625985368
2023,1428846.0,2,"LAPAN, NASA",2,0.1585633754011162
2023,1428848.0,3,"LAPAN, NASA",2,0.24136703410109384
2023,1428849.0,2,"LAPAN, NASA",2,0.15582613799500447
2023,1429390.0,2,"LAPAN, NASA",2,0.11979245450607917
2023,1429405.0,2,"LAPAN, NASA",2,0.1584504635335341
2023,1429406.0,2,"LAPAN, NASA",2,0.1588869087973618
2023,1429407.0,2,"LAPAN, NASA",2,0.1567060584776239
2023,1430372.0,2,"LAPAN, NASA",2,0.07025627830268528
2023,1430406.0,2,"LAPAN, NASA",2,0.06255909480803339
2023,1430423.0,2,"LAPAN, NASA",2,0.08371796820965482
2023,1430424.0,2,"LAPAN, NASA",2,0.08520448652906366
2023,1430427.0,2,"LAPAN, NASA",2,0.08439702753475867
2023,1430473.0,2,"LAPAN, NASA",2,0.07048547733024213
2023,1430474.0,2,"LAPAN, NASA",2,0.07093792229040374
2023,1430475.0,2,"LAPAN, NASA",2,0.07025974361465541
2023,1430476.0,2,"LAPAN, NASA",2,0.07071429803118315
2023,1430511.0,2,"LAPAN, NASA",2,0.0815004534028346
2023,1430563.0,2,"LAPAN, NASA",2,0.07661689595610749
2023,1430651.0,2,"LAPAN, NASA",2,0.06293079973730165
2023,1430652.0,2,"LAPAN, NASA",2,0.06358166498812022
2023,1430653.0,2,"LAPAN, NASA",2,0.06148946909817376
2023,1430654.0,2,"LAPAN, NASA",2,0.06304189314427332
2023,1430655.0,2,"LAPAN, NASA",2,0.06377214312231157
2023,1430656.0,2,"LAPAN, NASA",2,0.06367494712120375
2023,1430657.0,2,"LAPAN, NASA",2,0.06368678575867937
2023,1430658.0,2,"LAPAN, NASA",2,0.06241441594754139
2023,1430659.0,2,"LAPAN, NASA",2,0.06232061556279972
2023,1430670.0,2,"LAPAN, NASA",2,0.06562440615625599
2023,1430671.0,2,"LAPAN, NASA",2,0.06726164740592909
2023,1430673.0,2,"LAPAN, NASA",2,0.06821050750790913
2023,1430675.0,2,"LAPAN, NASA",2,0.06764287849207747
2023,1430696.0,2,"LAPAN, NASA",2,0.08425629399199554
2023,1430698.0,2,"LAPAN, NASA",2,0.08329202441539672
2023,1430699.0,2,"LAPAN, NASA",2,0.06881878166972824
2023,1430714.0,2,"LAPAN, NASA",2,0.07152454403961885
2023,1430717.0,2,"LAPAN, NASA",2,0.07326226479091114
2023,1430718.0,2,"LAPAN, NASA",2,0.07373713984624036
2023,1430764.0,2,"LAPAN, NASA",2,0.08744147697876067
2023,1430765.0,2,"LAPAN, NASA",2,0.08729128497625914
2023,1430767.0,2,"LAPAN, NASA",2,0.0872643709635945
2023,1430785.0,2,"LAPAN, NASA",2,0.06664035223555305
2023,1430794.0,2,"LAPAN, NASA",2,0.06889834771140879
2023,1430800.0,2,"LAPAN, NASA",2,0.06979337874200248
2023,1430803.0,2,"LAPAN, NASA",2,0.07023244039317493
2023,1430804.0,2,"LAPAN, NASA",2,0.06967564477891904
2023,1430810.0,2,"LAPAN, NASA",2,0.07145178699594276
2023,1430811.0,2,"LAPAN, NASA",2,0.07055929980222891
2023,1430819.0,2,"LAPAN, NASA",2,0.07318447124203725
2023,1430825.0,2,"LAPAN, NASA",2,0.0789081224751224
2023,1430831.0,2,"LAPAN, NASA",2,0.07986846289427157
2023,1430833.0,2,"LAPAN, NASA",2,0.07958612502530586
2023,1430834.0,2,"LAPAN, NASA",2,0.07975831590579971
2023,1430835.0,2,"LAPAN, NASA",2,0.08008840240276724
2023,1430839.0,2,"LAPAN, NASA",2,0.07936930426952658
2023,1430845.0,2,"LAPAN, NASA",2,0.0802277506211299
2023,1430848.0,2,"LAPAN, NASA",2,0.07988854581130278
2023,1430849.0,2,"LAPAN, NASA",2,0.07915470809006554
2023,1430852.0,2,"LAPAN, NASA",2,0.07972878277547851
2023,1430854.0,2,"LAPAN, NASA",2,0.07861866192696275
2023,1430855.0,2,"LAPAN, NASA",2,0.07893902051917925
2023,1430860.0,2,"LAPAN, NASA",2,0.06309223897377103
2023,1430868.0,2,"LAPAN, NASA",2,0.06455214574628834
2023,1430902.0,2,"LAPAN, NASA",2,0.09042332465191455
2023,1430903.0,2,"LAPAN, NASA",2,0.0909138830074167
2023,1430905.0,2,"LAPAN, NASA",2,0.09033386517318032
2023,1430908.0,2,"LAPAN, NASA",2,0.09061409088804526
2023,1430945.0,2,"LAPAN, NASA",2,0.07740675684694617
2023,1430946.0,2,"LAPAN, NASA",2,0.07870874596078047
2023,1431207.0,2,"LAPAN, NASA",2,0.0890029543029567
2023,1431968.0,2,"LAPAN, NASA",2,0.14685771032596134
2023,1431969.0,2,"LAPAN, NASA",2,0.40866800321579144
2023,1435270.0,2,"LAPAN, NASA",2,0.11087935727920757
2023,1435271.0,2,"LAPAN, NASA",2,0.11123580670082632
2023,1435282.0,2,"LAPAN, NASA",2,0.08194151322095124
2023,1435283.0,2,"LAPAN, NASA",2,0.09667291938611391
2023,1435365.0,2,"LAPAN, NASA",2,0.07611955866762747
2023,1435366.0,2,"LAPAN, NASA",2,0.077301507681348
2023,1435367.0,2,"LAPAN, NASA",2,0.07631782043709048
2023,1435368.0,2,"LAPAN, NASA",2,0.09515707113162485
2023,1435369.0,2,"LAPAN, NASA",2,0.09544325349701158
2023,1435370.0,2,"LAPAN, NASA",2,0.0955999962040591
2023,1435373.0,2,"LAPAN, NASA",2,0.09491612005893459
2023,1435376.0,2,"LAPAN, NASA",2,0.08912972895417569
2023,1435377.0,2,"LAPAN, NASA",2,0.06179251638195361
2023,1435401.0,2,"LAPAN, NASA",2,0.10776268530594219
2023,1435402.0,2,"LAPAN, NASA",2,0.10791835944536028
2023,1435403.0,2,"LAPAN, NASA",2,0.10794457338756712
2023,1435404.0,2,"LAPAN, NASA",2,0.10999831870687495
2023,1435405.0,2,"LAPAN, NASA",2,0.10860813691987507
2023,1435406.0,2,"LAPAN, NASA",2,0.10920649712090108
2023,1435407.0,2,"LAPAN, NASA",2,0.10906441063772702
2023,1435408.0,2,"LAPAN, NASA",2,0.10974075201008254
2023,1435409.0,2,"LAPAN, NASA",2,0.08420845702131259
2023,1435410.0,2,"LAPAN, NASA",2,0.0827946263129466
2023,1435411.0,2,"LAPAN, NASA",2,0.083088770504248
2023,1435412.0,2,"LAPAN, NASA",2,0.0825869536813671
2023,1435413.0,2,"LAPAN, NASA",2,0.0823406998659747
2023,1435414.0,2,"LAPAN, NASA",2,0.08267345114430805
2023,1435415.0,2,"LAPAN, NASA",2,0.08346439253085385
2023,1435416.0,2,"LAPAN, NASA",2,0.08330362730081646
2023,1435491.0,2,"LAPAN, NASA",2,0.13467630285292853
2023,1437365.0,2,"LAPAN, NASA",2,0.11901801037773059
2023,1437393.0,2,"LAPAN, NASA",2,0.17142762463665004
2023,1437431.0,2,"LAPAN, NASA",2,0.18306916049682617
2023,1437433.0,2,"LAPAN, NASA",2,0.17870031836019232
2023,1437435.0,2,"LAPAN, NASA",2,0.18398668521298758
2023,1437438.0,2,"LAPAN, NASA",2,0.18506660745829978
2023,1437440.0,2,"LAPAN, NASA",2,0.18542486122779378
2023,1437442.0,2,"LAPAN, NASA",2,0.1876138789424031
2023,1437444.0,2,"LAPAN, NASA",2,0.18888845806340326
2023,1437445.0,2,"LAPAN, NASA",2,0.11179279215468141
2023,1437446.0,2,"LAPAN, NASA",2,0.11228290995206626
2023,1437448.0,2,"LAPAN, NASA",2,0.11298418700878043
2023,1437449.0,2,"LAPAN, NASA",2,0.112915565023572
2023,1437450.0,2,"LAPAN, NASA",2,0.11379162793207115
2023,1437451.0,2,"LAPAN, NASA",2,0.1146835350388655
2023,1437460.0,2,"LAPAN, NASA",2,0.1709884663802086
2023,1437461.0,2,"LAPAN, NASA",2,0.17490250712206065
2023,1437462.0,2,"LAPAN, NASA",2,0.17302271497539742
2023,1437463.0,2,"LAPAN, NASA",2,0.1732235380064541
2023,1437464.0,2,"LAPAN, NASA",2,0.17298429052026984
2023,1437465.0,2,"LAPAN, NASA",2,0.1729928205930386
2023,1437467.0,2,"LAPAN, NASA",2,0.17364542329303306
2023,1437468.0,2,"LAPAN, NASA",2,0.17289054020255887
2023,1437469.0,2,"LAPAN, NASA",2,0.17373308284074837
2023,1437483.0,2,"LAPAN, NASA",2,0.12138741268541425
2023,1437486.0,2,"LAPAN, NASA",2,0.12259784045410793
2023,1437487.0,2,"LAPAN, NASA",2,0.12476074431595384
2023,1437593.0,2,"LAPAN, NASA",2,0.16449514178298183
2023,1437600.0,2,"LAPAN, NASA",2,0.10963658048677716
2023,1437601.0,2,"LAPAN, NASA",2,0.11247453471192251
2023,1437602.0,2,"LAPAN, NASA",2,0.11222688319330415
2023,1437608.0,2,"LAPAN, NASA",2,0.11625696107167556
2023,1437609.0,3,"LAPAN, NASA",2,0.14469022138489065
2023,1437610.0,3,"LAPAN, NASA",2,0.140732366314348
2023,1437613.0,2,"LAPAN, NASA",2,0.15784429738391645
2023,1437614.0,2,"LAPAN, NASA",2,0.15685643053733414
2023,1437617.0,2,"LAPAN, NASA",2,0.16112714109268714
2023,1437618.0,2,"LAPAN, NASA",2,0.16073480308183233
2023,1437620.0,2,"LAPAN, NASA",2,0.16250602432075248
2023,1437643.0,2,"LAPAN, NASA",2,0.11117624833877522
2023,1437671.0,2,"LAPAN, NASA",2,0.09694176486555947
2023,1437673.0,2,"LAPAN, NASA",2,0.09536803405917996
2023,1437674.0,2,"LAPAN, NASA",2,0.09640661933464495
2023,1437675.0,2,"LAPAN, NASA",2,0.09533004041913076
2023,1437676.0,2,"LAPAN, NASA",2,0.09416637744922707
2023,1437689.0,2,"LAPAN, NASA",2,0.19536184006017662
2023,1437691.0,2,"LAPAN, NASA",2,0.1956792442376139
2023,1437692.0,2,"LAPAN, NASA",2,0.19471256541293328
2023,1437697.0,2,"LAPAN, NASA",2,0.15278369410171855
2023,1437698.0,2,"LAPAN, NASA",2,0.15195173846146556
2023,1437728.0,2,"LAPAN, NASA",2,0.1330189020050371
2023,1437729.0,2,"LAPAN, NASA",2,0.132303550603687
2023,1438145.0,2,"LAPAN, NASA",2,0.08965072097231216
2023,1438396.0,2,"LAPAN, NASA",2,0.08114517704633162
2023,1438398.0,2,"LAPAN, NASA",2,0.08143270588599531
2023,1438446.0,2,"LAPAN, NASA",2,0.0985774647707651
2023,1438544.0,2,"LAPAN, NASA",2,0.03806101675484679
2023,1438557.0,2,"LAPAN, NASA",2,0.06815396142190143
2023,1438558.0,2,"LAPAN, NASA",2,0.06852556916074826
2023,1438559.0,2,"LAPAN, NASA",2,0.06774920772077762
2023,1438560.0,2,"LAPAN, NASA",2,0.06861198672119047
2023,1438561.0,2,"LAPAN, NASA",2,0.06810052163128565
2023,1438606.0,2,"LAPAN, NASA",2,0.061851865954356613
2023,1438611.0,2,"LAPAN, NASA",2,0.0641519785829055
2023,1438612.0,2,"LAPAN, NASA",2,0.0891477757207507
2023,1438613.0,2,"LAPAN, NASA",2,0.0887492794957999
2023,1438618.0,2,"LAPAN, NASA",2,0.08764277694510245
2023,1438619.0,2,"LAPAN, NASA",2,0.08623631973562557
2023,1438620.0,2,"LAPAN, NASA",2,0.08766480419899485
2023,1438621.0,2,"LAPAN, NASA",2,0.08619361112560521
2023,1438633.0,2,"LAPAN, NASA",2,0.08583760179233295
2023,1438641.0,2,"LAPAN, NASA",2,0.0852118875284149
2023,1438706.0,2,"LAPAN, NASA",2,0.07485284442862226
2023,1438760.0,2,"LAPAN, NASA",2,0.07821682834847847
2023,1438761.0,2,"LAPAN, NASA",2,0.07882920809329798
2023,1438764.0,2,"LAPAN, NASA",2,0.0784795585353174
2023,1438765.0,2,"LAPAN, NASA",2,0.07819887703803544
2023,1438767.0,2,"LAPAN, NASA",2,0.07908718208041574
2023,1438768.0,2,"LAPAN, NASA",2,0.07929061524957788
2023,1438769.0,2,"LAPAN, NASA",2,0.07868875289224837
2023,1438770.0,2,"LAPAN, NASA",2,0.07887351917296406
2023,1438771.0,2,"LAPAN, NASA",2,0.07852269279807482
2023,1438772.0,2,"LAPAN, NASA",2,0.0788364748063531
2023,1438775.0,2,"LAPAN, NASA",2,0.07923162632284356
2023,1438776.0,2,"LAPAN, NASA",2,0.07813963086980841
2023,1438777.0,2,"LAPAN, NASA",2,0.07879433330706286
2023,1438778.0,2,"LAPAN, NASA",2,0.07901384505959906
2023,1438779.0,2,"LAPAN, NASA",2,0.07933106744915867
2023,1438780.0,2,"LAPAN, NASA",2,0.07836128474199874
2023,1438781.0,2,"LAPAN, NASA",2,0.07835931995446775
2023,1438782.0,2,"LAPAN, NASA",2,0.07864984462898568
2023,1438783.0,2,"LAPAN, NASA",2,0.07884341634510053
2023,1438784.0,2,"LAPAN, NASA",2,0.07935746702841459
2023,1438785.0,2,"LAPAN, NASA",2,0.08007870742505115
2023,1438786.0,2,"LAPAN, NASA",2,0.0787977140860339
2023,1438787.0,2,"LAPAN, NASA",2,0.07953716456205089
2023,1438788.0,2,"LAPAN, NASA",2,0.07928101702446493
2023,1438790.0,2,"LAPAN, NASA",2,0.0899608092240354
2023,1438792.0,2,"LAPAN, NASA",2,0.08974864728096701
2023,1438794.0,2,"LAPAN, NASA",2,0.090263898322598
2023,1438814.0,2,"LAPAN, NASA",2,0.08628935733486137
2023,1438815.0,2,"LAPAN, NASA",2,0.08666953073299212
2023,1438816.0,2,"LAPAN, NASA",2,0.08731809182662088
2023,1438817.0,2,"LAPAN, NASA",2,0.08625229128750322
2023,1438818.0,2,"LAPAN, NASA",2,0.08580410855690375
2023,1438819.0,2,"LAPAN, NASA",2,0.08631921478630308
2023,1438820.0,2,"LAPAN, NASA",2,0.08696228103987762
2023,1438822.0,2,"LAPAN, NASA",2,0.0865034208515478
2023,1438823.0,2,"LAPAN, NASA",2,0.08675396000208273
2023,1438824.0,2,"LAPAN, NASA",2,0.08635910708109211
2023,1438825.0,2,"LAPAN, NASA",2,0.0850550873297246
2023,1438826.0,2,"LAPAN, NASA",2,0.08653655390616773
2023,1438827.0,2,"LAPAN, NASA",2,0.08717342128282964
2023,1438828.0,2,"LAPAN, NASA",2,0.08674485087434453
2023,1438850.0,2,"LAPAN, NASA",2,0.08076281518349795
2023,1438851.0,2,"LAPAN, NASA",2,0.0812152061134178
2023,1438852.0,2,"LAPAN, NASA",2,0.08167034262413739
2023,1438853.0,2,"LAPAN, NASA",2,0.08184871664711484
2023,1438854.0,2,"LAPAN, NASA",2,0.08084031903214842
2023,1438855.0,2,"LAPAN, NASA",2,0.08101688917960684
2023,1438857.0,2,"LAPAN, NASA",2,0.0812244719145054
2023,1438858.0,2,"LAPAN, NASA",2,0.08114642093302171
2023,1438859.0,2,"LAPAN, NASA",2,0.08130218135545046
2023,1438860.0,2,"LAPAN, NASA",2,0.08173875820864993
2023,1438861.0,2,"LAPAN, NASA",2,0.08091536682890273
2023,1438862.0,2,"LAPAN, NASA",2,0.08160559933707572
2023,1438863.0,2,"LAPAN, NASA",2,0.08099573924587967
2023,1438864.0,2,"LAPAN, NASA",2,0.08017909265803548
2023,1438865.0,2,"LAPAN, NASA",2,0.08145803298837072
2023,1438866.0,2,"LAPAN, NASA",2,0.08189010631727271
2023,1438868.0,2,"LAPAN, NASA",2,0.08004498567989472
2023,1438869.0,2,"LAPAN, NASA",2,0.0804822126282996
2023,1438870.0,2,"LAPAN, NASA",2,0.08141188743348739
2023,1438873.0,2,"LAPAN, NASA",2,0.08170549120893753
2023,1438874.0,2,"LAPAN, NASA",2,0.08103437986437556
2023,1438875.0,2,"LAPAN, NASA",2,0.08034910116207092
2023,1438877.0,2,"LAPAN, NASA",2,0.08127915055896759
2023,1438939.0,2,"LAPAN, NASA",2,0.1001174779593242
2023,1441669.0,2,"LAPAN, NASA",2,0.09029810516678405
2023,1441823.0,2,"LAPAN, NASA",2,0.07666401282514503
2023,1441826.0,2,"LAPAN, NASA",2,0.07608533027854415
2023,1441831.0,2,"LAPAN, NASA",2,0.05569240245414768
2023,1441899.0,2,"LAPAN, NASA",2,0.12858064799977797
2023,1441900.0,2,"LAPAN, NASA",2,0.12934515842543876
2023,1441901.0,2,"LAPAN, NASA",2,0.1300257511658139
2023,1441903.0,2,"LAPAN, NASA",2,0.13039333616409107
2023,1441904.0,2,"LAPAN, NASA",2,0.12856563400049037
2023,1441905.0,2,"LAPAN, NASA",2,0.12930608055193624
2023,1441906.0,2,"LAPAN, NASA",2,0.1300493728885563
2023,1441907.0,2,"LAPAN, NASA",2,0.1284166561802974
2023,1441908.0,2,"LAPAN, NASA",2,0.12915972249759244
2023,1441909.0,2,"LAPAN, NASA",2,0.12964004714698882
2023,1441910.0,2,"LAPAN, NASA",2,0.13012296102163678
2023,1441912.0,2,"LAPAN, NASA",2,0.12820934315924612
2023,1441913.0,2,"LAPAN, NASA",2,0.12793803210778987
2023,1441914.0,2,"LAPAN, NASA",2,0.1270948186327968
2023,1441916.0,2,"LAPAN, NASA",2,0.12911330316091538
2023,1441918.0,2,"LAPAN, NASA",2,0.12935824778610808
2023,1441919.0,2,"LAPAN, NASA",2,0.12925943840467022
2023,1441920.0,2,"LAPAN, NASA",2,0.1286117722589867
2023,1441921.0,2,"LAPAN, NASA",2,0.1284945607024754
2023,1441941.0,2,"LAPAN, NASA",2,0.141394804606294
2023,1441947.0,2,"LAPAN, NASA",2,0.1424165104486519
2023,1441948.0,2,"LAPAN, NASA",2,0.14237459243758965
2023,1441957.0,2,"LAPAN, NASA",2,0.10077793575377955
2023,1441958.0,2,"LAPAN, NASA",2,0.10047680805126176
2023,1441959.0,2,"LAPAN, NASA",2,0.10201401121089382
2023,1441960.0,2,"LAPAN, NASA",2,0.09985004606505254
2023,1441961.0,2,"LAPAN, NASA",2,0.06833968154638397
2023,1441962.0,2,"LAPAN, NASA",2,0.06804953891016496
2023,1441963.0,2,"LAPAN, NASA",2,0.06834807117129826
2023,1441965.0,2,"LAPAN, NASA",2,0.06943927121141387
2023,1441966.0,2,"LAPAN, NASA",2,0.07042501110688186
2023,1441969.0,2,"LAPAN, NASA",2,0.06932493398350238
2023,1441970.0,2,"LAPAN, NASA",2,0.06840323778963837
2023,1441974.0,2,"LAPAN, NASA",2,0.07061191246256293
2023,1442018.0,2,"LAPAN, NASA",2,0.09236860383534697
2023,1442125.0,2,"LAPAN, NASA",2,0.13780879571612112
2023,1442126.0,2,"LAPAN, NASA",2,0.13651242634663127
2023,1442150.0,2,"LAPAN, NASA",2,0.09454087683398482
2023,1442151.0,2,"LAPAN, NASA",2,0.0894282264325755
2023,1442286.0,2,"LAPAN, NASA",2,0.10710399336433242
2023,1442309.0,2,"LAPAN, NASA",2,0.1048285622796073
2023,1442317.0,3,"LAPAN, NASA",2,0.08266370550102042
2023,1442359.0,2,"LAPAN, NASA",2,0.06903502249905091
2023,1442360.0,2,"LAPAN, NASA",2,0.070587686252493
2023,1442373.0,2,"LAPAN, NASA",2,0.06667525122961758
2023,1442374.0,2,"LAPAN, NASA",2,0.07467863870210179
2023,1442375.0,2,"LAPAN, NASA",2,0.07354707125839965
2023,1442376.0,2,"LAPAN, NASA",2,0.07537041770139581
2023,1442380.0,2,"LAPAN, NASA",2,0.07378630079629574
2023,1442381.0,2,"LAPAN, NASA",2,0.07412260309950015
2023,1442382.0,2,"LAPAN, NASA",2,0.07402110106905463
2023,1442383.0,2,"LAPAN, NASA",2,0.07358551893495828
2023,1442395.0,2,"LAPAN, NASA",2,0.07317786451817225
2023,1442396.0,2,"LAPAN, NASA",2,0.07573325872508745
2023,1442397.0,2,"LAPAN, NASA",2,0.07426355317055473
2023,1442399.0,2,"LAPAN, NASA",2,0.07375460399303337
2023,1442400.0,2,"LAPAN, NASA",2,0.07411475144383374
2023,1442402.0,2,"LAPAN, NASA",2,0.07445971227621322
2023,1442403.0,2,"LAPAN, NASA",2,0.07398357588522819
2023,1442404.0,2,"LAPAN, NASA",2,0.07410343013647923
2023,1442405.0,2,"LAPAN, NASA",2,0.07427452605592451
2023,1442407.0,2,"LAPAN, NASA",2,0.05727956711680997
2023,1442408.0,2,"LAPAN, NASA",2,0.0556500889795878
2023,1442438.0,2,"LAPAN, NASA",2,0.08351383600233837
2023,1442439.0,2,"LAPAN, NASA",2,0.08294897650036916
2023,1442442.0,2,"LAPAN, NASA",2,0.08274257168070476
2023,1442443.0,2,"LAPAN, NASA",2,0.08244711808150763
2023,1442445.0,2,"LAPAN, NASA",2,0.08298637005489201
2023,1442446.0,2,"LAPAN, NASA",2,0.08326900723181369
2023,1442448.0,2,"LAPAN, NASA",2,0.0833462680724044
2023,1442449.0,2,"LAPAN, NASA",2,0.08077812158875673
2023,1443892.0,2,"LAPAN, NASA",2,0.09284825034743205
2023,1443896.0,2,"LAPAN, NASA",2,0.13936839605588536
2023,1443905.0,2,"LAPAN, NASA",2,0.09134775247065924
2023,1443912.0,2,"LAPAN, NASA",2,0.13635832055917513
2023,1443913.0,2,"LAPAN, NASA",2,0.13824241179510657
2023,1443914.0,2,"LAPAN, NASA",2,0.13588351127396517
2023,1443923.0,2,"LAPAN, NASA",2,0.13659018037378196
2023,1443924.0,2,"LAPAN, NASA",2,0.14421995090973555
2023,1443925.0,2,"LAPAN, NASA",2,0.1435752618831389
2023,1443939.0,2,"LAPAN, NASA",2,0.09417982762686818
2023,1443940.0,2,"LAPAN, NASA",2,0.09453798170831028
2023,1443941.0,2,"LAPAN, NASA",2,0.09432025836407255
2023,1443942.0,2,"LAPAN, NASA",2,0.09367191452232682
2023,1443943.0,2,"LAPAN, NASA",2,0.09373248566479903
2023,1443945.0,2,"LAPAN, NASA",2,0.09381983507461227
2023,1443946.0,2,"LAPAN, NASA",2,0.093608043836776
2023,1443947.0,2,"LAPAN, NASA",2,0.09327496019486829
2023,1443969.0,2,"LAPAN, NASA",2,0.14803113798192258
2023,1443970.0,2,"LAPAN, NASA",2,0.14679737067779097
2023,1443973.0,2,"LAPAN, NASA",2,0.1460360922848207
2023,1443974.0,2,"LAPAN, NASA",2,0.14615094143150376
2023,1443975.0,2,"LAPAN, NASA",2,0.14624044210721823
2023,1443976.0,2,"LAPAN, NASA",2,0.14547671549465405
2023,1443977.0,2,"LAPAN, NASA",2,0.1458384810861345
2023,1443980.0,2,"LAPAN, NASA",2,0.14715919084745083
2023,1443983.0,2,"LAPAN, NASA",2,0.1466873566139461
2023,1444042.0,2,"LAPAN, NASA",2,0.10212602521872266
2023,1444043.0,2,"LAPAN, NASA",2,0.10231210592886285
2023,1444060.0,2,"LAPAN, NASA",2,0.10168818025865743
2023,1444114.0,2,"LAPAN, NASA",2,0.09902539874853863
2023,1444115.0,2,"LAPAN, NASA",2,0.09944219282605127
2023,1444116.0,2,"LAPAN, NASA",2,0.09874951832654051
2023,1444121.0,2,"LAPAN, NASA",2,0.09845677374332808
2023,1444122.0,2,"LAPAN, NASA",2,0.09993631430093211
2023,1444123.0,2,"LAPAN, NASA",2,0.09770630144818045
2023,1444124.0,2,"LAPAN, NASA",2,0.09866186396359292
2023,1444128.0,2,"LAPAN, NASA",2,0.098003528138292
2023,1444131.0,2,"LAPAN, NASA",2,0.09827014693248015
2023,1444134.0,2,"LAPAN, NASA",2,0.13791666281492163
2023,1444135.0,2,"LAPAN, NASA",2,0.13727923427677996
2023,1444136.0,2,"LAPAN, NASA",2,0.13726473589122515
2023,1444139.0,2,"LAPAN, NASA",2,0.13728250126289157
2023,1444140.0,2,"LAPAN, NASA",2,0.1369066893531717
2023,1444149.0,2,"LAPAN, NASA",2,0.13739533783507213
2023,1444150.0,2,"LAPAN, NASA",2,0.1374257720469823
2023,1444151.0,2,"LAPAN, NASA",2,0.1368053854940266
2023,1444153.0,2,"LAPAN, NASA",2,0.13787455562058953
2023,1444224.0,2,"LAPAN, NASA",2,0.13959316138648242
2023,1444225.0,2,"LAPAN, NASA",2,0.13555117900902974
2023,1444230.0,2,"LAPAN, NASA",2,0.14030004052884087
2023,1444231.0,2,"LAPAN, NASA",2,0.14049892597830785
2023,1444233.0,2,"LAPAN, NASA",2,0.14039384873908076
2023,1444234.0,2,"LAPAN, NASA",2,0.14039222169624188
2023,1444235.0,2,"LAPAN, NASA",2,0.1403339804794104
2023,1444236.0,2,"LAPAN, NASA",2,0.13327259910781344
2023,1444239.0,2,"LAPAN, NASA",2,0.14044385896120795
2023,1444240.0,2,"LAPAN, NASA",2,0.13210356290148748
2023,1444242.0,2,"LAPAN, NASA",2,0.14158847145777453
2023,1444248.0,2,"LAPAN, NASA",2,0.13472689639001603
2023,1444249.0,2,"LAPAN, NASA",2,0.1342077169165407
2023,1444250.0,2,"LAPAN, NASA",2,0.13442680691262626
2023,1444251.0,2,"LAPAN, NASA",2,0.13441295219008062
2023,1444252.0,2,"LAPAN, NASA",2,0.13464186360087133
2023,1444253.0,2,"LAPAN, NASA",2,0.13312406537486607
2023,1444254.0,2,"LAPAN, NASA",2,0.13291489605100038
2023,1444255.0,2,"LAPAN, NASA",2,0.13256068945010283
2023,1444256.0,2,"LAPAN, NASA",2,0.13434181958146196
2023,1444257.0,2,"LAPAN, NASA",2,0.13434535562831887
2023,1444258.0,2,"LAPAN, NASA",2,0.1342433170719773
2023,1444259.0,2,"LAPAN, NASA",2,0.13404299155589258
2023,1444260.0,2,"LAPAN, NASA",2,0.13383271732904498
2023,1444261.0,2,"LAPAN, NASA",2,0.13390820016694405
2023,1444262.0,2,"LAPAN, NASA",2,0.13349815257941522
2023,1444263.0,2,"LAPAN, NASA",2,0.1330895678882874
2023,1444264.0,2,"LAPAN, NASA",2,0.1323735934603781
2023,1444265.0,2,"LAPAN, NASA",2,0.1340443673741577
2023,1444285.0,2,"LAPAN, NASA",2,0.09031347590175728
2023,1444293.0,2,"LAPAN, NASA",2,0.08973129069558979
2023,1444296.0,2,"LAPAN, NASA",2,0.08974627226067788
2023,1444302.0,2,"LAPAN, NASA",2,0.13391519236360633
2023,1444313.0,2,"LAPAN, NASA",2,0.13531491105654525
2023,1444318.0,2,"LAPAN, NASA",2,0.13408040422786344
2023,1444322.0,2,"LAPAN, NASA",2,0.13566493511037422
2023,1444343.0,2,"LAPAN, NASA",2,0.09048777320466622
2023,1444352.0,2,"LAPAN, NASA",2,0.08901692005250217
2023,1444374.0,2,"LAPAN, NASA",2,0.09420931618713584
2023,1444376.0,2,"LAPAN, NASA",2,0.09268094477111208
2023,1444378.0,2,"LAPAN, NASA",2,0.0928321841593171
2023,1444379.0,2,"LAPAN, NASA",2,0.09304171210161341
2023,1444386.0,2,"LAPAN, NASA",2,0.13955373877079347
2023,1444388.0,2,"LAPAN, NASA",2,0.09544524553430596
2023,1444433.0,2,"LAPAN, NASA",2,0.07963394425193195
2023,1444436.0,2,"LAPAN, NASA",2,0.11434206234139735
2023,1444437.0,2,"LAPAN, NASA",2,0.11287498309746062
2023,1444438.0,2,"LAPAN, NASA",2,0.1132302395312747
2023,1444439.0,2,"LAPAN, NASA",2,0.11243482211786403
2023,1444440.0,2,"LAPAN, NASA",2,0.11250061737607589
2023,1444442.0,2,"LAPAN, NASA",2,0.11179748799372725
2023,1444443.0,2,"LAPAN, NASA",2,0.11243564856565519
2023,1444444.0,2,"LAPAN, NASA",2,0.11033201635442016
2023,1444447.0,2,"LAPAN, NASA",2,0.08582346453010704
2023,1444448.0,2,"LAPAN, NASA",2,0.0858132248569187
2023,1444449.0,2,"LAPAN, NASA",2,0.08494589978187324
2023,1444450.0,2,"LAPAN, NASA",2,0.08572843098499193
2023,1444451.0,2,"LAPAN, NASA",2,0.08425947028348738
2023,1444452.0,2,"LAPAN, NASA",2,0.08450507893751094
2023,1444504.0,2,"LAPAN, NASA",2,0.08072203109374865
2023,1444506.0,2,"LAPAN, NASA",2,0.08317874192032194
2023,1444507.0,2,"LAPAN, NASA",2,0.0834713299305566
2023,1444508.0,2,"LAPAN, NASA",2,0.08170896720981588
2023,1444582.0,2,"LAPAN, NASA",2,0.10775028731854386
2023,1444585.0,2,"LAPAN, NASA",2,0.11351001116343055
2023,1444604.0,2,"LAPAN, NASA",2,0.09152895965936067
2023,1444605.0,2,"LAPAN, NASA",2,0.09665547935791038
2023,1444613.0,2,"LAPAN, NASA",2,0.08980335967330907
2023,1444615.0,2,"LAPAN, NASA",2,0.08886673656437102
2023,1444619.0,2,"LAPAN, NASA",2,0.08888615068430399
2023,1445047.0,2,"LAPAN, NASA",2,0.08936090658291092
2023,1445116.0,3,"LAPAN, NASA",2,0.11596155348882124
2023,1445117.0,2,"LAPAN, NASA",2,0.14417645027228124
2023,1446419.0,2,"LAPAN, NASA",2,0.08455719825266407
2023,1446420.0,2,"LAPAN, NASA",2,0.08471626777214251
2023,1446421.0,2,"LAPAN, NASA",2,0.08359331013054741
2023,1446429.0,2,"LAPAN, NASA",2,0.08781492811309632
2023,1446430.0,2,"LAPAN, NASA",2,0.08783384880223687
2023,1446435.0,2,"LAPAN, NASA",2,0.06905843275200031
2023,1446436.0,2,"LAPAN, NASA",2,0.06960305478618993
2023,1446442.0,2,"LAPAN, NASA",2,0.06711653543616662
2023,1446443.0,2,"LAPAN, NASA",2,0.06814857485432828
2023,1446444.0,2,"LAPAN, NASA",2,0.06737736967435767
2023,1446445.0,2,"LAPAN, NASA",2,0.06737667632845976
2023,1446446.0,2,"LAPAN, NASA",2,0.06791076043598708
2023,1446447.0,2,"LAPAN, NASA",2,0.0661769328403495
2023,1446448.0,2,"LAPAN, NASA",2,0.0672054620526619
2023,1446449.0,2,"LAPAN, NASA",2,0.06677101945585776
2023,1446450.0,2,"LAPAN, NASA",2,0.06673036670938479
2023,1446451.0,2,"LAPAN, NASA",2,0.06592423684412826
2023,1446452.0,2,"LAPAN, NASA",2,0.06639309984549474
2023,1446453.0,2,"LAPAN, NASA",2,0.06617834964176302
2023,1446454.0,2,"LAPAN, NASA",2,0.06572523929635685
2023,1446455.0,2,"LAPAN, NASA",2,0.06720746305516076
2023,1446456.0,2,"LAPAN, NASA",2,0.06604365039852189
2023,1446457.0,2,"LAPAN, NASA",2,0.0654045200295176
2023,1446478.0,2,"LAPAN, NASA",2,0.07115675190083971
2023,1446479.0,2,"LAPAN, NASA",2,0.07105306073999769
2023,1446509.0,2,"LAPAN, NASA",2,0.09087339212523077
2023,1446511.0,2,"LAPAN, NASA",2,0.0906548748740509
2023,1446512.0,2,"LAPAN, NASA",2,0.09020409959519067
2023,1446541.0,2,"LAPAN, NASA",2,0.0761598128285507
2023,1446808.0,3,"LAPAN, NASA",2,0.2891502618215616
2023,1446809.0,2,"LAPAN, NASA",2,0.2905403552036576
2023,1446846.0,3,"LAPAN, NASA",2,0.3213183088269857
2023,1446851.0,3,"LAPAN, NASA",2,0.32178810631523513
2023,1446853.0,2,"LAPAN, NASA",2,0.22792111269958287
2023,1446855.0,3,"LAPAN, NASA",2,0.4116162201107381
2023,1447877.0,2,"LAPAN, NASA",2,0.06543475200442157
2023,1447878.0,2,"LAPAN, NASA",2,0.06539142212715825
2023,1447887.0,2,"LAPAN, NASA",2,0.06315614676435384
2023,1447888.0,2,"LAPAN, NASA",2,0.06346600961840754
2023,1447889.0,2,"LAPAN, NASA",2,0.062483424838925966
2023,1447890.0,2,"LAPAN, NASA",2,0.06346263115481687
2023,1447916.0,2,"LAPAN, NASA",2,0.0913426584333524
2023,1447951.0,2,"LAPAN, NASA",2,0.09437733289171205
2023,1447952.0,2,"LAPAN, NASA",2,0.09346430146405696
2023,1447953.0,2,"LAPAN, NASA",2,0.09421650864612549
2023,1447954.0,2,"LAPAN, NASA",2,0.09423607890134666
2023,1447955.0,2,"LAPAN, NASA",2,0.09486941494394696
2023,1447956.0,2,"LAPAN, NASA",2,0.09497989759101216
2023,1447957.0,2,"LAPAN, NASA",2,0.09634254703318246
2023,1447965.0,2,"LAPAN, NASA",2,0.09491146146918993
2023,1447967.0,2,"LAPAN, NASA",2,0.09427361452683057
2023,1448156.0,2,"LAPAN, NASA",2,0.0862661802713298
2023,1448164.0,2,"LAPAN, NASA",2,0.0888931999362448
2023,1448166.0,2,"LAPAN, NASA",2,0.06713599500674455
2023,1448342.0,2,"LAPAN, NASA",2,0.10301819238355862
2023,1448348.0,2,"LAPAN, NASA",2,0.10147721102309801
2023,1448350.0,2,"LAPAN, NASA",2,0.07644567146262607
2023,1448371.0,2,"LAPAN, NASA",2,0.0658208414507208
2023,1448372.0,2,"LAPAN, NASA",2,0.067183629693459
2023,1448373.0,2,"LAPAN, NASA",2,0.06743357464148457
2023,1448374.0,2,"LAPAN, NASA",2,0.06574231715199455
2023,1448375.0,2,"LAPAN, NASA",2,0.06614561223358607
2023,1448819.0,2,"LAPAN, NASA",2,0.11104771546923611
2023,1448820.0,2,"LAPAN, NASA",2,0.11001460080897917
2023,1448821.0,2,"LAPAN, NASA",2,0.10729322536295302
2023,1448822.0,2,"LAPAN, NASA",2,0.1083972432397727
2023,1448823.0,2,"LAPAN, NASA",2,0.10739809738358107
2023,1448834.0,2,"LAPAN, NASA",2,0.11487059237438267
2023,1448839.0,2,"LAPAN, NASA",2,0.13842427937500912
2023,1448840.0,2,"LAPAN, NASA",2,0.1364249607126813
2023,1448841.0,2,"LAPAN, NASA",2,0.13214372279931608
2023,1448842.0,2,"LAPAN, NASA",2,0.13327729909738092
2023,1448843.0,2,"LAPAN, NASA",2,0.1333267970603415
2023,1448844.0,2,"LAPAN, NASA",2,0.13273677455448643
2023,1448845.0,2,"LAPAN, NASA",2,0.1328186175198868
2023,1448860.0,2,"LAPAN, NASA",2,0.11498832349469465
2023,1448865.0,2,"LAPAN, NASA",2,0.08846836299338538
2023,1448871.0,2,"LAPAN, NASA",2,0.11455852671467397
2023,1449561.0,2,"LAPAN, NASA",2,0.1046922096771073
2023,1449562.0,2,"LAPAN, NASA",2,0.10465130416106967
2023,1449570.0,2,"LAPAN, NASA",2,0.10377103242975377
2023,1449573.0,2,"LAPAN, NASA",2,0.10553423219419283
2023,1449597.0,2,"LAPAN, NASA",2,0.16167837521394673
2023,1449602.0,2,"LAPAN, NASA",2,0.16101009774552758
2023,1449616.0,2,"LAPAN, NASA",2,0.11489613393322327
2023,1449626.0,2,"LAPAN, NASA",2,0.11703314627602987
2023,1449628.0,2,"LAPAN, NASA",2,0.11765155144993832
2023,1449629.0,2,"LAPAN, NASA",2,0.11898941027887039
2023,1449630.0,2,"LAPAN, NASA",2,0.11843337919304635
2023,1449631.0,2,"LAPAN, NASA",2,0.11758483168472472
2023,1449632.0,2,"LAPAN, NASA",2,0.11819079837618073
2023,1449633.0,2,"LAPAN, NASA",2,0.11787850387162058
2023,1449634.0,2,"LAPAN, NASA",2,0.11757147988967556
2023,1449635.0,2,"LAPAN, NASA",2,0.11810817608347089
2023,1449636.0,2,"LAPAN, NASA",2,0.1190069364625506
2023,1449637.0,2,"LAPAN, NASA",2,0.11928745988989148
2023,1450263.0,2,"LAPAN, NASA",2,0.12762002088059382
2023,1450330.0,2,"LAPAN, NASA",2,0.08708283384133485
2023,1450332.0,2,"LAPAN, NASA",2,0.0871360395156352
2023,1450333.0,2,"LAPAN, NASA",2,0.08838463563880852
2023,1450335.0,2,"LAPAN, NASA",2,0.08711530507486352
2023,1450336.0,2,"LAPAN, NASA",2,0.08739143322283134
2023,1450337.0,2,"LAPAN, NASA",2,0.08801028355211259
2023,1450338.0,2,"LAPAN, NASA",2,0.08918295990696214
2023,1450339.0,2,"LAPAN, NASA",2,0.08823091399340306
2023,1450340.0,2,"LAPAN, NASA",2,0.08883166336924357
2023,1450343.0,2,"LAPAN, NASA",2,0.08923922089661263
2023,1450344.0,2,"LAPAN, NASA",2,0.08938063283168758
2023,1450355.0,2,"LAPAN, NASA",2,0.13374094167571876
2023,1450358.0,2,"LAPAN, NASA",2,0.13415929361780773
2023,1450361.0,2,"LAPAN, NASA",2,0.1376919667140879
2023,1450362.0,2,"LAPAN, NASA",2,0.13712916440000797
2023,1450363.0,2,"LAPAN, NASA",2,0.1360957512986509
2023,1450364.0,2,"LAPAN, NASA",2,0.1368640919276544
2023,1450365.0,2,"LAPAN, NASA",2,0.13777797073618966
2023,1450366.0,2,"LAPAN, NASA",2,0.13757485239477
2023,1450367.0,2,"LAPAN, NASA",2,0.13758629747365336
2023,1450369.0,2,"LAPAN, NASA",2,0.13864660460718217
2023,1450370.0,2,"LAPAN, NASA",2,0.14149613924234256
2023,1450381.0,2,"LAPAN, NASA",2,0.1440655774784979
2023,1450382.0,2,"LAPAN, NASA",2,0.1433798319681417
2023,1450394.0,2,"LAPAN, NASA",2,0.1025370100952935
2023,1450396.0,2,"LAPAN, NASA",2,0.10447186110905536
2023,1450404.0,2,"LAPAN, NASA",2,0.1422651329563995
2023,1450450.0,2,"LAPAN, NASA",2,0.14121677767567103
2023,1450524.0,2,"LAPAN, NASA",2,0.15398285760543534
2023,1450526.0,2,"LAPAN, NASA",2,0.11247633924220282
2023,1450574.0,2,"LAPAN, NASA",2,0.08974360505790024
2023,1450575.0,2,"LAPAN, NASA",2,0.07790191428171697
2023,1450601.0,2,"LAPAN, NASA",2,0.09808311885122126
2023,1450604.0,2,"LAPAN, NASA",2,0.04951671174023898
2023,1450605.0,2,"LAPAN, NASA",2,0.04912816107967044
2023,1450606.0,2,"LAPAN, NASA",2,0.04898794152279183
2023,1450607.0,2,"LAPAN, NASA",2,0.048676933351319056
2023,1450608.0,2,"LAPAN, NASA",2,0.049256648508098445
2023,1450609.0,2,"LAPAN, NASA",2,0.049662350603310125
2023,1450610.0,2,"LAPAN, NASA",2,0.04868740067342676
2023,1450612.0,2,"LAPAN, NASA",2,0.04904066873580557
2023,1450614.0,2,"LAPAN, NASA",2,0.04795757537404522
2023,1450616.0,2,"LAPAN, NASA",2,0.047793495230430874
2023,1450617.0,2,"LAPAN, NASA",2,0.04793880214495166
2023,1450618.0,2,"LAPAN, NASA",2,0.04672084602163753
2023,1450619.0,2,"LAPAN, NASA",2,0.04768938179251465
2023,1450620.0,2,"LAPAN, NASA",2,0.04810213231168367
2023,1450621.0,2,"LAPAN, NASA",2,0.04780251570413314
2023,1450622.0,2,"LAPAN, NASA",2,0.04775571583549533
2023,1450623.0,2,"LAPAN, NASA",2,0.07129313162034559
2023,1450624.0,2,"LAPAN, NASA",2,0.07187168056361824
2023,1450625.0,2,"LAPAN, NASA",2,0.07136977307716681
2023,1450626.0,2,"LAPAN, NASA",2,0.07172919428491353
2023,1450628.0,2,"LAPAN, NASA",2,0.07211937396896852
2023,1450629.0,2,"LAPAN, NASA",2,0.07241911026801749
2023,1450630.0,2,"LAPAN, NASA",2,0.07138036766883178
2023,1450631.0,2,"LAPAN, NASA",2,0.07191577306064953
2023,1450710.0,2,"LAPAN, NASA",2,0.058729284667023866
2023,1450711.0,2,"LAPAN, NASA",2,0.058656818422373525
2023,1450712.0,2,"LAPAN, NASA",2,0.05946823318572058
2023,1450716.0,2,"LAPAN, NASA",2,0.07858951136051852
2023,1450720.0,2,"LAPAN, NASA",2,0.0770210052435465
2023,1450722.0,2,"LAPAN, NASA",2,0.10383769260645857
2023,1450723.0,2,"LAPAN, NASA",2,0.1040471615179527
2023,1450724.0,2,"LAPAN, NASA",2,0.10345256513919614
2023,1450725.0,2,"LAPAN, NASA",2,0.1044683226508497
2023,1450726.0,2,"LAPAN, NASA",2,0.10514141681557641
2023,1450727.0,2,"LAPAN, NASA",2,0.10368178656346357
2023,1450728.0,2,"LAPAN, NASA",2,0.10519797685993129
2023,1450729.0,2,"LAPAN, NASA",2,0.10342076223481896
2023,1450730.0,2,"LAPAN, NASA",2,0.10351587970472927
2023,1450731.0,2,"LAPAN, NASA",2,0.10368113138735902
2023,1450732.0,2,"LAPAN, NASA",2,0.10470795472212448
2023,1450734.0,2,"LAPAN, NASA",2,0.10380080599514946
2023,1450735.0,2,"LAPAN, NASA",2,0.10453400587929787
2023,1450752.0,2,"LAPAN, NASA",2,0.08704180306642942
2023,1450759.0,2,"LAPAN, NASA",2,0.09897131012716633
2023,1450760.0,2,"LAPAN, NASA",2,0.09961907696995095
2023,1450761.0,2,"LAPAN, NASA",2,0.09840427212563668
2023,1450762.0,2,"LAPAN, NASA",2,0.09935595104911814
2023,1450763.0,2,"LAPAN, NASA",2,0.09879484348580667
2023,1450764.0,2,"LAPAN, NASA",2,0.09888606225890248
2023,1450765.0,2,"LAPAN, NASA",2,0.10128927623203875
2023,1450767.0,2,"LAPAN, NASA",2,0.10237226562309562
2023,1450768.0,2,"LAPAN, NASA",2,0.10188882780669412
2023,1450769.0,2,"LAPAN, NASA",2,0.1019017447798554
2023,1450770.0,2,"LAPAN, NASA",2,0.10269795298168412
2023,1450771.0,2,"LAPAN, NASA",2,0.10218088967306145
2023,1450790.0,2,"LAPAN, NASA",2,0.059655105183819314
2023,1450802.0,2,"LAPAN, NASA",2,0.059956704794965704
2023,1450804.0,2,"LAPAN, NASA",2,0.06062725135830029
2023,1450807.0,2,"LAPAN, NASA",2,0.08521833865863213
2023,1450808.0,2,"LAPAN, NASA",2,0.08410545682096271
2023,1450809.0,2,"LAPAN, NASA",2,0.08415413320064744
2023,1450811.0,2,"LAPAN, NASA",2,0.0856603337770251
2023,1450812.0,2,"LAPAN, NASA",2,0.085693746536489
2023,1450813.0,2,"LAPAN, NASA",2,0.08570270860476148
2023,1450816.0,2,"LAPAN, NASA",2,0.08540914468343849
2023,1450817.0,2,"LAPAN, NASA",2,0.0849613746331502
2023,1450818.0,2,"LAPAN, NASA",2,0.08534911439579199
2023,1450819.0,2,"LAPAN, NASA",2,0.08657369254355571
2023,1450856.0,2,"LAPAN, NASA",2,0.07444382239237791
2023,1450858.0,2,"LAPAN, NASA",2,0.08542755007556785
2023,1450859.0,2,"LAPAN, NASA",2,0.08802141755392595
2023,1450860.0,2,"LAPAN, NASA",2,0.08715780851282738
2023,1450866.0,2,"LAPAN, NASA",2,0.050691030841834725
2023,1450870.0,2,"LAPAN, NASA",2,0.07395582786057207
2023,1450873.0,2,"LAPAN, NASA",2,0.06189327979857413
2023,1450874.0,2,"LAPAN, NASA",2,0.061916907095148306
2023,1450881.0,2,"LAPAN, NASA",2,0.06278048313562469
2023,1450892.0,2,"LAPAN, NASA",2,0.05168429066468548
2023,1450893.0,2,"LAPAN, NASA",2,0.049906075271262854
2023,1450894.0,2,"LAPAN, NASA",2,0.04900325121774003
2023,1450895.0,2,"LAPAN, NASA",2,0.05043787247159926
2023,1451599.0,3,"LAPAN, NASA",2,0.2622046003812225
2023,1451807.0,3,"LAPAN, NASA",2,0.24197962754284444
2023,1451808.0,3,"LAPAN, NASA",2,0.24410482679890338
2023,1451809.0,2,"LAPAN, NASA",2,0.24365651631564383
2023,1451812.0,2,"LAPAN, NASA",2,0.16186200633636574
2023,1451832.0,3,"LAPAN, NASA",2,0.22921928519113174
2023,1451838.0,2,"LAPAN, NASA",2,0.1717775506512449
2023,1451847.0,2,"LAPAN, NASA",2,0.15935300684586598
2023,1451856.0,3,"LAPAN, NASA",2,0.24674319847576207
2023,1451858.0,2,"LAPAN, NASA",2,0.24716553658958607
2023,1451886.0,3,"LAPAN, NASA",2,0.1657096567123294
2023,1451887.0,3,"LAPAN, NASA",2,0.16547651501463603
2023,1451888.0,3,"LAPAN, NASA",2,0.16530575367691666
2023,1451889.0,2,"LAPAN, NASA",2,0.16589574936777196
2023,1451899.0,3,"LAPAN, NASA",2,0.16521767321131736
2023,1451915.0,2,"LAPAN, NASA",2,0.24674161576931422
2023,1451928.0,3,"LAPAN, NASA",2,0.24706089968253855
2023,1451943.0,3,"LAPAN, NASA",2,0.14271533621615468
2023,1452318.0,2,"LAPAN, NASA",2,0.06982874628642714
2023,1452319.0,2,"LAPAN, NASA",2,0.0699422560218172
2023,1452320.0,2,"LAPAN, NASA",2,0.06899370898469602
2023,1452321.0,2,"LAPAN, NASA",2,0.07005342563525867
2023,1452322.0,2,"LAPAN, NASA",2,0.06972475736847877
2023,1452323.0,2,"LAPAN, NASA",2,0.07027530934566431
2023,1452324.0,2,"LAPAN, NASA",2,0.06988495565503876
2023,1452325.0,2,"LAPAN, NASA",2,0.07041021111448362
2023,1452326.0,2,"LAPAN, NASA",2,0.07057249957456449
2023,1452327.0,2,"LAPAN, NASA",2,0.07029331101975796
2023,1452328.0,2,"LAPAN, NASA",2,0.08381040500909359
2023,1452329.0,2,"LAPAN, NASA",2,0.08303621402003239
2023,1452330.0,2,"LAPAN, NASA",2,0.08416348599768007
2023,1452331.0,2,"LAPAN, NASA",2,0.08339574608611569
2023,1452332.0,2,"LAPAN, NASA",2,0.08442652610226586
2023,1452333.0,2,"LAPAN, NASA",2,0.08387845150801015
2023,1452336.0,2,"LAPAN, NASA",2,0.08366310799125072
2023,1452337.0,2,"LAPAN, NASA",2,0.08354837430293718
2023,1452342.0,2,"LAPAN, NASA",2,0.08373392209827213
2023,1452344.0,2,"LAPAN, NASA",2,0.08424310438261709
2023,1452345.0,2,"LAPAN, NASA",2,0.08430086304591773
2023,1452346.0,2,"LAPAN, NASA",2,0.083370217197539
2023,1452347.0,2,"LAPAN, NASA",2,0.08197729582771522
2023,1452348.0,2,"LAPAN, NASA",2,0.08365877150421291
2023,1452349.0,2,"LAPAN, NASA",2,0.083823288075344
2023,1452353.0,2,"LAPAN, NASA",2,0.08440321828143678
2023,1452354.0,2,"LAPAN, NASA",2,0.08495442603740083
2023,1452355.0,2,"LAPAN, NASA",2,0.08411182411232197
2023,1452356.0,2,"LAPAN, NASA",2,0.08290842553139177
2023,1452357.0,2,"LAPAN, NASA",2,0.08362379494103382
2023,1452358.0,2,"LAPAN, NASA",2,0.08353720413271887
2023,1452359.0,2,"LAPAN, NASA",2,0.0837164572635226
2023,1452360.0,2,"LAPAN, NASA",2,0.084170613049005
2023,1452361.0,2,"LAPAN, NASA",2,0.08296982735626673
2023,1452362.0,2,"LAPAN, NASA",2,0.08360645146342847
2023,1452363.0,2,"LAPAN, NASA",2,0.08342686669758438
2023,1452364.0,2,"LAPAN, NASA",2,0.08368433801509281
2023,1452366.0,2,"LAPAN, NASA",2,0.08310331115230693
2023,1452368.0,2,"LAPAN, NASA",2,0.08414197611828705
2023,1452388.0,2,"LAPAN, NASA",2,0.058971435942643695
2023,1452392.0,2,"LAPAN, NASA",2,0.06032396173585402
2023,1452393.0,2,"LAPAN, NASA",2,0.06000788638023861
2023,1452394.0,2,"LAPAN, NASA",2,0.06021932679771224
2023,1452395.0,2,"LAPAN, NASA",2,0.060670101667903785
2023,1452405.0,2,"LAPAN, NASA",2,0.06521113692969308
2023,1452406.0,2,"LAPAN, NASA",2,0.06547741339702394
2023,1452419.0,2,"LAPAN, NASA",2,0.06522967389601338
2023,1452424.0,2,"LAPAN, NASA",2,0.06483477876254622
2023,1452430.0,2,"LAPAN, NASA",2,0.05109558476597007
2023,1452439.0,2,"LAPAN, NASA",2,0.05113243718401957
2023,1452450.0,2,"LAPAN, NASA",2,0.05264426998979685
2023,1452453.0,2,"LAPAN, NASA",2,0.05220258950336079
2023,1452454.0,2,"LAPAN, NASA",2,0.052300906703357006
2023,1452455.0,2,"LAPAN, NASA",2,0.05201816299798005
2023,1452460.0,2,"LAPAN, NASA",2,0.05564721500219323
2023,1452461.0,2,"LAPAN, NASA",2,0.05418038480154692
2023,1452465.0,2,"LAPAN, NASA",2,0.05548597444278422
2023,1452466.0,2,"LAPAN, NASA",2,0.05623555209895041
2023,1452467.0,2,"LAPAN, NASA",2,0.055682018275269224
2023,1452468.0,2,"LAPAN, NASA",2,0.05560547180385864
2023,1452469.0,2,"LAPAN, NASA",2,0.05632142996374475
2023,1452470.0,2,"LAPAN, NASA",2,0.056587994967736116
2023,1452471.0,2,"LAPAN, NASA",2,0.05517200065875801
2023,1452481.0,2,"LAPAN, NASA",2,0.08404238348423852
2023,1452482.0,2,"LAPAN, NASA",2,0.0846570697957621
2023,1452485.0,2,"LAPAN, NASA",2,0.08395566800845067
2023,1452486.0,2,"LAPAN, NASA",2,0.0844494219391104
2023,1452487.0,2,"LAPAN, NASA",2,0.0838374605678555
2023,1452489.0,2,"LAPAN, NASA",2,0.0829052699634153
2023,1452490.0,2,"LAPAN, NASA",2,0.08340093716636512
2023,1452491.0,2,"LAPAN, NASA",2,0.08270573032523756
2023,1452492.0,2,"LAPAN, NASA",2,0.08270668612355248
2023,1452493.0,2,"LAPAN, NASA",2,0.08312203901065054
2023,1452524.0,2,"LAPAN, NASA",2,0.07494855648888489
2023,1452525.0,2,"LAPAN, NASA",2,0.07452974090279589
2023,1452526.0,2,"LAPAN, NASA",2,0.07549970532982196
2023,1452527.0,2,"LAPAN, NASA",2,0.07449266708596627
2023,1452528.0,2,"LAPAN, NASA",2,0.07525425738666242
2023,1452529.0,2,"LAPAN, NASA",2,0.07526764660104877
2023,1452530.0,2,"LAPAN, NASA",2,0.07546738903837781
2023,1452531.0,2,"LAPAN, NASA",2,0.07502784294968608
2023,1452532.0,2,"LAPAN, NASA",2,0.07524914875367486
2023,1452533.0,2,"LAPAN, NASA",2,0.07503212789362172
2023,1452534.0,2,"LAPAN, NASA",2,0.07541133498396094
2023,1452535.0,2,"LAPAN, NASA",2,0.07578489243592088
2023,1452536.0,2,"LAPAN, NASA",2,0.07483495521791118
2023,1452537.0,2,"LAPAN, NASA",2,0.07625521291090358
2023,1452538.0,2,"LAPAN, NASA",2,0.0738006052555864
2023,1452539.0,2,"LAPAN, NASA",2,0.0752621278430993
2023,1452540.0,2,"LAPAN, NASA",2,0.0751007418394287
2023,1452541.0,2,"LAPAN, NASA",2,0.07540295058648379
2023,1452543.0,2,"LAPAN, NASA",2,0.07560537415890414
2023,1452544.0,2,"LAPAN, NASA",2,0.10057874992418597
2023,1452556.0,2,"LAPAN, NASA",2,0.0768202334334853
2023,1452557.0,2,"LAPAN, NASA",2,0.07616658521768685
2023,1452558.0,2,"LAPAN, NASA",2,0.09335136720084661
2023,1452559.0,2,"LAPAN, NASA",2,0.09290706126581995
2023,1452730.0,2,"LAPAN, NASA",2,0.09289606422795596
2023,1452732.0,2,"LAPAN, NASA",2,0.09248877650399694
2023,1452823.0,2,"LAPAN, NASA",2,0.09401768592540087
2023,1452885.0,2,"LAPAN, NASA",2,0.08396706697015709
2023,1452891.0,2,"LAPAN, NASA",2,0.11888493057320183
2023,1454127.0,2,"LAPAN, NASA",2,0.19145047613209326
2023,1454233.0,2,"LAPAN, NASA",2,0.1836950637597047
2023,1454234.0,2,"LAPAN, NASA",2,0.1808362958963551
2023,1454238.0,2,"LAPAN, NASA",2,0.18102511833671087
2023,1454243.0,2,"LAPAN, NASA",2,0.18279234009667603
2023,1454245.0,2,"LAPAN, NASA",2,0.18131714046482342
2023,1454246.0,2,"LAPAN, NASA",2,0.1837535412508246
2023,1454253.0,3,"LAPAN, NASA",2,0.13199618883274342
2023,1454256.0,2,"LAPAN, NASA",2,0.13374298131757278
2023,1454259.0,3,"LAPAN, NASA",2,0.14546746722019213
2023,1454260.0,3,"LAPAN, NASA",2,0.1399075185737392
2023,1454261.0,2,"LAPAN, NASA",2,0.1355270094424884
2023,1454262.0,2,"LAPAN, NASA",2,0.13424671299395963
2023,1454264.0,3,"LAPAN, NASA",2,0.13402723824141213
2023,1454265.0,3,"LAPAN, NASA",2,0.13151136283539666
2023,1454269.0,2,"LAPAN, NASA",2,0.13236042639383194
2023,1454274.0,2,"LAPAN, NASA",2,0.132435959218449
2023,1454275.0,2,"LAPAN, NASA",2,0.13032522259595017
2023,1454276.0,2,"LAPAN, NASA",2,0.1310474588562405
2023,1454279.0,2,"LAPAN, NASA",2,0.1310025123102594
2023,1454280.0,2,"LAPAN, NASA",2,0.13032231974263067
2023,1454281.0,2,"LAPAN, NASA",2,0.12946161099434556
2023,1454291.0,2,"LAPAN, NASA",2,0.1322773007088099
2023,1454293.0,2,"LAPAN, NASA",2,0.13131808551202448
2023,1454294.0,2,"LAPAN, NASA",2,0.12899385781192774
2023,1454301.0,2,"LAPAN, NASA",2,0.09728946545104399
2023,1454306.0,2,"LAPAN, NASA",2,0.19401693774724174
2023,1454307.0,2,"LAPAN, NASA",2,0.1898114271749023
2023,1454312.0,2,"LAPAN, NASA",2,0.18962884068790548
2023,1454313.0,2,"LAPAN, NASA",2,0.18980124874722742
2023,1454320.0,2,"LAPAN, NASA",2,0.11556139733883675
2023,1454321.0,2,"LAPAN, NASA",2,0.11382306754753732
2023,1454338.0,2,"LAPAN, NASA",2,0.16464055422221402
2023,1454339.0,2,"LAPAN, NASA",2,0.16348743762264523
2023,1454341.0,2,"LAPAN, NASA",2,0.16363502697868973
2023,1454342.0,2,"LAPAN, NASA",2,0.16446563527148228
2023,1454345.0,2,"LAPAN, NASA",2,0.16420967235697845
2023,1454365.0,2,"LAPAN, NASA",2,0.1635141863588029
2023,1454366.0,2,"LAPAN, NASA",2,0.16414490971553286
2023,1454367.0,2,"LAPAN, NASA",2,0.16421179529205746
2023,1454368.0,2,"LAPAN, NASA",2,0.164230414125304
2023,1454369.0,2,"LAPAN, NASA",2,0.16202570706858221
2023,1454375.0,2,"LAPAN, NASA",2,0.09649987170258763
2023,1454376.0,2,"LAPAN, NASA",2,0.09506084139914431
2023,1454377.0,2,"LAPAN, NASA",2,0.0949057608987077
2023,1454378.0,2,"LAPAN, NASA",2,0.09450627602458907
2023,1454379.0,2,"LAPAN, NASA",2,0.09438318220737707
2023,1454380.0,2,"LAPAN, NASA",2,0.09453474221876074
2023,1454382.0,2,"LAPAN, NASA",2,0.09471543579228589
2023,1454383.0,2,"LAPAN, NASA",2,0.09444393815516346
2023,1454384.0,2,"LAPAN, NASA",2,0.09294210696507445
2023,1454386.0,2,"LAPAN, NASA",2,0.09393298320061784
2023,1454387.0,2,"LAPAN, NASA",2,0.09419120338757506
2023,1454388.0,2,"LAPAN, NASA",2,0.0936820814852913
2023,1454390.0,2,"LAPAN, NASA",2,0.09333416357182665
2023,1454391.0,2,"LAPAN, NASA",2,0.09253873244741141
2023,1454394.0,2,"LAPAN, NASA",2,0.09151169381130086
2023,1454395.0,2,"LAPAN, NASA",2,0.09084440996614751
2023,1454396.0,2,"LAPAN, NASA",2,0.09157552000746251
2023,1454441.0,2,"LAPAN, NASA",2,0.10258929401655606
2023,1454442.0,2,"LAPAN, NASA",2,0.10214234006711861
2023,1454443.0,2,"LAPAN, NASA",2,0.10335090213460879
2023,1454444.0,2,"LAPAN, NASA",2,0.10212878973456219
2023,1454445.0,2,"LAPAN, NASA",2,0.09926387606612094
2023,1454446.0,2,"LAPAN, NASA",2,0.10223923242854081
2023,1454447.0,2,"LAPAN, NASA",2,0.0977239605861961
2023,1454449.0,2,"LAPAN, NASA",2,0.10152500638165718
2023,1454450.0,2,"LAPAN, NASA",2,0.10169548309297592
2023,1454451.0,2,"LAPAN, NASA",2,0.09631225283716112
2023,1454452.0,2,"LAPAN, NASA",2,0.09636941396772616
2023,1454457.0,2,"LAPAN, NASA",2,0.09816533395495658
2023,1454458.0,2,"LAPAN, NASA",2,0.09744603660843419
2023,1454459.0,2,"LAPAN, NASA",2,0.09759299062265557
2023,1454462.0,2,"LAPAN, NASA",2,0.09863737731671446
2023,1454463.0,2,"LAPAN, NASA",2,0.09763677776771333
2023,1454464.0,2,"LAPAN, NASA",2,0.09731170240951262
2023,1454465.0,2,"LAPAN, NASA",2,0.09861275736310036
2023,1454466.0,2,"LAPAN, NASA",2,0.09857311567030223
2023,1454467.0,3,"LAPAN, NASA",2,0.09775985004493701
2023,1454469.0,2,"LAPAN, NASA",2,0.09685949360266116
2023,1454470.0,3,"LAPAN, NASA",2,0.09838507070806778
2023,1454471.0,3,"LAPAN, NASA",2,0.09736688156114874
2023,1454472.0,2,"LAPAN, NASA",2,0.12003651970952907
2023,1454473.0,2,"LAPAN, NASA",2,0.11941055043538347
2023,1454474.0,2,"LAPAN, NASA",2,0.11951617782798521
2023,1454481.0,2,"LAPAN, NASA",2,0.1715334865083591
2023,1454484.0,2,"LAPAN, NASA",2,0.17021570020648052
2023,1454621.0,2,"LAPAN, NASA",2,0.16993872751262631
2023,1454622.0,2,"LAPAN, NASA",2,0.1686373261325872
2023,1454623.0,2,"LAPAN, NASA",2,0.15941833185622498
2023,1454624.0,2,"LAPAN, NASA",2,0.15930685492268956
2023,1454626.0,2,"LAPAN, NASA",2,0.16147274831126196
2023,1454640.0,2,"LAPAN, NASA",2,0.10157476257456845
2023,1454641.0,2,"LAPAN, NASA",2,0.09635435672141121
2023,1454642.0,3,"LAPAN, NASA",2,0.48774602097410036
2023,1454643.0,3,"LAPAN, NASA",2,0.12927934465169827
2023,1454652.0,2,"LAPAN, NASA",2,0.0954028371721746
2023,1454653.0,2,"LAPAN, NASA",2,0.09563708052390597
2023,1454654.0,2,"LAPAN, NASA",2,0.09495375755129788
2023,1454655.0,2,"LAPAN, NASA",2,0.09370336973118132
2023,1454657.0,2,"LAPAN, NASA",2,0.09558839243403097
2023,1454669.0,2,"LAPAN, NASA",2,0.13998682720607733
2023,1454670.0,2,"LAPAN, NASA",2,0.13911906493765797
2023,1454671.0,2,"LAPAN, NASA",2,0.14051871048846012
2023,1454679.0,2,"LAPAN, NASA",2,0.09564690529631037
2023,1454690.0,2,"LAPAN, NASA",2,0.08494779491490341
2023,1454693.0,2,"LAPAN, NASA",2,0.13317405668501922
2023,1454695.0,2,"LAPAN, NASA",2,0.1376547861285246
2023,1454696.0,2,"LAPAN, NASA",2,0.13742537344790842
2023,1454697.0,2,"LAPAN, NASA",2,0.09363682917749695
2023,1454698.0,2,"LAPAN, NASA",2,0.09274147189635111
2023,1454780.0,2,"LAPAN, NASA",2,0.13146105051105336
2023,1454781.0,2,"LAPAN, NASA",2,0.13349245458815975
2023,1454782.0,2,"LAPAN, NASA",2,0.1363204093955074
2023,1454788.0,2,"LAPAN, NASA",2,0.13319644244689205
2023,1454789.0,2,"LAPAN, NASA",2,0.13329744131742363
2023,1454897.0,3,"LAPAN, NASA",2,0.28354284147955044
2023,1455003.0,2,"LAPAN, NASA",2,0.20861085074041663
2023,1455005.0,2,"LAPAN, NASA",2,0.20797687976008222
2023,1455553.0,2,"LAPAN, NASA",2,0.11542845350692278
2023,1455554.0,2,"LAPAN, NASA",2,0.11626042418856689
2023,1455555.0,2,"LAPAN, NASA",2,0.11644829026762005
2023,1455556.0,2,"LAPAN, NASA",2,0.1169011966223904
2023,1455557.0,2,"LAPAN, NASA",2,0.11657049053333186
2023,1455558.0,2,"LAPAN, NASA",2,0.11663427167156121
2023,1455559.0,2,"LAPAN, NASA",2,0.1162199674655801
2023,1455560.0,2,"LAPAN, NASA",2,0.1164079165727332
2023,1455562.0,2,"LAPAN, NASA",2,0.11722298449102847
2023,1455563.0,2,"LAPAN, NASA",2,0.11731759823047286
2023,1455564.0,2,"LAPAN, NASA",2,0.11836993530363948
2023,1455604.0,2,"LAPAN, NASA",2,0.10604276404399461
2023,1455605.0,2,"LAPAN, NASA",2,0.10601272426925733
2023,1455611.0,2,"LAPAN, NASA",2,0.136597275151862
2023,1455616.0,2,"LAPAN, NASA",2,0.13631899712768453
2023,1455618.0,2,"LAPAN, NASA",2,0.1362270037464646
2023,1455630.0,2,"LAPAN, NASA",2,0.13766308093664734
2023,1455639.0,2,"LAPAN, NASA",2,0.13592963016448714
2023,1455640.0,2,"LAPAN, NASA",2,0.1368759058530842
2023,1455642.0,2,"LAPAN, NASA",2,0.13700949240093202
2023,1455657.0,2,"LAPAN, NASA",2,0.139362003981669
2023,1455658.0,2,"LAPAN, NASA",2,0.13935468901408307
2023,1455660.0,2,"LAPAN, NASA",2,0.08083465859546804
2023,1455661.0,2,"LAPAN, NASA",2,0.080693085918943
2023,1455662.0,2,"LAPAN, NASA",2,0.08069694629971164
2023,1455663.0,2,"LAPAN, NASA",2,0.08147951858678394
2023,1455664.0,2,"LAPAN, NASA",2,0.08097857090314049
2023,1455666.0,2,"LAPAN, NASA",2,0.08171577692322457
2023,1455667.0,2,"LAPAN, NASA",2,0.08140918369195307
2023,1455668.0,2,"LAPAN, NASA",2,0.07975614904408854
2023,1455698.0,2,"LAPAN, NASA",2,0.11549280266303645
2023,1455699.0,2,"LAPAN, NASA",2,0.11523455845412685
2023,1455700.0,2,"LAPAN, NASA",2,0.11573904053327859
2023,1455701.0,2,"LAPAN, NASA",2,0.11609535095537706
2023,1455702.0,2,"LAPAN, NASA",2,0.11557114254103536
2023,1455703.0,2,"LAPAN, NASA",2,0.11528570693097612
2023,1455704.0,2,"LAPAN, NASA",2,0.11554906031533345
2023,1455705.0,2,"LAPAN, NASA",2,0.11493907035989528
2023,1455706.0,2,"LAPAN, NASA",2,0.11576610325935452
2023,1455707.0,2,"LAPAN, NASA",2,0.11535292190287243
2023,1455708.0,2,"LAPAN, NASA",2,0.11613382380751279
2023,1455709.0,2,"LAPAN, NASA",2,0.11388975482359508
2023,1455710.0,2,"LAPAN, NASA",2,0.11556372066643328
2023,1455711.0,2,"LAPAN, NASA",2,0.11578651246317948
2023,1455712.0,2,"LAPAN, NASA",2,0.11602919039418134
2023,1455713.0,2,"LAPAN, NASA",2,0.11570477180024177
2023,1455714.0,2,"LAPAN, NASA",2,0.11440541849734007
2023,1455715.0,2,"LAPAN, NASA",2,0.11470492244834546
2023,1455716.0,2,"LAPAN, NASA",2,0.11552917916739053
2023,1455717.0,2,"LAPAN, NASA",2,0.1152681285462849
2023,1455718.0,2,"LAPAN, NASA",2,0.06398201076700125
2023,1455723.0,2,"LAPAN, NASA",2,0.13605080934848698
2023,1455724.0,2,"LAPAN, NASA",2,0.13677807305610176
2023,1455730.0,2,"LAPAN, NASA",2,0.1321494587781775
2023,1455732.0,2,"LAPAN, NASA",2,0.1657476320749349
2023,1455734.0,2,"LAPAN, NASA",2,0.16745965891686967
2023,1455735.0,2,"LAPAN, NASA",2,0.16647603134864838
2023,1455736.0,2,"LAPAN, NASA",2,0.16701687426774856
2023,1455737.0,2,"LAPAN, NASA",2,0.16709486395197753
2023,1455738.0,2,"LAPAN, NASA",2,0.16552894881014485
2023,1455886.0,2,"LAPAN, NASA",2,0.15346284364495136
2023,1455887.0,2,"LAPAN, NASA",2,0.15350384436606432
2023,1455889.0,2,"LAPAN, NASA",2,0.1541748151969042
2023,1455891.0,2,"LAPAN, NASA",2,0.15316100550263223
2023,1455892.0,2,"LAPAN, NASA",2,0.15288332426103252
2023,1455893.0,2,"LAPAN, NASA",2,0.1539671349705806
2023,1455894.0,2,"LAPAN, NASA",2,0.15391623166197083
2023,1455895.0,2,"LAPAN, NASA",2,0.15442930823352316
2023,1455896.0,2,"LAPAN, NASA",2,0.15281408692846052
2023,1455897.0,2,"LAPAN, NASA",2,0.15312463498112136
2023,1455898.0,2,"LAPAN, NASA",2,0.15365902691463282
2023,1455899.0,2,"LAPAN, NASA",2,0.1515097821000283
2023,1455900.0,2,"LAPAN, NASA",2,0.1524986422872919
2023,1455902.0,2,"LAPAN, NASA",2,0.15506632062376102
2023,1456610.0,2,"LAPAN, NASA",2,0.06956020305625271
2023,1456709.0,2,"LAPAN, NASA",2,0.09654260912367545
2023,1456710.0,2,"LAPAN, NASA",2,0.09569990715456701
2023,1456711.0,2,"LAPAN, NASA",2,0.09617240642243187
2023,1456712.0,2,"LAPAN, NASA",2,0.09670852533730984
2023,1456715.0,2,"LAPAN, NASA",2,0.09700561248667032
2023,1456716.0,2,"LAPAN, NASA",2,0.09652575306901935
2023,1456717.0,2,"LAPAN, NASA",2,0.09594833449130627
2023,1456718.0,2,"LAPAN, NASA",2,0.09579397967444762
2023,1456719.0,2,"LAPAN, NASA",2,0.09416716124655763
2023,1456721.0,2,"LAPAN, NASA",2,0.09544083140438439
2023,1456722.0,2,"LAPAN, NASA",2,0.09576471515591883
2023,1456724.0,2,"LAPAN, NASA",2,0.09495137418660288
2023,1456726.0,2,"LAPAN, NASA",2,0.09645278084882053
2023,1456732.0,2,"LAPAN, NASA",2,0.09681285306314572
2023,1456753.0,2,"LAPAN, NASA",2,0.07105612415529232
2023,1456754.0,2,"LAPAN, NASA",2,0.07003600294453254
2023,1456771.0,2,"LAPAN, NASA",2,0.0691309858674179
2023,1456782.0,2,"LAPAN, NASA",2,0.06859901626576018
2023,1456783.0,2,"LAPAN, NASA",2,0.06792163708549301
2023,1456784.0,2,"LAPAN, NASA",2,0.06723531702900165
2023,1456785.0,2,"LAPAN, NASA",2,0.06777067320161213
2023,1456817.0,2,"LAPAN, NASA",2,0.0948151559364732
2023,1456835.0,2,"LAPAN, NASA",2,0.09481858640913321
2023,1456879.0,2,"LAPAN, NASA",2,0.07287661088372753
2023,1456885.0,2,"LAPAN, NASA",2,0.07376635179943826
2023,1456886.0,2,"LAPAN, NASA",2,0.07228901918237772
2023,1456888.0,2,"LAPAN, NASA",2,0.0733139181584973
2023,1456889.0,2,"LAPAN, NASA",2,0.0728860940167438
2023,1456936.0,2,"LAPAN, NASA",2,0.06894741174791569
2023,1456938.0,2,"LAPAN, NASA",2,0.06771056653390929
2023,1456939.0,2,"LAPAN, NASA",2,0.06854905631196011
2023,1456940.0,2,"LAPAN, NASA",2,0.06835804262368257
2023,1456942.0,2,"LAPAN, NASA",2,0.0972782638917911
2023,1456943.0,2,"LAPAN, NASA",2,0.09633755474055353
2023,1456944.0,2,"LAPAN, NASA",2,0.09411260865059684
2023,1456946.0,2,"LAPAN, NASA",2,0.09481418977060886
2023,1456947.0,2,"LAPAN, NASA",2,0.09415568748523472
2023,1456948.0,2,"LAPAN, NASA",2,0.0949466024240909
2023,1456949.0,2,"LAPAN, NASA",2,0.09443515575388776
2023,1456952.0,2,"LAPAN, NASA",2,0.09471244652329378
2023,1456954.0,2,"LAPAN, NASA",2,0.09607486090054516
2023,1456955.0,2,"LAPAN, NASA",2,0.09590299900244785
2023,1456956.0,2,"LAPAN, NASA",2,0.09359627645944017
2023,1456957.0,2,"LAPAN, NASA",2,0.09348891369481271
2023,1456961.0,2,"LAPAN, NASA",2,0.09793614434414247
2023,1456962.0,2,"LAPAN, NASA",2,0.09626359121629785
2023,1456963.0,2,"LAPAN, NASA",2,0.0960564074564857
2023,1456964.0,2,"LAPAN, NASA",2,0.09568021503853914
2023,1456967.0,2,"LAPAN, NASA",2,0.07286025148100632
2023,1456972.0,2,"LAPAN, NASA",2,0.09544213545440271
2023,1456973.0,2,"LAPAN, NASA",2,0.09593207610918114
2023,1456977.0,2,"LAPAN, NASA",2,0.09487356675864377
2023,1456978.0,2,"LAPAN, NASA",2,0.09645990759418475
2023,1456979.0,2,"LAPAN, NASA",2,0.0962705262525393
2023,1456980.0,2,"LAPAN, NASA",2,0.09647772166715177
2023,1456981.0,2,"LAPAN, NASA",2,0.09701873566004081
2023,1456982.0,2,"LAPAN, NASA",2,0.0951806362261479
2023,1456992.0,2,"LAPAN, NASA",2,0.09465672733589497
2023,1456993.0,2,"LAPAN, NASA",2,0.09364101785524337
2023,1456996.0,2,"LAPAN, NASA",2,0.09336097944277401
2023,1457003.0,2,"LAPAN, NASA",2,0.09375976800865451
2023,1457018.0,2,"LAPAN, NASA",2,0.09477534479720423
2023,1457019.0,2,"LAPAN, NASA",2,0.09468712087997483
2023,1457023.0,2,"LAPAN, NASA",2,0.09478854828372656
2023,1457031.0,2,"LAPAN, NASA",2,0.07591435852083445
2023,1457032.0,2,"LAPAN, NASA",2,0.07579718847966585
2023,1457036.0,2,"LAPAN, NASA",2,0.07569026814228962
2023,1457048.0,2,"LAPAN, NASA",2,0.07453725784964804
2023,1457050.0,2,"LAPAN, NASA",2,0.07463969268345516
2023,1457051.0,2,"LAPAN, NASA",2,0.07545987412337916
2023,1457241.0,2,"LAPAN, NASA",2,0.07650127385146811
2023,1457242.0,2,"LAPAN, NASA",2,0.07578910885053528
2023,1457307.0,2,"LAPAN, NASA",2,0.07494609070419979
2023,1457308.0,2,"LAPAN, NASA",2,0.07534978126741056
2023,1457309.0,2,"LAPAN, NASA",2,0.07581562483110262
2023,1457310.0,2,"LAPAN, NASA",2,0.07510709687338812
2023,1457320.0,2,"LAPAN, NASA",2,0.07428863280283464
2023,1457325.0,2,"LAPAN, NASA",2,0.07420003156456925
2023,1457326.0,2,"LAPAN, NASA",2,0.07318452834364084
2023,1457327.0,2,"LAPAN, NASA",2,0.07199929864213946
2023,1457329.0,2,"LAPAN, NASA",2,0.07353677132043979
2023,1457330.0,2,"LAPAN, NASA",2,0.0738498232031028
2023,1457331.0,2,"LAPAN, NASA",2,0.07336843149332349
2023,1457335.0,2,"LAPAN, NASA",2,0.09575170902982932
2023,1457336.0,2,"LAPAN, NASA",2,0.09523413460219886
2023,1457340.0,2,"LAPAN, NASA",2,0.09687217984963646
2023,1457341.0,2,"LAPAN, NASA",2,0.09602270034494069
2023,1457342.0,2,"LAPAN, NASA",2,0.09569730556982303
2023,1457344.0,2,"LAPAN, NASA",2,0.09607179124088792
2023,1457345.0,2,"LAPAN, NASA",2,0.09655733088489594
2023,1457346.0,2,"LAPAN, NASA",2,0.09729587086406381
2023,1457347.0,2,"LAPAN, NASA",2,0.09580297555004116
2023,1457348.0,2,"LAPAN, NASA",2,0.09487132680268623
2023,1457352.0,2,"LAPAN, NASA",2,0.09738134489518274
2023,1457353.0,2,"LAPAN, NASA",2,0.09572482894571685
2023,1457354.0,2,"LAPAN, NASA",2,0.09576338093780987
2023,1457355.0,2,"LAPAN, NASA",2,0.09697735327784832
2023,1457356.0,2,"LAPAN, NASA",2,0.09585657527358386
2023,1457357.0,2,"LAPAN, NASA",2,0.09547682874370367
2023,1457460.0,2,"LAPAN, NASA",2,0.09944776067409757
2023,1457464.0,2,"LAPAN, NASA",2,0.09884593191619628
2023,1457465.0,2,"LAPAN, NASA",2,0.09933993093786553
2023,1457469.0,2,"LAPAN, NASA",2,0.09936986994666153
2023,1457470.0,2,"LAPAN, NASA",2,0.09914814698477885
2023,1457471.0,2,"LAPAN, NASA",2,0.09848861489651001
2023,1457474.0,2,"LAPAN, NASA",2,0.09890422774111618
2023,1457475.0,3,"LAPAN, NASA",2,0.34819824794546567
2023,1457476.0,2,"LAPAN, NASA",2,0.09515463565475318
2023,1457477.0,2,"LAPAN, NASA",2,0.09603540312842432
2023,1457478.0,2,"LAPAN, NASA",2,0.09595880293410111
2023,1457479.0,2,"LAPAN, NASA",2,0.09563758927283916
2023,1457482.0,2,"LAPAN, NASA",2,0.09625585670327733
2023,1457483.0,2,"LAPAN, NASA",2,0.09620914736178354
2023,1457484.0,2,"LAPAN, NASA",2,0.0951804230620186
2023,1457487.0,2,"LAPAN, NASA",2,0.09609298184059824
2023,1457488.0,2,"LAPAN, NASA",2,0.09562286606303377
2023,1457489.0,2,"LAPAN, NASA",2,0.09508640261487926
2023,1457490.0,2,"LAPAN, NASA",2,0.09631235143365947
2023,1457491.0,2,"LAPAN, NASA",2,0.09531568674034406
2023,1457492.0,2,"LAPAN, NASA",2,0.0953302049536628
2023,1457495.0,2,"LAPAN, NASA",2,0.09825192444992045
2023,1457496.0,2,"LAPAN, NASA",2,0.09573352574558122
2023,1457497.0,2,"LAPAN, NASA",2,0.09534847790912786
2023,1457498.0,2,"LAPAN, NASA",2,0.09644126621784137
2023,1457500.0,2,"LAPAN, NASA",2,0.09637168824731847
2023,1457502.0,2,"LAPAN, NASA",2,0.09516376950431625
2023,1457506.0,2,"LAPAN, NASA",2,0.09606419670698355
2023,1457507.0,2,"LAPAN, NASA",2,0.0944981567944143
2023,1457508.0,2,"LAPAN, NASA",2,0.0953823237445682
2023,1457509.0,2,"LAPAN, NASA",2,0.09491112613100763
2023,1457515.0,2,"LAPAN, NASA",2,0.09960645821734684
2023,1457528.0,2,"LAPAN, NASA",2,0.09913699043456949
2023,1457529.0,2,"LAPAN, NASA",2,0.09961911633862525
2023,1457533.0,2,"LAPAN, NASA",2,0.09926570280184799
2023,1457565.0,2,"LAPAN, NASA",2,0.07851355834046994
2023,1457566.0,2,"LAPAN, NASA",2,0.07949669213661426
2023,1457567.0,2,"LAPAN, NASA",2,0.0793878734770086
2023,1457569.0,2,"LAPAN, NASA",2,0.07841796394916829
2023,1457570.0,2,"LAPAN, NASA",2,0.0785101340129917
2023,1457571.0,2,"LAPAN, NASA",2,0.07973060885574164
2023,1457572.0,2,"LAPAN, NASA",2,0.07877517325341682
2023,1457573.0,2,"LAPAN, NASA",2,0.07864031897206272
2023,1457574.0,2,"LAPAN, NASA",2,0.07898909614694787
2023,1457575.0,2,"LAPAN, NASA",2,0.07910190148505507
2023,1457576.0,2,"LAPAN, NASA",2,0.07824371674937546
2023,1457577.0,2,"LAPAN, NASA",2,0.0783541225788758
2023,1457578.0,2,"LAPAN, NASA",2,0.0786898662274093
2023,1457603.0,2,"LAPAN, NASA",2,0.10633247242756305
2023,1457729.0,2,"LAPAN, NASA",2,0.0740323759355658
2023,1457731.0,2,"LAPAN, NASA",2,0.07204370609479634
2023,1457732.0,2,"LAPAN, NASA",2,0.07283597931400214
2023,1457735.0,2,"LAPAN, NASA",2,0.07256240443361786
2023,1457737.0,2,"LAPAN, NASA",2,0.07222891793665291
2023,1457738.0,2,"LAPAN, NASA",2,0.0722293147372681
2023,1457739.0,2,"LAPAN, NASA",2,0.07057040768739303
2023,1457742.0,2,"LAPAN, NASA",2,0.07146146486640748
2023,1457743.0,2,"LAPAN, NASA",2,0.07059515334507678
2023,1457772.0,2,"LAPAN, NASA",2,0.09774725841886948
2023,1457773.0,2,"LAPAN, NASA",2,0.09674357611179524
2023,1457806.0,2,"LAPAN, NASA",2,0.08330215028335795
2023,1457828.0,2,"LAPAN, NASA",2,0.06827036101108337
2023,1457829.0,2,"LAPAN, NASA",2,0.06869965079758153
2023,1457830.0,2,"LAPAN, NASA",2,0.06965805473213262
2023,1457831.0,2,"LAPAN, NASA",2,0.0686417948201485
2023,1457832.0,2,"LAPAN, NASA",2,0.06882261751941825
2023,1457833.0,2,"LAPAN, NASA",2,0.06980623505559723
2023,1457834.0,2,"LAPAN, NASA",2,0.06704888136144817
2023,1457835.0,2,"LAPAN, NASA",2,0.06890788868225399
2023,1457836.0,2,"LAPAN, NASA",2,0.06860481302784355
2023,1457864.0,2,"LAPAN, NASA",2,0.08858034700772044
2023,1457865.0,2,"LAPAN, NASA",2,0.08712259810495031
2023,1457866.0,2,"LAPAN, NASA",2,0.0864692241484408
2023,1457867.0,2,"LAPAN, NASA",2,0.08666566332171988
2023,1457868.0,2,"LAPAN, NASA",2,0.0878913557469285
2023,1457869.0,2,"LAPAN, NASA",2,0.08653295422973187
2023,1457870.0,2,"LAPAN, NASA",2,0.08688877996815651
2023,1457871.0,2,"LAPAN, NASA",2,0.0876249265709855
2023,1457872.0,2,"LAPAN, NASA",2,0.08825586277485502
2023,1457873.0,2,"LAPAN, NASA",2,0.08661155525638245
2023,1457874.0,2,"LAPAN, NASA",2,0.08675626428013518
2023,1457875.0,2,"LAPAN, NASA",2,0.08802170570355591
2023,1457876.0,2,"LAPAN, NASA",2,0.08662376342191266
2023,1457877.0,2,"LAPAN, NASA",2,0.08622316080665891
2023,1457878.0,2,"LAPAN, NASA",2,0.08720840963629306
2023,1457879.0,2,"LAPAN, NASA",2,0.08764582082923308
2023,1457880.0,2,"LAPAN, NASA",2,0.08788929921308507
2023,1457885.0,2,"LAPAN, NASA",2,0.08712058933914273
2023,1457886.0,2,"LAPAN, NASA",2,0.08774994637778068
2023,1457887.0,2,"LAPAN, NASA",2,0.07820002324375297
2023,1457889.0,2,"LAPAN, NASA",2,0.076860065278921
2023,1457890.0,2,"LAPAN, NASA",2,0.07650789132121041
2023,1457966.0,2,"LAPAN, NASA",2,0.0627401581780808
2023,1457967.0,2,"LAPAN, NASA",2,0.06435561429513466
2023,1457970.0,2,"LAPAN, NASA",2,0.06286747222700662
2023,1457975.0,2,"LAPAN, NASA",2,0.07878142491622273
2023,1457977.0,2,"LAPAN, NASA",2,0.07934177671976067
2023,1457989.0,2,"LAPAN, NASA",2,0.0803408760375404
2023,1458013.0,2,"LAPAN, NASA",2,0.06525205276540226
2023,1458014.0,2,"LAPAN, NASA",2,0.06441441708562823
2023,1458015.0,2,"LAPAN, NASA",2,0.06510925479040322
2023,1458028.0,2,"LAPAN, NASA",2,0.06262307015618314
2023,1458109.0,2,"LAPAN, NASA",2,0.08649431289791396
2023,1458110.0,2,"LAPAN, NASA",2,0.08576366700882974
2023,1458113.0,2,"LAPAN, NASA",2,0.0853769111242664
2023,1458154.0,3,"LAPAN, NASA",2,0.25878683726100093
2023,1458155.0,3,"LAPAN, NASA",2,0.2667957658379758
2023,1458158.0,3,"LAPAN, NASA",2,0.2179881447453551
2023,1458163.0,2,"LAPAN, NASA",2,0.3578718647729116
2023,1458218.0,2,"LAPAN, NASA",2,0.13495704708184791
2023,1458219.0,2,"LAPAN, NASA",2,0.13466219973668683
2023,1458220.0,2,"LAPAN, NASA",2,0.13445620377434706
2023,1458225.0,2,"LAPAN, NASA",2,0.157988995299028
2023,1458226.0,2,"LAPAN, NASA",2,0.15809079589654318
2023,1458227.0,2,"LAPAN, NASA",2,0.1581723241283604
2023,1458228.0,2,"LAPAN, NASA",2,0.1571330801987824
2023,1458229.0,2,"LAPAN, NASA",2,0.15928436845991378
2023,1458230.0,2,"LAPAN, NASA",2,0.15843843923135198
2023,1458231.0,2,"LAPAN, NASA",2,0.15831809335099134
2023,1458233.0,2,"LAPAN, NASA",2,0.1519341765709512
2023,1458234.0,2,"LAPAN, NASA",2,0.15129247094333637
2023,1458256.0,2,"LAPAN, NASA",2,0.17725568938864844
2023,1458257.0,2,"LAPAN, NASA",2,0.17607138292028557
2023,1458259.0,2,"LAPAN, NASA",2,0.17400769143633996
2023,1458260.0,2,"LAPAN, NASA",2,0.17526127726875088
2023,1458261.0,2,"LAPAN, NASA",2,0.1752864462481977
2023,1458262.0,2,"LAPAN, NASA",2,0.17498558545324827
2023,1458263.0,2,"LAPAN, NASA",2,0.17573729452344594
2023,1458264.0,2,"LAPAN, NASA",2,0.1750131332533263
2023,1458265.0,2,"LAPAN, NASA",2,0.1764057862912975
2023,1458266.0,2,"LAPAN, NASA",2,0.17719910152457702
2023,1458267.0,2,"LAPAN, NASA",2,0.1771220849935078
2023,1458268.0,2,"LAPAN, NASA",2,0.17834291866221616
2023,1458270.0,2,"LAPAN, NASA",2,0.28451442416267914
2023,1458293.0,2,"LAPAN, NASA",2,0.1535456418035684
2023,1458294.0,2,"LAPAN, NASA",2,0.15282297670606385
2023,1458295.0,2,"LAPAN, NASA",2,0.15258297662017917
2023,1458306.0,2,"LAPAN, NASA",2,0.23778491358093695
2023,1458325.0,2,"LAPAN, NASA",2,0.13241580625795224
2023,1458326.0,2,"LAPAN, NASA",2,0.13330620039723504
2023,1459441.0,2,"LAPAN, NASA",2,0.08528969136170574
2023,1459442.0,2,"LAPAN, NASA",2,0.08598309768452962
2023,1459443.0,2,"LAPAN, NASA",2,0.08657517069597577
2023,1459504.0,2,"LAPAN, NASA",2,0.08264432819604459
2023,1459521.0,2,"LAPAN, NASA",2,0.08485352819504292
2023,1459522.0,2,"LAPAN, NASA",2,0.08633030250247481
2023,1459553.0,2,"LAPAN, NASA",2,0.06542657947503613
2023,1459583.0,2,"LAPAN, NASA",2,0.07042754236424924
2023,1459589.0,2,"LAPAN, NASA",2,0.07324192074124998
2023,1459590.0,2,"LAPAN, NASA",2,0.06901752052138217
2023,1459591.0,2,"LAPAN, NASA",2,0.07128439785645643
2023,1459592.0,2,"LAPAN, NASA",2,0.07144194232879005
2023,1459593.0,2,"LAPAN, NASA",2,0.06918260715698465
2023,1459595.0,2,"LAPAN, NASA",2,0.06871730412459491
2023,1459596.0,2,"LAPAN, NASA",2,0.06914828387478986
2023,1459597.0,2,"LAPAN, NASA",2,0.06833295964022651
2023,1459598.0,3,"LAPAN, NASA",2,0.08989974859285599
2023,1459599.0,3,"LAPAN, NASA",2,0.08973259739081035
2023,1460068.0,2,NASA,1,0.05812139380256056
2023,1460069.0,2,NASA,1,0.05812145275500997
2023,1460070.0,2,NASA,1,0.05701863178117997
2023,1460071.0,2,NASA,1,0.05922464256313654
2023,1460072.0,2,NASA,1,0.058121541415875215
2023,1460073.0,2,NASA,1,0.05922458523699946
2023,1460075.0,2,NASA,1,0.058121868615376514
2023,1460076.0,2,NASA,1,0.05812172183235345
2023,1460077.0,2,NASA,1,0.05922488651902367
2023,1460078.0,2,NASA,1,0.05701892414775595
2023,1460079.0,2,NASA,1,0.0581218098109964
2023,1460080.0,2,NASA,1,0.058121838945750896
2023,1460081.0,2,NASA,1,0.05812207777328187
2023,1460082.0,2,NASA,1,0.058122165563224956
2023,1460083.0,2,NASA,1,0.05812210686383027
2023,1460084.0,2,NASA,1,0.05812213648624481
2023,1462452.0,2,"LAPAN, NASA",2,0.07896937409499509
2023,1462475.0,2,"LAPAN, NASA",2,0.07862601308712892
2023,1462562.0,2,"LAPAN, NASA",2,0.11661994901826685
2023,1462567.0,2,"LAPAN, NASA",2,0.11836579659205389
2023,1462586.0,2,"LAPAN, NASA",2,0.12115674098417417
2023,1462605.0,2,"LAPAN, NASA",2,0.12136498885090627
2023,1462627.0,3,"LAPAN, NASA",2,0.12057245779846187
2023,1462635.0,2,"LAPAN, NASA",2,0.12337659608233477
2023,1462638.0,3,"LAPAN, NASA",2,0.12385130869289074
2023,1462680.0,2,"LAPAN, NASA",2,0.08957190427309679
2023,1462697.0,2,"LAPAN, NASA",2,0.08972659518096672
2023,1462698.0,2,"LAPAN, NASA",2,0.08974594582599126
2023,1462699.0,2,"LAPAN, NASA",2,0.08977036982436574
2023,1462702.0,2,"LAPAN, NASA",2,0.08957146224531747
2023,1462703.0,2,"LAPAN, NASA",2,0.0907150710583268
2023,1462709.0,2,"LAPAN, NASA",2,0.09014690745114458
2023,1462710.0,2,"LAPAN, NASA",2,0.09041918638287284
2023,1462716.0,2,"LAPAN, NASA",2,0.09135198103175532
2023,1462717.0,2,"LAPAN, NASA",2,0.08993464033829632
2023,1462718.0,2,"LAPAN, NASA",2,0.0894408236701189
2023,1462719.0,2,"LAPAN, NASA",2,0.08960322455967822
2023,1462724.0,2,"LAPAN, NASA",2,0.09031876870981301
2023,1462725.0,2,"LAPAN, NASA",2,0.09129363409213208
2023,1462726.0,2,"LAPAN, NASA",2,0.09282570963636869
2023,1462727.0,2,"LAPAN, NASA",2,0.09140450455666513
2023,1462731.0,2,"LAPAN, NASA",2,0.0910992108077524
2023,1462732.0,2,"LAPAN, NASA",2,0.09165920734286061
2023,1462733.0,2,"LAPAN, NASA",2,0.09181105253335058
2023,1462741.0,2,"LAPAN, NASA",2,0.08967936393185462
2023,1462742.0,2,"LAPAN, NASA",2,0.09098378798302992
2023,1462747.0,2,"LAPAN, NASA",2,0.09201141645771051
2023,1462748.0,2,"LAPAN, NASA",2,0.09022048651971164
2023,1462749.0,2,"LAPAN, NASA",2,0.09028056952735379
2023,1462750.0,2,"LAPAN, NASA",2,0.09156306720382476
2023,1462751.0,2,"LAPAN, NASA",2,0.08970656586280483
2023,1462752.0,2,"LAPAN, NASA",2,0.09151094004222103
2023,1462753.0,2,"LAPAN, NASA",2,0.09106908975433278
2023,1462754.0,2,"LAPAN, NASA",2,0.09112194010781269
2023,1462755.0,2,"LAPAN, NASA",2,0.09195058235363547
2023,1462758.0,2,"LAPAN, NASA",2,0.09040531836953161
2023,1462762.0,2,"LAPAN, NASA",2,0.09069426561954172
2023,1462763.0,2,"LAPAN, NASA",2,0.08931297551881164
2023,1462764.0,2,"LAPAN, NASA",2,0.09263943699828546
2023,1462765.0,2,"LAPAN, NASA",2,0.09179230660719545
2023,1462781.0,2,"LAPAN, NASA",2,0.08950819013530342
2023,1462782.0,2,"LAPAN, NASA",2,0.09067380851703251
2023,1462783.0,2,"LAPAN, NASA",2,0.09107223429815552
2023,1462786.0,2,"LAPAN, NASA",2,0.09044676938900435
2023,1462787.0,2,"LAPAN, NASA",2,0.09018485295294089
2023,1462788.0,2,"LAPAN, NASA",2,0.09063755338480303
2023,1462794.0,2,"LAPAN, NASA",2,0.09012016615899643
2023,1462795.0,2,"LAPAN, NASA",2,0.09133364219401117
2023,1462796.0,2,"LAPAN, NASA",2,0.0910162646580904
2023,1462797.0,2,"LAPAN, NASA",2,0.0894403546139386
2023,1462798.0,2,"LAPAN, NASA",2,0.09097466112707225
2023,1462799.0,2,"LAPAN, NASA",2,0.09169103691589267
2023,1462800.0,3,"LAPAN, NASA",2,0.09050108103960705
2023,1462801.0,2,"LAPAN, NASA",2,0.09123485882696128
2023,1462804.0,3,"LAPAN, NASA",2,0.0909919769556824
2023,1462811.0,2,"LAPAN, NASA",2,0.12074343636188077
2023,1462816.0,2,"LAPAN, NASA",2,0.11997926894107729
2023,1462840.0,2,"LAPAN, NASA",2,0.12063338104573436
2023,1462841.0,2,"LAPAN, NASA",2,0.120277763313069
2023,1462876.0,2,"LAPAN, NASA",2,0.12668005695724166
2023,1462877.0,2,"LAPAN, NASA",2,0.12704958142003986
2023,1462881.0,2,"LAPAN, NASA",2,0.12737156437198463
2023,1462884.0,2,"LAPAN, NASA",2,0.12737498049467486
2023,1462885.0,2,"LAPAN, NASA",2,0.1282663337268099
2023,1462886.0,2,"LAPAN, NASA",2,0.12787049161951378
2023,1462887.0,2,"LAPAN, NASA",2,0.12720021300801782
2023,1462899.0,2,"LAPAN, NASA",2,0.08753594460646127
2023,1462900.0,2,"LAPAN, NASA",2,0.08712955020313973
2023,1462907.0,2,"LAPAN, NASA",2,0.0870219482233714
2023,1462908.0,2,"LAPAN, NASA",2,0.08664721681659589
2023,1462915.0,2,"LAPAN, NASA",2,0.08625246111325295
2023,1462916.0,2,"LAPAN, NASA",2,0.0860775737347728
2023,1462925.0,2,"LAPAN, NASA",2,0.08532047791458723
2023,1462926.0,2,"LAPAN, NASA",2,0.08701296472239725
2023,1462929.0,2,"LAPAN, NASA",2,0.08561173150470561
2023,1462930.0,2,"LAPAN, NASA",2,0.08657056128072148
2023,1462933.0,2,"LAPAN, NASA",2,0.08628887830081701
2023,1462934.0,2,"LAPAN, NASA",2,0.086715896173936
2023,1462935.0,2,"LAPAN, NASA",2,0.08714312342203233
2023,1462940.0,2,"LAPAN, NASA",2,0.08711415451201943
2023,1462941.0,2,"LAPAN, NASA",2,0.08635714735146238
2023,1462952.0,2,"LAPAN, NASA",2,0.08590777146543659
2023,1462971.0,2,"LAPAN, NASA",2,0.08785115471315287
2023,1462978.0,2,"LAPAN, NASA",2,0.08774441450048742
2023,1462990.0,2,"LAPAN, NASA",2,0.0879163515755893
2023,1463023.0,2,"LAPAN, NASA",2,0.11675006622208745
2023,1463036.0,2,"LAPAN, NASA",2,0.11910824834555714
2023,1463039.0,2,"LAPAN, NASA",2,0.11871284212463484
2023,1463040.0,2,"LAPAN, NASA",2,0.11892610610698631
2023,1463049.0,2,"LAPAN, NASA",2,0.11981621976562057
2023,1463050.0,2,"LAPAN, NASA",2,0.11933796971580196
2023,1463054.0,2,"LAPAN, NASA",2,0.11980287875781918
2023,1463055.0,2,"LAPAN, NASA",2,0.1200314179505203
2023,1463059.0,2,"LAPAN, NASA",2,0.11970151928398835
2023,1463060.0,2,"LAPAN, NASA",2,0.11966548000004984
2023,1463070.0,2,"LAPAN, NASA",2,0.1197178604743456
2023,1463085.0,2,"LAPAN, NASA",2,0.12234194831728153
2023,1463086.0,2,"LAPAN, NASA",2,0.12173687176353291
2023,1463094.0,2,"LAPAN, NASA",2,0.11967619223191554
2023,1463104.0,2,"LAPAN, NASA",2,0.12176212325502594
2023,1463128.0,2,"LAPAN, NASA",2,0.1223401268474633
2023,1463129.0,2,"LAPAN, NASA",2,0.12584491246724921
2023,1463130.0,2,"LAPAN, NASA",2,0.12597925568879426
2023,1463135.0,2,"LAPAN, NASA",2,0.12590109481652867
2023,1463136.0,2,"LAPAN, NASA",2,0.125974161010103
2023,1463137.0,2,"LAPAN, NASA",2,0.12647042876051373
2023,1463138.0,2,"LAPAN, NASA",2,0.12669062726007202
2023,1463139.0,2,"LAPAN, NASA",2,0.1267020361397787
2023,1463140.0,3,"LAPAN, NASA",2,0.12686926173547453
2023,1463153.0,2,"LAPAN, NASA",2,0.08380282004485243
2023,1463159.0,2,"LAPAN, NASA",2,0.08564616245408564
2023,1463160.0,2,"LAPAN, NASA",2,0.08575508856137237
2023,1463165.0,2,"LAPAN, NASA",2,0.0851942053919511
2023,1463166.0,2,"LAPAN, NASA",2,0.08571645065662542
2023,1463167.0,2,"LAPAN, NASA",2,0.08680278213159982
2023,1463168.0,2,"LAPAN, NASA",2,0.08592727997655913
2023,1463170.0,2,"LAPAN, NASA",2,0.08495778651596322
2023,1463171.0,2,"LAPAN, NASA",2,0.08575239282478844
2023,1463175.0,2,"LAPAN, NASA",2,0.08416280158913596
2023,1463178.0,2,"LAPAN, NASA",2,0.08457645702330446
2023,1463179.0,2,"LAPAN, NASA",2,0.08434349344221602
2023,1463187.0,2,"LAPAN, NASA",2,0.08579162877702448
2023,1463193.0,2,"LAPAN, NASA",2,0.08438734124087556
2023,1463194.0,2,"LAPAN, NASA",2,0.08414738329057503
2023,1463195.0,2,"LAPAN, NASA",2,0.08563794366626735
2023,1463197.0,2,"LAPAN, NASA",2,0.08570925656135017
2023,1463200.0,2,"LAPAN, NASA",2,0.08522036112029367
2023,1463201.0,2,"LAPAN, NASA",2,0.08335026112095562
2023,1463202.0,2,"LAPAN, NASA",2,0.08388725023251879
2023,1463203.0,2,"LAPAN, NASA",2,0.0842234917424143
2023,1463206.0,2,"LAPAN, NASA",2,0.08536893578046024
2023,1463209.0,2,"LAPAN, NASA",2,0.08545174344209984
2023,1463222.0,2,"LAPAN, NASA",2,0.08664520719416285
2023,1463244.0,2,"LAPAN, NASA",2,0.08341476764778949
2023,1463251.0,2,"LAPAN, NASA",2,0.0861355593203603
2023,1463267.0,2,"LAPAN, NASA",2,0.11211514907371353
2023,1463273.0,2,"LAPAN, NASA",2,0.11520039917299073
2023,1463327.0,2,"LAPAN, NASA",2,0.12021063620306438
2023,1463336.0,2,"LAPAN, NASA",2,0.07950521653049705
2023,1463337.0,2,"LAPAN, NASA",2,0.07978956728982226
2023,1463338.0,2,"LAPAN, NASA",2,0.08215173590343205
2023,1463341.0,2,"LAPAN, NASA",2,0.07959278897868256
2023,1463342.0,2,"LAPAN, NASA",2,0.07931770197198063
2023,1463349.0,2,"LAPAN, NASA",2,0.07967556180223655
2023,1463350.0,2,"LAPAN, NASA",2,0.08021958004074328
2023,1463354.0,2,"LAPAN, NASA",2,0.0800607575639821
2023,1463356.0,2,"LAPAN, NASA",2,0.08136002772524113
2023,1463357.0,2,"LAPAN, NASA",2,0.0816316349516209
2023,1463358.0,2,"LAPAN, NASA",2,0.08130526501931501
2023,1463365.0,2,"LAPAN, NASA",2,0.08674214829728548
2023,1463366.0,2,"LAPAN, NASA",2,0.08617801497954274
2023,1463376.0,2,"LAPAN, NASA",2,0.1157882203103784
2023,1463377.0,2,"LAPAN, NASA",2,0.11654586751654379
2023,1463417.0,2,"LAPAN, NASA",2,0.1144381893773421
2023,1463418.0,2,"LAPAN, NASA",2,0.11675008431650614
2023,1463422.0,2,"LAPAN, NASA",2,0.12210410690529898
2023,1463423.0,2,"LAPAN, NASA",2,0.1231802677203223
2023,1463424.0,2,"LAPAN, NASA",2,0.12179629919679809
2023,1463425.0,2,"LAPAN, NASA",2,0.1220805112841405
2023,1463431.0,2,"LAPAN, NASA",2,0.12257819000444208
2023,1463432.0,2,"LAPAN, NASA",2,0.1218643520207182
2023,1463433.0,2,"LAPAN, NASA",2,0.12344771274394874
2023,1463434.0,2,"LAPAN, NASA",2,0.12355639877680757
2023,1463435.0,2,"LAPAN, NASA",2,0.12338435191661934
2023,1463436.0,2,"LAPAN, NASA",2,0.12323485217966794
2023,1463437.0,2,"LAPAN, NASA",2,0.12332920154515128
2023,1463445.0,2,"LAPAN, NASA",2,0.07986289357135917
2023,1463446.0,2,"LAPAN, NASA",2,0.07938114572495183
2023,1463448.0,2,"LAPAN, NASA",2,0.0816418962904223
2023,1463450.0,2,"LAPAN, NASA",2,0.08203900676366091
2023,1463451.0,2,"LAPAN, NASA",2,0.08104641228470681
2023,1463452.0,2,"LAPAN, NASA",2,0.08174450429352456
2023,1463453.0,2,"LAPAN, NASA",2,0.08257350585400856
2023,1463454.0,2,"LAPAN, NASA",2,0.08244775071893598
2023,1463456.0,2,"LAPAN, NASA",2,0.07911237057637557
2023,1463457.0,2,"LAPAN, NASA",2,0.08090001093690195
2023,1463458.0,2,"LAPAN, NASA",2,0.08236806673784274
2023,1463461.0,2,"LAPAN, NASA",2,0.08216458116869263
2023,1463462.0,2,"LAPAN, NASA",2,0.08239460226358516
2023,1463463.0,2,"LAPAN, NASA",2,0.08247937766913127
2023,1463464.0,2,"LAPAN, NASA",2,0.08225196541003903
2023,1463465.0,2,"LAPAN, NASA",2,0.08338614368150232
2023,1463469.0,2,"LAPAN, NASA",2,0.08221690220344277
2023,1463470.0,2,"LAPAN, NASA",2,0.08239025596018064
2023,1463471.0,2,"LAPAN, NASA",2,0.08203713061981477
2023,1463472.0,2,"LAPAN, NASA",2,0.08253102673914808
2023,1463473.0,2,"LAPAN, NASA",2,0.082441194585547
2023,1463474.0,2,"LAPAN, NASA",2,0.08208800926212205
2023,1463475.0,2,"LAPAN, NASA",2,0.08263847869975585
2023,1463476.0,2,"LAPAN, NASA",2,0.08207622513571515
2023,1463480.0,2,"LAPAN, NASA",2,0.08280836996947767
2023,1463481.0,2,"LAPAN, NASA",2,0.08335609964583567
2023,1463482.0,2,"LAPAN, NASA",2,0.08189164938939117
2023,1463483.0,2,"LAPAN, NASA",2,0.08150646474997643
2023,1463484.0,2,"LAPAN, NASA",2,0.08254354814922388
2023,1463488.0,2,"LAPAN, NASA",2,0.08298612932092939
2023,1463489.0,2,"LAPAN, NASA",2,0.08373450228587057
2023,1463490.0,2,"LAPAN, NASA",2,0.0823194339423319
2023,1463491.0,2,"LAPAN, NASA",2,0.08170004395724152
2023,1463492.0,2,"LAPAN, NASA",2,0.0821575123654611
2023,1463493.0,2,"LAPAN, NASA",2,0.08323171436104324
2023,1463494.0,2,"LAPAN, NASA",2,0.0809818829516286
2023,1463495.0,2,"LAPAN, NASA",2,0.08303707375506826
2023,1463496.0,2,"LAPAN, NASA",2,0.08193979381090319
2023,1463501.0,2,"LAPAN, NASA",2,0.08434289235435516
2023,1463502.0,2,"LAPAN, NASA",2,0.08235152016065411
2023,1463503.0,2,"LAPAN, NASA",2,0.08204303539571313
2023,1463504.0,2,"LAPAN, NASA",2,0.08285352535926051
2023,1463505.0,2,"LAPAN, NASA",2,0.08307883663272825
2023,1463506.0,2,"LAPAN, NASA",2,0.0834745412034792
2023,1463508.0,2,"LAPAN, NASA",2,0.08267256033718846
2023,1463513.0,2,"LAPAN, NASA",2,0.0831369124496632
2023,1463514.0,2,"LAPAN, NASA",2,0.08256819305703976
2023,1463515.0,2,"LAPAN, NASA",2,0.08263012907865193
2023,1463516.0,2,"LAPAN, NASA",2,0.08264973269726107
2023,1463520.0,2,"LAPAN, NASA",2,0.08274787229333445
2023,1463521.0,2,"LAPAN, NASA",2,0.08247460498029878
2023,1463522.0,2,"LAPAN, NASA",2,0.08302118044600656
2023,1463523.0,2,"LAPAN, NASA",2,0.0841907013065202
2023,1463526.0,2,"LAPAN, NASA",2,0.08071249316966274
2023,1463527.0,2,"LAPAN, NASA",2,0.08377795501861952
2023,1463528.0,2,"LAPAN, NASA",2,0.08409714361667166
2023,1463529.0,2,"LAPAN, NASA",2,0.08435431935074217
2023,1463530.0,2,"LAPAN, NASA",2,0.07950134439805341
2023,1463531.0,2,"LAPAN, NASA",2,0.0805307477580067
2023,1463532.0,2,"LAPAN, NASA",2,0.08060257233176614
2023,1463533.0,2,"LAPAN, NASA",2,0.0831155496473313
2023,1463534.0,2,"LAPAN, NASA",2,0.08341541854665545
2023,1463538.0,2,"LAPAN, NASA",2,0.07923187581836975
2023,1463539.0,2,"LAPAN, NASA",2,0.08039481862393148
2023,1463540.0,2,"LAPAN, NASA",2,0.08076778539958836
2023,1463541.0,2,"LAPAN, NASA",2,0.08193772757982597
2023,1463542.0,2,"LAPAN, NASA",2,0.11701351201726796
2023,1463543.0,2,"LAPAN, NASA",2,0.11602664986618492
2023,1463544.0,2,"LAPAN, NASA",2,0.11640063372564351
2023,1463545.0,2,"LAPAN, NASA",2,0.11618307539203057
2023,1463546.0,2,"LAPAN, NASA",2,0.11704776789489678
2023,1463547.0,2,"LAPAN, NASA",2,0.1177245453762667
2023,1463548.0,2,"LAPAN, NASA",2,0.11666172592962697
2023,1463553.0,2,"LAPAN, NASA",2,0.11363192807683116
2023,1463554.0,2,"LAPAN, NASA",2,0.11295183165535932
2023,1463555.0,2,"LAPAN, NASA",2,0.1169832750719903
2023,1463556.0,2,"LAPAN, NASA",2,0.11680971119603863
2023,1463557.0,2,"LAPAN, NASA",2,0.11737958315646796
2023,1463558.0,2,"LAPAN, NASA",2,0.11698044137790578
2023,1463561.0,2,"LAPAN, NASA",2,0.11339728640707775
2023,1463562.0,2,"LAPAN, NASA",2,0.11281353661606551
2023,1463563.0,2,"LAPAN, NASA",2,0.11313454892500874
2023,1463564.0,2,"LAPAN, NASA",2,0.11318223270715772
2023,1463567.0,2,"LAPAN, NASA",2,0.11898126427378838
2023,1463568.0,2,"LAPAN, NASA",2,0.11389179293468792
2023,1463575.0,2,"LAPAN, NASA",2,0.11433829641453606
2023,1463576.0,2,"LAPAN, NASA",2,0.11472717668085623
2023,1463582.0,2,"LAPAN, NASA",2,0.11388566264333407
2023,1463583.0,2,"LAPAN, NASA",2,0.11423194867986454
2023,1463584.0,2,"LAPAN, NASA",2,0.11459310079128734
2023,1463589.0,2,"LAPAN, NASA",2,0.11458386390935481
2023,1463590.0,2,"LAPAN, NASA",2,0.11463761656160186
2023,1463606.0,2,"LAPAN, NASA",2,0.12098374282188967
2023,1463607.0,2,"LAPAN, NASA",2,0.12086828306314831
2023,1463609.0,2,"LAPAN, NASA",2,0.12201784846097366
2023,1463610.0,2,"LAPAN, NASA",2,0.12118055923637723
2023,1463611.0,2,"LAPAN, NASA",2,0.12191176844798901
2023,1463612.0,2,"LAPAN, NASA",2,0.12249091933608562
2023,1463616.0,2,"LAPAN, NASA",2,0.12136769659047393
2023,1463617.0,2,"LAPAN, NASA",2,0.12129269182066589
2023,1463619.0,2,"LAPAN, NASA",2,0.12163716013893755
2023,1463620.0,2,"LAPAN, NASA",2,0.12187426447952296
2023,1463621.0,2,"LAPAN, NASA",2,0.12157238635327741
2023,1463622.0,2,"LAPAN, NASA",2,0.12155801374253287
2023,1463623.0,2,"LAPAN, NASA",2,0.12271685709272802
2023,1463624.0,2,"LAPAN, NASA",2,0.12254086180573406
2023,1463638.0,2,"LAPAN, NASA",2,0.09192122654597439
2023,1463639.0,2,"LAPAN, NASA",2,0.09193423400895813
2023,1463665.0,2,"LAPAN, NASA",2,0.0898619023927857
2023,1463666.0,2,"LAPAN, NASA",2,0.09053512864494787
2023,1463672.0,2,"LAPAN, NASA",2,0.09135042294035815
2023,1463673.0,2,"LAPAN, NASA",2,0.09119020536072654
2023,1463760.0,2,"LAPAN, NASA",2,0.09219955432213783
2023,1463763.0,2,"LAPAN, NASA",2,0.11783172297447166
2023,1463767.0,2,"LAPAN, NASA",2,0.11825722522461833
2023,1463768.0,2,"LAPAN, NASA",2,0.11917001633638731
2023,1463769.0,2,"LAPAN, NASA",2,0.11873995493997372
2023,1463771.0,2,"LAPAN, NASA",2,0.12086460926232576
2023,1463772.0,2,"LAPAN, NASA",2,0.11853683909173697
2023,1463773.0,2,"LAPAN, NASA",2,0.12012218865323325
2023,1463774.0,2,"LAPAN, NASA",2,0.11928850199622494
2023,1463775.0,2,"LAPAN, NASA",2,0.12024263302582953
2023,1463787.0,2,"LAPAN, NASA",2,0.08312931582836068
2023,1463788.0,2,"LAPAN, NASA",2,0.08282313723457115
2023,1463790.0,2,"LAPAN, NASA",2,0.08358006698943568
2023,1463791.0,2,"LAPAN, NASA",2,0.08424215384757888
2023,1463793.0,2,"LAPAN, NASA",2,0.1204638488662604
2023,1463794.0,2,"LAPAN, NASA",2,0.12159484653031746
2023,1463837.0,2,"LAPAN, NASA",2,0.1457030425326774
2023,1463838.0,2,"LAPAN, NASA",2,0.14657637301361762
2023,1463839.0,2,"LAPAN, NASA",2,0.1494142012374675
2023,1463840.0,2,"LAPAN, NASA",2,0.14826853296230696
2023,1463841.0,2,"LAPAN, NASA",2,0.1508829397400064
2023,1463842.0,2,"LAPAN, NASA",2,0.14795461947998748
2023,1463859.0,2,"LAPAN, NASA",2,0.09901594913469751
2023,1463860.0,2,"LAPAN, NASA",2,0.09831445533518371
2023,1463861.0,2,"LAPAN, NASA",2,0.09833967027388293
2023,1463862.0,2,"LAPAN, NASA",2,0.09883922848944364
2023,1463863.0,2,"LAPAN, NASA",2,0.09958979032934298
2023,1463864.0,2,"LAPAN, NASA",2,0.10124563315763188
2023,1463873.0,2,"LAPAN, NASA",2,0.13873606199779537
2023,1463875.0,2,"LAPAN, NASA",2,0.14087807349354486
2023,1463878.0,2,"LAPAN, NASA",2,0.1429785995050894
2023,1463881.0,2,"LAPAN, NASA",2,0.1418040682514034
2023,1463882.0,2,"LAPAN, NASA",2,0.14221771793630422
2023,1463883.0,2,"LAPAN, NASA",2,0.14491473164137825
2023,1463917.0,2,"LAPAN, NASA",2,0.0864522930090903
2023,1464227.0,2,"LAPAN, NASA",2,0.046655896677419526
2023,1464228.0,2,"LAPAN, NASA",2,0.049092602574045
2023,1464230.0,2,"LAPAN, NASA",2,0.04886692453985734
2023,1464231.0,2,"LAPAN, NASA",2,0.04721362971944682
2023,1464234.0,2,"LAPAN, NASA",2,0.08255990950329462
2023,1464235.0,2,"LAPAN, NASA",2,0.08258216451137532
2023,1464237.0,2,"LAPAN, NASA",2,0.08242890964979001
2023,1464238.0,2,"LAPAN, NASA",2,0.08344596561802856
2023,1464240.0,2,"LAPAN, NASA",2,0.08255710953130564
2023,1464241.0,2,"LAPAN, NASA",2,0.0834722413566212
2023,1464242.0,2,"LAPAN, NASA",2,0.08323977789261523
2023,1464243.0,2,"LAPAN, NASA",2,0.08263255178772502
2023,1464244.0,2,"LAPAN, NASA",2,0.08230209712683541
2023,1464246.0,2,"LAPAN, NASA",2,0.0832547084575613
2023,1464247.0,2,"LAPAN, NASA",2,0.08318852814695187
2023,1464248.0,2,"LAPAN, NASA",2,0.08349395960628132
2023,1464249.0,2,"LAPAN, NASA",2,0.08339163479293744
2023,1464250.0,2,"LAPAN, NASA",2,0.08246745578596115
2023,1464251.0,2,"LAPAN, NASA",2,0.08416061378836227
2023,1464254.0,2,"LAPAN, NASA",2,0.08341436275317139
2023,1464255.0,2,"LAPAN, NASA",2,0.08364343100663307
2023,1464256.0,2,"LAPAN, NASA",2,0.08345711743057523
2023,1464257.0,2,"LAPAN, NASA",2,0.08401325791438997
2023,1464258.0,2,"LAPAN, NASA",2,0.08282949748124796
2023,1464259.0,2,"LAPAN, NASA",2,0.08477201599087035
2023,1464260.0,2,"LAPAN, NASA",2,0.08436054092353076
2023,1464261.0,2,"LAPAN, NASA",2,0.08455291348040982
2023,1464262.0,2,"LAPAN, NASA",2,0.08458778417627111
2023,1464263.0,2,"LAPAN, NASA",2,0.08429971787602293
2023,1464381.0,2,"LAPAN, NASA",2,0.09256791693127235
2023,1464382.0,2,"LAPAN, NASA",2,0.09386303026657307
2023,1464384.0,2,"LAPAN, NASA",2,0.09347332978575444
2023,1464385.0,2,"LAPAN, NASA",2,0.09379028207941552
2023,1464390.0,2,"LAPAN, NASA",2,0.09513297599429343
2023,1464391.0,2,"LAPAN, NASA",2,0.09566357937615197
2023,1464413.0,2,"LAPAN, NASA",2,0.12243112595038053
2023,1464414.0,2,"LAPAN, NASA",2,0.12125263767520741
2023,1464479.0,2,"LAPAN, NASA",2,0.11115562365412242
2023,1464481.0,2,"LAPAN, NASA",2,0.11062726831097955
2023,1464532.0,2,"LAPAN, NASA",2,0.11024772253853987
2023,1464536.0,2,"LAPAN, NASA",2,0.11092546708605835
2023,1464542.0,2,"LAPAN, NASA",2,0.11037268456889016
2023,1464543.0,2,"LAPAN, NASA",2,0.11077072318784807
2023,1464552.0,2,"LAPAN, NASA",2,0.11071627513547734
2023,1464555.0,2,"LAPAN, NASA",2,0.11119141943410162
2023,1464560.0,2,"LAPAN, NASA",2,0.11081165066339575
2023,1464561.0,2,"LAPAN, NASA",2,0.10953066570177478
2023,1464573.0,2,"LAPAN, NASA",2,0.11826027828101478
2023,1464576.0,2,"LAPAN, NASA",2,0.11843838239785028
2023,1464577.0,2,"LAPAN, NASA",2,0.11895737612581508
2023,1464604.0,2,"LAPAN, NASA",2,0.09488534640897077
2023,1464649.0,2,"LAPAN, NASA",2,0.13398140809918846
2023,1464651.0,2,"LAPAN, NASA",2,0.13540353579451292
2023,1464701.0,2,"LAPAN, NASA",2,0.11047240805853875
2023,1464702.0,2,"LAPAN, NASA",2,0.09347729383465206
2023,1464703.0,2,"LAPAN, NASA",2,0.08930915571859434
2023,1464704.0,2,"LAPAN, NASA",2,0.08954130014900606
2023,1464705.0,2,"LAPAN, NASA",2,0.09003341559571208
2023,1464706.0,2,"LAPAN, NASA",2,0.09116095988132368
2023,1464722.0,2,"LAPAN, NASA",2,0.0922782027194778
2023,1464852.0,2,"LAPAN, NASA",2,0.10446750356630347
2023,1464865.0,2,"LAPAN, NASA",2,0.06872315866934013
2023,1464870.0,2,"LAPAN, NASA",2,0.06750955979720395
2023,1464873.0,2,"LAPAN, NASA",2,0.07810593794785535
2023,1464921.0,2,"LAPAN, NASA",2,0.06553266446343281
2023,1464922.0,2,"LAPAN, NASA",2,0.06709210113768996
2023,1464924.0,2,"LAPAN, NASA",2,0.06533782377056764
2023,1464926.0,2,"LAPAN, NASA",2,0.06560900537570985
2023,1464928.0,2,"LAPAN, NASA",2,0.06620414984687634
2023,1464929.0,2,"LAPAN, NASA",2,0.06567943128262409
2023,1464934.0,2,"LAPAN, NASA",2,0.07151809738536938
2023,1464942.0,2,"LAPAN, NASA",2,0.03446065202188595
2023,1464943.0,2,"LAPAN, NASA",2,0.03446057206257899
2023,1464945.0,2,"LAPAN, NASA",2,0.034460558045045823
2023,1464946.0,2,"LAPAN, NASA",2,0.03446035555165891
2023,1464948.0,2,"LAPAN, NASA",2,0.05106595443272473
2023,1464957.0,2,"LAPAN, NASA",2,0.05500852023898209
2023,1464961.0,2,"LAPAN, NASA",2,0.05023215536183531
2023,1464962.0,2,"LAPAN, NASA",2,0.05042811972832384
2023,1464985.0,2,"LAPAN, NASA",2,0.09689649627179915
2023,1464986.0,2,"LAPAN, NASA",2,0.0967264783105105
2023,1464987.0,2,"LAPAN, NASA",2,0.0986511166391048
2023,1464988.0,2,"LAPAN, NASA",2,0.09658265370795556
2023,1464989.0,2,"LAPAN, NASA",2,0.09637527129746615
2023,1464990.0,2,"LAPAN, NASA",2,0.09670028912449674
2023,1464991.0,2,"LAPAN, NASA",2,0.0956140474502036
2023,1464993.0,2,"LAPAN, NASA",2,0.0974828034785219
2023,1464994.0,2,"LAPAN, NASA",2,0.0970342999565718
2023,1464995.0,2,"LAPAN, NASA",2,0.0967734925953337
2023,1464996.0,2,"LAPAN, NASA",2,0.09703450054013461
2023,1464997.0,2,"LAPAN, NASA",2,0.09826867771017035
2023,1464998.0,2,"LAPAN, NASA",2,0.09819764403017545
2023,1464999.0,2,"LAPAN, NASA",2,0.09835475295765372
2023,1465000.0,2,"LAPAN, NASA",2,0.09772523610627248
2023,1465001.0,2,"LAPAN, NASA",2,0.09905565232135766
2023,1465002.0,2,"LAPAN, NASA",2,0.09876487974311038
2023,1465003.0,2,"LAPAN, NASA",2,0.0981801324715142
2023,1465004.0,2,"LAPAN, NASA",2,0.09928167944165035
2023,1465005.0,2,"LAPAN, NASA",2,0.09958212723606125
2023,1465006.0,2,"LAPAN, NASA",2,0.0996554722471903
2023,1465007.0,2,"LAPAN, NASA",2,0.09940128608603678
2023,1465008.0,2,"LAPAN, NASA",2,0.09976012813426464
2023,1465010.0,2,"LAPAN, NASA",2,0.09977816540894253
2023,1465011.0,2,"LAPAN, NASA",2,0.09977773227633893
2023,1465012.0,2,"LAPAN, NASA",2,0.09922599197367897
2023,1465013.0,2,"LAPAN, NASA",2,0.10019572983950857
2023,1466138.0,2,"LAPAN, NASA",2,0.1505808681980003
2023,1466167.0,2,"LAPAN, NASA",2,0.19711449228819794
2023,1466174.0,2,"LAPAN, NASA",2,0.1505039684148051
2023,1466179.0,2,"LAPAN, NASA",2,0.15011214423487138
2023,1466180.0,2,"LAPAN, NASA",2,0.14707019875479493
2023,1466187.0,2,"LAPAN, NASA",2,0.15177837116253565
2023,1466191.0,2,"LAPAN, NASA",2,0.15039792644371142
2023,1466196.0,2,"LAPAN, NASA",2,0.1528529082258903
2023,1466206.0,2,"LAPAN, NASA",2,0.15435824513717294
2023,1466207.0,2,"LAPAN, NASA",2,0.15622944823033583
2023,1466208.0,2,"LAPAN, NASA",2,0.15712299712364597
2023,1466209.0,2,"LAPAN, NASA",2,0.15734766129726507
2023,1466210.0,2,"LAPAN, NASA",2,0.15947099794013517
2023,1466213.0,2,"LAPAN, NASA",2,0.20388386988478444
2023,1466221.0,2,"LAPAN, NASA",2,0.2068341856104284
2023,1466222.0,2,"LAPAN, NASA",2,0.2072961723855354
2023,1466223.0,2,"LAPAN, NASA",2,0.20848499504867632
2023,1466225.0,2,"LAPAN, NASA",2,0.20994045112581786
2023,1466226.0,2,"LAPAN, NASA",2,0.21061675220632894
2023,1466228.0,2,"LAPAN, NASA",2,0.21087652302134505
2023,1466229.0,2,"LAPAN, NASA",2,0.21173703077317685
2023,1466281.0,2,"LAPAN, NASA",2,0.1467603410631311
2023,1466291.0,2,"LAPAN, NASA",2,0.21039030947244888
2023,1466292.0,2,"LAPAN, NASA",2,0.21026886246642063
2023,1466294.0,2,"LAPAN, NASA",2,0.21248901026291678
2023,1466295.0,2,"LAPAN, NASA",2,0.21098253096268543
2023,1466296.0,2,"LAPAN, NASA",2,0.21091128084585553
2023,1466297.0,2,"LAPAN, NASA",2,0.2185994996977787
2023,1466302.0,2,"LAPAN, NASA",2,0.12748286505921844
2023,1466303.0,2,"LAPAN, NASA",2,0.1277147914622952
2023,1466304.0,2,"LAPAN, NASA",2,0.12598385965533251
2023,1466306.0,2,"LAPAN, NASA",2,0.12652384981799572
2023,1466307.0,2,"LAPAN, NASA",2,0.12868718323574008
2023,1466321.0,2,"LAPAN, NASA",2,0.13390230830666006
2023,1466325.0,2,"LAPAN, NASA",2,0.13140799037641762
2023,1466330.0,2,"LAPAN, NASA",2,0.13269253678972565
2023,1466336.0,2,"LAPAN, NASA",2,0.13386151174736252
2023,1466337.0,2,"LAPAN, NASA",2,0.13259421565280224
2023,1466338.0,2,"LAPAN, NASA",2,0.13295756573028064
2023,1466339.0,2,"LAPAN, NASA",2,0.13332044325528697
2023,1466341.0,2,"LAPAN, NASA",2,0.13326519124847885
2023,1466466.0,2,"LAPAN, NASA",2,0.1452533556435422
2023,1466467.0,2,"LAPAN, NASA",2,0.14584927442181095
2023,1466468.0,2,"LAPAN, NASA",2,0.14612492130772772
2023,1466469.0,2,"LAPAN, NASA",2,0.14648653810178835
2023,1466470.0,2,"LAPAN, NASA",2,0.14683904277275353
2023,1466471.0,2,"LAPAN, NASA",2,0.15016409520316665
2023,1466472.0,2,"LAPAN, NASA",2,0.14886179026100257
2023,1466473.0,2,"LAPAN, NASA",2,0.1484243156662788
2023,1466474.0,2,"LAPAN, NASA",2,0.1493115298857347
2023,1466476.0,2,"LAPAN, NASA",2,0.14973257118603553
2023,1466477.0,2,"LAPAN, NASA",2,0.14940619758426432
2023,1466478.0,2,"LAPAN, NASA",2,0.15019412278545954
2023,1466479.0,2,"LAPAN, NASA",2,0.14982955656379715
2023,1466481.0,2,"LAPAN, NASA",2,0.1509272071185958
2023,1466483.0,2,"LAPAN, NASA",2,0.15218681019155414
2023,1466487.0,2,"LAPAN, NASA",2,0.14980101315706765
2023,1466488.0,2,"LAPAN, NASA",2,0.1503112486177004
2023,1466493.0,2,"LAPAN, NASA",2,0.19757016975793343
2023,1466494.0,2,"LAPAN, NASA",2,0.197492759841458
2023,1466495.0,2,"LAPAN, NASA",2,0.20013607394208574
2023,1466497.0,2,"LAPAN, NASA",2,0.19888875418635255
2023,1466499.0,2,"LAPAN, NASA",2,0.2054531159997363
2023,1466500.0,2,"LAPAN, NASA",2,0.2068755147326784
2023,1466501.0,2,"LAPAN, NASA",2,0.20523675176565864
2023,1466502.0,2,"LAPAN, NASA",2,0.20667549110611344
2023,1466503.0,2,"LAPAN, NASA",2,0.20569680371993804
2023,1466504.0,2,"LAPAN, NASA",2,0.2087457843797001
2023,1466505.0,2,"LAPAN, NASA",2,0.20934827775919562
2023,1466506.0,2,"LAPAN, NASA",2,0.19988673711614438
2023,1466512.0,2,"LAPAN, NASA",2,0.20161565533336306
2023,1466513.0,2,"LAPAN, NASA",2,0.20291057931772458
2023,1466514.0,2,"LAPAN, NASA",2,0.20373494975466638
2023,1466515.0,2,"LAPAN, NASA",2,0.20331056901056083
2023,1466516.0,2,"LAPAN, NASA",2,0.20401781782230097
2023,1466518.0,2,"LAPAN, NASA",2,0.20452437288483738
2023,1466519.0,2,"LAPAN, NASA",2,0.20433111718235727
2023,1466524.0,2,"LAPAN, NASA",2,0.21445949233267755
2023,1466526.0,2,"LAPAN, NASA",2,0.21526764758742634
2023,1466529.0,2,"LAPAN, NASA",2,0.12647724169669536
2023,1466530.0,2,"LAPAN, NASA",2,0.12736033943845518
2023,1466531.0,2,"LAPAN, NASA",2,0.12708531282455562
2023,1466532.0,2,"LAPAN, NASA",2,0.12702562003690124
2023,1466534.0,2,"LAPAN, NASA",2,0.12615015012309821
2023,1466537.0,2,"LAPAN, NASA",2,0.1335719022838078
2023,1466538.0,2,"LAPAN, NASA",2,0.1367423600865988
2023,1466541.0,2,"LAPAN, NASA",2,0.13471428751277403
2023,1466545.0,2,"LAPAN, NASA",2,0.13544847739928825
2023,1466546.0,2,"LAPAN, NASA",2,0.13627291824345794
2023,1466560.0,2,"LAPAN, NASA",2,0.1387133597054889
2023,1466561.0,2,"LAPAN, NASA",2,0.13911136366884327
2023,1466562.0,2,"LAPAN, NASA",2,0.1395517394548004
2023,1466563.0,2,"LAPAN, NASA",2,0.13900915260799912
2023,1466564.0,2,"LAPAN, NASA",2,0.1395104046599276
2023,1466565.0,2,"LAPAN, NASA",2,0.14006062133673874
2023,1466573.0,2,"LAPAN, NASA",2,0.1860754820868088
2023,1466574.0,2,"LAPAN, NASA",2,0.18695102231511215
2023,1466575.0,2,"LAPAN, NASA",2,0.1860937374492224
2023,1466581.0,2,"LAPAN, NASA",2,0.18723396086673483
2023,1466582.0,2,"LAPAN, NASA",2,0.18582897855402397
2023,1466584.0,2,"LAPAN, NASA",2,0.18750356567489534
2023,1466648.0,2,"LAPAN, NASA",2,0.29328854769202045
2023,1466654.0,2,"LAPAN, NASA",2,0.1726788551488586
2023,1466710.0,2,"LAPAN, NASA",2,0.15064911317225996
2023,1466711.0,2,"LAPAN, NASA",2,0.1482233119603192
2023,1466712.0,2,"LAPAN, NASA",2,0.14866269207514488
2023,1466748.0,2,"LAPAN, NASA",2,0.2061997780169186
2023,1466749.0,2,"LAPAN, NASA",2,0.20600501054254938
2023,1466760.0,2,"LAPAN, NASA",2,0.19494033705987093
2023,1467042.0,3,"LAPAN, NASA",2,0.12868514641469087
2023,1467044.0,3,"LAPAN, NASA",2,0.12830492562162424
2023,1467582.0,2,"LAPAN, NASA",2,0.05406202685653193
2023,1467583.0,2,"LAPAN, NASA",2,0.055753822734096556
2023,1467584.0,2,"LAPAN, NASA",2,0.05421617524901208
2023,1467585.0,2,"LAPAN, NASA",2,0.05461484023053205
2023,1467586.0,2,"LAPAN, NASA",2,0.05492821662092356
2023,1467587.0,2,"LAPAN, NASA",2,0.05623126666002903
2023,1467589.0,2,"LAPAN, NASA",2,0.057889853394837806
2023,1467595.0,2,"LAPAN, NASA",2,0.08839177876518073
2023,1467683.0,2,"LAPAN, NASA",2,0.06806495555815549
2023,1467684.0,2,"LAPAN, NASA",2,0.0703029245730381
2023,1467703.0,2,"LAPAN, NASA",2,0.09166437593432407
2023,1467716.0,2,"LAPAN, NASA",2,0.06890838954094566
2023,1467717.0,2,"LAPAN, NASA",2,0.06940290596765315
2023,1467718.0,2,"LAPAN, NASA",2,0.06922606590842958
2023,1467719.0,2,"LAPAN, NASA",2,0.06881712934595019
2023,1467720.0,2,"LAPAN, NASA",2,0.06862540676587973
2023,1467721.0,2,"LAPAN, NASA",2,0.06868393082102892
2023,1467722.0,2,"LAPAN, NASA",2,0.06827353070362249
2023,1467723.0,2,"LAPAN, NASA",2,0.06877445143189224
2023,1467724.0,2,"LAPAN, NASA",2,0.068591306199747
2023,1467725.0,2,"LAPAN, NASA",2,0.0684107437401963
2023,1467726.0,2,"LAPAN, NASA",2,0.0680657325579624
2023,1467727.0,2,"LAPAN, NASA",2,0.0682613725386238
2023,1467728.0,2,"LAPAN, NASA",2,0.0679899977198106
2023,1467729.0,2,"LAPAN, NASA",2,0.0684994567921158
2023,1467730.0,2,"LAPAN, NASA",2,0.06767414972478701
2023,1467731.0,2,"LAPAN, NASA",2,0.068399096373462
2023,1467732.0,2,"LAPAN, NASA",2,0.06815828584584277
2023,1467733.0,2,"LAPAN, NASA",2,0.06798392317661983
2023,1467734.0,2,"LAPAN, NASA",2,0.06806452494443282
2023,1467735.0,2,"LAPAN, NASA",2,0.06789023028850537
2023,1467736.0,2,"LAPAN, NASA",2,0.06818765335887858
2023,1467737.0,2,"LAPAN, NASA",2,0.0673872149136173
2023,1467738.0,2,"LAPAN, NASA",2,0.06838785276788634
2023,1467739.0,2,"LAPAN, NASA",2,0.06821663488990382
2023,1467740.0,2,"LAPAN, NASA",2,0.06832648361406614
2023,1467741.0,2,"LAPAN, NASA",2,0.06758386355646694
2023,1467742.0,2,"LAPAN, NASA",2,0.0666330380284377
2023,1467743.0,2,"LAPAN, NASA",2,0.06692696002697784
2023,1467744.0,2,"LAPAN, NASA",2,0.06676960863491369
2023,1467745.0,2,"LAPAN, NASA",2,0.06674271296925838
2023,1467746.0,2,"LAPAN, NASA",2,0.06774920265138172
2023,1467747.0,2,"LAPAN, NASA",2,0.06642569999769339
2023,1467748.0,2,"LAPAN, NASA",2,0.0666626097203849
2023,1467749.0,2,"LAPAN, NASA",2,0.08538910562302296
2023,1467750.0,2,"LAPAN, NASA",2,0.08496351205662389
2023,1467751.0,2,"LAPAN, NASA",2,0.08410086544794353
2023,1467752.0,2,"LAPAN, NASA",2,0.08398902193830265
2023,1467753.0,2,"LAPAN, NASA",2,0.08440834573470751
2023,1467756.0,2,"LAPAN, NASA",2,0.08497057639048046
2023,1467757.0,2,"LAPAN, NASA",2,0.08448594410967214
2023,1467768.0,2,"LAPAN, NASA",2,0.08393966610042956
2023,1467769.0,2,"LAPAN, NASA",2,0.08435950193418097
2023,1467781.0,2,"LAPAN, NASA",2,0.08491999320757221
2023,1467782.0,2,"LAPAN, NASA",2,0.0844945482092189
2023,1467794.0,2,"LAPAN, NASA",2,0.08390249493606154
2023,1467795.0,2,"LAPAN, NASA",2,0.0843213713927264
2023,1467804.0,2,"LAPAN, NASA",2,0.08445022368840709
2023,1467807.0,2,"LAPAN, NASA",2,0.08538947628183578
2023,1467814.0,2,"LAPAN, NASA",2,0.084695799883266
2023,1467817.0,2,"LAPAN, NASA",2,0.08448988762822235
2023,1467818.0,2,"LAPAN, NASA",2,0.08600696544108201
2023,1467819.0,2,"LAPAN, NASA",2,0.08481653201508942
2023,1467820.0,2,"LAPAN, NASA",2,0.08502492280556574
2023,1467821.0,2,"LAPAN, NASA",2,0.08596786747654507
2023,1467822.0,2,"LAPAN, NASA",2,0.08468595787302056
2023,1467823.0,2,"LAPAN, NASA",2,0.08451813627599475
2023,1467824.0,2,"LAPAN, NASA",2,0.08515569037020367
2023,1467825.0,2,"LAPAN, NASA",2,0.08694497539508307
2023,1467826.0,2,"LAPAN, NASA",2,0.08536348968438905
2023,1467827.0,2,"LAPAN, NASA",2,0.08383920422550356
2023,1467828.0,2,"LAPAN, NASA",2,0.0842391460187616
2023,1467829.0,2,"LAPAN, NASA",2,0.08525937131686473
2023,1467830.0,2,"LAPAN, NASA",2,0.08565632279698383
2023,1467831.0,2,"LAPAN, NASA",2,0.08458663240522181
2023,1467835.0,2,"LAPAN, NASA",2,0.071599846194706
2023,1467836.0,2,"LAPAN, NASA",2,0.07062739517653271
2023,1467837.0,2,"LAPAN, NASA",2,0.07010889964076743
2023,1467838.0,2,"LAPAN, NASA",2,0.06984124119795848
2023,1467839.0,2,"LAPAN, NASA",2,0.06976834940055632
2023,1467840.0,2,"LAPAN, NASA",2,0.06924761725308579
2023,1467841.0,2,"LAPAN, NASA",2,0.07023070249628753
2023,1467842.0,2,"LAPAN, NASA",2,0.0698981030925233
2023,1467843.0,2,"LAPAN, NASA",2,0.06974456261159334
2023,1467844.0,2,"LAPAN, NASA",2,0.06986135255168828
2023,1467845.0,2,"LAPAN, NASA",2,0.06981815212688329
2023,1467846.0,2,"LAPAN, NASA",2,0.06948550804910653
2023,1467847.0,2,"LAPAN, NASA",2,0.07031389124109674
2023,1467848.0,2,"LAPAN, NASA",2,0.07053877378395758
2023,1467849.0,2,"LAPAN, NASA",2,0.07039607886261738
2023,1467850.0,2,"LAPAN, NASA",2,0.06972325837353537
2023,1467851.0,2,"LAPAN, NASA",2,0.0696786648767082
2023,1467853.0,2,"LAPAN, NASA",2,0.07002673836835459
2023,1467854.0,2,"LAPAN, NASA",2,0.06935604226032985
2023,1467855.0,2,"LAPAN, NASA",2,0.06932584243513376
2023,1467856.0,2,"LAPAN, NASA",2,0.06928200902165975
2023,1467857.0,2,"LAPAN, NASA",2,0.06900808584007555
2023,1467858.0,2,"LAPAN, NASA",2,0.06893266476574188
2023,1467860.0,2,"LAPAN, NASA",2,0.06988837650105524
2023,1467861.0,2,"LAPAN, NASA",2,0.0698599258394646
2023,1467862.0,2,"LAPAN, NASA",2,0.0691753833001587
2023,1467863.0,2,"LAPAN, NASA",2,0.06912943895564116
2023,1467865.0,2,"LAPAN, NASA",2,0.06952205922490601
2023,1467866.0,2,"LAPAN, NASA",2,0.06949190949152946
2023,1467867.0,2,"LAPAN, NASA",2,0.06950004810644285
2023,1467868.0,2,"LAPAN, NASA",2,0.06922467172307491
2023,1467869.0,2,"LAPAN, NASA",2,0.06882543234425743
2023,1467872.0,2,"LAPAN, NASA",2,0.06850405258395514
2023,1467874.0,2,"LAPAN, NASA",2,0.06726643215983265
2023,1467875.0,2,"LAPAN, NASA",2,0.06755788216804624
2023,1467876.0,2,"LAPAN, NASA",2,0.0669065707346305
2023,1467877.0,2,"LAPAN, NASA",2,0.06792181854465282
2023,1467878.0,2,"LAPAN, NASA",2,0.06759483913366238
2023,1467879.0,2,"LAPAN, NASA",2,0.06767139542202462
2023,1467880.0,2,"LAPAN, NASA",2,0.06734337392751298
2023,1467881.0,2,"LAPAN, NASA",2,0.06730049477678517
2023,1467882.0,2,"LAPAN, NASA",2,0.06666824021674526
2023,1467883.0,2,"LAPAN, NASA",2,0.06732969833965903
2023,1467884.0,2,"LAPAN, NASA",2,0.0679932419863552
2023,1467885.0,2,"LAPAN, NASA",2,0.0683256819912543
2023,1468238.0,2,"LAPAN, NASA",2,0.06839303947794108
2023,1468241.0,2,"LAPAN, NASA",2,0.0703639628031463
2023,1468242.0,2,"LAPAN, NASA",2,0.06998715030286234
2023,1468243.0,2,"LAPAN, NASA",2,0.07080190975500701
2023,1468244.0,2,"LAPAN, NASA",2,0.07106287915221833
2023,1468245.0,2,"LAPAN, NASA",2,0.0712071238712127
2023,1468246.0,2,"LAPAN, NASA",2,0.0701981393947586
2023,1468247.0,2,"LAPAN, NASA",2,0.07097339486543454
2023,1468248.0,2,"LAPAN, NASA",2,0.07112218339231635
2023,1468249.0,2,"LAPAN, NASA",2,0.06993344026025308
2023,1468250.0,2,"LAPAN, NASA",2,0.07015701264913192
2023,1468251.0,2,"LAPAN, NASA",2,0.07127829007275864
2023,1468252.0,2,"LAPAN, NASA",2,0.07165362660138239
2023,1468253.0,2,"LAPAN, NASA",2,0.07073084383041035
2023,1468254.0,2,"LAPAN, NASA",2,0.07138768744491143
2023,1468255.0,2,"LAPAN, NASA",2,0.0715105301819626
2023,1468256.0,2,"LAPAN, NASA",2,0.07142748829209766
2023,1468257.0,2,"LAPAN, NASA",2,0.07181870782656576
2023,1468258.0,2,"LAPAN, NASA",2,0.07157095935170797
2023,1468259.0,2,"LAPAN, NASA",2,0.07133723855291652
2023,1468261.0,2,"LAPAN, NASA",2,0.07096845581062701
2023,1468262.0,2,"LAPAN, NASA",2,0.07050349464173612
2023,1468263.0,2,"LAPAN, NASA",2,0.0708913155411271
2023,1468264.0,2,"LAPAN, NASA",2,0.07156041028823952
2023,1468265.0,2,"LAPAN, NASA",2,0.0710885814611304
2023,1468266.0,2,"LAPAN, NASA",2,0.07155401924133403
2023,1468268.0,2,"LAPAN, NASA",2,0.07186007582534687
2023,1468269.0,2,"LAPAN, NASA",2,0.07170126478002184
2023,1468270.0,2,"LAPAN, NASA",2,0.07188864831087485
2023,1468272.0,2,"LAPAN, NASA",2,0.0728683298456281
2023,1468273.0,2,"LAPAN, NASA",2,0.07172354330127301
2023,1468275.0,2,"LAPAN, NASA",2,0.07154055836466834
2023,1468276.0,2,"LAPAN, NASA",2,0.07293279064981861
2023,1468277.0,2,"LAPAN, NASA",2,0.07157422821028935
2023,1468278.0,2,"LAPAN, NASA",2,0.07267204953939943
2023,1468279.0,2,"LAPAN, NASA",2,0.07175812047917977
2023,1468280.0,2,"LAPAN, NASA",2,0.08900783972132935
2023,1468281.0,2,"LAPAN, NASA",2,0.08877563200370932
2023,1468282.0,2,"LAPAN, NASA",2,0.08919330046299659
2023,1468283.0,2,"LAPAN, NASA",2,0.0892984183863315
2023,1468284.0,2,"LAPAN, NASA",2,0.08921704036824407
2023,1468285.0,2,"LAPAN, NASA",2,0.08897904644941336
2023,1468286.0,2,"LAPAN, NASA",2,0.08937048845073277
2023,1468287.0,2,"LAPAN, NASA",2,0.08772979822631906
2023,1468288.0,2,"LAPAN, NASA",2,0.08891660475993413
2023,1468289.0,2,"LAPAN, NASA",2,0.0875786852528117
2023,1468290.0,2,"LAPAN, NASA",2,0.08943150285743041
2023,1468291.0,2,"LAPAN, NASA",2,0.0875112736868692
2023,1468292.0,2,"LAPAN, NASA",2,0.0893562786285272
2023,1468293.0,2,"LAPAN, NASA",2,0.08906179121950822
2023,1468294.0,2,"LAPAN, NASA",2,0.08917060549070611
2023,1468295.0,2,"LAPAN, NASA",2,0.08830162496366509
2023,1468296.0,2,"LAPAN, NASA",2,0.08853577681716154
2023,1468297.0,2,"LAPAN, NASA",2,0.08812989194837526
2023,1468298.0,2,"LAPAN, NASA",2,0.08856512875955687
2023,1468299.0,2,"LAPAN, NASA",2,0.08796449520272036
2023,1468300.0,2,"LAPAN, NASA",2,0.0884432793052108
2023,1468301.0,2,"LAPAN, NASA",2,0.08918031778373102
2023,1468302.0,2,"LAPAN, NASA",2,0.08783917121754681
2023,1468305.0,2,"LAPAN, NASA",2,0.08820474772679048
2023,1468306.0,2,"LAPAN, NASA",2,0.08893565257586675
2023,1468307.0,2,"LAPAN, NASA",2,0.08773154576924014
2023,1468309.0,2,"LAPAN, NASA",2,0.0881034043685994
2023,1468313.0,2,"LAPAN, NASA",2,0.0884425798672156
2023,1468314.0,2,"LAPAN, NASA",2,0.08881819343736683
2023,1468315.0,2,"LAPAN, NASA",2,0.08795774101845517
2023,1468316.0,2,"LAPAN, NASA",2,0.08810003200344187
2023,1468317.0,2,"LAPAN, NASA",2,0.08870466772798212
2023,1468318.0,2,"LAPAN, NASA",2,0.08783685082020254
2023,1468319.0,2,"LAPAN, NASA",2,0.08734820871849719
2023,1468320.0,2,"LAPAN, NASA",2,0.08665252663293098
2023,1468321.0,2,"LAPAN, NASA",2,0.08711269062709312
2023,1468322.0,2,"LAPAN, NASA",2,0.08848501804831632
2023,1468323.0,2,"LAPAN, NASA",2,0.08799660459876775
2023,1468324.0,2,"LAPAN, NASA",2,0.08833036433963141
2023,1468326.0,2,"LAPAN, NASA",2,0.08730510890669838
2023,1468331.0,2,"LAPAN, NASA",2,0.08773953222557003
2023,1468343.0,2,"LAPAN, NASA",2,0.08764922670692958
2023,1468357.0,2,"LAPAN, NASA",2,0.06708044889131975
2023,1468358.0,2,"LAPAN, NASA",2,0.06778986813308678
2023,1468359.0,2,"LAPAN, NASA",2,0.06754708572775041
2023,1468361.0,2,"LAPAN, NASA",2,0.06823549501753223
2023,1468364.0,2,"LAPAN, NASA",2,0.06735226929854565
2023,1468368.0,2,"LAPAN, NASA",2,0.0687691209061293
2023,1468369.0,2,"LAPAN, NASA",2,0.06795887409767662
2023,1468370.0,2,"LAPAN, NASA",2,0.06852355333703905
2023,1468371.0,2,"LAPAN, NASA",2,0.06841133417499548
2023,1468372.0,2,"LAPAN, NASA",2,0.06791917993637399
2023,1468399.0,2,"LAPAN, NASA",2,0.06895497589387259
2023,1468402.0,2,"LAPAN, NASA",2,0.07053072066037751
2023,1468403.0,2,"LAPAN, NASA",2,0.07014531344887494
2023,1468405.0,2,"LAPAN, NASA",2,0.06997743217413038
2023,1468406.0,2,"LAPAN, NASA",2,0.07075258558964478
2023,1468407.0,2,"LAPAN, NASA",2,0.070886817905135
2023,1468411.0,2,"LAPAN, NASA",2,0.07923794306177913
2023,1468412.0,2,"LAPAN, NASA",2,0.07767720365202649
2023,1468416.0,2,"LAPAN, NASA",2,0.07846448525109084
2023,1468421.0,2,"LAPAN, NASA",2,0.0781202125426214
2023,1468422.0,2,"LAPAN, NASA",2,0.07944852670739795
2023,1468432.0,2,"LAPAN, NASA",2,0.07853053076178661
2023,1468444.0,2,"LAPAN, NASA",2,0.0777888921923838
2023,1468445.0,2,"LAPAN, NASA",2,0.07781914872541518
2023,1468446.0,2,"LAPAN, NASA",2,0.07834812768875346
2023,1468450.0,2,"LAPAN, NASA",2,0.07774817221168256
2023,1468458.0,2,"LAPAN, NASA",2,0.07866152029425712
2023,1468459.0,2,"LAPAN, NASA",2,0.07732491775104022
2023,1468460.0,2,"LAPAN, NASA",2,0.07727264752798162
2023,1468473.0,2,"LAPAN, NASA",2,0.07833041580570878
2023,1468474.0,2,"LAPAN, NASA",2,0.0774003305798886
2023,1468475.0,2,"LAPAN, NASA",2,0.07818491847580555
2023,1468516.0,2,"LAPAN, NASA",2,0.07658838001606039
2023,1468518.0,2,"LAPAN, NASA",2,0.07723883625775392
2023,1468524.0,2,"LAPAN, NASA",2,0.07597215481716697
2023,1468531.0,2,"LAPAN, NASA",2,0.07694862269596045
2023,1468560.0,2,"LAPAN, NASA",2,0.06238962159730009
2023,1468608.0,2,"LAPAN, NASA",2,0.0630590927947266
2023,1468609.0,2,"LAPAN, NASA",2,0.0648025821889268
2023,1468610.0,2,"LAPAN, NASA",2,0.06428304946056859
2023,1468629.0,2,"LAPAN, NASA",2,0.06587215622546691
2023,1468687.0,2,"LAPAN, NASA",2,0.08473139092511343
2023,1468688.0,2,"LAPAN, NASA",2,0.084915363953643
2023,1472387.0,2,"LAPAN, NASA",2,0.1959822447927399
2023,1472397.0,2,"LAPAN, NASA",2,0.14202238673853326
2023,1472398.0,2,"LAPAN, NASA",2,0.1413130647100812
2023,1472399.0,2,"LAPAN, NASA",2,0.1416717445224229
2023,1472400.0,2,"LAPAN, NASA",2,0.14103917561236468
2023,1472401.0,2,"LAPAN, NASA",2,0.1410701234266286
2023,1472402.0,2,"LAPAN, NASA",2,0.142311752717866
2023,1472404.0,2,"LAPAN, NASA",2,0.20195425830006444
2023,1472405.0,2,"LAPAN, NASA",2,0.13767329750619609
2023,1472406.0,2,"LAPAN, NASA",2,0.21362627722654276
2023,1472407.0,2,"LAPAN, NASA",2,0.2184367048660618
2023,1472408.0,2,"LAPAN, NASA",2,0.13819230572431393
2023,1472409.0,2,"LAPAN, NASA",2,0.1409165731337402
2023,1472410.0,2,"LAPAN, NASA",2,0.14100095749152905
2023,1472411.0,2,"LAPAN, NASA",2,0.1413737052895046
2023,1472412.0,2,"LAPAN, NASA",2,0.14110479122582356
2023,1472413.0,2,"LAPAN, NASA",2,0.14053827064400845
2023,1472414.0,2,"LAPAN, NASA",2,0.13892627057811985
2023,1472415.0,2,"LAPAN, NASA",2,0.1402378272547966
2023,1473105.0,2,"LAPAN, NASA",2,0.06321251999703162
2023,1473110.0,2,"LAPAN, NASA",2,0.06356052395839237
2023,1473116.0,2,"LAPAN, NASA",2,0.08293306251264543
2023,1473139.0,2,"LAPAN, NASA",2,0.06696378062596102
2023,1473140.0,2,"LAPAN, NASA",2,0.06608622096541533
2023,1473141.0,2,"LAPAN, NASA",2,0.0669745558231694
2023,1473143.0,2,"LAPAN, NASA",2,0.0820885332832108
2023,1473144.0,2,"LAPAN, NASA",2,0.08339543410028263
2023,1473145.0,2,"LAPAN, NASA",2,0.08325887108029387
2023,1473146.0,2,"LAPAN, NASA",2,0.08137654074886355
2023,1473147.0,2,"LAPAN, NASA",2,0.08202881296921731
2023,1473148.0,2,"LAPAN, NASA",2,0.08182578497838094
2023,1473149.0,2,"LAPAN, NASA",2,0.061593882688773464
2023,1473150.0,2,"LAPAN, NASA",2,0.06324183041910307
2023,1473151.0,2,"LAPAN, NASA",2,0.08335958554273884
2023,1473152.0,2,"LAPAN, NASA",2,0.08209880238129463
2023,1473153.0,2,"LAPAN, NASA",2,0.08168536454736161
2023,1473154.0,2,"LAPAN, NASA",2,0.08247870975373613
2023,1473155.0,2,"LAPAN, NASA",2,0.08296586870168418
2023,1473156.0,2,"LAPAN, NASA",2,0.0813238693730809
2023,1473160.0,2,"LAPAN, NASA",2,0.08020004976413202
2023,1473161.0,2,"LAPAN, NASA",2,0.08066255562890798
2023,1473162.0,2,"LAPAN, NASA",2,0.08268540346182444
2023,1475790.0,2,"LAPAN, NASA",2,0.1966657887281053
2023,1475881.0,2,"LAPAN, NASA",2,0.13553960578084773
2023,1475882.0,2,"LAPAN, NASA",2,0.13561829891878255
2023,1475883.0,2,"LAPAN, NASA",2,0.13819112193530378
2023,1475885.0,2,"LAPAN, NASA",2,0.13938745327094598
2023,1475889.0,2,"LAPAN, NASA",2,0.06712867525283293
2023,1475890.0,3,"LAPAN, NASA",2,0.13482225992719335
2023,1475891.0,3,"LAPAN, NASA",2,0.1406010176978313
2023,1475892.0,3,"LAPAN, NASA",2,0.14376534025201299
2023,1475897.0,2,"LAPAN, NASA",2,0.1406844842596595
2023,1475909.0,2,"LAPAN, NASA",2,0.10528397284080929
2023,1475910.0,2,"LAPAN, NASA",2,0.10438065420148136
2023,1475917.0,2,"LAPAN, NASA",2,0.19152000501091818
2023,1476104.0,2,"LAPAN, NASA",2,0.07307882024562579
2023,1476105.0,2,"LAPAN, NASA",2,0.07207694788784832
2023,1476148.0,2,"LAPAN, NASA",2,0.08622660124933396
2023,1476149.0,2,"LAPAN, NASA",2,0.0853832693520045
2023,1476151.0,2,"LAPAN, NASA",2,0.08535678149036338
2023,1476168.0,2,"LAPAN, NASA",2,0.08735605232502988
2023,1476169.0,2,"LAPAN, NASA",2,0.08885383794376023
2023,1476178.0,2,"LAPAN, NASA",2,0.061600395756474954
2023,1476181.0,2,"LAPAN, NASA",2,0.062343126946875604
2023,1476189.0,2,"LAPAN, NASA",2,0.062684238554756
2023,1476193.0,2,"LAPAN, NASA",2,0.08909992309576269
2023,1476195.0,2,"LAPAN, NASA",2,0.0866674087634912
2023,1476196.0,2,"LAPAN, NASA",2,0.06237650863044661
2023,1476197.0,2,"LAPAN, NASA",2,0.06208383942145517
2023,1476198.0,2,"LAPAN, NASA",2,0.061799081510436865
2023,1476199.0,2,"LAPAN, NASA",2,0.062208586958780995
2023,1476200.0,2,"LAPAN, NASA",2,0.06272424021577268
2023,1476201.0,2,"LAPAN, NASA",2,0.06379061363355412
2023,1476202.0,2,"LAPAN, NASA",2,0.06442624340884226
2023,1476203.0,2,"LAPAN, NASA",2,0.07725203459953565
2023,1476204.0,2,"LAPAN, NASA",2,0.07813078537969032
2023,1476213.0,2,"LAPAN, NASA",2,0.08090248818163094
2023,1476215.0,2,"LAPAN, NASA",2,0.0894268543961206
2023,1476216.0,2,"LAPAN, NASA",2,0.08962683460398822
2023,1476217.0,2,"LAPAN, NASA",2,0.08832669251239404
2023,1476218.0,2,"LAPAN, NASA",2,0.08923376852720301
2023,1476226.0,2,"LAPAN, NASA",2,0.09488078928184865
2023,1476227.0,2,"LAPAN, NASA",2,0.09537286421220649
2023,1476228.0,2,"LAPAN, NASA",2,0.09474351902716137
2023,1476283.0,2,"LAPAN, NASA",2,0.062436596689542226
2023,1476284.0,2,"LAPAN, NASA",2,0.06309454371003649
2023,1476286.0,2,"LAPAN, NASA",2,0.06341219698216959
2023,1476288.0,2,"LAPAN, NASA",2,0.06332568851698042
2023,1476289.0,2,"LAPAN, NASA",2,0.06224114916073938
2023,1476304.0,2,"LAPAN, NASA",2,0.06994285148715444
2023,1476310.0,2,"LAPAN, NASA",2,0.06993172881691789
2023,1476311.0,2,"LAPAN, NASA",2,0.07110671236997045
2023,1476312.0,2,"LAPAN, NASA",2,0.07097861775505997
2023,1476360.0,2,"LAPAN, NASA",2,0.08871516490306486
2023,1476361.0,2,"LAPAN, NASA",2,0.08911101345060349
2023,1476362.0,2,"LAPAN, NASA",2,0.0900109174614547
2023,1476363.0,2,"LAPAN, NASA",2,0.09013071805062278
2023,1476364.0,2,"LAPAN, NASA",2,0.08932153578054243
2023,1476368.0,2,"LAPAN, NASA",2,0.061986968182695244
2023,1476369.0,2,"LAPAN, NASA",2,0.061525515619624487
2023,1478182.0,2,"LAPAN, NASA",2,0.09767583885742605
2023,1478200.0,2,"LAPAN, NASA",2,0.09608205852046518
2023,1478202.0,2,"LAPAN, NASA",2,0.0971013762916432
2023,1478203.0,2,"LAPAN, NASA",2,0.09531254617688645
2023,1478205.0,2,"LAPAN, NASA",2,0.09641956877387078
2023,1478207.0,2,"LAPAN, NASA",2,0.09714070023874195
2023,1478212.0,2,"LAPAN, NASA",2,0.09671514325824548
2023,1478219.0,2,"LAPAN, NASA",2,0.09873093586156156
2023,1478220.0,2,"LAPAN, NASA",2,0.0981609190020837
2023,1478224.0,2,"LAPAN, NASA",2,0.09735548651969
2023,1478225.0,2,"LAPAN, NASA",2,0.09763207119574051
2023,1478226.0,2,"LAPAN, NASA",2,0.09695869614559859
2023,1478230.0,2,"LAPAN, NASA",2,0.09795991990065671
2023,1478235.0,2,"LAPAN, NASA",2,0.13110185568684754
2023,1478252.0,2,"LAPAN, NASA",2,0.09120471089271859
2023,1478253.0,2,"LAPAN, NASA",2,0.0621982929275127
2023,1478254.0,2,"LAPAN, NASA",2,0.06318769344133054
2023,1478255.0,2,"LAPAN, NASA",2,0.06237821853591012
2023,1478256.0,2,"LAPAN, NASA",2,0.06317489923310513
2023,1478257.0,2,"LAPAN, NASA",2,0.061772901355290434
2023,1478258.0,2,"LAPAN, NASA",2,0.06106343796977098
2023,1478269.0,2,"LAPAN, NASA",2,0.09660501701074124
2023,1478270.0,2,"LAPAN, NASA",2,0.09618896681314278
2023,1478273.0,2,"LAPAN, NASA",2,0.08226216949724856
2023,1478274.0,2,"LAPAN, NASA",2,0.0833003592384839
2023,1478275.0,2,"LAPAN, NASA",2,0.08380251436463015
2023,1478279.0,2,"LAPAN, NASA",2,0.0824515543527502
2023,1478280.0,2,"LAPAN, NASA",2,0.08085478735191377
2023,1478281.0,2,"LAPAN, NASA",2,0.08094640906011402
2023,1478282.0,2,"LAPAN, NASA",2,0.0811586190384385
2023,1478283.0,2,"LAPAN, NASA",2,0.07931478866196566
2023,1478286.0,2,"LAPAN, NASA",2,0.08054927135312605
2023,1478297.0,3,"LAPAN, NASA",2,0.11287458810088549
2023,1478298.0,2,"LAPAN, NASA",2,0.1122587346042152
2023,1478299.0,2,"LAPAN, NASA",2,0.11315138759242718
2023,1478300.0,2,"LAPAN, NASA",2,0.11229216031158148
2023,1478301.0,2,"LAPAN, NASA",2,0.1121965665420025
2023,1478303.0,2,"LAPAN, NASA",2,0.11571426603757269
2023,1478304.0,2,"LAPAN, NASA",2,0.07943379557947687
2023,1478305.0,2,"LAPAN, NASA",2,0.07936819400667777
2023,1478306.0,2,"LAPAN, NASA",2,0.07926782122418329
2023,1478307.0,2,"LAPAN, NASA",2,0.0787559465206529
2023,1478308.0,2,"LAPAN, NASA",2,0.07742748925000069
2023,1478309.0,2,"LAPAN, NASA",2,0.07907666996074504
2023,1478310.0,2,"LAPAN, NASA",2,0.07820829691267876
2023,1478311.0,2,"LAPAN, NASA",2,0.07862225819709481
2023,1478312.0,2,"LAPAN, NASA",2,0.07863729500891078
2023,1478313.0,2,"LAPAN, NASA",2,0.07923637093006297
2023,1478314.0,2,"LAPAN, NASA",2,0.07830329570515465
2023,1478315.0,2,"LAPAN, NASA",2,0.07686092741354941
2023,1478316.0,2,"LAPAN, NASA",2,0.07750002217115194
2023,1478317.0,2,"LAPAN, NASA",2,0.07721159430448564
2023,1478318.0,2,"LAPAN, NASA",2,0.07606088012600484
2023,1478319.0,2,"LAPAN, NASA",2,0.07675433096234935
2023,1478320.0,2,"LAPAN, NASA",2,0.07584631336774166
2023,1478321.0,2,"LAPAN, NASA",2,0.07491419648543297
2023,1479280.0,2,"LAPAN, NASA",2,0.13681476308008939
2023,1479281.0,2,"LAPAN, NASA",2,0.13724574764302888
2023,1479282.0,2,"LAPAN, NASA",2,0.13693636813075702
2023,1479283.0,2,"LAPAN, NASA",2,0.13762588346095936
2023,1479284.0,2,"LAPAN, NASA",2,0.13703009544417508
2023,1479285.0,2,"LAPAN, NASA",2,0.1354230174140386
2023,1479286.0,2,"LAPAN, NASA",2,0.13851878576563414
2023,1479290.0,2,"LAPAN, NASA",2,0.13572423482278012
2023,1479291.0,2,"LAPAN, NASA",2,0.1341097487804868
2023,1479292.0,2,"LAPAN, NASA",2,0.13839221447487127
2023,1479293.0,2,"LAPAN, NASA",2,0.13354675297794766
2023,1479294.0,2,"LAPAN, NASA",2,0.13738708796575422
2023,1479295.0,2,"LAPAN, NASA",2,0.13548621976499856
2023,1479296.0,2,"LAPAN, NASA",2,0.13479027843420022
2023,1479297.0,2,"LAPAN, NASA",2,0.13616403674732316
2023,1479298.0,2,"LAPAN, NASA",2,0.13483737442938473
2023,1479299.0,2,"LAPAN, NASA",2,0.13421996025455377
2023,1479300.0,2,"LAPAN, NASA",2,0.1349316382522763
2023,1479301.0,2,"LAPAN, NASA",2,0.13744934972160897
2023,1479302.0,2,"LAPAN, NASA",2,0.13517128924858277
2023,1479303.0,2,"LAPAN, NASA",2,0.1372634249902424
2023,1479304.0,2,"LAPAN, NASA",2,0.13768807566061522
2023,1479305.0,2,"LAPAN, NASA",2,0.13816867139290798
2023,1479306.0,2,"LAPAN, NASA",2,0.13667989640388511
2023,1479307.0,2,"LAPAN, NASA",2,0.13934604956096852
2023,1479308.0,2,"LAPAN, NASA",2,0.1384180969644875
2023,1479309.0,2,"LAPAN, NASA",2,0.138321540432116
2023,1479311.0,2,"LAPAN, NASA",2,0.13824519597563056
2023,1479312.0,2,"LAPAN, NASA",2,0.13932044751590195
2023,1479314.0,3,"LAPAN, NASA",2,0.13879579882490886
2023,1479315.0,3,"LAPAN, NASA",2,0.13791276604747169
2023,1479316.0,3,"LAPAN, NASA",2,0.1383441456690557
2023,1479319.0,2,"LAPAN, NASA",2,0.0908681962540314
2023,1479324.0,2,"LAPAN, NASA",2,0.08959718128220272
2023,1479325.0,2,"LAPAN, NASA",2,0.08965903683767362
2023,1479326.0,2,"LAPAN, NASA",2,0.08985557925426962
2023,1479327.0,2,"LAPAN, NASA",2,0.08704142231564198
2023,1479328.0,2,"LAPAN, NASA",2,0.08673188760795078
2023,1479329.0,2,"LAPAN, NASA",2,0.08655966001498522
2023,1479330.0,2,"LAPAN, NASA",2,0.08627392752324929
2023,1479331.0,2,"LAPAN, NASA",2,0.08680152390841915
2023,1479332.0,2,"LAPAN, NASA",2,0.0862453179712105
2023,1479333.0,2,"LAPAN, NASA",2,0.08591804851015797
2023,1479334.0,2,"LAPAN, NASA",2,0.08619761311745484
2023,1479335.0,2,"LAPAN, NASA",2,0.08773584011415218
2023,1479336.0,2,"LAPAN, NASA",2,0.08609240555254988
2023,1479337.0,2,"LAPAN, NASA",2,0.08567926153128244
2023,1479338.0,2,"LAPAN, NASA",2,0.08566183207169283
2023,1479339.0,2,"LAPAN, NASA",2,0.08725494251733798
2023,1479340.0,2,"LAPAN, NASA",2,0.08747504728956056
2023,1479341.0,2,"LAPAN, NASA",2,0.08661990426160801
2023,1479342.0,2,"LAPAN, NASA",2,0.08602904189834241
2023,1479343.0,2,"LAPAN, NASA",2,0.08649782518274127
2023,1479344.0,2,"LAPAN, NASA",2,0.08636967744854894
2023,1479345.0,2,"LAPAN, NASA",2,0.08728924232225282
2023,1479346.0,2,"LAPAN, NASA",2,0.08583566259209365
2023,1479347.0,2,"LAPAN, NASA",2,0.08712982864383931
2023,1479348.0,2,"LAPAN, NASA",2,0.08618898914047363
2023,1479349.0,3,"LAPAN, NASA",2,0.08564453210716326
2023,1479350.0,3,"LAPAN, NASA",2,0.08608968522179891
2023,1479351.0,3,"LAPAN, NASA",2,0.08543282838800165
2023,1479352.0,3,"LAPAN, NASA",2,0.08625570703544413
2023,1479353.0,3,"LAPAN, NASA",2,0.08700247130818937
2023,1479354.0,3,"LAPAN, NASA",2,0.08577389546750855
2023,1479361.0,2,"LAPAN, NASA",2,0.13947992507676124
2023,1479362.0,2,"LAPAN, NASA",2,0.1393380484181189
2023,1479363.0,2,"LAPAN, NASA",2,0.13969456374765096
2023,1479367.0,2,"LAPAN, NASA",2,0.10233452803298995
2023,1479372.0,2,"LAPAN, NASA",2,0.10108020243106959
2023,1479376.0,2,"LAPAN, NASA",2,0.10033463897779825
2023,1479379.0,2,"LAPAN, NASA",2,0.14533787671519502
2023,1479381.0,2,"LAPAN, NASA",2,0.14605576336859027
2023,1479385.0,2,"LAPAN, NASA",2,0.14630662124271504
2023,1479477.0,2,"LAPAN, NASA",2,0.1281800601274671
2023,1479481.0,2,"LAPAN, NASA",2,0.08790067033949875
2023,1479482.0,2,"LAPAN, NASA",2,0.08808294057904272
2023,1479483.0,2,"LAPAN, NASA",2,0.08938380940178632
2023,1479484.0,2,"LAPAN, NASA",2,0.08963203819677525
2023,1479485.0,2,"LAPAN, NASA",2,0.08892900828510436
2023,1479504.0,2,"LAPAN, NASA",2,0.13563303468276072
2023,1479511.0,2,"LAPAN, NASA",2,0.13522490611505522
2023,1479512.0,2,"LAPAN, NASA",2,0.13799264187926166
2023,1479513.0,2,"LAPAN, NASA",2,0.1352065419540941
2023,1479514.0,2,"LAPAN, NASA",2,0.13510427222135563
2023,1479521.0,2,"LAPAN, NASA",2,0.1349230842988824
2023,1479522.0,2,"LAPAN, NASA",2,0.13921354316830487
2023,1479524.0,2,"LAPAN, NASA",2,0.13388449048016388
2023,1479525.0,2,"LAPAN, NASA",2,0.09258771481934519
2023,1479526.0,2,"LAPAN, NASA",2,0.09620052789900546
2023,1479527.0,2,"LAPAN, NASA",2,0.09455953121570268
2023,1479528.0,2,"LAPAN, NASA",2,0.09635209470334861
2023,1479529.0,2,"LAPAN, NASA",2,0.09636162375527568
2023,1479530.0,2,"LAPAN, NASA",2,0.09565598782779486
2023,1479559.0,2,"LAPAN, NASA",2,0.08492605204308823
2023,1479560.0,2,"LAPAN, NASA",2,0.08542357819774322
2023,1479562.0,2,"LAPAN, NASA",2,0.08579995425184445
2023,1479574.0,2,"LAPAN, NASA",2,0.1379936443655731
2023,1479575.0,2,"LAPAN, NASA",2,0.13739460477972865
2023,1479576.0,2,"LAPAN, NASA",2,0.1368558016551049
2023,1479854.0,2,"LAPAN, NASA",2,0.11453493178347562
2023,1479872.0,2,"LAPAN, NASA",2,0.17298966087315176
2023,1479873.0,2,"LAPAN, NASA",2,0.11094926013655042
2023,1479879.0,2,"LAPAN, NASA",2,0.11677486434712023
2023,1479883.0,2,"LAPAN, NASA",2,0.15283020095164554
2023,1479885.0,3,"LAPAN, NASA",2,0.12451541140872704
2023,1479886.0,2,"LAPAN, NASA",2,0.09556996776002889
2023,1479887.0,2,"LAPAN, NASA",2,0.09627618247613613
2023,1479889.0,2,"LAPAN, NASA",2,0.09687259020931455
2023,1479890.0,2,"LAPAN, NASA",2,0.09753363262208117
2023,1479892.0,2,"LAPAN, NASA",2,0.17738078998216858
2023,1479893.0,2,"LAPAN, NASA",2,0.17623181361253845
2023,1479894.0,2,"LAPAN, NASA",2,0.17548391573510286
2023,1479895.0,2,"LAPAN, NASA",2,0.17412152427015354
2023,1479896.0,2,"LAPAN, NASA",2,0.0997359308360257
2023,1479897.0,2,"LAPAN, NASA",2,0.09844682206068657
2023,1479898.0,2,"LAPAN, NASA",2,0.0989162815081984
2023,1479899.0,2,"LAPAN, NASA",2,0.0995022843252449
2023,1479901.0,2,"LAPAN, NASA",2,0.09983849251071365
2023,1481270.0,2,"LAPAN, NASA",2,0.08904351198470459
2023,1481271.0,2,"LAPAN, NASA",2,0.08870827059589607
2023,1481274.0,2,"LAPAN, NASA",2,0.08929091708777905
2023,1481275.0,2,"LAPAN, NASA",2,0.0892240667843916
2023,1481280.0,2,"LAPAN, NASA",2,0.09027564259321028
2023,1481287.0,2,"LAPAN, NASA",2,0.06523314100856438
2023,1481323.0,2,"LAPAN, NASA",2,0.08386435901750548
2023,1481324.0,2,"LAPAN, NASA",2,0.08382271874641355
2023,1481328.0,2,"LAPAN, NASA",2,0.08320448160304487
2023,1481329.0,2,"LAPAN, NASA",2,0.08343178721028673
2023,1481333.0,2,"LAPAN, NASA",2,0.08415234888770029
2023,1481334.0,2,"LAPAN, NASA",2,0.08332384000385339
2023,1481336.0,2,"LAPAN, NASA",2,0.08459837105889373
2023,1481337.0,2,"LAPAN, NASA",2,0.08376078228233774
2023,1481339.0,2,"LAPAN, NASA",2,0.08494796587349142
2023,1481340.0,2,"LAPAN, NASA",2,0.084597727090623
2023,1481341.0,2,"LAPAN, NASA",2,0.08377813237775954
2023,1481342.0,2,"LAPAN, NASA",2,0.08388140762293236
2023,1481343.0,2,"LAPAN, NASA",2,0.08415756553221307
2023,1481346.0,2,"LAPAN, NASA",2,0.08463073367500755
2023,1481347.0,2,"LAPAN, NASA",2,0.08382451315010003
2023,1481348.0,2,"LAPAN, NASA",2,0.08384511128514134
2023,1481349.0,2,"LAPAN, NASA",2,0.08437690867241136
2023,1481359.0,2,"LAPAN, NASA",2,0.0842172319739041
2023,1481360.0,2,"LAPAN, NASA",2,0.08345756946907094
2023,1481361.0,2,"LAPAN, NASA",2,0.06085162113973315
2023,1481362.0,2,"LAPAN, NASA",2,0.06100048840403644
2023,1481364.0,2,"LAPAN, NASA",2,0.061202376935572074
2023,1481365.0,2,"LAPAN, NASA",2,0.06118306954339205
2023,1481369.0,2,"LAPAN, NASA",2,0.06226572820421592
2023,1481370.0,2,"LAPAN, NASA",2,0.06264939874516368
2023,1481371.0,2,"LAPAN, NASA",2,0.06262275831839535
2023,1481372.0,2,"LAPAN, NASA",2,0.06362892102162065
2023,1481374.0,2,"LAPAN, NASA",2,0.06330660931580882
2023,1481375.0,2,"LAPAN, NASA",2,0.0634688719791701
2023,1481376.0,2,"LAPAN, NASA",2,0.06355698877310642
2023,1481377.0,2,"LAPAN, NASA",2,0.06819456712594715
2023,1481379.0,2,"LAPAN, NASA",2,0.06920375167497457
2023,1481380.0,2,"LAPAN, NASA",2,0.07423633377389309
2023,1481381.0,2,"LAPAN, NASA",2,0.07426634867594126
2023,1481382.0,2,"LAPAN, NASA",2,0.07398364138189979
2023,1481383.0,2,"LAPAN, NASA",2,0.07585435129724603
2023,1481391.0,2,"LAPAN, NASA",2,0.07420887057172353
2023,1481396.0,2,"LAPAN, NASA",2,0.06033917901476808
2023,1481405.0,2,"LAPAN, NASA",2,0.06572895032017527
2023,1481406.0,2,"LAPAN, NASA",2,0.06596358221435969
2023,1481572.0,2,"LAPAN, NASA",2,0.054944102887129205
2023,1481575.0,2,"LAPAN, NASA",2,0.07805943753392589
2023,1481577.0,2,"LAPAN, NASA",2,0.07833589072118705
2023,1481578.0,2,"LAPAN, NASA",2,0.07887272211162685
2023,1481579.0,2,"LAPAN, NASA",2,0.07861474486668572
2023,1481580.0,2,"LAPAN, NASA",2,0.07903438635030954
2023,1481586.0,2,"LAPAN, NASA",2,0.08040620516730919
2023,1481587.0,2,"LAPAN, NASA",2,0.08012123504156138
2023,1481589.0,2,"LAPAN, NASA",2,0.08068872853734038
2023,1481590.0,2,"LAPAN, NASA",2,0.08044936577208141
2023,1481591.0,2,"LAPAN, NASA",2,0.0806412627444594
2023,1481592.0,2,"LAPAN, NASA",2,0.08004331173562661
2023,1481594.0,2,"LAPAN, NASA",2,0.07171930282185905
2023,1481595.0,2,"LAPAN, NASA",2,0.07097977977692188
2023,1481596.0,2,"LAPAN, NASA",2,0.06886934024488449
2023,1481597.0,2,"LAPAN, NASA",2,0.06915574940772062
2023,1481598.0,2,"LAPAN, NASA",2,0.06963845483254619
2023,1481599.0,2,"LAPAN, NASA",2,0.06947181067151408
2023,1481600.0,2,"LAPAN, NASA",2,0.06961352926960093
2023,1481601.0,2,"LAPAN, NASA",2,0.06882980364748342
2023,1481602.0,2,"LAPAN, NASA",2,0.06951496123171845
2023,1481603.0,2,"LAPAN, NASA",2,0.0696439376883456
2023,1481604.0,2,"LAPAN, NASA",2,0.06949982908880263
2023,1481605.0,2,"LAPAN, NASA",2,0.06857837043722052
2023,1481606.0,2,"LAPAN, NASA",2,0.06881881637114268
2023,1481607.0,2,"LAPAN, NASA",2,0.0693117754605075
2023,1481608.0,2,"LAPAN, NASA",2,0.06956751312637978
2023,1481609.0,2,"LAPAN, NASA",2,0.06955454246919966
2023,1481610.0,2,"LAPAN, NASA",2,0.06885213743451815
2023,1481611.0,2,"LAPAN, NASA",2,0.06910473240126032
2023,1481612.0,2,"LAPAN, NASA",2,0.06947236724501775
2023,1481613.0,2,"LAPAN, NASA",2,0.07005327178033698
2023,1481614.0,2,"LAPAN, NASA",2,0.06821154705159146
2023,1481615.0,2,"LAPAN, NASA",2,0.0684745675370677
2023,1481616.0,2,"LAPAN, NASA",2,0.06791238310616325
2023,1481617.0,2,"LAPAN, NASA",2,0.06767936034914197
2023,1481618.0,2,"LAPAN, NASA",2,0.06880781504264245
2023,1481619.0,2,"LAPAN, NASA",2,0.06779408215428198
2023,1481620.0,2,"LAPAN, NASA",2,0.06870658891111532
2023,1481621.0,2,"LAPAN, NASA",2,0.06893205416616131
2023,1481622.0,2,"LAPAN, NASA",2,0.06788785861210128
2023,1481623.0,2,"LAPAN, NASA",2,0.06813304182155534
2023,1481624.0,2,"LAPAN, NASA",2,0.06794521388629501
2023,1481625.0,2,"LAPAN, NASA",2,0.06763061338748466
2023,1481626.0,2,"LAPAN, NASA",2,0.06689571973517729
2023,1481627.0,2,"LAPAN, NASA",2,0.06790028539906454
2023,1481628.0,2,"LAPAN, NASA",2,0.06681160696632367
2023,1481629.0,2,"LAPAN, NASA",2,0.06680636465096272
2023,1481630.0,2,"LAPAN, NASA",2,0.06655706212232046
2023,1481631.0,2,"LAPAN, NASA",2,0.06716952075562357
2023,1481632.0,2,"LAPAN, NASA",2,0.06737084989609309
2023,1481634.0,2,"LAPAN, NASA",2,0.06651434854316275
2023,1481635.0,2,"LAPAN, NASA",2,0.06766467644686662
2023,1481636.0,2,"LAPAN, NASA",2,0.06702056106137297
2023,1481637.0,2,"LAPAN, NASA",2,0.06528954223840014
2023,1481639.0,2,"LAPAN, NASA",2,0.06562523670951334
2023,1481640.0,2,"LAPAN, NASA",2,0.06367019927567294
2023,1481641.0,2,"LAPAN, NASA",2,0.06377407727660014
2023,1481642.0,2,"LAPAN, NASA",2,0.06365377482482443
2023,1481646.0,2,"LAPAN, NASA",2,0.08961252120118526
2023,1481648.0,2,"LAPAN, NASA",2,0.08929675925046593
2023,1481649.0,2,"LAPAN, NASA",2,0.09006706715250158
2023,1481650.0,2,"LAPAN, NASA",2,0.08869182872495203
2023,1481651.0,2,"LAPAN, NASA",2,0.08888165947164366
2023,1481652.0,2,"LAPAN, NASA",2,0.09063807842178673
2023,1481653.0,2,"LAPAN, NASA",2,0.0901030394388264
2023,1481654.0,2,"LAPAN, NASA",2,0.08917342781536736
2023,1481655.0,2,"LAPAN, NASA",2,0.08915241359363758
2023,1481656.0,2,"LAPAN, NASA",2,0.08955361846923042
2023,1481657.0,2,"LAPAN, NASA",2,0.08951005537365586
2023,1481658.0,2,"LAPAN, NASA",2,0.08956469093818209
2023,1481661.0,2,"LAPAN, NASA",2,0.08904651990364497
2023,1481662.0,2,"LAPAN, NASA",2,0.0888482901306282
2023,1481666.0,2,"LAPAN, NASA",2,0.08960703330457909
2023,1481667.0,2,"LAPAN, NASA",2,0.08893556350763242
2023,1481668.0,2,"LAPAN, NASA",2,0.08985024280178949
2023,1481669.0,2,"LAPAN, NASA",2,0.08814659522596907
2023,1481670.0,2,"LAPAN, NASA",2,0.08853380522390657
2023,1481671.0,2,"LAPAN, NASA",2,0.08918819891194592
2023,1481672.0,2,"LAPAN, NASA",2,0.08831991013474504
2023,1481673.0,2,"LAPAN, NASA",2,0.08834268079298674
2023,1481674.0,2,"LAPAN, NASA",2,0.08874569724819291
2023,1481675.0,2,"LAPAN, NASA",2,0.08978513097369564
2023,1481677.0,2,"LAPAN, NASA",2,0.08820602618802799
2023,1481679.0,2,"LAPAN, NASA",2,0.08819231563034874
2023,1481680.0,2,"LAPAN, NASA",2,0.08959582367262453
2023,1481681.0,2,"LAPAN, NASA",2,0.08425287164455923
2023,1481682.0,2,"LAPAN, NASA",2,0.08495600601715995
2023,1481683.0,2,"LAPAN, NASA",2,0.08462410615815003
2023,1481684.0,2,"LAPAN, NASA",2,0.08308981994810377
2023,1481685.0,2,"LAPAN, NASA",2,0.08299361442957935
2023,1481686.0,2,"LAPAN, NASA",2,0.0813372462465697
2023,1481691.0,2,"LAPAN, NASA",2,0.08251911913742456
2023,1481692.0,2,"LAPAN, NASA",2,0.08198036280041691
2023,1481693.0,2,"LAPAN, NASA",2,0.08264232560512033
2023,1481694.0,2,"LAPAN, NASA",2,0.08117471322040738
2023,1481695.0,2,"LAPAN, NASA",2,0.08253742095475683
2023,1481696.0,2,"LAPAN, NASA",2,0.08175751030594056
2023,1481697.0,2,"LAPAN, NASA",2,0.08196617490389432
2023,1481698.0,2,"LAPAN, NASA",2,0.0820381622546883
2023,1481699.0,2,"LAPAN, NASA",2,0.0822898589706919
2023,1481700.0,2,"LAPAN, NASA",2,0.08168431363439323
2023,1481701.0,2,"LAPAN, NASA",2,0.08219067461393521
2023,1481702.0,2,"LAPAN, NASA",2,0.0840049428720398
2023,1481703.0,2,"LAPAN, NASA",2,0.08218374755780565
2023,1481704.0,2,"LAPAN, NASA",2,0.08123969985726462
2023,1481706.0,2,"LAPAN, NASA",2,0.08071951778012146
2023,1481707.0,2,"LAPAN, NASA",2,0.0803224175853275
2023,1481708.0,2,"LAPAN, NASA",2,0.07995274866894272
2023,1481710.0,2,"LAPAN, NASA",2,0.08076296797689317
2023,1481711.0,2,"LAPAN, NASA",2,0.0797567500496721
2023,1481712.0,2,"LAPAN, NASA",2,0.07945404484772024
2023,1481713.0,2,"LAPAN, NASA",2,0.07946891315247827
2023,1481714.0,2,"LAPAN, NASA",2,0.07991232967891276
2023,1481716.0,2,"LAPAN, NASA",2,0.07962636781474677
2023,1481717.0,2,"LAPAN, NASA",2,0.07923882909086917
2023,1481719.0,2,"LAPAN, NASA",2,0.07921014466009654
2023,1481720.0,2,"LAPAN, NASA",2,0.07857514101592596
2023,1481721.0,2,"LAPAN, NASA",2,0.07857669340787408
2023,1481722.0,2,"LAPAN, NASA",2,0.09663246729329805
2023,1481723.0,2,"LAPAN, NASA",2,0.09826844595695916
2023,1481724.0,2,"LAPAN, NASA",2,0.09781279598250782
2023,1481725.0,2,"LAPAN, NASA",2,0.09771647414249914
2023,1481727.0,2,"LAPAN, NASA",2,0.09928029034239186
2023,1481728.0,2,"LAPAN, NASA",2,0.09801798761629837
2023,1481730.0,2,"LAPAN, NASA",2,0.09759496707408623
2023,1481731.0,2,"LAPAN, NASA",2,0.09816933657436328
2023,1481732.0,2,"LAPAN, NASA",2,0.0967308410445342
2023,1481733.0,2,"LAPAN, NASA",2,0.09847193992804142
2023,1481734.0,2,"LAPAN, NASA",2,0.09831350995478412
2023,1481735.0,2,"LAPAN, NASA",2,0.09959560647044002
2023,1481736.0,2,"LAPAN, NASA",2,0.09967686262359428
2023,1481737.0,2,"LAPAN, NASA",2,0.09826981514360793
2023,1481738.0,2,"LAPAN, NASA",2,0.09900848459395416
2023,1481739.0,2,"LAPAN, NASA",2,0.09849700829471703
2023,1481740.0,2,"LAPAN, NASA",2,0.09752361727291851
2023,1481741.0,2,"LAPAN, NASA",2,0.09778116382097592
2023,1481742.0,2,"LAPAN, NASA",2,0.09884551263718867
2023,1481743.0,2,"LAPAN, NASA",2,0.09853950219688819
2023,1481744.0,2,"LAPAN, NASA",2,0.09795380032618063
2023,1481745.0,2,"LAPAN, NASA",2,0.09845230831638072
2023,1481746.0,2,"LAPAN, NASA",2,0.09871195991963864
2023,1481747.0,2,"LAPAN, NASA",2,0.0976673471522312
2023,1481748.0,2,"LAPAN, NASA",2,0.09853610490776649
2023,1481749.0,2,"LAPAN, NASA",2,0.09906547384196188
2023,1481750.0,2,"LAPAN, NASA",2,0.09923578099797795
2023,1481751.0,2,"LAPAN, NASA",2,0.09772806356119973
2023,1481752.0,2,"LAPAN, NASA",2,0.09818039000703473
2023,1481753.0,2,"LAPAN, NASA",2,0.09878360890820369
2023,1481754.0,2,"LAPAN, NASA",2,0.09819937474368327
2023,1481756.0,2,"LAPAN, NASA",2,0.09830965858249387
2023,1481759.0,2,"LAPAN, NASA",2,0.09859638772862465
2023,1481760.0,2,"LAPAN, NASA",2,0.0985660743623131
2023,1481762.0,2,"LAPAN, NASA",2,0.09868919475309713
2023,1481763.0,2,"LAPAN, NASA",2,0.09841659859629227
2023,1481768.0,2,"LAPAN, NASA",2,0.09863873965820374
2023,1481769.0,2,"LAPAN, NASA",2,0.09875518255583791
2023,1481770.0,2,"LAPAN, NASA",2,0.09911799528401748
2023,1481771.0,2,"LAPAN, NASA",2,0.09857506943945371
2023,1481772.0,2,"LAPAN, NASA",2,0.09943258972540472
2023,1481774.0,2,"LAPAN, NASA",2,0.09847707899044629
2023,1481775.0,2,"LAPAN, NASA",2,0.09883748782633686
2023,1481776.0,2,"LAPAN, NASA",2,0.09896928911108321
2023,1481777.0,2,"LAPAN, NASA",2,0.09875976600186546
2023,1481778.0,2,"LAPAN, NASA",2,0.09826769465289081
2023,1481779.0,2,"LAPAN, NASA",2,0.09859135908838769
2023,1481781.0,2,"LAPAN, NASA",2,0.0993791583239817
2023,1481782.0,2,"LAPAN, NASA",2,0.098858381173859
2023,1481783.0,2,"LAPAN, NASA",2,0.09839762744458978
2023,1481786.0,2,"LAPAN, NASA",2,0.09822230255273019
2023,1481787.0,2,"LAPAN, NASA",2,0.09904110384953307
2023,1481788.0,2,"LAPAN, NASA",2,0.0985193164174708
2023,1481789.0,2,"LAPAN, NASA",2,0.0987089249997527
2023,1481790.0,2,"LAPAN, NASA",2,0.09889562705763023
2023,1481794.0,2,"LAPAN, NASA",2,0.09780536134120982
2023,1481795.0,2,"LAPAN, NASA",2,0.09778780072614102
2023,1481796.0,2,"LAPAN, NASA",2,0.09921663561160078
2023,1481797.0,2,"LAPAN, NASA",2,0.09812894489787284
2023,1481811.0,2,"LAPAN, NASA",2,0.0726417425392687
2023,1481812.0,2,"LAPAN, NASA",2,0.07227407394234076
2023,1481813.0,2,"LAPAN, NASA",2,0.0722068702669196
2023,1481818.0,2,"LAPAN, NASA",2,0.08934234427521749
2023,1481822.0,2,"LAPAN, NASA",2,0.08858360595770043
2023,1481823.0,2,"LAPAN, NASA",2,0.08823049851428175
2023,1481824.0,2,"LAPAN, NASA",2,0.08742178499877323
2023,1481826.0,2,"LAPAN, NASA",2,0.08779277525420343
2023,1481827.0,2,"LAPAN, NASA",2,0.08955146274486882
2023,1482203.0,2,"LAPAN, NASA",2,0.1470989584247993
2023,1482276.0,2,"LAPAN, NASA",2,0.1847453119646111
2023,1482277.0,2,"LAPAN, NASA",2,0.1844081452836974
2023,1482278.0,2,"LAPAN, NASA",2,0.1802257996994449
2023,1482279.0,2,"LAPAN, NASA",2,0.18332069627394348
2023,1484262.0,2,"LAPAN, NASA",2,0.08865199493353361
2023,1484263.0,2,"LAPAN, NASA",2,0.08762775884755483
2023,1484264.0,2,"LAPAN, NASA",2,0.08894239553484869
2023,1484265.0,2,"LAPAN, NASA",2,0.08827467791542341
2023,1484266.0,2,"LAPAN, NASA",2,0.08884478459995139
2023,1484267.0,2,"LAPAN, NASA",2,0.08849256035201078
2023,1484268.0,2,"LAPAN, NASA",2,0.08791924135673339
2023,1484269.0,2,"LAPAN, NASA",2,0.08852445206047427
2023,1484270.0,2,"LAPAN, NASA",2,0.08734041315993886
2023,1484271.0,2,"LAPAN, NASA",2,0.08845309584933073
2023,1484272.0,2,"LAPAN, NASA",2,0.08711617768142343
2023,1484273.0,2,"LAPAN, NASA",2,0.08744167018504127
2023,1484274.0,2,"LAPAN, NASA",2,0.08767308180209915
2023,1484275.0,2,"LAPAN, NASA",2,0.08748237401931358
2023,1484276.0,2,"LAPAN, NASA",2,0.08774760638996738
2023,1484277.0,2,"LAPAN, NASA",2,0.08737437932677673
2023,1484278.0,2,"LAPAN, NASA",2,0.08786896418099752
2023,1484279.0,2,"LAPAN, NASA",2,0.0881282237250409
2023,1484280.0,2,"LAPAN, NASA",2,0.08659439064002021
2023,1484281.0,2,"LAPAN, NASA",2,0.08806274434036385
2023,1484282.0,2,"LAPAN, NASA",2,0.08787566786587041
2023,1484283.0,2,"LAPAN, NASA",2,0.08705061775015742
2023,1484284.0,2,"LAPAN, NASA",2,0.08673240986916149
2023,1484285.0,2,"LAPAN, NASA",2,0.08725595424535154
2023,1484286.0,2,"LAPAN, NASA",2,0.08750076243229672
2023,1484287.0,2,"LAPAN, NASA",2,0.08745273844828941
2023,1484288.0,2,"LAPAN, NASA",2,0.08777896269305216
2023,1484289.0,2,"LAPAN, NASA",2,0.08823624905408693
2023,1484290.0,2,"LAPAN, NASA",2,0.08810752207562766
2023,1484291.0,2,"LAPAN, NASA",2,0.08681941516503042
2023,1484292.0,2,"LAPAN, NASA",2,0.08605997278165194
2023,1484293.0,2,"LAPAN, NASA",2,0.08710767921874553
2023,1484296.0,2,"LAPAN, NASA",2,0.08738551433756434
2023,1484297.0,2,"LAPAN, NASA",2,0.08789714602835322
2023,1484298.0,2,"LAPAN, NASA",2,0.0860804810295533
2023,1484302.0,2,"LAPAN, NASA",2,0.08642920597219182
2023,1484304.0,2,"LAPAN, NASA",2,0.08546335117732676
2023,1484309.0,2,"LAPAN, NASA",2,0.06925590412512897
2023,1484313.0,2,"LAPAN, NASA",2,0.07136408784252318
2023,1484314.0,2,"LAPAN, NASA",2,0.07023304532454296
2023,1484315.0,2,"LAPAN, NASA",2,0.07068607487451097
2023,1484316.0,2,"LAPAN, NASA",2,0.0698558822209174
2023,1484317.0,2,"LAPAN, NASA",2,0.07057766912364781
2023,1484318.0,2,"LAPAN, NASA",2,0.07061326694051184
2023,1484320.0,2,"LAPAN, NASA",2,0.10094659063458582
2023,1484322.0,2,"LAPAN, NASA",2,0.0999619017253661
2023,1484324.0,2,"LAPAN, NASA",2,0.10033650304309931
2023,1484325.0,2,"LAPAN, NASA",2,0.10089859381803622
2023,1484327.0,2,"LAPAN, NASA",2,0.10037418620709844
2023,1484328.0,2,"LAPAN, NASA",2,0.09886419517144437
2023,1484329.0,2,"LAPAN, NASA",2,0.09860767037174739
2023,1484331.0,2,"LAPAN, NASA",2,0.09857176129894517
2023,1484332.0,2,"LAPAN, NASA",2,0.09884761224098389
2023,1484333.0,2,"LAPAN, NASA",2,0.09836937646668958
2023,1484334.0,2,"LAPAN, NASA",2,0.10036636966228184
2023,1484335.0,2,"LAPAN, NASA",2,0.0997534706860304
2023,1484336.0,2,"LAPAN, NASA",2,0.0994164663575403
2023,1484337.0,2,"LAPAN, NASA",2,0.09971545443686838
2023,1484339.0,2,"LAPAN, NASA",2,0.09731979935084949
2023,1484340.0,2,"LAPAN, NASA",2,0.09817411003371358
2023,1484344.0,2,"LAPAN, NASA",2,0.09799182604556919
2023,1484347.0,3,"LAPAN, NASA",2,0.08939427338875015
2023,1484355.0,2,"LAPAN, NASA",2,0.08928682537170533
2023,1484356.0,2,"LAPAN, NASA",2,0.08940823356474335
2023,1484357.0,2,"LAPAN, NASA",2,0.08922969202271497
2023,1484361.0,2,"LAPAN, NASA",2,0.0889472383431059
2023,1484362.0,2,"LAPAN, NASA",2,0.08839126072000221
2023,1484363.0,2,"LAPAN, NASA",2,0.08857368414416633
2023,1484364.0,2,"LAPAN, NASA",2,0.08846378252347803
2023,1484365.0,2,"LAPAN, NASA",2,0.09134031911251814
2023,1484366.0,2,"LAPAN, NASA",2,0.08837481976768258
2023,1484368.0,2,"LAPAN, NASA",2,0.09194188429164611
2023,1484386.0,2,"LAPAN, NASA",2,0.09860828097905378
2023,1484390.0,2,"LAPAN, NASA",2,0.0986713853179952
2023,1484397.0,2,"LAPAN, NASA",2,0.09913727061377883
2023,1484404.0,2,"LAPAN, NASA",2,0.09713958605050198
2023,1484405.0,2,"LAPAN, NASA",2,0.06524893520039654
2023,1484406.0,2,"LAPAN, NASA",2,0.06659681144362699
2023,1484407.0,2,"LAPAN, NASA",2,0.06610462896318042
2023,1484408.0,2,"LAPAN, NASA",2,0.06559133454427116
2023,1484409.0,2,"LAPAN, NASA",2,0.06674092259932747
2023,1484410.0,2,"LAPAN, NASA",2,0.06640559614333029
2023,1484411.0,2,"LAPAN, NASA",2,0.06672856550199846
2023,1484414.0,2,"LAPAN, NASA",2,0.06638684630114199
2023,1484415.0,2,"LAPAN, NASA",2,0.06735216207497952
2023,1484419.0,2,"LAPAN, NASA",2,0.06585677985403665
2023,1484421.0,2,"LAPAN, NASA",2,0.06800615429379785
2023,1484422.0,2,"LAPAN, NASA",2,0.06650571938340301
2023,1484423.0,2,"LAPAN, NASA",2,0.06692012695326743
2023,1484428.0,2,"LAPAN, NASA",2,0.06794473285514097
2023,1484434.0,2,"LAPAN, NASA",2,0.06942662896756756
2023,1484442.0,2,"LAPAN, NASA",2,0.08020213060141493
2023,1484443.0,2,"LAPAN, NASA",2,0.08054392540609276
2023,1484444.0,2,"LAPAN, NASA",2,0.08111934372334123
2023,1484445.0,2,"LAPAN, NASA",2,0.08037603332851805
2023,1484446.0,2,"LAPAN, NASA",2,0.08082114937259811
2023,1484447.0,2,"LAPAN, NASA",2,0.08120645430151452
2023,1484633.0,2,"LAPAN, NASA",2,0.05917358715203981
2023,1484634.0,2,"LAPAN, NASA",2,0.05966948027439894
2023,1484635.0,2,"LAPAN, NASA",2,0.05796742918145127
2023,1484636.0,2,"LAPAN, NASA",2,0.05822649227164174
2023,1484637.0,2,"LAPAN, NASA",2,0.05951993022701026
2023,1484638.0,2,"LAPAN, NASA",2,0.05892770031864677
2023,1484639.0,2,"LAPAN, NASA",2,0.058655027269650946
2023,1484640.0,3,"LAPAN, NASA",2,0.24511128863279674
2023,1484641.0,2,"LAPAN, NASA",2,0.05926923893739976
2023,1484654.0,2,"LAPAN, NASA",2,0.08802381923032306
2023,1484707.0,2,"LAPAN, NASA",2,0.0833429899432403
2023,1484752.0,2,"LAPAN, NASA",2,0.055310776216825334
2023,1484753.0,2,"LAPAN, NASA",2,0.05509339471109767
2023,1484755.0,2,"LAPAN, NASA",2,0.05496602282069157
2023,1484756.0,2,"LAPAN, NASA",2,0.05582999120537963
2023,1484757.0,2,"LAPAN, NASA",2,0.055597589477226095
2023,1484759.0,2,"LAPAN, NASA",2,0.056570335386995796
2023,1484760.0,2,"LAPAN, NASA",2,0.056350567363173364
2023,1484762.0,2,"LAPAN, NASA",2,0.05647626184178808
2023,1484763.0,2,"LAPAN, NASA",2,0.056126298803164804
2023,1484764.0,2,"LAPAN, NASA",2,0.05573001817110376
2023,1484765.0,2,"LAPAN, NASA",2,0.05634958127323984
2023,1484766.0,2,"LAPAN, NASA",2,0.05604070282911619
2023,1484767.0,2,"LAPAN, NASA",2,0.05513249107050206
2023,1484768.0,2,"LAPAN, NASA",2,0.05582561686534248
2023,1484769.0,2,"LAPAN, NASA",2,0.056554987270774904
2023,1484770.0,2,"LAPAN, NASA",2,0.05730203978447375
2023,1484771.0,2,"LAPAN, NASA",2,0.05718148948638542
2023,1484773.0,2,"LAPAN, NASA",2,0.057683508804027894
2023,1484775.0,2,"LAPAN, NASA",2,0.05610677279872757
2023,1484776.0,2,"LAPAN, NASA",2,0.057577425755695126
2023,1484779.0,2,"LAPAN, NASA",2,0.0583598375992205
2023,1484782.0,2,"LAPAN, NASA",2,0.05778228011423682
2023,1484783.0,2,"LAPAN, NASA",2,0.05761006802604488
2023,1484797.0,2,"LAPAN, NASA",2,0.05644185602207506
2023,1484798.0,2,"LAPAN, NASA",2,0.05623130801523966
2023,1484799.0,2,"LAPAN, NASA",2,0.05606389237100645
2023,1484800.0,2,"LAPAN, NASA",2,0.05612791599814933
2023,1484803.0,2,"LAPAN, NASA",2,0.05656109722105848
2023,1484804.0,2,"LAPAN, NASA",2,0.05660417366261098
2023,1484805.0,2,"LAPAN, NASA",2,0.0575524437896509
2023,1484807.0,2,"LAPAN, NASA",2,0.059008399729989156
2023,1484808.0,2,"LAPAN, NASA",2,0.0579164399731034
2023,1484809.0,2,"LAPAN, NASA",2,0.0586571145174568
2023,1484810.0,2,"LAPAN, NASA",2,0.0581020183424424
2023,1484811.0,2,"LAPAN, NASA",2,0.0588568860679507
2023,1484812.0,2,"LAPAN, NASA",2,0.05872067574144823
2023,1485179.0,2,"LAPAN, NASA",2,0.10563877054414988
2023,1485181.0,2,"LAPAN, NASA",2,0.09487707809766341
2023,1485182.0,2,"LAPAN, NASA",2,0.09516195591789654
2023,1485183.0,2,"LAPAN, NASA",2,0.09545848974375236
2023,1485187.0,2,"LAPAN, NASA",2,0.1027027285382004
2023,1485192.0,2,"LAPAN, NASA",2,0.07061004488659721
2023,1485193.0,2,"LAPAN, NASA",2,0.07194091049620337
2023,1485194.0,2,"LAPAN, NASA",2,0.07272264635612871
2023,1485195.0,2,"LAPAN, NASA",2,0.13717584833886212
2023,1485196.0,2,"LAPAN, NASA",2,0.1044807831242468
2023,1485198.0,2,"LAPAN, NASA",2,0.10749368825430224
2023,1485199.0,2,"LAPAN, NASA",2,0.10475115546084733
2023,1485219.0,2,"LAPAN, NASA",2,0.16687946500106163
2023,1485241.0,2,"LAPAN, NASA",2,0.12912336793359505
2023,1485242.0,2,"LAPAN, NASA",2,0.12986886299587452
2023,1485248.0,2,"LAPAN, NASA",2,0.11099659119398819
2023,1485249.0,2,"LAPAN, NASA",2,0.10839551470346191
2023,1485250.0,2,"LAPAN, NASA",2,0.10788072459819477
2023,1485251.0,2,"LAPAN, NASA",2,0.10836430650442251
2023,1485252.0,2,"LAPAN, NASA",2,0.10903945587645394
2023,1485253.0,2,"LAPAN, NASA",2,0.10782022212756355
2023,1485254.0,2,"LAPAN, NASA",2,0.10676420433945594
2023,1485255.0,2,"LAPAN, NASA",2,0.10695941315810105
2023,1485256.0,2,"LAPAN, NASA",2,0.10691803406582069
2023,1485257.0,2,"LAPAN, NASA",2,0.1068379460497163
2023,1485258.0,2,"LAPAN, NASA",2,0.10677317379854905
2023,1485259.0,2,"LAPAN, NASA",2,0.10693365836656049
2023,1485260.0,2,"LAPAN, NASA",2,0.10647067203695286
2023,1485261.0,2,"LAPAN, NASA",2,0.11153745920460961
2023,1485262.0,2,"LAPAN, NASA",2,0.10815552870887393
2023,1485263.0,2,"LAPAN, NASA",2,0.10655599625683397
2023,1485264.0,2,"LAPAN, NASA",2,0.10787388937363085
2023,1485265.0,2,"LAPAN, NASA",2,0.1078718576875188
2023,1485266.0,2,"LAPAN, NASA",2,0.10994602590286547
2023,1485267.0,2,"LAPAN, NASA",2,0.10677337967385356
2023,1485268.0,2,"LAPAN, NASA",2,0.10593276220392386
2023,1485269.0,2,"LAPAN, NASA",2,0.10713424197156743
2023,1485270.0,2,"LAPAN, NASA",2,0.10557594839922499
2023,1485271.0,2,"LAPAN, NASA",2,0.10612588506643993
2023,1485272.0,2,"LAPAN, NASA",2,0.1056821335396571
2023,1485274.0,2,"LAPAN, NASA",2,0.10506478163298663
2023,1485275.0,2,"LAPAN, NASA",2,0.10467298689455766
2023,1485277.0,2,"LAPAN, NASA",2,0.10387882699307531
2023,1485278.0,2,"LAPAN, NASA",2,0.10492389585386937
2023,1485282.0,2,"LAPAN, NASA",2,0.10438156771125476
2023,1485292.0,2,"LAPAN, NASA",2,0.13557726078361865
2023,1485294.0,2,"LAPAN, NASA",2,0.1339347717778294
2023,1485295.0,2,"LAPAN, NASA",2,0.13295125298369595
2023,1485296.0,2,"LAPAN, NASA",2,0.13017183872366875
2023,1485298.0,2,"LAPAN, NASA",2,0.13139303603160693
2023,1485299.0,2,"LAPAN, NASA",2,0.13337186589591468
2023,1485300.0,2,"LAPAN, NASA",2,0.13243751017752609
2023,1485301.0,2,"LAPAN, NASA",2,0.13265097278049015
2023,1485302.0,2,"LAPAN, NASA",2,0.13056042591474096
2023,1485303.0,2,"LAPAN, NASA",2,0.130858773863387
2023,1485304.0,2,"LAPAN, NASA",2,0.17226343615923365
2023,1485308.0,2,"LAPAN, NASA",2,0.16746473053178024
2023,1485309.0,2,"LAPAN, NASA",2,0.16592975314563393
2023,1486644.0,2,"LAPAN, NASA",2,0.116734852791892
2023,1486652.0,2,"LAPAN, NASA",2,0.11826159131093651
2023,1486654.0,2,"LAPAN, NASA",2,0.1199675698616975
2023,1486655.0,2,"LAPAN, NASA",2,0.11729649187603342
2023,1486656.0,2,"LAPAN, NASA",2,0.11748723978788232
2023,1486657.0,2,"LAPAN, NASA",2,0.11573629746409712
2023,1486658.0,2,"LAPAN, NASA",2,0.11825005780141463
2023,1486659.0,2,"LAPAN, NASA",2,0.1191603632482511
2023,1486660.0,2,"LAPAN, NASA",2,0.11663774215627198
2023,1486661.0,2,"LAPAN, NASA",2,0.11673027196425416
2023,1486662.0,2,"LAPAN, NASA",2,0.11747795355542957
2023,1486663.0,2,"LAPAN, NASA",2,0.11766233371128952
2023,1486664.0,2,"LAPAN, NASA",2,0.11727324498083792
2023,1486666.0,2,"LAPAN, NASA",2,0.11818593652593416
2023,1486667.0,2,"LAPAN, NASA",2,0.11840640842713561
2023,1486668.0,2,"LAPAN, NASA",2,0.11662973519321279
2023,1486671.0,2,"LAPAN, NASA",2,0.11651630120671529
2023,1486672.0,2,"LAPAN, NASA",2,0.11788794255102818
2023,1486673.0,2,"LAPAN, NASA",2,0.11810261685515816
2023,1486674.0,2,"LAPAN, NASA",2,0.11691245247814487
2023,1486679.0,2,"LAPAN, NASA",2,0.11754431722993418
2023,1486680.0,3,"LAPAN, NASA",2,0.15730658519789673
2023,1486681.0,2,"LAPAN, NASA",2,0.11684652992689817
2023,1486682.0,2,"LAPAN, NASA",2,0.11810322350146797
2023,1486687.0,2,"LAPAN, NASA",2,0.1178897727942184
2023,1486688.0,2,"LAPAN, NASA",2,0.11900480558868229
2023,1486704.0,2,"LAPAN, NASA",2,0.1727078909613329
2023,1486708.0,2,"LAPAN, NASA",2,0.17241078228040305
2023,1486713.0,3,"LAPAN, NASA",2,0.17092397008447394
2023,1486716.0,2,"LAPAN, NASA",2,0.17107571745604946
2023,1486717.0,2,"LAPAN, NASA",2,0.17448655170051589
2023,1486718.0,2,"LAPAN, NASA",2,0.17073597309682692
2023,1486728.0,2,"LAPAN, NASA",2,0.1778013712292
2023,1486732.0,3,"LAPAN, NASA",2,0.1796230557605907
2023,1486741.0,3,"LAPAN, NASA",2,0.17623226012518997
2023,1486742.0,2,"LAPAN, NASA",2,0.18027908463878928
2023,1486746.0,2,"LAPAN, NASA",2,0.18379633388057764
2023,1486748.0,3,"LAPAN, NASA",2,0.18449496556505393
2023,1486904.0,3,"LAPAN, NASA",2,0.15446653360605844
2023,1486907.0,2,"LAPAN, NASA",2,0.12703899347618955
2023,1486908.0,2,"LAPAN, NASA",2,0.12772654164156458
2023,1486909.0,2,"LAPAN, NASA",2,0.12757264029042695
2023,1486910.0,2,"LAPAN, NASA",2,0.12825403828772913
2023,1486918.0,2,"LAPAN, NASA",2,0.11827610788197628
2023,1486923.0,2,"LAPAN, NASA",2,0.12515839949935179
2023,1486924.0,2,"LAPAN, NASA",2,0.1253840379854824
2023,1486927.0,2,"LAPAN, NASA",2,0.12489111651486713
2023,1486928.0,2,"LAPAN, NASA",2,0.12541696435189081
2023,1486930.0,2,"LAPAN, NASA",2,0.12407733072391527
2023,1486931.0,2,"LAPAN, NASA",2,0.12349566942707725
2023,1486935.0,2,"LAPAN, NASA",2,0.12308070059224531
2023,1486936.0,2,"LAPAN, NASA",2,0.12497620798051429
2023,1486937.0,2,"LAPAN, NASA",2,0.12516426395972932
2023,1486947.0,2,"LAPAN, NASA",2,0.13730587089804244
2023,1487101.0,2,"LAPAN, NASA",2,0.12777068874031644
2023,1487129.0,2,"LAPAN, NASA",2,0.14483206001998644
2023,1487131.0,2,"LAPAN, NASA",2,0.14337054587066453
2023,1487133.0,2,"LAPAN, NASA",2,0.14327392128809346
2023,1487134.0,2,"LAPAN, NASA",2,0.14324642641059104
2023,1487177.0,2,"LAPAN, NASA",2,0.09220311012310624
2023,1487178.0,2,"LAPAN, NASA",2,0.09234577106390643
2023,1487179.0,2,"LAPAN, NASA",2,0.09222096910324264
2023,1487180.0,2,"LAPAN, NASA",2,0.09237557932036662
2023,1487181.0,2,"LAPAN, NASA",2,0.09251213087391069
2023,1487192.0,2,"LAPAN, NASA",2,0.09128895551427826
2023,1487199.0,2,"LAPAN, NASA",2,0.12828358363303125
2023,1487239.0,3,"LAPAN, NASA",2,0.06223336578726725
2023,1487240.0,3,"LAPAN, NASA",2,0.06156206166545166
2023,1487241.0,3,"LAPAN, NASA",2,0.061271325647280474
2023,1487242.0,3,"LAPAN, NASA",2,0.062213809795019684
2023,1487243.0,3,"LAPAN, NASA",2,0.06160628238784101
2023,1487245.0,3,"LAPAN, NASA",2,0.06204809995275389
2023,1487246.0,3,"LAPAN, NASA",2,0.06169187354470623
2023,1487249.0,2,"LAPAN, NASA",2,0.061755990794749006
2023,1487251.0,3,"LAPAN, NASA",2,0.17045063006549857
2023,1487262.0,2,"LAPAN, NASA",2,0.12035389490756275
2023,1487271.0,2,"LAPAN, NASA",2,0.11314075734812315
2023,1487274.0,2,"LAPAN, NASA",2,0.09618263958721453
2023,1487275.0,2,"LAPAN, NASA",2,0.09702566049310582
2023,1487285.0,2,"LAPAN, NASA",2,0.09709420818744789
2023,1487292.0,2,"LAPAN, NASA",2,0.09618473988894698
2023,1487294.0,2,"LAPAN, NASA",2,0.09487741852935996
2023,1487295.0,2,"LAPAN, NASA",2,0.0945642378453408
2023,1487297.0,2,"LAPAN, NASA",2,0.09742785286316247
2023,1487298.0,2,"LAPAN, NASA",2,0.09609259256572504
2023,1487299.0,2,"LAPAN, NASA",2,0.09612936008747466
2023,1487300.0,2,"LAPAN, NASA",2,0.09701252140443671
2023,1487302.0,2,"LAPAN, NASA",2,0.09569766874854671
2023,1487303.0,2,"LAPAN, NASA",2,0.09605458321651751
2023,1487304.0,2,"LAPAN, NASA",2,0.09447071476389425
2023,1487322.0,2,"LAPAN, NASA",2,0.09614331052940167
2023,1487327.0,2,"LAPAN, NASA",2,0.16203747436453517
2023,1487328.0,2,"LAPAN, NASA",2,0.16164750283977566
2023,1487330.0,2,"LAPAN, NASA",2,0.16003426149166738
2023,1487331.0,2,"LAPAN, NASA",2,0.161095333074248
2023,1487334.0,2,"LAPAN, NASA",2,0.1627804597595079
2023,1487335.0,2,"LAPAN, NASA",2,0.15918477869882494
2023,1487339.0,2,"LAPAN, NASA",2,0.15775440850776687
2023,1487340.0,2,"LAPAN, NASA",2,0.15749877288134945
2023,1487341.0,2,"LAPAN, NASA",2,0.15705878781261767
2023,1487344.0,2,"LAPAN, NASA",2,0.15620921695516388
2023,1487361.0,2,"LAPAN, NASA",2,0.1534537822400656
2023,1487367.0,2,"LAPAN, NASA",2,0.12172138385275257
2023,1487750.0,2,"LAPAN, NASA",2,0.06444613274271732
2023,1487751.0,2,"LAPAN, NASA",2,0.06582822277084902
2023,1487754.0,2,"LAPAN, NASA",2,0.06395532766887789
2023,1487755.0,2,"LAPAN, NASA",2,0.06364931593987924
2023,1487756.0,2,"LAPAN, NASA",2,0.06591177219804173
2023,1487760.0,2,"LAPAN, NASA",2,0.06496571886508157
2023,1487761.0,2,"LAPAN, NASA",2,0.0649527269616516
2023,1487765.0,2,"LAPAN, NASA",2,0.06618631148586172
2023,1487767.0,2,"LAPAN, NASA",2,0.0663694140295109
2023,1487770.0,2,"LAPAN, NASA",2,0.06609664420038554
2023,1487771.0,2,"LAPAN, NASA",2,0.06426670887710798
2023,1487774.0,2,"LAPAN, NASA",2,0.06594424393648134
2023,1487775.0,2,"LAPAN, NASA",2,0.06571361000587832
2023,1487784.0,2,"LAPAN, NASA",2,0.06754538679267087
2023,1487789.0,2,"LAPAN, NASA",2,0.10135696628645828
2023,1487792.0,2,"LAPAN, NASA",2,0.10191689396403703
2023,1487793.0,2,"LAPAN, NASA",2,0.10040951670788716
2023,1487797.0,2,"LAPAN, NASA",2,0.10114798100960898
2023,1487823.0,2,"LAPAN, NASA",2,0.0987509714411504
2023,1487872.0,2,"LAPAN, NASA",2,0.09213933236733528
2023,1487873.0,2,"LAPAN, NASA",2,0.09149788530484776
2023,1487874.0,2,"LAPAN, NASA",2,0.0752138883425067
2023,1487875.0,2,"LAPAN, NASA",2,0.07748772403811348
2023,1487876.0,2,"LAPAN, NASA",2,0.07909440128401277
2023,1487880.0,2,"LAPAN, NASA",2,0.0973886802533186
2023,1487895.0,2,"LAPAN, NASA",2,0.06759292260718859
2023,1487901.0,2,"LAPAN, NASA",2,0.08276987303911
2023,1487902.0,2,"LAPAN, NASA",2,0.08327140628354589
2023,1487917.0,2,"LAPAN, NASA",2,0.060325843208197796
2023,1487933.0,2,"LAPAN, NASA",2,0.07870066371632292
2023,1487936.0,2,"LAPAN, NASA",2,0.07260947093532476
2023,1487937.0,2,"LAPAN, NASA",2,0.0734699956948375
2023,1487938.0,2,"LAPAN, NASA",2,0.07365832015319422
2023,1487940.0,2,"LAPAN, NASA",2,0.07608548328510792
2023,1487969.0,2,"LAPAN, NASA",2,0.06722300662631162
2023,1487972.0,2,"LAPAN, NASA",2,0.06770219762786796
2023,1487973.0,2,"LAPAN, NASA",2,0.06743631523968349
2023,1487975.0,2,"LAPAN, NASA",2,0.06729778302876784
2023,1487978.0,2,"LAPAN, NASA",2,0.06684726331476704
2023,1487979.0,2,"LAPAN, NASA",2,0.06761023266014415
2023,1487980.0,2,"LAPAN, NASA",2,0.06689643138256034
2023,1487981.0,2,"LAPAN, NASA",2,0.0679976079430343
2023,1487982.0,2,"LAPAN, NASA",2,0.06765158451037409
2023,1487983.0,2,"LAPAN, NASA",2,0.06682497905426597
2023,1487984.0,2,"LAPAN, NASA",2,0.06799904985109644
2023,1487985.0,2,"LAPAN, NASA",2,0.06707653786168714
2023,1487986.0,2,"LAPAN, NASA",2,0.0682999735825086
2023,1487987.0,2,"LAPAN, NASA",2,0.06816497492194577
2023,1487988.0,2,"LAPAN, NASA",2,0.06852651302073018
2023,1487989.0,2,"LAPAN, NASA",2,0.06937531595848209
2023,1487990.0,2,"LAPAN, NASA",2,0.06692292398989828
2023,1487991.0,2,"LAPAN, NASA",2,0.06698611519753157
2023,1487992.0,2,"LAPAN, NASA",2,0.06672781322591158
2023,1487993.0,2,"LAPAN, NASA",2,0.067224152571354
2023,1487994.0,2,"LAPAN, NASA",2,0.06702495385131574
2023,1487995.0,2,"LAPAN, NASA",2,0.06797461547826754
2023,1487996.0,2,"LAPAN, NASA",2,0.06616642459952851
2023,1487997.0,2,"LAPAN, NASA",2,0.06798547093221606
2023,1487998.0,2,"LAPAN, NASA",2,0.06699579310891049
2023,1487999.0,2,"LAPAN, NASA",2,0.06639025194766777
2023,1488000.0,2,"LAPAN, NASA",2,0.06744054704666586
2023,1488001.0,2,"LAPAN, NASA",2,0.06668083994361568
2023,1488002.0,2,"LAPAN, NASA",2,0.06749199619447654
2023,1488003.0,2,"LAPAN, NASA",2,0.06714762952156157
2023,1488004.0,2,"LAPAN, NASA",2,0.0663351424307661
2023,1488005.0,2,"LAPAN, NASA",2,0.06563077342697658
2023,1488006.0,2,"LAPAN, NASA",2,0.06687770872717592
2023,1488007.0,2,"LAPAN, NASA",2,0.06794409781706444
2023,1488008.0,2,"LAPAN, NASA",2,0.06752964259690207
2023,1488009.0,2,"LAPAN, NASA",2,0.09852788262461457
2023,1488010.0,2,"LAPAN, NASA",2,0.0976721128414382
2023,1488011.0,2,"LAPAN, NASA",2,0.0985865985744071
2023,1488012.0,2,"LAPAN, NASA",2,0.09863675660791457
2023,1488013.0,2,"LAPAN, NASA",2,0.0981095583919693
2023,1488014.0,2,"LAPAN, NASA",2,0.09737460486362592
2023,1488015.0,2,"LAPAN, NASA",2,0.09754191859304766
2023,1488016.0,2,"LAPAN, NASA",2,0.09903099598058433
2023,1488017.0,2,"LAPAN, NASA",2,0.09932331446190179
2023,1488018.0,2,"LAPAN, NASA",2,0.0993764183928808
2023,1488019.0,2,"LAPAN, NASA",2,0.0994878680090143
2023,1488020.0,2,"LAPAN, NASA",2,0.0991233732316129
2023,1488021.0,2,"LAPAN, NASA",2,0.09931872041230011
2023,1488045.0,2,"LAPAN, NASA",2,0.08750048339227837
2023,1488046.0,2,"LAPAN, NASA",2,0.08790992079016634
2023,1488047.0,2,"LAPAN, NASA",2,0.08832223628480136
2023,1488048.0,2,"LAPAN, NASA",2,0.08671512130120747
2023,1488051.0,2,"LAPAN, NASA",2,0.08906891413321098
2023,1488055.0,2,"LAPAN, NASA",2,0.08547740082313458
2023,1488056.0,2,"LAPAN, NASA",2,0.0864849350543704
2023,1488057.0,2,"LAPAN, NASA",2,0.06536641004146007
2023,1488060.0,2,"LAPAN, NASA",2,0.06488715913735107
2023,1489437.0,2,"LAPAN, NASA",2,0.2458917650272509
2023,1489450.0,2,"LAPAN, NASA",2,0.2574989713951738
2023,1489501.0,2,"LAPAN, NASA",2,0.1900888429292913
2023,1489507.0,3,"LAPAN, NASA",2,0.18257651084254564
2023,1489553.0,3,"LAPAN, NASA",2,0.2596831620451379
2023,1490049.0,2,"LAPAN, NASA",2,0.06307311638763052
2023,1490050.0,2,"LAPAN, NASA",2,0.061892236381630876
2023,1490051.0,2,"LAPAN, NASA",2,0.09477466891395775
2023,1490107.0,2,"LAPAN, NASA",2,0.08883314753936283
2023,1490108.0,2,"LAPAN, NASA",2,0.087874663781263
2023,1490110.0,2,"LAPAN, NASA",2,0.09033618837807046
2023,1490126.0,2,"LAPAN, NASA",2,0.07859245888612251
2023,1490128.0,2,"LAPAN, NASA",2,0.07941418441590008
2023,1490129.0,2,"LAPAN, NASA",2,0.07815428081044615
2023,1490130.0,2,"LAPAN, NASA",2,0.07786780090117873
2023,1490135.0,2,"LAPAN, NASA",2,0.06310471904686511
2023,1490136.0,2,"LAPAN, NASA",2,0.06233255200751285
2023,1490137.0,2,"LAPAN, NASA",2,0.06178542916412566
2023,1490138.0,2,"LAPAN, NASA",2,0.062268752982096665
2023,1490140.0,2,"LAPAN, NASA",2,0.0856544768243318
2023,1490151.0,2,"LAPAN, NASA",2,0.08621267106093362
2023,1490155.0,2,"LAPAN, NASA",2,0.08701323191006508
2023,1490159.0,2,"LAPAN, NASA",2,0.08774332809490545
2023,1490198.0,2,"LAPAN, NASA",2,0.07790239098161691
2023,1490199.0,2,"LAPAN, NASA",2,0.07751137273948899
2023,1490201.0,2,"LAPAN, NASA",2,0.07725275712975747
2023,1490202.0,2,"LAPAN, NASA",2,0.07686114651155099
2023,1490204.0,2,"LAPAN, NASA",2,0.07711229364030263
2023,1490207.0,2,"LAPAN, NASA",2,0.07687484906391105
2023,1490208.0,2,"LAPAN, NASA",2,0.07711280877724325
2023,1490209.0,2,"LAPAN, NASA",2,0.07664753795903309
2023,1490241.0,2,"LAPAN, NASA",2,0.07311040387080335
2023,1490242.0,2,"LAPAN, NASA",2,0.07468337946478829
2023,1490246.0,2,"LAPAN, NASA",2,0.07444883411312397
2023,1490259.0,2,"LAPAN, NASA",2,0.07391797533726854
2023,1490260.0,2,"LAPAN, NASA",2,0.07379391311477396
2023,1490263.0,2,"LAPAN, NASA",2,0.07288740190787717
2023,1490269.0,2,"LAPAN, NASA",2,0.07368441479418127
2023,1490270.0,2,"LAPAN, NASA",2,0.07309599859741694
2023,1490272.0,2,"LAPAN, NASA",2,0.07253181030287893
2023,1490275.0,2,"LAPAN, NASA",2,0.07280745957192997
2023,1490276.0,2,"LAPAN, NASA",2,0.07275287208786695
2023,1490280.0,2,"LAPAN, NASA",2,0.07275109091100992
2023,1490286.0,2,"LAPAN, NASA",2,0.09088987986490905
2023,1490287.0,2,"LAPAN, NASA",2,0.09107188845602357
2023,1490288.0,2,"LAPAN, NASA",2,0.09101827315715502
2023,1490290.0,2,"LAPAN, NASA",2,0.09083373692808419
2023,1490291.0,2,"LAPAN, NASA",2,0.09055293529229554
2023,1490295.0,2,"LAPAN, NASA",2,0.09011185075839871
2023,1490296.0,2,"LAPAN, NASA",2,0.09099570562073679
2023,1490300.0,2,"LAPAN, NASA",2,0.09094731309849532
2023,1490302.0,2,"LAPAN, NASA",2,0.09114147367403506
2023,1490303.0,2,"LAPAN, NASA",2,0.09231247109565026
2023,1490304.0,2,"LAPAN, NASA",2,0.09160069719651462
2023,1490305.0,2,"LAPAN, NASA",2,0.09179790748081387
2023,1490307.0,2,"LAPAN, NASA",2,0.09049241537115849
2023,1490308.0,2,"LAPAN, NASA",2,0.09045309475007952
2023,1490311.0,2,"LAPAN, NASA",2,0.09048557570815928
2023,1490314.0,2,"LAPAN, NASA",2,0.09112278303930035
2023,1490318.0,2,"LAPAN, NASA",2,0.09152487425102505
2023,1490319.0,2,"LAPAN, NASA",2,0.09151403267128201
2023,1490320.0,2,"LAPAN, NASA",2,0.09104777891381502
2023,1490321.0,2,"LAPAN, NASA",2,0.0912387738482233
2023,1490322.0,2,"LAPAN, NASA",2,0.09116712200657026
2023,1490323.0,2,"LAPAN, NASA",2,0.09191392640197218
2023,1490324.0,2,"LAPAN, NASA",2,0.09205123406275971
2023,1490325.0,2,"LAPAN, NASA",2,0.09112978173780381
2023,1490326.0,2,"LAPAN, NASA",2,0.09033683136490465
2023,1490327.0,2,"LAPAN, NASA",2,0.09061625104742829
2023,1490343.0,2,"LAPAN, NASA",2,0.09158799767853584
2023,1490344.0,2,"LAPAN, NASA",2,0.09107752424410538
2023,1490345.0,2,"LAPAN, NASA",2,0.07057441348337036
2023,1490363.0,2,"LAPAN, NASA",2,0.0844525567957102
2023,1490367.0,2,"LAPAN, NASA",2,0.08672852971203092
2023,1490368.0,2,"LAPAN, NASA",2,0.08594141305053324
2023,1490369.0,2,"LAPAN, NASA",2,0.08100877687349599
2023,1490374.0,2,"LAPAN, NASA",2,0.08510094198105785
2023,1490375.0,2,"LAPAN, NASA",2,0.08515654023925735
2023,1490376.0,2,"LAPAN, NASA",2,0.08026906613576759
2023,1490377.0,2,"LAPAN, NASA",2,0.0851598220668179
2023,1490378.0,2,"LAPAN, NASA",2,0.08491120798116158
2023,1490379.0,2,"LAPAN, NASA",2,0.08574988858676896
2023,1490380.0,2,"LAPAN, NASA",2,0.08328394844662892
2023,1490381.0,2,"LAPAN, NASA",2,0.08419205972944913
2023,1490382.0,2,"LAPAN, NASA",2,0.0850418895111385
2023,1490383.0,2,"LAPAN, NASA",2,0.08425546676725813
2023,1490384.0,2,"LAPAN, NASA",2,0.08367544253335689
2023,1490385.0,2,"LAPAN, NASA",2,0.08543327132894851
2023,1490386.0,2,"LAPAN, NASA",2,0.08458533399556718
2023,1490387.0,2,"LAPAN, NASA",2,0.08328692241132757
2023,1490388.0,2,"LAPAN, NASA",2,0.08508706179068282
2023,1490389.0,2,"LAPAN, NASA",2,0.0850839556699974
2023,1490390.0,2,"LAPAN, NASA",2,0.08425361518632592
2023,1490391.0,2,"LAPAN, NASA",2,0.08436827155581798
2023,1490392.0,2,"LAPAN, NASA",2,0.08437778802213315
2023,1490393.0,2,"LAPAN, NASA",2,0.0854893830056312
2023,1490394.0,2,"LAPAN, NASA",2,0.08464943137316126
2023,1490395.0,2,"LAPAN, NASA",2,0.0850290800826681
2023,1490396.0,2,"LAPAN, NASA",2,0.08414096952729108
2023,1490397.0,2,"LAPAN, NASA",2,0.08356439130403466
2023,1490398.0,2,"LAPAN, NASA",2,0.08342833586553289
2023,1490399.0,2,"LAPAN, NASA",2,0.08396171697297533
2023,1490400.0,2,"LAPAN, NASA",2,0.08408228685247325
2023,1490401.0,2,"LAPAN, NASA",2,0.08435871793264543
2023,1490402.0,2,"LAPAN, NASA",2,0.08605273107240856
2023,1490403.0,2,"LAPAN, NASA",2,0.08437107455641951
2023,1490404.0,2,"LAPAN, NASA",2,0.08337425229800584
2023,1490405.0,2,"LAPAN, NASA",2,0.08382559006026377
2023,1490406.0,2,"LAPAN, NASA",2,0.08440408794649502
2023,1490407.0,2,"LAPAN, NASA",2,0.08432327544905768
2023,1490408.0,2,"LAPAN, NASA",2,0.08509350059389269
2023,1490409.0,2,"LAPAN, NASA",2,0.08524666578371616
2023,1490411.0,2,"LAPAN, NASA",2,0.08471972224091934
2023,1490412.0,2,"LAPAN, NASA",2,0.08585191930664543
2023,1490465.0,2,"LAPAN, NASA",2,0.06903312590637524
2023,1490466.0,2,"LAPAN, NASA",2,0.06859495665495952
2023,1490491.0,2,"LAPAN, NASA",2,0.06965337814826779
2023,1491922.0,2,"LAPAN, NASA",2,0.1835659923084675
2023,1491923.0,2,"LAPAN, NASA",2,0.18328437168114894
2023,1491931.0,2,"LAPAN, NASA",2,0.18375495300113365
2023,1491936.0,2,"LAPAN, NASA",2,0.18286167800343026
2023,1491937.0,2,"LAPAN, NASA",2,0.17811183717861426
2023,1491941.0,2,"LAPAN, NASA",2,0.18304088907720953
2023,1491947.0,2,"LAPAN, NASA",2,0.18420567759311102
2023,1491948.0,2,"LAPAN, NASA",2,0.183260735644025
2023,1491949.0,2,"LAPAN, NASA",2,0.1831291734864822
2023,1491950.0,2,"LAPAN, NASA",2,0.17957720503660923
2023,1491952.0,2,"LAPAN, NASA",2,0.181883710512686
2023,1491953.0,2,"LAPAN, NASA",2,0.18205656892496516
2023,1491956.0,2,"LAPAN, NASA",2,0.18170986295308794
2023,1491957.0,2,"LAPAN, NASA",2,0.18143356390426374
2023,1491958.0,2,"LAPAN, NASA",2,0.1827889538089196
2023,1491959.0,2,"LAPAN, NASA",2,0.1808700546084233
2023,1491960.0,2,"LAPAN, NASA",2,0.18094021097593527
2023,1491961.0,2,"LAPAN, NASA",2,0.17668000699258576
2023,1491965.0,2,"LAPAN, NASA",2,0.17965027733260627
2023,1491966.0,2,"LAPAN, NASA",2,0.183281495676937
2023,1491967.0,2,"LAPAN, NASA",2,0.18262286163026234
2023,1491968.0,2,"LAPAN, NASA",2,0.18223912788773577
2023,1491969.0,2,"LAPAN, NASA",2,0.1816119538553784
2023,1491970.0,2,"LAPAN, NASA",2,0.18197821660169414
2023,1491971.0,2,"LAPAN, NASA",2,0.18187518938208955
2023,1491972.0,2,"LAPAN, NASA",2,0.18200682855437464
2023,1491973.0,2,"LAPAN, NASA",2,0.1810656440338606
2023,1491974.0,2,"LAPAN, NASA",2,0.18056355493827442
2023,1491975.0,2,"LAPAN, NASA",2,0.18037161254494646
2023,1491976.0,2,"LAPAN, NASA",2,0.17697556449603927
2023,1491981.0,2,"LAPAN, NASA",2,0.1816939765516082
2023,1491982.0,2,"LAPAN, NASA",2,0.18159181193120755
2023,1491983.0,2,"LAPAN, NASA",2,0.18304521107310562
2023,1491984.0,2,"LAPAN, NASA",2,0.18037320773777935
2023,1491985.0,2,"LAPAN, NASA",2,0.18071974876880123
2023,1491986.0,2,"LAPAN, NASA",2,0.1815973718839874
2023,1491987.0,2,"LAPAN, NASA",2,0.18116601873570923
2023,1491988.0,2,"LAPAN, NASA",2,0.1813235803861854
2023,1491989.0,2,"LAPAN, NASA",2,0.17793511812094778
2023,1491992.0,2,"LAPAN, NASA",2,0.1829788315276818
2023,1491996.0,2,"LAPAN, NASA",2,0.18245068025696617
2023,1491997.0,2,"LAPAN, NASA",2,0.18161173710733863
2023,1491998.0,2,"LAPAN, NASA",2,0.1769352723390903
2023,1492001.0,2,"LAPAN, NASA",2,0.18088836744968426
2023,1492002.0,2,"LAPAN, NASA",2,0.18033311699483873
2023,1492003.0,2,"LAPAN, NASA",2,0.17770496259825846
2023,1492012.0,2,"LAPAN, NASA",2,0.1829949220497308
2023,1492025.0,2,"LAPAN, NASA",2,0.1812265313083536
2023,1492026.0,2,"LAPAN, NASA",2,0.18326436195901868
2023,1492032.0,3,"LAPAN, NASA",2,0.16110141024995514
2023,1492033.0,2,"LAPAN, NASA",2,0.14372054570232398
2023,1492034.0,2,"LAPAN, NASA",2,0.14461885780920705
2023,1492035.0,2,"LAPAN, NASA",2,0.14001170667773957
2023,1492036.0,2,"LAPAN, NASA",2,0.13892323635353915
2023,1492042.0,2,"LAPAN, NASA",2,0.14338657491940457
2023,1492043.0,2,"LAPAN, NASA",2,0.1402656941210516
2023,1492044.0,2,"LAPAN, NASA",2,0.13919547724132716
2023,1492054.0,2,"LAPAN, NASA",2,0.14166538845180715
2023,1492055.0,2,"LAPAN, NASA",2,0.14174271200452007
2023,1492072.0,2,"LAPAN, NASA",2,0.14119772600214384
2023,1492078.0,2,"LAPAN, NASA",2,0.1414004357553539
2023,1492085.0,2,"LAPAN, NASA",2,0.14130638818517724
2023,1492110.0,2,"LAPAN, NASA",2,0.21252375813078794
2023,1492111.0,2,"LAPAN, NASA",2,0.2128351247352652
2023,1492112.0,2,"LAPAN, NASA",2,0.2182070296403342
2023,1492113.0,2,"LAPAN, NASA",2,0.21137573859297207
2023,1492114.0,2,"LAPAN, NASA",2,0.21957674051575984
2023,1492115.0,2,"LAPAN, NASA",2,0.21215488424699147
2023,1492116.0,2,"LAPAN, NASA",2,0.2118677021692198
2023,1492118.0,2,"LAPAN, NASA",2,0.21861771124526366
2023,1492119.0,2,"LAPAN, NASA",2,0.21892689841941704
2023,1492120.0,2,"LAPAN, NASA",2,0.2189243544074548
2023,1492121.0,2,"LAPAN, NASA",2,0.21965285334225626
2023,1492122.0,2,"LAPAN, NASA",2,0.2191748511222834
2023,1492123.0,3,"LAPAN, NASA",2,0.21010745704716713
2023,1492125.0,3,"LAPAN, NASA",2,0.20678349301866858
2023,1492126.0,2,"LAPAN, NASA",2,0.21887508257157431
2023,1492127.0,3,"LAPAN, NASA",2,0.20647833992405473
2023,1492129.0,2,"LAPAN, NASA",2,0.21850233894918428
2023,1492134.0,2,"LAPAN, NASA",2,0.08109721177099201
2023,1492142.0,2,"LAPAN, NASA",2,0.15122421267092956
2023,1492143.0,2,"LAPAN, NASA",2,0.1515992273291636
2023,1492147.0,2,"LAPAN, NASA",2,0.15011848941927294
2023,1492148.0,2,"LAPAN, NASA",2,0.15382757462958982
2023,1492149.0,2,"LAPAN, NASA",2,0.15300048514976955
2023,1492150.0,2,"LAPAN, NASA",2,0.15493041416982864
2023,1492151.0,2,"LAPAN, NASA",2,0.1533567707382867
2023,1492152.0,2,"LAPAN, NASA",2,0.15063543602666887
2023,1492156.0,2,"LAPAN, NASA",2,0.15117115904119693
2023,1492157.0,2,"LAPAN, NASA",2,0.15301686643507884
2023,1492158.0,2,"LAPAN, NASA",2,0.15090520627917575
2023,1492159.0,2,"LAPAN, NASA",2,0.1509328120731896
2023,1492160.0,2,"LAPAN, NASA",2,0.15017001783307396
2023,1492161.0,2,"LAPAN, NASA",2,0.15168171589450857
2023,1492163.0,2,"LAPAN, NASA",2,0.15358248860139215
2023,1492164.0,2,"LAPAN, NASA",2,0.1517602613471538
2023,1492166.0,2,"LAPAN, NASA",2,0.1518451064436014
2023,1492167.0,2,"LAPAN, NASA",2,0.15374511723615045
2023,1492168.0,2,"LAPAN, NASA",2,0.15335603465570202
2023,1492173.0,2,"LAPAN, NASA",2,0.1512319337488104
2023,1492176.0,2,"LAPAN, NASA",2,0.15419171812103863
2023,1492179.0,2,"LAPAN, NASA",2,0.10301798052063797
2023,1492180.0,2,"LAPAN, NASA",2,0.10428159964512286
2023,1492181.0,2,"LAPAN, NASA",2,0.10337552849538462
2023,1492185.0,2,"LAPAN, NASA",2,0.10325830971402883
2023,1492186.0,2,"LAPAN, NASA",2,0.10415993881621523
2023,1492189.0,2,"LAPAN, NASA",2,0.10311379295491364
2023,1492195.0,2,"LAPAN, NASA",2,0.10241734804853565
2023,1492200.0,2,"LAPAN, NASA",2,0.1025912555392071
2023,1492204.0,2,"LAPAN, NASA",2,0.10281541314072874
2023,1492205.0,2,"LAPAN, NASA",2,0.10262512635673007
2023,1492209.0,2,"LAPAN, NASA",2,0.10289736708272931
2023,1492210.0,2,"LAPAN, NASA",2,0.10349699120660986
2023,1492219.0,2,"LAPAN, NASA",2,0.10148910555025378
2023,1492220.0,2,"LAPAN, NASA",2,0.10350742564847924
2023,1492224.0,2,"LAPAN, NASA",2,0.10143928399297106
2023,1492227.0,2,"LAPAN, NASA",2,0.09967325875659203
2023,1492228.0,2,"LAPAN, NASA",2,0.10020808851283707
2023,1492231.0,2,"LAPAN, NASA",2,0.10291213752124352
2023,1492240.0,2,"LAPAN, NASA",2,0.09889265319476784
2023,1492241.0,2,"LAPAN, NASA",2,0.09821490365770533
2023,1492245.0,2,"LAPAN, NASA",2,0.09822665735703105
2023,1492246.0,2,"LAPAN, NASA",2,0.09848293786596658
2023,1492255.0,2,"LAPAN, NASA",2,0.09818925244160767
2023,1492276.0,2,"LAPAN, NASA",2,0.17904812925238697
2023,1492281.0,2,"LAPAN, NASA",2,0.18012354189507834
2023,1492282.0,2,"LAPAN, NASA",2,0.17848801700713754
2023,1492292.0,2,"LAPAN, NASA",2,0.17939223929558554
2023,1492293.0,2,"LAPAN, NASA",2,0.17943035454531134
2023,1492329.0,2,"LAPAN, NASA",2,0.08263592329990925
2023,1492330.0,2,"LAPAN, NASA",2,0.08232447658475153
2023,1492331.0,2,"LAPAN, NASA",2,0.08361678143138217
2023,1492332.0,2,"LAPAN, NASA",2,0.08242381704555973
2023,1492334.0,2,"LAPAN, NASA",2,0.08375785061126811
2023,1492336.0,2,"LAPAN, NASA",2,0.0830648566452984
2023,1492337.0,2,"LAPAN, NASA",2,0.08369596397552581
2023,1492342.0,2,"LAPAN, NASA",2,0.08417031476721996
2023,1492343.0,2,"LAPAN, NASA",2,0.08467003673534419
2023,1492344.0,2,"LAPAN, NASA",2,0.08468735514094493
2023,1492348.0,2,"LAPAN, NASA",2,0.08579314459594163
2023,1492349.0,2,"LAPAN, NASA",2,0.08514056168692233
2023,1492350.0,2,"LAPAN, NASA",2,0.08530227802668951
2023,1492351.0,2,"LAPAN, NASA",2,0.0854256442317574
2023,1492352.0,2,"LAPAN, NASA",2,0.08467499847454071
2023,1492353.0,2,"LAPAN, NASA",2,0.08429002976435969
2023,1492354.0,2,"LAPAN, NASA",2,0.08467976383023026
2023,1492355.0,2,"LAPAN, NASA",2,0.08453998017131893
2023,1492356.0,2,"LAPAN, NASA",2,0.08616980341877031
2023,1492357.0,2,"LAPAN, NASA",2,0.08529616706777896
2023,1492358.0,2,"LAPAN, NASA",2,0.08409020624952698
2023,1492359.0,2,"LAPAN, NASA",2,0.08474160307459214
2023,1492360.0,2,"LAPAN, NASA",2,0.08429744524788338
2023,1492361.0,2,"LAPAN, NASA",2,0.08526731137698498
2023,1492362.0,2,"LAPAN, NASA",2,0.08563129591928574
2023,1492363.0,2,"LAPAN, NASA",2,0.0861281297844328
2023,1492364.0,2,"LAPAN, NASA",2,0.08574555554895541
2023,1492365.0,2,"LAPAN, NASA",2,0.16443460953945313
2023,1492366.0,2,"LAPAN, NASA",2,0.16398727001494595
2023,1492367.0,2,"LAPAN, NASA",2,0.17023561386199287
2023,1492368.0,2,"LAPAN, NASA",2,0.16969275578389967
2023,1492369.0,2,"LAPAN, NASA",2,0.16429340125838654
2023,1492370.0,2,"LAPAN, NASA",2,0.16444265382998893
2023,1492371.0,2,"LAPAN, NASA",2,0.16433036450810473
2023,1492372.0,2,"LAPAN, NASA",2,0.16480376446901482
2023,1492373.0,2,"LAPAN, NASA",2,0.16491361775530358
2023,1492374.0,2,"LAPAN, NASA",2,0.1654507941951787
2023,1492375.0,2,"LAPAN, NASA",2,0.1647754925634162
2023,1492376.0,2,"LAPAN, NASA",2,0.16523547239623887
2023,1492377.0,2,"LAPAN, NASA",2,0.16508604815921973
2023,1492378.0,2,"LAPAN, NASA",2,0.16518430741822057
2023,1492383.0,2,"LAPAN, NASA",2,0.16636727548935287
2023,1492384.0,2,"LAPAN, NASA",2,0.1654079646297894
2023,1492389.0,2,"LAPAN, NASA",2,0.1657266597510393
2023,1492392.0,2,"LAPAN, NASA",2,0.16637795794841817
2023,1492393.0,2,"LAPAN, NASA",2,0.16559708853764582
2023,1492398.0,2,"LAPAN, NASA",2,0.16589086284766177
2023,1492400.0,2,"LAPAN, NASA",2,0.16425658233122764
2023,1492401.0,2,"LAPAN, NASA",2,0.16540239285939473
2023,1492402.0,2,"LAPAN, NASA",2,0.16513861739860905
2023,1492403.0,2,"LAPAN, NASA",2,0.16453822384870706
2023,1492406.0,2,"LAPAN, NASA",2,0.16373702589236921
2023,1492407.0,2,"LAPAN, NASA",2,0.16380743077003035
2023,1492408.0,2,"LAPAN, NASA",2,0.16652783082473863
2023,1492409.0,2,"LAPAN, NASA",2,0.1672033033182436
2023,1492410.0,2,"LAPAN, NASA",2,0.1644501559113289
2023,1492411.0,2,"LAPAN, NASA",2,0.16396776536025626
2023,1492412.0,2,"LAPAN, NASA",2,0.1651717702831525
2023,1492413.0,2,"LAPAN, NASA",2,0.16511349267468406
2023,1492414.0,2,"LAPAN, NASA",2,0.16490703317359004
2023,1492415.0,2,"LAPAN, NASA",2,0.1644666302352285
2023,1492416.0,2,"LAPAN, NASA",2,0.1653097992248151
2023,1492417.0,2,"LAPAN, NASA",2,0.165620342823102
2023,1492418.0,2,"LAPAN, NASA",2,0.17144042482297092
2023,1492419.0,2,"LAPAN, NASA",2,0.1641020872999102
2023,1492420.0,2,"LAPAN, NASA",2,0.1660517724401403
2023,1492424.0,2,"LAPAN, NASA",2,0.1640584620707848
2023,1492425.0,2,"LAPAN, NASA",2,0.1715607317686934
2023,1492427.0,2,"LAPAN, NASA",2,0.1714836144056462
2023,1492428.0,2,"LAPAN, NASA",2,0.17088869993721206
2023,1492429.0,2,"LAPAN, NASA",2,0.16926348251661974
2023,1492430.0,2,"LAPAN, NASA",2,0.1711657803694575
2023,1492431.0,2,"LAPAN, NASA",2,0.1710875455843606
2023,1492432.0,2,"LAPAN, NASA",2,0.17029574411132173
2023,1492433.0,2,"LAPAN, NASA",2,0.17022149085919305
2023,1492434.0,2,"LAPAN, NASA",2,0.1707824608060511
2023,1492436.0,2,"LAPAN, NASA",2,0.1705534576581149
2023,1492437.0,2,"LAPAN, NASA",2,0.1702580781508377
2023,1492444.0,2,"LAPAN, NASA",2,0.17182387313184014
2023,1492445.0,2,"LAPAN, NASA",2,0.17168899428188494
2023,1492446.0,2,"LAPAN, NASA",2,0.1218451333334037
2023,1492447.0,2,"LAPAN, NASA",2,0.12114213020794816
2023,1492448.0,2,"LAPAN, NASA",2,0.12083152282754542
2023,1492450.0,2,"LAPAN, NASA",2,0.12155492532126279
2023,1492451.0,2,"LAPAN, NASA",2,0.12070421255962875
2023,1492452.0,2,"LAPAN, NASA",2,0.12200640068761333
2023,1492453.0,2,"LAPAN, NASA",2,0.12041522653772677
2023,1492454.0,2,"LAPAN, NASA",2,0.12174051945850613
2023,1492456.0,2,"LAPAN, NASA",2,0.12224462244471307
2023,1492457.0,2,"LAPAN, NASA",2,0.12190773817724404
2023,1492458.0,2,"LAPAN, NASA",2,0.12276168655585942
2023,1492459.0,2,"LAPAN, NASA",2,0.12102107476997999
2023,1492460.0,2,"LAPAN, NASA",2,0.12015039684633685
2023,1492462.0,2,"LAPAN, NASA",2,0.11901230423651654
2023,1492464.0,2,"LAPAN, NASA",2,0.11822374240505218
2023,1492466.0,2,"LAPAN, NASA",2,0.11999617766727702
2023,1492468.0,2,"LAPAN, NASA",2,0.12039214160400045
2023,1492471.0,2,"LAPAN, NASA",2,0.12021552114787341
2023,1492474.0,2,"LAPAN, NASA",2,0.12209611719173206
2023,1492477.0,2,"LAPAN, NASA",2,0.12017827627256945
2023,1492478.0,2,"LAPAN, NASA",2,0.11933691625157153
2023,1492479.0,2,"LAPAN, NASA",2,0.12065047689890562
2023,1492482.0,2,"LAPAN, NASA",2,0.12174177893178446
2023,1492483.0,2,"LAPAN, NASA",2,0.12348800234097157
2023,1492484.0,2,"LAPAN, NASA",2,0.12454498241335639
2023,1492486.0,2,"LAPAN, NASA",2,0.12638293987556437
2023,1492490.0,2,"LAPAN, NASA",2,0.12353817240982201
2023,1492492.0,2,"LAPAN, NASA",2,0.18880842480846263
2023,1492494.0,2,"LAPAN, NASA",2,0.18869551542818572
2023,1492495.0,2,"LAPAN, NASA",2,0.18884600954582345
2023,1492496.0,2,"LAPAN, NASA",2,0.18922059389132864
2023,1492497.0,2,"LAPAN, NASA",2,0.1886031676427071
2023,1492498.0,2,"LAPAN, NASA",2,0.1901663058783687
2023,1492499.0,2,"LAPAN, NASA",2,0.18969167707476747
2023,1492671.0,2,"LAPAN, NASA",2,0.14203560088876555
2023,1492674.0,2,"LAPAN, NASA",2,0.14064120275713374
2023,1492677.0,2,"LAPAN, NASA",2,0.1403752461726257
2023,1492678.0,3,"LAPAN, NASA",2,0.19420771498256062
2023,1492683.0,2,"LAPAN, NASA",2,0.14040074922547113
2023,1492684.0,2,"LAPAN, NASA",2,0.13975560886188554
2023,1492687.0,2,"LAPAN, NASA",2,0.13891392347272669
2023,1492688.0,2,"LAPAN, NASA",2,0.13935238116718082
2023,1492689.0,2,"LAPAN, NASA",2,0.13958681215425567
2023,1492690.0,2,"LAPAN, NASA",2,0.1404068950967457
2023,1492691.0,2,"LAPAN, NASA",2,0.14001694247102536
2023,1492692.0,2,"LAPAN, NASA",2,0.13345599650931336
2023,1492694.0,2,"LAPAN, NASA",2,0.1401528531442137
2023,1492695.0,2,"LAPAN, NASA",2,0.13955253694664144
2023,1492696.0,2,"LAPAN, NASA",2,0.14032267039289273
2023,1492697.0,2,"LAPAN, NASA",2,0.13932836604161955
2023,1492698.0,2,"LAPAN, NASA",2,0.13955706498724701
2023,1492699.0,2,"LAPAN, NASA",2,0.13903578791090113
2023,1492700.0,2,"LAPAN, NASA",2,0.13934343262595203
2023,1492701.0,2,"LAPAN, NASA",2,0.13811478885676443
2023,1492703.0,2,"LAPAN, NASA",2,0.13934097843305968
2023,1492704.0,2,"LAPAN, NASA",2,0.1396243445482926
2023,1492705.0,2,"LAPAN, NASA",2,0.13865435432001325
2023,1492706.0,2,"LAPAN, NASA",2,0.13895036160670302
2023,1492707.0,2,"LAPAN, NASA",2,0.13837690274067574
2023,1492710.0,2,"LAPAN, NASA",2,0.13924220970080994
2023,1492711.0,2,"LAPAN, NASA",2,0.13857830567131804
2023,1492717.0,2,"LAPAN, NASA",2,0.13192666825585944
2023,1492718.0,3,"LAPAN, NASA",2,0.13026080323224665
2023,1492719.0,2,"LAPAN, NASA",2,0.1323037771237637
2023,1492720.0,3,"LAPAN, NASA",2,0.1318784110820349
2023,1492724.0,2,"LAPAN, NASA",2,0.16505910094927131
2023,1492725.0,2,"LAPAN, NASA",2,0.1649420404497118
2023,1492726.0,2,"LAPAN, NASA",2,0.16611037377141066
2023,1492727.0,2,"LAPAN, NASA",2,0.16441373817900598
2023,1492731.0,2,"LAPAN, NASA",2,0.16366038890530452
2023,1492732.0,2,"LAPAN, NASA",2,0.16437878929863328
2023,1492747.0,2,"LAPAN, NASA",2,0.16413216490665564
2023,1492984.0,2,"LAPAN, NASA",2,0.18496023808357737
2023,1492985.0,2,"LAPAN, NASA",2,0.18297559154769114
2023,1493186.0,2,"LAPAN, NASA",2,0.13949006735852784
2023,1493187.0,2,"LAPAN, NASA",2,0.0905075976569542
2023,1493202.0,2,"LAPAN, NASA",2,0.14469264205438112
2023,1493204.0,2,"LAPAN, NASA",2,0.09318941415067108
2023,1493205.0,2,"LAPAN, NASA",2,0.0938373701517242
2023,1493207.0,2,"LAPAN, NASA",2,0.09550171478276522
2023,1493311.0,2,"LAPAN, NASA",2,0.19421623769355334
2023,1493435.0,2,"LAPAN, NASA",2,0.10056456132883866
2023,1493437.0,2,"LAPAN, NASA",2,0.099687273921982
2023,1493438.0,2,"LAPAN, NASA",2,0.09880511752841745
2023,1493439.0,2,"LAPAN, NASA",2,0.09816150223876867
2023,1493440.0,2,"LAPAN, NASA",2,0.09886692344545325
2023,1493441.0,2,"LAPAN, NASA",2,0.09963954215002462
2023,1493442.0,2,"LAPAN, NASA",2,0.10012708500155919
2023,1493443.0,2,"LAPAN, NASA",2,0.09998978150686531
2023,1493444.0,2,"LAPAN, NASA",2,0.09911160632770188
2023,1493445.0,2,"LAPAN, NASA",2,0.09998214249185264
2023,1493446.0,2,"LAPAN, NASA",2,0.10168675681128549
2023,1493448.0,2,"LAPAN, NASA",2,0.09873304567954394
2023,1493449.0,2,"LAPAN, NASA",2,0.10139470367601845
2023,1493450.0,2,"LAPAN, NASA",2,0.10026167254049437
2023,1493451.0,2,"LAPAN, NASA",2,0.10166443515808556
2023,1493452.0,2,"LAPAN, NASA",2,0.09899516877747398
2023,1493453.0,2,"LAPAN, NASA",2,0.09948541702018739
2023,1493454.0,2,"LAPAN, NASA",2,0.09994837865611943
2023,1493455.0,2,"LAPAN, NASA",2,0.10230489831273817
2023,1493456.0,2,"LAPAN, NASA",2,0.10118749181427103
2023,1493457.0,2,"LAPAN, NASA",2,0.09882388442281208
2023,1493458.0,2,"LAPAN, NASA",2,0.09981257756972219
2023,1493459.0,2,"LAPAN, NASA",2,0.10213753188576033
2023,1493460.0,2,"LAPAN, NASA",2,0.10135028224141555
2023,1493461.0,2,"LAPAN, NASA",2,0.09851538981518092
2023,1493462.0,2,"LAPAN, NASA",2,0.0988792615055377
2023,1493463.0,2,"LAPAN, NASA",2,0.1016703030254132
2023,1493464.0,2,"LAPAN, NASA",2,0.1015751037138643
2023,1493465.0,2,"LAPAN, NASA",2,0.10269818210956554
2023,1493466.0,2,"LAPAN, NASA",2,0.10216201677027888
2023,1493467.0,2,"LAPAN, NASA",2,0.10279512936816565
2023,1493468.0,2,"LAPAN, NASA",2,0.10265681723396008
2023,1493469.0,2,"LAPAN, NASA",2,0.10306351768329979
2023,1493470.0,2,"LAPAN, NASA",2,0.10274669407460474
2023,1493471.0,2,"LAPAN, NASA",2,0.10317338396552514
2023,1493472.0,2,"LAPAN, NASA",2,0.10349908864226208
2023,1493473.0,2,"LAPAN, NASA",2,0.145349008129815
2023,1493474.0,2,"LAPAN, NASA",2,0.14617215635005118
2023,1493475.0,2,"LAPAN, NASA",2,0.14692091685384773
2023,1493476.0,2,"LAPAN, NASA",2,0.14599155123950772
2023,1493477.0,2,"LAPAN, NASA",2,0.14686749747980946
2023,1493478.0,2,"LAPAN, NASA",2,0.14587037412636036
2023,1493479.0,2,"LAPAN, NASA",2,0.1460704634682053
2023,1493480.0,2,"LAPAN, NASA",2,0.14676758561131104
2023,1493481.0,2,"LAPAN, NASA",2,0.14672472839542458
2023,1493483.0,2,"LAPAN, NASA",2,0.1477914019670874
2023,1493484.0,2,"LAPAN, NASA",2,0.14713826818076262
2023,1493485.0,2,"LAPAN, NASA",2,0.14395007533135723
2023,1493486.0,2,"LAPAN, NASA",2,0.1477584399807676
2023,1493487.0,2,"LAPAN, NASA",2,0.1488153734973135
2023,1493491.0,2,"LAPAN, NASA",2,0.14383291349993454
2023,1493501.0,2,"LAPAN, NASA",2,0.14178156879533094
2023,1493544.0,2,"LAPAN, NASA",2,0.10635672765244053
2023,1493545.0,2,"LAPAN, NASA",2,0.10572885551806481
2023,1493546.0,2,"LAPAN, NASA",2,0.10554258192788397
2023,1493547.0,2,"LAPAN, NASA",2,0.10624627904480341
2023,1493548.0,2,"LAPAN, NASA",2,0.10525023266794138
2023,1493550.0,2,"LAPAN, NASA",2,0.10594944713909772
2023,1493551.0,2,"LAPAN, NASA",2,0.10711383251596912
2023,1493555.0,2,"LAPAN, NASA",2,0.10532398303344064
2023,1493556.0,2,"LAPAN, NASA",2,0.10520166537348664
2023,1493565.0,2,"LAPAN, NASA",2,0.10790997054508668
2023,1493566.0,2,"LAPAN, NASA",2,0.1083674096485025
2023,1493570.0,2,"LAPAN, NASA",2,0.10858584179097855
2023,1493575.0,2,"LAPAN, NASA",2,0.10690760435495679
2023,1493576.0,2,"LAPAN, NASA",2,0.10871044646387115
2023,1493581.0,3,"LAPAN, NASA",2,0.1083625235047969
2023,1493582.0,3,"LAPAN, NASA",2,0.10830297852503679
2023,1493586.0,3,"LAPAN, NASA",2,0.10938019098064017
2023,1493593.0,2,"LAPAN, NASA",2,0.13560956496550963
2023,1493598.0,2,"LAPAN, NASA",2,0.13558560554534427
2023,1493599.0,2,"LAPAN, NASA",2,0.1369106698469369
2023,1493601.0,2,"LAPAN, NASA",2,0.13302447143437865
2023,1493605.0,2,"LAPAN, NASA",2,0.13730797557569435
2023,1493609.0,2,"LAPAN, NASA",2,0.13451347785092427
2023,1493618.0,2,"LAPAN, NASA",2,0.13754639469080843
2023,1493627.0,2,"LAPAN, NASA",2,0.1378157951380557
2023,1493647.0,2,"LAPAN, NASA",2,0.13834023461971368
2023,1493676.0,2,"LAPAN, NASA",2,0.13497357799453555
2023,1493691.0,2,"LAPAN, NASA",2,0.0857119912906053
2023,1493692.0,2,"LAPAN, NASA",2,0.0864656963516975
2023,1493697.0,2,"LAPAN, NASA",2,0.08574762662012268
2023,1493700.0,2,"LAPAN, NASA",2,0.08527472137730617
2023,1493701.0,2,"LAPAN, NASA",2,0.08560792817143803
2023,1493702.0,2,"LAPAN, NASA",2,0.0864737384596952
2023,1493703.0,2,"LAPAN, NASA",2,0.0858039434920866
2023,1494920.0,2,"LAPAN, NASA",2,0.10330127463823564
2023,1494921.0,2,"LAPAN, NASA",2,0.1035448261309872
2023,1494922.0,2,"LAPAN, NASA",2,0.10459310697335263
2023,1494923.0,2,"LAPAN, NASA",2,0.10321583768961722
2023,1494925.0,2,"LAPAN, NASA",2,0.08638142561472603
2023,1494926.0,2,"LAPAN, NASA",2,0.08621257624510317
2023,1494927.0,2,"LAPAN, NASA",2,0.08641040056921205
2023,1494928.0,2,"LAPAN, NASA",2,0.08567901048979491
2023,1494929.0,2,"LAPAN, NASA",2,0.08635608141459783
2023,1494933.0,2,"LAPAN, NASA",2,0.08424309607041616
2023,1494935.0,2,"LAPAN, NASA",2,0.08472447464687376
2023,1494936.0,2,"LAPAN, NASA",2,0.08379747130537124
2023,1494948.0,2,"LAPAN, NASA",2,0.08231497426182789
2023,1494950.0,2,"LAPAN, NASA",2,0.08275547758439165
2023,1494952.0,2,"LAPAN, NASA",2,0.08193831348587789
2023,1494956.0,3,"LAPAN, NASA",2,0.0805719982951642
2023,1494959.0,2,"LAPAN, NASA",2,0.09521103089596271
2023,1494961.0,2,"LAPAN, NASA",2,0.09527211918842077
2023,1494962.0,2,"LAPAN, NASA",2,0.09640894642774278
2023,1494963.0,2,"LAPAN, NASA",2,0.0957763232057593
2023,1494964.0,2,"LAPAN, NASA",2,0.09535476647672665
2023,1494965.0,2,"LAPAN, NASA",2,0.09582827645275578
2023,1494966.0,2,"LAPAN, NASA",2,0.09313796525220157
2023,1494967.0,2,"LAPAN, NASA",2,0.09424921092481978
2023,1494970.0,2,"LAPAN, NASA",2,0.09603511224197292
2023,1494971.0,2,"LAPAN, NASA",2,0.09479152763526157
2023,1494972.0,2,"LAPAN, NASA",2,0.09318038880416452
2023,1494973.0,2,"LAPAN, NASA",2,0.09461249423973037
2023,1494974.0,2,"LAPAN, NASA",2,0.09310780745107033
2023,1494976.0,2,"LAPAN, NASA",2,0.0940868472338723
2023,1494979.0,2,"LAPAN, NASA",2,0.09571496083817709
2023,1494980.0,2,"LAPAN, NASA",2,0.09532612226996458
2023,1494990.0,2,"LAPAN, NASA",2,0.09422554744832021
2023,1494991.0,2,"LAPAN, NASA",2,0.09416807598002667
2023,1494992.0,2,"LAPAN, NASA",2,0.0952947523900844
2023,1494993.0,2,"LAPAN, NASA",2,0.09325541066529487
2023,1494997.0,2,"LAPAN, NASA",2,0.09517609156906158
2023,1494998.0,2,"LAPAN, NASA",2,0.09600541718499224
2023,1494999.0,2,"LAPAN, NASA",2,0.09300071090577404
2023,1495000.0,2,"LAPAN, NASA",2,0.09391709830626963
2023,1495001.0,2,"LAPAN, NASA",2,0.09506840306368479
2023,1495002.0,2,"LAPAN, NASA",2,0.09349486006182359
2023,1495004.0,2,"LAPAN, NASA",2,0.09474529567691058
2023,1495005.0,2,"LAPAN, NASA",2,0.0954609820688719
2023,1495006.0,2,"LAPAN, NASA",2,0.09425378580487867
2023,1495007.0,2,"LAPAN, NASA",2,0.09421399220777758
2023,1495008.0,2,"LAPAN, NASA",2,0.09435651013924909
2023,1495010.0,2,"LAPAN, NASA",2,0.09526184366928608
2023,1495011.0,2,"LAPAN, NASA",2,0.09488702590546723
2023,1495012.0,2,"LAPAN, NASA",2,0.09414525914095294
2023,1495013.0,2,"LAPAN, NASA",2,0.09474230411097928
2023,1495014.0,2,"LAPAN, NASA",2,0.0946286251200749
2023,1495015.0,2,"LAPAN, NASA",2,0.09437585988773066
2023,1495016.0,2,"LAPAN, NASA",2,0.09401254380722186
2023,1495017.0,2,"LAPAN, NASA",2,0.09504062532117767
2023,1495018.0,2,"LAPAN, NASA",2,0.09419651849413763
2023,1495019.0,2,"LAPAN, NASA",2,0.09435984822763041
2023,1495020.0,2,"LAPAN, NASA",2,0.09452358352992399
2023,1495021.0,2,"LAPAN, NASA",2,0.0929056485448459
2023,1495022.0,2,"LAPAN, NASA",2,0.0958996970414626
2023,1495023.0,2,"LAPAN, NASA",2,0.09537914794287007
2023,1495024.0,2,"LAPAN, NASA",2,0.09410096371906282
2023,1495025.0,2,"LAPAN, NASA",2,0.09410734491293697
2023,1495026.0,2,"LAPAN, NASA",2,0.094336781649844
2023,1495027.0,2,"LAPAN, NASA",2,0.09537750979246754
2023,1495028.0,2,"LAPAN, NASA",2,0.09536890890292474
2023,1495029.0,2,"LAPAN, NASA",2,0.09558388153060783
2023,1495030.0,2,"LAPAN, NASA",2,0.09472550414906772
2023,1495031.0,2,"LAPAN, NASA",2,0.09515522516505084
2023,1495032.0,2,"LAPAN, NASA",2,0.09483426796466371
2023,1495033.0,2,"LAPAN, NASA",2,0.09503219233354253
2023,1495034.0,2,"LAPAN, NASA",2,0.092438159706883
2023,1495035.0,2,"LAPAN, NASA",2,0.09318862699112866
2023,1495039.0,2,"LAPAN, NASA",2,0.09528327609756589
2023,1495040.0,2,"LAPAN, NASA",2,0.09492149435030219
2023,1495041.0,2,"LAPAN, NASA",2,0.09528430815446866
2023,1495042.0,2,"LAPAN, NASA",2,0.09368753042108233
2023,1495043.0,2,"LAPAN, NASA",2,0.09420607701055367
2023,1495044.0,2,"LAPAN, NASA",2,0.09422755610011063
2023,1495045.0,2,"LAPAN, NASA",2,0.09521858705678085
2023,1495046.0,2,"LAPAN, NASA",2,0.09421357492770387
2023,1495047.0,2,"LAPAN, NASA",2,0.09286071144345627
2023,1495048.0,2,"LAPAN, NASA",2,0.09258542451993129
2023,1495049.0,2,"LAPAN, NASA",2,0.09228016288863167
2023,1495050.0,2,"LAPAN, NASA",2,0.09224938520108356
2023,1495051.0,2,"LAPAN, NASA",2,0.09298068051457425
2023,1495052.0,2,"LAPAN, NASA",2,0.09325115255260942
2023,1495053.0,2,"LAPAN, NASA",2,0.09458379813260236
2023,1495054.0,2,"LAPAN, NASA",2,0.09261367691318106
2023,1495055.0,2,"LAPAN, NASA",2,0.09320934839669563
2023,1495056.0,2,"LAPAN, NASA",2,0.09216599964753659
2023,1495057.0,2,"LAPAN, NASA",2,0.09191269093170173
2023,1495058.0,2,"LAPAN, NASA",2,0.0927207048641483
2023,1495059.0,2,"LAPAN, NASA",2,0.09080376330034039
2023,1495060.0,2,"LAPAN, NASA",2,0.09269632458490246
2023,1495061.0,2,"LAPAN, NASA",2,0.0939929440961562
2023,1495062.0,2,"LAPAN, NASA",2,0.09295158434255113
2023,1495063.0,2,"LAPAN, NASA",2,0.09331772622326065
2023,1495064.0,2,"LAPAN, NASA",2,0.09312994827259655
2023,1495065.0,2,"LAPAN, NASA",2,0.0918845137433014
2023,1495066.0,2,"LAPAN, NASA",2,0.09273787299483377
2023,1495067.0,2,"LAPAN, NASA",2,0.0919729742455297
2023,1495068.0,2,"LAPAN, NASA",2,0.09282027745261301
2023,1495069.0,2,"LAPAN, NASA",2,0.09095873089304186
2023,1495072.0,2,"LAPAN, NASA",2,0.0929570239239147
2023,1495073.0,2,"LAPAN, NASA",2,0.09279060085037347
2023,1495074.0,2,"LAPAN, NASA",2,0.0923853014640914
2023,1495075.0,2,"LAPAN, NASA",2,0.09223236630613132
2023,1495076.0,2,"LAPAN, NASA",2,0.09277939418320974
2023,1495077.0,2,"LAPAN, NASA",2,0.09259078815348298
2023,1495078.0,2,"LAPAN, NASA",2,0.07521957128183436
2023,1495079.0,2,"LAPAN, NASA",2,0.07508361443763814
2023,1495080.0,2,"LAPAN, NASA",2,0.07637863899268853
2023,1495081.0,2,"LAPAN, NASA",2,0.07534444286230219
2023,1495082.0,2,"LAPAN, NASA",2,0.07655263639410825
2023,1495083.0,2,"LAPAN, NASA",2,0.07502026727575004
2023,1495084.0,2,"LAPAN, NASA",2,0.0737420019209028
2023,1495085.0,2,"LAPAN, NASA",2,0.07502496911488181
2023,1495086.0,2,"LAPAN, NASA",2,0.07356964184132113
2023,1495087.0,2,"LAPAN, NASA",2,0.07510047692254299
2023,1495088.0,2,"LAPAN, NASA",2,0.0749217483110541
2023,1495089.0,2,"LAPAN, NASA",2,0.0739845238205406
2023,1495090.0,2,"LAPAN, NASA",2,0.07563372275264714
2023,1495091.0,2,"LAPAN, NASA",2,0.07504279468175991
2023,1495092.0,2,"LAPAN, NASA",2,0.0755903062765888
2023,1495093.0,2,"LAPAN, NASA",2,0.07483366377367537
2023,1495094.0,2,"LAPAN, NASA",2,0.074031611035679
2023,1495095.0,2,"LAPAN, NASA",2,0.07549872144571614
2023,1495096.0,2,"LAPAN, NASA",2,0.07397919239574653
2023,1495097.0,2,"LAPAN, NASA",2,0.07370760641871527
2023,1495098.0,2,"LAPAN, NASA",2,0.07521180797583796
2023,1495099.0,2,"LAPAN, NASA",2,0.07372564842131488
2023,1495100.0,2,"LAPAN, NASA",2,0.07448947477491147
2023,1495101.0,2,"LAPAN, NASA",2,0.07574555733273615
2023,1495102.0,2,"LAPAN, NASA",2,0.0748116401120722
2023,1495103.0,2,"LAPAN, NASA",2,0.072931950642034
2023,1495104.0,2,"LAPAN, NASA",2,0.07439273324545952
2023,1495105.0,2,"LAPAN, NASA",2,0.07535177889556484
2023,1495106.0,2,"LAPAN, NASA",2,0.07330960231822312
2023,1495107.0,2,"LAPAN, NASA",2,0.07424871278389804
2023,1495108.0,2,"LAPAN, NASA",2,0.07394318726659772
2023,1495109.0,2,"LAPAN, NASA",2,0.07363773583943344
2023,1495110.0,2,"LAPAN, NASA",2,0.0772111129118119
2023,1495111.0,2,"LAPAN, NASA",2,0.07404932576628481
2023,1495112.0,2,"LAPAN, NASA",2,0.07350106913430571
2023,1495113.0,2,"LAPAN, NASA",2,0.07283766686864174
2023,1495114.0,2,"LAPAN, NASA",2,0.07311236938490727
2023,1495115.0,2,"LAPAN, NASA",2,0.0735073716645188
2023,1495116.0,2,"LAPAN, NASA",2,0.07453406267051609
2023,1495117.0,2,"LAPAN, NASA",2,0.07318349372007968
2023,1495118.0,2,"LAPAN, NASA",2,0.07307285935408646
2023,1495119.0,2,"LAPAN, NASA",2,0.07317540633954463
2023,1495120.0,2,"LAPAN, NASA",2,0.07310629221973299
2023,1495121.0,2,"LAPAN, NASA",2,0.07419171076971012
2023,1495122.0,2,"LAPAN, NASA",2,0.07283911134623502
2023,1495124.0,2,"LAPAN, NASA",2,0.07397567820098323
2023,1495125.0,2,"LAPAN, NASA",2,0.07288383440304262
2023,1495126.0,2,"LAPAN, NASA",2,0.07268407612395585
2023,1495127.0,2,"LAPAN, NASA",2,0.07308488059733377
2023,1495128.0,2,"LAPAN, NASA",2,0.07396135938114115
2023,1495129.0,2,"LAPAN, NASA",2,0.07287147922705277
2023,1495132.0,2,"LAPAN, NASA",2,0.07315224788332998
2023,1495133.0,2,"LAPAN, NASA",2,0.07291298131081482
2023,1495138.0,2,"LAPAN, NASA",2,0.0713927250713048
2023,1495139.0,2,"LAPAN, NASA",2,0.07023856149747768
2023,1495141.0,2,"LAPAN, NASA",2,0.06977504725083539
2023,1495148.0,2,"LAPAN, NASA",2,0.0695997782919281
2023,1495149.0,2,"LAPAN, NASA",2,0.06909034949429001
2023,1495150.0,2,"LAPAN, NASA",2,0.06901367202860256
2023,1495153.0,2,"LAPAN, NASA",2,0.06913944911184135
2023,1495154.0,2,"LAPAN, NASA",2,0.06902577179901942
2023,1495158.0,2,"LAPAN, NASA",2,0.06956283470775676
2023,1495159.0,2,"LAPAN, NASA",2,0.06910524217752854
2023,1495160.0,2,"LAPAN, NASA",2,0.06770030331986268
2023,1495173.0,2,"LAPAN, NASA",2,0.07674074105356729
2023,1495174.0,3,"LAPAN, NASA",2,0.0763304696041268
2023,1495175.0,3,"LAPAN, NASA",2,0.07625776636834378
2023,1495176.0,2,"LAPAN, NASA",2,0.07795694612498931
2023,1495177.0,2,"LAPAN, NASA",2,0.0775095843889933
2023,1495178.0,2,"LAPAN, NASA",2,0.07742272692423217
2023,1495179.0,2,"LAPAN, NASA",2,0.07733593174738579
2023,1495182.0,2,"LAPAN, NASA",2,0.0756904158301625
2023,1495186.0,2,"LAPAN, NASA",2,0.07840906538652108
2023,1495192.0,2,"LAPAN, NASA",2,0.07992734208191112
2023,1495193.0,2,"LAPAN, NASA",2,0.07899827123604587
2023,1495194.0,2,"LAPAN, NASA",2,0.08040502712883967
2023,1495195.0,2,"LAPAN, NASA",2,0.0803271565064241
2023,1495196.0,2,"LAPAN, NASA",2,0.0801468140163201
2023,1495202.0,2,"LAPAN, NASA",2,0.08064285778542647
2023,1495203.0,2,"LAPAN, NASA",2,0.08211609975044656
2023,1495205.0,2,"LAPAN, NASA",2,0.08192337572792478
2023,1495206.0,2,"LAPAN, NASA",2,0.08036097550145226
2023,1495207.0,2,"LAPAN, NASA",2,0.08060105580661688
2023,1495208.0,2,"LAPAN, NASA",2,0.0796763086428583
2023,1495209.0,2,"LAPAN, NASA",2,0.08081591329586098
2023,1495210.0,2,"LAPAN, NASA",2,0.0815523904306683
2023,1495211.0,2,"LAPAN, NASA",2,0.08225140848014947
2023,1495213.0,2,"LAPAN, NASA",2,0.09477890015827356
2023,1495216.0,2,"LAPAN, NASA",2,0.09554850674023047
2023,1495217.0,2,"LAPAN, NASA",2,0.09377656370057952
2023,1495220.0,2,"LAPAN, NASA",2,0.09420484048219023
2023,1495221.0,2,"LAPAN, NASA",2,0.09432991001711721
2023,1495227.0,2,"LAPAN, NASA",2,0.0971883265873658
2023,1495228.0,2,"LAPAN, NASA",2,0.09689244653610385
2023,1495232.0,2,"LAPAN, NASA",2,0.09612795537448432
2023,1495236.0,2,"LAPAN, NASA",2,0.09695174843609713
2023,1495243.0,2,"LAPAN, NASA",2,0.10531621373682688
2023,1495244.0,2,"LAPAN, NASA",2,0.1067682026206207
2023,1495245.0,2,"LAPAN, NASA",2,0.10618585222486486
2023,1495246.0,2,"LAPAN, NASA",2,0.10641401102289984
2023,1495251.0,2,"LAPAN, NASA",2,0.106567695170034
2023,1495254.0,3,"LAPAN, NASA",2,0.07561798308545888
2023,1495256.0,2,"LAPAN, NASA",2,0.07817538834664356
2023,1495422.0,2,"LAPAN, NASA",2,0.08345955488918924
2023,1495424.0,2,"LAPAN, NASA",2,0.08454663274959257
2023,1495439.0,3,"LAPAN, NASA",2,0.10748900972041303
2023,1495445.0,2,"LAPAN, NASA",2,0.10561171686263374
2023,1495446.0,2,"LAPAN, NASA",2,0.10567496888344932
2023,1495447.0,2,"LAPAN, NASA",2,0.10569894192106352
2023,1495448.0,2,"LAPAN, NASA",2,0.10601858939453641
2023,1495449.0,2,"LAPAN, NASA",2,0.10534625561782743
2023,1495794.0,2,"LAPAN, NASA",2,0.1962483839484672
2023,1496027.0,2,"LAPAN, NASA",2,0.26172676664307687
2023,1496028.0,3,"LAPAN, NASA",2,0.2606736076307039
2023,1496031.0,3,"LAPAN, NASA",2,0.2600705001477857
2023,1496033.0,2,"LAPAN, NASA",2,0.21321498874362974
2023,1496034.0,2,"LAPAN, NASA",2,0.21406280831283372
2023,1496035.0,3,"LAPAN, NASA",2,0.2601276230055453
2023,1496037.0,2,"LAPAN, NASA",2,0.21260994848221113
2023,1496038.0,3,"LAPAN, NASA",2,0.26300773772134595
2023,1496040.0,3,"LAPAN, NASA",2,0.25256801765525944
2023,1496041.0,2,"LAPAN, NASA",2,0.20726211097758643
2023,1496043.0,2,"LAPAN, NASA",2,0.2620648361232973
2023,1496044.0,3,"LAPAN, NASA",2,0.263883683739242
2023,1496046.0,2,"LAPAN, NASA",2,0.20734663765586597
2023,1496047.0,2,"LAPAN, NASA",2,0.20426517467270255
2023,1496048.0,3,"LAPAN, NASA",2,0.2534614988148311
2023,1496049.0,3,"LAPAN, NASA",2,0.2525357584732287
2023,1496050.0,2,"LAPAN, NASA",2,0.2648441370078757
2023,1496051.0,2,"LAPAN, NASA",2,0.06391899577607699
2023,1496052.0,2,"LAPAN, NASA",2,0.06649689779818169
2023,1496053.0,3,"LAPAN, NASA",2,0.2523840259168265
2023,1496054.0,3,"LAPAN, NASA",2,0.263916083823654
2023,1496056.0,3,"LAPAN, NASA",2,0.25245259019560595
2023,1496057.0,2,"LAPAN, NASA",2,0.02293355039331437
2023,1496058.0,3,"LAPAN, NASA",2,0.26384662482589993
2023,1496059.0,2,"LAPAN, NASA",2,0.21746241938423788
2023,1496063.0,2,"LAPAN, NASA",2,0.019947565443984953
2023,1496067.0,2,"LAPAN, NASA",2,0.09143130497925893
2023,1496069.0,2,"LAPAN, NASA",2,0.13802823780338086
2023,1496070.0,2,"LAPAN, NASA",2,0.13816980565040285
2023,1496071.0,2,"LAPAN, NASA",2,0.09325763284048101
2023,1496072.0,2,"LAPAN, NASA",2,0.13295061786891588
2023,1496074.0,2,"LAPAN, NASA",2,0.1386065652044441
2023,1496076.0,2,"LAPAN, NASA",2,0.13870862247647328
2023,1496077.0,2,"LAPAN, NASA",2,0.13831644616155622
2023,1496078.0,2,"LAPAN, NASA",2,0.07625747912069547
2023,1496079.0,2,"LAPAN, NASA",2,0.07648244014681466
2023,1496080.0,2,"LAPAN, NASA",2,0.13942309555018167
2023,1496132.0,2,"LAPAN, NASA",2,0.1258176619095071
2023,1496142.0,2,"LAPAN, NASA",2,0.12807267626059662
2023,1496143.0,2,"LAPAN, NASA",2,0.1270494626638225
2023,1496168.0,3,"LAPAN, NASA",2,0.22413366741723414
2023,1496169.0,2,"LAPAN, NASA",2,0.12839552088505987
2023,1496178.0,2,"LAPAN, NASA",2,0.1288612645046867
2023,1496191.0,2,"LAPAN, NASA",2,0.24476509506250263
2023,1496192.0,2,"LAPAN, NASA",2,0.24642308473292313
2023,1496195.0,2,"LAPAN, NASA",2,0.24561379337970626
2023,1496198.0,3,"LAPAN, NASA",2,0.2456543128078019
2023,1496208.0,3,"LAPAN, NASA",2,0.24930003738560153
2023,1496213.0,3,"LAPAN, NASA",2,0.2493587424709354
2023,1496215.0,3,"LAPAN, NASA",2,0.2497840307557229
2023,1497095.0,2,"LAPAN, NASA",2,0.07721480023734212
2023,1497096.0,2,"LAPAN, NASA",2,0.06759250761042514
2023,1497097.0,2,"LAPAN, NASA",2,0.06766540285995713
2023,1497098.0,2,"LAPAN, NASA",2,0.06697198852773778
2023,1497099.0,2,"LAPAN, NASA",2,0.06679743412549552
2023,1497100.0,2,"LAPAN, NASA",2,0.06626315573610164
2023,1497101.0,2,"LAPAN, NASA",2,0.06552857174871433
2023,1497102.0,2,"LAPAN, NASA",2,0.06610923042018207
2023,1497103.0,2,"LAPAN, NASA",2,0.06551535473526562
2023,1497104.0,2,"LAPAN, NASA",2,0.06529659351622889
2023,1497105.0,2,"LAPAN, NASA",2,0.06445367595733455
2023,1497106.0,2,"LAPAN, NASA",2,0.06518194451155883
2023,1497108.0,2,"LAPAN, NASA",2,0.06283267967417132
2023,1497109.0,2,"LAPAN, NASA",2,0.08621655116491499
2023,1497110.0,2,"LAPAN, NASA",2,0.0853794039441464
2023,1497111.0,2,"LAPAN, NASA",2,0.08633105779412384
2023,1497112.0,2,"LAPAN, NASA",2,0.08593432053485638
2023,1497113.0,2,"LAPAN, NASA",2,0.08686484527010017
2023,1497160.0,2,"LAPAN, NASA",2,0.07621087015290767
2023,1497161.0,2,"LAPAN, NASA",2,0.07629336088924532
2023,1497162.0,2,"LAPAN, NASA",2,0.07642920960018888
2023,1497163.0,2,"LAPAN, NASA",2,0.08535788347746627
2023,1497164.0,2,"LAPAN, NASA",2,0.08689560677708057
2023,1497165.0,2,"LAPAN, NASA",2,0.08622788145649962
2023,1497186.0,2,"LAPAN, NASA",2,0.05464763313198413
2023,1497187.0,2,"LAPAN, NASA",2,0.055319534955665696
2023,1497188.0,2,"LAPAN, NASA",2,0.05551223561367495
2023,1498784.0,2,"LAPAN, NASA",2,0.045093913767600385
2023,1498791.0,2,"LAPAN, NASA",2,0.10262507658637711
2023,1498792.0,2,"LAPAN, NASA",2,0.10017144501028191
2023,1498793.0,2,"LAPAN, NASA",2,0.10031584252809225
2023,1498824.0,2,"LAPAN, NASA",2,0.10052968524939793
2023,1498827.0,2,"LAPAN, NASA",2,0.10218961007295606
2023,1498838.0,2,"LAPAN, NASA",2,0.14221836432247453
2023,1498845.0,2,"LAPAN, NASA",2,0.16689842500842736
2023,1498846.0,2,"LAPAN, NASA",2,0.16445531987071246
2023,1499244.0,2,"LAPAN, NASA",2,0.08098715107696068
2023,1499245.0,2,"LAPAN, NASA",2,0.08086473906997199
2023,1499246.0,2,"LAPAN, NASA",2,0.0810097410494481
2023,1499256.0,2,"LAPAN, NASA",2,0.08079757831826027
2023,1499257.0,2,"LAPAN, NASA",2,0.0636760601766867
2023,1499285.0,2,"LAPAN, NASA",2,0.07977374408562246
2023,1499297.0,2,"LAPAN, NASA",2,0.07159433207711377
2023,1499300.0,2,"LAPAN, NASA",2,0.07191312676676113
2023,1499305.0,2,"LAPAN, NASA",2,0.0721415724758363
2023,1499309.0,2,"LAPAN, NASA",2,0.07248049482427237
2023,1499375.0,2,"LAPAN, NASA",2,0.0827018577637722
2023,1499378.0,2,"LAPAN, NASA",2,0.08338365240785092
2023,1499379.0,2,"LAPAN, NASA",2,0.08454307096198622
2023,1499382.0,2,"LAPAN, NASA",2,0.06835004663505043
2023,1499383.0,2,"LAPAN, NASA",2,0.06822126030622605
2023,1499384.0,2,"LAPAN, NASA",2,0.06770805419301912
2023,1499385.0,2,"LAPAN, NASA",2,0.06852564627017327
2023,1499386.0,2,"LAPAN, NASA",2,0.06848652160169455
2023,1499402.0,2,"LAPAN, NASA",2,0.060969423937345425
2023,1499403.0,2,"LAPAN, NASA",2,0.06181651806705495
2023,1499404.0,2,"LAPAN, NASA",2,0.07920111378531766
2023,1499405.0,2,"LAPAN, NASA",2,0.0787709599479794
2023,1499406.0,2,"LAPAN, NASA",2,0.07933483657466515
2023,1499407.0,2,"LAPAN, NASA",2,0.07913903980053978
2023,1499409.0,2,"LAPAN, NASA",2,0.08008545536941282
2023,1499410.0,2,"LAPAN, NASA",2,0.07990361331899072
2023,1499411.0,2,"LAPAN, NASA",2,0.08007997485609329
2023,1499412.0,2,"LAPAN, NASA",2,0.07182259700846642
2023,1499420.0,2,"LAPAN, NASA",2,0.08995466425066835
2023,1499422.0,2,"LAPAN, NASA",2,0.08984268087832525
2023,1499423.0,2,"LAPAN, NASA",2,0.09048959305674087
2023,1499426.0,2,"LAPAN, NASA",2,0.08953515981354573
2023,1499428.0,2,"LAPAN, NASA",2,0.08999240884896312
2023,1499429.0,2,"LAPAN, NASA",2,0.08920100881252044
2023,1499432.0,2,"LAPAN, NASA",2,0.09019007577332272
2023,1499435.0,2,"LAPAN, NASA",2,0.08955189131631655
2023,1499436.0,2,"LAPAN, NASA",2,0.09083089133986076
2023,1499438.0,2,"LAPAN, NASA",2,0.08987877122884137
2023,1499441.0,2,"LAPAN, NASA",2,0.08924019144142949
2023,1499444.0,2,"LAPAN, NASA",2,0.07568055903317794
2023,1499492.0,2,"LAPAN, NASA",2,0.08402616477885165
2023,1499493.0,2,"LAPAN, NASA",2,0.08483535695428836
2023,1499495.0,2,"LAPAN, NASA",2,0.08495695826132917
2023,1499496.0,2,"LAPAN, NASA",2,0.08578908808088717
2023,1499497.0,2,"LAPAN, NASA",2,0.08596128129668196
2023,1499498.0,2,"LAPAN, NASA",2,0.08491297798167982
2023,1499499.0,2,"LAPAN, NASA",2,0.08517755528256991
2023,1499500.0,2,"LAPAN, NASA",2,0.08513186102062348
2023,1499501.0,2,"LAPAN, NASA",2,0.08502651903694455
2023,1499502.0,2,"LAPAN, NASA",2,0.08535216026430821
2023,1499503.0,2,"LAPAN, NASA",2,0.08696704186192844
2023,1499504.0,2,"LAPAN, NASA",2,0.08508669348961963
2023,1499505.0,2,"LAPAN, NASA",2,0.06425249029978808
2023,1499506.0,2,"LAPAN, NASA",2,0.06405180730346026
2023,1499507.0,2,"LAPAN, NASA",2,0.06423359654509243
2023,1499508.0,2,"LAPAN, NASA",2,0.06385547936863387
2023,1499509.0,2,"LAPAN, NASA",2,0.06374100839031295
2023,1499510.0,2,"LAPAN, NASA",2,0.06460714854101199
2023,1501043.0,2,"LAPAN, NASA",2,0.09665830870860107
2023,1501045.0,2,"LAPAN, NASA",2,0.09783182023275595
2023,1501053.0,2,"LAPAN, NASA",2,0.11353023408377419
2023,1501054.0,2,"LAPAN, NASA",2,0.11350952481600692
2023,1501055.0,2,"LAPAN, NASA",2,0.11353008197108969
2023,1501056.0,2,"LAPAN, NASA",2,0.115298372370268
2023,1501057.0,2,"LAPAN, NASA",2,0.11358146778006649
2023,1501058.0,2,"LAPAN, NASA",2,0.11521893479633799
2023,1501059.0,2,"LAPAN, NASA",2,0.11220077403520103
2023,1501060.0,2,"LAPAN, NASA",2,0.09130098972534768
2023,1501061.0,2,"LAPAN, NASA",2,0.11170139377948615
2023,1501062.0,2,"LAPAN, NASA",2,0.07829498253837368
2023,1501063.0,2,"LAPAN, NASA",2,0.08003529646719783
2023,1501064.0,2,"LAPAN, NASA",2,0.0797282260770983
2023,1501065.0,2,"LAPAN, NASA",2,0.08141297461647537
2023,1501066.0,2,"LAPAN, NASA",2,0.08202677010561167
2023,1501067.0,2,"LAPAN, NASA",2,0.08233986483528306
2023,1501069.0,2,"LAPAN, NASA",2,0.11782552508349729
2023,1501210.0,2,"LAPAN, NASA",2,0.21486328351693487
2023,1501211.0,2,"LAPAN, NASA",2,0.14374190318476449
2023,1501212.0,2,"LAPAN, NASA",2,0.14374278588036457
2023,1501213.0,2,"LAPAN, NASA",2,0.14382778812649022
2023,1501214.0,2,"LAPAN, NASA",2,0.14432671119725257
2023,1501215.0,2,"LAPAN, NASA",2,0.14361877519731345
2023,1501217.0,2,"LAPAN, NASA",2,0.1437601582555345
2023,1501218.0,2,"LAPAN, NASA",2,0.14474638709447749
2023,1501219.0,2,"LAPAN, NASA",2,0.1462719089413477
2023,1501220.0,2,"LAPAN, NASA",2,0.14513841981003017
2023,1501226.0,3,"LAPAN, NASA",2,0.22747424459801452
2023,1501228.0,2,"LAPAN, NASA",2,0.20909775463423558
2023,1501229.0,2,"LAPAN, NASA",2,0.2108521548815633
2023,1501836.0,2,"LAPAN, NASA",2,0.0851135771993485
2023,1501837.0,2,"LAPAN, NASA",2,0.08425616810326667
2023,1501838.0,2,"LAPAN, NASA",2,0.0843010892442737
2023,1501839.0,2,"LAPAN, NASA",2,0.08400649381153803
2023,1501840.0,2,"LAPAN, NASA",2,0.08458304434695901
2023,1501841.0,2,"LAPAN, NASA",2,0.0837330045757021
2023,1501842.0,2,"LAPAN, NASA",2,0.08506670567409527
2023,1501843.0,2,"LAPAN, NASA",2,0.08398798008914851
2023,1501844.0,2,"LAPAN, NASA",2,0.08478556674102322
2023,1501845.0,2,"LAPAN, NASA",2,0.08449948300057221
2023,1501846.0,2,"LAPAN, NASA",2,0.08400139939878774
2023,1501847.0,2,"LAPAN, NASA",2,0.08381509799291549
2023,1501848.0,2,"LAPAN, NASA",2,0.08407273314738421
2023,1501849.0,2,"LAPAN, NASA",2,0.08456182966223626
2023,1501850.0,2,"LAPAN, NASA",2,0.08527282148339475
2023,1501851.0,2,"LAPAN, NASA",2,0.08563047857041853
2023,1501852.0,2,"LAPAN, NASA",2,0.08400495124196218
2023,1501853.0,2,"LAPAN, NASA",2,0.08372240139478042
2023,1501854.0,2,"LAPAN, NASA",2,0.08394085722728065
2023,1501855.0,2,"LAPAN, NASA",2,0.08400030005540826
2023,1501856.0,2,"LAPAN, NASA",2,0.08446580337356159
2023,1501857.0,2,"LAPAN, NASA",2,0.08493542653569619
2023,1501858.0,2,"LAPAN, NASA",2,0.0852655240841548
2023,1501859.0,2,"LAPAN, NASA",2,0.08500439422587448
2023,1501860.0,2,"LAPAN, NASA",2,0.08445727868692043
2023,1501862.0,2,"LAPAN, NASA",2,0.08418054141539162
2023,1501863.0,2,"LAPAN, NASA",2,0.0845150175267375
2023,1501865.0,2,"LAPAN, NASA",2,0.08473610220117443
2023,1501866.0,2,"LAPAN, NASA",2,0.08398187884320145
2023,1501891.0,2,"LAPAN, NASA",2,0.07818458353654881
2023,1501894.0,2,"LAPAN, NASA",2,0.07761337251252329
2023,1501918.0,2,"LAPAN, NASA",2,0.08539591334410637
2023,1502987.0,2,"LAPAN, NASA",2,0.09825215817756595
2023,1502997.0,2,"LAPAN, NASA",2,0.09790911742360507
2023,1503015.0,2,"LAPAN, NASA",2,0.08199985720386206
2023,1503016.0,2,"LAPAN, NASA",2,0.12967399799015517
2023,1503022.0,2,"LAPAN, NASA",2,0.12287305609442915
2023,1503023.0,2,"LAPAN, NASA",2,0.12381343531771602
2023,1503024.0,2,"LAPAN, NASA",2,0.1231972750206272
2023,1503025.0,2,"LAPAN, NASA",2,0.12420852909127963
2023,1503026.0,2,"LAPAN, NASA",2,0.12409675473008018
2023,1503027.0,2,"LAPAN, NASA",2,0.12327674733141104
2023,1503028.0,2,"LAPAN, NASA",2,0.12337537940566268
2023,1503029.0,2,"LAPAN, NASA",2,0.12224112686628118
2023,1503030.0,2,"LAPAN, NASA",2,0.12308010870919847
2023,1503031.0,2,"LAPAN, NASA",2,0.12147382603222637
2023,1503032.0,2,"LAPAN, NASA",2,0.1228857403561312
2023,1503033.0,2,"LAPAN, NASA",2,0.07960974952293084
2023,1503034.0,2,"LAPAN, NASA",2,0.08033310117189786
2023,1503035.0,2,"LAPAN, NASA",2,0.07941626202917078
2023,1503036.0,2,"LAPAN, NASA",2,0.0799624686040074
2023,1503037.0,2,"LAPAN, NASA",2,0.07923111552220742
2023,1503038.0,2,"LAPAN, NASA",2,0.0795476119623322
2023,1503039.0,2,"LAPAN, NASA",2,0.07941152184281122
2023,1503040.0,2,"LAPAN, NASA",2,0.07969814371568794
2023,1503623.0,2,"LAPAN, NASA",2,0.07375256050084163
2023,1503627.0,2,"LAPAN, NASA",2,0.08364098123771811
2023,1503628.0,2,"LAPAN, NASA",2,0.08442721281259591
2023,1503644.0,2,"LAPAN, NASA",2,0.07378495200569003
2023,1503661.0,2,"LAPAN, NASA",2,0.07798940761022163
2023,1503662.0,2,"LAPAN, NASA",2,0.07539378362838735
2023,1503663.0,2,"LAPAN, NASA",2,0.07770053880583011
2023,1503665.0,2,"LAPAN, NASA",2,0.07714518348335235
2023,1503666.0,2,"LAPAN, NASA",2,0.07775601164735697
2023,1503667.0,2,"LAPAN, NASA",2,0.07729754854736956
2023,1503668.0,2,"LAPAN, NASA",2,0.08020241738499422
2023,1503676.0,2,"LAPAN, NASA",2,0.06262080749625543
2023,1503677.0,2,"LAPAN, NASA",2,0.06217147166885032
2023,1503686.0,2,"LAPAN, NASA",2,0.06709308878403918
2023,1503687.0,2,"LAPAN, NASA",2,0.06726729331214308
2023,1503694.0,2,"LAPAN, NASA",2,0.06382566620206166
2023,1503695.0,2,"LAPAN, NASA",2,0.06406165346409066
2023,1503717.0,2,"LAPAN, NASA",2,0.06650322817404977
2023,1503718.0,2,"LAPAN, NASA",2,0.06693487007094452
2023,1503719.0,2,"LAPAN, NASA",2,0.06717912397471995
2023,1503720.0,2,"LAPAN, NASA",2,0.06714735703582066
2023,1503729.0,2,"LAPAN, NASA",2,0.06631916982901251
2023,1503737.0,2,"LAPAN, NASA",2,0.07665049435486794
2023,1503738.0,2,"LAPAN, NASA",2,0.07545832873269159
2023,1503744.0,2,"LAPAN, NASA",2,0.07720731614500145
2023,1503745.0,2,"LAPAN, NASA",2,0.07570618047939069
2023,1504804.0,2,"LAPAN, NASA",2,0.08109214683891477
2023,1504805.0,2,"LAPAN, NASA",2,0.08085314182755884
2023,1504820.0,2,"LAPAN, NASA",2,0.0927566118670283
2023,1504821.0,2,"LAPAN, NASA",2,0.07057596292531694
2023,1504829.0,2,"LAPAN, NASA",2,0.08977168613794907
2023,1504831.0,2,"LAPAN, NASA",2,0.08796940673914964
2023,1504832.0,2,"LAPAN, NASA",2,0.0894181430723947
2023,1504842.0,2,"LAPAN, NASA",2,0.08891513341373126
2023,1504843.0,2,"LAPAN, NASA",2,0.08962675880094248
2023,1504844.0,2,"LAPAN, NASA",2,0.08958635526292175
2023,1504846.0,2,"LAPAN, NASA",2,0.07443805625306979
2023,1504859.0,2,"LAPAN, NASA",2,0.07049396981483178
2023,1504860.0,2,"LAPAN, NASA",2,0.07044228195577007
2023,1504861.0,2,"LAPAN, NASA",2,0.07053044880863477
2023,1504862.0,2,"LAPAN, NASA",2,0.07132734635162924
2023,1504863.0,2,"LAPAN, NASA",2,0.07164520602701595
2023,1504866.0,2,"LAPAN, NASA",2,0.071213288696738
2023,1504873.0,2,"LAPAN, NASA",2,0.08040229809100492
2023,1504874.0,2,"LAPAN, NASA",2,0.08148865928351992
2023,1504875.0,2,"LAPAN, NASA",2,0.0833362499474385
2023,1504881.0,2,"LAPAN, NASA",2,0.10026751464770169
2023,1505418.0,2,"LAPAN, NASA",2,0.15196839343518398
2023,1505419.0,2,"LAPAN, NASA",2,0.15744870802717148
2023,1505420.0,2,"LAPAN, NASA",2,0.1549300060589671
2023,1505421.0,2,"LAPAN, NASA",2,0.15572348393585703
2023,1505423.0,2,"LAPAN, NASA",2,0.15903791300015988
2023,1505424.0,2,"LAPAN, NASA",2,0.1589097774736327
2023,1505425.0,2,"LAPAN, NASA",2,0.15438219567922323
2023,1505426.0,2,"LAPAN, NASA",2,0.157990117700205
2023,1505427.0,2,"LAPAN, NASA",2,0.1577258576760566
2023,1505428.0,2,"LAPAN, NASA",2,0.1565974616300479
2023,1505456.0,2,"LAPAN, NASA",2,0.15424693323547978
2023,1505457.0,2,"LAPAN, NASA",2,0.15411929472115768
2023,1505458.0,2,"LAPAN, NASA",2,0.15345439228045207
2023,1505459.0,3,"LAPAN, NASA",2,0.15451348214147537
2023,1505460.0,3,"LAPAN, NASA",2,0.15619199024547809
2023,1505462.0,3,"LAPAN, NASA",2,0.15616619679794788
2023,1505463.0,3,"LAPAN, NASA",2,0.1548851893251093
2023,1505464.0,3,"LAPAN, NASA",2,0.15595904224684368
2023,1505465.0,3,"LAPAN, NASA",2,0.15507160789825503
2023,1505466.0,3,"LAPAN, NASA",2,0.15490003331651467
2023,1505475.0,2,"LAPAN, NASA",2,0.11586122315346035
2023,1505476.0,2,"LAPAN, NASA",2,0.11480822229898616
2023,1505477.0,2,"LAPAN, NASA",2,0.11294363048149093
2023,1505478.0,2,"LAPAN, NASA",2,0.1140450240950815
2023,1505479.0,2,"LAPAN, NASA",2,0.11072158769818631
2023,1505480.0,2,"LAPAN, NASA",2,0.11342217211657503
2023,1505481.0,2,"LAPAN, NASA",2,0.1098166404297195
2023,1505482.0,2,"LAPAN, NASA",2,0.145911223738317
2023,1505483.0,2,"LAPAN, NASA",2,0.1446504929669584
2023,1505484.0,2,"LAPAN, NASA",2,0.1463997677534274
2023,1505485.0,2,"LAPAN, NASA",2,0.14396707547728763
2023,1505486.0,2,"LAPAN, NASA",2,0.14521930293661142
2023,1505487.0,2,"LAPAN, NASA",2,0.14505791435765217
2023,1505488.0,2,"LAPAN, NASA",2,0.14490897817467457
2023,1505489.0,2,"LAPAN, NASA",2,0.14462350841611002
2023,1505490.0,2,"LAPAN, NASA",2,0.1463003651345124
2023,1505492.0,2,"LAPAN, NASA",2,0.0962350656567902
2023,1505493.0,2,"LAPAN, NASA",2,0.09489439728966492
2023,1505495.0,2,"LAPAN, NASA",2,0.09511178513310664
2023,1505496.0,2,"LAPAN, NASA",2,0.09411756554900892
2023,1505497.0,2,"LAPAN, NASA",2,0.09126600103865681
2023,1505498.0,2,"LAPAN, NASA",2,0.09222410728852064
2023,1505499.0,2,"LAPAN, NASA",2,0.09214931742882325
2023,1505500.0,2,"LAPAN, NASA",2,0.09309918217092739
2023,1505501.0,2,"LAPAN, NASA",2,0.09380084818675188
2023,1505502.0,2,"LAPAN, NASA",2,0.09166110498572928
2023,1505503.0,2,"LAPAN, NASA",2,0.15766692500462243
2023,1505504.0,2,"LAPAN, NASA",2,0.15861146241459245
2023,1505505.0,2,"LAPAN, NASA",2,0.15585160566635167
2023,1505506.0,2,"LAPAN, NASA",2,0.15816594323978017
2023,1505507.0,2,"LAPAN, NASA",2,0.15728987577422857
2023,1505508.0,2,"LAPAN, NASA",2,0.14887921943325227
2023,1505509.0,2,"LAPAN, NASA",2,0.15053886528620464
2023,1505510.0,2,"LAPAN, NASA",2,0.14889004619966414
2023,1505511.0,2,"LAPAN, NASA",2,0.09316810556516755
2023,1505512.0,2,"LAPAN, NASA",2,0.1491110020147254
2023,1505513.0,2,"LAPAN, NASA",2,0.1490860385854975
2023,1505514.0,2,"LAPAN, NASA",2,0.1495226204483455
2023,1505515.0,2,"LAPAN, NASA",2,0.1499909919312839
2023,1505516.0,2,"LAPAN, NASA",2,0.14925615664672767
2023,1505517.0,2,"LAPAN, NASA",2,0.14834870568466574
2023,1505518.0,2,"LAPAN, NASA",2,0.14916201694756734
2023,1505519.0,2,"LAPAN, NASA",2,0.15835840867469358
2023,1505520.0,2,"LAPAN, NASA",2,0.1561641977560419
2023,1505521.0,2,"LAPAN, NASA",2,0.14946925440086897
2023,1505522.0,2,"LAPAN, NASA",2,0.14949588054536542
2023,1505523.0,2,"LAPAN, NASA",2,0.1501186726631175
2023,1505524.0,2,"LAPAN, NASA",2,0.14870049143507433
2023,1505525.0,2,"LAPAN, NASA",2,0.1487645106487571
2023,1505526.0,2,"LAPAN, NASA",2,0.14829599682590733
2023,1505527.0,2,"LAPAN, NASA",2,0.1498967215699981
2023,1505528.0,2,"LAPAN, NASA",2,0.14901696176357807
2023,1505529.0,2,"LAPAN, NASA",2,0.14964832302940143
2023,1505530.0,2,"LAPAN, NASA",2,0.14991910871893663
2023,1505531.0,2,"LAPAN, NASA",2,0.1476011431534838
2023,1505532.0,2,"LAPAN, NASA",2,0.1481827781215868
2023,1505534.0,2,"LAPAN, NASA",2,0.1492144320550435
2023,1505583.0,2,"LAPAN, NASA",2,0.09240063685528001
2023,1505584.0,2,"LAPAN, NASA",2,0.09189994675735552
2023,1505585.0,2,"LAPAN, NASA",2,0.09147960466079248
2023,1505586.0,2,"LAPAN, NASA",2,0.09183946858502347
2023,1505587.0,2,"LAPAN, NASA",2,0.09113379096533251
2023,1505588.0,3,"LAPAN, NASA",2,0.1045105094562377
2023,1505589.0,2,"LAPAN, NASA",2,0.09213114121109381
2023,1505590.0,2,"LAPAN, NASA",2,0.09067142286652516
2023,1505591.0,2,"LAPAN, NASA",2,0.09111966702907622
2023,1505592.0,2,"LAPAN, NASA",2,0.09080948395155652
2023,1505593.0,3,"LAPAN, NASA",2,0.09989934719597025
2023,1505596.0,2,"LAPAN, NASA",2,0.14869952369167222
2023,1505598.0,2,"LAPAN, NASA",2,0.14912456872919233
2023,1505599.0,2,"LAPAN, NASA",2,0.1495233290611495
2023,1505600.0,2,"LAPAN, NASA",2,0.14964459749156198
2023,1505601.0,2,"LAPAN, NASA",2,0.1485411187300105
2023,1505602.0,2,"LAPAN, NASA",2,0.15021221791914896
2023,1505603.0,2,"LAPAN, NASA",2,0.14983534802144022
2023,1505849.0,2,"LAPAN, NASA",2,0.28468773674423764
2023,1505903.0,2,"LAPAN, NASA",2,0.36726244048432505
2023,1505927.0,2,"LAPAN, NASA",2,0.31317314339176994
2023,1505928.0,2,"LAPAN, NASA",2,0.3166154018985413
2023,1506342.0,2,"LAPAN, NASA",2,0.08611916643592388
2023,1506343.0,2,"LAPAN, NASA",2,0.08676617787654844
2023,1506344.0,2,"LAPAN, NASA",2,0.08549099913121228
2023,1506363.0,2,"LAPAN, NASA",2,0.08909812903652191
2023,1506394.0,2,"LAPAN, NASA",2,0.08599865491457755
2023,1506395.0,2,"LAPAN, NASA",2,0.0863102805545248
2023,1506397.0,2,"LAPAN, NASA",2,0.08559042771390704
2023,1506398.0,2,"LAPAN, NASA",2,0.08534921176892296
2023,1506401.0,2,"LAPAN, NASA",2,0.0853111798289111
2023,1506402.0,2,"LAPAN, NASA",2,0.08566661016372586
2023,1506403.0,2,"LAPAN, NASA",2,0.08574167126413
2023,1506404.0,2,"LAPAN, NASA",2,0.0853547393052936
2023,1506406.0,2,"LAPAN, NASA",2,0.08524593249371124
2023,1506407.0,2,"LAPAN, NASA",2,0.08506686903332643
2023,1506408.0,2,"LAPAN, NASA",2,0.0851905156856265
2023,1506409.0,2,"LAPAN, NASA",2,0.08525947628852493
2023,1506410.0,2,"LAPAN, NASA",2,0.08555821942723124
2023,1506411.0,2,"LAPAN, NASA",2,0.08562232973427085
2023,1506412.0,2,"LAPAN, NASA",2,0.0848270245903459
2023,1506416.0,3,"LAPAN, NASA",2,0.08589580880346431
2023,1506419.0,2,"LAPAN, NASA",2,0.06637890843906774
2023,1506420.0,2,"LAPAN, NASA",2,0.0662124006290453
2023,1506421.0,2,"LAPAN, NASA",2,0.06629684775364375
2023,1506433.0,2,"LAPAN, NASA",2,0.08723201916544356
2023,1506434.0,2,"LAPAN, NASA",2,0.06579927750486658
2023,1506502.0,2,"LAPAN, NASA",2,0.08444945608540717
2023,1506503.0,2,"LAPAN, NASA",2,0.08474156825781878
2023,1506504.0,2,"LAPAN, NASA",2,0.08454918481602146
2023,1506505.0,2,"LAPAN, NASA",2,0.08383667151234818
2023,1506564.0,2,"LAPAN, NASA",2,0.08468877455637054
2023,1506706.0,2,"LAPAN, NASA",2,0.15802218228428588
2023,1506714.0,2,"LAPAN, NASA",2,0.29238783494401654
2023,1506716.0,2,"LAPAN, NASA",2,0.29288124065182564
2023,1506729.0,3,"LAPAN, NASA",2,0.156399488115037
2023,1506730.0,3,"LAPAN, NASA",2,0.15771512243874775
2023,1506731.0,3,"LAPAN, NASA",2,0.15993600692294335
2023,1506732.0,3,"LAPAN, NASA",2,0.15798296430028316
2023,1507727.0,2,"LAPAN, NASA",2,0.18227280196771636
2023,1507728.0,2,"LAPAN, NASA",2,0.18237585821509414
2023,1507729.0,3,"LAPAN, NASA",2,0.44134924781441837
2023,1507730.0,4,"LAPAN, NASA",2,0.4406459545022997
2023,1507731.0,4,"LAPAN, NASA",2,0.44094934343366804
2023,1507734.0,2,"LAPAN, NASA",2,0.18316106344320468
2023,1507735.0,2,"LAPAN, NASA",2,0.1823418083556519
2023,1507736.0,2,"LAPAN, NASA",2,0.1822299144025946
2023,1507750.0,2,"LAPAN, NASA",2,0.44169310067271494
2023,1507751.0,2,"LAPAN, NASA",2,0.4419997452285076
2023,1509261.0,2,"LAPAN, NASA",2,0.1441219704809641
2023,1509262.0,2,"LAPAN, NASA",2,0.14373076094849258
2023,1509263.0,2,"LAPAN, NASA",2,0.1430778651687862
2023,1509264.0,2,"LAPAN, NASA",2,0.14331950734731058
2023,1509265.0,2,"LAPAN, NASA",2,0.14124738145942933
2023,1509266.0,2,"LAPAN, NASA",2,0.14379716307389578
2023,1509267.0,2,"LAPAN, NASA",2,0.14299068872694057
2023,1509268.0,2,"LAPAN, NASA",2,0.14299770395045117
2023,1509295.0,2,"LAPAN, NASA",2,0.10664778404336288
2023,1509296.0,2,"LAPAN, NASA",2,0.10822532933813915
2023,1509297.0,2,"LAPAN, NASA",2,0.10718851735438809
2023,1509298.0,2,"LAPAN, NASA",2,0.10738072849157766
2023,1509299.0,2,"LAPAN, NASA",2,0.11394786511170905
2023,1509300.0,2,"LAPAN, NASA",2,0.115196364974723
2023,1509301.0,2,"LAPAN, NASA",2,0.11518796999748569
2023,1509302.0,2,"LAPAN, NASA",2,0.15136844062843677
2023,1509303.0,2,"LAPAN, NASA",2,0.1518723727811023
2023,1509305.0,2,"LAPAN, NASA",2,0.14586822309980677
2023,1509306.0,2,"LAPAN, NASA",2,0.14601412428940716
2023,1509307.0,2,"LAPAN, NASA",2,0.1470029771992991
2023,1509308.0,2,"LAPAN, NASA",2,0.1515276356483815
2023,1509309.0,2,"LAPAN, NASA",2,0.14939591235571054
2023,1509310.0,2,"LAPAN, NASA",2,0.15294222325995357
2023,1509311.0,2,"LAPAN, NASA",2,0.09871292124319644
2023,1509312.0,2,"LAPAN, NASA",2,0.09880331377795176
2023,1509314.0,2,"LAPAN, NASA",2,0.09878756337561508
2023,1509317.0,2,"LAPAN, NASA",2,0.101473469332039
2023,1509321.0,2,"LAPAN, NASA",2,0.14213646931050078
2023,1509461.0,2,"LAPAN, NASA",2,0.0933317547989648
2023,1509474.0,2,"LAPAN, NASA",2,0.08115713236885677
2023,1509477.0,2,"LAPAN, NASA",2,0.08245293473296211
2023,1509479.0,2,"LAPAN, NASA",2,0.06972291284400463
2023,1509481.0,2,"LAPAN, NASA",2,0.09385582520738701
2023,1509482.0,2,"LAPAN, NASA",2,0.09448959692761104
2023,1509483.0,2,"LAPAN, NASA",2,0.0950102066261677
2023,1509484.0,2,"LAPAN, NASA",2,0.09443259763140993
2023,1509485.0,2,"LAPAN, NASA",2,0.0940926458877318
2023,1509486.0,2,"LAPAN, NASA",2,0.07248280005996384
2023,1509487.0,2,"LAPAN, NASA",2,0.07415390281572258
2023,1509488.0,2,"LAPAN, NASA",2,0.07259764806600268
2023,1509495.0,2,"LAPAN, NASA",2,0.09456744500527235
2023,1509496.0,2,"LAPAN, NASA",2,0.09382720848621552
2023,1509497.0,2,"LAPAN, NASA",2,0.0948337390172701
2023,1509498.0,2,"LAPAN, NASA",2,0.09427714580880896
2023,1509499.0,2,"LAPAN, NASA",2,0.09570135515976036
2023,1509500.0,2,"LAPAN, NASA",2,0.09450182032376517
2023,1510277.0,2,"LAPAN, NASA",2,0.1747291556647314
2023,1510279.0,2,"LAPAN, NASA",2,0.11123930698642442
2023,1510280.0,3,"LAPAN, NASA",2,0.22755824415115594
2023,1510281.0,3,"LAPAN, NASA",2,0.23245706824905862
2023,1510282.0,3,"LAPAN, NASA",2,0.22795174267467933
2023,1510283.0,3,"LAPAN, NASA",2,0.23213048234902112
2023,1510284.0,2,"LAPAN, NASA",2,0.10374452472323124
2023,1510431.0,2,"LAPAN, NASA",2,0.07243484179213694
2023,1510443.0,2,"LAPAN, NASA",2,0.08331409368890648
2023,1510447.0,2,"LAPAN, NASA",2,0.06314044777519215
2023,1510458.0,2,"LAPAN, NASA",2,0.08704720169983439
2023,1510459.0,2,"LAPAN, NASA",2,0.08618318897328539
2023,1510463.0,2,"LAPAN, NASA",2,0.08711716943276576
2023,1510465.0,2,"LAPAN, NASA",2,0.07952547658408447
2023,1510466.0,2,"LAPAN, NASA",2,0.07869746056716122
2023,1510468.0,2,"LAPAN, NASA",2,0.07850851998404385
2023,1510469.0,2,"LAPAN, NASA",2,0.07811469873744636
2023,1510470.0,2,"LAPAN, NASA",2,0.0784393734362145
2023,1510473.0,2,"LAPAN, NASA",2,0.07896152053981333
2023,1510474.0,2,"LAPAN, NASA",2,0.07823490298469678
2023,1510475.0,2,"LAPAN, NASA",2,0.07820621898590607
2023,1510476.0,2,"LAPAN, NASA",2,0.07869347969507456
2023,1510477.0,2,"LAPAN, NASA",2,0.07943821037084496
2023,1510481.0,2,"LAPAN, NASA",2,0.07485386433233585
2023,1510482.0,2,"LAPAN, NASA",2,0.0754955441994039
2023,1510483.0,2,"LAPAN, NASA",2,0.07477532574575768
2023,1510484.0,2,"LAPAN, NASA",2,0.07458498472162481
2023,1510485.0,2,"LAPAN, NASA",2,0.0749735051009987
2023,1510486.0,2,"LAPAN, NASA",2,0.07454033080329604
2023,1510487.0,2,"LAPAN, NASA",2,0.07476969569048024
2023,1510488.0,2,"LAPAN, NASA",2,0.07433728225787781
2023,1510489.0,2,"LAPAN, NASA",2,0.07454276960137121
2023,1510490.0,2,"LAPAN, NASA",2,0.07404465889968272
2023,1510491.0,2,"LAPAN, NASA",2,0.07361081041004115
2023,1510492.0,2,"LAPAN, NASA",2,0.07470937802465379
2023,1510493.0,2,"LAPAN, NASA",2,0.07404473975251516
2023,1510494.0,2,"LAPAN, NASA",2,0.07326760518415072
2023,1510495.0,2,"LAPAN, NASA",2,0.07337937680598759
2023,1510496.0,2,"LAPAN, NASA",2,0.07234077040639023
2023,1510497.0,2,"LAPAN, NASA",2,0.07278959738478259
2023,1510498.0,2,"LAPAN, NASA",2,0.07317030310027356
2023,1510499.0,2,"LAPAN, NASA",2,0.07303457016020169
2023,1510500.0,2,"LAPAN, NASA",2,0.07230131059585974
2023,1510501.0,2,"LAPAN, NASA",2,0.07217302506795546
2023,1510507.0,2,"LAPAN, NASA",2,0.09181232027599016
2023,1510508.0,2,"LAPAN, NASA",2,0.09081913252967741
2023,1510509.0,2,"LAPAN, NASA",2,0.09212350499995497
2023,1510513.0,2,"LAPAN, NASA",2,0.08753474948644013
2023,1510514.0,2,"LAPAN, NASA",2,0.08987463415218071
2023,1510515.0,2,"LAPAN, NASA",2,0.08955726756524504
2023,1510516.0,2,"LAPAN, NASA",2,0.0890854112142934
2023,1510517.0,2,"LAPAN, NASA",2,0.08854649558104537
2023,1510518.0,2,"LAPAN, NASA",2,0.08918241235151741
2023,1510519.0,2,"LAPAN, NASA",2,0.08916755975070323
2023,1510520.0,2,"LAPAN, NASA",2,0.08823489119179118
2023,1510521.0,2,"LAPAN, NASA",2,0.08980388612191528
2023,1510522.0,2,"LAPAN, NASA",2,0.0893741757335711
2023,1510523.0,2,"LAPAN, NASA",2,0.08865281226816386
2023,1510524.0,2,"LAPAN, NASA",2,0.08867982035710288
2023,1510525.0,2,"LAPAN, NASA",2,0.08826856341743826
2023,1510541.0,2,"LAPAN, NASA",2,0.0887334110790841
2023,1510542.0,2,"LAPAN, NASA",2,0.08914235101254132
2023,1510543.0,2,"LAPAN, NASA",2,0.08903050942301882
2023,1510544.0,2,"LAPAN, NASA",2,0.08912368162205993
2023,1510545.0,2,"LAPAN, NASA",2,0.08975177242443977
2023,1510546.0,2,"LAPAN, NASA",2,0.08880819496450652
2023,1510547.0,2,"LAPAN, NASA",2,0.08871003882965858
2023,1510548.0,2,"LAPAN, NASA",2,0.08856217460476949
2023,1510549.0,2,"LAPAN, NASA",2,0.08893688275016022
2023,1510555.0,2,"LAPAN, NASA",2,0.08846535152060493
2023,1510556.0,2,"LAPAN, NASA",2,0.08993941824934078
2023,1511036.0,2,"LAPAN, NASA",2,0.11043779698343222
2023,1511037.0,2,"LAPAN, NASA",2,0.1112538757890648
2023,1511038.0,2,"LAPAN, NASA",2,0.10980363158059536
2023,1511039.0,2,"LAPAN, NASA",2,0.17418094869574094
2023,1511041.0,2,"LAPAN, NASA",2,0.17524627437177973
2023,1511042.0,2,"LAPAN, NASA",2,0.11678247403223539
2023,1511043.0,2,"LAPAN, NASA",2,0.11626353602991281
2023,1511044.0,2,"LAPAN, NASA",2,0.17629425112927766
2023,1511046.0,2,"LAPAN, NASA",2,0.11074621159527956
2023,1511167.0,3,"LAPAN, NASA",2,0.20088020383910932
2023,1511169.0,2,"LAPAN, NASA",2,0.20737048437997366
2023,1511216.0,2,"LAPAN, NASA",2,0.3017076992278217
2023,1511217.0,3,"LAPAN, NASA",2,0.3015505465292153
2023,1511218.0,2,"LAPAN, NASA",2,0.285558116360315
2023,1511879.0,2,"LAPAN, NASA",2,0.3423340009959596
2023,1511881.0,3,"LAPAN, NASA",2,0.2738957663214854
2023,1511894.0,2,"LAPAN, NASA",2,0.1483692398231915
2023,1511896.0,2,"LAPAN, NASA",2,0.14805818414688438
2023,1511897.0,3,"LAPAN, NASA",2,0.1467192623875625
2023,1511899.0,3,"LAPAN, NASA",2,0.147196053055418
2023,1511900.0,2,"LAPAN, NASA",2,0.14595636981282267
2023,1511903.0,2,"LAPAN, NASA",2,0.24123709377986924
2023,1512881.0,2,"LAPAN, NASA",2,0.08963075986959053
2023,1512882.0,2,"LAPAN, NASA",2,0.09257832230822655
2023,1512883.0,2,"LAPAN, NASA",2,0.09179406397180384
2023,1512885.0,2,"LAPAN, NASA",2,0.0660982157117613
2023,1512888.0,2,"LAPAN, NASA",2,0.06815452499164361
2023,1512889.0,2,"LAPAN, NASA",2,0.10795819182128637
2023,1512895.0,2,"LAPAN, NASA",2,0.10665897526258263
2023,1512896.0,3,"LAPAN, NASA",2,0.10816249192036942
2023,1512899.0,2,"LAPAN, NASA",2,0.10906738724118205
2023,1513656.0,2,"LAPAN, NASA",2,0.06496005152685148
2023,1513669.0,2,"LAPAN, NASA",2,0.07918274746649587
2023,1513670.0,2,"LAPAN, NASA",2,0.07904125833865841
2023,1514425.0,2,"LAPAN, NASA",2,0.10727595581430963
2023,1514426.0,2,"LAPAN, NASA",2,0.08543330759124619
2023,1514511.0,2,"LAPAN, NASA",2,0.11463042650592999
2023,1514512.0,2,"LAPAN, NASA",2,0.11462276493858914
2023,1514513.0,2,"LAPAN, NASA",2,0.11359666853757819
2023,1514514.0,2,"LAPAN, NASA",2,0.11380838528244651
2023,1514515.0,2,"LAPAN, NASA",2,0.11419389776040963
2023,1514516.0,2,"LAPAN, NASA",2,0.11418804316896831
2023,1514517.0,2,"LAPAN, NASA",2,0.11411990535318399
2023,1514518.0,2,"LAPAN, NASA",2,0.11401843306029177
2023,1514519.0,2,"LAPAN, NASA",2,0.11331618287376907
2023,1514520.0,2,"LAPAN, NASA",2,0.11426325947029722
2023,1514521.0,2,"LAPAN, NASA",2,0.11490075241517111
2023,1514522.0,2,"LAPAN, NASA",2,0.11482863872784167
2023,1514527.0,2,"LAPAN, NASA",2,0.10923122254324441
2023,1514751.0,2,"LAPAN, NASA",2,0.1996770952400371
2023,1514757.0,2,"LAPAN, NASA",2,0.2726157444076729
2023,1514758.0,2,"LAPAN, NASA",2,0.17978346460615582
2023,1514759.0,2,"LAPAN, NASA",2,0.1795943172063672
2023,1515027.0,2,"LAPAN, NASA",2,0.09137885724427657
2023,1515028.0,2,"LAPAN, NASA",2,0.09070210726641204
2023,1515029.0,2,"LAPAN, NASA",2,0.0910822739263307
2023,1515031.0,2,"LAPAN, NASA",2,0.08433168151815468
2023,1515032.0,2,"LAPAN, NASA",2,0.08399631817091523
2023,1515035.0,2,"LAPAN, NASA",2,0.06445432302363867
2023,1515037.0,2,"LAPAN, NASA",2,0.07950217407980711
2023,1515038.0,2,"LAPAN, NASA",2,0.07997566721057514
2023,1515054.0,2,"LAPAN, NASA",2,0.07823187228021913
2023,1515055.0,2,"LAPAN, NASA",2,0.07951736117299855
2023,1515056.0,2,"LAPAN, NASA",2,0.07913595807885854
2023,1515057.0,2,"LAPAN, NASA",2,0.07780069554289804
2023,1515058.0,2,"LAPAN, NASA",2,0.06440247623891954
2023,1515059.0,2,"LAPAN, NASA",2,0.06410414674560462
2023,1515060.0,2,"LAPAN, NASA",2,0.06423067197225656
2023,1515061.0,2,"LAPAN, NASA",2,0.06391632671737515
2023,1515062.0,2,"LAPAN, NASA",2,0.06385414993675989
2023,1515164.0,2,"LAPAN, NASA",2,0.3861217546788172
2023,1516357.0,2,"LAPAN, NASA",2,0.08062037382715016
2023,1516358.0,2,"LAPAN, NASA",2,0.07957446611668195
2023,1517347.0,2,"LAPAN, NASA",2,0.09440281278334414
2023,1517348.0,2,"LAPAN, NASA",2,0.09545542071220096
2023,1517351.0,2,"LAPAN, NASA",2,0.09502671180228055
2023,1517664.0,2,"LAPAN, NASA",2,0.08622454053073313
2023,1518165.0,2,"LAPAN, NASA",2,0.09378990490788777
2023,1518166.0,2,"LAPAN, NASA",2,0.0946904606544134
2023,1518354.0,2,"LAPAN, NASA",2,0.07892915817262214
2023,1518763.0,2,"LAPAN, NASA",2,0.06711129714192433
2023,1518764.0,2,"LAPAN, NASA",2,0.08517633213628202
2023,1518765.0,2,"LAPAN, NASA",2,0.06885579998409357
2023,1518766.0,2,"LAPAN, NASA",2,0.06864019404754838
2023,1518767.0,2,"LAPAN, NASA",2,0.06272476694426742
2023,1518997.0,2,"LAPAN, NASA",2,0.10717676554386045
2023,1518998.0,2,"LAPAN, NASA",2,0.10669062902266119
2023,1518999.0,2,"LAPAN, NASA",2,0.08472239397560655
2023,1519516.0,2,"LAPAN, NASA",2,0.06963877733791506
2023,1519748.0,2,"LAPAN, NASA",2,0.09141802920037624
2023,1520652.0,2,"LAPAN, NASA",2,0.07872923570213208
2023,1520811.0,2,"LAPAN, NASA",2,0.24343870219389915
2023,1520815.0,2,"LAPAN, NASA",2,0.14090151010595542
2023,1521171.0,2,"LAPAN, NASA",2,0.07747990767374476
