Longitude,Latitude,Tgl_Hotspot,Sumber,Satellite,Status,Region,excel_row,sheet,customer_id,year,customer_index,sid,distance_km,delta_minutes,same_satellite,unknown_satellite,time_residual_minutes,candidate_count,satellite_name,utc
103.94884491,-1.87750923634,2019-08-16 00:00:00,LAPAN,Aqua,Fire inside Sitrep,SUMSEL MUBA,440,2019,2019:440,2019,438,906315,0.01929603136451069,363.0,False,False,-57.0,1,SNPP,2019-08-15 17:57:00
103.922775269,-1.84140777588,2019-08-16 00:00:00,LAPAN,Aqua,Fire inside Sitrep,SUMSEL MUBA,450,2019,2019:450,2019,448,906210,0.06319631427589104,363.0,False,False,-57.0,1,SNPP,2019-08-15 17:57:00
103.90999603,-1.85574853,2019-08-17 01:00:00,LAPAN,Terra,Fire inside Sitrep,SUMSEL MUBA,566,2019,2019:566,2019,564,16913,0.09278203876597718,374.0,False,False,-46.0,1,Aqua,2019-08-16 18:46:00
101.96125031,-0.96895462,2019-09-05 13:00:00,LAPAN,SNPP,Verified Fire,JAMBI SMF,1175,2019,2019:1175,2019,1173,273687,0.06842887496456658,409.0,False,False,-11.0,1,NOAA20,2019-09-05 06:11:00
103.681022644,-1.44728219509,2019-09-08 13:00:00,LAPAN,Aqua,Verified Fire,JAMBI SMF,1418,2019,2019:1418,2019,1416,976857,0.05534739185084673,414.0,False,False,-6.0,1,SNPP,2019-09-08 06:06:00
102.78954315,-1.41857708,2019-09-09 00:00:00,LAPAN,SNPP,Verified Fire,JAMBI SMF,1504,2019,2019:1504,2019,1502,291977,0.08161252145431526,364.0,False,False,-56.0,1,NOAA20,2019-09-08 17:56:00
103.24067688,-2.39960813522,2019-09-11 13:00:00,LAPAN,Aqua,Verified No fire,SUMSEL MUBA,2051,2019,2019:2051,2019,2049,1000714,0.07430192301595036,371.0,False,False,-49.0,1,SNPP,2019-09-11 06:49:00
102.795471191,-1.41144788265,2019-09-11 13:00:00,LAPAN,Aqua,Verified Fire,JAMBI SMF,2059,2019,2019:2059,2019,2057,1004289,0.06972889885387913,370.0,False,False,-50.0,1,SNPP,2019-09-11 06:50:00
101.911529541,-0.970069110394,2019-09-11 13:00:00,LAPAN,Aqua,Verified Fire,JAMBI SMF,2065,2019,2019:2065,2019,2063,1004074,0.08655445476949827,370.0,False,False,-50.0,1,SNPP,2019-09-11 06:50:00
103.768051147,-1.32570028305,2019-09-11 13:00:00,LAPAN,Aqua,Verified Fire,JAMBI SMF,2067,2019,2019:2067,2019,2065,1004437,0.08438827872477708,370.0,False,False,-50.0,1,SNPP,2019-09-11 06:50:00
103.322654724,-0.95420050621,2019-09-11 13:00:00,LAPAN,Aqua,Verified Fire,JAMBI SMF,2076,2019,2019:2076,2019,2074,1004197,0.01952161237080544,370.0,False,False,-50.0,1,SNPP,2019-09-11 06:50:00
103.781745911,-1.31188309193,2019-09-11 13:00:00,LAPAN,Aqua,Verified Fire,JAMBI SMF,2107,2019,2019:2107,2019,2105,1004394,0.08800456496880443,370.0,False,False,-50.0,1,SNPP,2019-09-11 06:50:00
103.866661072,-1.84988319874,2019-09-11 13:00:00,LAPAN,Aqua,Fire inside Sitrep,SUMSEL MUBA,2122,2019,2019:2122,2019,2120,1003255,0.04110976139135599,371.0,False,False,-49.0,1,SNPP,2019-09-11 06:49:00
104.104660034,-1.69675791264,2019-09-12 12:00:00,LAPAN,Aqua,Fire inside Sitrep,SUMSEL MUBA,2229,2019,2019:2229,2019,2227,324970,0.07504240551259514,381.0,False,False,-39.0,1,NOAA20,2019-09-12 05:39:00
105.33132935,-3.13709426,2019-09-16 13:00:00,LAPAN,Aqua,Verified Fire,SUMSEL,2739,2019,2019:2739,2019,2737,1053609,0.0901885921981805,365.0,False,False,-55.0,1,SNPP,2019-09-16 06:55:00
105.30086517,-2.68440008,2019-09-16 13:00:00,LAPAN,Aqua,Verified No fire,SUMSEL,2740,2019,2019:2740,2019,2738,1053503,0.0962251446410736,365.0,False,False,-55.0,1,SNPP,2019-09-16 06:55:00
103.5721817,-1.26628745,2019-09-20 00:00:00,LAPAN,SNPP,Verified Fire,JAMBI SMF,3202,2019,2019:3202,2019,3200,394632,0.034933360162300905,370.0,False,False,-50.0,1,NOAA20,2019-09-19 17:50:00
101.95819855,-1.07390845,2019-09-20 13:00:00,LAPAN,SNPP,Verified Fire,JAMBI SMF,3412,2019,2019:3412,2019,3410,55426,0.0685903219451511,365.0,False,False,-55.0,1,Aqua,2019-09-20 06:55:00
103.944541931,-1.95063555241,2019-09-20 13:00:00,LAPAN,Aqua,Fire inside Sitrep,SUMSEL MUBA,3462,2019,2019:3462,2019,3460,398198,0.04462430663719419,390.0,False,False,-30.0,1,NOAA20,2019-09-20 06:30:00
101.9582,-1.0739,2019-09-20 13:00:00,ASMC,NOAA20,Verified Fire,JAMBI SMF,3474,2019,2019:3474,2019,3472,55426,0.06763700587838174,365.0,False,False,-55.0,1,Aqua,2019-09-20 06:55:00
103.941856384,-1.9573379755,2019-09-22 13:00:00,LAPAN,Aqua,Fire inside Sitrep,SUMSEL MUBA,3999,2019,2019:3999,2019,3997,1102608,0.025581228179038254,377.0,False,False,-43.0,1,SNPP,2019-09-22 06:43:00
105.835,-3.85806,2019-09-24 13:00:00,LAPAN,SNPP,Verified Fire,SUMSEL,4265,2019,2019:4265,2019,4263,427919,0.09984878076322955,366.0,False,False,-54.0,1,NOAA20,2019-09-24 06:54:00
105.53516388,-3.86809611,2019-09-30 13:00:00,LAPAN,SNPP,Verified Fire,SUMSEL,4543,2019,2019:4543,2019,4541,447980,0.023499012488344524,378.0,False,False,-42.0,1,NOAA20,2019-09-30 06:42:00
103.78844452,-1.35804868,2019-10-05 13:00:00,LAPAN,SNPP,Verified Fire,JAMBI SMF,4979,2019,2019:4979,2019,4977,457541,0.06741073401746712,371.0,False,False,-49.0,1,NOAA20,2019-10-05 06:49:00
103.83621216,-1.34508383,2019-10-05 13:00:00,LAPAN,SNPP,Verified Fire,JAMBI SMF,5001,2019,2019:5001,2019,4999,457549,0.06168685402540823,371.0,False,False,-49.0,1,NOAA20,2019-10-05 06:49:00
104.26926422,-1.99122941,2019-10-07 00:00:00,LAPAN,SNPP,Verified Fire,SUMSEL MUBA,5070,2019,2019:5070,2019,5068,460123,0.03106462685472894,389.0,False,False,-31.0,1,NOAA20,2019-10-06 17:31:00
104.2833252,-1.99356937,2019-10-07 00:00:00,LAPAN,SNPP,Fire inside Sitrep,SUMSEL MUBA,5073,2019,2019:5073,2019,5071,460121,0.02332026497887424,389.0,False,False,-31.0,1,NOAA20,2019-10-06 17:31:00
105.513038635,-3.25830888748,2019-10-08 13:00:00,LAPAN,Aqua,Fire inside Sitrep,SUMSEL,5112,2019,2019:5112,2019,5110,1149566,0.0905144043688272,377.0,False,False,-43.0,1,SNPP,2019-10-08 06:43:00
105.6607132,-3.96828699,2019-10-10 13:00:00,LAPAN,SNPP,Verified Fire,SUMSEL,5242,2019,2019:5242,2019,5240,69409,0.06679147423956172,391.0,False,False,-29.0,1,Aqua,2019-10-10 06:29:00
104.311393738,-2.0263633728,2019-10-10 13:00:00,LAPAN,Aqua,Fire inside Sitrep,SUMSEL MUBA,5336,2019,2019:5336,2019,5334,468921,0.05947123544572564,365.0,False,False,-55.0,1,NOAA20,2019-10-10 06:55:00
103.95333099,-1.9374305,2019-10-11 00:00:00,LAPAN,SNPP,Fire inside Sitrep,SUMSEL MUBA,5370,2019,2019:5370,2019,5368,469450,0.05986483421383478,364.0,False,False,-56.0,1,NOAA20,2019-10-10 17:56:00
105.69591522,-3.68863606,2019-10-13 12:00:00,LAPAN,Aqua,Verified Fire,SUMSEL,5654,2019,2019:5654,2019,5652,475561,0.08891061262764387,362.0,False,False,-58.0,1,NOAA20,2019-10-13 05:58:00
104.05121613,-2.0093224,2019-10-13 12:00:00,LAPAN,Aqua,Verified Fire,SUMSEL MUBA,5806,2019,2019:5806,2019,5804,476549,0.037104482514192114,362.0,False,False,-58.0,1,NOAA20,2019-10-13 05:58:00
105.327575684,-3.14343476295,2019-10-13 13:00:00,LAPAN,Aqua,Fire inside Sitrep,SUMSEL,5882,2019,2019:5882,2019,5880,1162892,0.049441600846932506,371.0,False,False,-49.0,1,SNPP,2019-10-13 06:49:00
105.560661316,-3.82868385315,2019-10-13 13:00:00,LAPAN,Aqua,Fire inside Sitrep,SUMSEL,5944,2019,2019:5944,2019,5942,1162516,0.0907127975007412,371.0,False,False,-49.0,1,SNPP,2019-10-13 06:49:00
105.45905304,-3.71433520317,2019-10-13 13:00:00,LAPAN,Aqua,Verified Fire,SUMSEL,5951,2019,2019:5951,2019,5949,1162382,0.08445438886382395,371.0,False,False,-49.0,1,SNPP,2019-10-13 06:49:00
104.30979156,-2.04519749,2019-10-14 01:00:00,LAPAN,Aqua,Fire inside Sitrep,SUMSEL MUBA,5979,2019,2019:5979,2019,5977,478030,0.052224082909611856,380.0,False,False,-40.0,1,NOAA20,2019-10-13 18:40:00
104.31971741,-2.03916717,2019-10-14 01:00:00,LAPAN,Aqua,Fire inside Sitrep,SUMSEL MUBA,5982,2019,2019:5982,2019,5980,478017,0.047256514328377255,380.0,False,False,-40.0,1,NOAA20,2019-10-13 18:40:00
105.317,-2.6476,2019-10-15 13:00:00,ASMC,NOAA20,Verified Fire,SUMSEL,6263,2019,2019:6263,2019,6261,1173180,0.051891484305288456,409.0,False,False,-11.0,1,SNPP,2019-10-15 06:11:00
105.21569061,-3.03073692,2019-10-16 13:00:00,LAPAN,SNPP,Verified Fire,SUMSEL,6462,2019,2019:6462,2019,6460,489819,0.0768208963401311,378.0,False,False,-42.0,1,NOAA20,2019-10-16 06:42:00
104.04575348,-2.00708175,2019-10-17 00:00:00,LAPAN,SNPP,Verified Fire,SUMSEL MUBA,6492,2019,2019:6492,2019,6490,490266,0.061451848669278185,376.0,False,False,-44.0,1,NOAA20,2019-10-16 17:44:00
104.29801178,-2.00917816,2019-10-24 01:00:00,LAPAN,Terra,Fire inside Sitrep,SUMSEL MUBA,7204,2019,2019:7204,2019,7202,1203986,0.02733444052591265,417.0,False,False,-3.0,1,SNPP,2019-10-23 18:03:00
105.60388947,-3.77319455,2019-10-24 01:00:00,LAPAN,Terra,Verified Fire,SUMSEL,7224,2019,2019:7224,2019,7222,1204738,0.047854547251253016,416.0,False,False,-4.0,1,SNPP,2019-10-23 18:04:00
103.41047668,-2.43504834,2019-10-24 12:00:00,LAPAN,Aqua,Verified No fire,SUMSEL MUBA,7389,2019,2019:7389,2019,7387,520071,0.09795292533526516,368.0,False,False,-52.0,1,NOAA20,2019-10-24 05:52:00
105.5527,-3.8111,2019-10-31 13:00:00,ASMC,NOAA20,Verified Fire,SUMSEL,8291,2019,2019:8291,2019,8289,81207,0.040030601200127774,372.0,False,False,-48.0,1,Aqua,2019-10-31 06:48:00
105.78126526,-3.76338601,2019-11-06 01:00:00,LAPAN,SNPP,Verified Fire,SUMSEL,8641,2019,2019:8641,2019,8639,540094,0.05760280038341601,411.0,False,False,-9.0,1,NOAA20,2019-11-05 18:09:00
105.548187256,-2.80527663231,2019-11-11 01:00:00,LAPAN,Aqua,Verified No fire,SUMSEL,10292,2019,2019:10292,2019,10290,553198,0.040827124257149475,405.0,False,False,-15.0,1,NOAA20,2019-11-10 18:15:00
105.255,-2.94375,2019-11-11 13:00:00,LAPAN,SNPP,Verified Fire,SUMSEL,10422,2019,2019:10422,2019,10420,554930,0.08058924784711442,365.0,False,False,-55.0,1,NOAA20,2019-11-11 06:55:00
105.213,-3.06477,2019-11-11 13:00:00,LAPAN,SNPP,Verified Fire,SUMSEL,10423,2019,2019:10423,2019,10421,85433,0.06925150695692626,391.0,False,False,-29.0,1,Aqua,2019-11-11 06:29:00
105.612,-3.33798,2019-11-11 13:00:00,LAPAN,SNPP,Verified Fire,SUMSEL,10428,2019,2019:10428,2019,10426,85466,0.09741807621571082,391.0,False,False,-29.0,1,Aqua,2019-11-11 06:29:00
105.76,-3.53952,2019-11-11 13:00:00,LAPAN,SNPP,Verified Fire,SUMSEL,10508,2019,2019:10508,2019,10506,554738,0.0884636827495206,366.0,False,False,-54.0,1,NOAA20,2019-11-11 06:54:00
105.81130981,-3.8857522,2019-11-11 13:00:00,LAPAN,Aqua,Verified Fire,SUMSEL,10613,2019,2019:10613,2019,10611,1242856,0.07804052891831414,415.0,False,False,-5.0,1,SNPP,2019-11-11 06:05:00
105.75872803,-3.43602252,2019-11-29 13:00:00,LAPAN,SNPP,Verified Fire,SUMSEL,11227,2019,2019:11227,2019,11225,88820,0.048133453675846795,403.0,False,False,-17.0,1,Aqua,2019-11-29 06:17:00
103.10497,-0.8974,2023-02-14 10:00:00,NASA,Aqua,Verified No fire,JAMBI SMF,10,2023,2023:10,2023,11434,90884,0.0033354432474587466,416.0,False,False,-4.0,1,Terra,2023-02-14 03:04:00
105.41003,-3.13477,2023-03-08 10:00:00,NASA,Aqua,Verified No fire,SUMSEL,74,2023,2023:74,2023,11498,91164,0.004714079452755688,396.0,False,False,-24.0,1,Terra,2023-03-08 03:24:00
103.48235,-1.08476,2023-03-20 10:00:00,NASA,Aqua,Verified No fire,JAMBI SMF,213,2023,2023:213,2023,11637,91468,0.007119181071679829,396.0,False,False,-24.0,1,Terra,2023-03-20 03:24:00
105.56316,-2.76191,2023-03-22 10:00:00,NASA,Aqua,Verified No fire,SUMSEL,216,2023,2023:216,2023,11640,91489,0.004579678454220157,411.0,False,False,-9.0,1,Terra,2023-03-22 03:09:00
105.55409,-2.7606,2023-03-22 10:00:00,NASA,Aqua,Verified No fire,SUMSEL,217,2023,2023:217,2023,11641,91488,0.001110660375593119,411.0,False,False,-9.0,1,Terra,2023-03-22 03:09:00
105.52071,-2.97681,2023-03-22 10:00:00,NASA,Aqua,Verified No fire,SUMSEL,218,2023,2023:218,2023,11642,91491,0.001571475304066997,411.0,False,False,-9.0,1,Terra,2023-03-22 03:09:00
105.563293457,-2.76173400879,2023-03-22 10:00:00,LAPAN,Aqua,Verified No fire,SUMSEL,219,2023,2023:219,2023,11643,91489,0.02117588035565964,411.0,False,False,-9.0,1,Terra,2023-03-22 03:09:00
105.51163,-2.97548,2023-03-22 10:00:00,NASA,Aqua,Verified No fire,SUMSEL,220,2023,2023:220,2023,11644,91490,0.0040054544377032195,411.0,False,False,-9.0,1,Terra,2023-03-22 03:09:00
103.63507,-1.27025,2023-04-18 10:00:00,NASA,Aqua,Verified No fire,JAMBI SMF,378,2023,2023:378,2023,11802,92104,0.006483309890481224,386.0,False,False,-34.0,1,Terra,2023-04-18 03:34:00
103.48782,-1.06959,2023-05-14 10:00:00,NASA,Aqua,Verified No fire,JAMBI SMF,555,2023,2023:555,2023,11979,92848,0.0024860510027741502,402.0,False,False,-18.0,1,Terra,2023-05-14 03:18:00
105.38947,-3.07572,2023-05-26 10:00:00,NASA,Aqua,Verified No fire,SUMSEL,629,2023,2023:629,2023,12053,93356,0.004005198292331971,402.0,False,False,-18.0,1,Terra,2023-05-26 03:18:00
105.55302,-2.76403,2023-05-28 10:00:00,NASA,Aqua,Verified No fire,SUMSEL,635,2023,2023:635,2023,12059,93451,0.004007761069050618,418.0,False,False,-2.0,1,Terra,2023-05-28 03:02:00
105.55302,-2.76404,2023-05-28 10:00:00,NASA,Aqua,Verified No fire,SUMSEL,636,2023,2023:636,2023,12060,93451,0.004971638648702815,418.0,False,False,-2.0,1,Terra,2023-05-28 03:02:00
105.38942,-3.07653,2023-06-02 10:00:00,NASA,Aqua,Verified No fire,SUMSEL,686,2023,2023:686,2023,12110,93720,0.004007418601506724,410.0,False,False,-10.0,1,Terra,2023-06-02 03:10:00
105.38941,-3.07653,2023-06-02 10:00:00,NASA,Aqua,Verified No fire,SUMSEL,688,2023,2023:688,2023,12112,93720,0.00351579072545066,410.0,False,False,-10.0,1,Terra,2023-06-02 03:10:00
103.47004,-1.07006,2023-06-24 10:00:00,NASA,Aqua,Verified No fire,JAMBI SMF,919,2023,2023:919,2023,12343,94927,0.006289595146636988,395.0,False,False,-25.0,1,Terra,2023-06-24 03:25:00
105.31553,-3.05487,2023-06-29 10:00:00,NASA,Aqua,Verified No fire,SUMSEL,966,2023,2023:966,2023,12390,95233,0.0047142569114924536,387.0,False,False,-33.0,1,Terra,2023-06-29 03:33:00
105.30865,-3.05644,2023-06-29 10:00:00,NASA,Aqua,Verified No fire,SUMSEL,967,2023,2023:967,2023,12391,95232,0.007113785216712882,387.0,False,False,-33.0,1,Terra,2023-06-29 03:33:00
105.33289,-3.04808,2023-07-01 10:00:00,NASA,Aqua,Verified No fire,SUMSEL,988,2023,2023:988,2023,12412,95332,0.002485694456152788,404.0,False,False,-16.0,1,Terra,2023-07-01 03:16:00
103.63146,-1.29153,2023-07-05 09:00:00,NASA,Aqua,Verified No fire,JAMBI SMF,1031,2023,2023:1031,2023,12455,95454,0.005558850110979432,377.0,False,False,-43.0,1,Terra,2023-07-05 02:43:00
105.30537,-3.05228,2023-08-04 10:00:00,NASA,Aqua,Verified No fire,SUMSEL,1250,2023,2023:1250,2023,12674,100150,0.004005258908391517,390.0,False,False,-30.0,1,Terra,2023-08-04 03:30:00
105.50507,-2.93055,2023-08-04 10:00:00,NASA,Aqua,Verified No fire,SUMSEL,1251,2023,2023:1251,2023,12675,100149,0.006481488268876165,390.0,False,False,-30.0,1,Terra,2023-08-04 03:30:00
103.13768,-0.9092,2023-08-11 10:00:00,NASA,Aqua,Verified No fire,JAMBI SMF,1416,2023,2023:1416,2023,12840,102476,0.0022236216087037184,399.0,False,False,-21.0,1,Terra,2023-08-11 03:21:00
105.928443909,-3.84285378456,2023-08-13 22:00:00,LAPAN,Aqua,Fire inside Sitrep,SUMSEL,1473,2023,2023:1473,2023,12897,103230,0.007713540513856384,397.0,False,False,-23.0,1,Terra,2023-08-13 15:23:00
105.92841,-3.8428,2023-08-13 22:00:00,NASA,Aqua,Fire inside Sitrep,SUMSEL,1474,2023,2023:1474,2023,12898,103230,0.0011094507849328894,397.0,False,False,-23.0,1,Terra,2023-08-13 15:23:00
105.49747,-2.95501,2023-08-15 09:00:00,NASA,Aqua,Verified No fire,SUMSEL,1485,2023,2023:1485,2023,12909,103601,0.003512089487399741,372.0,False,False,-48.0,1,Terra,2023-08-15 02:48:00
105.39246,-3.06863,2023-08-18 10:00:00,NASA,Aqua,Verified No fire,SUMSEL,1515,2023,2023:1515,2023,12939,104535,0.005554653319144912,407.0,False,False,-13.0,1,Terra,2023-08-18 03:13:00
105.4458,-2.89263,2023-08-20 09:00:00,NASA,Aqua,Verified No fire,SUMSEL,1536,2023,2023:1536,2023,12960,105376,0.0033358524069832564,364.0,False,False,-56.0,1,Terra,2023-08-20 02:56:00
103.62453,-1.3827,2023-08-26 10:00:00,NASA,Aqua,Verified No fire,JAMBI SMF,1650,2023,2023:1650,2023,13074,106655,0.0033348810767328966,376.0,False,False,-44.0,1,Terra,2023-08-26 03:44:00
105.30062,-3.05102,2023-08-28 10:00:00,NASA,Aqua,Verified No fire,SUMSEL,1671,2023,2023:1671,2023,13095,106985,0.0031428436008845992,392.0,False,False,-28.0,1,Terra,2023-08-28 03:28:00
105.65825,-2.88262,2023-08-30 10:00:00,NASA,Aqua,Verified No fire,SUMSEL,1684,2023,2023:1684,2023,13108,107613,0.005981507118608923,408.0,False,False,-12.0,1,Terra,2023-08-30 03:12:00
105.27359,-2.85088,2023-09-01 09:00:00,NASA,Aqua,Fire inside Sitrep,SUMSEL,1735,2023,2023:1735,2023,13159,109274,0.002485782431005195,365.0,False,False,-55.0,1,Terra,2023-09-01 02:55:00
105.28263,-2.85221,2023-09-01 09:00:00,NASA,Aqua,Fire inside Sitrep,SUMSEL,1736,2023,2023:1736,2023,13160,109275,0.003512377075482666,365.0,False,False,-55.0,1,Terra,2023-09-01 02:55:00
103.42682,-2.25841,2023-09-01 09:00:00,NASA,Aqua,Verified No fire,SUMSEL MUBA,1737,2023,2023:1737,2023,13161,109273,0.0024848526880569257,365.0,False,False,-55.0,1,Terra,2023-09-01 02:55:00
105.30415,-3.05722,2023-09-02 10:00:00,NASA,Aqua,Verified No fire,SUMSEL,1809,2023,2023:1809,2023,13233,109851,0.005980692237929273,384.0,False,False,-36.0,1,Terra,2023-09-02 03:36:00
105.63377,-2.88385,2023-09-03 09:00:00,NASA,Aqua,Verified No fire,SUMSEL,1843,2023,2023:1843,2023,13267,111236,0.006481559075375873,381.0,False,False,-39.0,1,Terra,2023-09-03 02:39:00
103.43273,-2.2838,2023-09-03 21:00:00,NASA,Aqua,Verified No fire,SUMSEL MUBA,1852,2023,2023:1852,2023,13276,111595,0.0033332027486030705,362.0,False,False,-58.0,1,Terra,2023-09-03 14:58:00
102.97455,-1.00931,2023-09-04 10:00:00,NASA,Aqua,Verified Fire,JAMBI SMF,1876,2023,2023:1876,2023,13300,111722,0.005669012983695974,401.0,False,False,-19.0,1,Terra,2023-09-04 03:19:00
105.29944,-3.11931,2023-09-06 10:00:00,NASA,Aqua,Fire inside Sitrep,SUMSEL,1955,2023,2023:1955,2023,13379,112647,0.004578297745945643,417.0,False,False,-3.0,1,Terra,2023-09-06 03:03:00
105.29034,-3.11801,2023-09-06 10:00:00,NASA,Aqua,Fire inside Sitrep,SUMSEL,1956,2023,2023:1956,2023,13380,112646,0.004578303072499397,417.0,False,False,-3.0,1,Terra,2023-09-06 03:03:00
103.43901,-2.27624,2023-09-06 10:00:00,NASA,Aqua,Verified No fire,SUMSEL MUBA,1957,2023,2023:1957,2023,13381,112644,0.0045844778947216995,417.0,False,False,-3.0,1,Terra,2023-09-06 03:03:00
103.454307556,-2.22734236717,2023-09-08 22:00:00,LAPAN,Aqua,Verified No fire,SUMSEL MUBA,1983,2023,2023:1983,2023,13407,113191,0.018870888468616228,414.0,False,False,-6.0,1,Terra,2023-09-08 15:06:00
103.4544,-2.22722,2023-09-08 22:00:00,NASA,Aqua,Verified No fire,SUMSEL MUBA,1984,2023,2023:1984,2023,13408,113191,0.002223901604696773,414.0,False,False,-6.0,1,Terra,2023-09-08 15:06:00
105.48621,-2.95932,2023-09-09 10:00:00,NASA,Aqua,Verified No fire,SUMSEL,1998,2023,2023:1998,2023,13422,113235,0.002485734788702948,393.0,False,False,-27.0,1,Terra,2023-09-09 03:27:00
103.19276,-1.43483,2023-09-09 10:00:00,NASA,Aqua,Verified No fire,JAMBI SMF,1999,2023,2023:1999,2023,13423,113238,0.0055586384215532345,393.0,False,False,-27.0,1,Terra,2023-09-09 03:27:00
105.58514,-3.56886,2023-09-09 10:00:00,NASA,Aqua,Verified No fire,SUMSEL,2000,2023,2023:2000,2023,13424,113237,0.006284047299325537,393.0,False,False,-27.0,1,Terra,2023-09-09 03:27:00
105.51003,-2.9626,2023-09-09 10:00:00,NASA,Aqua,Verified No fire,SUMSEL,2001,2023,2023:2001,2023,13425,113240,0.003331393988550878,393.0,False,False,-27.0,1,Terra,2023-09-09 03:27:00
105.44298,-3.34435,2023-09-11 10:00:00,NASA,Aqua,Verified Fire,SUMSEL,2057,2023,2023:2057,2023,13481,113747,0.005986632736675096,409.0,False,False,-11.0,1,Terra,2023-09-11 03:11:00
105.39471,-3.06586,2023-09-13 09:00:00,NASA,Aqua,Verified No fire,SUMSEL,2122,2023,2023:2122,2023,13546,114114,0.004584304863925063,366.0,False,False,-54.0,1,Terra,2023-09-13 02:54:00
103.452537537,-2.29857683182,2023-09-13 22:00:00,LAPAN,Aqua,Verified No fire,SUMSEL MUBA,2150,2023,2023:2150,2023,13574,114423,0.009506944281981103,407.0,False,False,-13.0,1,Terra,2023-09-13 15:13:00
103.4525,-2.29847,2023-09-13 22:00:00,NASA,Aqua,Verified No fire,SUMSEL MUBA,2151,2023,2023:2151,2023,13575,114423,0.0033358524070239747,407.0,False,False,-13.0,1,Terra,2023-09-13 15:13:00
105.30371,-3.05312,2023-09-15 09:00:00,NASA,Aqua,Verified No fire,SUMSEL,2238,2023,2023:2238,2023,13662,114727,0.0024856921399371876,382.0,False,False,-38.0,1,Terra,2023-09-15 02:38:00
103.492683411,-2.27945375443,2023-09-15 21:00:00,LAPAN,Aqua,Verified No fire,SUMSEL MUBA,2387,2023,2023:2387,2023,13811,115052,0.029519522190332395,363.0,False,False,-57.0,1,Terra,2023-09-15 14:57:00
103.49294,-2.2793,2023-09-15 21:00:00,NASA,Aqua,Verified No fire,SUMSEL MUBA,2388,2023,2023:2388,2023,13812,115052,0.004444284236401925,363.0,False,False,-57.0,1,Terra,2023-09-15 14:57:00
103.47208,-2.29228,2023-09-15 21:00:00,NASA,Aqua,Verified No fire,SUMSEL MUBA,2389,2023,2023:2389,2023,13813,115051,0.0031438136972280132,363.0,False,False,-57.0,1,Terra,2023-09-15 14:57:00
103.471809387,-2.29243826866,2023-09-15 21:00:00,LAPAN,Aqua,Verified No fire,SUMSEL MUBA,2390,2023,2023:2390,2023,13814,115051,0.035762491333460135,363.0,False,False,-57.0,1,Terra,2023-09-15 14:57:00
105.38338,-3.69274,2023-09-16 10:00:00,NASA,Aqua,Fire inside Sitrep,SUMSEL,2444,2023,2023:2444,2023,13868,115140,0.004970731984719872,402.0,False,False,-18.0,1,Terra,2023-09-16 03:18:00
105.26798248,-3.12319207,2023-09-16 13:00:00,LAPAN,SNPP,Fire inside Sitrep,SUMSEL,2521,2023,2023:2521,2023,13945,690281,0.09714607899395483,408.0,False,False,-12.0,1,NOAA20,2023-09-16 06:12:00
105.65612,-3.58322,2023-09-18 10:00:00,NASA,Aqua,Verified Fire,SUMSEL,2670,2023,2023:2670,2023,14094,115570,0.0031419991428314905,418.0,False,False,-2.0,1,Terra,2023-09-18 03:02:00
105.44498,-3.32567,2023-09-18 22:00:00,NASA,Aqua,Fire inside Sitrep,SUMSEL,2681,2023,2023:2681,2023,14105,115743,0.004007119354860583,400.0,False,False,-20.0,1,Terra,2023-09-18 15:20:00
105.43003,-3.32793,2023-09-18 22:00:00,NASA,Aqua,Fire inside Sitrep,SUMSEL,2682,2023,2023:2682,2023,14106,115742,0.004713631630503476,400.0,False,False,-20.0,1,Terra,2023-09-18 15:20:00
105.22923,-3.11653,2023-09-18 22:00:00,NASA,Aqua,Fire inside Sitrep,SUMSEL,2683,2023,2023:2683,2023,14107,115749,0.004714120432237544,399.0,False,False,-21.0,1,Terra,2023-09-18 15:21:00
105.43864,-3.32744,2023-09-18 22:00:00,NASA,Aqua,Fire inside Sitrep,SUMSEL,2684,2023,2023:2684,2023,14108,115741,0.006284843752388633,400.0,False,False,-20.0,1,Terra,2023-09-18 15:20:00
105.38541,-3.27729,2023-09-18 22:00:00,NASA,Aqua,Fire inside Sitrep,SUMSEL,2685,2023,2023:2685,2023,14109,115745,0.001571250528489824,400.0,False,False,-20.0,1,Terra,2023-09-18 15:20:00
105.41357,-2.98416,2023-09-19 21:00:00,NASA,Aqua,Verified No fire,SUMSEL,2773,2023,2023:2773,2023,14197,115907,0.005557041034343571,397.0,False,False,-23.0,1,Terra,2023-09-19 14:23:00
105.413131714,-2.98435997963,2023-09-19 21:00:00,LAPAN,Aqua,Verified No fire,SUMSEL,2774,2023,2023:2774,2023,14198,115907,0.05495904787126398,397.0,False,False,-23.0,1,Terra,2023-09-19 14:23:00
105.3911,-3.28061,2023-09-20 09:00:00,NASA,Aqua,Fire inside Sitrep,SUMSEL,2802,2023,2023:2802,2023,14226,115943,0.0011119508022385384,375.0,False,False,-45.0,1,Terra,2023-09-20 02:45:00
105.44474,-2.88882,2023-09-20 09:00:00,NASA,Aqua,Verified No fire,SUMSEL,2803,2023,2023:2803,2023,14227,115959,0.004967740338874328,375.0,False,False,-45.0,1,Terra,2023-09-20 02:45:00
105.41039,-2.97679,2023-09-20 22:00:00,NASA,Aqua,Verified No fire,SUMSEL,2861,2023,2023:2861,2023,14285,116137,0.0015714753108809207,416.0,False,False,-4.0,1,Terra,2023-09-20 15:04:00
105.42067,-2.98448,2023-09-20 22:00:00,NASA,Aqua,Verified No fire,SUMSEL,2862,2023,2023:2862,2023,14286,116139,0.0040054317826781136,416.0,False,False,-4.0,1,Terra,2023-09-20 15:04:00
105.41939,-2.97553,2023-09-20 22:00:00,NASA,Aqua,Verified No fire,SUMSEL,2863,2023,2023:2863,2023,14287,116138,0.003515823404734077,416.0,False,False,-4.0,1,Terra,2023-09-20 15:04:00
105.44082,-2.87097,2023-09-21 10:00:00,NASA,Aqua,Verified No fire,SUMSEL,2898,2023,2023:2898,2023,14322,116212,0.00400764795521613,394.0,False,False,-26.0,1,Terra,2023-09-21 03:26:00
105.43253,-3.14452,2023-09-21 10:00:00,NASA,Aqua,Verified No fire,SUMSEL,2899,2023,2023:2899,2023,14323,116210,0.004005017547118893,394.0,False,False,-26.0,1,Terra,2023-09-21 03:26:00
105.242073059,-3.10576915741,2023-09-22 21:00:00,LAPAN,Aqua,Fire inside Sitrep,SUMSEL,3043,2023,2023:3043,2023,14467,117155,0.02350426978787128,373.0,False,False,-47.0,1,Terra,2023-09-22 14:47:00
105.235168457,-3.10395264626,2023-09-22 21:00:00,LAPAN,Aqua,Fire inside Sitrep,SUMSEL,3044,2023,2023:3044,2023,14468,117153,0.02239241171209231,373.0,False,False,-47.0,1,Terra,2023-09-22 14:47:00
105.23009,-3.10733,2023-09-22 21:00:00,NASA,Aqua,Fire inside Sitrep,SUMSEL,3045,2023,2023:3045,2023,14469,117156,0.0035157805423793645,373.0,False,False,-47.0,1,Terra,2023-09-22 14:47:00
105.23532,-3.1038,2023-09-22 21:00:00,NASA,Aqua,Fire inside Sitrep,SUMSEL,3046,2023,2023:3046,2023,14470,117153,0.002220639322206173,373.0,False,False,-47.0,1,Terra,2023-09-22 14:47:00
105.38416,-2.4314,2023-09-22 21:00:00,NASA,Aqua,Verified No fire,SUMSEL,3047,2023,2023:3047,2023,14471,117242,0.004443798991122195,372.0,False,False,-48.0,1,Terra,2023-09-22 14:48:00
105.229934692,-3.10748553276,2023-09-22 21:00:00,LAPAN,Aqua,Fire inside Sitrep,SUMSEL,3048,2023,2023:3048,2023,14472,117156,0.027613309850075828,373.0,False,False,-47.0,1,Terra,2023-09-22 14:47:00
105.24223,-3.10561,2023-09-22 21:00:00,NASA,Aqua,Fire inside Sitrep,SUMSEL,3049,2023,2023:3049,2023,14473,117155,0.003511649814723813,373.0,False,False,-47.0,1,Terra,2023-09-22 14:47:00
105.24763,-3.1058,2023-09-23 10:00:00,NASA,Aqua,Fire inside Sitrep,SUMSEL,3064,2023,2023:3064,2023,14488,117271,0.003330952675649851,411.0,False,False,-9.0,1,Terra,2023-09-23 03:09:00
105.23679,-3.10423,2023-09-23 10:00:00,NASA,Aqua,Fire inside Sitrep,SUMSEL,3065,2023,2023:3065,2023,14489,117270,0.0035157815722453986,411.0,False,False,-9.0,1,Terra,2023-09-23 03:09:00
105.231330872,-3.10470294952,2023-09-23 22:00:00,LAPAN,Aqua,Fire inside Sitrep,SUMSEL,3094,2023,2023:3094,2023,14518,117691,0.011949663193107604,392.0,False,False,-28.0,1,Terra,2023-09-23 15:28:00
105.23132,-3.10456,2023-09-23 22:00:00,NASA,Aqua,Fire inside Sitrep,SUMSEL,3095,2023,2023:3095,2023,14519,117691,0.004971336349630608,392.0,False,False,-28.0,1,Terra,2023-09-23 15:28:00
105.25208,-3.10146,2023-09-23 22:00:00,NASA,Aqua,Fire inside Sitrep,SUMSEL,3096,2023,2023:3096,2023,14520,117690,0.004971339259028049,392.0,False,False,-28.0,1,Terra,2023-09-23 15:28:00
103.49614,-1.04935,2023-09-25 09:00:00,NASA,Aqua,Verified No fire,JAMBI SMF,3191,2023,2023:3191,2023,14615,118224,0.007119493155732219,368.0,False,False,-52.0,1,Terra,2023-09-25 02:52:00
105.25753,-2.90678,2023-09-25 09:00:00,NASA,Aqua,Fire inside Sitrep,SUMSEL,3192,2023,2023:3192,2023,14616,118280,0.004005625133373209,367.0,False,False,-53.0,1,Terra,2023-09-25 02:53:00
105.25882,-2.8977,2023-09-25 09:00:00,NASA,Aqua,Fire inside Sitrep,SUMSEL,3193,2023,2023:3193,2023,14617,118278,0.0022210580976325858,367.0,False,False,-53.0,1,Terra,2023-09-25 02:53:00
105.26807,-2.89907,2023-09-25 09:00:00,NASA,Aqua,Fire inside Sitrep,SUMSEL,3194,2023,2023:3194,2023,14618,118279,0.004714589804509805,367.0,False,False,-53.0,1,Terra,2023-09-25 02:53:00
105.26679,-2.90814,2023-09-25 09:00:00,NASA,Aqua,Fire inside Sitrep,SUMSEL,3195,2023,2023:3195,2023,14619,118281,0.004584343509047154,367.0,False,False,-53.0,1,Terra,2023-09-25 02:53:00
105.237670898,-3.10218787193,2023-09-25 22:00:00,LAPAN,Aqua,Fire inside Sitrep,SUMSEL,3442,2023,2023:3442,2023,14866,118817,0.021138856910638004,408.0,False,False,-12.0,1,Terra,2023-09-25 15:12:00
105.227226257,-3.10367250443,2023-09-25 22:00:00,LAPAN,Aqua,Fire inside Sitrep,SUMSEL,3443,2023,2023:3443,2023,14867,118816,0.019401928469487018,408.0,False,False,-12.0,1,Terra,2023-09-25 15:12:00
105.22723,-3.10353,2023-09-25 22:00:00,NASA,Aqua,Fire inside Sitrep,SUMSEL,3444,2023,2023:3444,2023,14868,118816,0.004714149448330316,408.0,False,False,-12.0,1,Terra,2023-09-25 15:12:00
105.2182,-3.11461,2023-09-25 22:00:00,NASA,Aqua,Fire inside Sitrep,SUMSEL,3445,2023,2023:3445,2023,14869,118818,0.0011119508023871,408.0,False,False,-12.0,1,Terra,2023-09-25 15:12:00
105.2168,-3.10501,2023-09-25 22:00:00,NASA,Aqua,Fire inside Sitrep,SUMSEL,3446,2023,2023:3446,2023,14870,118815,0.0011119508023439517,408.0,False,False,-12.0,1,Terra,2023-09-25 15:12:00
105.460968018,-3.32658600807,2023-09-25 22:00:00,LAPAN,Aqua,Fire inside Sitrep,SUMSEL,3447,2023,2023:3447,2023,14871,118772,0.020985668860673424,409.0,False,False,-11.0,1,Terra,2023-09-25 15:11:00
105.20638,-3.10649,2023-09-25 22:00:00,NASA,Aqua,Fire inside Sitrep,SUMSEL,3448,2023,2023:3448,2023,14872,118814,0.0024834750708364424,408.0,False,False,-12.0,1,Terra,2023-09-25 15:12:00
105.206382751,-3.10663580894,2023-09-25 22:00:00,LAPAN,Aqua,Fire inside Sitrep,SUMSEL,3449,2023,2023:3449,2023,14873,118814,0.015222245997983875,408.0,False,False,-12.0,1,Terra,2023-09-25 15:12:00
105.548980713,-3.43597984314,2023-09-25 22:00:00,LAPAN,Aqua,Fire inside Sitrep,SUMSEL,3450,2023,2023:3450,2023,14874,118765,0.02011193112142181,409.0,False,False,-11.0,1,Terra,2023-09-25 15:11:00
105.54899,-3.43583,2023-09-25 22:00:00,NASA,Aqua,Fire inside Sitrep,SUMSEL,3451,2023,2023:3451,2023,14875,118765,0.0035156656602436994,409.0,False,False,-11.0,1,Terra,2023-09-25 15:11:00
105.23768,-3.10204,2023-09-25 22:00:00,NASA,Aqua,Fire inside Sitrep,SUMSEL,3452,2023,2023:3452,2023,14876,118817,0.004971338753229179,408.0,False,False,-12.0,1,Terra,2023-09-25 15:12:00
105.55978,-3.4343,2023-09-25 22:00:00,NASA,Aqua,Fire inside Sitrep,SUMSEL,3453,2023,2023:3453,2023,14877,118764,0.002219907799684766,409.0,False,False,-11.0,1,Terra,2023-09-25 15:11:00
105.216796875,-3.10515522957,2023-09-25 22:00:00,LAPAN,Aqua,Fire inside Sitrep,SUMSEL,3454,2023,2023:3454,2023,14878,118815,0.01726425156474189,408.0,False,False,-12.0,1,Terra,2023-09-25 15:12:00
105.46099,-3.32644,2023-09-25 22:00:00,NASA,Aqua,Fire inside Sitrep,SUMSEL,3455,2023,2023:3455,2023,14879,118772,0.004584236590171012,409.0,False,False,-11.0,1,Terra,2023-09-25 15:11:00
104.15852,-1.93903,2023-09-26 10:00:00,NASA,Aqua,Verified No fire,SUMSEL MUBA,3563,2023,2023:3563,2023,14987,118998,0.004008489423796888,387.0,False,False,-33.0,1,Terra,2023-09-26 03:33:00
103.49718,-1.04662,2023-09-26 10:00:00,NASA,Aqua,Verified No fire,JAMBI SMF,3564,2023,2023:3564,2023,14988,118997,0.0031448094707313442,387.0,False,False,-33.0,1,Terra,2023-09-26 03:33:00
105.21418,-3.11057,2023-09-27 09:00:00,NASA,Aqua,Fire inside Sitrep,SUMSEL,3774,2023,2023:3774,2023,15198,120189,0.004007379054863657,384.0,False,False,-36.0,1,Terra,2023-09-27 02:36:00
105.31586,-2.89893,2023-09-27 09:00:00,NASA,Aqua,Fire inside Sitrep,SUMSEL,3775,2023,2023:3775,2023,15199,120187,0.005555201631218122,384.0,False,False,-36.0,1,Terra,2023-09-27 02:36:00
105.68433,-2.77862,2023-09-27 09:00:00,NASA,Aqua,Verified No fire,SUMSEL,3776,2023,2023:3776,2023,15200,120185,0.004005932968112754,384.0,False,False,-36.0,1,Terra,2023-09-27 02:36:00
103.4717,-2.28838,2023-09-27 09:00:00,NASA,Aqua,Verified No fire,SUMSEL MUBA,3777,2023,2023:3777,2023,15201,120184,0.002223901604707803,384.0,False,False,-36.0,1,Terra,2023-09-27 02:36:00
105.24758,-3.11565,2023-09-27 09:00:00,NASA,Aqua,Fire inside Sitrep,SUMSEL,3778,2023,2023:3778,2023,15202,120190,0.005986818238342369,384.0,False,False,-36.0,1,Terra,2023-09-27 02:36:00
103.27412,-2.49068,2023-09-27 09:00:00,NASA,Aqua,Verified No fire,SUMSEL MUBA,3779,2023,2023:3779,2023,15203,120186,0.003143586580144544,384.0,False,False,-36.0,1,Terra,2023-09-27 02:36:00
103.47501,-2.28588,2023-09-27 21:00:00,NASA,Aqua,Verified No fire,SUMSEL MUBA,4395,2023,2023:4395,2023,15819,120734,0.002486001996461856,365.0,False,False,-55.0,1,Terra,2023-09-27 14:55:00
105.65489,-3.52461,2023-09-27 21:00:00,NASA,Aqua,Fire inside Sitrep,SUMSEL,4396,2023,2023:4396,2023,15820,120796,0.0015710493766103281,365.0,False,False,-55.0,1,Terra,2023-09-27 14:55:00
103.469177246,-2.28724098206,2023-09-27 21:00:00,LAPAN,Aqua,Verified No fire,SUMSEL MUBA,4397,2023,2023:4397,2023,15821,120733,0.0364768465088215,365.0,False,False,-55.0,1,Terra,2023-09-27 14:55:00
105.64562,-3.52591,2023-09-27 21:00:00,NASA,Aqua,Fire inside Sitrep,SUMSEL,4398,2023,2023:4398,2023,15822,120797,0.002482633081988225,365.0,False,False,-55.0,1,Terra,2023-09-27 14:55:00
105.31509,-2.89981,2023-09-27 21:00:00,NASA,Aqua,Fire inside Sitrep,SUMSEL,4399,2023,2023:4399,2023,15823,120760,0.001571529435118858,365.0,False,False,-55.0,1,Terra,2023-09-27 14:55:00
105.305580139,-2.90128302574,2023-09-27 21:00:00,LAPAN,Aqua,Fire inside Sitrep,SUMSEL,4400,2023,2023:4400,2023,15824,120759,0.02431800485202094,365.0,False,False,-55.0,1,Terra,2023-09-27 14:55:00
105.315002441,-2.89997386932,2023-09-27 21:00:00,LAPAN,Aqua,Fire inside Sitrep,SUMSEL,4401,2023,2023:4401,2023,15825,120760,0.022162141540608766,365.0,False,False,-55.0,1,Terra,2023-09-27 14:55:00
105.210205078,-3.09855532646,2023-09-27 21:00:00,LAPAN,Aqua,Fire inside Sitrep,SUMSEL,4402,2023,2023:4402,2023,15826,120770,0.02023327956057693,365.0,False,False,-55.0,1,Terra,2023-09-27 14:55:00
105.22113,-3.10627,2023-09-27 21:00:00,NASA,Aqua,Fire inside Sitrep,SUMSEL,4403,2023,2023:4403,2023,15827,120870,0.004714143275809551,365.0,False,False,-55.0,1,Terra,2023-09-27 14:55:00
105.229263306,-3.095911026,2023-09-27 21:00:00,LAPAN,Aqua,Fire inside Sitrep,SUMSEL,4404,2023,2023:4404,2023,15828,120768,0.013000457395557136,365.0,False,False,-55.0,1,Terra,2023-09-27 14:55:00
105.24017,-3.10362,2023-09-27 21:00:00,NASA,Aqua,Fire inside Sitrep,SUMSEL,4405,2023,2023:4405,2023,15829,120868,0.004005125477421262,365.0,False,False,-55.0,1,Terra,2023-09-27 14:55:00
105.240066528,-3.10378360748,2023-09-27 21:00:00,LAPAN,Aqua,Fire inside Sitrep,SUMSEL,4406,2023,2023:4406,2023,15830,120868,0.025227872027610978,365.0,False,False,-55.0,1,Terra,2023-09-27 14:55:00
105.230552673,-3.10510778427,2023-09-27 21:00:00,LAPAN,Aqua,Fire inside Sitrep,SUMSEL,4407,2023,2023:4407,2023,15831,120869,0.02369461915488198,365.0,False,False,-55.0,1,Terra,2023-09-27 14:55:00
105.23065,-3.10495,2023-09-27 21:00:00,NASA,Aqua,Fire inside Sitrep,SUMSEL,4408,2023,2023:4408,2023,15832,120869,0.0078569105103703,365.0,False,False,-55.0,1,Terra,2023-09-27 14:55:00
105.30566,-2.90112,2023-09-27 21:00:00,NASA,Aqua,Fire inside Sitrep,SUMSEL,4409,2023,2023:4409,2023,15833,120759,0.00496769721869521,365.0,False,False,-55.0,1,Terra,2023-09-27 14:55:00
105.211502075,-3.10775923729,2023-09-27 21:00:00,LAPAN,Aqua,Fire inside Sitrep,SUMSEL,4410,2023,2023:4410,2023,15834,120871,0.020778203523624063,365.0,False,False,-55.0,1,Terra,2023-09-27 14:55:00
105.219741821,-3.09723258018,2023-09-27 21:00:00,LAPAN,Aqua,Fire inside Sitrep,SUMSEL,4411,2023,2023:4411,2023,15835,120769,0.016095432878505223,365.0,False,False,-55.0,1,Terra,2023-09-27 14:55:00
105.21159,-3.1076,2023-09-27 21:00:00,NASA,Aqua,Fire inside Sitrep,SUMSEL,4412,2023,2023:4412,2023,15836,120871,0.0011103156668874747,365.0,False,False,-55.0,1,Terra,2023-09-27 14:55:00
105.44001,-2.44984,2023-09-27 21:00:00,NASA,Aqua,Verified Fire,SUMSEL,4413,2023,2023:4413,2023,15837,120745,0.004584444231409266,365.0,False,False,-55.0,1,Terra,2023-09-27 14:55:00
105.654808044,-3.52477049828,2023-09-27 21:00:00,LAPAN,Aqua,Fire inside Sitrep,SUMSEL,4414,2023,2023:4414,2023,15838,120796,0.021530999835096237,365.0,False,False,-55.0,1,Terra,2023-09-27 14:55:00
105.2103,-3.09839,2023-09-27 21:00:00,NASA,Aqua,Fire inside Sitrep,SUMSEL,4415,2023,2023:4415,2023,15839,120770,0.0011119508022585376,365.0,False,False,-55.0,1,Terra,2023-09-27 14:55:00
105.30695,-2.91028,2023-09-27 21:00:00,NASA,Aqua,Fire inside Sitrep,SUMSEL,4416,2023,2023:4416,2023,15840,120762,0.005981381125382833,365.0,False,False,-55.0,1,Terra,2023-09-27 14:55:00
105.221031189,-3.10643291473,2023-09-27 21:00:00,LAPAN,Aqua,Fire inside Sitrep,SUMSEL,4417,2023,2023:4417,2023,15841,120870,0.01663746511748793,365.0,False,False,-55.0,1,Terra,2023-09-27 14:55:00
103.46805,-2.277,2023-09-27 21:00:00,NASA,Aqua,Verified No fire,SUMSEL MUBA,4418,2023,2023:4418,2023,15842,120732,0.005555364165657813,365.0,False,False,-55.0,1,Terra,2023-09-27 14:55:00
103.467773438,-2.27719068527,2023-09-27 21:00:00,LAPAN,Aqua,Verified No fire,SUMSEL MUBA,4419,2023,2023:4419,2023,15843,120732,0.032912650358059556,365.0,False,False,-55.0,1,Terra,2023-09-27 14:55:00
105.22935,-3.09575,2023-09-27 21:00:00,NASA,Aqua,Fire inside Sitrep,SUMSEL,4420,2023,2023:4420,2023,15844,120768,0.007856944441390356,365.0,False,False,-55.0,1,Terra,2023-09-27 14:55:00
105.21983,-3.09707,2023-09-27 21:00:00,NASA,Aqua,Fire inside Sitrep,SUMSEL,4421,2023,2023:4421,2023,15845,120769,0.004714163754441375,365.0,False,False,-55.0,1,Terra,2023-09-27 14:55:00
105.645530701,-3.52606725693,2023-09-27 21:00:00,LAPAN,Aqua,Fire inside Sitrep,SUMSEL,4422,2023,2023:4422,2023,15846,120797,0.020125715952558396,365.0,False,False,-55.0,1,Terra,2023-09-27 14:55:00
105.439926147,-2.44999623299,2023-09-27 21:00:00,LAPAN,Aqua,Verified Fire,SUMSEL,4423,2023,2023:4423,2023,15847,120745,0.02331166760257224,365.0,False,False,-55.0,1,Terra,2023-09-27 14:55:00
103.46946,-2.28705,2023-09-27 21:00:00,NASA,Aqua,Verified No fire,SUMSEL MUBA,4424,2023,2023:4424,2023,15848,120733,0.0086805315059225,365.0,False,False,-55.0,1,Terra,2023-09-27 14:55:00
105.306869507,-2.91043591499,2023-09-27 21:00:00,LAPAN,Aqua,Fire inside Sitrep,SUMSEL,4425,2023,2023:4425,2023,15849,120762,0.015487806462569764,365.0,False,False,-55.0,1,Terra,2023-09-27 14:55:00
105.64873,-3.52548,2023-09-28 10:00:00,NASA,Aqua,Fire inside Sitrep,SUMSEL,4660,2023,2023:4660,2023,16084,121067,0.004003944458550672,403.0,False,False,-17.0,1,Terra,2023-09-28 03:17:00
105.22328949,-3.09705233574,2023-09-28 10:00:00,LAPAN,Aqua,Fire inside Sitrep,SUMSEL,4661,2023,2023:4661,2023,16085,121025,0.026688296976556773,403.0,False,False,-17.0,1,Terra,2023-09-28 03:17:00
105.3904953,-3.28140473366,2023-09-28 10:00:00,LAPAN,Aqua,Fire inside Sitrep,SUMSEL,4662,2023,2023:4662,2023,16086,121038,0.02413030405178379,403.0,False,False,-17.0,1,Terra,2023-09-28 03:17:00
105.23319,-3.13304,2023-09-28 10:00:00,NASA,Aqua,Fire inside Sitrep,SUMSEL,4663,2023,2023:4663,2023,16087,121028,0.004584287800258803,403.0,False,False,-17.0,1,Terra,2023-09-28 03:17:00
105.2288,-3.09799,2023-09-28 10:00:00,NASA,Aqua,Fire inside Sitrep,SUMSEL,4664,2023,2023:4664,2023,16088,121022,0.0011119508023799865,403.0,False,False,-17.0,1,Terra,2023-09-28 03:17:00
105.39025,-3.28153,2023-09-28 10:00:00,NASA,Aqua,Fire inside Sitrep,SUMSEL,4665,2023,2023:4665,2023,16089,121038,0.006475916321869474,403.0,False,False,-17.0,1,Terra,2023-09-28 03:17:00
105.43314,-3.31103,2023-09-28 10:00:00,NASA,Aqua,Fire inside Sitrep,SUMSEL,4666,2023,2023:4666,2023,16090,121040,0.005553816135431185,403.0,False,False,-17.0,1,Terra,2023-09-28 03:17:00
105.21255,-3.10713,2023-09-28 10:00:00,NASA,Aqua,Fire inside Sitrep,SUMSEL,4667,2023,2023:4667,2023,16091,121023,0.0064767246002390136,403.0,False,False,-17.0,1,Terra,2023-09-28 03:17:00
105.214332581,-3.09575200081,2023-09-28 10:00:00,LAPAN,Aqua,Fire inside Sitrep,SUMSEL,4668,2023,2023:4668,2023,16092,121021,0.030622064901400833,403.0,False,False,-17.0,1,Terra,2023-09-28 03:17:00
105.21409,-3.09587,2023-09-28 10:00:00,NASA,Aqua,Fire inside Sitrep,SUMSEL,4669,2023,2023:4669,2023,16093,121021,0.0035157843331851068,403.0,False,False,-17.0,1,Terra,2023-09-28 03:17:00
105.639076233,-3.55601263046,2023-09-28 10:00:00,LAPAN,Aqua,Fire inside Sitrep,SUMSEL,4670,2023,2023:4670,2023,16094,121068,0.021838448530202892,403.0,False,False,-17.0,1,Terra,2023-09-28 03:17:00
105.221740723,-3.1083240509,2023-09-28 10:00:00,LAPAN,Aqua,Fire inside Sitrep,SUMSEL,4671,2023,2023:4671,2023,16095,121026,0.03312330663225164,403.0,False,False,-17.0,1,Terra,2023-09-28 03:17:00
105.45401001,-3.34710669518,2023-09-28 10:00:00,LAPAN,Aqua,Fire inside Sitrep,SUMSEL,4672,2023,2023:4672,2023,16096,121042,0.025516701320441537,403.0,False,False,-17.0,1,Terra,2023-09-28 03:17:00
105.30264,-2.86725,2023-09-28 10:00:00,NASA,Aqua,Fire inside Sitrep,SUMSEL,4673,2023,2023:4673,2023,16097,121104,0.007116482005769407,403.0,False,False,-17.0,1,Terra,2023-09-28 03:17:00
105.31284,-2.90326,2023-09-28 10:00:00,NASA,Aqua,Fire inside Sitrep,SUMSEL,4674,2023,2023:4674,2023,16098,121106,0.00628610809022557,403.0,False,False,-17.0,1,Terra,2023-09-28 03:17:00
105.22726,-3.10926,2023-09-28 10:00:00,NASA,Aqua,Fire inside Sitrep,SUMSEL,4675,2023,2023:4675,2023,16099,121024,0.006285515461584825,403.0,False,False,-17.0,1,Terra,2023-09-28 03:17:00
105.22308,-3.09718,2023-09-28 10:00:00,NASA,Aqua,Fire inside Sitrep,SUMSEL,4676,2023,2023:4676,2023,16100,121025,0.003142775680873713,403.0,False,False,-17.0,1,Terra,2023-09-28 03:17:00
105.227516174,-3.10914063454,2023-09-28 10:00:00,LAPAN,Aqua,Fire inside Sitrep,SUMSEL,4677,2023,2023:4677,2023,16101,121024,0.02983492031786817,403.0,False,False,-17.0,1,Terra,2023-09-28 03:17:00
105.229042053,-3.09786725044,2023-09-28 10:00:00,LAPAN,Aqua,Fire inside Sitrep,SUMSEL,4678,2023,2023:4678,2023,16102,121022,0.03066263203034839,403.0,False,False,-17.0,1,Terra,2023-09-28 03:17:00
105.45382,-3.34724,2023-09-28 10:00:00,NASA,Aqua,Fire inside Sitrep,SUMSEL,4679,2023,2023:4679,2023,16103,121042,0.004971099639639842,403.0,False,False,-17.0,1,Terra,2023-09-28 03:17:00
105.22153,-3.10845,2023-09-28 10:00:00,NASA,Aqua,Fire inside Sitrep,SUMSEL,4680,2023,2023:4680,2023,16104,121026,0.006481207770075234,403.0,False,False,-17.0,1,Terra,2023-09-28 03:17:00
105.212799072,-3.10701155663,2023-09-28 10:00:00,LAPAN,Aqua,Fire inside Sitrep,SUMSEL,4681,2023,2023:4681,2023,16105,121023,0.024192396904829116,403.0,False,False,-17.0,1,Terra,2023-09-28 03:17:00
105.31941,-3.09943,2023-09-28 10:00:00,NASA,Aqua,Fire inside Sitrep,SUMSEL,4682,2023,2023:4682,2023,16106,121020,0.0035157831639642985,403.0,False,False,-17.0,1,Terra,2023-09-28 03:17:00
105.63887,-3.55614,2023-09-28 10:00:00,NASA,Aqua,Fire inside Sitrep,SUMSEL,4683,2023,2023:4683,2023,16107,121068,0.00555590252562507,403.0,False,False,-17.0,1,Terra,2023-09-28 03:17:00
103.51848,-2.02209,2023-09-28 10:00:00,NASA,Aqua,Verified No fire,SUMSEL MUBA,4684,2023,2023:4684,2023,16108,121014,0.0024851590254895005,403.0,False,False,-17.0,1,Terra,2023-09-28 03:17:00
105.233421326,-3.1329190731,2023-09-28 10:00:00,LAPAN,Aqua,Fire inside Sitrep,SUMSEL,4685,2023,2023:4685,2023,16109,121028,0.026169389214380268,403.0,False,False,-17.0,1,Terra,2023-09-28 03:17:00
105.23433,-3.09598,2023-09-28 22:00:00,NASA,Aqua,Fire inside Sitrep,SUMSEL,5261,2023,2023:5261,2023,16685,121975,0.004005145428248434,384.0,False,False,-36.0,1,Terra,2023-09-28 15:36:00
105.2047,-3.10045,2023-09-28 22:00:00,NASA,Aqua,Verified Fire,SUMSEL,5262,2023,2023:5262,2023,16686,121974,0.0055597540116696376,384.0,False,False,-36.0,1,Terra,2023-09-28 15:36:00
105.22231,-3.09513,2023-09-29 21:00:00,NASA,Aqua,Fire inside Sitrep,SUMSEL,5690,2023,2023:5690,2023,17114,122739,0.0035157845877123346,382.0,False,False,-38.0,1,Terra,2023-09-29 14:38:00
105.222076416,-3.09532308578,2023-09-29 21:00:00,LAPAN,Aqua,Fire inside Sitrep,SUMSEL,5691,2023,2023:5691,2023,17115,122739,0.035094570456848356,382.0,False,False,-38.0,1,Terra,2023-09-29 14:38:00
105.220397949,-3.08305311203,2023-09-29 21:00:00,LAPAN,Aqua,Fire inside Sitrep,SUMSEL,5692,2023,2023:5692,2023,17116,122736,0.028163282712465185,382.0,False,False,-38.0,1,Terra,2023-09-29 14:38:00
105.22062,-3.08286,2023-09-29 21:00:00,NASA,Aqua,Fire inside Sitrep,SUMSEL,5693,2023,2023:5693,2023,17117,122736,0.0049713566556422815,382.0,False,False,-38.0,1,Terra,2023-09-29 14:38:00
105.204299927,-3.0977833271,2023-09-29 21:00:00,LAPAN,Aqua,Fire inside Sitrep,SUMSEL,5694,2023,2023:5694,2023,17118,122738,0.030150303314960495,382.0,False,False,-38.0,1,Terra,2023-09-29 14:38:00
105.20454,-3.09759,2023-09-29 21:00:00,NASA,Aqua,Fire inside Sitrep,SUMSEL,5695,2023,2023:5695,2023,17119,122738,0.00457838639838361,382.0,False,False,-38.0,1,Terra,2023-09-29 14:38:00
105.21969,-3.09452,2023-09-30 10:00:00,NASA,Aqua,Fire inside Sitrep,SUMSEL,5832,2023,2023:5832,2023,17256,122969,0.002485672895378797,420.0,False,False,0.0,1,Terra,2023-09-30 03:00:00
105.22094,-3.08561,2023-09-30 10:00:00,NASA,Aqua,Fire inside Sitrep,SUMSEL,5833,2023,2023:5833,2023,17257,122968,0.004578435093886503,420.0,False,False,0.0,1,Terra,2023-09-30 03:00:00
105.21844,-3.10343,2023-09-30 10:00:00,NASA,Aqua,Fire inside Sitrep,SUMSEL,5834,2023,2023:5834,2023,17258,122970,0.005554537033985962,420.0,False,False,0.0,1,Terra,2023-09-30 03:00:00
105.71309,-2.93583,2023-09-30 10:00:00,NASA,Aqua,Verified No fire,SUMSEL,5835,2023,2023:5835,2023,17259,122966,0.0035158359530296705,420.0,False,False,0.0,1,Terra,2023-09-30 03:00:00
105.36121,-3.73313,2023-09-30 10:00:00,NASA,Aqua,Fire inside Sitrep,SUMSEL,5836,2023,2023:5836,2023,17260,122990,0.003515551789965529,420.0,False,False,0.0,1,Terra,2023-09-30 03:00:00
105.70399,-2.93452,2023-09-30 10:00:00,NASA,Aqua,Verified No fire,SUMSEL,5837,2023,2023:5837,2023,17261,122965,0.002485745842224527,420.0,False,False,0.0,1,Terra,2023-09-30 03:00:00
105.53499,-2.78063,2023-09-30 10:00:00,NASA,Aqua,Verified No fire,SUMSEL,5838,2023,2023:5838,2023,17262,122963,0.0035158833947525046,420.0,False,False,0.0,1,Terra,2023-09-30 03:00:00
105.22018,-3.10088,2023-09-30 22:00:00,NASA,Aqua,Fire inside Sitrep,SUMSEL,6019,2023,2023:6019,2023,17443,123344,0.003142770194551911,401.0,False,False,-19.0,1,Terra,2023-09-30 15:19:00
105.36034,-3.12714,2023-09-30 22:00:00,NASA,Aqua,Fire inside Sitrep,SUMSEL,6020,2023,2023:6020,2023,17444,123342,0.0062854622313168245,401.0,False,False,-19.0,1,Terra,2023-09-30 15:19:00
105.36807251,-3.12496709824,2023-09-30 22:00:00,LAPAN,Aqua,Fire inside Sitrep,SUMSEL,6021,2023,2023:6021,2023,17445,123343,0.020249689039148814,401.0,False,False,-19.0,1,Terra,2023-09-30 15:19:00
105.368,-3.12482,2023-09-30 22:00:00,NASA,Aqua,Fire inside Sitrep,SUMSEL,6022,2023,2023:6022,2023,17446,123343,0.0022239016046623813,401.0,False,False,-19.0,1,Terra,2023-09-30 15:19:00
105.23091,-3.07685,2023-09-30 22:00:00,NASA,Aqua,Fire inside Sitrep,SUMSEL,6023,2023,2023:6023,2023,17447,123347,0.00566954468843843,401.0,False,False,-19.0,1,Terra,2023-09-30 15:19:00
105.232528687,-3.08801150322,2023-09-30 22:00:00,LAPAN,Aqua,Fire inside Sitrep,SUMSEL,6024,2023,2023:6024,2023,17448,123345,0.01280121690926952,401.0,False,False,-19.0,1,Terra,2023-09-30 15:19:00
105.541542053,-3.43335318565,2023-09-30 22:00:00,LAPAN,Aqua,Fire inside Sitrep,SUMSEL,6025,2023,2023:6025,2023,17449,123313,0.01766146007705583,401.0,False,False,-19.0,1,Terra,2023-09-30 15:19:00
105.54153,-3.4332,2023-09-30 22:00:00,NASA,Aqua,Fire inside Sitrep,SUMSEL,6026,2023,2023:6026,2023,17450,123313,0.0033298655362557555,401.0,False,False,-19.0,1,Terra,2023-09-30 15:19:00
105.778381348,-3.61764764786,2023-09-30 22:00:00,LAPAN,Aqua,Fire inside Sitrep,SUMSEL,6027,2023,2023:6027,2023,17451,123303,0.016547682066598852,401.0,False,False,-19.0,1,Terra,2023-09-30 15:19:00
105.7784,-3.61748,2023-09-30 22:00:00,NASA,Aqua,Fire inside Sitrep,SUMSEL,6028,2023,2023:6028,2023,17452,123303,0.002223901604618992,401.0,False,False,-19.0,1,Terra,2023-09-30 15:19:00
105.79977,-3.61321,2023-09-30 22:00:00,NASA,Aqua,Fire inside Sitrep,SUMSEL,6029,2023,2023:6029,2023,17453,123300,0.0035100071790941357,401.0,False,False,-19.0,1,Terra,2023-09-30 15:19:00
105.23252,-3.08785,2023-09-30 22:00:00,NASA,Aqua,Fire inside Sitrep,SUMSEL,6030,2023,2023:6030,2023,17454,123345,0.005986839894752972,401.0,False,False,-19.0,1,Terra,2023-09-30 15:19:00
105.21856,-3.08989,2023-09-30 22:00:00,NASA,Aqua,Fire inside Sitrep,SUMSEL,6031,2023,2023:6031,2023,17455,123346,0.004578417692370538,401.0,False,False,-19.0,1,Terra,2023-09-30 15:19:00
105.37463,-3.12501,2023-09-30 22:00:00,NASA,Aqua,Verified No fire,SUMSEL,6032,2023,2023:6032,2023,17456,123341,0.0035115915884467975,401.0,False,False,-19.0,1,Terra,2023-09-30 15:19:00
105.47584,-3.32819,2023-09-30 22:00:00,NASA,Aqua,Fire inside Sitrep,SUMSEL,6033,2023,2023:6033,2023,17457,123316,0.0045774131507937315,401.0,False,False,-19.0,1,Terra,2023-09-30 15:19:00
105.7316,-3.61258,2023-09-30 22:00:00,NASA,Aqua,Fire inside Sitrep,SUMSEL,6034,2023,2023:6034,2023,17458,123304,0.002223901604610706,401.0,False,False,-19.0,1,Terra,2023-09-30 15:19:00
105.793495178,-3.61549186707,2023-09-30 22:00:00,LAPAN,Aqua,Fire inside Sitrep,SUMSEL,6035,2023,2023:6035,2023,17459,123302,0.021341384063019286,401.0,False,False,-19.0,1,Terra,2023-09-30 15:19:00
105.79352,-3.61533,2023-09-30 22:00:00,NASA,Aqua,Fire inside Sitrep,SUMSEL,6036,2023,2023:6036,2023,17460,123302,0.004006742352479763,401.0,False,False,-19.0,1,Terra,2023-09-30 15:19:00
105.21695,-3.07891,2023-09-30 22:00:00,NASA,Aqua,Fire inside Sitrep,SUMSEL,6037,2023,2023:6037,2023,17461,123348,0.005661989474286639,401.0,False,False,-19.0,1,Terra,2023-09-30 15:19:00
105.4775,-3.33935,2023-09-30 22:00:00,NASA,Aqua,Fire inside Sitrep,SUMSEL,6038,2023,2023:6038,2023,17462,123315,0.0055597540117351026,401.0,False,False,-19.0,1,Terra,2023-09-30 15:19:00
105.230903625,-3.07701230049,2023-09-30 22:00:00,LAPAN,Aqua,Fire inside Sitrep,SUMSEL,6039,2023,2023:6039,2023,17463,123347,0.012493747206183962,401.0,False,False,-19.0,1,Terra,2023-09-30 15:19:00
105.731575012,-3.61273908615,2023-09-30 22:00:00,LAPAN,Aqua,Fire inside Sitrep,SUMSEL,6040,2023,2023:6040,2023,17464,123304,0.015712332329531117,401.0,False,False,-19.0,1,Terra,2023-09-30 15:19:00
105.78465271,-3.61564159393,2023-09-30 22:00:00,LAPAN,Aqua,Fire inside Sitrep,SUMSEL,6041,2023,2023:6041,2023,17465,123301,0.016596137343116348,401.0,False,False,-19.0,1,Terra,2023-09-30 15:19:00
105.220184326,-3.10103845596,2023-09-30 22:00:00,LAPAN,Aqua,Fire inside Sitrep,SUMSEL,6042,2023,2023:6042,2023,17466,123344,0.015493672144439736,401.0,False,False,-19.0,1,Terra,2023-09-30 15:19:00
105.78468,-3.61548,2023-09-30 22:00:00,NASA,Aqua,Fire inside Sitrep,SUMSEL,6043,2023,2023:6043,2023,17467,123301,0.003141943578390214,401.0,False,False,-19.0,1,Terra,2023-09-30 15:19:00
105.477478027,-3.33951592445,2023-09-30 22:00:00,LAPAN,Aqua,Fire inside Sitrep,SUMSEL,6044,2023,2023:6044,2023,17468,123315,0.013118970932321675,401.0,False,False,-19.0,1,Terra,2023-09-30 15:19:00
105.218559265,-3.09005212784,2023-09-30 22:00:00,LAPAN,Aqua,Fire inside Sitrep,SUMSEL,6045,2023,2023:6045,2023,17469,123346,0.017510100261817756,401.0,False,False,-19.0,1,Terra,2023-09-30 15:19:00
105.216934204,-3.07906532288,2023-09-30 22:00:00,LAPAN,Aqua,Fire inside Sitrep,SUMSEL,6046,2023,2023:6046,2023,17470,123348,0.018771294978744447,401.0,False,False,-19.0,1,Terra,2023-09-30 15:19:00
105.23852,-3.08053,2023-10-01 21:00:00,NASA,Aqua,Verified No fire,SUMSEL,6453,2023,2023:6453,2023,17877,123871,0.0040074139792637435,398.0,False,False,-22.0,1,Terra,2023-10-01 14:22:00
105.2004,-3.0856,2023-10-01 21:00:00,NASA,Aqua,Fire inside Sitrep,SUMSEL,6454,2023,2023:6454,2023,17878,123872,0.0,398.0,False,False,-22.0,1,Terra,2023-10-01 14:22:00
105.2206,-3.08391,2023-10-02 09:00:00,NASA,Aqua,Fire inside Sitrep,SUMSEL,6664,2023,2023:6664,2023,18088,124145,0.0011119508023845922,376.0,False,False,-44.0,1,Terra,2023-10-02 02:44:00
105.23264,-3.08572,2023-10-02 09:00:00,NASA,Aqua,Verified No fire,SUMSEL,6665,2023,2023:6665,2023,18089,124146,0.0049670280625672605,376.0,False,False,-44.0,1,Terra,2023-10-02 02:44:00
105.22207,-3.07364,2023-10-02 09:00:00,NASA,Aqua,Fire inside Sitrep,SUMSEL,6666,2023,2023:6666,2023,18090,124143,0.0055568760903994,376.0,False,False,-44.0,1,Terra,2023-10-02 02:44:00
105.23411,-3.07545,2023-10-02 09:00:00,NASA,Aqua,Verified No fire,SUMSEL,6667,2023,2023:6667,2023,18091,124144,0.005669544974277926,376.0,False,False,-44.0,1,Terra,2023-10-02 02:44:00
106.02883,-3.23829,2023-10-02 22:00:00,NASA,Aqua,Fire inside Sitrep,SUMSEL,6745,2023,2023:6745,2023,18169,124512,0.003511244343252188,418.0,False,False,-2.0,1,Terra,2023-10-02 15:02:00
103.46335,-2.2903,2023-10-02 22:00:00,NASA,Aqua,Verified No fire,SUMSEL MUBA,6746,2023,2023:6746,2023,18170,124556,0.005555312740721532,417.0,False,False,-3.0,1,Terra,2023-10-02 15:03:00
103.22602,-2.47962,2023-10-02 22:00:00,NASA,Aqua,Fire inside Sitrep,SUMSEL MUBA,6747,2023,2023:6747,2023,18171,124549,0.003143599760757578,417.0,False,False,-3.0,1,Terra,2023-10-02 15:03:00
103.41453,-2.27861,2023-10-02 22:00:00,NASA,Aqua,Verified No fire,SUMSEL MUBA,6748,2023,2023:6748,2023,18172,124554,0.003513795013715242,417.0,False,False,-3.0,1,Terra,2023-10-02 15:03:00
105.72893,-3.61232,2023-10-02 22:00:00,NASA,Aqua,Fire inside Sitrep,SUMSEL,6749,2023,2023:6749,2023,18173,124499,0.004003682807025677,418.0,False,False,-2.0,1,Terra,2023-10-02 15:02:00
105.78403,-3.61367,2023-10-02 22:00:00,NASA,Aqua,Fire inside Sitrep,SUMSEL,6750,2023,2023:6750,2023,18174,124498,0.004712920045233625,418.0,False,False,-2.0,1,Terra,2023-10-02 15:02:00
103.21656,-2.48093,2023-10-02 22:00:00,NASA,Aqua,Verified No fire,SUMSEL MUBA,6751,2023,2023:6751,2023,18175,124557,0.005556419417643058,417.0,False,False,-3.0,1,Terra,2023-10-02 15:03:00
106.01971,-3.23957,2023-10-02 22:00:00,NASA,Aqua,Verified No fire,SUMSEL,6752,2023,2023:6752,2023,18176,124513,0.0035157356671236153,418.0,False,False,-2.0,1,Terra,2023-10-02 15:02:00
103.45411,-2.2916,2023-10-02 22:00:00,NASA,Aqua,Verified No fire,SUMSEL MUBA,6753,2023,2023:6753,2023,18177,124555,0.0011110615413601782,417.0,False,False,-3.0,1,Terra,2023-10-02 15:03:00
105.29397,-3.08724,2023-10-03 10:00:00,NASA,Aqua,Fire inside Sitrep,SUMSEL,6926,2023,2023:6926,2023,18350,124741,0.005556850583729776,396.0,False,False,-24.0,1,Terra,2023-10-03 03:24:00
105.3152,-3.09024,2023-10-03 10:00:00,NASA,Aqua,Fire inside Sitrep,SUMSEL,6927,2023,2023:6927,2023,18351,124740,0.004447803209354707,396.0,False,False,-24.0,1,Terra,2023-10-03 03:24:00
105.3101,-3.08623,2023-10-03 10:00:00,NASA,Aqua,Fire inside Sitrep,SUMSEL,6928,2023,2023:6928,2023,18352,124738,0.0033358524069918415,396.0,False,False,-24.0,1,Terra,2023-10-03 03:24:00
105.23079,-3.0783,2023-10-03 10:00:00,NASA,Aqua,Verified No fire,SUMSEL,6929,2023,2023:6929,2023,18353,124742,0.0011103463466894076,396.0,False,False,-24.0,1,Terra,2023-10-03 03:24:00
105.2256,-3.07496,2023-10-03 10:00:00,NASA,Aqua,Fire inside Sitrep,SUMSEL,6930,2023,2023:6930,2023,18354,124739,0.00444780320941471,396.0,False,False,-24.0,1,Terra,2023-10-03 03:24:00
105.78741,-3.61383,2023-10-03 10:00:00,NASA,Aqua,Fire inside Sitrep,SUMSEL,6931,2023,2023:6931,2023,18355,124725,0.003515598611979728,396.0,False,False,-24.0,1,Terra,2023-10-03 03:24:00
105.66747,-3.50239,2023-10-04 21:00:00,NASA,Aqua,Fire inside Sitrep,SUMSEL,7448,2023,2023:7448,2023,18872,125815,0.0035103869132368697,374.0,False,False,-46.0,1,Terra,2023-10-04 14:46:00
105.2273,-3.08138,2023-10-04 21:00:00,NASA,Aqua,Fire inside Sitrep,SUMSEL,7449,2023,2023:7449,2023,18873,125748,0.002223901604738519,374.0,False,False,-46.0,1,Terra,2023-10-04 14:46:00
105.261611938,-2.81220412254,2023-10-04 21:00:00,LAPAN,Aqua,Fire inside Sitrep,SUMSEL,7450,2023,2023:7450,2023,18874,125852,0.02471490738637559,374.0,False,False,-46.0,1,Terra,2023-10-04 14:46:00
105.667289734,-3.50258517265,2023-10-04 21:00:00,LAPAN,Aqua,Fire inside Sitrep,SUMSEL,7451,2023,2023:7451,2023,18875,125815,0.03112185079667212,374.0,False,False,-46.0,1,Terra,2023-10-04 14:46:00
105.22089,-3.07617,2023-10-04 21:00:00,NASA,Aqua,Fire inside Sitrep,SUMSEL,7452,2023,2023:7452,2023,18876,125747,0.003515790833580957,374.0,False,False,-46.0,1,Terra,2023-10-04 14:46:00
105.26175,-2.81202,2023-10-04 21:00:00,NASA,Aqua,Verified Fire,SUMSEL,7453,2023,2023:7453,2023,18877,125852,0.005981823032193149,374.0,False,False,-46.0,1,Terra,2023-10-04 14:46:00
105.679267883,-3.50096225739,2023-10-04 21:00:00,LAPAN,Aqua,Fire inside Sitrep,SUMSEL,7454,2023,2023:7454,2023,18878,125816,0.023249419925800343,374.0,False,False,-46.0,1,Terra,2023-10-04 14:46:00
105.67944,-3.50077,2023-10-04 21:00:00,NASA,Aqua,Fire inside Sitrep,SUMSEL,7455,2023,2023:7455,2023,18879,125816,0.005553116428971126,374.0,False,False,-46.0,1,Terra,2023-10-04 14:46:00
105.220741272,-3.07636094093,2023-10-04 21:00:00,LAPAN,Aqua,Fire inside Sitrep,SUMSEL,7456,2023,2023:7456,2023,18880,125747,0.025117292789985524,374.0,False,False,-46.0,1,Terra,2023-10-04 14:46:00
105.66943,-3.50724,2023-10-05 10:00:00,NASA,Aqua,Fire inside Sitrep,SUMSEL,7580,2023,2023:7580,2023,19004,125954,0.005556007624401683,412.0,False,False,-8.0,1,Terra,2023-10-05 03:08:00
105.68069,-3.50886,2023-10-05 10:00:00,NASA,Aqua,Fire inside Sitrep,SUMSEL,7581,2023,2023:7581,2023,19005,125955,0.004584185477833695,412.0,False,False,-8.0,1,Terra,2023-10-05 03:08:00
105.6708,-3.4973,2023-10-05 10:00:00,NASA,Aqua,Fire inside Sitrep,SUMSEL,7582,2023,2023:7582,2023,19006,125950,0.0,412.0,False,False,-8.0,1,Terra,2023-10-05 03:08:00
105.40054,-3.68483,2023-10-05 10:00:00,NASA,Aqua,Fire inside Sitrep,SUMSEL,7583,2023,2023:7583,2023,19007,125958,0.00555240074891904,412.0,False,False,-8.0,1,Terra,2023-10-05 03:08:00
105.36388,-3.70961,2023-10-05 10:00:00,NASA,Aqua,Fire inside Sitrep,SUMSEL,7584,2023,2023:7584,2023,19008,125960,0.0024822308288442755,412.0,False,False,-8.0,1,Terra,2023-10-05 03:08:00
105.68204,-3.4989,2023-10-05 10:00:00,NASA,Aqua,Fire inside Sitrep,SUMSEL,7585,2023,2023:7585,2023,19009,125951,0.004439512372748117,412.0,False,False,-8.0,1,Terra,2023-10-05 03:08:00
105.23474,-3.09456,2023-10-05 22:00:00,NASA,Aqua,Fire inside Sitrep,SUMSEL,7996,2023,2023:7996,2023,19420,126453,0.006285559093170051,394.0,False,False,-26.0,1,Terra,2023-10-05 15:26:00
103.47184,-2.28495,2023-10-05 22:00:00,NASA,Aqua,Verified No fire,SUMSEL MUBA,7997,2023,2023:7997,2023,19421,126468,0.007117750424267361,393.0,False,False,-27.0,1,Terra,2023-10-05 15:27:00
103.48672,-2.28285,2023-10-05 22:00:00,NASA,Aqua,Verified No fire,SUMSEL MUBA,7998,2023,2023:7998,2023,19422,126463,0.0059873830728928755,393.0,False,False,-27.0,1,Terra,2023-10-05 15:27:00
105.32355,-3.10684,2023-10-05 22:00:00,NASA,Aqua,Fire inside Sitrep,SUMSEL,7999,2023,2023:7999,2023,19423,126452,0.007113580031730308,394.0,False,False,-26.0,1,Terra,2023-10-05 15:26:00
103.47735,-2.28362,2023-10-05 22:00:00,NASA,Aqua,Verified No fire,SUMSEL MUBA,8000,2023,2023:8000,2023,19424,126469,0.005983938989034576,393.0,False,False,-27.0,1,Terra,2023-10-05 15:27:00
105.22958374,-3.08928966522,2023-10-06 21:00:00,LAPAN,Aqua,Verified No fire,SUMSEL,8646,2023,2023:8646,2023,20070,127224,0.05080314090687097,391.0,False,False,-29.0,1,Terra,2023-10-06 14:29:00
103.48487,-2.28674,2023-10-06 21:00:00,NASA,Aqua,Verified No fire,SUMSEL MUBA,8647,2023,2023:8647,2023,20071,127253,0.005558160553813912,390.0,False,False,-30.0,1,Terra,2023-10-06 14:30:00
103.48804,-2.27575,2023-10-06 21:00:00,NASA,Aqua,Verified No fire,SUMSEL MUBA,8648,2023,2023:8648,2023,20072,127254,0.0071177682640962405,390.0,False,False,-30.0,1,Terra,2023-10-06 14:30:00
103.48257,-2.27018,2023-10-06 21:00:00,NASA,Aqua,Verified No fire,SUMSEL MUBA,8649,2023,2023:8649,2023,20073,127252,0.004007017441287467,390.0,False,False,-30.0,1,Terra,2023-10-06 14:30:00
105.22997,-3.08905,2023-10-06 21:00:00,NASA,Aqua,Verified No fire,SUMSEL,8650,2023,2023:8650,2023,20074,127224,0.0064812391512300655,391.0,False,False,-29.0,1,Terra,2023-10-06 14:29:00
105.66961,-3.50606,2023-10-07 09:00:00,NASA,Aqua,Fire inside Sitrep,SUMSEL,8931,2023,2023:8931,2023,20355,127336,0.004584186282637698,369.0,False,False,-51.0,1,Terra,2023-10-07 02:51:00
105.28364,-2.70226,2023-10-07 09:00:00,NASA,Aqua,Fire inside Sitrep,SUMSEL,8932,2023,2023:8932,2023,20356,127325,0.006286647272522982,369.0,False,False,-51.0,1,Terra,2023-10-07 02:51:00
105.67873,-3.5074,2023-10-07 09:00:00,NASA,Aqua,Fire inside Sitrep,SUMSEL,8933,2023,2023:8933,2023,20357,127344,0.0033296040405593657,369.0,False,False,-51.0,1,Terra,2023-10-07 02:51:00
105.36316,-3.747,2023-10-07 09:00:00,NASA,Aqua,Fire inside Sitrep,SUMSEL,8934,2023,2023:8934,2023,20358,127342,0.004438295347227671,369.0,False,False,-51.0,1,Terra,2023-10-07 02:51:00
105.23486,-3.07328,2023-10-07 09:00:00,NASA,Aqua,Verified No fire,SUMSEL,8935,2023,2023:8935,2023,20359,127328,0.00496707437650379,369.0,False,False,-51.0,1,Terra,2023-10-07 02:51:00
105.23225,-3.09163,2023-10-07 09:00:00,NASA,Aqua,Verified No fire,SUMSEL,8936,2023,2023:8936,2023,20360,127329,0.006476794303959803,369.0,False,False,-51.0,1,Terra,2023-10-07 02:51:00
105.63026,-3.10371,2023-10-07 09:00:00,NASA,Aqua,Fire inside Sitrep,SUMSEL,8937,2023,2023:8937,2023,20361,127327,0.004578361512116058,369.0,False,False,-51.0,1,Terra,2023-10-07 02:51:00
105.65408,-3.5498,2023-10-07 09:00:00,NASA,Aqua,Fire inside Sitrep,SUMSEL,8938,2023,2023:8938,2023,20362,127338,0.002219634737220138,369.0,False,False,-51.0,1,Terra,2023-10-07 02:51:00
103.48396,-2.28253,2023-10-07 09:00:00,NASA,Aqua,Verified No fire,SUMSEL MUBA,8939,2023,2023:8939,2023,20363,127324,0.005556931289307937,369.0,False,False,-51.0,1,Terra,2023-10-07 02:51:00
103.47473,-2.25883,2023-10-07 22:00:00,NASA,Aqua,Verified No fire,SUMSEL MUBA,9305,2023,2023:9305,2023,20729,127924,0.004715775244104306,410.0,False,False,-10.0,1,Terra,2023-10-07 15:10:00
103.444107056,-2.29969620705,2023-10-07 22:00:00,LAPAN,Aqua,Verified No fire,SUMSEL MUBA,9306,2023,2023:9306,2023,20730,127920,0.021831339171655462,410.0,False,False,-10.0,1,Terra,2023-10-07 15:10:00
103.453025818,-2.29844260216,2023-10-07 22:00:00,LAPAN,Aqua,Verified No fire,SUMSEL MUBA,9307,2023,2023:9307,2023,20731,127919,0.01611403298082194,410.0,False,False,-10.0,1,Terra,2023-10-07 15:10:00
103.45304,-2.29827,2023-10-07 22:00:00,NASA,Aqua,Verified No fire,SUMSEL MUBA,9308,2023,2023:9308,2023,20732,127919,0.005556892160971463,410.0,False,False,-10.0,1,Terra,2023-10-07 15:10:00
103.492576599,-2.25648403168,2023-10-07 22:00:00,LAPAN,Aqua,Verified No fire,SUMSEL MUBA,9309,2023,2023:9309,2023,20733,127922,0.020627936327012146,410.0,False,False,-10.0,1,Terra,2023-10-07 15:10:00
105.234291077,-3.09833741188,2023-10-07 22:00:00,LAPAN,Aqua,Fire inside Sitrep,SUMSEL,9310,2023,2023:9310,2023,20734,127865,0.015311611848664532,410.0,False,False,-10.0,1,Terra,2023-10-07 15:10:00
103.46196,-2.29701,2023-10-07 22:00:00,NASA,Aqua,Verified No fire,SUMSEL MUBA,9311,2023,2023:9311,2023,20735,127918,0.004581223549750633,410.0,False,False,-10.0,1,Terra,2023-10-07 15:10:00
103.461952209,-2.29718852043,2023-10-07 22:00:00,LAPAN,Aqua,Verified No fire,SUMSEL MUBA,9312,2023,2023:9312,2023,20736,127918,0.02162458814885305,410.0,False,False,-10.0,1,Terra,2023-10-07 15:10:00
103.49257,-2.25631,2023-10-07 22:00:00,NASA,Aqua,Verified No fire,SUMSEL MUBA,9313,2023,2023:9313,2023,20737,127922,0.0035138437418134683,410.0,False,False,-10.0,1,Terra,2023-10-07 15:10:00
105.23431,-3.09816,2023-10-07 22:00:00,NASA,Aqua,Fire inside Sitrep,SUMSEL,9314,2023,2023:9314,2023,20738,127865,0.004584296700539174,410.0,False,False,-10.0,1,Terra,2023-10-07 15:10:00
105.66762,-3.51083,2023-10-07 22:00:00,NASA,Aqua,Fire inside Sitrep,SUMSEL,9315,2023,2023:9315,2023,20739,127822,0.004006881991462554,410.0,False,False,-10.0,1,Terra,2023-10-07 15:10:00
105.23294,-3.08871,2023-10-07 22:00:00,NASA,Aqua,Fire inside Sitrep,SUMSEL,9316,2023,2023:9316,2023,20740,127866,0.00457842252294363,410.0,False,False,-10.0,1,Terra,2023-10-07 15:10:00
105.222824097,-3.09030938148,2023-10-07 22:00:00,LAPAN,Aqua,Fire inside Sitrep,SUMSEL,9317,2023,2023:9317,2023,20741,127867,0.023435423541442846,410.0,False,False,-10.0,1,Terra,2023-10-07 15:10:00
105.542167664,-3.7329993248,2023-10-07 22:00:00,LAPAN,Aqua,Fire inside Sitrep,SUMSEL,9318,2023,2023:9318,2023,20742,127806,0.022452475999025494,410.0,False,False,-10.0,1,Terra,2023-10-07 15:10:00
105.54219,-3.73282,2023-10-07 22:00:00,NASA,Aqua,Fire inside Sitrep,SUMSEL,9319,2023,2023:9319,2023,20743,127806,0.002485343498593532,410.0,False,False,-10.0,1,Terra,2023-10-07 15:10:00
105.66556,-3.57011,2023-10-07 22:00:00,NASA,Aqua,Fire inside Sitrep,SUMSEL,9320,2023,2023:9320,2023,20744,127813,0.004576317196165939,410.0,False,False,-10.0,1,Terra,2023-10-07 15:10:00
105.65224,-3.55236,2023-10-07 22:00:00,NASA,Aqua,Fire inside Sitrep,SUMSEL,9321,2023,2023:9321,2023,20745,127817,0.006284103494781681,410.0,False,False,-10.0,1,Terra,2023-10-07 15:10:00
105.676048279,-3.568795681,2023-10-07 22:00:00,LAPAN,Aqua,Fire inside Sitrep,SUMSEL,9322,2023,2023:9322,2023,20746,127812,0.02250313472571358,410.0,False,False,-10.0,1,Terra,2023-10-07 15:10:00
105.66274,-3.55086,2023-10-07 22:00:00,NASA,Aqua,Fire inside Sitrep,SUMSEL,9323,2023,2023:9323,2023,20747,127816,0.006284108588809803,410.0,False,False,-10.0,1,Terra,2023-10-07 15:10:00
105.67608,-3.56862,2023-10-07 22:00:00,NASA,Aqua,Fire inside Sitrep,SUMSEL,9324,2023,2023:9324,2023,20748,127812,0.0031420241102133825,410.0,False,False,-10.0,1,Terra,2023-10-07 15:10:00
103.44411,-2.29952,2023-10-07 22:00:00,NASA,Aqua,Verified No fire,SUMSEL MUBA,9325,2023,2023:9325,2023,20749,127920,0.0024859972700207443,410.0,False,False,-10.0,1,Terra,2023-10-07 15:10:00
105.232925415,-3.08888792992,2023-10-07 22:00:00,LAPAN,Aqua,Fire inside Sitrep,SUMSEL,9326,2023,2023:9326,2023,20750,127866,0.021086557741435447,410.0,False,False,-10.0,1,Terra,2023-10-07 15:10:00
105.667625427,-3.51100301743,2023-10-07 22:00:00,LAPAN,Aqua,Fire inside Sitrep,SUMSEL,9327,2023,2023:9327,2023,20751,127822,0.02275024836713658,410.0,False,False,-10.0,1,Terra,2023-10-07 15:10:00
104.154747009,-1.79404473305,2023-10-07 22:00:00,LAPAN,Aqua,Verified No fire,SUMSEL MUBA,9328,2023,2023:9328,2023,20752,127933,0.01692041915175357,410.0,False,False,-10.0,1,Terra,2023-10-07 15:10:00
103.48364,-2.25757,2023-10-07 22:00:00,NASA,Aqua,Verified No fire,SUMSEL MUBA,9329,2023,2023:9329,2023,20753,127923,0.005556992596406787,410.0,False,False,-10.0,1,Terra,2023-10-07 15:10:00
105.531867981,-3.73448467255,2023-10-07 22:00:00,LAPAN,Aqua,Fire inside Sitrep,SUMSEL,9330,2023,2023:9330,2023,20754,127807,0.020839755244159538,410.0,False,False,-10.0,1,Terra,2023-10-07 15:10:00
103.474716187,-2.25900697708,2023-10-07 22:00:00,LAPAN,Aqua,Verified No fire,SUMSEL MUBA,9331,2023,2023:9331,2023,20755,127924,0.023084999435574422,410.0,False,False,-10.0,1,Terra,2023-10-07 15:10:00
105.53188,-3.73431,2023-10-07 22:00:00,NASA,Aqua,Fire inside Sitrep,SUMSEL,9332,2023,2023:9332,2023,20756,127807,0.002482175186556398,410.0,False,False,-10.0,1,Terra,2023-10-07 15:10:00
105.23021,-3.06981,2023-10-07 22:00:00,NASA,Aqua,Fire inside Sitrep,SUMSEL,9333,2023,2023:9333,2023,20757,127868,0.0015714080405846436,410.0,False,False,-10.0,1,Terra,2023-10-07 15:10:00
105.665527344,-3.5702893734,2023-10-07 22:00:00,LAPAN,Aqua,Fire inside Sitrep,SUMSEL,9334,2023,2023:9334,2023,20758,127813,0.02254840719621794,410.0,False,False,-10.0,1,Terra,2023-10-07 15:10:00
105.22285,-3.09013,2023-10-07 22:00:00,NASA,Aqua,Fire inside Sitrep,SUMSEL,9335,2023,2023:9335,2023,20759,127867,0.006476801030354277,410.0,False,False,-10.0,1,Terra,2023-10-07 15:10:00
104.15472,-1.79388,2023-10-07 22:00:00,NASA,Aqua,Verified No fire,SUMSEL MUBA,9336,2023,2023:9336,2023,20760,127933,0.0031443012113192143,410.0,False,False,-10.0,1,Terra,2023-10-07 15:10:00
103.47727,-2.27667,2023-10-07 22:00:00,NASA,Aqua,Verified No fire,SUMSEL MUBA,9337,2023,2023:9337,2023,20761,127921,0.004715746144481816,410.0,False,False,-10.0,1,Terra,2023-10-07 15:10:00
103.483642578,-2.2577457428,2023-10-07 22:00:00,LAPAN,Aqua,Verified No fire,SUMSEL MUBA,9338,2023,2023:9338,2023,20762,127923,0.016882268444593236,410.0,False,False,-10.0,1,Terra,2023-10-07 15:10:00
105.230186462,-3.06998872757,2023-10-07 22:00:00,LAPAN,Aqua,Fire inside Sitrep,SUMSEL,9339,2023,2023:9339,2023,20763,127868,0.021039345534987354,410.0,False,False,-10.0,1,Terra,2023-10-07 15:10:00
105.54427,-3.43675,2023-10-07 22:00:00,NASA,Aqua,Fire inside Sitrep,SUMSEL,9340,2023,2023:9340,2023,20764,127836,0.006480647044548502,410.0,False,False,-10.0,1,Terra,2023-10-07 15:10:00
103.477256775,-2.27684307098,2023-10-07 22:00:00,LAPAN,Aqua,Verified No fire,SUMSEL MUBA,9341,2023,2023:9341,2023,20765,127921,0.016617901885039345,410.0,False,False,-10.0,1,Terra,2023-10-07 15:10:00
105.51437,-3.35129,2023-10-08 10:00:00,NASA,Aqua,Fire inside Sitrep,SUMSEL,9572,2023,2023:9572,2023,20996,128156,0.003510885687189471,388.0,False,False,-32.0,1,Terra,2023-10-08 03:32:00
105.70502,-3.57511,2023-10-08 10:00:00,NASA,Aqua,Fire inside Sitrep,SUMSEL,9573,2023,2023:9573,2023,20997,128162,0.0024825273471123484,388.0,False,False,-32.0,1,Terra,2023-10-08 03:32:00
105.54633,-3.35562,2023-10-08 10:00:00,NASA,Aqua,Fire inside Sitrep,SUMSEL,9574,2023,2023:9574,2023,20998,128157,0.004004438063133183,388.0,False,False,-32.0,1,Terra,2023-10-08 03:32:00
103.64848,-1.38546,2023-10-08 10:00:00,NASA,Aqua,Verified No fire,JAMBI SMF,9575,2023,2023:9575,2023,20999,128146,0.004972504436757945,389.0,False,False,-31.0,1,Terra,2023-10-08 03:31:00
105.67185,-3.57061,2023-10-08 10:00:00,NASA,Aqua,Fire inside Sitrep,SUMSEL,9576,2023,2023:9576,2023,21000,128161,0.005659276285411472,388.0,False,False,-32.0,1,Terra,2023-10-08 03:32:00
103.87602,-2.1086,2023-10-08 10:00:00,NASA,Aqua,Verified No fire,SUMSEL MUBA,9577,2023,2023:9577,2023,21001,128151,0.0022223957607265736,388.0,False,False,-32.0,1,Terra,2023-10-08 03:32:00
105.67393,-3.55453,2023-10-08 10:00:00,NASA,Aqua,Fire inside Sitrep,SUMSEL,9578,2023,2023:9578,2023,21002,128150,0.004713072177060062,388.0,False,False,-32.0,1,Terra,2023-10-08 03:32:00
103.64433,-1.37385,2023-10-09 09:00:00,NASA,Aqua,Verified No fire,JAMBI SMF,10040,2023,2023:10040,2023,21464,128625,0.006483238339156047,386.0,False,False,-34.0,1,Terra,2023-10-09 02:34:00
104.15717,-1.7936,2023-10-09 21:00:00,NASA,Aqua,Verified Fire,SUMSEL MUBA,10105,2023,2023:10105,2023,21529,128932,0.0033342180505339897,366.0,False,False,-54.0,1,Terra,2023-10-09 14:54:00
104.156951904,-1.79380822182,2023-10-09 21:00:00,LAPAN,Aqua,Verified Fire,SUMSEL MUBA,10106,2023,2023:10106,2023,21530,128932,0.036005174130647286,366.0,False,False,-54.0,1,Terra,2023-10-09 14:54:00
105.509002686,-3.35632991791,2023-10-09 21:00:00,LAPAN,Aqua,Fire inside Sitrep,SUMSEL,10107,2023,2023:10107,2023,21531,128898,0.027754212494855438,367.0,False,False,-53.0,1,Terra,2023-10-09 14:53:00
105.23097,-3.09263,2023-10-09 21:00:00,NASA,Aqua,Fire inside Sitrep,SUMSEL,10108,2023,2023:10108,2023,21532,128882,0.004714173681459285,367.0,False,False,-53.0,1,Terra,2023-10-09 14:53:00
105.240638733,-3.09145021439,2023-10-09 21:00:00,LAPAN,Aqua,Fire inside Sitrep,SUMSEL,10109,2023,2023:10109,2023,21533,128881,0.01803524269813252,367.0,False,False,-53.0,1,Terra,2023-10-09 14:53:00
105.64677,-3.55871,2023-10-09 21:00:00,NASA,Aqua,Fire inside Sitrep,SUMSEL,10110,2023,2023:10110,2023,21534,128905,0.0035101954188546058,367.0,False,False,-53.0,1,Terra,2023-10-09 14:53:00
105.54551,-3.4074,2023-10-09 21:00:00,NASA,Aqua,Fire inside Sitrep,SUMSEL,10111,2023,2023:10111,2023,21535,128895,0.001109985049795263,367.0,False,False,-53.0,1,Terra,2023-10-09 14:53:00
105.24074,-3.09126,2023-10-09 21:00:00,NASA,Aqua,Fire inside Sitrep,SUMSEL,10112,2023,2023:10112,2023,21536,128881,0.006285568859925184,367.0,False,False,-53.0,1,Terra,2023-10-09 14:53:00
105.22836,-3.07402,2023-10-09 21:00:00,NASA,Aqua,Fire inside Sitrep,SUMSEL,10113,2023,2023:10113,2023,21537,128883,0.0049670716964235456,367.0,False,False,-53.0,1,Terra,2023-10-09 14:53:00
105.647979736,-3.56807041168,2023-10-09 21:00:00,LAPAN,Aqua,Fire inside Sitrep,SUMSEL,10114,2023,2023:10114,2023,21538,128890,0.0231775881343298,367.0,False,False,-53.0,1,Terra,2023-10-09 14:53:00
105.646690369,-3.55889558792,2023-10-09 21:00:00,LAPAN,Aqua,Fire inside Sitrep,SUMSEL,10115,2023,2023:10115,2023,21539,128905,0.0249204228775965,367.0,False,False,-53.0,1,Terra,2023-10-09 14:53:00
105.53813,-3.73908,2023-10-09 21:00:00,NASA,Aqua,Fire inside Sitrep,SUMSEL,10116,2023,2023:10116,2023,21540,128910,0.004003289320980006,367.0,False,False,-53.0,1,Terra,2023-10-09 14:53:00
105.528419495,-3.74059963226,2023-10-09 21:00:00,LAPAN,Aqua,Fire inside Sitrep,SUMSEL,10117,2023,2023:10117,2023,21541,128909,0.02392801120505013,367.0,False,False,-53.0,1,Terra,2023-10-09 14:53:00
105.45942,-3.63909,2023-10-09 21:00:00,NASA,Aqua,Fire inside Sitrep,SUMSEL,10119,2023,2023:10119,2023,21543,128907,0.002482387637267397,367.0,False,False,-53.0,1,Terra,2023-10-09 14:53:00
105.26154,-3.09781,2023-10-09 21:00:00,NASA,Aqua,Fire inside Sitrep,SUMSEL,10120,2023,2023:10120,2023,21544,128880,0.004578385545455153,367.0,False,False,-53.0,1,Terra,2023-10-09 14:53:00
105.64806,-3.56788,2023-10-09 21:00:00,NASA,Aqua,Fire inside Sitrep,SUMSEL,10121,2023,2023:10121,2023,21545,128890,0.004965085887530321,367.0,False,False,-53.0,1,Terra,2023-10-09 14:53:00
105.538047791,-3.73927283287,2023-10-09 21:00:00,LAPAN,Aqua,Fire inside Sitrep,SUMSEL,10122,2023,2023:10122,2023,21546,128910,0.02007229451676033,367.0,False,False,-53.0,1,Terra,2023-10-09 14:53:00
105.63728,-3.56002,2023-10-09 21:00:00,NASA,Aqua,Fire inside Sitrep,SUMSEL,10123,2023,2023:10123,2023,21547,128904,0.00314203876911341,367.0,False,False,-53.0,1,Terra,2023-10-09 14:53:00
105.228271484,-3.07421541214,2023-10-09 21:00:00,LAPAN,Aqua,Fire inside Sitrep,SUMSEL,10124,2023,2023:10124,2023,21548,128883,0.027881210750248114,367.0,False,False,-53.0,1,Terra,2023-10-09 14:53:00
105.54704,-3.44302,2023-10-09 21:00:00,NASA,Aqua,Fire inside Sitrep,SUMSEL,10125,2023,2023:10125,2023,21549,128900,0.004965615854275232,367.0,False,False,-53.0,1,Terra,2023-10-09 14:53:00
105.546936035,-3.44321513176,2023-10-09 21:00:00,LAPAN,Aqua,Fire inside Sitrep,SUMSEL,10126,2023,2023:10126,2023,21550,128900,0.02495293852936179,367.0,False,False,-53.0,1,Terra,2023-10-09 14:53:00
105.230873108,-3.0928208828,2023-10-09 21:00:00,LAPAN,Aqua,Fire inside Sitrep,SUMSEL,10127,2023,2023:10127,2023,21551,128882,0.028315237713096617,367.0,False,False,-53.0,1,Terra,2023-10-09 14:53:00
104.155586243,-1.7840886116,2023-10-09 21:00:00,LAPAN,Aqua,Verified Fire,SUMSEL MUBA,10128,2023,2023:10128,2023,21552,128931,0.0316900335366753,366.0,False,False,-54.0,1,Terra,2023-10-09 14:54:00
105.50909,-3.35614,2023-10-09 21:00:00,NASA,Aqua,Fire inside Sitrep,SUMSEL,10129,2023,2023:10129,2023,21553,128898,0.0045842284554014155,367.0,False,False,-53.0,1,Terra,2023-10-09 14:53:00
105.637199402,-3.5602145195,2023-10-09 21:00:00,LAPAN,Aqua,Fire inside Sitrep,SUMSEL,10130,2023,2023:10130,2023,21554,128904,0.02633693732160524,367.0,False,False,-53.0,1,Terra,2023-10-09 14:53:00
104.15581,-1.78388,2023-10-09 21:00:00,NASA,Aqua,Verified Fire,SUMSEL MUBA,10131,2023,2023:10131,2023,21555,128931,0.0024861566232946236,366.0,False,False,-54.0,1,Terra,2023-10-09 14:54:00
105.49951,-3.35746,2023-10-09 21:00:00,NASA,Aqua,Fire inside Sitrep,SUMSEL,10132,2023,2023:10132,2023,21556,128918,0.0045842280811680645,367.0,False,False,-53.0,1,Terra,2023-10-09 14:53:00
105.52852,-3.74041,2023-10-09 21:00:00,NASA,Aqua,Fire inside Sitrep,SUMSEL,10133,2023,2023:10133,2023,21557,128909,0.0024821613899312254,367.0,False,False,-53.0,1,Terra,2023-10-09 14:53:00
102.76811,-1.25943,2023-10-09 21:00:00,NASA,Aqua,Verified No fire,JAMBI SMF,10134,2023,2023:10134,2023,21558,128930,0.0035162122467249355,366.0,False,False,-54.0,1,Terra,2023-10-09 14:54:00
105.545646667,-3.43401098251,2023-10-09 21:00:00,LAPAN,Aqua,Fire inside Sitrep,SUMSEL,10135,2023,2023:10135,2023,21559,128899,0.024195554707267468,367.0,False,False,-53.0,1,Terra,2023-10-09 14:53:00
105.261436462,-3.09800291061,2023-10-09 21:00:00,LAPAN,Aqua,Fire inside Sitrep,SUMSEL,10136,2023,2023:10136,2023,21560,128880,0.023639875974561485,367.0,False,False,-53.0,1,Terra,2023-10-09 14:53:00
105.54574,-3.43382,2023-10-09 21:00:00,NASA,Aqua,Fire inside Sitrep,SUMSEL,10137,2023,2023:10137,2023,21561,128899,0.004965654152017694,367.0,False,False,-53.0,1,Terra,2023-10-09 14:53:00
104.1575,-1.78406,2023-10-10 10:00:00,NASA,Aqua,Verified Fire,SUMSEL MUBA,10331,2023,2023:10331,2023,21755,128974,0.004447803209357311,405.0,False,False,-15.0,1,Terra,2023-10-10 03:15:00
104.15613,-1.79404,2023-10-10 10:00:00,NASA,Aqua,Verified Fire,SUMSEL MUBA,10332,2023,2023:10332,2023,21756,128983,0.005558773092248822,405.0,False,False,-15.0,1,Terra,2023-10-10 03:15:00
105.66251,-3.55727,2023-10-10 10:00:00,NASA,Aqua,Fire inside Sitrep,SUMSEL,10333,2023,2023:10333,2023,21757,128996,0.0035156202707621407,405.0,False,False,-15.0,1,Terra,2023-10-10 03:15:00
102.96358,-0.74835,2023-10-10 10:00:00,NASA,Aqua,Verified No fire,JAMBI SMF,10334,2023,2023:10334,2023,21758,128980,0.005987967877520292,405.0,False,False,-15.0,1,Terra,2023-10-10 03:15:00
105.79803,-3.61151,2023-10-10 10:00:00,NASA,Aqua,Fire inside Sitrep,SUMSEL,10335,2023,2023:10335,2023,21759,128997,0.0035100130923898533,405.0,False,False,-15.0,1,Terra,2023-10-10 03:15:00
105.27432,-3.09613,2023-10-11 21:00:00,NASA,Aqua,Fire inside Sitrep,SUMSEL,10781,2023,2023:10781,2023,22205,129641,0.004007395903129581,383.0,False,False,-37.0,1,Terra,2023-10-11 14:37:00
105.25541687,-3.09889006615,2023-10-11 21:00:00,LAPAN,Aqua,Fire inside Sitrep,SUMSEL,10782,2023,2023:10782,2023,22206,129642,0.037880409282994,383.0,False,False,-37.0,1,Terra,2023-10-11 14:37:00
105.23528,-3.08865,2023-10-11 21:00:00,NASA,Aqua,Verified No fire,SUMSEL,10783,2023,2023:10783,2023,22207,129643,0.005986839313135319,383.0,False,False,-37.0,1,Terra,2023-10-11 14:37:00
105.40784,-3.299,2023-10-11 21:00:00,NASA,Aqua,Fire inside Sitrep,SUMSEL,10784,2023,2023:10784,2023,22208,129638,0.0044404324033414586,383.0,False,False,-37.0,1,Terra,2023-10-11 14:37:00
105.69732666,-3.55872941017,2023-10-11 21:00:00,LAPAN,Aqua,Fire inside Sitrep,SUMSEL,10785,2023,2023:10785,2023,22209,129616,0.031949971397586964,384.0,False,False,-36.0,1,Terra,2023-10-11 14:36:00
105.70456,-3.56236,2023-10-11 21:00:00,NASA,Aqua,Fire inside Sitrep,SUMSEL,10786,2023,2023:10786,2023,22210,129615,0.006284069466592717,384.0,False,False,-36.0,1,Terra,2023-10-11 14:36:00
105.704345703,-3.56258273125,2023-10-11 21:00:00,LAPAN,Aqua,Fire inside Sitrep,SUMSEL,10787,2023,2023:10787,2023,22211,129615,0.0347754490406628,384.0,False,False,-36.0,1,Terra,2023-10-11 14:36:00
105.37527,-3.67206,2023-10-11 21:00:00,NASA,Aqua,Fire inside Sitrep,SUMSEL,10788,2023,2023:10788,2023,22212,129611,0.005555647502723209,384.0,False,False,-36.0,1,Terra,2023-10-11 14:36:00
105.374931335,-3.67229819298,2023-10-11 21:00:00,LAPAN,Aqua,Fire inside Sitrep,SUMSEL,10789,2023,2023:10789,2023,22213,129611,0.04646794365369183,384.0,False,False,-36.0,1,Terra,2023-10-11 14:36:00
105.69755,-3.55851,2023-10-11 21:00:00,NASA,Aqua,Fire inside Sitrep,SUMSEL,10790,2023,2023:10790,2023,22214,129616,0.005659347863667714,384.0,False,False,-36.0,1,Terra,2023-10-11 14:36:00
105.274040222,-3.09635543823,2023-10-11 21:00:00,LAPAN,Aqua,Fire inside Sitrep,SUMSEL,10791,2023,2023:10791,2023,22215,129641,0.04048118223584467,383.0,False,False,-37.0,1,Terra,2023-10-11 14:37:00
105.36967,-3.67079,2023-10-11 21:00:00,NASA,Aqua,Fire inside Sitrep,SUMSEL,10792,2023,2023:10792,2023,22216,129612,0.0035098051599071313,384.0,False,False,-36.0,1,Terra,2023-10-11 14:36:00
105.25569,-3.09866,2023-10-11 21:00:00,NASA,Aqua,Fire inside Sitrep,SUMSEL,10793,2023,2023:10793,2023,22217,129642,0.0045842965740985776,383.0,False,False,-37.0,1,Terra,2023-10-11 14:37:00
105.39566803,-3.29261732101,2023-10-12 22:00:00,LAPAN,Aqua,Fire inside Sitrep,SUMSEL,11483,2023,2023:11483,2023,22907,129944,0.024424254603080772,403.0,False,False,-17.0,1,Terra,2023-10-12 15:17:00
105.409233093,-3.29066085815,2023-10-12 22:00:00,LAPAN,Aqua,Fire inside Sitrep,SUMSEL,11484,2023,2023:11484,2023,22908,129943,0.018260007294348075,403.0,False,False,-17.0,1,Terra,2023-10-12 15:17:00
105.24503,-3.09719,2023-10-12 22:00:00,NASA,Aqua,Fire inside Sitrep,SUMSEL,11485,2023,2023:11485,2023,22909,129949,0.0035116749414550196,403.0,False,False,-17.0,1,Terra,2023-10-12 15:17:00
105.271682739,-3.09347629547,2023-10-12 22:00:00,LAPAN,Aqua,Fire inside Sitrep,SUMSEL,11486,2023,2023:11486,2023,22910,129947,0.019696653219807535,403.0,False,False,-17.0,1,Terra,2023-10-12 15:17:00
105.27168,-3.09329,2023-10-12 22:00:00,NASA,Aqua,Fire inside Sitrep,SUMSEL,11487,2023,2023:11487,2023,22911,129947,0.00248349984242266,403.0,False,False,-17.0,1,Terra,2023-10-12 15:17:00
105.380569458,-3.67358374596,2023-10-12 22:00:00,LAPAN,Aqua,Fire inside Sitrep,SUMSEL,11488,2023,2023:11488,2023,22912,129969,0.021837079500356443,403.0,False,False,-17.0,1,Terra,2023-10-12 15:17:00
102.833847046,-1.15276479721,2023-10-12 22:00:00,LAPAN,Aqua,Verified Fire,JAMBI SMF,11489,2023,2023:11489,2023,22913,129974,0.072293715647803,402.0,False,False,-18.0,1,Terra,2023-10-12 15:18:00
105.68925,-3.58394,2023-10-12 22:00:00,NASA,Aqua,Fire inside Sitrep,SUMSEL,11490,2023,2023:11490,2023,22914,129970,0.0071114718752426365,403.0,False,False,-17.0,1,Terra,2023-10-12 15:17:00
105.40925,-3.29047,2023-10-12 22:00:00,NASA,Aqua,Fire inside Sitrep,SUMSEL,11491,2023,2023:11491,2023,22915,129943,0.006475873558800332,403.0,False,False,-17.0,1,Terra,2023-10-12 15:17:00
105.245033264,-3.09738135338,2023-10-12 22:00:00,LAPAN,Aqua,Fire inside Sitrep,SUMSEL,11492,2023,2023:11492,2023,22916,129949,0.02050104144210339,403.0,False,False,-17.0,1,Terra,2023-10-12 15:17:00
105.25833,-3.09524,2023-10-12 22:00:00,NASA,Aqua,Fire inside Sitrep,SUMSEL,11493,2023,2023:11493,2023,22917,129948,0.0055568355269215025,403.0,False,False,-17.0,1,Terra,2023-10-12 15:17:00
105.5565,-3.75422,2023-10-12 22:00:00,NASA,Aqua,Fire inside Sitrep,SUMSEL,11494,2023,2023:11494,2023,22918,129968,0.00222390160473229,403.0,False,False,-17.0,1,Terra,2023-10-12 15:17:00
102.82319,-1.15409,2023-10-12 22:00:00,NASA,Aqua,Verified Fire,JAMBI SMF,11495,2023,2023:11495,2023,22919,129975,0.0015723764123493358,402.0,False,False,-18.0,1,Terra,2023-10-12 15:18:00
105.38054,-3.6734,2023-10-12 22:00:00,NASA,Aqua,Fire inside Sitrep,SUMSEL,11496,2023,2023:11496,2023,22920,129969,0.004438665064969758,403.0,False,False,-17.0,1,Terra,2023-10-12 15:17:00
105.258338928,-3.09543132782,2023-10-12 22:00:00,LAPAN,Aqua,Fire inside Sitrep,SUMSEL,11497,2023,2023:11497,2023,22921,129948,0.026083135722488285,403.0,False,False,-17.0,1,Terra,2023-10-12 15:17:00
105.556480408,-3.75441408157,2023-10-12 22:00:00,LAPAN,Aqua,Fire inside Sitrep,SUMSEL,11498,2023,2023:11498,2023,22922,129968,0.02390386980491116,403.0,False,False,-17.0,1,Terra,2023-10-12 15:17:00
102.83324,-1.15266,2023-10-12 22:00:00,NASA,Aqua,Verified Fire,JAMBI SMF,11499,2023,2023:11499,2023,22923,129974,0.006289507212133847,402.0,False,False,-18.0,1,Terra,2023-10-12 15:18:00
105.39568,-3.29243,2023-10-12 22:00:00,NASA,Aqua,Fire inside Sitrep,SUMSEL,11500,2023,2023:11500,2023,22924,129944,0.0040071606547953335,403.0,False,False,-17.0,1,Terra,2023-10-12 15:17:00
105.41086,-3.30131,2023-10-12 22:00:00,NASA,Aqua,Fire inside Sitrep,SUMSEL,11501,2023,2023:11501,2023,22925,129942,0.00457753023425148,403.0,False,False,-17.0,1,Terra,2023-10-12 15:17:00
105.50516,-3.35281,2023-10-14 09:00:00,NASA,Aqua,Fire inside Sitrep,SUMSEL,12675,2023,2023:12675,2023,24099,130661,0.004577305164283331,378.0,False,False,-42.0,1,Terra,2023-10-14 02:42:00
103.48273,-2.29973,2023-10-14 22:00:00,NASA,Aqua,Verified No fire,SUMSEL MUBA,13228,2023,2023:13228,2023,24652,131017,0.004715708307067466,419.0,False,False,-1.0,1,Terra,2023-10-14 15:01:00
103.43577,-2.24084,2023-10-14 22:00:00,NASA,Aqua,Verified No fire,SUMSEL MUBA,13229,2023,2023:13229,2023,24653,131014,0.005558223857253578,419.0,False,False,-1.0,1,Terra,2023-10-14 15:01:00
103.30341,-2.462,2023-10-14 22:00:00,NASA,Aqua,Verified No fire,SUMSEL MUBA,13230,2023,2023:13230,2023,24654,131019,0.001110924395427177,419.0,False,False,-1.0,1,Terra,2023-10-14 15:01:00
103.43272,-2.28805,2023-10-14 22:00:00,NASA,Aqua,Verified No fire,SUMSEL MUBA,13231,2023,2023:13231,2023,24655,131015,0.00598738008632642,419.0,False,False,-1.0,1,Terra,2023-10-14 15:01:00
102.77019,-1.25677,2023-10-14 22:00:00,NASA,Aqua,Verified No fire,JAMBI SMF,13232,2023,2023:13232,2023,24656,131003,0.003516212601457486,419.0,False,False,-1.0,1,Terra,2023-10-14 15:01:00
105.24245,-3.09492,2023-10-14 22:00:00,NASA,Aqua,Fire inside Sitrep,SUMSEL,13233,2023,2023:13233,2023,24657,130943,0.0059805100082830406,419.0,False,False,-1.0,1,Terra,2023-10-14 15:01:00
105.24119,-3.08605,2023-10-14 22:00:00,NASA,Aqua,Verified No fire,SUMSEL,13234,2023,2023:13234,2023,24658,130941,0.005669542808957341,419.0,False,False,-1.0,1,Terra,2023-10-14 15:01:00
105.25127,-3.09368,2023-10-14 22:00:00,NASA,Aqua,Fire inside Sitrep,SUMSEL,13235,2023,2023:13235,2023,24659,130944,0.0040051514421326605,419.0,False,False,-1.0,1,Terra,2023-10-14 15:01:00
105.26891,-3.09121,2023-10-14 22:00:00,NASA,Aqua,Verified No fire,SUMSEL,13236,2023,2023:13236,2023,24660,130945,0.0015713922704363242,419.0,False,False,-1.0,1,Terra,2023-10-14 15:01:00
102.76871,-1.24742,2023-10-14 22:00:00,NASA,Aqua,Verified No fire,JAMBI SMF,13237,2023,2023:13237,2023,24661,131002,0.0024862797437785415,419.0,False,False,-1.0,1,Terra,2023-10-14 15:01:00
103.29374,-2.46334,2023-10-14 22:00:00,NASA,Aqua,Verified No fire,SUMSEL MUBA,13238,2023,2023:13238,2023,24662,131018,0.006287238062825769,419.0,False,False,-1.0,1,Terra,2023-10-14 15:01:00
105.63125,-3.12341,2023-10-14 22:00:00,NASA,Aqua,Fire inside Sitrep,SUMSEL,13239,2023,2023:13239,2023,24663,130950,0.005661760418708382,419.0,False,False,-1.0,1,Terra,2023-10-14 15:01:00
105.27774,-3.08997,2023-10-14 22:00:00,NASA,Aqua,Verified No fire,SUMSEL,13240,2023,2023:13240,2023,24664,130946,0.0055545820656834576,419.0,False,False,-1.0,1,Terra,2023-10-14 15:01:00
105.23237,-3.08729,2023-10-14 22:00:00,NASA,Aqua,Fire inside Sitrep,SUMSEL,13241,2023,2023:13241,2023,24665,130940,0.003511704435785648,419.0,False,False,-1.0,1,Terra,2023-10-14 15:01:00
103.47326,-2.30107,2023-10-14 22:00:00,NASA,Aqua,Verified No fire,SUMSEL MUBA,13242,2023,2023:13242,2023,24666,131016,0.005556885185354819,419.0,False,False,-1.0,1,Terra,2023-10-14 15:01:00
103.6718,-2.1961,2023-10-15 10:00:00,NASA,Aqua,Verified No fire,SUMSEL MUBA,13564,2023,2023:13564,2023,24988,131082,0.0,398.0,False,False,-22.0,1,Terra,2023-10-15 03:22:00
103.43037,-2.28879,2023-10-15 10:00:00,NASA,Aqua,Verified No fire,SUMSEL MUBA,13565,2023,2023:13565,2023,24989,131088,0.003513772588106028,398.0,False,False,-22.0,1,Terra,2023-10-15 03:22:00
105.22634,-3.09011,2023-10-15 10:00:00,NASA,Aqua,Fire inside Sitrep,SUMSEL,13566,2023,2023:13566,2023,24990,131097,0.0045784168413362395,398.0,False,False,-22.0,1,Terra,2023-10-15 03:22:00
103.30935,-2.46661,2023-10-15 10:00:00,NASA,Aqua,Verified No fire,SUMSEL MUBA,13567,2023,2023:13567,2023,24991,131092,0.005664807715974745,398.0,False,False,-22.0,1,Terra,2023-10-15 03:22:00
103.2957,-2.46467,2023-10-15 10:00:00,NASA,Aqua,Verified No fire,SUMSEL MUBA,13568,2023,2023:13568,2023,24992,131091,0.003335852407031032,398.0,False,False,-22.0,1,Terra,2023-10-15 03:22:00
102.93762,-0.921,2023-10-15 10:00:00,NASA,Aqua,Verified No fire,JAMBI SMF,13569,2023,2023:13569,2023,24993,131086,0.0022236142938346797,398.0,False,False,-22.0,1,Terra,2023-10-15 03:22:00
103.430923462,-2.28867387772,2023-10-15 10:00:00,LAPAN,Aqua,Verified No fire,SUMSEL MUBA,13571,2023,2023:13571,2023,24995,131088,0.05982691002435145,398.0,False,False,-22.0,1,Terra,2023-10-15 03:22:00
105.60189,-3.01318,2023-10-15 10:00:00,NASA,Aqua,Fire inside Sitrep,SUMSEL,13572,2023,2023:13572,2023,24996,131096,0.0024857104532794417,398.0,False,False,-22.0,1,Terra,2023-10-15 03:22:00
105.24609,-3.09284,2023-10-15 10:00:00,NASA,Aqua,Fire inside Sitrep,SUMSEL,13573,2023,2023:13573,2023,24997,131098,0.0045842980613342256,398.0,False,False,-22.0,1,Terra,2023-10-15 03:22:00
103.67225647,-2.19596791267,2023-10-15 10:00:00,LAPAN,Aqua,Verified No fire,SUMSEL MUBA,13574,2023,2023:13574,2023,24998,131082,0.05280373002005508,398.0,False,False,-22.0,1,Terra,2023-10-15 03:22:00
105.19663,-3.09117,2023-10-15 22:00:00,NASA,Aqua,Fire inside Sitrep,SUMSEL,13652,2023,2023:13652,2023,25076,131307,0.004714176855587558,379.0,False,False,-41.0,1,Terra,2023-10-15 15:41:00
105.22902,-3.08342,2023-10-15 22:00:00,NASA,Aqua,Fire inside Sitrep,SUMSEL,13653,2023,2023:13653,2023,25077,131308,0.003142796055425389,379.0,False,False,-41.0,1,Terra,2023-10-15 15:41:00
105.23626,-3.08493,2023-10-15 22:00:00,NASA,Aqua,Fire inside Sitrep,SUMSEL,13654,2023,2023:13654,2023,25078,131306,0.005554599015730299,379.0,False,False,-41.0,1,Terra,2023-10-15 15:41:00
103.55339,-2.14378,2023-10-15 22:00:00,NASA,Aqua,Verified No fire,SUMSEL MUBA,13655,2023,2023:13655,2023,25079,131317,0.002486049631254808,379.0,False,False,-41.0,1,Terra,2023-10-15 15:41:00
103.54863,-2.14839,2023-10-15 22:00:00,NASA,Aqua,Verified No fire,SUMSEL MUBA,13656,2023,2023:13656,2023,25080,131321,0.0035140727712959906,378.0,False,False,-42.0,1,Terra,2023-10-15 15:42:00
105.55307,-3.76269,2023-10-16 02:00:00,NASA,Aqua,Fire inside Sitrep,SUMSEL,13912,2023,2023:13912,2023,25336,1460146,0.07010154301121657,420.0,False,False,0.0,1,SNPP,2023-10-15 19:00:00
103.44395,-2.26975,2023-10-16 21:00:00,NASA,Aqua,Verified No fire,SUMSEL MUBA,15558,2023,2023:15558,2023,26982,132061,0.007859595842925966,376.0,False,False,-44.0,1,Terra,2023-10-16 14:44:00
103.449325562,-2.27336931229,2023-10-16 21:00:00,LAPAN,Aqua,Verified No fire,SUMSEL MUBA,15559,2023,2023:15559,2023,26983,132060,0.0705005716020497,376.0,False,False,-44.0,1,Terra,2023-10-16 14:44:00
105.220878601,-3.07838582993,2023-10-16 21:00:00,LAPAN,Aqua,Fire inside Sitrep,SUMSEL,15560,2023,2023:15560,2023,26984,131959,0.024671274279900273,376.0,False,False,-44.0,1,Terra,2023-10-16 14:44:00
103.25038,-2.48271,2023-10-16 21:00:00,NASA,Aqua,Verified No fire,SUMSEL MUBA,15561,2023,2023:15561,2023,26985,132056,0.002484530657439951,376.0,False,False,-44.0,1,Terra,2023-10-16 14:44:00
103.27998,-2.46345,2023-10-16 21:00:00,NASA,Aqua,Verified No fire,SUMSEL MUBA,15562,2023,2023:15562,2023,26986,132057,0.005987275353587141,376.0,False,False,-44.0,1,Terra,2023-10-16 14:44:00
105.459762573,-3.72131061554,2023-10-16 21:00:00,LAPAN,Aqua,Fire inside Sitrep,SUMSEL,15563,2023,2023:15563,2023,26987,132032,0.03524954835513725,376.0,False,False,-44.0,1,Terra,2023-10-16 14:44:00
105.502037048,-3.7371931076,2023-10-16 21:00:00,LAPAN,Aqua,Fire inside Sitrep,SUMSEL,15564,2023,2023:15564,2023,26988,132035,0.028071218349921667,376.0,False,False,-44.0,1,Terra,2023-10-16 14:44:00
105.235740662,-3.08732938766,2023-10-16 21:00:00,LAPAN,Aqua,Fire inside Sitrep,SUMSEL,15565,2023,2023:15565,2023,26989,131962,0.031041886253579336,376.0,False,False,-44.0,1,Terra,2023-10-16 14:44:00
105.23593,-3.0871,2023-10-16 21:00:00,NASA,Aqua,Fire inside Sitrep,SUMSEL,15566,2023,2023:15566,2023,26990,131962,0.003331011486086023,376.0,False,False,-44.0,1,Terra,2023-10-16 14:44:00
102.83538,-1.13831,2023-10-16 21:00:00,NASA,Aqua,Verified Fire,JAMBI SMF,15567,2023,2023:15567,2023,26991,132077,0.002486005045572844,375.0,False,False,-45.0,1,Terra,2023-10-16 14:45:00
105.5872,-3.00034,2023-10-16 21:00:00,NASA,Aqua,Fire inside Sitrep,SUMSEL,15568,2023,2023:15568,2023,26992,131953,0.004447803209319333,376.0,False,False,-44.0,1,Terra,2023-10-16 14:44:00
105.587051392,-3.00055861473,2023-10-16 21:00:00,LAPAN,Aqua,Fire inside Sitrep,SUMSEL,15569,2023,2023:15569,2023,26993,131953,0.03315504823827923,376.0,False,False,-44.0,1,Terra,2023-10-16 14:44:00
105.592605591,-2.99570870399,2023-10-16 21:00:00,LAPAN,Aqua,Fire inside Sitrep,SUMSEL,15570,2023,2023:15570,2023,26994,131956,0.03169527853963067,376.0,False,False,-44.0,1,Terra,2023-10-16 14:44:00
105.59276,-2.99549,2023-10-16 21:00:00,NASA,Aqua,Fire inside Sitrep,SUMSEL,15571,2023,2023:15571,2023,26995,131956,0.004578795027932732,376.0,False,False,-44.0,1,Terra,2023-10-16 14:44:00
105.58575,-2.98987,2023-10-16 21:00:00,NASA,Aqua,Fire inside Sitrep,SUMSEL,15572,2023,2023:15572,2023,26996,131952,0.006477243157701654,376.0,False,False,-44.0,1,Terra,2023-10-16 14:44:00
105.58018,-2.99718,2023-10-16 21:00:00,NASA,Aqua,Verified No fire,SUMSEL,15573,2023,2023:15573,2023,26997,131955,0.0031429214768267984,376.0,False,False,-44.0,1,Terra,2023-10-16 14:44:00
105.58001709,-2.9973962307,2023-10-16 21:00:00,LAPAN,Aqua,Verified No fire,SUMSEL,15574,2023,2023:15574,2023,26998,131955,0.029810047362054365,376.0,False,False,-44.0,1,Terra,2023-10-16 14:44:00
105.23444,-3.07634,2023-10-16 21:00:00,NASA,Aqua,Verified No fire,SUMSEL,15575,2023,2023:15575,2023,26999,131960,0.0062856130043477424,376.0,False,False,-44.0,1,Terra,2023-10-16 14:44:00
105.22255,-3.08894,2023-10-16 21:00:00,NASA,Aqua,Fire inside Sitrep,SUMSEL,15576,2023,2023:15576,2023,27000,131961,0.007113653289180326,376.0,False,False,-44.0,1,Terra,2023-10-16 14:44:00
105.50222,-3.73697,2023-10-16 21:00:00,NASA,Aqua,Fire inside Sitrep,SUMSEL,15577,2023,2023:15577,2023,27001,132035,0.004006574631342234,376.0,False,False,-44.0,1,Terra,2023-10-16 14:44:00
105.585609436,-2.99009251595,2023-10-16 21:00:00,LAPAN,Aqua,Fire inside Sitrep,SUMSEL,15578,2023,2023:15578,2023,27002,131952,0.030100453395005295,376.0,False,False,-44.0,1,Terra,2023-10-16 14:44:00
103.249656677,-2.48301005363,2023-10-16 21:00:00,LAPAN,Aqua,Verified No fire,SUMSEL MUBA,15579,2023,2023:15579,2023,27003,132056,0.08948443868686533,376.0,False,False,-44.0,1,Terra,2023-10-16 14:44:00
103.279296875,-2.46374750137,2023-10-16 21:00:00,LAPAN,Aqua,Verified No fire,SUMSEL MUBA,15580,2023,2023:15580,2023,27004,132057,0.08714662285185025,376.0,False,False,-44.0,1,Terra,2023-10-16 14:44:00
103.44992,-2.27309,2023-10-16 21:00:00,NASA,Aqua,Verified No fire,SUMSEL MUBA,15581,2023,2023:15581,2023,27005,132060,0.00248483252783398,376.0,False,False,-44.0,1,Terra,2023-10-16 14:44:00
105.25077,-3.09603,2023-10-16 21:00:00,NASA,Aqua,Fire inside Sitrep,SUMSEL,15582,2023,2023:15582,2023,27006,131964,0.004714166130960818,376.0,False,False,-44.0,1,Terra,2023-10-16 14:44:00
105.445121765,-3.71242833138,2023-10-16 21:00:00,LAPAN,Aqua,Fire inside Sitrep,SUMSEL,15583,2023,2023:15583,2023,27007,132030,0.032183198704774346,376.0,False,False,-44.0,1,Terra,2023-10-16 14:44:00
105.458297729,-3.71062064171,2023-10-16 21:00:00,LAPAN,Aqua,Fire inside Sitrep,SUMSEL,15584,2023,2023:15584,2023,27008,132031,0.03325178624715149,376.0,False,False,-44.0,1,Terra,2023-10-16 14:44:00
105.5095,-3.69255,2023-10-16 21:00:00,NASA,Aqua,Fire inside Sitrep,SUMSEL,15585,2023,2023:15585,2023,27009,132029,0.005559754011773201,376.0,False,False,-44.0,1,Terra,2023-10-16 14:44:00
105.22105,-3.07816,2023-10-16 21:00:00,NASA,Aqua,Fire inside Sitrep,SUMSEL,15586,2023,2023:15586,2023,27010,131959,0.00711369704012492,376.0,False,False,-44.0,1,Terra,2023-10-16 14:44:00
105.7924,-3.3467,2023-10-16 21:00:00,NASA,Aqua,Fire inside Sitrep,SUMSEL,15587,2023,2023:15587,2023,27011,132007,0.0,376.0,False,False,-44.0,1,Terra,2023-10-16 14:44:00
105.58163,-3.00765,2023-10-16 21:00:00,NASA,Aqua,Verified No fire,SUMSEL,15588,2023,2023:15588,2023,27012,131958,0.006481368683486144,376.0,False,False,-44.0,1,Terra,2023-10-16 14:44:00
105.581474304,-3.00787138939,2023-10-16 21:00:00,LAPAN,Aqua,Fire inside Sitrep,SUMSEL,15589,2023,2023:15589,2023,27013,131958,0.02362216599183087,376.0,False,False,-44.0,1,Terra,2023-10-16 14:44:00
105.45995,-3.72108,2023-10-16 21:00:00,NASA,Aqua,Fire inside Sitrep,SUMSEL,15590,2023,2023:15590,2023,27014,132032,0.005977157152186715,376.0,False,False,-44.0,1,Terra,2023-10-16 14:44:00
105.66689,-3.54722,2023-10-16 21:00:00,NASA,Aqua,Fire inside Sitrep,SUMSEL,15591,2023,2023:15591,2023,27015,132022,0.0024854456026874357,376.0,False,False,-44.0,1,Terra,2023-10-16 14:44:00
105.23425293,-3.07656431198,2023-10-16 21:00:00,LAPAN,Aqua,Verified No fire,SUMSEL,15592,2023,2023:15592,2023,27016,131960,0.03362214685615326,376.0,False,False,-44.0,1,Terra,2023-10-16 14:44:00
103.443267822,-2.2700521946,2023-10-16 21:00:00,LAPAN,Aqua,Verified No fire,SUMSEL MUBA,15593,2023,2023:15593,2023,27017,132061,0.08041973390246857,376.0,False,False,-44.0,1,Terra,2023-10-16 14:44:00
105.44531,-3.7122,2023-10-16 21:00:00,NASA,Aqua,Fire inside Sitrep,SUMSEL,15594,2023,2023:15594,2023,27018,132030,0.0011096177682121016,376.0,False,False,-44.0,1,Terra,2023-10-16 14:44:00
105.45849,-3.71039,2023-10-16 21:00:00,NASA,Aqua,Fire inside Sitrep,SUMSEL,15595,2023,2023:15595,2023,27019,132031,0.0015708886690364652,376.0,False,False,-44.0,1,Terra,2023-10-16 14:44:00
105.222366333,-3.08916211128,2023-10-16 21:00:00,LAPAN,Aqua,Fire inside Sitrep,SUMSEL,15596,2023,2023:15596,2023,27020,131961,0.03270672567795947,376.0,False,False,-44.0,1,Terra,2023-10-16 14:44:00
105.55683,-3.76035,2023-10-17 10:00:00,NASA,Aqua,Fire inside Sitrep,SUMSEL,15938,2023,2023:15938,2023,27362,132164,0.006480039519867063,414.0,False,False,-6.0,1,Terra,2023-10-17 03:06:00
105.5064,-3.73335,2023-10-17 10:00:00,NASA,Aqua,Fire inside Sitrep,SUMSEL,15939,2023,2023:15939,2023,27363,132162,0.005559754011785612,414.0,False,False,-6.0,1,Terra,2023-10-17 03:06:00
103.2445,-2.51235,2023-10-17 10:00:00,NASA,Aqua,Verified Fire,SUMSEL MUBA,15940,2023,2023:15940,2023,27364,132221,0.00555975401165533,414.0,False,False,-6.0,1,Terra,2023-10-17 03:06:00
103.4498,-2.21131,2023-10-17 10:00:00,NASA,Aqua,Verified No fire,SUMSEL MUBA,15941,2023,2023:15941,2023,27365,132201,0.0011119508023645689,414.0,False,False,-6.0,1,Terra,2023-10-17 03:06:00
105.27256,-3.09908,2023-10-17 10:00:00,NASA,Aqua,Fire inside Sitrep,SUMSEL,15942,2023,2023:15942,2023,27366,132130,0.00496697796092685,414.0,False,False,-6.0,1,Terra,2023-10-17 03:06:00
103.25333,-2.51363,2023-10-17 10:00:00,NASA,Aqua,Verified Fire,SUMSEL MUBA,15943,2023,2023:15943,2023,27367,132222,0.004715338688331947,414.0,False,False,-6.0,1,Terra,2023-10-17 03:06:00
103.46883,-2.26848,2023-10-17 10:00:00,NASA,Aqua,Verified No fire,SUMSEL MUBA,15944,2023,2023:15944,2023,27368,132209,0.004007020700566046,414.0,False,False,-6.0,1,Terra,2023-10-17 03:06:00
105.27248,-2.99745,2023-10-17 10:00:00,NASA,Aqua,Verified No fire,SUMSEL,15945,2023,2023:15945,2023,27369,132234,0.0059869090189128525,414.0,False,False,-6.0,1,Terra,2023-10-17 03:06:00
103.47767,-2.26977,2023-10-17 10:00:00,NASA,Aqua,Verified No fire,SUMSEL MUBA,15946,2023,2023:15946,2023,27370,132210,0.004715757408565057,414.0,False,False,-6.0,1,Terra,2023-10-17 03:06:00
105.6469,-3.10918,2023-10-17 10:00:00,NASA,Aqua,Fire inside Sitrep,SUMSEL,15947,2023,2023:15947,2023,27371,132126,0.00222390160466862,414.0,False,False,-6.0,1,Terra,2023-10-17 03:06:00
105.63633,-3.10766,2023-10-17 10:00:00,NASA,Aqua,Fire inside Sitrep,SUMSEL,15948,2023,2023:15948,2023,27372,132235,0.005556811999449021,414.0,False,False,-6.0,1,Terra,2023-10-17 03:06:00
103.29485,-2.47436,2023-10-17 10:00:00,NASA,Aqua,Verified No fire,SUMSEL MUBA,15949,2023,2023:15949,2023,27373,132219,0.007115912026287396,414.0,False,False,-6.0,1,Terra,2023-10-17 03:06:00
105.72823,-3.56106,2023-10-17 10:00:00,NASA,Aqua,Fire inside Sitrep,SUMSEL,15950,2023,2023:15950,2023,27374,132155,0.00555589178347006,414.0,False,False,-6.0,1,Terra,2023-10-17 03:06:00
105.56749,-3.76189,2023-10-17 10:00:00,NASA,Aqua,Fire inside Sitrep,SUMSEL,15951,2023,2023:15951,2023,27375,132165,0.001570842664896229,414.0,False,False,-6.0,1,Terra,2023-10-17 03:06:00
105.64557,-3.11885,2023-10-17 10:00:00,NASA,Aqua,Fire inside Sitrep,SUMSEL,15952,2023,2023:15952,2023,27376,132128,0.0064811908670394085,414.0,False,False,-6.0,1,Terra,2023-10-17 03:06:00
105.24356,-3.08535,2023-10-17 10:00:00,NASA,Aqua,Verified No fire,SUMSEL,15953,2023,2023:15953,2023,27377,132129,0.007115933417276505,414.0,False,False,-6.0,1,Terra,2023-10-17 03:06:00
103.30368,-2.47565,2023-10-17 10:00:00,NASA,Aqua,Verified No fire,SUMSEL MUBA,15954,2023,2023:15954,2023,27378,132220,0.005987267782419728,414.0,False,False,-6.0,1,Terra,2023-10-17 03:06:00
103.28728,-2.4642,2023-10-17 10:00:00,NASA,Aqua,Verified No fire,SUMSEL MUBA,15955,2023,2023:15955,2023,27379,132218,0.0022218451214530044,414.0,False,False,-6.0,1,Terra,2023-10-17 03:06:00
105.54483,-3.40016,2023-10-17 10:00:00,NASA,Aqua,Fire inside Sitrep,SUMSEL,15956,2023,2023:15956,2023,27380,132145,0.005556232620383372,414.0,False,False,-6.0,1,Terra,2023-10-17 03:06:00
105.78421,-3.58298,2023-10-17 22:00:00,NASA,Aqua,Fire inside Sitrep,SUMSEL,17200,2023,2023:17200,2023,28624,132802,0.0024854263225322815,396.0,False,False,-24.0,1,Terra,2023-10-17 15:24:00
105.53616,-3.3973,2023-10-17 22:00:00,NASA,Aqua,Fire inside Sitrep,SUMSEL,17201,2023,2023:17201,2023,28625,132801,0.004439986736080428,396.0,False,False,-24.0,1,Terra,2023-10-17 15:24:00
105.23627,-3.07626,2023-10-17 22:00:00,NASA,Aqua,Verified No fire,SUMSEL,17202,2023,2023:17202,2023,28626,132832,0.005556871110537749,395.0,False,False,-25.0,1,Terra,2023-10-17 15:25:00
105.29407,-3.08028,2023-10-17 22:00:00,NASA,Aqua,Verified No fire,SUMSEL,17203,2023,2023:17203,2023,28627,132830,0.004005186384439825,395.0,False,False,-25.0,1,Terra,2023-10-17 15:25:00
105.60468,-3.78065,2023-10-17 22:00:00,NASA,Aqua,Fire inside Sitrep,SUMSEL,17204,2023,2023:17204,2023,28628,132812,0.00598624262971247,396.0,False,False,-24.0,1,Terra,2023-10-17 15:24:00
105.56239,-3.76115,2023-10-17 22:00:00,NASA,Aqua,Fire inside Sitrep,SUMSEL,17205,2023,2023:17205,2023,28629,132813,0.005669389631889071,396.0,False,False,-24.0,1,Terra,2023-10-17 15:24:00
105.58762,-2.97025,2023-10-17 22:00:00,NASA,Aqua,Fire inside Sitrep,SUMSEL,17206,2023,2023:17206,2023,28630,132837,0.005986929368464341,395.0,False,False,-25.0,1,Terra,2023-10-17 15:25:00
105.61853,-3.77812,2023-10-17 22:00:00,NASA,Aqua,Fire inside Sitrep,SUMSEL,17207,2023,2023:17207,2023,28631,132811,0.004003165492012849,396.0,False,False,-24.0,1,Terra,2023-10-17 15:24:00
105.45213,-3.71219,2023-10-17 22:00:00,NASA,Aqua,Fire inside Sitrep,SUMSEL,17208,2023,2023:17208,2023,28632,132803,0.0035096579646981788,396.0,False,False,-24.0,1,Terra,2023-10-17 15:24:00
105.28811,-3.07924,2023-10-17 22:00:00,NASA,Aqua,Verified No fire,SUMSEL,17209,2023,2023:17209,2023,28633,132834,0.004584301503193543,395.0,False,False,-25.0,1,Terra,2023-10-17 15:25:00
105.23211,-3.0873,2023-10-17 22:00:00,NASA,Aqua,Fire inside Sitrep,SUMSEL,17210,2023,2023:17210,2023,28634,132835,0.0011103369537194378,395.0,False,False,-25.0,1,Terra,2023-10-17 15:25:00
105.64468,-3.13242,2023-10-17 22:00:00,NASA,Aqua,Fire inside Sitrep,SUMSEL,17211,2023,2023:17211,2023,28635,132791,0.03667430396371562,396.0,False,False,-24.0,1,Terra,2023-10-17 15:24:00
105.562339783,-3.76136636734,2023-10-17 22:00:00,LAPAN,Aqua,Fire inside Sitrep,SUMSEL,17212,2023,2023:17212,2023,28636,132813,0.0196688271025444,396.0,False,False,-24.0,1,Terra,2023-10-17 15:24:00
105.21777,-3.07909,2023-10-17 22:00:00,NASA,Aqua,Fire inside Sitrep,SUMSEL,17213,2023,2023:17213,2023,28637,132833,0.003511728791522658,395.0,False,False,-25.0,1,Terra,2023-10-17 15:25:00
105.556762695,-3.76134109497,2023-10-17 22:00:00,LAPAN,Aqua,Fire inside Sitrep,SUMSEL,17214,2023,2023:17214,2023,28638,132809,0.027126235028363265,396.0,False,False,-24.0,1,Terra,2023-10-17 15:24:00
105.63257,-3.09484,2023-10-17 22:00:00,NASA,Aqua,Fire inside Sitrep,SUMSEL,17215,2023,2023:17215,2023,28639,132827,0.00555683628079655,395.0,False,False,-25.0,1,Terra,2023-10-17 15:25:00
105.23812,-3.08876,2023-10-17 22:00:00,NASA,Aqua,Fire inside Sitrep,SUMSEL,17216,2023,2023:17216,2023,28640,132831,0.004971351148982343,395.0,False,False,-25.0,1,Terra,2023-10-17 15:25:00
105.23025,-3.0748,2023-10-17 22:00:00,NASA,Aqua,Fire inside Sitrep,SUMSEL,17217,2023,2023:17217,2023,28641,132836,0.005551749961634868,395.0,False,False,-25.0,1,Terra,2023-10-17 15:25:00
105.618545532,-3.77832984924,2023-10-17 22:00:00,LAPAN,Aqua,Fire inside Sitrep,SUMSEL,17218,2023,2023:17218,2023,28642,132811,0.026052614410931277,396.0,False,False,-24.0,1,Terra,2023-10-17 15:24:00
105.33544,-3.09976,2023-10-17 22:00:00,NASA,Aqua,Verified No fire,SUMSEL,17219,2023,2023:17219,2023,28643,132829,0.006285543682537473,395.0,False,False,-25.0,1,Terra,2023-10-17 15:25:00
105.5568,-3.76113,2023-10-17 22:00:00,NASA,Aqua,Fire inside Sitrep,SUMSEL,17220,2023,2023:17220,2023,28644,132809,0.003335852407029428,396.0,False,False,-24.0,1,Terra,2023-10-17 15:24:00
105.741889954,-3.61021566391,2023-10-19 22:00:00,LAPAN,Aqua,Fire inside Sitrep,SUMSEL,18480,2023,2023:18480,2023,29904,133618,0.024006666068886698,412.0,False,False,-8.0,1,Terra,2023-10-19 15:08:00
105.74192,-3.61001,2023-10-19 22:00:00,NASA,Aqua,Fire inside Sitrep,SUMSEL,18481,2023,2023:18481,2023,29905,133618,0.0024824514550809483,412.0,False,False,-8.0,1,Terra,2023-10-19 15:08:00
105.36947,-2.6746,2023-10-21 09:00:00,NASA,Aqua,Verified No fire,SUMSEL,18676,2023,2023:18676,2023,30100,133797,0.0033322185279193043,388.0,False,False,-32.0,1,Terra,2023-10-21 02:32:00
105.59849,-3.00974,2023-10-21 09:00:00,NASA,Aqua,Fire inside Sitrep,SUMSEL,18677,2023,2023:18677,2023,30101,133798,0.004584318854022009,388.0,False,False,-32.0,1,Terra,2023-10-21 02:32:00
105.22617,-3.08598,2023-10-21 21:00:00,NASA,Aqua,Fire inside Sitrep,SUMSEL,18824,2023,2023:18824,2023,30248,134049,0.0040051715393089465,369.0,False,False,-51.0,1,Terra,2023-10-21 14:51:00
105.68362,-3.56978,2023-10-22 10:00:00,NASA,Aqua,Fire inside Sitrep,SUMSEL,18911,2023,2023:18911,2023,30335,134109,0.003142022095948883,407.0,False,False,-13.0,1,Terra,2023-10-22 03:13:00
105.79087,-3.61553,2023-10-24 09:00:00,NASA,Aqua,Fire inside Sitrep,SUMSEL,19608,2023,2023:19608,2023,31032,134574,0.004712915300503093,363.0,False,False,-57.0,1,Terra,2023-10-24 02:57:00
105.6788,-3.57204,2023-10-24 09:00:00,NASA,Aqua,Fire inside Sitrep,SUMSEL,19609,2023,2023:19609,2023,31033,134573,0.004447803209325065,363.0,False,False,-57.0,1,Terra,2023-10-24 02:57:00
105.38615,-3.28033,2023-10-24 09:00:00,NASA,Aqua,Fire inside Sitrep,SUMSEL,19610,2023,2023:19610,2023,31034,134567,0.006475922034471348,364.0,False,False,-56.0,1,Terra,2023-10-24 02:56:00
105.7133,-3.6498,2023-10-24 09:00:00,NASA,Aqua,Fire inside Sitrep,SUMSEL,19611,2023,2023:19611,2023,31035,134579,0.0,363.0,False,False,-57.0,1,Terra,2023-10-24 02:57:00
105.46263,-3.71468,2023-10-24 09:00:00,NASA,Aqua,Fire inside Sitrep,SUMSEL,19612,2023,2023:19612,2023,31036,134580,0.004003366104765001,363.0,False,False,-57.0,1,Terra,2023-10-24 02:57:00
105.49047,-3.79269,2023-10-24 09:00:00,NASA,Aqua,Fire inside Sitrep,SUMSEL,19613,2023,2023:19613,2023,31037,134582,0.0035093670340380486,363.0,False,False,-57.0,1,Terra,2023-10-24 02:57:00
105.49796,-3.7393,2023-10-24 09:00:00,NASA,Aqua,Fire inside Sitrep,SUMSEL,19614,2023,2023:19614,2023,31038,134581,0.004438334370045834,363.0,False,False,-57.0,1,Terra,2023-10-24 02:57:00
105.62148,-3.84939,2023-10-24 09:00:00,NASA,Aqua,Fire inside Sitrep,SUMSEL,19615,2023,2023:19615,2023,31039,134583,0.0024819110696925914,363.0,False,False,-57.0,1,Terra,2023-10-24 02:57:00
105.7044,-3.64851,2023-10-24 09:00:00,NASA,Aqua,Fire inside Sitrep,SUMSEL,19616,2023,2023:19616,2023,31040,134578,0.0011119508023446462,363.0,False,False,-57.0,1,Terra,2023-10-24 02:57:00
105.490585327,-3.79249548912,2023-10-24 09:00:00,LAPAN,Aqua,Fire inside Sitrep,SUMSEL,19617,2023,2023:19617,2023,31041,134582,0.024632544643515285,363.0,False,False,-57.0,1,Terra,2023-10-24 02:57:00
105.22822,-3.08202,2023-10-24 09:00:00,NASA,Aqua,Fire inside Sitrep,SUMSEL,19618,2023,2023:19618,2023,31042,134566,0.003142798118532386,364.0,False,False,-56.0,1,Terra,2023-10-24 02:56:00
105.55556,-3.44247,2023-10-24 09:00:00,NASA,Aqua,Fire inside Sitrep,SUMSEL,19619,2023,2023:19619,2023,31043,134556,0.005553335527508706,364.0,False,False,-56.0,1,Terra,2023-10-24 02:56:00
105.69876,-3.45421,2023-10-24 09:00:00,NASA,Aqua,Fire inside Sitrep,SUMSEL,19620,2023,2023:19620,2023,31044,134570,0.004576851850796251,364.0,False,False,-56.0,1,Terra,2023-10-24 02:56:00
105.61671,-3.05531,2023-10-24 09:00:00,NASA,Aqua,Fire inside Sitrep,SUMSEL,19621,2023,2023:19621,2023,31045,134565,0.0015714186638840027,364.0,False,False,-56.0,1,Terra,2023-10-24 02:56:00
105.67843,-3.46217,2023-10-24 22:00:00,NASA,Aqua,Fire inside Sitrep,SUMSEL,20010,2023,2023:20010,2023,31434,134984,0.004713304565550374,405.0,False,False,-15.0,1,Terra,2023-10-24 15:15:00
103.20055,-2.46268,2023-10-24 22:00:00,NASA,Aqua,Verified No fire,SUMSEL MUBA,20011,2023,2023:20011,2023,31435,134987,0.005983270985983742,405.0,False,False,-15.0,1,Terra,2023-10-24 15:15:00
105.77122,-3.49666,2023-10-24 22:00:00,NASA,Aqua,Fire inside Sitrep,SUMSEL,20012,2023,2023:20012,2023,31436,134993,0.0049709450061635775,405.0,False,False,-15.0,1,Terra,2023-10-24 15:15:00
105.60534,-3.74866,2023-10-24 22:00:00,NASA,Aqua,Fire inside Sitrep,SUMSEL,20013,2023,2023:20013,2023,31437,134995,0.0062834181231494245,405.0,False,False,-15.0,1,Terra,2023-10-24 15:15:00
105.78465,-3.49467,2023-10-24 22:00:00,NASA,Aqua,Fire inside Sitrep,SUMSEL,20014,2023,2023:20014,2023,31438,134994,0.006474868547005784,405.0,False,False,-15.0,1,Terra,2023-10-24 15:15:00
105.56985,-3.77537,2023-10-24 22:00:00,NASA,Aqua,Fire inside Sitrep,SUMSEL,20015,2023,2023:20015,2023,31439,134996,0.0064733885242572245,405.0,False,False,-15.0,1,Terra,2023-10-24 15:15:00
105.6917,-3.46026,2023-10-24 22:00:00,NASA,Aqua,Fire inside Sitrep,SUMSEL,20016,2023,2023:20016,2023,31440,134983,0.004447803209399471,405.0,False,False,-15.0,1,Terra,2023-10-24 15:15:00
105.78896,-3.61635,2023-10-26 09:00:00,NASA,Aqua,Fire inside Sitrep,SUMSEL,21026,2023,2023:21026,2023,32450,135462,0.007114429743736103,380.0,False,False,-40.0,1,Terra,2023-10-26 02:40:00
105.28423,-3.05316,2023-10-26 09:00:00,NASA,Aqua,Verified No fire,SUMSEL,21027,2023,2023:21027,2023,32451,135460,0.005556914214031213,380.0,False,False,-40.0,1,Terra,2023-10-26 02:40:00
105.73704529,-3.45825338,2023-10-26 13:00:00,LAPAN,NOAA20,Fire inside Sitrep,SUMSEL,21037,2023,2023:21037,2023,32461,1484315,0.09875752257066696,409.0,False,False,-11.0,1,SNPP,2023-10-26 06:11:00
105.63897705,-3.2128706,2023-10-26 13:00:00,LAPAN,NOAA20,Fire inside Sitrep,SUMSEL,21064,2023,2023:21064,2023,32488,1484797,0.061068835095940764,408.0,False,False,-12.0,1,SNPP,2023-10-26 06:12:00
105.63244629,-3.23280549,2023-10-26 13:00:00,LAPAN,NOAA20,Fire inside Sitrep,SUMSEL,21066,2023,2023:21066,2023,32490,1484804,0.034864849520318736,408.0,False,False,-12.0,1,SNPP,2023-10-26 06:12:00
105.55975342,-3.83769512,2023-10-26 13:00:00,LAPAN,NOAA20,Fire inside Sitrep,SUMSEL,21084,2023,2023:21084,2023,32508,1484407,0.06686057651659474,409.0,False,False,-11.0,1,SNPP,2023-10-26 06:11:00
105.60508728,-3.28157568,2023-10-26 13:00:00,LAPAN,NOAA20,Fire inside Sitrep,SUMSEL,21163,2023,2023:21163,2023,32587,1484636,0.0407872406234965,408.0,False,False,-12.0,1,SNPP,2023-10-26 06:12:00
105.62213135,-3.2787838,2023-10-26 13:00:00,LAPAN,NOAA20,Fire inside Sitrep,SUMSEL,21194,2023,2023:21194,2023,32618,1484640,0.06318987762299359,408.0,False,False,-12.0,1,SNPP,2023-10-26 06:12:00
105.59677124,-3.00698423,2023-10-26 13:00:00,LAPAN,NOAA20,Fire inside Sitrep,SUMSEL,21232,2023,2023:21232,2023,32656,1484763,0.05538057014873948,408.0,False,False,-12.0,1,SNPP,2023-10-26 06:12:00
105.59845734,-3.01779413,2023-10-26 13:00:00,LAPAN,NOAA20,Fire inside Sitrep,SUMSEL,21345,2023,2023:21345,2023,32769,1484770,0.06856857368866216,408.0,False,False,-12.0,1,SNPP,2023-10-26 06:12:00
105.59381866,-3.85217667,2023-10-26 13:00:00,LAPAN,NOAA20,Fire inside Sitrep,SUMSEL,21404,2023,2023:21404,2023,32828,1484414,0.04341811112171398,409.0,False,False,-11.0,1,SNPP,2023-10-26 06:11:00
105.6006012,-3.53892398,2023-10-26 13:00:00,LAPAN,NOAA20,Fire inside Sitrep,SUMSEL,21412,2023,2023:21412,2023,32836,1484334,0.07679269584375804,409.0,False,False,-11.0,1,SNPP,2023-10-26 06:11:00
105.460502625,-3.72307491302,2023-10-26 21:00:00,LAPAN,Aqua,Fire inside Sitrep,SUMSEL,21696,2023,2023:21696,2023,33120,135801,0.03242229692613923,362.0,False,False,-58.0,1,Terra,2023-10-26 14:58:00
105.46057,-3.72285,2023-10-26 21:00:00,NASA,Aqua,Fire inside Sitrep,SUMSEL,21697,2023,2023:21697,2023,33121,135801,0.006480112804181074,362.0,False,False,-58.0,1,Terra,2023-10-26 14:58:00
105.459243774,-3.71420645714,2023-10-26 21:00:00,LAPAN,Aqua,Fire inside Sitrep,SUMSEL,21698,2023,2023:21698,2023,33122,135800,0.023789679530049717,362.0,False,False,-58.0,1,Terra,2023-10-26 14:58:00
105.57307,-3.77217,2023-10-26 21:00:00,NASA,Aqua,Fire inside Sitrep,SUMSEL,21699,2023,2023:21699,2023,33123,135807,0.004712500195897109,362.0,False,False,-58.0,1,Terra,2023-10-26 14:58:00
105.564170837,-3.77363348007,2023-10-26 21:00:00,LAPAN,Aqua,Fire inside Sitrep,SUMSEL,21700,2023,2023:21700,2023,33124,135806,0.026162701925437955,362.0,False,False,-58.0,1,Terra,2023-10-26 14:58:00
105.56424,-3.7734,2023-10-26 21:00:00,NASA,Aqua,Fire inside Sitrep,SUMSEL,21701,2023,2023:21701,2023,33125,135806,0.004438160945093376,362.0,False,False,-58.0,1,Terra,2023-10-26 14:58:00
105.48962,-3.73686,2023-10-26 21:00:00,NASA,Aqua,Fire inside Sitrep,SUMSEL,21702,2023,2023:21702,2023,33126,135802,0.004970682404269221,362.0,False,False,-58.0,1,Terra,2023-10-26 14:58:00
105.498382568,-3.73585343361,2023-10-26 21:00:00,LAPAN,Aqua,Fire inside Sitrep,SUMSEL,21703,2023,2023:21703,2023,33127,135803,0.031047197288696666,362.0,False,False,-58.0,1,Terra,2023-10-26 14:58:00
105.527565002,-3.7697122097,2023-10-26 21:00:00,LAPAN,Aqua,Fire inside Sitrep,SUMSEL,21704,2023,2023:21704,2023,33128,135805,0.023914058324161363,362.0,False,False,-58.0,1,Terra,2023-10-26 14:58:00
105.347953796,-3.69356012344,2023-10-26 21:00:00,LAPAN,Aqua,Fire inside Sitrep,SUMSEL,21705,2023,2023:21705,2023,33129,135798,0.02937532320736102,362.0,False,False,-58.0,1,Terra,2023-10-26 14:58:00
105.68161,-3.46244,2023-10-26 21:00:00,NASA,Aqua,Fire inside Sitrep,SUMSEL,21706,2023,2023:21706,2023,33130,135786,0.004584198750459623,362.0,False,False,-58.0,1,Terra,2023-10-26 14:58:00
105.604553223,-3.7408747673,2023-10-26 21:00:00,LAPAN,Aqua,Fire inside Sitrep,SUMSEL,21707,2023,2023:21707,2023,33131,135804,0.030990498416819404,362.0,False,False,-58.0,1,Terra,2023-10-26 14:58:00
105.60462,-3.74065,2023-10-26 21:00:00,NASA,Aqua,Fire inside Sitrep,SUMSEL,21708,2023,2023:21708,2023,33132,135804,0.0059862803783750276,362.0,False,False,-58.0,1,Terra,2023-10-26 14:58:00
105.74593,-3.55466,2023-10-26 21:00:00,NASA,Aqua,Fire inside Sitrep,SUMSEL,21709,2023,2023:21709,2023,33133,135791,0.005555905640504821,362.0,False,False,-58.0,1,Terra,2023-10-26 14:58:00
105.737052917,-3.55612111092,2023-10-26 21:00:00,LAPAN,Aqua,Fire inside Sitrep,SUMSEL,21710,2023,2023:21710,2023,33134,135790,0.0251355783435205,362.0,False,False,-58.0,1,Terra,2023-10-26 14:58:00
105.708000183,-3.52218532562,2023-10-26 21:00:00,LAPAN,Aqua,Fire inside Sitrep,SUMSEL,21711,2023,2023:21711,2023,33135,135789,0.023396305329865728,362.0,False,False,-58.0,1,Terra,2023-10-26 14:58:00
105.69924,-3.52319,2023-10-26 21:00:00,NASA,Aqua,Fire inside Sitrep,SUMSEL,21712,2023,2023:21712,2023,33136,135788,0.004576535716673936,362.0,False,False,-58.0,1,Terra,2023-10-26 14:58:00
105.79511261,-3.35466337204,2023-10-26 21:00:00,LAPAN,Aqua,Fire inside Sitrep,SUMSEL,21713,2023,2023:21713,2023,33137,135784,0.03085051244098547,362.0,False,False,-58.0,1,Terra,2023-10-26 14:58:00
105.699180603,-3.52342176437,2023-10-26 21:00:00,LAPAN,Aqua,Fire inside Sitrep,SUMSEL,21714,2023,2023:21714,2023,33138,135788,0.024752898635659333,362.0,False,False,-58.0,1,Terra,2023-10-26 14:58:00
105.228134155,-3.08355236053,2023-10-26 21:00:00,LAPAN,Aqua,Fire inside Sitrep,SUMSEL,21715,2023,2023:21715,2023,33139,135766,0.028998017643855643,362.0,False,False,-58.0,1,Terra,2023-10-26 14:58:00
105.73837,-3.56475,2023-10-26 21:00:00,NASA,Aqua,Fire inside Sitrep,SUMSEL,21716,2023,2023:21716,2023,33140,135792,0.006480413333638478,362.0,False,False,-58.0,1,Terra,2023-10-26 14:58:00
105.52763,-3.76948,2023-10-26 21:00:00,NASA,Aqua,Fire inside Sitrep,SUMSEL,21717,2023,2023:21717,2023,33141,135805,0.0040031929572926835,362.0,False,False,-58.0,1,Terra,2023-10-26 14:58:00
105.49846,-3.73562,2023-10-26 21:00:00,NASA,Aqua,Fire inside Sitrep,SUMSEL,21718,2023,2023:21718,2023,33142,135803,0.004964344477199615,362.0,False,False,-58.0,1,Terra,2023-10-26 14:58:00
105.681541443,-3.46266794205,2023-10-26 21:00:00,LAPAN,Aqua,Fire inside Sitrep,SUMSEL,21719,2023,2023:21719,2023,33143,135786,0.030494499518899525,362.0,False,False,-58.0,1,Terra,2023-10-26 14:58:00
105.45931,-3.71398,2023-10-26 21:00:00,NASA,Aqua,Fire inside Sitrep,SUMSEL,21720,2023,2023:21720,2023,33144,135800,0.0024853540886244038,362.0,False,False,-58.0,1,Terra,2023-10-26 14:58:00
105.745872498,-3.55488491058,2023-10-26 21:00:00,LAPAN,Aqua,Fire inside Sitrep,SUMSEL,21721,2023,2023:21721,2023,33145,135791,0.020786454756907834,362.0,False,False,-58.0,1,Terra,2023-10-26 14:58:00
105.2282,-3.08332,2023-10-26 21:00:00,NASA,Aqua,Fire inside Sitrep,SUMSEL,21722,2023,2023:21722,2023,33146,135766,0.002223901604664308,362.0,False,False,-58.0,1,Terra,2023-10-26 14:58:00
105.738311768,-3.56497645378,2023-10-26 21:00:00,LAPAN,Aqua,Fire inside Sitrep,SUMSEL,21723,2023,2023:21723,2023,33147,135792,0.03226219068733306,362.0,False,False,-58.0,1,Terra,2023-10-26 14:58:00
105.73711,-3.55589,2023-10-26 21:00:00,NASA,Aqua,Fire inside Sitrep,SUMSEL,21724,2023,2023:21724,2023,33148,135790,0.0015710228860423385,362.0,False,False,-58.0,1,Terra,2023-10-26 14:58:00
105.573005676,-3.77239775658,2023-10-26 21:00:00,LAPAN,Aqua,Fire inside Sitrep,SUMSEL,21725,2023,2023:21725,2023,33149,135807,0.024353035299099414,362.0,False,False,-58.0,1,Terra,2023-10-26 14:58:00
105.59106,-3.29085,2023-10-26 21:00:00,NASA,Aqua,Fire inside Sitrep,SUMSEL,21726,2023,2023:21726,2023,33150,135777,0.00867616466991677,362.0,False,False,-58.0,1,Terra,2023-10-26 14:58:00
105.59987,-3.28961,2023-10-26 21:00:00,NASA,Aqua,Fire inside Sitrep,SUMSEL,21727,2023,2023:21727,2023,33151,135778,0.0035110830117766932,362.0,False,False,-58.0,1,Terra,2023-10-26 14:58:00
105.489547729,-3.73709273338,2023-10-26 21:00:00,LAPAN,Aqua,Fire inside Sitrep,SUMSEL,21728,2023,2023:21728,2023,33152,135802,0.022201959041939435,362.0,False,False,-58.0,1,Terra,2023-10-26 14:58:00
105.34802,-3.69333,2023-10-26 21:00:00,NASA,Aqua,Fire inside Sitrep,SUMSEL,21729,2023,2023:21729,2023,33153,135798,0.004006635466150709,362.0,False,False,-58.0,1,Terra,2023-10-26 14:58:00
105.70806,-3.52196,2023-10-26 21:00:00,NASA,Aqua,Fire inside Sitrep,SUMSEL,21730,2023,2023:21730,2023,33154,135789,0.006284206348958447,362.0,False,False,-58.0,1,Terra,2023-10-26 14:58:00
105.79517,-3.35444,2023-10-26 21:00:00,NASA,Aqua,Fire inside Sitrep,SUMSEL,21731,2023,2023:21731,2023,33155,135784,0.005556326686657725,362.0,False,False,-58.0,1,Terra,2023-10-26 14:58:00
102.97316,-0.97092,2023-10-27 10:00:00,NASA,Aqua,Verified No fire,JAMBI SMF,22016,2023,2023:22016,2023,33440,135889,0.004972224005357851,400.0,False,False,-20.0,1,Terra,2023-10-27 03:20:00
105.48928,-3.74546,2023-10-28 21:00:00,NASA,Aqua,Fire inside Sitrep,SUMSEL,23437,2023,2023:23437,2023,34861,136616,0.0049706726802045634,378.0,False,False,-42.0,1,Terra,2023-10-28 14:42:00
105.45232,-3.72617,2023-10-28 21:00:00,NASA,Aqua,Fire inside Sitrep,SUMSEL,23438,2023,2023:23438,2023,34862,136610,0.004006589743377009,378.0,False,False,-42.0,1,Terra,2023-10-28 14:42:00
105.466209412,-3.72447538376,2023-10-28 21:00:00,LAPAN,Aqua,Fire inside Sitrep,SUMSEL,23439,2023,2023:23439,2023,34863,136611,0.037214111177831834,378.0,False,False,-42.0,1,Terra,2023-10-28 14:42:00
105.4506073,-3.71539497375,2023-10-28 21:00:00,LAPAN,Aqua,Fire inside Sitrep,SUMSEL,23440,2023,2023:23440,2023,34864,136609,0.03915375821041412,378.0,False,False,-42.0,1,Terra,2023-10-28 14:42:00
105.45081,-3.71514,2023-10-28 21:00:00,NASA,Aqua,Fire inside Sitrep,SUMSEL,23441,2023,2023:23441,2023,34865,136609,0.004584124434899243,378.0,False,False,-42.0,1,Terra,2023-10-28 14:42:00
105.34658,-3.6955,2023-10-28 21:00:00,NASA,Aqua,Fire inside Sitrep,SUMSEL,23442,2023,2023:23442,2023,34866,136608,0.0022192774102856123,378.0,False,False,-42.0,1,Terra,2023-10-28 14:42:00
105.54577,-3.40421,2023-10-28 21:00:00,NASA,Aqua,Fire inside Sitrep,SUMSEL,23443,2023,2023:23443,2023,34867,136598,0.0035107135329404656,378.0,False,False,-42.0,1,Terra,2023-10-28 14:42:00
105.46642,-3.72422,2023-10-28 21:00:00,NASA,Aqua,Fire inside Sitrep,SUMSEL,23444,2023,2023:23444,2023,34868,136611,0.0031417527813611696,378.0,False,False,-42.0,1,Terra,2023-10-28 14:42:00
105.487548828,-3.73470830917,2023-10-28 21:00:00,LAPAN,Aqua,Fire inside Sitrep,SUMSEL,23445,2023,2023:23445,2023,34869,136615,0.04418158111949628,378.0,False,False,-42.0,1,Terra,2023-10-28 14:42:00
105.57511,-3.46991,2023-10-28 21:00:00,NASA,Aqua,Fire inside Sitrep,SUMSEL,23446,2023,2023:23446,2023,34870,136603,0.0015710951215749578,378.0,False,False,-42.0,1,Terra,2023-10-28 14:42:00
105.346389771,-3.6957526207,2023-10-28 21:00:00,LAPAN,Aqua,Fire inside Sitrep,SUMSEL,23447,2023,2023:23447,2023,34871,136608,0.03651363241287462,378.0,False,False,-42.0,1,Terra,2023-10-28 14:42:00
105.48776,-3.73445,2023-10-28 21:00:00,NASA,Aqua,Fire inside Sitrep,SUMSEL,23448,2023,2023:23448,2023,34872,136615,0.007114063225732907,378.0,False,False,-42.0,1,Terra,2023-10-28 14:42:00
105.431907654,-3.33939790726,2023-10-28 21:00:00,LAPAN,Aqua,Fire inside Sitrep,SUMSEL,23449,2023,2023:23449,2023,34873,136592,0.03941080488922226,378.0,False,False,-42.0,1,Terra,2023-10-28 14:42:00
105.43209,-3.33914,2023-10-28 21:00:00,NASA,Aqua,Fire inside Sitrep,SUMSEL,23450,2023,2023:23450,2023,34874,136592,0.004584233120503695,378.0,False,False,-42.0,1,Terra,2023-10-28 14:42:00
105.55189,-3.40146,2023-10-29 10:00:00,NASA,Aqua,Fire inside Sitrep,SUMSEL,23726,2023,2023:23726,2023,35150,136718,0.004584215892455427,416.0,False,False,-4.0,1,Terra,2023-10-29 03:04:00
105.74229,-3.44838,2023-10-29 10:00:00,NASA,Aqua,Fire inside Sitrep,SUMSEL,23727,2023,2023:23727,2023,35151,136719,0.0024854978516846383,416.0,False,False,-4.0,1,Terra,2023-10-29 03:04:00
103.87495,-1.33299,2023-10-29 10:00:00,NASA,Aqua,Verified Fire,JAMBI SMF,23728,2023,2023:23728,2023,35152,136698,0.005668383477209763,417.0,False,False,-3.0,1,Terra,2023-10-29 03:03:00
105.84071,-3.89352,2023-10-29 10:00:00,NASA,Aqua,Fire inside Sitrep,SUMSEL,23729,2023,2023:23729,2023,35153,136728,0.002485250909141271,416.0,False,False,-4.0,1,Terra,2023-10-29 03:04:00
105.49028,-3.74171,2023-10-29 10:00:00,NASA,Aqua,Fire inside Sitrep,SUMSEL,23730,2023,2023:23730,2023,35154,136726,0.0024821584462641675,416.0,False,False,-4.0,1,Terra,2023-10-29 03:04:00
103.88377,-1.33427,2023-10-29 10:00:00,NASA,Aqua,Verified Fire,JAMBI SMF,23731,2023,2023:23731,2023,35155,136699,0.004716968180806799,417.0,False,False,-3.0,1,Terra,2023-10-29 03:03:00
105.64698,-3.48783,2023-10-29 10:00:00,NASA,Aqua,Fire inside Sitrep,SUMSEL,23732,2023,2023:23732,2023,35156,136720,0.004006912178097894,416.0,False,False,-4.0,1,Terra,2023-10-29 03:04:00
105.29398,-2.68153,2023-10-29 10:00:00,NASA,Aqua,Fire inside Sitrep,SUMSEL,23733,2023,2023:23733,2023,35157,136715,0.004007845380630268,417.0,False,False,-3.0,1,Terra,2023-10-29 03:03:00
105.7136,-3.67172,2023-10-29 10:00:00,NASA,Aqua,Fire inside Sitrep,SUMSEL,23734,2023,2023:23734,2023,35158,136722,0.002223901604673615,416.0,False,False,-4.0,1,Terra,2023-10-29 03:04:00
105.83018,-3.89201,2023-10-29 10:00:00,NASA,Aqua,Fire inside Sitrep,SUMSEL,23735,2023,2023:23735,2023,35159,136727,0.0024818112577526634,416.0,False,False,-4.0,1,Terra,2023-10-29 03:04:00
105.721084595,-3.77421021461,2023-10-29 22:00:00,LAPAN,Aqua,Fire inside Sitrep,SUMSEL,25065,2023,2023:25065,2023,36489,137163,0.02343723996281444,398.0,False,False,-22.0,1,Terra,2023-10-29 15:22:00
105.49053,-3.74185,2023-10-29 22:00:00,NASA,Aqua,Fire inside Sitrep,SUMSEL,25066,2023,2023:25066,2023,36490,137180,0.0064800757174018255,398.0,False,False,-22.0,1,Terra,2023-10-29 15:22:00
105.45183,-3.72278,2023-10-29 22:00:00,NASA,Aqua,Fire inside Sitrep,SUMSEL,25067,2023,2023:25067,2023,36491,137179,0.004003340669224099,398.0,False,False,-22.0,1,Terra,2023-10-29 15:22:00
105.44997406,-3.71086859703,2023-10-29 22:00:00,LAPAN,Aqua,Fire inside Sitrep,SUMSEL,25068,2023,2023:25068,2023,36492,137178,0.030005046124889592,398.0,False,False,-22.0,1,Terra,2023-10-29 15:22:00
105.451805115,-3.72301769257,2023-10-29 22:00:00,LAPAN,Aqua,Fire inside Sitrep,SUMSEL,25069,2023,2023:25069,2023,36493,137179,0.024212995651904403,398.0,False,False,-22.0,1,Terra,2023-10-29 15:22:00
105.44999,-3.71063,2023-10-29 22:00:00,NASA,Aqua,Fire inside Sitrep,SUMSEL,25070,2023,2023:25070,2023,36494,137178,0.003515560736507362,398.0,False,False,-22.0,1,Terra,2023-10-29 15:22:00
105.54912,-3.77066,2023-10-29 22:00:00,NASA,Aqua,Fire inside Sitrep,SUMSEL,25071,2023,2023:25071,2023,36495,137159,0.004970644058937254,398.0,False,False,-22.0,1,Terra,2023-10-29 15:22:00
105.566856384,-3.76831197739,2023-10-29 22:00:00,LAPAN,Aqua,Fire inside Sitrep,SUMSEL,25072,2023,2023:25072,2023,36496,137160,0.024062510738997393,398.0,False,False,-22.0,1,Terra,2023-10-29 15:22:00
105.46223,-3.71641,2023-10-29 22:00:00,NASA,Aqua,Fire inside Sitrep,SUMSEL,25073,2023,2023:25073,2023,36497,137177,0.0035096429047602544,398.0,False,False,-22.0,1,Terra,2023-10-29 15:22:00
105.56691,-3.76807,2023-10-29 22:00:00,NASA,Aqua,Fire inside Sitrep,SUMSEL,25074,2023,2023:25074,2023,36498,137160,0.0035155377779379493,398.0,False,False,-22.0,1,Terra,2023-10-29 15:22:00
105.75951,-3.6099,2023-10-29 22:00:00,NASA,Aqua,Fire inside Sitrep,SUMSEL,25075,2023,2023:25075,2023,36499,137174,0.0011097445410212902,398.0,False,False,-22.0,1,Terra,2023-10-29 15:22:00
105.490509033,-3.7420938015,2023-10-29 22:00:00,LAPAN,Aqua,Fire inside Sitrep,SUMSEL,25076,2023,2023:25076,2023,36500,137180,0.021573068948522046,398.0,False,False,-22.0,1,Terra,2023-10-29 15:22:00
105.444725037,-3.71916246414,2023-10-29 22:00:00,LAPAN,Aqua,Fire inside Sitrep,SUMSEL,25077,2023,2023:25077,2023,36501,137176,0.03034693491914112,398.0,False,False,-22.0,1,Terra,2023-10-29 15:22:00
105.44476,-3.71892,2023-10-29 22:00:00,NASA,Aqua,Fire inside Sitrep,SUMSEL,25078,2023,2023:25078,2023,36502,137176,0.004964419822060562,398.0,False,False,-22.0,1,Terra,2023-10-29 15:22:00
105.72107,-3.77398,2023-10-29 22:00:00,NASA,Aqua,Fire inside Sitrep,SUMSEL,25079,2023,2023:25079,2023,36503,137163,0.004003178628869754,398.0,False,False,-22.0,1,Terra,2023-10-29 15:22:00
105.462226868,-3.7166492939,2023-10-29 22:00:00,LAPAN,Aqua,Fire inside Sitrep,SUMSEL,25080,2023,2023:25080,2023,36504,137177,0.027880113646587178,398.0,False,False,-22.0,1,Terra,2023-10-29 15:22:00
105.759437561,-3.61014938354,2023-10-29 22:00:00,LAPAN,Aqua,Fire inside Sitrep,SUMSEL,25081,2023,2023:25081,2023,36505,137174,0.02858282941086001,398.0,False,False,-22.0,1,Terra,2023-10-29 15:22:00
105.748207092,-3.44019603729,2023-10-30 21:00:00,LAPAN,Aqua,Fire inside Sitrep,SUMSEL,26092,2023,2023:26092,2023,37516,137585,0.05463956318957128,395.0,False,False,-25.0,1,Terra,2023-10-30 14:25:00
105.74863,-3.43989,2023-10-30 21:00:00,NASA,Aqua,Fire inside Sitrep,SUMSEL,26093,2023,2023:26093,2023,37517,137585,0.0035105958863890737,395.0,False,False,-25.0,1,Terra,2023-10-30 14:25:00
105.42335,-3.31745,2023-10-30 21:00:00,NASA,Aqua,Fire inside Sitrep,SUMSEL,26094,2023,2023:26094,2023,37518,137629,0.007856094400522548,395.0,False,False,-25.0,1,Terra,2023-10-30 14:25:00
105.7673,-3.60762,2023-10-31 09:00:00,NASA,Aqua,Fire inside Sitrep,SUMSEL,26528,2023,2023:26528,2023,37952,137711,0.0022239016046202427,373.0,False,False,-47.0,1,Terra,2023-10-31 02:47:00
105.7577,-3.60621,2023-10-31 09:00:00,NASA,Aqua,Fire inside Sitrep,SUMSEL,26529,2023,2023:26529,2023,37953,137710,0.0011119508023575465,373.0,False,False,-47.0,1,Terra,2023-10-31 02:47:00
105.55839,-3.76725,2023-10-31 22:00:00,NASA,Aqua,Fire inside Sitrep,SUMSEL,26589,2023,2023:26589,2023,38013,137968,0.005669388123374493,415.0,False,False,-5.0,1,Terra,2023-10-31 15:05:00
105.56789,-3.76588,2023-10-31 22:00:00,NASA,Aqua,Fire inside Sitrep,SUMSEL,26590,2023,2023:26590,2023,38014,137973,0.0024853247563156166,415.0,False,False,-5.0,1,Terra,2023-10-31 15:05:00
105.567840576,-3.76612257957,2023-10-31 22:00:00,LAPAN,Aqua,Fire inside Sitrep,SUMSEL,26591,2023,2023:26591,2023,38015,137973,0.02561294682442882,415.0,False,False,-5.0,1,Terra,2023-10-31 15:05:00
105.55972,-3.77642,2023-10-31 22:00:00,NASA,Aqua,Fire inside Sitrep,SUMSEL,26592,2023,2023:26592,2023,38016,137975,0.0031416591711141547,415.0,False,False,-5.0,1,Terra,2023-10-31 15:05:00
105.236755371,-3.07630157471,2023-10-31 22:00:00,LAPAN,Aqua,Verified No fire,SUMSEL,26593,2023,2023:26593,2023,38017,137989,0.022955355246943497,414.0,False,False,-6.0,1,Terra,2023-10-31 15:06:00
105.559669495,-3.776658535,2023-10-31 22:00:00,LAPAN,Aqua,Fire inside Sitrep,SUMSEL,26594,2023,2023:26594,2023,38018,137975,0.028946380578669273,415.0,False,False,-5.0,1,Terra,2023-10-31 15:05:00
105.55022,-3.77778,2023-10-31 22:00:00,NASA,Aqua,Fire inside Sitrep,SUMSEL,26595,2023,2023:26595,2023,38019,137974,0.003141656679968185,415.0,False,False,-5.0,1,Terra,2023-10-31 15:05:00
105.48084,-3.74217,2023-10-31 22:00:00,NASA,Aqua,Fire inside Sitrep,SUMSEL,26596,2023,2023:26596,2023,38020,137971,0.0055521701669371025,415.0,False,False,-5.0,1,Terra,2023-10-31 15:05:00
105.480804443,-3.74241137505,2023-10-31 22:00:00,LAPAN,Aqua,Fire inside Sitrep,SUMSEL,26597,2023,2023:26597,2023,38021,137971,0.023509035193045702,415.0,False,False,-5.0,1,Terra,2023-10-31 15:05:00
105.49029,-3.74084,2023-10-31 22:00:00,NASA,Aqua,Fire inside Sitrep,SUMSEL,26598,2023,2023:26598,2023,38022,137972,0.004584116585127599,415.0,False,False,-5.0,1,Terra,2023-10-31 15:05:00
105.37804,-2.41055,2023-10-31 22:00:00,NASA,Aqua,Verified No fire,SUMSEL,26599,2023,2023:26599,2023,38023,137984,0.007117501141461942,414.0,False,False,-6.0,1,Terra,2023-10-31 15:06:00
105.23879,-3.06719,2023-10-31 22:00:00,NASA,Aqua,Verified No fire,SUMSEL,26600,2023,2023:26600,2023,38024,137981,0.001571409956582259,414.0,False,False,-6.0,1,Terra,2023-10-31 15:06:00
105.238754272,-3.06742739677,2023-10-31 22:00:00,LAPAN,Aqua,Verified No fire,SUMSEL,26601,2023,2023:26601,2023,38025,137981,0.025790153092857274,414.0,False,False,-6.0,1,Terra,2023-10-31 15:06:00
105.558349609,-3.76749038696,2023-10-31 22:00:00,LAPAN,Aqua,Fire inside Sitrep,SUMSEL,26602,2023,2023:26602,2023,38026,137968,0.03277009324279816,415.0,False,False,-5.0,1,Terra,2023-10-31 15:05:00
105.22746,-3.0774,2023-10-31 22:00:00,NASA,Aqua,Fire inside Sitrep,SUMSEL,26603,2023,2023:26603,2023,38027,137990,0.006662083705738013,414.0,False,False,-6.0,1,Terra,2023-10-31 15:06:00
105.34359,-2.62793,2023-10-31 22:00:00,NASA,Aqua,Verified No fire,SUMSEL,26604,2023,2023:26604,2023,38028,137983,0.003515927564706523,414.0,False,False,-6.0,1,Terra,2023-10-31 15:06:00
105.23679,-3.07606,2023-10-31 22:00:00,NASA,Aqua,Verified No fire,SUMSEL,26605,2023,2023:26605,2023,38029,137989,0.004584302295300739,414.0,False,False,-6.0,1,Terra,2023-10-31 15:06:00
105.490249634,-3.74107480049,2023-10-31 22:00:00,LAPAN,Aqua,Fire inside Sitrep,SUMSEL,26606,2023,2023:26606,2023,38030,137972,0.03106330534837138,415.0,False,False,-5.0,1,Terra,2023-10-31 15:05:00
105.229400635,-3.06873726845,2023-10-31 22:00:00,LAPAN,Aqua,Fire inside Sitrep,SUMSEL,26607,2023,2023:26607,2023,38031,137982,0.02638317854873717,414.0,False,False,-6.0,1,Terra,2023-10-31 15:06:00
105.4486,-3.71878,2023-10-31 22:00:00,NASA,Aqua,Fire inside Sitrep,SUMSEL,26608,2023,2023:26608,2023,38032,137970,0.0022239016045967905,415.0,False,False,-5.0,1,Terra,2023-10-31 15:05:00
105.22944,-3.0685,2023-10-31 22:00:00,NASA,Aqua,Fire inside Sitrep,SUMSEL,26609,2023,2023:26609,2023,38033,137982,0.004441426174376902,414.0,False,False,-6.0,1,Terra,2023-10-31 15:06:00
105.227409363,-3.07764029503,2023-10-31 22:00:00,LAPAN,Aqua,Fire inside Sitrep,SUMSEL,26610,2023,2023:26610,2023,38034,137990,0.026739842432862905,414.0,False,False,-6.0,1,Terra,2023-10-31 15:06:00
102.93832,-0.92036,2023-11-01 10:00:00,NASA,Aqua,Verified No fire,JAMBI SMF,26619,2023,2023:26619,2023,38043,138028,0.004972666854219774,393.0,False,False,-27.0,1,Terra,2023-11-01 03:27:00
105.55841,-3.77487,2023-11-02 21:00:00,NASA,Aqua,Fire inside Sitrep,SUMSEL,26840,2023,2023:26840,2023,38264,138371,0.0035155350383345,371.0,False,False,-49.0,1,Terra,2023-11-02 14:49:00
105.76055,-3.60627,2023-11-02 21:00:00,NASA,Aqua,Fire inside Sitrep,SUMSEL,26841,2023,2023:26841,2023,38265,138369,0.006474293776441806,371.0,False,False,-49.0,1,Terra,2023-11-02 14:49:00
105.40948,-3.30605,2023-11-02 21:00:00,NASA,Aqua,Fire inside Sitrep,SUMSEL,26842,2023,2023:26842,2023,38266,138358,0.00598666475586149,371.0,False,False,-49.0,1,Terra,2023-11-02 14:49:00
105.42136,-3.31422,2023-11-02 21:00:00,NASA,Aqua,Fire inside Sitrep,SUMSEL,26843,2023,2023:26843,2023,38267,138360,0.00496614271554491,371.0,False,False,-49.0,1,Terra,2023-11-02 14:49:00
105.42124176,-3.31447196007,2023-11-02 21:00:00,LAPAN,Aqua,Fire inside Sitrep,SUMSEL,26844,2023,2023:26844,2023,38268,138360,0.03497230813431037,371.0,False,False,-49.0,1,Terra,2023-11-02 14:49:00
105.22882,-3.07472,2023-11-02 21:00:00,NASA,Aqua,Fire inside Sitrep,SUMSEL,26845,2023,2023:26845,2023,38269,138351,0.0031428088703949267,371.0,False,False,-49.0,1,Terra,2023-11-02 14:49:00
105.22869873,-3.07497930527,2023-11-02 21:00:00,LAPAN,Aqua,Fire inside Sitrep,SUMSEL,26846,2023,2023:26846,2023,38270,138351,0.03303028071067141,371.0,False,False,-49.0,1,Terra,2023-11-02 14:49:00
105.558296204,-3.77512311935,2023-11-02 21:00:00,LAPAN,Aqua,Fire inside Sitrep,SUMSEL,26847,2023,2023:26847,2023,38271,138371,0.02735244227216648,371.0,False,False,-49.0,1,Terra,2023-11-02 14:49:00
105.56754,-3.76381,2023-11-02 21:00:00,NASA,Aqua,Fire inside Sitrep,SUMSEL,26848,2023,2023:26848,2023,38272,138370,0.004575384323977291,371.0,False,False,-49.0,1,Terra,2023-11-02 14:49:00
105.760452271,-3.6065196991,2023-11-02 21:00:00,LAPAN,Aqua,Fire inside Sitrep,SUMSEL,26849,2023,2023:26849,2023,38273,138369,0.029420546030366503,371.0,False,False,-49.0,1,Terra,2023-11-02 14:49:00
105.23953,-3.07322,2023-11-02 21:00:00,NASA,Aqua,Verified No fire,SUMSEL,26850,2023,2023:26850,2023,38274,138339,0.00400520478390705,371.0,False,False,-49.0,1,Terra,2023-11-02 14:49:00
105.567428589,-3.76406097412,2023-11-02 21:00:00,LAPAN,Aqua,Fire inside Sitrep,SUMSEL,26851,2023,2023:26851,2023,38275,138370,0.030081310265579673,371.0,False,False,-49.0,1,Terra,2023-11-02 14:49:00
105.382766724,-2.40902137756,2023-11-02 21:00:00,LAPAN,Aqua,Verified No fire,SUMSEL,26852,2023,2023:26852,2023,38276,138352,0.028726046915699563,371.0,False,False,-49.0,1,Terra,2023-11-02 14:49:00
105.38293,-2.40876,2023-11-02 21:00:00,NASA,Aqua,Verified No fire,SUMSEL,26853,2023,2023:26853,2023,38277,138352,0.0055579859781748646,371.0,False,False,-49.0,1,Terra,2023-11-02 14:49:00
105.41083,-3.31568,2023-11-02 21:00:00,NASA,Aqua,Fire inside Sitrep,SUMSEL,26854,2023,2023:26854,2023,38278,138359,0.0040045505274851284,371.0,False,False,-49.0,1,Terra,2023-11-02 14:49:00
105.409370422,-3.30630230904,2023-11-02 21:00:00,LAPAN,Aqua,Fire inside Sitrep,SUMSEL,26855,2023,2023:26855,2023,38279,138358,0.036563635789424904,371.0,False,False,-49.0,1,Terra,2023-11-02 14:49:00
105.23395,-3.07926,2023-11-03 10:00:00,NASA,Aqua,Fire inside Sitrep,SUMSEL,27018,2023,2023:27018,2023,38442,138416,0.007113692564003601,409.0,False,False,-11.0,1,Terra,2023-11-03 03:11:00
105.65274,-3.55975,2023-11-03 10:00:00,NASA,Aqua,Fire inside Sitrep,SUMSEL,27019,2023,2023:27019,2023,38443,138421,0.007114601314587575,409.0,False,False,-11.0,1,Terra,2023-11-03 03:11:00
105.26355,-3.00208,2023-11-03 10:00:00,NASA,Aqua,Fire inside Sitrep,SUMSEL,27020,2023,2023:27020,2023,38444,138413,0.005980954660335817,409.0,False,False,-11.0,1,Terra,2023-11-03 03:11:00
105.61852,-3.0518,2023-11-03 10:00:00,NASA,Aqua,Fire inside Sitrep,SUMSEL,27021,2023,2023:27021,2023,38445,138414,0.0022207476916457354,409.0,False,False,-11.0,1,Terra,2023-11-03 03:11:00
105.33644,-3.02295,2023-11-03 10:00:00,NASA,Aqua,Verified No fire,SUMSEL,27022,2023,2023:27022,2023,38446,138415,0.007116094374520314,409.0,False,False,-11.0,1,Terra,2023-11-03 03:11:00
105.63443,-2.77841,2023-11-03 10:00:00,NASA,Aqua,Verified No fire,SUMSEL,27023,2023,2023:27023,2023,38447,138410,0.0035125772636502863,409.0,False,False,-11.0,1,Terra,2023-11-03 03:11:00
105.79103,-3.61576,2023-11-03 10:00:00,NASA,Aqua,Fire inside Sitrep,SUMSEL,27024,2023,2023:27024,2023,38448,138422,0.005555772338524023,409.0,False,False,-11.0,1,Terra,2023-11-03 03:11:00
105.76053619,-3.6067338,2023-11-03 13:00:00,LAPAN,SNPP,Fire inside Sitrep,SUMSEL,27058,2023,2023:27058,2023,38482,809800,0.05580518810211278,409.0,False,False,-11.0,1,NOAA20,2023-11-03 06:11:00
105.72898,-3.46025,2023-11-04 21:00:00,NASA,Aqua,Fire inside Sitrep,SUMSEL,27278,2023,2023:27278,2023,38702,138625,0.005986533778094575,388.0,False,False,-32.0,1,Terra,2023-11-04 14:32:00
105.72381,-3.46194,2023-11-04 21:00:00,NASA,Aqua,Fire inside Sitrep,SUMSEL,27279,2023,2023:27279,2023,38703,138628,0.004584198892222145,388.0,False,False,-32.0,1,Terra,2023-11-04 14:32:00
105.728675842,-3.46054267883,2023-11-04 21:00:00,LAPAN,Aqua,Fire inside Sitrep,SUMSEL,27280,2023,2023:27280,2023,38704,138625,0.0524063224161629,388.0,False,False,-32.0,1,Terra,2023-11-04 14:32:00
105.723495483,-3.462236166,2023-11-04 21:00:00,LAPAN,Aqua,Fire inside Sitrep,SUMSEL,27281,2023,2023:27281,2023,38705,138628,0.050394810659354666,388.0,False,False,-32.0,1,Terra,2023-11-04 14:32:00
103.22784,-2.47998,2023-11-05 09:00:00,NASA,Aqua,Verified No fire,SUMSEL MUBA,27331,2023,2023:27331,2023,38755,138657,0.00496906947333623,366.0,False,False,-54.0,1,Terra,2023-11-05 02:54:00
103.87914,-1.33498,2023-11-05 09:00:00,NASA,Aqua,Verified No fire,JAMBI SMF,27332,2023,2023:27332,2023,38756,138661,0.004971715373486975,366.0,False,False,-54.0,1,Terra,2023-11-05 02:54:00
105.23589325,-3.07258415222,2023-11-05 09:00:00,LAPAN,Aqua,Verified No fire,SUMSEL,27333,2023,2023:27333,2023,38757,138658,0.026139322153091647,366.0,False,False,-54.0,1,Terra,2023-11-05 02:54:00
105.73089,-3.46695,2023-11-05 09:00:00,NASA,Aqua,Fire inside Sitrep,SUMSEL,27335,2023,2023:27335,2023,38759,138655,0.005669460080557349,366.0,False,False,-54.0,1,Terra,2023-11-05 02:54:00
105.731002808,-3.46672177315,2023-11-05 09:00:00,LAPAN,Aqua,Fire inside Sitrep,SUMSEL,27336,2023,2023:27336,2023,38760,138655,0.0329747346088829,366.0,False,False,-54.0,1,Terra,2023-11-05 02:54:00
105.72958,-3.5589,2023-11-05 09:00:00,NASA,Aqua,Fire inside Sitrep,SUMSEL,27337,2023,2023:27337,2023,38761,138667,0.002219612840202702,366.0,False,False,-54.0,1,Terra,2023-11-05 02:54:00
105.78783,-3.61426,2023-11-05 09:00:00,NASA,Aqua,Fire inside Sitrep,SUMSEL,27338,2023,2023:27338,2023,38762,138666,0.0055557756373369105,366.0,False,False,-54.0,1,Terra,2023-11-05 02:54:00
105.23578,-3.07281,2023-11-05 09:00:00,NASA,Aqua,Verified No fire,SUMSEL,27339,2023,2023:27339,2023,38763,138658,0.0024835380903030935,366.0,False,False,-54.0,1,Terra,2023-11-05 02:54:00
105.71806,-3.45922,2023-11-05 22:00:00,NASA,Aqua,Fire inside Sitrep,SUMSEL,27433,2023,2023:27433,2023,38857,138798,0.004965548168342122,407.0,False,False,-13.0,1,Terra,2023-11-05 15:13:00
105.732,-3.46782,2023-11-05 22:00:00,NASA,Aqua,Fire inside Sitrep,SUMSEL,27434,2023,2023:27434,2023,38858,138801,0.002223901604693386,407.0,False,False,-13.0,1,Terra,2023-11-05 15:13:00
105.705680847,-3.46125841141,2023-11-05 22:00:00,LAPAN,Aqua,Fire inside Sitrep,SUMSEL,27435,2023,2023:27435,2023,38859,138797,0.02881260802599777,407.0,False,False,-13.0,1,Terra,2023-11-05 15:13:00
105.7196,-3.4696,2023-11-05 22:00:00,NASA,Aqua,Fire inside Sitrep,SUMSEL,27436,2023,2023:27436,2023,38860,138800,0.0,407.0,False,False,-13.0,1,Terra,2023-11-05 15:13:00
105.730438232,-3.45767998695,2023-11-05 22:00:00,LAPAN,Aqua,Fire inside Sitrep,SUMSEL,27437,2023,2023:27437,2023,38861,138799,0.03187908868868787,407.0,False,False,-13.0,1,Terra,2023-11-05 15:13:00
105.73046,-3.45743,2023-11-05 22:00:00,NASA,Aqua,Fire inside Sitrep,SUMSEL,27438,2023,2023:27438,2023,38862,138799,0.0055532797686722035,407.0,False,False,-13.0,1,Terra,2023-11-05 15:13:00
105.719581604,-3.46985030174,2023-11-05 22:00:00,LAPAN,Aqua,Fire inside Sitrep,SUMSEL,27439,2023,2023:27439,2023,38863,138800,0.02790711519226516,407.0,False,False,-13.0,1,Terra,2023-11-05 15:13:00
105.70567,-3.46101,2023-11-05 22:00:00,NASA,Aqua,Fire inside Sitrep,SUMSEL,27440,2023,2023:27440,2023,38864,138797,0.003510525722443268,407.0,False,False,-13.0,1,Terra,2023-11-05 15:13:00
105.731971741,-3.46806883812,2023-11-05 22:00:00,LAPAN,Aqua,Fire inside Sitrep,SUMSEL,27441,2023,2023:27441,2023,38865,138801,0.030057571544613675,407.0,False,False,-13.0,1,Terra,2023-11-05 15:13:00
105.718048096,-3.45947122574,2023-11-05 22:00:00,LAPAN,Aqua,Fire inside Sitrep,SUMSEL,27442,2023,2023:27442,2023,38866,138798,0.030704265611079237,407.0,False,False,-13.0,1,Terra,2023-11-05 15:13:00
105.45644,-3.14941,2023-11-06 10:00:00,NASA,Aqua,Verified No fire,SUMSEL,27545,2023,2023:27545,2023,38969,138846,0.00457817381056197,385.0,False,False,-35.0,1,Terra,2023-11-06 03:35:00
105.42574,-2.56111,2023-11-06 10:00:00,NASA,Aqua,Verified No fire,SUMSEL,27546,2023,2023:27546,2023,38970,138843,0.004580380624876099,386.0,False,False,-34.0,1,Terra,2023-11-06 03:34:00
103.1303,-0.90616,2023-11-06 10:00:00,NASA,Aqua,Verified No fire,JAMBI SMF,27547,2023,2023:27547,2023,38971,138842,0.004447803209350202,386.0,False,False,-34.0,1,Terra,2023-11-06 03:34:00
105.71597,-3.46317,2023-11-07 21:00:00,NASA,Aqua,Fire inside Sitrep,SUMSEL,27744,2023,2023:27744,2023,39168,139044,0.004713302081135346,364.0,False,False,-56.0,1,Terra,2023-11-07 14:56:00
105.59923,-3.30704,2023-11-08 10:00:00,NASA,Aqua,Fire inside Sitrep,SUMSEL,27816,2023,2023:27816,2023,39240,139095,0.005556422784876149,402.0,False,False,-18.0,1,Terra,2023-11-08 03:18:00
105.43143,-3.33389,2023-11-08 10:00:00,NASA,Aqua,Fire inside Sitrep,SUMSEL,27817,2023,2023:27817,2023,39241,139096,0.0035109417166460178,402.0,False,False,-18.0,1,Terra,2023-11-08 03:18:00
105.75778,-3.62211,2023-11-09 09:00:00,NASA,Aqua,Fire inside Sitrep,SUMSEL,28058,2023,2023:28058,2023,39482,139273,0.002482424972983225,399.0,False,False,-21.0,1,Terra,2023-11-09 02:21:00
105.712364197,-3.4537987709,2023-11-09 21:00:00,LAPAN,Aqua,Fire inside Sitrep,SUMSEL,28367,2023,2023:28367,2023,39791,139407,0.042292931876609104,381.0,False,False,-39.0,1,Terra,2023-11-09 14:39:00
105.72708,-3.45152,2023-11-09 21:00:00,NASA,Aqua,Fire inside Sitrep,SUMSEL,28368,2023,2023:28368,2023,39792,139408,0.0031422206923630326,381.0,False,False,-39.0,1,Terra,2023-11-09 14:39:00
105.726852417,-3.45181107521,2023-11-09 21:00:00,LAPAN,Aqua,Fire inside Sitrep,SUMSEL,28369,2023,2023:28369,2023,39793,139408,0.044177196288429824,381.0,False,False,-39.0,1,Terra,2023-11-09 14:39:00
105.7126,-3.45351,2023-11-09 21:00:00,NASA,Aqua,Fire inside Sitrep,SUMSEL,28370,2023,2023:28370,2023,39794,139407,0.0011119508023491756,381.0,False,False,-39.0,1,Terra,2023-11-09 14:39:00
105.35858,-3.0226,2023-11-10 10:00:00,NASA,Aqua,Verified No fire,SUMSEL,28467,2023,2023:28467,2023,39891,139460,0.002220807741198696,419.0,False,False,-1.0,1,Terra,2023-11-10 03:01:00
102.96851,-0.97034,2023-11-10 10:00:00,NASA,Aqua,Verified No fire,JAMBI SMF,28468,2023,2023:28468,2023,39892,139453,0.004584651938069673,419.0,False,False,-1.0,1,Terra,2023-11-10 03:01:00
105.72795,-3.45097,2023-11-10 22:00:00,NASA,Aqua,Fire inside Sitrep,SUMSEL,28539,2023,2023:28539,2023,39963,139567,0.0064750886997611634,400.0,False,False,-20.0,1,Terra,2023-11-10 15:20:00
105.70913,-3.44141,2023-11-10 22:00:00,NASA,Aqua,Fire inside Sitrep,SUMSEL,28540,2023,2023:28540,2023,39964,139574,0.003510590881713092,400.0,False,False,-20.0,1,Terra,2023-11-10 15:20:00
105.71741,-3.45849,2023-11-10 22:00:00,NASA,Aqua,Fire inside Sitrep,SUMSEL,28541,2023,2023:28541,2023,39965,139570,0.0015711045751491794,400.0,False,False,-20.0,1,Terra,2023-11-10 15:20:00
105.71561,-3.4465,2023-11-10 22:00:00,NASA,Aqua,Fire inside Sitrep,SUMSEL,28542,2023,2023:28542,2023,39966,139572,0.0011099396919273371,400.0,False,False,-20.0,1,Terra,2023-11-10 15:20:00
105.70042,-3.46104,2023-11-10 22:00:00,NASA,Aqua,Fire inside Sitrep,SUMSEL,28543,2023,2023:28543,2023,39967,139571,0.004970982511161997,400.0,False,False,-20.0,1,Terra,2023-11-10 15:20:00
105.71094,-3.4534,2023-11-10 22:00:00,NASA,Aqua,Fire inside Sitrep,SUMSEL,28544,2023,2023:28544,2023,39968,139573,0.0044397265335661155,400.0,False,False,-20.0,1,Terra,2023-11-10 15:20:00
105.70581,-3.49696,2023-11-10 22:00:00,NASA,Aqua,Fire inside Sitrep,SUMSEL,28545,2023,2023:28545,2023,39969,139569,0.004584188894144652,400.0,False,False,-20.0,1,Terra,2023-11-10 15:20:00
105.72282,-3.49446,2023-11-10 22:00:00,NASA,Aqua,Fire inside Sitrep,SUMSEL,28546,2023,2023:28546,2023,39970,139568,0.004970947330527058,400.0,False,False,-20.0,1,Terra,2023-11-10 15:20:00
105.722312927,-3.44958806038,2023-11-11 21:00:00,LAPAN,Aqua,Fire inside Sitrep,SUMSEL,28639,2023,2023:28639,2023,40063,139761,0.06917121810793392,398.0,False,False,-22.0,1,Terra,2023-11-11 14:22:00
105.71682,-3.45481,2023-11-11 21:00:00,NASA,Aqua,Fire inside Sitrep,SUMSEL,28640,2023,2023:28640,2023,40064,139749,0.0024827833013860204,398.0,False,False,-22.0,1,Terra,2023-11-11 14:22:00
105.77523,-3.86486,2023-11-11 21:00:00,NASA,Aqua,Fire inside Sitrep,SUMSEL,28641,2023,2023:28641,2023,40065,139754,0.005555205453074845,398.0,False,False,-22.0,1,Terra,2023-11-11 14:22:00
105.774681091,-3.86521220207,2023-11-11 21:00:00,LAPAN,Aqua,Fire inside Sitrep,SUMSEL,28642,2023,2023:28642,2023,40066,139754,0.06722597639432981,398.0,False,False,-22.0,1,Terra,2023-11-11 14:22:00
105.716300964,-3.45516204834,2023-11-11 21:00:00,LAPAN,Aqua,Fire inside Sitrep,SUMSEL,28643,2023,2023:28643,2023,40067,139749,0.06847409673946826,398.0,False,False,-22.0,1,Terra,2023-11-11 14:22:00
105.72281,-3.44924,2023-11-11 21:00:00,NASA,Aqua,Fire inside Sitrep,SUMSEL,28644,2023,2023:28644,2023,40068,139761,0.0045842024889212185,398.0,False,False,-22.0,1,Terra,2023-11-11 14:22:00
105.79036,-3.86981,2023-11-12 09:00:00,NASA,Aqua,Fire inside Sitrep,SUMSEL,28755,2023,2023:28755,2023,40179,139803,0.004574852995071479,375.0,False,False,-45.0,1,Terra,2023-11-12 02:45:00
105.78632,-3.50065,2023-11-12 09:00:00,NASA,Aqua,Fire inside Sitrep,SUMSEL,28756,2023,2023:28756,2023,40180,139795,0.018895358703409287,376.0,False,False,-44.0,1,Terra,2023-11-12 02:44:00
105.71062,-3.45069,2023-11-12 09:00:00,NASA,Aqua,Fire inside Sitrep,SUMSEL,28757,2023,2023:28757,2023,40181,139800,0.013378951592883959,376.0,False,False,-44.0,1,Terra,2023-11-12 02:44:00
105.7208,-3.45222,2023-11-12 09:00:00,NASA,Aqua,Fire inside Sitrep,SUMSEL,28758,2023,2023:28758,2023,40182,139793,0.01735631658447278,376.0,False,False,-44.0,1,Terra,2023-11-12 02:44:00
105.71403,-3.49969,2023-11-12 09:00:00,NASA,Aqua,Fire inside Sitrep,SUMSEL,28759,2023,2023:28759,2023,40183,139796,0.012669283533101412,376.0,False,False,-44.0,1,Terra,2023-11-12 02:44:00
105.77398,-3.41628,2023-11-12 09:00:00,NASA,Aqua,Fire inside Sitrep,SUMSEL,28760,2023,2023:28760,2023,40184,139799,0.003142278540686407,376.0,False,False,-44.0,1,Terra,2023-11-12 02:44:00
105.79171,-3.8604,2023-11-12 09:00:00,NASA,Aqua,Fire inside Sitrep,SUMSEL,28761,2023,2023:28761,2023,40185,139804,0.0011094278410908333,375.0,False,False,-45.0,1,Terra,2023-11-12 02:45:00
105.72418,-3.50118,2023-11-12 09:00:00,NASA,Aqua,Fire inside Sitrep,SUMSEL,28762,2023,2023:28762,2023,40186,139797,0.009168375402014551,376.0,False,False,-44.0,1,Terra,2023-11-12 02:44:00
105.78171,-3.85891,2023-11-12 09:00:00,NASA,Aqua,Fire inside Sitrep,SUMSEL,28763,2023,2023:28763,2023,40187,139805,0.0015707542946740726,375.0,False,False,-45.0,1,Terra,2023-11-12 02:45:00
105.774093628,-3.41603469849,2023-11-12 09:00:00,LAPAN,Aqua,Fire inside Sitrep,SUMSEL,28764,2023,2023:28764,2023,40188,139799,0.03127725433334029,376.0,False,False,-44.0,1,Terra,2023-11-12 02:44:00
105.72436,-3.45066,2023-11-12 22:00:00,NASA,Aqua,Fire inside Sitrep,SUMSEL,28907,2023,2023:28907,2023,40331,140200,0.0062844441271408015,417.0,False,False,-3.0,1,Terra,2023-11-12 15:03:00
105.70577,-3.45329,2023-11-12 22:00:00,NASA,Aqua,Fire inside Sitrep,SUMSEL,28908,2023,2023:28908,2023,40332,140202,0.0035105513978522453,417.0,False,False,-3.0,1,Terra,2023-11-12 15:03:00
105.7193,-3.5064,2023-11-12 22:00:00,NASA,Aqua,Fire inside Sitrep,SUMSEL,28909,2023,2023:28909,2023,40333,140196,0.0,417.0,False,False,-3.0,1,Terra,2023-11-12 15:03:00
105.76683,-3.48175,2023-11-12 22:00:00,NASA,Aqua,Fire inside Sitrep,SUMSEL,28910,2023,2023:28910,2023,40334,140199,0.006480565908867745,417.0,False,False,-3.0,1,Terra,2023-11-12 15:03:00
105.71376,-3.4429,2023-11-12 22:00:00,NASA,Aqua,Fire inside Sitrep,SUMSEL,28911,2023,2023:28911,2023,40335,140203,0.004439775559615116,417.0,False,False,-3.0,1,Terra,2023-11-12 15:03:00
105.70447,-3.44421,2023-11-12 22:00:00,NASA,Aqua,Fire inside Sitrep,SUMSEL,28912,2023,2023:28912,2023,40336,140204,0.0035105815950542763,417.0,False,False,-3.0,1,Terra,2023-11-12 15:03:00
105.7847,-3.85646,2023-11-12 22:00:00,NASA,Aqua,Fire inside Sitrep,SUMSEL,28913,2023,2023:28913,2023,40337,140194,0.004447803209305015,417.0,False,False,-3.0,1,Terra,2023-11-12 15:03:00
105.786,-3.86553,2023-11-12 22:00:00,NASA,Aqua,Fire inside Sitrep,SUMSEL,28914,2023,2023:28914,2023,40338,140191,0.0033358524070433242,417.0,False,False,-3.0,1,Terra,2023-11-12 15:03:00
105.77673,-3.86686,2023-11-12 22:00:00,NASA,Aqua,Fire inside Sitrep,SUMSEL,28915,2023,2023:28915,2023,40339,140192,0.005555200750336283,417.0,False,False,-3.0,1,Terra,2023-11-12 15:03:00
105.79398,-3.85513,2023-11-12 22:00:00,NASA,Aqua,Fire inside Sitrep,SUMSEL,28916,2023,2023:28916,2023,40340,140193,0.0040064065019782625,417.0,False,False,-3.0,1,Terra,2023-11-12 15:03:00
105.71507,-3.45197,2023-11-12 22:00:00,NASA,Aqua,Fire inside Sitrep,SUMSEL,28917,2023,2023:28917,2023,40341,140201,0.0047133298640814345,417.0,False,False,-3.0,1,Terra,2023-11-12 15:03:00
105.79529,-3.8642,2023-11-12 22:00:00,NASA,Aqua,Fire inside Sitrep,SUMSEL,28918,2023,2023:28918,2023,40342,140190,0.001109422874016742,417.0,False,False,-3.0,1,Terra,2023-11-12 15:03:00
105.71799,-3.49733,2023-11-12 22:00:00,NASA,Aqua,Fire inside Sitrep,SUMSEL,28919,2023,2023:28919,2023,40343,140198,0.003515642875723532,417.0,False,False,-3.0,1,Terra,2023-11-12 15:03:00
105.71001,-3.50773,2023-11-12 22:00:00,NASA,Aqua,Fire inside Sitrep,SUMSEL,28920,2023,2023:28920,2023,40344,140197,0.0035156389833766698,417.0,False,False,-3.0,1,Terra,2023-11-12 15:03:00
105.72858,-3.50508,2023-11-12 22:00:00,NASA,Aqua,Fire inside Sitrep,SUMSEL,28921,2023,2023:28921,2023,40345,140195,0.003142131556617586,417.0,False,False,-3.0,1,Terra,2023-11-12 15:03:00
103.25559,-1.04392,2023-11-13 10:00:00,NASA,Aqua,Verified No fire,JAMBI SMF,28989,2023,2023:28989,2023,40413,140257,0.0024863150526134663,396.0,False,False,-24.0,1,Terra,2023-11-13 03:24:00
103.2388,-1.05313,2023-11-13 10:00:00,NASA,Aqua,Verified No fire,JAMBI SMF,28990,2023,2023:28990,2023,40414,140258,0.0033358524070043393,396.0,False,False,-24.0,1,Terra,2023-11-13 03:24:00
105.64517,-2.88621,2023-11-13 10:00:00,NASA,Aqua,Verified No fire,SUMSEL,28991,2023,2023:28991,2023,40415,140260,0.0035122830874856938,395.0,False,False,-25.0,1,Terra,2023-11-13 03:25:00
102.94148,-0.91854,2023-11-13 10:00:00,NASA,Aqua,Verified No fire,JAMBI SMF,28992,2023,2023:28992,2023,40416,140256,0.0049726673728900245,396.0,False,False,-24.0,1,Terra,2023-11-13 03:24:00
103.89344,-1.95019,2023-11-13 10:00:00,NASA,Aqua,Verified No fire,SUMSEL MUBA,28993,2023,2023:28993,2023,40417,140259,0.004582191342714758,395.0,False,False,-25.0,1,Terra,2023-11-13 03:25:00
102.9373,-0.9218,2023-11-15 10:00:00,NASA,Aqua,Verified No fire,JAMBI SMF,29486,2023,2023:29486,2023,40910,140551,0.0,412.0,False,False,-8.0,1,Terra,2023-11-15 03:08:00
103.13506,-0.93227,2023-11-15 10:00:00,NASA,Aqua,Verified No fire,JAMBI SMF,29488,2023,2023:29488,2023,40912,140550,0.005559282993768539,412.0,False,False,-8.0,1,Terra,2023-11-15 03:08:00
102.96649,-0.97143,2023-11-15 10:00:00,NASA,Aqua,Verified No fire,JAMBI SMF,29490,2023,2023:29490,2023,40914,140552,0.0035162466477202123,412.0,False,False,-8.0,1,Terra,2023-11-15 03:08:00
105.39618,-3.00298,2023-11-15 10:00:00,NASA,Aqua,Verified No fire,SUMSEL,29491,2023,2023:29491,2023,40915,140557,0.003142913148985471,412.0,False,False,-8.0,1,Terra,2023-11-15 03:08:00
105.36671,-2.79409,2023-11-15 10:00:00,NASA,Aqua,Verified No fire,SUMSEL,29492,2023,2023:29492,2023,40916,140559,0.0015716014417030942,412.0,False,False,-8.0,1,Terra,2023-11-15 03:08:00
103.1352005,-0.932026207447,2023-11-15 10:00:00,LAPAN,Aqua,Verified No fire,JAMBI SMF,29493,2023,2023:29493,2023,40917,140550,0.03243008639750288,412.0,False,False,-8.0,1,Terra,2023-11-15 03:08:00
105.40216,-3.00316,2023-11-15 10:00:00,NASA,Aqua,Verified No fire,SUMSEL,29494,2023,2023:29494,2023,40918,140556,0.006285825753098342,412.0,False,False,-8.0,1,Terra,2023-11-15 03:08:00
105.39239,-3.07392,2023-11-15 10:00:00,NASA,Aqua,Verified No fire,SUMSEL,29495,2023,2023:29495,2023,40919,140554,0.002485682503180839,412.0,False,False,-8.0,1,Terra,2023-11-15 03:08:00
105.34379,-2.79079,2023-11-15 10:00:00,NASA,Aqua,Verified No fire,SUMSEL,29496,2023,2023:29496,2023,40920,140560,0.0015716036466853602,412.0,False,False,-8.0,1,Terra,2023-11-15 03:08:00
105.36457,-3.0185,2023-11-15 10:00:00,NASA,Aqua,Verified No fire,SUMSEL,29497,2023,2023:29497,2023,40921,140555,0.003331224191538541,412.0,False,False,-8.0,1,Terra,2023-11-15 03:08:00
102.966636658,-0.971188902855,2023-11-15 10:00:00,LAPAN,Aqua,Verified No fire,JAMBI SMF,29498,2023,2023:29498,2023,40922,140552,0.027961096207216506,412.0,False,False,-8.0,1,Terra,2023-11-15 03:08:00
105.57038,-2.91548,2023-11-15 10:00:00,NASA,Aqua,Verified No fire,SUMSEL,29499,2023,2023:29499,2023,40923,140558,0.00314303704674254,412.0,False,False,-8.0,1,Terra,2023-11-15 03:08:00
105.34348,-2.79246,2023-11-17 09:00:00,NASA,Aqua,Verified No fire,SUMSEL,29632,2023,2023:29632,2023,41056,140816,0.004971614725770648,369.0,False,False,-51.0,1,Terra,2023-11-17 02:51:00
105.31142,-3.01857,2023-11-17 09:00:00,NASA,Aqua,Verified No fire,SUMSEL,29633,2023,2023:29633,2023,41057,140815,0.0040074848453369675,369.0,False,False,-51.0,1,Terra,2023-11-17 02:51:00
105.74809,-2.93448,2023-11-17 09:00:00,NASA,Aqua,Verified No fire,SUMSEL,29634,2023,2023:29634,2023,41058,140814,0.0024857458513111524,369.0,False,False,-51.0,1,Terra,2023-11-17 02:51:00
105.39379,-3.27978,2023-11-17 09:00:00,NASA,Aqua,Verified No fire,SUMSEL,29635,2023,2023:29635,2023,41059,140810,0.002485583601166123,369.0,False,False,-51.0,1,Terra,2023-11-17 02:51:00
105.70976,-3.45483,2023-11-17 09:00:00,NASA,Aqua,Fire inside Sitrep,SUMSEL,29636,2023,2023:29636,2023,41060,140813,0.005553289494804876,369.0,False,False,-51.0,1,Terra,2023-11-17 02:51:00
105.60764,-3.04081,2023-11-19 09:00:00,NASA,Aqua,Fire inside Sitrep,SUMSEL,29689,2023,2023:29689,2023,41113,140993,0.004578615373486987,385.0,False,False,-35.0,1,Terra,2023-11-19 02:35:00
105.2339325,-3.03510952,2023-11-19 13:00:00,LAPAN,SNPP,Fire inside Sitrep,SUMSEL,29700,2023,2023:29700,2023,41124,823157,0.05602526361785378,409.0,False,False,-11.0,1,NOAA20,2023-11-19 06:11:00
105.874458313,-3.87157917023,2023-11-20 13:00:00,LAPAN,Aqua,Fire inside Sitrep,SUMSEL,29743,2023,2023:29743,2023,41167,1514516,0.09836701518407306,377.0,False,False,-43.0,1,SNPP,2023-11-20 06:43:00
105.86516,-3.87294,2023-11-20 13:00:00,NASA,Aqua,Fire inside Sitrep,SUMSEL,29759,2023,2023:29759,2023,41183,1514518,0.029361166386432647,377.0,False,False,-43.0,1,SNPP,2023-11-20 06:43:00
104.00169,-2.02976,2023-12-02 10:00:00,NASA,Aqua,Verified No fire,SUMSEL MUBA,29881,2023,2023:29881,2023,41305,141683,0.0045845214436610405,408.0,False,False,-12.0,1,Terra,2023-12-02 03:12:00
105.56886,-2.91292,2023-12-02 10:00:00,NASA,Aqua,Verified No fire,SUMSEL,29882,2023,2023:29882,2023,41306,141687,0.00496765567630035,408.0,False,False,-12.0,1,Terra,2023-12-02 03:12:00
105.73335,-2.93522,2023-12-06 09:00:00,NASA,Aqua,Verified No fire,SUMSEL,29895,2023,2023:29895,2023,41319,141877,0.005981266665518013,382.0,False,False,-38.0,1,Terra,2023-12-06 02:38:00
105.74544,-2.93703,2023-12-06 09:00:00,NASA,Aqua,Verified No fire,SUMSEL,29896,2023,2023:29896,2023,41320,141878,0.005555081238649018,382.0,False,False,-38.0,1,Terra,2023-12-06 02:38:00
105.36169,-2.67465,2023-12-14 10:00:00,NASA,Aqua,Verified No fire,SUMSEL,29935,2023,2023:29935,2023,41359,142077,0.005669621396390505,411.0,False,False,-9.0,1,Terra,2023-12-14 03:09:00
105.73359,-2.93392,2023-12-14 10:00:00,NASA,Aqua,Verified No fire,SUMSEL,29936,2023,2023:29936,2023,41360,142078,0.0024857461087112957,411.0,False,False,-9.0,1,Terra,2023-12-14 03:09:00
103.98667,-2.02506,2023-12-14 10:00:00,NASA,Aqua,Verified No fire,SUMSEL MUBA,29937,2023,2023:29937,2023,41361,142076,0.005558504226516311,411.0,False,False,-9.0,1,Terra,2023-12-14 03:09:00
105.65961,-2.88599,2023-12-16 09:00:00,NASA,Aqua,Verified No fire,SUMSEL,29970,2023,2023:29970,2023,41394,142153,0.0015715389930947958,368.0,False,False,-52.0,1,Terra,2023-12-16 02:52:00
