customer_id,year,Sumber,Satellite,primary_500m,same_sat_2km,any_sat_500m,same_sat_wide_time_500m
2019:11,2019,LAPAN,Aqua,False,False,False,False
2019:12,2019,LAPAN,Aqua,False,False,False,False
2019:15,2019,LAPAN,Aqua,False,False,False,False
2019:18,2019,LAPAN,SNPP,False,False,False,False
2019:22,2019,LAPAN,Aqua,False,False,False,False
2019:23,2019,LAPAN,Aqua,False,False,False,False
2019:24,2019,LAPAN,Aqua,False,False,False,False
2019:25,2019,ASMC,NOAA20,False,False,False,False
2019:26,2019,LAPAN,Terra,False,False,False,False
2019:30,2019,LAPAN,SNPP,False,False,False,False
2019:31,2019,LAPAN,Aqua,False,False,False,False
2019:35,2019,LAPAN,Aqua,False,False,False,False
2019:38,2019,LAPAN,SNPP,False,False,False,False
2019:39,2019,LAPAN,Terra,False,False,False,False
2019:43,2019,LAPAN,Terra,False,False,False,False
2019:46,2019,LAPAN,Aqua,False,False,False,False
2019:47,2019,LAPAN,Terra,False,False,False,False
2019:51,2019,LAPAN,Aqua,False,False,False,False
2019:52,2019,LAPAN,Aqua,False,False,False,False
2019:53,2019,LAPAN,Aqua,False,False,False,False
2019:55,2019,LAPAN,Aqua,False,False,False,False
2019:57,2019,LAPAN,Terra,False,False,False,False
2019:58,2019,LAPAN,Aqua,False,False,False,False
2019:62,2019,LAPAN,Terra,False,False,False,False
2019:65,2019,LAPAN,Aqua,False,False,False,False
2019:66,2019,LAPAN,Aqua,False,False,False,False
2019:67,2019,LAPAN,SNPP,False,False,False,False
2019:72,2019,LAPAN,SNPP,False,False,False,False
2019:76,2019,LAPAN,Aqua,False,False,False,False
2019:77,2019,LAPAN,Aqua,False,False,False,False
2019:78,2019,LAPAN,Aqua,False,False,False,False
2019:81,2019,LAPAN,Aqua,False,False,False,False
2019:82,2019,LAPAN,Aqua,False,False,False,False
2019:89,2019,LAPAN,Aqua,False,False,False,False
2019:92,2019,LAPAN,Aqua,False,False,False,False
2019:93,2019,LAPAN,SNPP,False,False,False,False
2019:94,2019,LAPAN,Terra,False,False,False,False
2019:96,2019,LAPAN,Terra,False,False,False,False
2019:100,2019,LAPAN,Terra,False,False,False,False
2019:101,2019,LAPAN,Aqua,False,False,False,False
2019:102,2019,LAPAN,Unknown,False,False,True,False
2019:106,2019,LAPAN,Unknown,False,False,True,False
2019:108,2019,LAPAN,Aqua,False,False,False,False
2019:109,2019,LAPAN,Unknown,False,False,False,False
2019:110,2019,ASMC,NOAA20,False,False,False,False
2019:111,2019,LAPAN,Aqua,False,False,False,False
2019:112,2019,LAPAN,Unknown,False,False,True,False
2019:114,2019,LAPAN,Aqua,False,True,False,False
2019:115,2019,LAPAN,Terra,False,False,False,False
2019:116,2019,LAPAN,Terra,False,False,False,False
2019:118,2019,LAPAN,Unknown,False,False,True,False
2019:120,2019,LAPAN,Unknown,False,False,True,False
2019:121,2019,LAPAN,Unknown,False,False,True,False
2019:125,2019,LAPAN,Aqua,False,True,False,False
2019:128,2019,LAPAN,Aqua,False,False,False,False
2019:129,2019,LAPAN,Terra,False,False,False,False
2019:130,2019,LAPAN,Unknown,False,False,False,False
2019:131,2019,LAPAN,Unknown,False,False,True,False
2019:133,2019,LAPAN,Unknown,False,False,True,False
2019:135,2019,LAPAN,SNPP,False,False,False,False
2019:136,2019,LAPAN,Unknown,False,False,True,False
2019:137,2019,LAPAN,Unknown,False,False,True,False
2019:139,2019,LAPAN,Unknown,False,False,True,False
2019:140,2019,LAPAN,Unknown,False,False,True,False
2019:142,2019,LAPAN,Unknown,False,False,True,False
2019:143,2019,LAPAN,Unknown,False,False,False,False
2019:144,2019,LAPAN,Unknown,False,False,False,False
2019:145,2019,LAPAN,Aqua,False,False,False,False
2019:146,2019,LAPAN,Aqua,False,False,False,False
2019:149,2019,LAPAN,Unknown,False,False,True,False
2019:152,2019,ASMC,NOAA20,False,False,False,False
2019:153,2019,LAPAN,Terra,False,False,False,False
2019:157,2019,LAPAN,Aqua,False,False,False,False
2019:158,2019,LAPAN,Unknown,False,False,True,False
2019:162,2019,LAPAN,SNPP,False,False,True,False
2019:163,2019,LAPAN,Aqua,False,False,False,True
2019:164,2019,LAPAN,Unknown,False,False,True,False
2019:165,2019,LAPAN,Unknown,False,False,True,False
2019:166,2019,LAPAN,Aqua,False,False,False,False
2019:167,2019,LAPAN,Aqua,False,False,False,False
2019:168,2019,ASMC,NOAA20,False,False,False,False
2019:169,2019,ASMC,NOAA20,False,False,False,False
2019:170,2019,LAPAN,Unknown,False,False,True,False
2019:171,2019,LAPAN,Unknown,False,False,True,False
2019:173,2019,LAPAN,Unknown,False,False,True,False
2019:176,2019,LAPAN,Terra,False,False,False,False
2019:177,2019,LAPAN,Aqua,False,False,True,False
2019:179,2019,LAPAN,Aqua,False,False,True,False
2019:185,2019,LAPAN,Aqua,False,False,False,False
2019:187,2019,LAPAN,Aqua,False,False,False,False
2019:189,2019,LAPAN,Aqua,False,False,False,False
2019:190,2019,ASMC,Unknown,False,False,False,False
2019:191,2019,ASMC,NOAA20,False,False,False,False
2019:195,2019,ASMC,Unknown,False,False,False,False
2019:197,2019,LAPAN,Unknown,False,False,True,False
2019:200,2019,LAPAN,Unknown,False,False,True,False
2019:201,2019,LAPAN,Aqua,False,True,True,False
2019:203,2019,LAPAN,Unknown,False,False,True,False
2019:205,2019,LAPAN,SNPP,False,False,True,False
2019:206,2019,LAPAN,SNPP,False,False,True,False
2019:207,2019,LAPAN,SNPP,False,False,True,False
2019:208,2019,LAPAN,Unknown,False,False,True,False
2019:211,2019,LAPAN,Unknown,False,False,False,False
2019:212,2019,LAPAN,SNPP,False,False,True,False
2019:213,2019,LAPAN,SNPP,False,False,True,False
2019:214,2019,LAPAN,Unknown,False,False,True,False
2019:215,2019,LAPAN,SNPP,False,False,True,False
2019:217,2019,LAPAN,Unknown,False,False,True,False
2019:218,2019,LAPAN,Unknown,False,False,True,False
2019:219,2019,LAPAN,SNPP,False,False,True,False
2019:220,2019,LAPAN,Unknown,False,False,True,False
2019:221,2019,LAPAN,Unknown,False,False,True,False
2019:222,2019,LAPAN,Unknown,False,False,True,False
2019:223,2019,LAPAN,Unknown,False,False,True,False
2019:224,2019,LAPAN,Unknown,False,False,True,False
2019:226,2019,LAPAN,Unknown,False,False,True,False
2019:227,2019,LAPAN,Unknown,False,False,True,False
2019:228,2019,LAPAN,Unknown,False,False,True,False
2019:229,2019,LAPAN,SNPP,False,False,True,False
2019:232,2019,LAPAN,Aqua,False,False,True,False
2019:233,2019,LAPAN,Aqua,False,False,False,False
2019:234,2019,ASMC,NOAA20,False,False,False,False
2019:235,2019,ASMC,NOAA20,False,False,False,False
2019:236,2019,LAPAN,Aqua,False,False,True,False
2019:237,2019,LAPAN,Aqua,False,False,True,False
2019:240,2019,LAPAN,SNPP,False,False,True,False
2019:247,2019,LAPAN,Aqua,False,False,True,False
2019:248,2019,LAPAN,Aqua,False,False,True,False
2019:249,2019,ASMC,NOAA20,False,False,False,False
2019:250,2019,LAPAN,SNPP,False,False,True,False
2019:251,2019,LAPAN,SNPP,False,False,True,False
2019:252,2019,LAPAN,Aqua,False,False,True,False
2019:253,2019,LAPAN,Aqua,False,False,True,False
2019:262,2019,LAPAN,SNPP,False,False,True,False
2019:263,2019,LAPAN,SNPP,False,False,True,False
2019:279,2019,LAPAN,SNPP,False,False,True,True
2019:286,2019,LAPAN,Terra,False,False,True,False
2019:287,2019,LAPAN,Terra,False,False,True,False
2019:288,2019,LAPAN,Terra,False,False,True,False
2019:289,2019,LAPAN,Terra,False,False,False,False
2019:290,2019,LAPAN,Terra,False,False,True,False
2019:291,2019,LAPAN,Terra,False,False,False,False
2019:292,2019,ASMC,NOAA20,False,False,False,False
2019:329,2019,LAPAN,Terra,False,True,False,False
2019:341,2019,LAPAN,Terra,False,True,False,False
2019:346,2019,LAPAN,Terra,False,True,False,False
2019:348,2019,LAPAN,Terra,False,True,False,False
2019:350,2019,LAPAN,Aqua,False,True,True,False
2019:351,2019,LAPAN,Aqua,False,True,True,False
2019:352,2019,LAPAN,Aqua,False,True,False,False
2019:353,2019,LAPAN,Aqua,False,True,True,False
2019:355,2019,LAPAN,Aqua,False,True,True,False
2019:356,2019,LAPAN,Aqua,False,False,True,False
2019:357,2019,LAPAN,Aqua,False,True,True,False
2019:362,2019,LAPAN,Aqua,False,False,True,False
2019:363,2019,LAPAN,Aqua,False,False,True,False
2019:364,2019,LAPAN,Aqua,False,False,True,False
2019:366,2019,ASMC,NOAA20,False,False,False,False
2019:367,2019,ASMC,NOAA20,False,False,False,False
2019:368,2019,ASMC,NOAA20,False,False,False,False
2019:369,2019,ASMC,NOAA20,False,False,False,False
2019:370,2019,LAPAN,Terra,False,False,False,False
2019:371,2019,LAPAN,Terra,False,False,False,False
2019:372,2019,LAPAN,Terra,False,False,False,False
2019:373,2019,LAPAN,Terra,False,False,False,False
2019:374,2019,LAPAN,Terra,False,False,False,False
2019:375,2019,LAPAN,Terra,False,False,False,False
2019:376,2019,LAPAN,Terra,False,False,False,False
2019:377,2019,LAPAN,Terra,False,False,False,False
2019:378,2019,LAPAN,Terra,False,False,False,False
2019:379,2019,LAPAN,Terra,False,False,False,False
2019:380,2019,LAPAN,Terra,False,False,False,False
2019:417,2019,LAPAN,Aqua,False,False,True,False
2019:419,2019,LAPAN,Aqua,False,False,True,False
2019:421,2019,LAPAN,Aqua,False,False,True,False
2019:422,2019,LAPAN,Aqua,False,False,True,False
2019:423,2019,LAPAN,Aqua,False,False,True,False
2019:425,2019,LAPAN,Aqua,False,False,True,False
2019:426,2019,LAPAN,Aqua,False,False,True,False
2019:427,2019,LAPAN,Aqua,False,False,True,False
2019:428,2019,LAPAN,Aqua,False,False,True,False
2019:430,2019,LAPAN,Aqua,False,False,True,False
2019:431,2019,LAPAN,Aqua,False,False,True,False
2019:432,2019,LAPAN,Aqua,False,False,True,False
2019:433,2019,LAPAN,Aqua,False,False,True,False
2019:434,2019,LAPAN,Aqua,False,False,False,False
2019:436,2019,LAPAN,Aqua,False,False,False,False
2019:438,2019,ASMC,NOAA20,False,False,False,False
2019:440,2019,LAPAN,Aqua,False,False,True,False
2019:442,2019,LAPAN,Aqua,False,False,True,False
2019:443,2019,LAPAN,Aqua,False,False,True,False
2019:446,2019,LAPAN,Aqua,False,False,True,False
2019:450,2019,LAPAN,Aqua,False,False,True,False
2019:453,2019,LAPAN,Aqua,False,False,True,False
2019:458,2019,LAPAN,Aqua,False,False,True,False
2019:459,2019,LAPAN,Aqua,False,False,True,False
2019:460,2019,LAPAN,Aqua,False,False,True,False
2019:462,2019,LAPAN,Aqua,False,False,False,False
2019:463,2019,LAPAN,Aqua,False,False,False,False
2019:472,2019,LAPAN,Terra,False,True,False,False
2019:475,2019,LAPAN,Terra,False,True,False,False
2019:483,2019,LAPAN,Terra,False,True,False,False
2019:487,2019,LAPAN,SNPP,False,False,True,False
2019:488,2019,LAPAN,SNPP,False,False,True,False
2019:489,2019,LAPAN,SNPP,False,False,True,False
2019:490,2019,LAPAN,SNPP,False,False,True,False
2019:491,2019,LAPAN,SNPP,False,False,True,False
2019:492,2019,LAPAN,SNPP,False,False,True,False
2019:493,2019,LAPAN,SNPP,False,False,True,False
2019:494,2019,LAPAN,SNPP,False,False,True,False
2019:495,2019,LAPAN,SNPP,False,False,True,False
2019:496,2019,LAPAN,SNPP,False,False,True,False
2019:497,2019,LAPAN,SNPP,False,False,False,False
2019:498,2019,LAPAN,Aqua,False,True,False,False
2019:503,2019,LAPAN,SNPP,False,True,False,False
2019:523,2019,ASMC,NOAA20,False,False,False,False
2019:524,2019,ASMC,NOAA20,False,False,False,False
2019:525,2019,ASMC,NOAA20,False,False,False,False
2019:526,2019,ASMC,NOAA20,False,False,False,False
2019:527,2019,ASMC,NOAA20,False,False,False,False
2019:546,2019,LAPAN,Terra,False,True,False,False
2019:561,2019,LAPAN,Terra,False,False,True,False
2019:562,2019,LAPAN,Terra,False,False,True,False
2019:563,2019,LAPAN,Terra,False,False,True,False
2019:564,2019,LAPAN,Terra,False,False,True,False
2019:565,2019,LAPAN,Terra,False,False,True,False
2019:566,2019,LAPAN,Terra,False,False,True,False
2019:567,2019,LAPAN,Terra,False,False,True,False
2019:568,2019,LAPAN,Terra,False,False,True,False
2019:571,2019,LAPAN,Terra,False,False,True,False
2019:572,2019,LAPAN,Terra,False,False,True,False
2019:573,2019,LAPAN,Terra,False,False,True,False
2019:574,2019,LAPAN,Terra,False,False,True,False
2019:582,2019,LAPAN,Terra,False,False,True,False
2019:583,2019,LAPAN,Terra,False,False,True,False
2019:584,2019,LAPAN,Terra,False,False,True,False
2019:587,2019,LAPAN,Terra,False,False,True,False
2019:588,2019,LAPAN,Terra,False,False,False,False
2019:592,2019,LAPAN,Terra,False,False,False,False
2019:593,2019,LAPAN,Aqua,False,False,False,False
2019:594,2019,LAPAN,Aqua,False,False,False,False
2019:595,2019,LAPAN,Aqua,False,False,False,False
2019:596,2019,LAPAN,Aqua,False,False,True,False
2019:597,2019,LAPAN,Aqua,False,False,False,False
2019:598,2019,LAPAN,Aqua,False,False,False,False
2019:599,2019,LAPAN,Aqua,False,False,True,False
2019:600,2019,LAPAN,Aqua,False,False,False,False
2019:601,2019,LAPAN,Aqua,False,False,False,False
2019:602,2019,LAPAN,Aqua,False,False,False,False
2019:603,2019,LAPAN,Aqua,False,False,False,False
2019:604,2019,ASMC,NOAA20,False,False,False,False
2019:605,2019,ASMC,NOAA20,False,False,False,False
2019:606,2019,ASMC,NOAA20,False,False,False,False
2019:618,2019,LAPAN,Terra,False,True,False,False
2019:623,2019,LAPAN,Terra,False,False,False,False
2019:625,2019,LAPAN,Aqua,False,False,False,False
2019:629,2019,LAPAN,Terra,False,False,True,False
2019:630,2019,LAPAN,Terra,False,False,True,False
2019:631,2019,LAPAN,Terra,False,False,True,False
2019:632,2019,LAPAN,Terra,False,False,True,False
2019:633,2019,LAPAN,Terra,False,False,True,False
2019:635,2019,LAPAN,Terra,False,False,True,False
2019:636,2019,LAPAN,Terra,False,False,True,False
2019:639,2019,LAPAN,Terra,False,False,True,False
2019:641,2019,LAPAN,Aqua,False,False,True,False
2019:642,2019,LAPAN,Terra,False,False,True,False
2019:643,2019,LAPAN,Terra,False,False,True,False
2019:644,2019,LAPAN,Terra,False,False,True,False
2019:646,2019,LAPAN,Terra,False,False,True,False
2019:648,2019,LAPAN,Terra,False,False,True,False
2019:649,2019,ASMC,NOAA20,False,False,False,False
2019:683,2019,LAPAN,Aqua,False,False,True,False
2019:684,2019,LAPAN,Aqua,False,False,True,False
2019:685,2019,LAPAN,Aqua,False,False,True,False
2019:686,2019,LAPAN,Aqua,False,False,True,False
2019:687,2019,LAPAN,Aqua,False,False,True,False
2019:688,2019,LAPAN,Aqua,False,False,True,False
2019:689,2019,LAPAN,Aqua,False,False,True,False
2019:690,2019,LAPAN,Aqua,False,False,True,False
2019:691,2019,LAPAN,Aqua,False,False,True,False
2019:692,2019,LAPAN,Aqua,False,False,True,False
2019:753,2019,LAPAN,SNPP,False,True,False,False
2019:754,2019,LAPAN,Aqua,False,False,True,False
2019:757,2019,LAPAN,Aqua,False,True,True,False
2019:758,2019,LAPAN,Aqua,False,False,True,False
2019:760,2019,LAPAN,Aqua,False,True,False,False
2019:761,2019,LAPAN,Aqua,False,True,True,False
2019:762,2019,LAPAN,Aqua,False,True,True,False
2019:764,2019,LAPAN,Aqua,False,False,True,False
2019:765,2019,LAPAN,Aqua,False,False,True,False
2019:766,2019,LAPAN,Aqua,False,False,False,False
2019:768,2019,LAPAN,Aqua,False,True,True,False
2019:770,2019,LAPAN,Aqua,False,True,True,False
2019:772,2019,LAPAN,Aqua,False,False,True,False
2019:775,2019,LAPAN,Aqua,False,False,False,False
2019:776,2019,LAPAN,Aqua,False,False,True,False
2019:778,2019,LAPAN,Aqua,False,False,True,False
2019:779,2019,LAPAN,Aqua,False,True,True,False
2019:783,2019,LAPAN,Aqua,False,False,False,False
2019:784,2019,LAPAN,Aqua,False,False,True,False
2019:788,2019,LAPAN,Aqua,False,False,False,False
2019:790,2019,LAPAN,Aqua,False,False,True,False
2019:792,2019,LAPAN,Aqua,False,True,True,False
2019:793,2019,LAPAN,Aqua,False,True,True,False
2019:795,2019,LAPAN,Aqua,False,True,False,False
2019:796,2019,LAPAN,Aqua,False,False,False,False
2019:803,2019,LAPAN,Terra,False,False,False,False
2019:804,2019,LAPAN,Terra,False,False,False,False
2019:805,2019,LAPAN,Terra,False,False,False,False
2019:806,2019,0-3085969,Unknown,False,False,False,False
2019:807,2019,LAPAN,SNPP,False,False,True,False
2019:808,2019,LAPAN,SNPP,False,False,True,False
2019:809,2019,ASMC,NOAA20,False,False,False,False
2019:810,2019,ASMC,NOAA20,False,False,False,False
2019:852,2019,LAPAN,Terra,False,False,False,False
2019:860,2019,LAPAN,Terra,False,False,False,False
2019:869,2019,LAPAN,Aqua,False,False,False,False
2019:876,2019,ASMC,NOAA20,False,False,False,False
2019:877,2019,ASMC,NOAA20,False,False,False,False
2019:878,2019,LAPAN,Terra,False,False,False,False
2019:879,2019,LAPAN,Terra,False,False,False,False
2019:880,2019,LAPAN,Terra,False,False,False,False
2019:881,2019,LAPAN,Terra,False,False,False,False
2019:882,2019,LAPAN,Terra,False,False,False,False
2019:883,2019,LAPAN,Terra,False,False,False,False
2019:884,2019,LAPAN,Terra,False,False,False,False
2019:885,2019,LAPAN,SNPP,False,False,True,True
2019:886,2019,LAPAN,SNPP,False,False,True,False
2019:887,2019,LAPAN,SNPP,False,False,True,False
2019:888,2019,LAPAN,SNPP,False,False,True,False
2019:889,2019,LAPAN,SNPP,False,False,True,False
2019:890,2019,LAPAN,SNPP,False,False,True,False
2019:891,2019,LAPAN,SNPP,False,False,True,False
2019:892,2019,LAPAN,SNPP,False,False,True,True
2019:898,2019,0-3083220,Unknown,False,False,False,False
2019:900,2019,LAPAN,Aqua,False,False,False,False
2019:901,2019,LAPAN,Aqua,False,False,False,False
2019:902,2019,ASMC,NOAA20,False,False,False,False
2019:903,2019,ASMC,NOAA20,False,False,False,False
2019:904,2019,ASMC,NOAA20,False,False,False,False
2019:905,2019,ASMC,NOAA20,False,False,False,False
2019:906,2019,LAPAN,SNPP,False,False,True,False
2019:907,2019,LAPAN,SNPP,False,False,True,False
2019:908,2019,LAPAN,SNPP,False,False,True,False
2019:909,2019,LAPAN,SNPP,False,False,True,False
2019:910,2019,LAPAN,SNPP,False,False,True,False
2019:911,2019,LAPAN,SNPP,False,False,True,False
2019:924,2019,LAPAN,SNPP,False,False,True,False
2019:927,2019,LAPAN,SNPP,False,False,True,False
2019:934,2019,LAPAN,SNPP,False,True,True,False
2019:939,2019,LAPAN,SNPP,False,False,True,False
2019:943,2019,ASMC,NOAA20,False,False,False,False
2019:944,2019,ASMC,NOAA20,False,False,False,False
2019:945,2019,ASMC,NOAA20,False,False,False,False
2019:946,2019,ASMC,NOAA20,False,False,False,False
2019:947,2019,ASMC,NOAA20,False,False,False,False
2019:948,2019,ASMC,NOAA20,False,False,False,False
2019:949,2019,ASMC,NOAA20,False,False,False,False
2019:950,2019,ASMC,NOAA20,False,False,False,False
2019:951,2019,ASMC,NOAA20,False,False,False,False
2019:959,2019,LAPAN,Aqua,False,False,True,False
2019:971,2019,LAPAN,Terra,False,False,False,False
2019:972,2019,LAPAN,Aqua,False,False,False,False
2019:976,2019,ASMC,NOAA20,False,False,False,False
2019:977,2019,ASMC,NOAA20,False,False,False,False
2019:978,2019,ASMC,NOAA20,False,False,False,False
2019:979,2019,ASMC,NOAA20,False,False,False,False
2019:980,2019,ASMC,NOAA20,False,False,False,False
2019:981,2019,ASMC,NOAA20,False,False,False,False
2019:982,2019,ASMC,NOAA20,False,False,False,False
2019:983,2019,ASMC,NOAA20,False,False,False,False
2019:984,2019,LAPAN,Terra,False,False,False,True
2019:985,2019,LAPAN,Terra,False,False,False,True
2019:990,2019,ASMC,NOAA20,False,False,False,False
2019:991,2019,ASMC,NOAA20,False,False,False,False
2019:992,2019,ASMC,NOAA20,False,False,False,False
2019:993,2019,ASMC,NOAA20,False,False,False,False
2019:998,2019,LAPAN,Aqua,False,False,False,True
2019:1001,2019,LAPAN,Aqua,False,False,True,True
2019:1002,2019,LAPAN,Aqua,False,False,False,True
2019:1005,2019,LAPAN,Aqua,False,False,True,True
2019:1006,2019,LAPAN,Aqua,False,False,False,True
2019:1008,2019,ASMC,NOAA20,False,False,False,False
2019:1009,2019,LAPAN,Aqua,False,False,True,False
2019:1010,2019,LAPAN,Terra,False,True,False,False
2019:1012,2019,LAPAN,Aqua,False,False,False,False
2019:1014,2019,LAPAN,SNPP,False,False,False,False
2019:1016,2019,LAPAN,SNPP,False,False,True,False
2019:1037,2019,ASMC,NOAA20,False,False,False,False
2019:1038,2019,ASMC,NOAA20,False,False,False,False
2019:1039,2019,ASMC,NOAA20,False,False,False,False
2019:1040,2019,LAPAN,SNPP,False,False,True,True
2019:1043,2019,LAPAN,Terra,False,False,False,False
2019:1051,2019,LAPAN,Aqua,False,True,False,False
2019:1054,2019,ASMC,NOAA20,False,False,False,False
2019:1055,2019,ASMC,NOAA20,False,False,False,False
2019:1056,2019,ASMC,NOAA20,False,False,False,False
2019:1057,2019,ASMC,NOAA20,False,False,False,False
2019:1058,2019,ASMC,NOAA20,False,False,False,False
2019:1072,2019,LAPAN,Aqua,False,True,True,False
2019:1076,2019,LAPAN,Aqua,False,True,True,False
2019:1082,2019,LAPAN,Terra,False,False,False,False
2019:1083,2019,LAPAN,Aqua,False,False,True,False
2019:1084,2019,LAPAN,Aqua,False,False,False,False
2019:1085,2019,LAPAN,Aqua,False,False,False,False
2019:1086,2019,LAPAN,Aqua,False,False,True,False
2019:1087,2019,LAPAN,Aqua,False,False,False,False
2019:1088,2019,ASMC,NOAA20,False,False,False,False
2019:1089,2019,ASMC,NOAA20,False,False,False,False
2019:1090,2019,ASMC,NOAA20,False,False,False,False
2019:1091,2019,ASMC,NOAA20,False,False,False,False
2019:1092,2019,ASMC,NOAA20,False,False,False,False
2019:1093,2019,LAPAN,SNPP,False,False,True,True
2019:1094,2019,LAPAN,SNPP,False,False,True,False
2019:1099,2019,LAPAN,SNPP,False,False,True,False
2019:1100,2019,LAPAN,SNPP,False,False,True,True
2019:1102,2019,ASMC,NOAA20,False,False,False,False
2019:1110,2019,LAPAN,Terra,False,False,False,False
2019:1111,2019,LAPAN,Aqua,False,False,True,False
2019:1112,2019,LAPAN,Aqua,False,False,False,False
2019:1114,2019,LAPAN,SNPP,False,False,True,False
2019:1115,2019,LAPAN,SNPP,False,False,False,False
2019:1116,2019,LAPAN,SNPP,False,False,True,False
2019:1118,2019,LAPAN,Aqua,False,True,False,False
2019:1119,2019,LAPAN,SNPP,False,False,False,False
2019:1120,2019,LAPAN,SNPP,False,False,False,False
2019:1121,2019,LAPAN,SNPP,False,False,True,False
2019:1122,2019,LAPAN,SNPP,False,False,True,False
2019:1123,2019,LAPAN,Aqua,False,False,True,False
2019:1124,2019,LAPAN,SNPP,False,False,False,False
2019:1125,2019,LAPAN,SNPP,False,False,True,False
2019:1126,2019,LAPAN,SNPP,False,False,True,False
2019:1127,2019,LAPAN,SNPP,False,False,True,False
2019:1128,2019,LAPAN,Aqua,False,False,False,False
2019:1129,2019,LAPAN,Aqua,False,False,False,False
2019:1130,2019,LAPAN,SNPP,False,False,True,False
2019:1131,2019,LAPAN,SNPP,False,False,True,False
2019:1134,2019,LAPAN,SNPP,False,False,True,False
2019:1135,2019,LAPAN,SNPP,False,False,True,False
2019:1136,2019,LAPAN,SNPP,False,False,True,False
2019:1141,2019,LAPAN,Terra,False,False,False,False
2019:1142,2019,LAPAN,Terra,False,False,False,False
2019:1150,2019,LAPAN,Aqua,False,False,False,False
2019:1151,2019,LAPAN,SNPP,False,False,True,False
2019:1152,2019,LAPAN,SNPP,False,False,True,False
2019:1153,2019,LAPAN,SNPP,False,False,True,False
2019:1154,2019,LAPAN,SNPP,False,False,True,False
2019:1155,2019,LAPAN,SNPP,False,False,True,False
2019:1156,2019,LAPAN,SNPP,False,False,True,False
2019:1157,2019,LAPAN,SNPP,False,False,True,False
2019:1158,2019,LAPAN,SNPP,False,False,True,False
2019:1159,2019,LAPAN,SNPP,False,False,True,False
2019:1160,2019,LAPAN,SNPP,False,False,True,False
2019:1161,2019,LAPAN,SNPP,False,False,True,False
2019:1162,2019,LAPAN,SNPP,False,False,False,False
2019:1163,2019,LAPAN,SNPP,False,False,True,False
2019:1164,2019,LAPAN,SNPP,False,False,True,False
2019:1165,2019,LAPAN,SNPP,False,False,True,False
2019:1166,2019,LAPAN,SNPP,False,False,True,False
2019:1167,2019,LAPAN,SNPP,False,False,True,False
2019:1168,2019,LAPAN,SNPP,False,False,True,False
2019:1169,2019,LAPAN,SNPP,False,False,True,False
2019:1170,2019,LAPAN,SNPP,False,False,True,False
2019:1171,2019,LAPAN,SNPP,False,False,True,False
2019:1172,2019,LAPAN,SNPP,False,False,True,False
2019:1173,2019,LAPAN,SNPP,False,False,True,False
2019:1174,2019,LAPAN,SNPP,False,False,True,False
2019:1175,2019,LAPAN,SNPP,False,False,True,False
2019:1194,2019,LAPAN,SNPP,False,False,True,False
2019:1195,2019,LAPAN,SNPP,False,False,False,False
2019:1196,2019,LAPAN,SNPP,False,False,True,False
2019:1197,2019,LAPAN,SNPP,False,False,True,False
2019:1198,2019,LAPAN,SNPP,False,False,False,False
2019:1200,2019,LAPAN,Aqua,False,False,False,False
2019:1231,2019,LAPAN,SNPP,False,True,False,False
2019:1234,2019,LAPAN,Terra,False,False,False,False
2019:1235,2019,LAPAN,Aqua,False,False,False,False
2019:1236,2019,LAPAN,SNPP,False,False,True,True
2019:1237,2019,LAPAN,SNPP,False,False,True,False
2019:1238,2019,LAPAN,SNPP,False,False,True,True
2019:1239,2019,LAPAN,Aqua,False,False,False,False
2019:1240,2019,LAPAN,SNPP,False,False,True,True
2019:1241,2019,LAPAN,Aqua,False,False,True,False
2019:1242,2019,LAPAN,Terra,False,False,False,False
2019:1243,2019,LAPAN,Terra,False,False,False,False
2019:1245,2019,LAPAN,Terra,False,False,False,False
2019:1247,2019,LAPAN,SNPP,False,True,False,False
2019:1254,2019,LAPAN,SNPP,False,False,False,False
2019:1255,2019,LAPAN,SNPP,False,False,False,False
2019:1259,2019,LAPAN,SNPP,False,False,False,False
2019:1264,2019,LAPAN,SNPP,False,True,False,False
2019:1268,2019,LAPAN,SNPP,False,True,False,False
2019:1270,2019,LAPAN,SNPP,False,False,False,False
2019:1273,2019,LAPAN,SNPP,False,False,False,False
2019:1278,2019,LAPAN,SNPP,False,False,True,False
2019:1279,2019,LAPAN,SNPP,False,False,True,False
2019:1280,2019,LAPAN,SNPP,False,False,True,False
2019:1281,2019,LAPAN,SNPP,False,False,True,False
2019:1282,2019,LAPAN,SNPP,False,False,True,False
2019:1283,2019,LAPAN,SNPP,False,False,True,False
2019:1295,2019,LAPAN,Terra,False,False,False,False
2019:1296,2019,LAPAN,Terra,False,False,False,False
2019:1298,2019,LAPAN,Terra,False,False,False,False
2019:1301,2019,LAPAN,Terra,False,True,False,False
2019:1308,2019,LAPAN,Terra,False,True,False,False
2019:1309,2019,LAPAN,Terra,False,True,False,False
2019:1311,2019,LAPAN,Terra,False,True,False,False
2019:1327,2019,LAPAN,SNPP,False,False,True,False
2019:1328,2019,LAPAN,SNPP,False,True,True,False
2019:1341,2019,LAPAN,SNPP,False,True,False,False
2019:1355,2019,LAPAN,SNPP,False,True,True,False
2019:1359,2019,LAPAN,SNPP,False,False,True,False
2019:1361,2019,LAPAN,SNPP,False,False,True,False
2019:1372,2019,LAPAN,SNPP,False,False,True,False
2019:1382,2019,LAPAN,Aqua,False,False,False,False
2019:1388,2019,LAPAN,SNPP,False,True,True,False
2019:1392,2019,LAPAN,SNPP,False,False,False,False
2019:1400,2019,LAPAN,SNPP,False,False,True,False
2019:1407,2019,LAPAN,SNPP,False,True,False,False
2019:1418,2019,LAPAN,Aqua,False,False,True,False
2019:1422,2019,LAPAN,SNPP,False,True,True,False
2019:1439,2019,LAPAN,Aqua,False,True,True,False
2019:1445,2019,LAPAN,SNPP,False,False,True,False
2019:1451,2019,LAPAN,SNPP,False,False,True,False
2019:1453,2019,ASMC,NOAA20,False,False,False,False
2019:1454,2019,ASMC,NOAA20,False,False,False,False
2019:1455,2019,ASMC,NOAA20,False,False,False,False
2019:1456,2019,ASMC,NOAA20,False,False,False,False
2019:1457,2019,ASMC,NOAA20,False,False,False,False
2019:1458,2019,ASMC,NOAA20,False,False,False,False
2019:1459,2019,ASMC,NOAA20,False,False,False,False
2019:1460,2019,ASMC,NOAA20,False,False,False,False
2019:1461,2019,ASMC,NOAA20,False,False,False,False
2019:1462,2019,ASMC,NOAA20,False,False,False,False
2019:1463,2019,ASMC,NOAA20,False,False,False,False
2019:1464,2019,ASMC,NOAA20,False,False,False,False
2019:1465,2019,ASMC,NOAA20,False,False,False,False
2019:1466,2019,ASMC,NOAA20,False,False,False,False
2019:1467,2019,ASMC,NOAA20,False,False,False,False
2019:1468,2019,ASMC,NOAA20,False,False,False,False
2019:1469,2019,ASMC,NOAA20,False,False,False,False
2019:1478,2019,LAPAN,Terra,False,True,False,False
2019:1497,2019,LAPAN,SNPP,False,False,True,False
2019:1498,2019,LAPAN,SNPP,False,False,False,False
2019:1499,2019,LAPAN,SNPP,False,False,True,False
2019:1500,2019,LAPAN,SNPP,False,False,True,False
2019:1501,2019,LAPAN,SNPP,False,False,True,False
2019:1502,2019,LAPAN,SNPP,False,False,True,False
2019:1503,2019,LAPAN,SNPP,False,False,True,False
2019:1504,2019,LAPAN,SNPP,False,False,True,False
2019:1505,2019,LAPAN,SNPP,False,False,True,False
2019:1506,2019,LAPAN,SNPP,False,False,True,False
2019:1507,2019,LAPAN,SNPP,False,False,True,False
2019:1508,2019,LAPAN,SNPP,False,False,True,False
2019:1564,2019,LAPAN,Aqua,False,False,True,False
2019:1565,2019,LAPAN,Aqua,False,False,True,False
2019:1566,2019,LAPAN,Aqua,False,False,True,False
2019:1567,2019,LAPAN,Aqua,False,False,True,False
2019:1568,2019,LAPAN,Aqua,False,False,False,False
2019:1569,2019,LAPAN,Aqua,False,False,True,False
2019:1570,2019,LAPAN,Aqua,False,False,True,False
2019:1571,2019,LAPAN,Aqua,False,False,True,False
2019:1572,2019,LAPAN,Aqua,False,False,True,False
2019:1573,2019,LAPAN,Aqua,False,False,True,False
2019:1574,2019,LAPAN,Aqua,False,False,True,False
2019:1575,2019,LAPAN,Aqua,False,False,True,False
2019:1576,2019,LAPAN,Aqua,False,False,True,False
2019:1577,2019,LAPAN,Aqua,False,False,False,False
2019:1578,2019,LAPAN,Aqua,False,False,True,False
2019:1579,2019,LAPAN,Aqua,False,False,False,False
2019:1580,2019,LAPAN,Aqua,False,False,True,False
2019:1581,2019,LAPAN,Aqua,False,False,True,False
2019:1582,2019,LAPAN,Aqua,False,False,True,False
2019:1583,2019,LAPAN,Aqua,False,False,True,False
2019:1584,2019,LAPAN,Aqua,False,False,True,False
2019:1585,2019,LAPAN,Aqua,False,False,True,False
2019:1586,2019,LAPAN,Aqua,False,False,True,False
2019:1587,2019,LAPAN,Aqua,False,False,True,False
2019:1588,2019,LAPAN,Aqua,False,False,True,False
2019:1589,2019,LAPAN,Aqua,False,False,True,False
2019:1590,2019,LAPAN,Aqua,False,False,True,False
2019:1591,2019,LAPAN,Aqua,False,False,False,False
2019:1592,2019,LAPAN,Aqua,False,False,True,False
2019:1593,2019,LAPAN,Aqua,False,False,True,False
2019:1594,2019,LAPAN,Aqua,False,False,True,False
2019:1595,2019,LAPAN,Aqua,False,False,True,False
2019:1596,2019,LAPAN,Aqua,False,False,True,False
2019:1597,2019,LAPAN,Aqua,False,False,True,False
2019:1598,2019,LAPAN,Aqua,False,False,True,False
2019:1599,2019,LAPAN,Aqua,False,False,True,False
2019:1600,2019,LAPAN,Aqua,False,False,True,False
2019:1601,2019,LAPAN,Aqua,False,False,True,False
2019:1602,2019,LAPAN,Aqua,False,False,False,False
2019:1603,2019,LAPAN,Aqua,False,False,True,False
2019:1604,2019,LAPAN,Aqua,False,False,False,False
2019:1605,2019,LAPAN,Aqua,False,False,False,False
2019:1606,2019,LAPAN,Aqua,False,True,False,False
2019:1609,2019,LAPAN,Aqua,False,False,False,False
2019:1610,2019,LAPAN,Aqua,False,False,False,False
2019:1611,2019,LAPAN,Aqua,False,True,False,False
2019:1619,2019,ASMC,NOAA20,False,False,False,False
2019:1620,2019,ASMC,NOAA20,False,False,False,False
2019:1621,2019,ASMC,NOAA20,False,False,False,False
2019:1622,2019,ASMC,NOAA20,False,False,False,False
2019:1623,2019,ASMC,NOAA20,False,False,False,False
2019:1624,2019,ASMC,NOAA20,False,False,False,False
2019:1625,2019,ASMC,NOAA20,False,False,False,False
2019:1626,2019,ASMC,NOAA20,False,False,False,False
2019:1627,2019,ASMC,NOAA20,False,False,False,False
2019:1628,2019,ASMC,NOAA20,False,False,False,False
2019:1629,2019,ASMC,NOAA20,False,False,False,False
2019:1630,2019,ASMC,NOAA20,False,False,False,False
2019:1631,2019,ASMC,NOAA20,False,False,False,False
2019:1632,2019,ASMC,NOAA20,False,False,False,False
2019:1633,2019,ASMC,NOAA20,False,False,False,False
2019:1634,2019,ASMC,NOAA20,False,False,False,False
2019:1635,2019,LAPAN,Terra,False,False,False,True
2019:1636,2019,LAPAN,Terra,False,False,False,True
2019:1637,2019,LAPAN,Terra,False,False,False,True
2019:1638,2019,LAPAN,Terra,False,False,False,True
2019:1639,2019,LAPAN,Terra,False,False,False,True
2019:1640,2019,LAPAN,Terra,False,False,False,True
2019:1641,2019,LAPAN,Terra,False,False,False,True
2019:1642,2019,LAPAN,Terra,False,False,False,True
2019:1643,2019,LAPAN,Terra,False,False,False,True
2019:1644,2019,LAPAN,Terra,False,False,False,True
2019:1645,2019,LAPAN,SNPP,False,False,True,False
2019:1646,2019,LAPAN,SNPP,False,False,True,False
2019:1647,2019,LAPAN,SNPP,False,False,True,False
2019:1648,2019,LAPAN,SNPP,False,False,True,False
2019:1649,2019,LAPAN,SNPP,False,False,True,False
2019:1650,2019,LAPAN,SNPP,False,False,True,False
2019:1677,2019,LAPAN,Terra,False,True,False,False
2019:1682,2019,LAPAN,Terra,False,False,False,False
2019:1686,2019,LAPAN,Terra,False,True,False,False
2019:1689,2019,LAPAN,Terra,False,True,False,False
2019:1691,2019,LAPAN,Terra,False,True,False,False
2019:1692,2019,LAPAN,Terra,False,False,False,False
2019:1695,2019,LAPAN,Terra,False,True,False,False
2019:1696,2019,LAPAN,Terra,False,True,False,False
2019:1697,2019,LAPAN,Terra,False,True,False,False
2019:1699,2019,LAPAN,Terra,False,True,False,False
2019:1703,2019,LAPAN,SNPP,False,False,True,False
2019:1706,2019,LAPAN,SNPP,False,False,False,False
2019:1707,2019,LAPAN,SNPP,False,False,True,False
2019:1711,2019,LAPAN,SNPP,False,False,True,False
2019:1712,2019,LAPAN,SNPP,False,False,True,False
2019:1713,2019,LAPAN,SNPP,False,False,True,False
2019:1714,2019,LAPAN,SNPP,False,False,True,False
2019:1715,2019,LAPAN,SNPP,False,False,True,False
2019:1716,2019,LAPAN,SNPP,False,False,False,False
2019:1717,2019,LAPAN,SNPP,False,False,True,False
2019:1718,2019,LAPAN,SNPP,False,False,True,False
2019:1719,2019,LAPAN,SNPP,False,False,False,False
2019:1720,2019,LAPAN,SNPP,False,False,False,False
2019:1723,2019,LAPAN,SNPP,False,False,True,False
2019:1724,2019,LAPAN,SNPP,False,False,False,False
2019:1725,2019,LAPAN,SNPP,False,False,False,False
2019:1726,2019,LAPAN,Aqua,False,False,False,False
2019:1727,2019,LAPAN,SNPP,False,False,True,False
2019:1729,2019,LAPAN,SNPP,False,False,False,False
2019:1730,2019,LAPAN,Aqua,False,True,False,False
2019:1732,2019,LAPAN,SNPP,False,False,False,False
2019:1733,2019,LAPAN,SNPP,False,False,False,False
2019:1734,2019,LAPAN,SNPP,False,False,True,False
2019:1735,2019,LAPAN,SNPP,False,False,True,False
2019:1737,2019,LAPAN,SNPP,False,False,True,False
2019:1738,2019,LAPAN,SNPP,False,False,True,False
2019:1741,2019,LAPAN,SNPP,False,False,False,False
2019:1744,2019,LAPAN,SNPP,False,False,False,False
2019:1748,2019,LAPAN,SNPP,False,False,True,False
2019:1749,2019,LAPAN,SNPP,False,False,False,False
2019:1750,2019,LAPAN,SNPP,False,False,True,False
2019:1751,2019,LAPAN,SNPP,False,False,True,False
2019:1753,2019,LAPAN,SNPP,False,False,True,False
2019:1755,2019,LAPAN,SNPP,False,False,True,False
2019:1759,2019,LAPAN,SNPP,False,False,False,False
2019:1761,2019,LAPAN,SNPP,False,False,False,False
2019:1764,2019,LAPAN,SNPP,False,False,True,False
2019:1765,2019,LAPAN,SNPP,False,False,True,False
2019:1766,2019,LAPAN,SNPP,False,False,True,False
2019:1767,2019,LAPAN,SNPP,False,False,False,False
2019:1770,2019,LAPAN,SNPP,False,False,False,False
2019:1771,2019,LAPAN,SNPP,False,False,False,False
2019:1772,2019,LAPAN,SNPP,False,False,True,False
2019:1773,2019,LAPAN,SNPP,False,False,True,False
2019:1774,2019,LAPAN,SNPP,False,False,True,False
2019:1775,2019,LAPAN,SNPP,False,False,False,False
2019:1776,2019,LAPAN,SNPP,False,False,False,False
2019:1778,2019,LAPAN,SNPP,False,False,False,False
2019:1779,2019,LAPAN,SNPP,False,False,False,False
2019:1780,2019,LAPAN,SNPP,False,False,True,False
2019:1781,2019,LAPAN,SNPP,False,False,True,False
2019:1782,2019,ASMC,NOAA20,False,False,False,False
2019:1783,2019,ASMC,NOAA20,False,False,False,False
2019:1784,2019,ASMC,NOAA20,False,False,False,False
2019:1785,2019,ASMC,NOAA20,False,False,False,False
2019:1786,2019,ASMC,NOAA20,False,False,False,False
2019:1787,2019,ASMC,NOAA20,False,False,False,False
2019:1788,2019,ASMC,NOAA20,False,False,False,False
2019:1789,2019,ASMC,NOAA20,False,False,False,False
2019:1790,2019,ASMC,NOAA20,False,False,False,False
2019:1791,2019,ASMC,NOAA20,False,False,False,False
2019:1792,2019,ASMC,NOAA20,False,False,False,False
2019:1793,2019,ASMC,NOAA20,False,False,False,False
2019:1794,2019,ASMC,NOAA20,False,False,False,False
2019:1795,2019,ASMC,NOAA20,False,False,False,False
2019:1796,2019,ASMC,NOAA20,False,False,False,False
2019:1915,2019,LAPAN,SNPP,False,True,False,False
2019:1932,2019,LAPAN,Terra,False,True,False,False
2019:1940,2019,LAPAN,Terra,False,True,False,False
2019:1943,2019,LAPAN,Aqua,False,False,True,False
2019:1944,2019,LAPAN,Aqua,False,False,True,False
2019:1945,2019,LAPAN,Aqua,False,False,True,False
2019:1946,2019,LAPAN,Aqua,False,False,True,False
2019:1947,2019,LAPAN,Aqua,False,False,True,False
2019:1948,2019,LAPAN,Aqua,False,False,True,False
2019:1949,2019,LAPAN,Aqua,False,False,True,False
2019:1950,2019,LAPAN,Aqua,False,False,True,False
2019:1951,2019,LAPAN,Aqua,False,False,True,False
2019:1952,2019,LAPAN,Aqua,False,False,True,False
2019:1953,2019,LAPAN,Aqua,False,False,True,False
2019:1954,2019,LAPAN,Aqua,False,False,True,False
2019:1955,2019,LAPAN,Aqua,False,False,True,False
2019:1956,2019,LAPAN,Aqua,False,False,True,False
2019:1957,2019,LAPAN,Aqua,False,False,True,False
2019:1958,2019,LAPAN,Aqua,False,False,True,False
2019:1959,2019,LAPAN,Aqua,False,False,True,False
2019:1960,2019,LAPAN,Aqua,False,False,True,False
2019:1961,2019,LAPAN,Aqua,False,False,True,False
2019:1962,2019,LAPAN,Aqua,False,False,True,False
2019:1963,2019,LAPAN,Aqua,False,False,True,False
2019:1964,2019,LAPAN,Aqua,False,False,True,False
2019:1965,2019,LAPAN,Aqua,False,False,True,False
2019:1966,2019,LAPAN,Aqua,False,False,True,False
2019:1967,2019,LAPAN,Aqua,False,False,True,False
2019:1968,2019,LAPAN,Aqua,False,False,True,False
2019:1969,2019,LAPAN,Aqua,False,False,True,False
2019:1970,2019,LAPAN,Aqua,False,False,True,False
2019:1971,2019,LAPAN,Aqua,False,False,True,False
2019:1972,2019,LAPAN,Aqua,False,False,True,False
2019:1973,2019,LAPAN,Aqua,False,False,True,False
2019:1974,2019,LAPAN,Aqua,False,False,True,False
2019:1975,2019,LAPAN,Aqua,False,False,False,False
2019:1976,2019,LAPAN,Aqua,False,False,True,False
2019:1977,2019,LAPAN,Aqua,False,False,True,False
2019:1978,2019,LAPAN,Aqua,False,False,True,False
2019:1979,2019,LAPAN,Aqua,False,False,False,False
2019:1980,2019,LAPAN,Aqua,False,False,False,False
2019:1981,2019,LAPAN,Aqua,False,False,True,False
2019:1982,2019,LAPAN,Aqua,False,False,True,False
2019:1983,2019,LAPAN,Aqua,False,False,True,False
2019:1984,2019,LAPAN,Aqua,False,False,True,False
2019:1985,2019,LAPAN,Aqua,False,False,True,False
2019:1986,2019,LAPAN,Aqua,False,False,True,False
2019:1987,2019,LAPAN,Aqua,False,False,True,False
2019:1988,2019,LAPAN,Aqua,False,False,True,False
2019:1989,2019,LAPAN,Aqua,False,False,True,False
2019:1990,2019,LAPAN,Aqua,False,False,True,False
2019:1991,2019,LAPAN,Aqua,False,False,True,False
2019:1992,2019,LAPAN,Aqua,False,False,True,False
2019:1993,2019,LAPAN,Aqua,False,False,True,False
2019:1994,2019,LAPAN,Aqua,False,False,True,False
2019:1995,2019,LAPAN,Aqua,False,False,True,False
2019:1996,2019,LAPAN,Aqua,False,False,True,False
2019:1997,2019,LAPAN,Aqua,False,False,True,False
2019:1998,2019,LAPAN,Aqua,False,False,True,False
2019:1999,2019,LAPAN,Aqua,False,False,True,False
2019:2000,2019,LAPAN,Aqua,False,False,True,False
2019:2001,2019,LAPAN,Aqua,False,False,True,False
2019:2002,2019,LAPAN,Aqua,False,False,True,False
2019:2003,2019,LAPAN,Aqua,False,False,False,True
2019:2005,2019,LAPAN,Aqua,False,False,False,True
2019:2008,2019,LAPAN,Aqua,False,False,False,True
2019:2011,2019,LAPAN,SNPP,False,True,False,False
2019:2012,2019,LAPAN,Aqua,False,False,False,False
2019:2013,2019,LAPAN,Aqua,False,False,False,False
2019:2014,2019,LAPAN,Aqua,False,False,True,False
2019:2015,2019,LAPAN,Aqua,False,False,True,False
2019:2016,2019,LAPAN,Aqua,False,False,False,False
2019:2017,2019,LAPAN,Aqua,False,False,True,False
2019:2019,2019,LAPAN,Aqua,False,False,False,False
2019:2020,2019,LAPAN,Aqua,False,False,False,True
2019:2022,2019,LAPAN,SNPP,False,True,False,False
2019:2024,2019,LAPAN,Aqua,False,False,False,True
2019:2025,2019,LAPAN,Aqua,False,False,False,False
2019:2026,2019,LAPAN,Aqua,False,False,False,True
2019:2027,2019,LAPAN,Aqua,False,False,False,True
2019:2030,2019,LAPAN,Aqua,False,False,False,True
2019:2031,2019,LAPAN,Aqua,False,False,True,True
2019:2032,2019,LAPAN,Aqua,False,False,True,True
2019:2033,2019,LAPAN,Aqua,False,False,True,True
2019:2034,2019,LAPAN,Aqua,False,False,True,False
2019:2035,2019,LAPAN,Aqua,False,False,True,True
2019:2037,2019,LAPAN,Aqua,False,False,False,False
2019:2038,2019,LAPAN,Aqua,False,False,False,False
2019:2039,2019,LAPAN,Aqua,False,False,True,False
2019:2040,2019,LAPAN,Aqua,False,False,False,False
2019:2041,2019,LAPAN,Aqua,False,False,True,True
2019:2042,2019,LAPAN,Aqua,False,False,True,False
2019:2045,2019,LAPAN,Aqua,False,False,False,False
2019:2046,2019,LAPAN,Aqua,False,False,False,False
2019:2051,2019,LAPAN,Aqua,False,False,True,True
2019:2052,2019,LAPAN,Aqua,False,False,False,True
2019:2055,2019,LAPAN,Aqua,False,False,True,True
2019:2056,2019,LAPAN,Aqua,False,False,True,False
2019:2059,2019,LAPAN,Aqua,False,False,True,False
2019:2060,2019,LAPAN,Aqua,False,False,False,False
2019:2061,2019,LAPAN,Aqua,False,False,False,False
2019:2062,2019,LAPAN,Aqua,False,False,False,False
2019:2063,2019,LAPAN,SNPP,False,True,False,False
2019:2064,2019,LAPAN,Aqua,False,False,True,False
2019:2065,2019,LAPAN,Aqua,False,False,True,False
2019:2066,2019,LAPAN,Aqua,False,False,True,False
2019:2067,2019,LAPAN,Aqua,False,False,True,False
2019:2068,2019,LAPAN,Aqua,False,False,True,False
2019:2069,2019,LAPAN,Aqua,False,False,True,False
2019:2070,2019,LAPAN,Aqua,False,False,True,False
2019:2074,2019,LAPAN,Aqua,False,False,False,False
2019:2075,2019,LAPAN,Aqua,False,False,False,False
2019:2076,2019,LAPAN,Aqua,False,False,True,False
2019:2078,2019,LAPAN,Aqua,False,False,False,False
2019:2079,2019,LAPAN,Aqua,False,False,False,False
2019:2080,2019,LAPAN,Aqua,False,False,True,False
2019:2081,2019,LAPAN,Aqua,False,False,False,True
2019:2083,2019,LAPAN,Aqua,False,False,True,False
2019:2085,2019,LAPAN,Aqua,False,False,False,True
2019:2086,2019,LAPAN,Aqua,False,False,True,True
2019:2087,2019,LAPAN,Aqua,False,False,True,False
2019:2089,2019,LAPAN,Aqua,False,False,True,False
2019:2090,2019,LAPAN,Aqua,False,False,True,False
2019:2092,2019,LAPAN,Aqua,False,False,True,True
2019:2093,2019,LAPAN,Aqua,False,False,True,True
2019:2096,2019,LAPAN,Aqua,False,False,False,True
2019:2097,2019,LAPAN,Aqua,False,False,True,True
2019:2098,2019,LAPAN,Aqua,False,False,True,False
2019:2101,2019,LAPAN,Aqua,False,False,False,False
2019:2102,2019,LAPAN,Aqua,False,False,True,False
2019:2103,2019,LAPAN,Aqua,False,False,False,True
2019:2104,2019,LAPAN,Aqua,False,False,True,False
2019:2107,2019,LAPAN,Aqua,False,False,True,False
2019:2108,2019,LAPAN,Aqua,False,False,True,True
2019:2109,2019,LAPAN,Aqua,False,False,False,True
2019:2110,2019,LAPAN,Aqua,False,False,True,False
2019:2111,2019,LAPAN,Aqua,False,False,False,True
2019:2112,2019,LAPAN,Aqua,False,False,False,False
2019:2113,2019,LAPAN,Aqua,False,False,True,False
2019:2114,2019,LAPAN,Aqua,False,False,False,False
2019:2115,2019,LAPAN,Aqua,False,False,False,False
2019:2116,2019,LAPAN,Aqua,False,False,True,True
2019:2117,2019,LAPAN,Aqua,False,False,False,True
2019:2118,2019,LAPAN,Aqua,False,False,True,True
2019:2121,2019,LAPAN,Aqua,False,False,True,True
2019:2122,2019,LAPAN,Aqua,False,False,True,True
2019:2124,2019,LAPAN,SNPP,False,True,False,False
2019:2126,2019,LAPAN,Aqua,False,False,True,False
2019:2127,2019,LAPAN,Aqua,False,False,True,False
2019:2128,2019,LAPAN,Aqua,False,False,True,False
2019:2129,2019,LAPAN,Aqua,False,False,False,False
2019:2131,2019,LAPAN,Aqua,False,False,True,False
2019:2133,2019,LAPAN,Aqua,False,False,False,False
2019:2136,2019,LAPAN,Aqua,False,False,True,True
2019:2139,2019,LAPAN,Aqua,False,False,False,False
2019:2141,2019,LAPAN,Aqua,False,False,False,True
2019:2143,2019,LAPAN,Aqua,False,False,True,False
2019:2145,2019,LAPAN,Aqua,False,False,False,False
2019:2146,2019,LAPAN,Aqua,False,False,True,False
2019:2148,2019,LAPAN,Aqua,False,False,False,False
2019:2149,2019,LAPAN,Aqua,False,False,False,False
2019:2150,2019,ASMC,NOAA20,False,False,False,False
2019:2151,2019,ASMC,NOAA20,False,False,False,False
2019:2152,2019,ASMC,NOAA20,False,False,False,False
2019:2153,2019,ASMC,NOAA20,False,False,False,False
2019:2154,2019,ASMC,NOAA20,False,False,False,False
2019:2155,2019,ASMC,NOAA20,False,False,False,False
2019:2156,2019,ASMC,NOAA20,False,False,False,False
2019:2157,2019,ASMC,NOAA20,False,False,False,False
2019:2158,2019,ASMC,NOAA20,False,False,False,False
2019:2159,2019,ASMC,NOAA20,False,False,False,False
2019:2160,2019,ASMC,NOAA20,False,False,False,False
2019:2161,2019,ASMC,NOAA20,False,False,False,False
2019:2162,2019,ASMC,NOAA20,False,False,False,False
2019:2163,2019,ASMC,NOAA20,False,False,False,False
2019:2184,2019,LAPAN,SNPP,False,False,True,True
2019:2185,2019,LAPAN,SNPP,False,False,True,True
2019:2186,2019,LAPAN,SNPP,False,False,True,True
2019:2187,2019,LAPAN,SNPP,False,False,True,True
2019:2188,2019,LAPAN,SNPP,False,False,True,True
2019:2189,2019,LAPAN,SNPP,False,False,True,True
2019:2190,2019,LAPAN,SNPP,False,False,True,True
2019:2191,2019,LAPAN,SNPP,False,False,True,True
2019:2192,2019,LAPAN,SNPP,False,False,True,True
2019:2193,2019,LAPAN,SNPP,False,False,True,True
2019:2194,2019,LAPAN,SNPP,False,False,True,True
2019:2195,2019,LAPAN,SNPP,False,False,True,False
2019:2196,2019,LAPAN,SNPP,False,False,True,True
2019:2197,2019,LAPAN,SNPP,False,False,True,True
2019:2198,2019,LAPAN,SNPP,False,False,True,True
2019:2199,2019,LAPAN,SNPP,False,False,True,True
2019:2200,2019,LAPAN,SNPP,False,False,True,True
2019:2201,2019,LAPAN,SNPP,False,False,True,True
2019:2202,2019,LAPAN,SNPP,False,False,True,True
2019:2203,2019,LAPAN,SNPP,False,False,True,True
2019:2204,2019,LAPAN,SNPP,False,False,True,True
2019:2205,2019,LAPAN,SNPP,False,False,True,True
2019:2206,2019,LAPAN,SNPP,False,False,True,False
2019:2207,2019,LAPAN,SNPP,False,False,True,True
2019:2208,2019,LAPAN,SNPP,False,False,True,True
2019:2209,2019,LAPAN,SNPP,False,False,True,True
2019:2210,2019,LAPAN,SNPP,False,False,True,True
2019:2211,2019,LAPAN,SNPP,False,False,True,True
2019:2212,2019,LAPAN,SNPP,False,False,True,True
2019:2213,2019,LAPAN,Terra,False,True,False,False
2019:2216,2019,LAPAN,Terra,False,False,False,False
2019:2218,2019,LAPAN,Terra,False,False,False,False
2019:2220,2019,LAPAN,Terra,False,True,False,False
2019:2221,2019,LAPAN,Aqua,False,False,False,False
2019:2222,2019,LAPAN,Aqua,False,False,False,False
2019:2223,2019,LAPAN,SNPP,False,False,False,False
2019:2224,2019,LAPAN,Aqua,False,False,False,False
2019:2225,2019,LAPAN,SNPP,False,False,False,False
2019:2226,2019,LAPAN,SNPP,False,False,True,False
2019:2227,2019,LAPAN,SNPP,False,False,True,False
2019:2228,2019,LAPAN,SNPP,False,False,True,False
2019:2229,2019,LAPAN,Aqua,False,False,True,False
2019:2230,2019,LAPAN,SNPP,False,False,True,False
2019:2231,2019,LAPAN,Aqua,False,False,False,False
2019:2232,2019,LAPAN,Aqua,False,False,False,False
2019:2233,2019,LAPAN,Aqua,False,False,False,False
2019:2234,2019,LAPAN,Aqua,False,False,False,False
2019:2235,2019,LAPAN,SNPP,False,False,True,False
2019:2236,2019,LAPAN,Aqua,False,False,False,False
2019:2237,2019,LAPAN,Aqua,False,False,True,False
2019:2238,2019,LAPAN,SNPP,False,False,True,False
2019:2239,2019,LAPAN,SNPP,False,False,False,False
2019:2240,2019,LAPAN,SNPP,False,False,True,False
2019:2241,2019,LAPAN,SNPP,False,False,True,False
2019:2249,2019,LAPAN,SNPP,False,True,False,False
2019:2255,2019,LAPAN,SNPP,False,True,False,False
2019:2258,2019,LAPAN,SNPP,False,True,False,False
2019:2259,2019,LAPAN,SNPP,False,True,False,False
2019:2263,2019,LAPAN,SNPP,False,True,False,False
2019:2265,2019,LAPAN,SNPP,False,False,False,False
2019:2267,2019,LAPAN,SNPP,False,True,False,False
2019:2269,2019,LAPAN,SNPP,False,False,False,False
2019:2270,2019,LAPAN,SNPP,False,False,False,False
2019:2271,2019,LAPAN,SNPP,False,True,True,False
2019:2272,2019,LAPAN,SNPP,False,True,False,False
2019:2273,2019,LAPAN,SNPP,False,True,False,False
2019:2275,2019,LAPAN,SNPP,False,True,False,False
2019:2279,2019,LAPAN,SNPP,False,True,False,False
2019:2289,2019,LAPAN,SNPP,False,False,False,False
2019:2290,2019,LAPAN,SNPP,False,False,False,False
2019:2296,2019,LAPAN,SNPP,False,False,False,False
2019:2301,2019,LAPAN,SNPP,False,True,False,False
2019:2356,2019,LAPAN,SNPP,False,True,False,False
2019:2357,2019,LAPAN,Aqua,False,False,True,False
2019:2359,2019,LAPAN,Aqua,False,False,True,False
2019:2360,2019,LAPAN,Aqua,False,True,True,False
2019:2365,2019,LAPAN,Aqua,False,True,True,False
2019:2370,2019,LAPAN,Aqua,False,True,True,False
2019:2374,2019,LAPAN,Aqua,False,True,True,False
2019:2382,2019,LAPAN,Aqua,False,True,True,False
2019:2384,2019,LAPAN,Aqua,False,True,True,False
2019:2385,2019,LAPAN,Aqua,False,True,True,False
2019:2392,2019,LAPAN,Aqua,False,True,True,False
2019:2397,2019,LAPAN,Aqua,False,True,True,False
2019:2402,2019,LAPAN,Aqua,False,True,True,False
2019:2412,2019,LAPAN,Terra,False,False,False,False
2019:2432,2019,LAPAN,SNPP,False,True,False,False
2019:2440,2019,LAPAN,SNPP,False,False,False,False
2019:2441,2019,LAPAN,Aqua,False,False,True,False
2019:2442,2019,LAPAN,Aqua,False,False,False,False
2019:2446,2019,LAPAN,SNPP,False,True,False,False
2019:2447,2019,LAPAN,SNPP,False,False,True,False
2019:2449,2019,LAPAN,Aqua,False,True,False,False
2019:2450,2019,LAPAN,Aqua,False,False,False,False
2019:2452,2019,LAPAN,Aqua,False,True,False,False
2019:2468,2019,LAPAN,SNPP,False,False,True,False
2019:2471,2019,LAPAN,Aqua,False,False,False,False
2019:2472,2019,LAPAN,Aqua,False,True,False,False
2019:2477,2019,LAPAN,SNPP,False,False,False,False
2019:2478,2019,LAPAN,Aqua,False,True,False,False
2019:2480,2019,LAPAN,Aqua,False,True,False,False
2019:2488,2019,LAPAN,SNPP,False,True,False,False
2019:2495,2019,LAPAN,SNPP,False,False,True,False
2019:2512,2019,LAPAN,SNPP,False,True,True,False
2019:2513,2019,LAPAN,SNPP,False,False,True,False
2019:2514,2019,LAPAN,SNPP,False,False,True,False
2019:2517,2019,LAPAN,SNPP,False,True,True,False
2019:2518,2019,LAPAN,SNPP,False,False,True,False
2019:2534,2019,LAPAN,Terra,False,True,False,False
2019:2537,2019,LAPAN,Terra,False,False,False,False
2019:2558,2019,LAPAN,SNPP,False,True,False,False
2019:2566,2019,LAPAN,SNPP,False,False,True,True
2019:2567,2019,LAPAN,SNPP,False,False,True,True
2019:2568,2019,LAPAN,SNPP,False,False,True,True
2019:2569,2019,LAPAN,SNPP,False,False,True,True
2019:2570,2019,LAPAN,SNPP,False,False,True,True
2019:2571,2019,LAPAN,SNPP,False,False,True,True
2019:2572,2019,LAPAN,SNPP,False,False,True,True
2019:2573,2019,LAPAN,SNPP,False,False,True,False
2019:2574,2019,LAPAN,SNPP,False,False,True,True
2019:2575,2019,LAPAN,SNPP,False,False,True,True
2019:2576,2019,LAPAN,SNPP,False,False,True,True
2019:2577,2019,LAPAN,SNPP,False,False,False,False
2019:2578,2019,LAPAN,SNPP,False,False,True,False
2019:2579,2019,LAPAN,SNPP,False,False,True,True
2019:2580,2019,LAPAN,SNPP,False,False,True,False
2019:2581,2019,LAPAN,SNPP,False,False,True,False
2019:2582,2019,LAPAN,SNPP,False,False,True,False
2019:2583,2019,LAPAN,SNPP,False,False,True,False
2019:2584,2019,LAPAN,SNPP,False,False,True,False
2019:2585,2019,LAPAN,SNPP,False,False,True,False
2019:2586,2019,LAPAN,SNPP,False,False,False,True
2019:2587,2019,LAPAN,SNPP,False,False,True,False
2019:2588,2019,LAPAN,SNPP,False,False,True,True
2019:2589,2019,LAPAN,SNPP,False,False,True,True
2019:2590,2019,LAPAN,SNPP,False,False,True,True
2019:2591,2019,LAPAN,SNPP,False,False,True,False
2019:2592,2019,LAPAN,SNPP,False,False,True,False
2019:2593,2019,LAPAN,SNPP,False,False,True,True
2019:2594,2019,LAPAN,SNPP,False,False,True,True
2019:2595,2019,LAPAN,SNPP,False,False,True,False
2019:2596,2019,ASMC,NOAA20,False,False,False,False
2019:2630,2019,LAPAN,Terra,False,True,False,False
2019:2632,2019,LAPAN,Terra,False,False,False,False
2019:2636,2019,LAPAN,Terra,False,True,False,False
2019:2641,2019,LAPAN,Terra,False,True,False,False
2019:2642,2019,LAPAN,Terra,False,False,False,False
2019:2646,2019,LAPAN,SNPP,False,True,False,False
2019:2653,2019,LAPAN,SNPP,False,False,True,False
2019:2656,2019,LAPAN,SNPP,False,False,True,False
2019:2657,2019,LAPAN,SNPP,False,False,True,False
2019:2658,2019,LAPAN,SNPP,False,False,True,False
2019:2659,2019,LAPAN,SNPP,False,False,True,False
2019:2660,2019,LAPAN,SNPP,False,False,True,False
2019:2661,2019,LAPAN,SNPP,False,False,True,False
2019:2662,2019,LAPAN,SNPP,False,False,False,False
2019:2664,2019,LAPAN,SNPP,False,False,False,False
2019:2665,2019,LAPAN,SNPP,False,False,True,False
2019:2667,2019,LAPAN,SNPP,False,False,True,False
2019:2671,2019,LAPAN,SNPP,False,False,True,True
2019:2672,2019,LAPAN,SNPP,False,False,True,False
2019:2673,2019,LAPAN,SNPP,False,False,True,False
2019:2674,2019,LAPAN,SNPP,False,False,False,False
2019:2675,2019,LAPAN,SNPP,False,False,False,False
2019:2676,2019,LAPAN,SNPP,False,False,False,False
2019:2677,2019,LAPAN,SNPP,False,False,False,False
2019:2680,2019,LAPAN,SNPP,False,False,True,True
2019:2681,2019,LAPAN,SNPP,False,False,True,False
2019:2682,2019,LAPAN,SNPP,False,False,True,False
2019:2683,2019,LAPAN,SNPP,False,False,True,False
2019:2684,2019,LAPAN,SNPP,False,False,True,False
2019:2685,2019,LAPAN,SNPP,False,False,True,False
2019:2686,2019,LAPAN,SNPP,False,False,True,False
2019:2688,2019,LAPAN,SNPP,False,False,False,False
2019:2690,2019,LAPAN,SNPP,False,False,True,False
2019:2694,2019,LAPAN,SNPP,False,False,True,False
2019:2696,2019,LAPAN,SNPP,False,False,True,False
2019:2699,2019,LAPAN,SNPP,False,False,False,False
2019:2702,2019,LAPAN,SNPP,False,False,True,True
2019:2705,2019,LAPAN,SNPP,False,False,False,False
2019:2706,2019,LAPAN,Aqua,False,False,True,False
2019:2707,2019,LAPAN,SNPP,False,False,True,False
2019:2709,2019,LAPAN,SNPP,False,False,True,False
2019:2712,2019,LAPAN,SNPP,False,False,True,False
2019:2713,2019,LAPAN,SNPP,False,False,True,False
2019:2714,2019,LAPAN,SNPP,False,False,True,False
2019:2715,2019,LAPAN,SNPP,False,False,True,False
2019:2719,2019,LAPAN,Aqua,False,False,False,False
2019:2720,2019,LAPAN,Aqua,False,False,True,False
2019:2721,2019,LAPAN,Aqua,False,False,True,False
2019:2722,2019,LAPAN,Aqua,False,False,True,False
2019:2723,2019,LAPAN,Aqua,False,False,True,False
2019:2724,2019,LAPAN,Aqua,False,False,True,False
2019:2725,2019,LAPAN,Aqua,False,False,True,False
2019:2727,2019,LAPAN,Aqua,False,False,True,False
2019:2729,2019,LAPAN,Aqua,False,False,True,False
2019:2730,2019,LAPAN,Aqua,False,False,True,False
2019:2731,2019,LAPAN,Aqua,False,False,True,False
2019:2732,2019,LAPAN,Aqua,False,False,True,False
2019:2733,2019,LAPAN,Aqua,False,False,True,False
2019:2734,2019,LAPAN,Aqua,False,False,True,False
2019:2737,2019,LAPAN,Aqua,False,False,True,False
2019:2738,2019,LAPAN,Aqua,False,False,True,False
2019:2739,2019,LAPAN,Aqua,False,False,True,False
2019:2740,2019,LAPAN,Aqua,False,False,True,False
2019:2741,2019,LAPAN,Aqua,False,False,True,False
2019:2742,2019,LAPAN,Aqua,False,False,True,False
2019:2743,2019,LAPAN,Aqua,False,False,True,False
2019:2744,2019,LAPAN,Aqua,False,False,False,False
2019:2746,2019,LAPAN,Aqua,False,False,True,False
2019:2747,2019,LAPAN,Aqua,False,False,False,False
2019:2748,2019,LAPAN,Aqua,False,False,True,False
2019:2749,2019,LAPAN,Aqua,False,False,True,False
2019:2750,2019,LAPAN,Aqua,False,False,True,False
2019:2751,2019,LAPAN,Aqua,False,False,True,False
2019:2752,2019,LAPAN,Aqua,False,False,False,False
2019:2753,2019,LAPAN,Aqua,False,False,False,False
2019:2754,2019,ASMC,NOAA20,False,False,False,False
2019:2755,2019,ASMC,NOAA20,False,False,False,False
2019:2756,2019,LAPAN,Terra,False,False,False,False
2019:2757,2019,LAPAN,Terra,False,False,False,False
2019:2758,2019,LAPAN,Terra,False,False,False,False
2019:2759,2019,LAPAN,Terra,False,False,False,False
2019:2760,2019,LAPAN,Terra,False,False,False,False
2019:2761,2019,LAPAN,Terra,False,False,False,False
2019:2762,2019,LAPAN,Terra,False,False,False,False
2019:2763,2019,LAPAN,Terra,False,False,False,False
2019:2764,2019,LAPAN,Terra,False,False,False,False
2019:2765,2019,LAPAN,Terra,False,False,False,False
2019:2770,2019,LAPAN,Aqua,False,False,False,False
2019:2772,2019,LAPAN,Aqua,False,False,False,False
2019:2773,2019,LAPAN,Aqua,False,False,False,False
2019:2774,2019,LAPAN,Aqua,False,False,False,False
2019:2775,2019,LAPAN,SNPP,False,False,True,True
2019:2776,2019,LAPAN,SNPP,False,False,True,True
2019:2777,2019,LAPAN,SNPP,False,False,True,True
2019:2778,2019,LAPAN,SNPP,False,False,True,True
2019:2779,2019,LAPAN,SNPP,False,False,True,True
2019:2780,2019,LAPAN,SNPP,False,False,True,True
2019:2781,2019,LAPAN,SNPP,False,False,True,True
2019:2782,2019,LAPAN,Terra,False,False,False,False
2019:2785,2019,LAPAN,Terra,False,False,False,False
2019:2789,2019,LAPAN,Terra,False,False,False,False
2019:2791,2019,LAPAN,Terra,False,True,False,False
2019:2795,2019,LAPAN,SNPP,False,False,True,False
2019:2796,2019,LAPAN,SNPP,False,False,True,False
2019:2797,2019,LAPAN,SNPP,False,False,True,False
2019:2798,2019,LAPAN,SNPP,False,False,True,False
2019:2799,2019,LAPAN,SNPP,False,False,False,False
2019:2800,2019,LAPAN,SNPP,False,False,True,False
2019:2801,2019,LAPAN,SNPP,False,False,False,False
2019:2802,2019,LAPAN,SNPP,False,False,True,False
2019:2803,2019,LAPAN,SNPP,False,False,True,False
2019:2804,2019,LAPAN,SNPP,False,False,True,False
2019:2805,2019,LAPAN,SNPP,False,False,False,False
2019:2806,2019,LAPAN,SNPP,False,False,True,False
2019:2807,2019,LAPAN,SNPP,False,False,False,False
2019:2808,2019,LAPAN,SNPP,False,False,True,False
2019:2809,2019,LAPAN,SNPP,False,False,False,False
2019:2810,2019,LAPAN,SNPP,False,False,True,False
2019:2811,2019,LAPAN,SNPP,False,False,True,False
2019:2813,2019,LAPAN,Aqua,False,False,True,False
2019:2839,2019,LAPAN,Aqua,False,False,False,False
2019:2840,2019,LAPAN,Aqua,False,False,False,False
2019:2846,2019,LAPAN,SNPP,False,False,False,False
2019:2858,2019,ASMC,NOAA20,False,False,False,False
2019:2859,2019,ASMC,NOAA20,False,False,False,False
2019:2860,2019,ASMC,NOAA20,False,False,False,False
2019:2861,2019,ASMC,NOAA20,False,False,False,False
2019:2862,2019,ASMC,NOAA20,False,False,False,False
2019:2863,2019,ASMC,NOAA20,False,False,False,False
2019:2864,2019,ASMC,NOAA20,False,False,False,False
2019:2865,2019,ASMC,NOAA20,False,False,False,False
2019:2866,2019,ASMC,NOAA20,False,False,False,False
2019:2867,2019,ASMC,NOAA20,False,False,False,False
2019:2868,2019,ASMC,NOAA20,False,False,False,False
2019:2905,2019,LAPAN,SNPP,False,False,True,True
2019:2907,2019,LAPAN,SNPP,False,False,True,True
2019:2910,2019,LAPAN,SNPP,False,False,True,True
2019:2911,2019,LAPAN,SNPP,False,False,True,False
2019:2912,2019,LAPAN,SNPP,False,False,True,False
2019:2916,2019,LAPAN,SNPP,False,False,True,True
2019:2917,2019,LAPAN,SNPP,False,False,True,True
2019:2919,2019,LAPAN,SNPP,False,False,True,True
2019:2922,2019,LAPAN,SNPP,False,False,True,True
2019:2924,2019,LAPAN,SNPP,False,False,True,True
2019:2929,2019,LAPAN,SNPP,False,False,True,False
2019:2930,2019,LAPAN,SNPP,False,False,True,False
2019:2933,2019,LAPAN,SNPP,False,False,True,False
2019:2934,2019,LAPAN,SNPP,False,False,True,False
2019:2937,2019,LAPAN,SNPP,False,False,True,False
2019:2942,2019,LAPAN,SNPP,False,False,True,False
2019:2943,2019,LAPAN,SNPP,False,False,True,True
2019:2948,2019,LAPAN,SNPP,False,False,True,True
2019:2949,2019,LAPAN,SNPP,False,False,True,True
2019:2950,2019,LAPAN,SNPP,False,False,True,True
2019:2951,2019,LAPAN,SNPP,False,False,True,False
2019:2962,2019,LAPAN,SNPP,False,False,False,False
2019:2966,2019,LAPAN,SNPP,False,False,False,False
2019:2967,2019,LAPAN,SNPP,False,False,False,False
2019:2968,2019,LAPAN,SNPP,False,False,False,False
2019:2969,2019,LAPAN,SNPP,False,False,False,False
2019:2970,2019,LAPAN,SNPP,False,False,False,False
2019:2971,2019,LAPAN,SNPP,False,True,False,False
2019:2975,2019,LAPAN,SNPP,False,True,False,False
2019:2976,2019,LAPAN,SNPP,False,False,False,False
2019:2978,2019,LAPAN,SNPP,False,True,False,False
2019:2979,2019,LAPAN,SNPP,False,False,False,False
2019:2981,2019,LAPAN,SNPP,False,False,False,False
2019:2985,2019,LAPAN,SNPP,False,True,False,False
2019:2986,2019,LAPAN,SNPP,False,False,False,False
2019:2992,2019,LAPAN,SNPP,False,False,False,False
2019:2993,2019,LAPAN,SNPP,False,False,False,False
2019:2994,2019,LAPAN,SNPP,False,False,False,False
2019:3000,2019,LAPAN,SNPP,False,True,False,False
2019:3001,2019,LAPAN,SNPP,False,False,False,False
2019:3005,2019,LAPAN,SNPP,False,True,False,False
2019:3007,2019,LAPAN,Aqua,False,False,False,False
2019:3008,2019,LAPAN,Aqua,False,False,False,False
2019:3011,2019,LAPAN,Aqua,False,False,False,False
2019:3012,2019,LAPAN,Aqua,False,False,False,False
2019:3013,2019,LAPAN,Aqua,False,False,True,False
2019:3018,2019,LAPAN,Aqua,False,False,False,False
2019:3019,2019,ASMC,NOAA20,False,True,False,False
2019:3024,2019,LAPAN,Aqua,False,False,False,False
2019:3026,2019,LAPAN,Aqua,False,False,False,False
2019:3030,2019,LAPAN,Aqua,False,False,True,False
2019:3032,2019,LAPAN,Aqua,False,False,False,False
2019:3040,2019,LAPAN,Aqua,False,False,False,False
2019:3041,2019,LAPAN,Aqua,False,True,True,False
2019:3042,2019,ASMC,NOAA20,False,True,False,False
2019:3043,2019,LAPAN,Aqua,False,False,False,False
2019:3046,2019,ASMC,NOAA20,False,False,False,False
2019:3047,2019,LAPAN,Aqua,False,False,True,False
2019:3049,2019,LAPAN,Aqua,False,False,False,False
2019:3050,2019,ASMC,NOAA20,False,False,False,False
2019:3054,2019,LAPAN,Aqua,False,False,False,False
2019:3055,2019,LAPAN,Aqua,False,False,False,False
2019:3057,2019,ASMC,NOAA20,False,False,False,False
2019:3058,2019,ASMC,NOAA20,False,False,False,False
2019:3059,2019,ASMC,NOAA20,False,False,False,False
2019:3060,2019,ASMC,NOAA20,False,False,False,False
2019:3061,2019,ASMC,NOAA20,False,False,False,False
2019:3062,2019,ASMC,NOAA20,False,False,False,False
2019:3063,2019,ASMC,NOAA20,False,False,False,False
2019:3064,2019,ASMC,NOAA20,False,False,False,False
2019:3065,2019,ASMC,NOAA20,False,False,False,False
2019:3066,2019,ASMC,NOAA20,False,False,False,False
2019:3067,2019,ASMC,NOAA20,False,False,False,False
2019:3068,2019,ASMC,NOAA20,False,False,False,False
2019:3069,2019,ASMC,NOAA20,False,False,False,False
2019:3072,2019,LAPAN,Aqua,False,False,True,False
2019:3073,2019,LAPAN,Aqua,False,False,True,False
2019:3074,2019,LAPAN,Aqua,False,False,True,False
2019:3075,2019,LAPAN,Aqua,False,False,True,False
2019:3077,2019,0-3082272,Unknown,False,False,False,False
2019:3087,2019,LAPAN,SNPP,False,False,True,False
2019:3088,2019,LAPAN,SNPP,False,False,True,False
2019:3091,2019,LAPAN,SNPP,False,False,True,False
2019:3092,2019,LAPAN,SNPP,False,False,True,True
2019:3096,2019,LAPAN,SNPP,False,False,True,True
2019:3097,2019,LAPAN,Aqua,False,False,False,False
2019:3098,2019,LAPAN,SNPP,False,False,True,True
2019:3101,2019,LAPAN,SNPP,False,False,True,False
2019:3104,2019,LAPAN,SNPP,False,False,True,True
2019:3112,2019,LAPAN,SNPP,False,False,False,False
2019:3114,2019,LAPAN,SNPP,False,False,True,True
2019:3116,2019,LAPAN,SNPP,False,False,True,True
2019:3118,2019,LAPAN,Aqua,False,True,False,False
2019:3119,2019,ASMC,NOAA20,False,True,False,False
2019:3123,2019,LAPAN,SNPP,False,False,True,False
2019:3124,2019,LAPAN,Aqua,False,False,False,False
2019:3125,2019,LAPAN,SNPP,False,False,True,False
2019:3128,2019,0-3083220,Unknown,False,False,False,False
2019:3194,2019,LAPAN,SNPP,False,False,True,False
2019:3195,2019,LAPAN,SNPP,False,False,True,False
2019:3196,2019,LAPAN,SNPP,False,False,True,False
2019:3197,2019,LAPAN,SNPP,False,False,True,False
2019:3198,2019,LAPAN,SNPP,False,False,True,False
2019:3199,2019,LAPAN,SNPP,False,False,True,False
2019:3200,2019,LAPAN,SNPP,False,False,True,False
2019:3201,2019,LAPAN,SNPP,False,False,True,False
2019:3202,2019,LAPAN,SNPP,False,False,True,False
2019:3203,2019,LAPAN,SNPP,False,False,True,False
2019:3204,2019,LAPAN,SNPP,False,False,True,False
2019:3205,2019,LAPAN,SNPP,False,False,True,False
2019:3206,2019,LAPAN,SNPP,False,False,True,False
2019:3207,2019,LAPAN,SNPP,False,False,True,False
2019:3208,2019,LAPAN,SNPP,False,False,True,False
2019:3209,2019,LAPAN,SNPP,False,False,True,False
2019:3210,2019,LAPAN,SNPP,False,False,True,False
2019:3296,2019,LAPAN,Terra,False,True,False,False
2019:3301,2019,LAPAN,Terra,False,True,False,False
2019:3302,2019,LAPAN,Terra,False,False,False,False
2019:3314,2019,LAPAN,SNPP,False,False,True,True
2019:3315,2019,LAPAN,Aqua,False,True,True,False
2019:3316,2019,LAPAN,SNPP,False,False,True,False
2019:3317,2019,LAPAN,SNPP,False,False,True,False
2019:3318,2019,LAPAN,SNPP,False,False,True,False
2019:3320,2019,LAPAN,SNPP,False,False,True,True
2019:3321,2019,LAPAN,SNPP,False,False,False,False
2019:3323,2019,LAPAN,SNPP,False,False,True,True
2019:3324,2019,LAPAN,SNPP,False,False,False,True
2019:3326,2019,ASMC,NOAA20,False,True,False,False
2019:3327,2019,ASMC,NOAA20,False,True,False,False
2019:3332,2019,LAPAN,SNPP,False,False,True,False
2019:3334,2019,LAPAN,Aqua,False,True,False,False
2019:3335,2019,LAPAN,SNPP,False,False,True,False
2019:3337,2019,LAPAN,SNPP,False,False,True,True
2019:3338,2019,LAPAN,SNPP,False,False,True,False
2019:3340,2019,LAPAN,SNPP,False,False,True,True
2019:3342,2019,ASMC,NOAA20,False,True,True,False
2019:3343,2019,ASMC,NOAA20,False,True,False,False
2019:3346,2019,ASMC,NOAA20,False,True,False,False
2019:3347,2019,ASMC,NOAA20,False,True,False,False
2019:3349,2019,LAPAN,SNPP,False,False,False,False
2019:3350,2019,LAPAN,Aqua,False,True,True,False
2019:3354,2019,ASMC,NOAA20,False,True,False,False
2019:3355,2019,LAPAN,SNPP,False,False,True,True
2019:3358,2019,ASMC,NOAA20,False,True,False,False
2019:3360,2019,LAPAN,SNPP,False,False,False,True
2019:3362,2019,LAPAN,SNPP,False,False,True,False
2019:3364,2019,LAPAN,SNPP,False,False,True,False
2019:3366,2019,LAPAN,SNPP,False,False,True,False
2019:3367,2019,LAPAN,SNPP,False,False,True,True
2019:3368,2019,LAPAN,Aqua,False,True,True,False
2019:3371,2019,LAPAN,Aqua,False,True,True,False
2019:3373,2019,LAPAN,SNPP,False,False,True,False
2019:3374,2019,LAPAN,SNPP,False,False,True,False
2019:3380,2019,ASMC,NOAA20,False,False,False,False
2019:3381,2019,LAPAN,Aqua,False,True,False,False
2019:3383,2019,ASMC,NOAA20,False,True,False,False
2019:3385,2019,LAPAN,SNPP,False,False,False,True
2019:3386,2019,ASMC,NOAA20,False,True,False,False
2019:3389,2019,ASMC,NOAA20,False,False,False,False
2019:3390,2019,LAPAN,SNPP,False,False,False,False
2019:3391,2019,ASMC,NOAA20,False,False,False,False
2019:3392,2019,LAPAN,SNPP,False,False,True,False
2019:3393,2019,LAPAN,SNPP,False,False,False,False
2019:3394,2019,LAPAN,SNPP,False,False,False,False
2019:3395,2019,LAPAN,SNPP,False,False,False,False
2019:3396,2019,ASMC,NOAA20,False,False,False,False
2019:3397,2019,LAPAN,SNPP,False,False,False,False
2019:3399,2019,ASMC,NOAA20,False,True,False,False
2019:3401,2019,ASMC,NOAA20,False,False,False,False
2019:3402,2019,ASMC,NOAA20,False,False,False,False
2019:3406,2019,LAPAN,SNPP,False,False,True,False
2019:3407,2019,LAPAN,Aqua,False,True,False,False
2019:3409,2019,LAPAN,SNPP,False,False,True,False
2019:3411,2019,LAPAN,SNPP,False,False,False,False
2019:3412,2019,LAPAN,SNPP,False,False,True,False
2019:3413,2019,LAPAN,SNPP,False,False,True,False
2019:3418,2019,LAPAN,SNPP,False,False,True,False
2019:3419,2019,LAPAN,SNPP,False,False,False,False
2019:3421,2019,ASMC,NOAA20,False,True,False,False
2019:3425,2019,LAPAN,SNPP,False,False,True,False
2019:3426,2019,LAPAN,SNPP,False,False,True,False
2019:3429,2019,ASMC,NOAA20,False,False,False,False
2019:3431,2019,LAPAN,SNPP,False,False,True,True
2019:3434,2019,LAPAN,SNPP,False,False,False,True
2019:3435,2019,ASMC,NOAA20,False,True,True,False
2019:3436,2019,ASMC,NOAA20,False,False,False,False
2019:3437,2019,ASMC,NOAA20,False,True,False,False
2019:3438,2019,LAPAN,SNPP,False,False,True,False
2019:3440,2019,LAPAN,SNPP,False,False,True,True
2019:3443,2019,LAPAN,SNPP,False,False,True,True
2019:3445,2019,ASMC,NOAA20,False,True,False,False
2019:3447,2019,LAPAN,SNPP,False,False,True,False
2019:3449,2019,LAPAN,SNPP,False,False,True,False
2019:3450,2019,LAPAN,SNPP,False,False,True,False
2019:3451,2019,ASMC,NOAA20,False,True,False,False
2019:3453,2019,LAPAN,SNPP,False,False,False,True
2019:3454,2019,ASMC,NOAA20,False,True,False,False
2019:3455,2019,LAPAN,SNPP,False,False,True,False
2019:3457,2019,LAPAN,SNPP,False,False,False,False
2019:3458,2019,LAPAN,SNPP,False,False,True,False
2019:3459,2019,LAPAN,Aqua,False,False,True,False
2019:3462,2019,LAPAN,Aqua,False,True,True,False
2019:3465,2019,LAPAN,SNPP,False,False,True,False
2019:3466,2019,LAPAN,SNPP,False,False,True,True
2019:3468,2019,LAPAN,SNPP,False,False,True,False
2019:3469,2019,LAPAN,SNPP,False,False,True,False
2019:3472,2019,LAPAN,Aqua,False,True,True,False
2019:3474,2019,ASMC,NOAA20,False,False,True,False
2019:3475,2019,ASMC,NOAA20,False,True,True,False
2019:3477,2019,LAPAN,SNPP,False,False,True,True
2019:3485,2019,LAPAN,SNPP,False,False,True,False
2019:3487,2019,LAPAN,SNPP,False,False,True,False
2019:3489,2019,LAPAN,SNPP,False,False,False,False
2019:3560,2019,LAPAN,Terra,False,False,False,False
2019:3561,2019,LAPAN,Terra,False,False,False,False
2019:3562,2019,LAPAN,Terra,False,False,False,False
2019:3563,2019,LAPAN,Terra,False,False,False,False
2019:3564,2019,LAPAN,Terra,False,False,False,False
2019:3565,2019,LAPAN,Terra,False,False,False,False
2019:3566,2019,LAPAN,Terra,False,False,False,False
2019:3567,2019,LAPAN,Terra,False,False,False,False
2019:3568,2019,LAPAN,Terra,False,False,False,False
2019:3569,2019,LAPAN,Terra,False,False,False,False
2019:3570,2019,LAPAN,Terra,False,False,False,False
2019:3571,2019,LAPAN,Terra,False,False,False,False
2019:3572,2019,LAPAN,Terra,False,False,False,False
2019:3573,2019,LAPAN,Terra,False,False,False,False
2019:3589,2019,LAPAN,Aqua,False,True,False,False
2019:3597,2019,LAPAN,Aqua,False,True,False,False
2019:3605,2019,LAPAN,Aqua,False,True,False,False
2019:3610,2019,LAPAN,Aqua,False,False,False,False
2019:3613,2019,LAPAN,Aqua,False,True,False,False
2019:3614,2019,LAPAN,SNPP,False,False,True,False
2019:3615,2019,LAPAN,SNPP,False,False,True,False
2019:3616,2019,LAPAN,SNPP,False,False,True,False
2019:3617,2019,LAPAN,SNPP,False,False,True,False
2019:3618,2019,LAPAN,SNPP,False,False,False,False
2019:3619,2019,LAPAN,SNPP,False,False,True,False
2019:3620,2019,LAPAN,SNPP,False,False,False,False
2019:3627,2019,ASMC,NOAA20,False,False,False,False
2019:3628,2019,ASMC,NOAA20,False,True,False,False
2019:3632,2019,LAPAN,SNPP,False,False,True,False
2019:3633,2019,LAPAN,SNPP,False,False,True,False
2019:3634,2019,ASMC,NOAA20,False,False,False,False
2019:3639,2019,LAPAN,SNPP,False,False,True,False
2019:3640,2019,LAPAN,SNPP,False,False,True,False
2019:3641,2019,LAPAN,SNPP,False,False,True,False
2019:3642,2019,LAPAN,SNPP,False,False,True,False
2019:3643,2019,LAPAN,SNPP,False,False,False,False
2019:3644,2019,LAPAN,SNPP,False,False,True,False
2019:3646,2019,LAPAN,SNPP,False,False,True,False
2019:3650,2019,LAPAN,SNPP,False,False,True,False
2019:3652,2019,ASMC,NOAA20,False,False,False,False
2019:3654,2019,ASMC,NOAA20,False,True,False,False
2019:3655,2019,ASMC,NOAA20,False,True,False,False
2019:3656,2019,LAPAN,SNPP,False,False,False,False
2019:3657,2019,LAPAN,SNPP,False,False,False,False
2019:3658,2019,ASMC,NOAA20,False,True,False,False
2019:3659,2019,ASMC,NOAA20,False,True,False,False
2019:3660,2019,ASMC,NOAA20,False,False,False,False
2019:3663,2019,ASMC,NOAA20,False,True,False,False
2019:3667,2019,ASMC,NOAA20,False,True,False,False
2019:3668,2019,ASMC,NOAA20,False,True,False,False
2019:3670,2019,LAPAN,SNPP,False,False,True,False
2019:3671,2019,LAPAN,SNPP,False,False,True,False
2019:3675,2019,LAPAN,SNPP,False,False,True,False
2019:3676,2019,LAPAN,SNPP,False,False,True,False
2019:3679,2019,ASMC,NOAA20,False,True,False,False
2019:3680,2019,LAPAN,SNPP,False,False,False,False
2019:3685,2019,ASMC,NOAA20,False,False,False,False
2019:3686,2019,LAPAN,SNPP,False,False,False,False
2019:3687,2019,ASMC,NOAA20,False,False,False,False
2019:3688,2019,ASMC,NOAA20,False,True,False,False
2019:3689,2019,LAPAN,SNPP,False,False,True,False
2019:3690,2019,LAPAN,SNPP,False,False,False,False
2019:3691,2019,LAPAN,SNPP,False,False,True,False
2019:3692,2019,LAPAN,SNPP,False,False,True,False
2019:3693,2019,LAPAN,SNPP,False,False,True,False
2019:3694,2019,LAPAN,SNPP,False,False,True,False
2019:3695,2019,LAPAN,SNPP,False,False,False,False
2019:3696,2019,LAPAN,SNPP,False,False,False,False
2019:3697,2019,ASMC,NOAA20,False,True,False,False
2019:3702,2019,ASMC,NOAA20,False,False,False,False
2019:3703,2019,LAPAN,SNPP,False,False,True,False
2019:3704,2019,LAPAN,SNPP,False,False,True,False
2019:3705,2019,LAPAN,SNPP,False,False,True,False
2019:3709,2019,ASMC,NOAA20,False,False,False,False
2019:3710,2019,LAPAN,SNPP,False,False,False,False
2019:3711,2019,ASMC,NOAA20,False,True,False,False
2019:3713,2019,ASMC,NOAA20,False,True,False,False
2019:3714,2019,LAPAN,SNPP,False,False,True,False
2019:3716,2019,LAPAN,SNPP,False,False,False,False
2019:3720,2019,ASMC,NOAA20,False,True,False,False
2019:3721,2019,ASMC,NOAA20,False,True,False,False
2019:3722,2019,ASMC,NOAA20,False,True,False,False
2019:3723,2019,LAPAN,SNPP,False,False,True,False
2019:3724,2019,LAPAN,SNPP,False,False,False,False
2019:3727,2019,LAPAN,SNPP,False,False,True,False
2019:3728,2019,LAPAN,SNPP,False,False,False,False
2019:3729,2019,ASMC,NOAA20,False,False,False,False
2019:3731,2019,LAPAN,SNPP,False,False,True,False
2019:3732,2019,LAPAN,SNPP,False,False,False,False
2019:3733,2019,ASMC,NOAA20,False,True,False,False
2019:3734,2019,LAPAN,SNPP,False,False,True,False
2019:3735,2019,ASMC,NOAA20,False,True,False,False
2019:3736,2019,LAPAN,SNPP,False,False,False,False
2019:3737,2019,LAPAN,SNPP,False,False,False,False
2019:3739,2019,LAPAN,SNPP,False,False,True,False
2019:3741,2019,LAPAN,SNPP,False,False,True,False
2019:3744,2019,ASMC,NOAA20,False,True,False,False
2019:3745,2019,LAPAN,SNPP,False,False,True,False
2019:3746,2019,ASMC,NOAA20,False,True,False,False
2019:3750,2019,LAPAN,SNPP,False,False,True,False
2019:3752,2019,LAPAN,SNPP,False,False,True,False
2019:3753,2019,LAPAN,SNPP,False,False,True,False
2019:3754,2019,LAPAN,SNPP,False,False,False,False
2019:3758,2019,LAPAN,SNPP,False,False,True,False
2019:3760,2019,LAPAN,SNPP,False,False,True,False
2019:3762,2019,LAPAN,SNPP,False,False,True,False
2019:3763,2019,LAPAN,SNPP,False,False,True,False
2019:3764,2019,LAPAN,SNPP,False,False,True,False
2019:3767,2019,LAPAN,SNPP,False,False,False,False
2019:3931,2019,LAPAN,Terra,False,True,False,False
2019:3932,2019,LAPAN,Terra,False,False,False,False
2019:3942,2019,LAPAN,Terra,False,False,False,False
2019:3944,2019,LAPAN,Terra,False,True,False,False
2019:3952,2019,LAPAN,Terra,False,True,False,False
2019:3953,2019,LAPAN,Terra,False,True,False,False
2019:3958,2019,LAPAN,SNPP,False,False,True,False
2019:3960,2019,LAPAN,SNPP,False,False,True,False
2019:3962,2019,LAPAN,SNPP,False,False,True,False
2019:3964,2019,LAPAN,SNPP,False,False,True,False
2019:3965,2019,LAPAN,SNPP,False,False,True,False
2019:3966,2019,LAPAN,SNPP,False,False,True,False
2019:3968,2019,LAPAN,SNPP,False,False,True,False
2019:3969,2019,ASMC,NOAA20,False,True,False,False
2019:3970,2019,LAPAN,SNPP,False,False,True,False
2019:3972,2019,ASMC,NOAA20,False,True,False,False
2019:3975,2019,LAPAN,SNPP,False,False,True,False
2019:3979,2019,LAPAN,SNPP,False,False,True,False
2019:3980,2019,LAPAN,SNPP,False,False,True,False
2019:3981,2019,ASMC,NOAA20,False,True,False,False
2019:3983,2019,LAPAN,SNPP,False,False,True,False
2019:3991,2019,LAPAN,SNPP,False,False,True,False
2019:3993,2019,LAPAN,SNPP,False,False,True,False
2019:3994,2019,ASMC,NOAA20,False,True,False,False
2019:3995,2019,LAPAN,SNPP,False,False,True,False
2019:3999,2019,LAPAN,Aqua,False,True,True,False
2019:4014,2019,LAPAN,Aqua,False,True,True,False
2019:4024,2019,LAPAN,Aqua,False,False,True,False
2019:4030,2019,LAPAN,Aqua,False,False,False,False
2019:4034,2019,LAPAN,Aqua,False,False,False,False
2019:4058,2019,LAPAN,Aqua,False,False,True,False
2019:4106,2019,LAPAN,Aqua,False,True,True,False
2019:4123,2019,LAPAN,SNPP,False,False,True,True
2019:4124,2019,LAPAN,SNPP,False,False,True,True
2019:4125,2019,LAPAN,SNPP,False,False,True,True
2019:4126,2019,LAPAN,Aqua,False,False,False,False
2019:4127,2019,LAPAN,SNPP,False,False,True,True
2019:4128,2019,LAPAN,Aqua,False,False,True,False
2019:4129,2019,LAPAN,SNPP,False,False,True,True
2019:4130,2019,LAPAN,SNPP,False,False,True,True
2019:4131,2019,LAPAN,SNPP,False,False,True,True
2019:4132,2019,LAPAN,Aqua,False,False,True,False
2019:4133,2019,LAPAN,Aqua,False,False,True,False
2019:4134,2019,LAPAN,SNPP,False,False,True,True
2019:4135,2019,LAPAN,Aqua,False,False,False,False
2019:4136,2019,LAPAN,SNPP,False,False,True,True
2019:4137,2019,LAPAN,Aqua,False,False,True,False
2019:4138,2019,LAPAN,SNPP,False,False,True,True
2019:4139,2019,LAPAN,SNPP,False,False,True,True
2019:4140,2019,LAPAN,SNPP,False,False,True,True
2019:4141,2019,LAPAN,SNPP,False,False,True,True
2019:4142,2019,LAPAN,SNPP,False,False,True,True
2019:4143,2019,LAPAN,SNPP,False,False,True,True
2019:4144,2019,LAPAN,SNPP,False,False,True,True
2019:4145,2019,LAPAN,Aqua,False,False,True,False
2019:4146,2019,LAPAN,SNPP,False,False,True,False
2019:4147,2019,LAPAN,SNPP,False,False,True,True
2019:4148,2019,LAPAN,Aqua,False,False,False,False
2019:4149,2019,LAPAN,SNPP,False,False,True,True
2019:4150,2019,LAPAN,SNPP,False,False,True,True
2019:4151,2019,LAPAN,SNPP,False,False,True,True
2019:4152,2019,LAPAN,SNPP,False,False,True,True
2019:4153,2019,LAPAN,SNPP,False,False,True,True
2019:4154,2019,LAPAN,Aqua,False,False,True,False
2019:4155,2019,LAPAN,SNPP,False,False,True,True
2019:4156,2019,LAPAN,Aqua,False,False,True,False
2019:4157,2019,LAPAN,SNPP,False,False,True,True
2019:4158,2019,LAPAN,SNPP,False,False,True,False
2019:4159,2019,LAPAN,SNPP,False,False,True,True
2019:4160,2019,LAPAN,SNPP,False,False,True,True
2019:4161,2019,LAPAN,Aqua,False,False,True,False
2019:4162,2019,LAPAN,SNPP,False,False,True,False
2019:4163,2019,LAPAN,SNPP,False,False,True,True
2019:4164,2019,LAPAN,SNPP,False,False,True,True
2019:4165,2019,LAPAN,SNPP,False,False,True,True
2019:4166,2019,LAPAN,SNPP,False,False,True,False
2019:4167,2019,LAPAN,SNPP,False,False,True,True
2019:4168,2019,LAPAN,SNPP,False,False,True,False
2019:4169,2019,LAPAN,SNPP,False,False,True,True
2019:4170,2019,LAPAN,SNPP,False,False,True,True
2019:4171,2019,LAPAN,SNPP,False,False,True,False
2019:4172,2019,LAPAN,Aqua,False,False,True,False
2019:4173,2019,LAPAN,SNPP,False,False,True,False
2019:4174,2019,LAPAN,SNPP,False,False,True,True
2019:4175,2019,LAPAN,Aqua,False,False,True,False
2019:4176,2019,LAPAN,SNPP,False,False,True,False
2019:4177,2019,LAPAN,SNPP,False,False,True,False
2019:4178,2019,LAPAN,Aqua,False,False,True,False
2019:4179,2019,LAPAN,Terra,False,False,False,False
2019:4180,2019,LAPAN,Terra,False,False,False,False
2019:4181,2019,LAPAN,Aqua,False,False,False,False
2019:4182,2019,ASMC,NOAA20,False,False,False,False
2019:4183,2019,LAPAN,Aqua,False,False,False,False
2019:4184,2019,ASMC,NOAA20,False,True,False,False
2019:4186,2019,LAPAN,SNPP,False,False,False,False
2019:4187,2019,LAPAN,SNPP,False,False,False,False
2019:4188,2019,LAPAN,SNPP,False,False,False,False
2019:4189,2019,LAPAN,SNPP,False,True,False,False
2019:4190,2019,LAPAN,SNPP,False,False,False,False
2019:4192,2019,LAPAN,SNPP,False,False,False,False
2019:4194,2019,LAPAN,SNPP,False,False,False,False
2019:4195,2019,LAPAN,SNPP,False,False,False,False
2019:4199,2019,LAPAN,SNPP,False,True,False,False
2019:4200,2019,LAPAN,SNPP,False,False,False,False
2019:4201,2019,LAPAN,SNPP,False,False,False,False
2019:4202,2019,LAPAN,SNPP,False,False,False,False
2019:4203,2019,LAPAN,SNPP,False,True,False,False
2019:4204,2019,LAPAN,SNPP,False,False,False,False
2019:4206,2019,LAPAN,SNPP,False,True,False,False
2019:4207,2019,LAPAN,SNPP,False,False,False,False
2019:4208,2019,LAPAN,SNPP,False,True,False,False
2019:4210,2019,LAPAN,SNPP,False,False,False,False
2019:4211,2019,LAPAN,SNPP,False,False,False,False
2019:4213,2019,LAPAN,SNPP,False,False,False,False
2019:4214,2019,ASMC,NOAA20,False,False,False,False
2019:4216,2019,ASMC,NOAA20,False,False,False,False
2019:4217,2019,ASMC,NOAA20,False,False,False,False
2019:4222,2019,LAPAN,Aqua,False,True,True,False
2019:4223,2019,LAPAN,Aqua,False,True,True,False
2019:4224,2019,LAPAN,Aqua,False,False,True,False
2019:4225,2019,LAPAN,Aqua,False,False,True,False
2019:4226,2019,LAPAN,Aqua,False,False,True,False
2019:4227,2019,LAPAN,Aqua,False,False,True,False
2019:4230,2019,LAPAN,Aqua,False,True,True,False
2019:4231,2019,LAPAN,Aqua,False,False,True,False
2019:4232,2019,LAPAN,Aqua,False,False,True,False
2019:4233,2019,LAPAN,Aqua,False,True,True,False
2019:4234,2019,LAPAN,Aqua,False,True,True,False
2019:4235,2019,LAPAN,Aqua,False,True,True,False
2019:4236,2019,LAPAN,Aqua,False,True,True,False
2019:4237,2019,LAPAN,Aqua,False,False,True,False
2019:4238,2019,LAPAN,Aqua,False,False,True,False
2019:4239,2019,LAPAN,Aqua,False,False,True,False
2019:4240,2019,LAPAN,Aqua,False,True,True,False
2019:4241,2019,LAPAN,Aqua,False,True,True,False
2019:4242,2019,LAPAN,Aqua,False,False,True,False
2019:4243,2019,LAPAN,Aqua,False,True,True,False
2019:4246,2019,LAPAN,SNPP,False,False,True,False
2019:4247,2019,LAPAN,Aqua,False,True,True,False
2019:4251,2019,LAPAN,SNPP,False,False,True,False
2019:4258,2019,LAPAN,SNPP,False,False,False,False
2019:4264,2019,LAPAN,SNPP,False,False,True,False
2019:4265,2019,LAPAN,SNPP,False,False,True,False
2019:4275,2019,LAPAN,SNPP,False,False,True,False
2019:4277,2019,LAPAN,Aqua,False,False,False,False
2019:4284,2019,LAPAN,Aqua,False,False,True,False
2019:4285,2019,LAPAN,Aqua,False,False,True,False
2019:4286,2019,ASMC,NOAA20,False,False,False,False
2019:4295,2019,LAPAN,Aqua,False,False,True,False
2019:4296,2019,LAPAN,Aqua,False,False,True,False
2019:4299,2019,LAPAN,Aqua,False,False,True,False
2019:4300,2019,LAPAN,Aqua,False,False,True,False
2019:4301,2019,LAPAN,Aqua,False,False,True,False
2019:4302,2019,LAPAN,Aqua,False,False,True,False
2019:4303,2019,LAPAN,Aqua,False,False,True,False
2019:4310,2019,LAPAN,Aqua,False,False,True,False
2019:4311,2019,LAPAN,Aqua,False,False,True,False
2019:4312,2019,LAPAN,Aqua,False,False,True,False
2019:4313,2019,LAPAN,Aqua,False,False,True,False
2019:4318,2019,LAPAN,Terra,False,False,False,True
2019:4329,2019,LAPAN,Terra,False,False,False,False
2019:4334,2019,LAPAN,Terra,False,True,False,False
2019:4335,2019,LAPAN,Aqua,False,False,False,False
2019:4336,2019,LAPAN,Aqua,False,False,True,False
2019:4338,2019,ASMC,NOAA20,False,False,False,False
2019:4340,2019,LAPAN,Aqua,False,False,True,False
2019:4341,2019,LAPAN,Aqua,False,False,True,False
2019:4343,2019,ASMC,NOAA20,False,True,False,False
2019:4344,2019,ASMC,NOAA20,False,False,False,False
2019:4345,2019,ASMC,NOAA20,False,False,False,False
2019:4346,2019,LAPAN,Aqua,False,True,True,False
2019:4348,2019,LAPAN,Aqua,False,False,False,False
2019:4350,2019,ASMC,NOAA20,False,False,False,False
2019:4351,2019,LAPAN,Aqua,False,False,True,False
2019:4352,2019,LAPAN,Aqua,False,False,True,False
2019:4353,2019,LAPAN,Aqua,False,False,True,False
2019:4354,2019,LAPAN,Aqua,False,False,False,False
2019:4355,2019,LAPAN,Aqua,False,False,False,False
2019:4357,2019,ASMC,NOAA20,False,False,False,False
2019:4361,2019,LAPAN,Aqua,False,False,True,False
2019:4362,2019,ASMC,NOAA20,False,False,False,False
2019:4377,2019,ASMC,NOAA20,False,False,False,False
2019:4378,2019,ASMC,NOAA20,False,False,False,False
2019:4387,2019,LAPAN,SNPP,False,False,False,False
2019:4389,2019,LAPAN,Aqua,False,False,False,False
2019:4390,2019,LAPAN,Aqua,False,False,False,True
2019:4391,2019,LAPAN,Aqua,False,False,False,True
2019:4392,2019,LAPAN,Aqua,False,False,False,True
2019:4397,2019,LAPAN,Aqua,False,False,True,False
2019:4398,2019,LAPAN,Aqua,False,False,True,False
2019:4399,2019,LAPAN,Aqua,False,False,True,False
2019:4401,2019,LAPAN,Terra,False,False,False,False
2019:4402,2019,LAPAN,Terra,False,False,False,False
2019:4405,2019,LAPAN,Aqua,False,False,False,False
2019:4406,2019,ASMC,NOAA20,False,True,False,False
2019:4407,2019,ASMC,NOAA20,False,True,False,False
2019:4411,2019,LAPAN,Aqua,False,False,False,False
2019:4414,2019,LAPAN,Aqua,False,False,False,False
2019:4416,2019,LAPAN,SNPP,False,False,False,False
2019:4419,2019,LAPAN,SNPP,False,False,False,False
2019:4422,2019,LAPAN,SNPP,False,True,False,False
2019:4424,2019,LAPAN,SNPP,False,True,False,False
2019:4429,2019,LAPAN,SNPP,False,True,False,False
2019:4430,2019,LAPAN,Aqua,False,False,False,False
2019:4442,2019,LAPAN,SNPP,False,False,True,False
2019:4443,2019,LAPAN,SNPP,False,False,True,True
2019:4445,2019,LAPAN,SNPP,False,False,True,False
2019:4446,2019,LAPAN,Terra,False,True,False,False
2019:4448,2019,LAPAN,Terra,False,False,False,False
2019:4450,2019,ASMC,NOAA20,False,False,True,True
2019:4454,2019,LAPAN,SNPP,False,True,False,False
2019:4455,2019,LAPAN,Aqua,False,True,True,False
2019:4456,2019,ASMC,NOAA20,False,False,False,True
2019:4459,2019,ASMC,NOAA20,False,False,False,True
2019:4460,2019,ASMC,NOAA20,False,False,True,True
2019:4464,2019,ASMC,NOAA20,False,False,True,False
2019:4471,2019,LAPAN,SNPP,False,True,False,False
2019:4472,2019,LAPAN,Aqua,False,True,True,False
2019:4473,2019,ASMC,NOAA20,False,False,False,True
2019:4474,2019,ASMC,NOAA20,False,False,True,False
2019:4479,2019,LAPAN,Aqua,False,True,True,False
2019:4480,2019,ASMC,NOAA20,False,False,False,False
2019:4483,2019,ASMC,NOAA20,False,False,False,False
2019:4484,2019,LAPAN,Aqua,False,False,False,False
2019:4485,2019,LAPAN,Aqua,False,True,False,False
2019:4488,2019,ASMC,NOAA20,False,False,True,True
2019:4492,2019,LAPAN,Aqua,False,True,False,False
2019:4493,2019,ASMC,NOAA20,False,False,True,True
2019:4494,2019,LAPAN,SNPP,False,False,False,False
2019:4499,2019,ASMC,NOAA20,False,False,True,True
2019:4500,2019,ASMC,NOAA20,False,False,False,False
2019:4503,2019,ASMC,NOAA20,False,False,True,True
2019:4504,2019,ASMC,NOAA20,False,False,False,True
2019:4507,2019,ASMC,NOAA20,False,False,False,False
2019:4508,2019,LAPAN,SNPP,False,False,False,False
2019:4509,2019,LAPAN,Aqua,False,True,False,False
2019:4511,2019,LAPAN,Aqua,False,False,True,False
2019:4512,2019,LAPAN,Aqua,False,False,True,False
2019:4513,2019,LAPAN,Aqua,False,False,True,False
2019:4514,2019,LAPAN,Aqua,False,False,True,False
2019:4515,2019,LAPAN,Aqua,False,False,True,False
2019:4524,2019,LAPAN,SNPP,False,False,True,True
2019:4526,2019,LAPAN,SNPP,False,False,True,False
2019:4528,2019,LAPAN,SNPP,False,False,True,True
2019:4529,2019,LAPAN,SNPP,False,False,True,False
2019:4531,2019,LAPAN,SNPP,False,False,True,True
2019:4533,2019,LAPAN,SNPP,False,False,True,True
2019:4535,2019,LAPAN,SNPP,False,False,True,False
2019:4536,2019,LAPAN,SNPP,False,False,True,True
2019:4542,2019,LAPAN,SNPP,False,False,True,False
2019:4543,2019,LAPAN,SNPP,False,False,True,False
2019:4564,2019,LAPAN,SNPP,False,True,False,False
2019:4567,2019,LAPAN,Aqua,False,True,False,False
2019:4568,2019,LAPAN,Aqua,False,True,False,False
2019:4574,2019,ASMC,NOAA20,False,True,False,False
2019:4577,2019,LAPAN,Aqua,False,False,True,False
2019:4580,2019,LAPAN,Aqua,False,False,True,False
2019:4581,2019,LAPAN,Aqua,False,False,True,False
2019:4584,2019,LAPAN,Aqua,False,True,True,False
2019:4587,2019,ASMC,NOAA20,False,True,True,False
2019:4605,2019,ASMC,NOAA20,False,True,False,False
2019:4609,2019,LAPAN,Aqua,False,False,False,False
2019:4610,2019,ASMC,NOAA20,False,False,False,False
2019:4613,2019,ASMC,NOAA20,False,False,False,False
2019:4615,2019,LAPAN,Aqua,False,False,True,False
2019:4621,2019,LAPAN,Aqua,False,True,True,False
2019:4625,2019,LAPAN,Aqua,False,True,False,False
2019:4631,2019,ASMC,NOAA20,False,False,False,False
2019:4632,2019,ASMC,NOAA20,False,False,True,False
2019:4634,2019,LAPAN,Aqua,False,True,True,False
2019:4636,2019,LAPAN,Aqua,False,True,True,False
2019:4644,2019,LAPAN,Aqua,False,True,True,False
2019:4646,2019,LAPAN,Aqua,False,True,False,False
2019:4650,2019,LAPAN,Aqua,False,True,True,False
2019:4651,2019,LAPAN,Aqua,False,False,True,False
2019:4664,2019,LAPAN,Aqua,False,True,True,False
2019:4668,2019,LAPAN,Aqua,False,True,True,False
2019:4671,2019,ASMC,NOAA20,False,True,True,False
2019:4672,2019,ASMC,NOAA20,False,True,True,False
2019:4679,2019,ASMC,NOAA20,False,False,False,False
2019:4683,2019,LAPAN,Aqua,False,False,True,False
2019:4685,2019,ASMC,NOAA20,False,False,False,False
2019:4686,2019,LAPAN,Aqua,False,True,False,False
2019:4690,2019,ASMC,NOAA20,False,True,True,False
2019:4693,2019,LAPAN,Aqua,False,False,True,False
2019:4695,2019,LAPAN,Aqua,False,True,True,False
2019:4696,2019,ASMC,NOAA20,False,False,True,False
2019:4697,2019,ASMC,NOAA20,False,False,False,False
2019:4698,2019,ASMC,NOAA20,False,False,False,False
2019:4699,2019,LAPAN,Aqua,False,False,False,False
2019:4708,2019,LAPAN,Aqua,False,True,True,False
2019:4709,2019,ASMC,NOAA20,False,False,True,False
2019:4710,2019,LAPAN,Aqua,False,False,True,False
2019:4714,2019,LAPAN,Aqua,False,False,True,False
2019:4715,2019,LAPAN,Aqua,False,True,True,False
2019:4721,2019,LAPAN,Aqua,False,False,True,False
2019:4728,2019,LAPAN,Aqua,False,False,False,False
2019:4731,2019,ASMC,NOAA20,False,False,False,False
2019:4732,2019,LAPAN,Aqua,False,True,True,False
2019:4737,2019,LAPAN,Aqua,False,True,True,False
2019:4740,2019,LAPAN,Aqua,False,True,True,False
2019:4741,2019,LAPAN,Aqua,False,False,True,False
2019:4743,2019,LAPAN,Aqua,False,True,True,False
2019:4751,2019,ASMC,NOAA20,False,False,False,False
2019:4757,2019,ASMC,NOAA20,False,True,False,False
2019:4763,2019,ASMC,NOAA20,False,True,False,False
2019:4768,2019,LAPAN,Aqua,False,False,True,False
2019:4777,2019,LAPAN,Aqua,False,False,True,False
2019:4783,2019,LAPAN,Aqua,False,True,True,False
2019:4785,2019,ASMC,NOAA20,False,False,True,False
2019:4791,2019,LAPAN,Aqua,False,True,True,False
2019:4793,2019,LAPAN,Aqua,False,True,True,False
2019:4797,2019,LAPAN,Aqua,False,False,True,False
2019:4798,2019,LAPAN,Aqua,False,True,True,False
2019:4803,2019,ASMC,NOAA20,False,True,True,False
2019:4806,2019,LAPAN,Aqua,False,False,True,False
2019:4807,2019,ASMC,NOAA20,False,False,True,False
2019:4808,2019,LAPAN,Aqua,False,False,True,False
2019:4814,2019,LAPAN,Aqua,False,True,False,False
2019:4822,2019,LAPAN,Aqua,False,True,True,False
2019:4824,2019,ASMC,NOAA20,False,True,True,False
2019:4831,2019,ASMC,NOAA20,False,False,False,False
2019:4842,2019,LAPAN,Aqua,False,False,False,False
2019:4843,2019,ASMC,NOAA20,False,False,True,False
2019:4844,2019,LAPAN,Aqua,False,True,False,False
2019:4847,2019,LAPAN,Aqua,False,True,True,False
2019:4861,2019,ASMC,NOAA20,False,False,False,False
2019:4862,2019,ASMC,NOAA20,False,False,False,False
2019:4863,2019,ASMC,NOAA20,False,False,False,False
2019:4864,2019,ASMC,NOAA20,False,False,False,False
2019:4865,2019,ASMC,NOAA20,False,False,False,False
2019:4866,2019,ASMC,NOAA20,False,False,False,False
2019:4867,2019,ASMC,NOAA20,False,False,False,False
2019:4868,2019,ASMC,NOAA20,False,False,False,False
2019:4869,2019,ASMC,NOAA20,False,False,False,False
2019:4870,2019,LAPAN,SNPP,False,False,True,False
2019:4871,2019,LAPAN,SNPP,False,False,False,False
2019:4872,2019,LAPAN,SNPP,False,False,True,False
2019:4873,2019,LAPAN,SNPP,False,False,False,False
2019:4875,2019,LAPAN,SNPP,False,False,True,False
2019:4876,2019,LAPAN,SNPP,False,False,False,False
2019:4877,2019,LAPAN,Terra,False,False,False,False
2019:4878,2019,LAPAN,Terra,False,False,False,False
2019:4886,2019,LAPAN,SNPP,False,False,True,True
2019:4888,2019,LAPAN,SNPP,False,False,True,True
2019:4891,2019,LAPAN,SNPP,False,False,False,False
2019:4892,2019,LAPAN,SNPP,False,False,False,False
2019:4904,2019,LAPAN,SNPP,False,False,False,False
2019:4909,2019,LAPAN,Aqua,False,False,False,False
2019:4918,2019,LAPAN,Aqua,False,False,False,False
2019:4923,2019,LAPAN,SNPP,False,False,True,True
2019:4924,2019,LAPAN,SNPP,False,False,True,True
2019:4925,2019,LAPAN,SNPP,False,False,True,True
2019:4926,2019,LAPAN,Terra,False,False,False,False
2019:4927,2019,LAPAN,Terra,False,False,False,False
2019:4934,2019,LAPAN,SNPP,False,True,False,False
2019:4947,2019,LAPAN,SNPP,False,False,True,True
2019:4949,2019,LAPAN,SNPP,False,False,True,False
2019:4951,2019,LAPAN,SNPP,False,False,True,False
2019:4957,2019,LAPAN,SNPP,False,False,True,True
2019:4958,2019,LAPAN,SNPP,False,False,True,True
2019:4959,2019,LAPAN,SNPP,False,False,True,True
2019:4961,2019,LAPAN,SNPP,False,False,True,True
2019:4962,2019,LAPAN,SNPP,False,False,True,False
2019:4964,2019,LAPAN,SNPP,False,False,True,True
2019:4968,2019,LAPAN,SNPP,False,False,True,False
2019:4970,2019,LAPAN,SNPP,False,False,True,True
2019:4976,2019,LAPAN,SNPP,False,False,True,False
2019:4979,2019,LAPAN,SNPP,False,False,True,False
2019:4981,2019,LAPAN,SNPP,False,False,True,False
2019:4984,2019,LAPAN,SNPP,False,False,True,False
2019:4986,2019,LAPAN,SNPP,False,False,True,True
2019:4990,2019,LAPAN,SNPP,False,False,False,False
2019:4993,2019,LAPAN,SNPP,False,False,True,True
2019:4999,2019,LAPAN,SNPP,False,False,True,False
2019:5001,2019,LAPAN,SNPP,False,False,True,True
2019:5003,2019,LAPAN,SNPP,False,False,True,False
2019:5004,2019,LAPAN,SNPP,False,False,True,False
2019:5007,2019,ASMC,NOAA20,False,True,False,False
2019:5027,2019,LAPAN,SNPP,False,False,True,False
2019:5028,2019,LAPAN,SNPP,False,False,True,False
2019:5029,2019,LAPAN,SNPP,False,False,True,False
2019:5030,2019,LAPAN,SNPP,False,False,True,False
2019:5031,2019,LAPAN,SNPP,False,False,True,False
2019:5052,2019,LAPAN,Aqua,False,False,True,False
2019:5054,2019,LAPAN,Aqua,False,False,True,False
2019:5055,2019,LAPAN,Aqua,False,False,True,False
2019:5056,2019,LAPAN,Aqua,False,False,False,False
2019:5062,2019,LAPAN,Aqua,False,False,True,False
2019:5065,2019,LAPAN,Aqua,False,False,False,False
2019:5066,2019,LAPAN,Aqua,False,False,True,False
2019:5067,2019,LAPAN,Aqua,False,False,True,False
2019:5068,2019,ASMC,NOAA20,False,True,False,False
2019:5069,2019,ASMC,NOAA20,False,False,False,False
2019:5070,2019,LAPAN,SNPP,False,False,True,False
2019:5071,2019,LAPAN,SNPP,False,False,True,False
2019:5072,2019,LAPAN,SNPP,False,False,True,False
2019:5073,2019,LAPAN,SNPP,False,False,True,False
2019:5087,2019,LAPAN,Terra,False,False,False,False
2019:5088,2019,ASMC,NOAA20,False,False,False,False
2019:5089,2019,ASMC,NOAA20,False,False,False,False
2019:5090,2019,ASMC,NOAA20,False,False,False,False
2019:5091,2019,LAPAN,SNPP,False,False,False,False
2019:5100,2019,LAPAN,SNPP,False,False,True,False
2019:5101,2019,LAPAN,SNPP,False,False,True,False
2019:5102,2019,LAPAN,SNPP,False,False,True,False
2019:5106,2019,LAPAN,SNPP,False,False,True,False
2019:5108,2019,LAPAN,SNPP,False,False,True,False
2019:5110,2019,LAPAN,SNPP,False,False,True,False
2019:5112,2019,LAPAN,Aqua,False,True,True,False
2019:5114,2019,LAPAN,Aqua,False,False,False,False
2019:5115,2019,LAPAN,SNPP,False,False,False,False
2019:5118,2019,LAPAN,SNPP,False,False,True,True
2019:5119,2019,LAPAN,SNPP,False,False,True,True
2019:5120,2019,LAPAN,SNPP,False,False,True,True
2019:5121,2019,LAPAN,SNPP,False,False,True,True
2019:5122,2019,LAPAN,SNPP,False,False,True,False
2019:5123,2019,LAPAN,SNPP,False,False,True,True
2019:5124,2019,LAPAN,SNPP,False,False,True,False
2019:5125,2019,LAPAN,SNPP,False,False,True,True
2019:5126,2019,LAPAN,SNPP,False,False,True,True
2019:5127,2019,LAPAN,SNPP,False,False,False,False
2019:5136,2019,LAPAN,SNPP,False,True,False,False
2019:5138,2019,LAPAN,SNPP,False,True,False,False
2019:5141,2019,LAPAN,SNPP,False,True,False,False
2019:5144,2019,LAPAN,SNPP,False,False,False,False
2019:5159,2019,LAPAN,SNPP,False,False,False,False
2019:5160,2019,LAPAN,SNPP,False,True,False,False
2019:5162,2019,LAPAN,SNPP,False,False,False,False
2019:5182,2019,LAPAN,Terra,False,False,True,False
2019:5183,2019,LAPAN,Terra,False,False,True,False
2019:5184,2019,LAPAN,Terra,False,False,True,False
2019:5185,2019,LAPAN,Terra,False,False,True,False
2019:5186,2019,LAPAN,Terra,False,False,True,False
2019:5187,2019,LAPAN,Terra,False,False,True,False
2019:5188,2019,LAPAN,Terra,False,False,True,False
2019:5189,2019,LAPAN,Terra,False,False,True,False
2019:5190,2019,LAPAN,Terra,False,False,True,False
2019:5191,2019,LAPAN,Terra,False,False,True,False
2019:5192,2019,LAPAN,Terra,False,False,True,False
2019:5193,2019,LAPAN,Terra,False,False,True,False
2019:5194,2019,LAPAN,Terra,False,False,True,False
2019:5195,2019,LAPAN,Terra,False,False,True,False
2019:5196,2019,LAPAN,Terra,False,False,True,False
2019:5197,2019,LAPAN,Terra,False,True,False,False
2019:5210,2019,LAPAN,Aqua,False,True,True,False
2019:5211,2019,LAPAN,Aqua,False,False,False,False
2019:5229,2019,ASMC,NOAA20,False,True,True,False
2019:5231,2019,ASMC,NOAA20,False,False,True,False
2019:5238,2019,ASMC,NOAA20,False,True,True,False
2019:5242,2019,LAPAN,SNPP,False,True,True,False
2019:5249,2019,LAPAN,SNPP,False,False,True,False
2019:5251,2019,LAPAN,SNPP,False,False,True,False
2019:5266,2019,LAPAN,SNPP,False,False,True,False
2019:5280,2019,LAPAN,SNPP,False,True,False,False
2019:5284,2019,LAPAN,SNPP,False,True,True,False
2019:5285,2019,LAPAN,SNPP,False,True,True,False
2019:5289,2019,LAPAN,SNPP,False,False,True,False
2019:5303,2019,LAPAN,SNPP,False,True,True,False
2019:5304,2019,ASMC,NOAA20,False,True,True,False
2019:5320,2019,LAPAN,SNPP,False,True,True,False
2019:5328,2019,ASMC,NOAA20,False,True,False,False
2019:5333,2019,ASMC,NOAA20,False,True,True,False
2019:5336,2019,LAPAN,Aqua,False,True,True,False
2019:5345,2019,LAPAN,SNPP,False,True,False,False
2019:5354,2019,LAPAN,Aqua,False,False,True,False
2019:5370,2019,LAPAN,SNPP,False,False,True,False
2019:5371,2019,LAPAN,SNPP,False,False,True,False
2019:5372,2019,LAPAN,SNPP,False,False,True,False
2019:5373,2019,LAPAN,SNPP,False,False,True,False
2019:5395,2019,LAPAN,SNPP,False,False,True,False
2019:5397,2019,LAPAN,SNPP,False,False,True,False
2019:5399,2019,LAPAN,SNPP,False,False,True,False
2019:5407,2019,LAPAN,SNPP,False,False,False,False
2019:5408,2019,LAPAN,SNPP,False,False,True,False
2019:5410,2019,LAPAN,SNPP,False,False,True,False
2019:5412,2019,LAPAN,SNPP,False,False,True,False
2019:5414,2019,ASMC,NOAA20,False,False,False,False
2019:5417,2019,LAPAN,SNPP,False,False,True,False
2019:5418,2019,LAPAN,SNPP,False,False,True,False
2019:5420,2019,LAPAN,SNPP,False,False,True,False
2019:5422,2019,LAPAN,SNPP,False,False,True,True
2019:5427,2019,LAPAN,SNPP,False,False,True,True
2019:5430,2019,LAPAN,SNPP,False,False,True,False
2019:5433,2019,LAPAN,SNPP,False,False,True,True
2019:5434,2019,LAPAN,SNPP,False,False,True,False
2019:5436,2019,LAPAN,SNPP,False,False,True,False
2019:5437,2019,LAPAN,SNPP,False,False,True,False
2019:5438,2019,LAPAN,SNPP,False,False,True,False
2019:5441,2019,ASMC,NOAA20,False,True,False,False
2019:5442,2019,LAPAN,SNPP,False,False,True,False
2019:5448,2019,LAPAN,SNPP,False,False,True,True
2019:5449,2019,LAPAN,SNPP,False,False,True,False
2019:5450,2019,LAPAN,SNPP,False,False,True,False
2019:5451,2019,LAPAN,SNPP,False,False,True,False
2019:5452,2019,LAPAN,SNPP,False,False,True,False
2019:5454,2019,LAPAN,SNPP,False,False,True,False
2019:5455,2019,LAPAN,SNPP,False,False,True,False
2019:5457,2019,LAPAN,SNPP,False,False,False,False
2019:5460,2019,LAPAN,SNPP,False,False,True,True
2019:5462,2019,LAPAN,SNPP,False,False,True,True
2019:5465,2019,LAPAN,SNPP,False,False,True,False
2019:5466,2019,LAPAN,SNPP,False,False,True,False
2019:5467,2019,LAPAN,SNPP,False,False,True,False
2019:5469,2019,LAPAN,SNPP,False,False,True,True
2019:5470,2019,LAPAN,SNPP,False,False,True,True
2019:5476,2019,LAPAN,Terra,False,False,False,True
2019:5478,2019,LAPAN,Terra,False,False,False,True
2019:5479,2019,LAPAN,Terra,False,False,False,True
2019:5480,2019,LAPAN,Aqua,False,False,True,False
2019:5487,2019,LAPAN,Terra,False,True,False,False
2019:5489,2019,LAPAN,Terra,False,False,False,False
2019:5495,2019,ASMC,NOAA20,False,False,False,False
2019:5496,2019,LAPAN,Aqua,False,False,False,False
2019:5497,2019,ASMC,NOAA20,False,True,False,False
2019:5498,2019,LAPAN,Aqua,False,True,True,False
2019:5500,2019,LAPAN,Aqua,False,False,True,False
2019:5506,2019,LAPAN,Aqua,False,False,False,False
2019:5508,2019,ASMC,NOAA20,False,False,False,False
2019:5509,2019,ASMC,NOAA20,False,False,False,False
2019:5510,2019,ASMC,NOAA20,False,False,False,False
2019:5511,2019,LAPAN,Aqua,False,False,False,False
2019:5512,2019,ASMC,NOAA20,False,False,False,False
2019:5518,2019,ASMC,NOAA20,False,False,False,False
2019:5519,2019,LAPAN,Aqua,False,False,False,False
2019:5520,2019,LAPAN,Aqua,False,False,True,False
2019:5522,2019,LAPAN,Aqua,False,True,True,False
2019:5525,2019,LAPAN,Aqua,False,True,False,False
2019:5526,2019,LAPAN,Aqua,False,False,True,False
2019:5527,2019,LAPAN,Aqua,False,False,False,False
2019:5529,2019,LAPAN,Aqua,False,False,False,False
2019:5532,2019,LAPAN,Aqua,False,False,True,False
2019:5534,2019,ASMC,NOAA20,False,False,False,False
2019:5536,2019,LAPAN,Aqua,False,False,False,False
2019:5537,2019,ASMC,NOAA20,False,False,False,False
2019:5539,2019,LAPAN,Aqua,False,False,False,False
2019:5542,2019,LAPAN,Aqua,False,True,False,False
2019:5543,2019,LAPAN,Aqua,False,True,True,False
2019:5548,2019,ASMC,NOAA20,False,False,False,False
2019:5550,2019,LAPAN,Aqua,False,True,True,False
2019:5552,2019,LAPAN,Aqua,False,False,False,False
2019:5553,2019,ASMC,NOAA20,False,True,False,False
2019:5554,2019,LAPAN,Aqua,False,False,False,False
2019:5555,2019,LAPAN,Aqua,False,False,False,False
2019:5556,2019,LAPAN,Aqua,False,False,True,False
2019:5559,2019,LAPAN,Aqua,False,False,False,False
2019:5561,2019,LAPAN,Aqua,False,True,True,False
2019:5564,2019,LAPAN,Aqua,False,False,False,False
2019:5567,2019,LAPAN,Aqua,False,False,True,False
2019:5568,2019,LAPAN,Aqua,False,True,True,False
2019:5570,2019,ASMC,NOAA20,False,False,False,False
2019:5571,2019,ASMC,NOAA20,False,False,False,False
2019:5572,2019,ASMC,NOAA20,False,True,False,False
2019:5631,2019,LAPAN,Terra,False,False,False,False
2019:5632,2019,LAPAN,Aqua,False,False,True,False
2019:5634,2019,LAPAN,Aqua,False,False,True,False
2019:5636,2019,LAPAN,Aqua,False,False,True,False
2019:5638,2019,LAPAN,Aqua,False,False,True,False
2019:5640,2019,LAPAN,Aqua,False,False,True,False
2019:5643,2019,LAPAN,Aqua,False,False,True,False
2019:5647,2019,LAPAN,Aqua,False,False,True,False
2019:5649,2019,LAPAN,Aqua,False,False,True,False
2019:5652,2019,LAPAN,Aqua,False,False,True,False
2019:5654,2019,LAPAN,Aqua,False,False,True,False
2019:5656,2019,LAPAN,Aqua,False,False,True,False
2019:5657,2019,LAPAN,Aqua,False,False,True,False
2019:5658,2019,LAPAN,Aqua,False,False,True,False
2019:5660,2019,LAPAN,Aqua,False,False,True,False
2019:5662,2019,LAPAN,Aqua,False,False,True,False
2019:5663,2019,LAPAN,Aqua,False,False,False,False
2019:5667,2019,LAPAN,Aqua,False,False,True,False
2019:5668,2019,LAPAN,Aqua,False,False,True,False
2019:5673,2019,LAPAN,Aqua,False,False,True,False
2019:5675,2019,LAPAN,Aqua,False,False,True,False
2019:5678,2019,ASMC,NOAA20,False,True,False,False
2019:5680,2019,LAPAN,Aqua,False,False,True,False
2019:5681,2019,LAPAN,Aqua,False,False,False,False
2019:5683,2019,LAPAN,Aqua,False,False,True,False
2019:5688,2019,LAPAN,Aqua,False,False,True,False
2019:5689,2019,LAPAN,Aqua,False,False,True,False
2019:5690,2019,LAPAN,Aqua,False,False,True,False
2019:5694,2019,LAPAN,Aqua,False,False,True,False
2019:5695,2019,LAPAN,Aqua,False,False,True,False
2019:5702,2019,LAPAN,Aqua,False,False,True,False
2019:5703,2019,LAPAN,Aqua,False,False,True,False
2019:5705,2019,ASMC,NOAA20,False,False,False,False
2019:5706,2019,LAPAN,Aqua,False,False,True,False
2019:5709,2019,LAPAN,Aqua,False,False,True,False
2019:5710,2019,LAPAN,Aqua,False,False,True,False
2019:5711,2019,LAPAN,Aqua,False,False,True,False
2019:5713,2019,LAPAN,Aqua,False,False,True,False
2019:5715,2019,LAPAN,Aqua,False,False,True,False
2019:5719,2019,LAPAN,Aqua,False,False,True,False
2019:5720,2019,LAPAN,Aqua,False,False,True,False
2019:5721,2019,LAPAN,Aqua,False,False,True,False
2019:5725,2019,LAPAN,Aqua,False,False,True,False
2019:5727,2019,LAPAN,Aqua,False,False,True,False
2019:5728,2019,LAPAN,Aqua,False,False,True,False
2019:5731,2019,LAPAN,Aqua,False,False,True,False
2019:5733,2019,LAPAN,Aqua,False,False,True,False
2019:5736,2019,LAPAN,Aqua,False,False,True,False
2019:5737,2019,LAPAN,Aqua,False,False,True,False
2019:5739,2019,LAPAN,Aqua,False,False,True,False
2019:5746,2019,LAPAN,Aqua,False,False,True,False
2019:5750,2019,ASMC,NOAA20,False,False,False,False
2019:5751,2019,LAPAN,Aqua,False,False,True,False
2019:5752,2019,LAPAN,Aqua,False,False,True,False
2019:5754,2019,LAPAN,Aqua,False,False,True,False
2019:5755,2019,LAPAN,Aqua,False,False,True,False
2019:5756,2019,LAPAN,Aqua,False,False,True,False
2019:5757,2019,LAPAN,Aqua,False,False,True,False
2019:5762,2019,LAPAN,Aqua,False,False,True,False
2019:5763,2019,LAPAN,Aqua,False,False,True,False
2019:5764,2019,LAPAN,Aqua,False,False,True,False
2019:5766,2019,ASMC,NOAA20,False,False,False,False
2019:5768,2019,LAPAN,Aqua,False,False,True,False
2019:5769,2019,LAPAN,Aqua,False,False,True,False
2019:5770,2019,LAPAN,Aqua,False,False,True,False
2019:5772,2019,LAPAN,Aqua,False,False,True,False
2019:5775,2019,LAPAN,Aqua,False,False,False,False
2019:5776,2019,LAPAN,Aqua,False,False,True,False
2019:5779,2019,LAPAN,Aqua,False,False,True,False
2019:5783,2019,LAPAN,Aqua,False,False,True,False
2019:5784,2019,LAPAN,Aqua,False,False,True,False
2019:5787,2019,LAPAN,Aqua,False,False,True,False
2019:5790,2019,LAPAN,Aqua,False,False,True,False
2019:5791,2019,LAPAN,Aqua,False,False,True,False
2019:5792,2019,LAPAN,Aqua,False,False,True,False
2019:5793,2019,LAPAN,Aqua,False,False,True,False
2019:5797,2019,LAPAN,Aqua,False,False,True,False
2019:5801,2019,LAPAN,Aqua,False,False,True,False
2019:5804,2019,ASMC,NOAA20,False,True,False,False
2019:5805,2019,LAPAN,Aqua,False,False,True,False
2019:5806,2019,LAPAN,Aqua,False,False,True,False
2019:5807,2019,LAPAN,Aqua,False,False,True,False
2019:5808,2019,LAPAN,Aqua,False,False,True,False
2019:5811,2019,LAPAN,Aqua,False,False,True,False
2019:5813,2019,LAPAN,Aqua,False,False,True,False
2019:5814,2019,LAPAN,Aqua,False,False,True,False
2019:5815,2019,ASMC,NOAA20,False,False,False,False
2019:5816,2019,LAPAN,Aqua,False,False,True,False
2019:5817,2019,LAPAN,Aqua,False,False,True,False
2019:5818,2019,LAPAN,Aqua,False,False,True,False
2019:5821,2019,LAPAN,Aqua,False,False,True,False
2019:5825,2019,LAPAN,Aqua,False,False,False,False
2019:5827,2019,LAPAN,Aqua,False,False,True,False
2019:5830,2019,LAPAN,Aqua,False,False,False,False
2019:5831,2019,LAPAN,Aqua,False,False,True,False
2019:5832,2019,ASMC,NOAA20,False,True,False,False
2019:5833,2019,LAPAN,Aqua,False,False,True,False
2019:5834,2019,LAPAN,Aqua,False,False,True,False
2019:5835,2019,LAPAN,Aqua,False,False,True,False
2019:5836,2019,LAPAN,Aqua,False,False,True,False
2019:5839,2019,LAPAN,Aqua,False,False,True,False
2019:5843,2019,LAPAN,Aqua,False,False,True,False
2019:5846,2019,LAPAN,Aqua,False,False,True,False
2019:5847,2019,LAPAN,Aqua,False,False,False,False
2019:5850,2019,LAPAN,Aqua,False,False,False,True
2019:5851,2019,LAPAN,SNPP,False,True,False,False
2019:5857,2019,LAPAN,Aqua,False,False,True,True
2019:5861,2019,LAPAN,Aqua,False,False,False,True
2019:5862,2019,LAPAN,Aqua,False,False,True,True
2019:5871,2019,LAPAN,Aqua,False,False,True,True
2019:5872,2019,LAPAN,Aqua,False,False,True,False
2019:5877,2019,LAPAN,Aqua,False,False,False,True
2019:5879,2019,LAPAN,Aqua,False,False,True,True
2019:5881,2019,LAPAN,Aqua,False,False,False,True
2019:5882,2019,LAPAN,Aqua,False,False,True,True
2019:5883,2019,LAPAN,Aqua,False,False,True,True
2019:5885,2019,LAPAN,Aqua,False,False,True,True
2019:5886,2019,LAPAN,Aqua,False,False,True,True
2019:5887,2019,LAPAN,Aqua,False,False,True,True
2019:5888,2019,LAPAN,Aqua,False,False,True,True
2019:5891,2019,LAPAN,Aqua,False,False,False,False
2019:5898,2019,LAPAN,Aqua,False,False,False,True
2019:5905,2019,LAPAN,Aqua,False,False,False,True
2019:5907,2019,LAPAN,Aqua,False,False,False,True
2019:5908,2019,LAPAN,Aqua,False,False,False,False
2019:5909,2019,LAPAN,Aqua,False,False,False,True
2019:5910,2019,LAPAN,Aqua,False,False,True,False
2019:5914,2019,LAPAN,Aqua,False,False,True,False
2019:5915,2019,LAPAN,Aqua,False,False,True,False
2019:5917,2019,LAPAN,Aqua,False,False,True,True
2019:5918,2019,LAPAN,Aqua,False,False,True,True
2019:5919,2019,LAPAN,Aqua,False,False,False,False
2019:5926,2019,LAPAN,Aqua,False,False,False,True
2019:5927,2019,LAPAN,Aqua,False,False,True,True
2019:5928,2019,LAPAN,Aqua,False,False,True,True
2019:5930,2019,LAPAN,Aqua,False,False,True,True
2019:5932,2019,LAPAN,Aqua,False,False,True,False
2019:5935,2019,LAPAN,Aqua,False,False,True,True
2019:5937,2019,LAPAN,Aqua,False,False,False,True
2019:5938,2019,LAPAN,Aqua,False,False,True,False
2019:5941,2019,LAPAN,Aqua,False,False,True,True
2019:5944,2019,LAPAN,Aqua,False,False,True,True
2019:5949,2019,LAPAN,Aqua,False,False,True,False
2019:5950,2019,LAPAN,Aqua,False,False,False,False
2019:5951,2019,LAPAN,Aqua,False,False,True,True
2019:5954,2019,LAPAN,Aqua,False,False,True,True
2019:5956,2019,LAPAN,Aqua,False,False,True,False
2019:5957,2019,LAPAN,Aqua,False,False,True,True
2019:5958,2019,LAPAN,Aqua,False,False,True,True
2019:5961,2019,LAPAN,Aqua,False,False,True,True
2019:5962,2019,LAPAN,Aqua,False,False,False,True
2019:5963,2019,LAPAN,Aqua,False,False,False,True
2019:5965,2019,LAPAN,Aqua,False,False,False,True
2019:5967,2019,LAPAN,Aqua,False,False,False,False
2019:5968,2019,LAPAN,Aqua,False,False,False,True
2019:5969,2019,LAPAN,Aqua,False,False,False,True
2019:5970,2019,LAPAN,Aqua,False,False,True,True
2019:5972,2019,LAPAN,Aqua,False,False,True,False
2019:5973,2019,LAPAN,Aqua,False,False,True,False
2019:5974,2019,LAPAN,Aqua,False,False,True,False
2019:5975,2019,LAPAN,Aqua,False,False,True,False
2019:5976,2019,LAPAN,Aqua,False,False,True,False
2019:5977,2019,LAPAN,Aqua,False,False,True,False
2019:5978,2019,LAPAN,Aqua,False,False,True,False
2019:5979,2019,LAPAN,Aqua,False,False,True,False
2019:5980,2019,LAPAN,Aqua,False,False,True,False
2019:5981,2019,LAPAN,Aqua,False,False,True,False
2019:5982,2019,LAPAN,Aqua,False,False,True,False
2019:5983,2019,LAPAN,Aqua,False,False,True,False
2019:5984,2019,LAPAN,Aqua,False,False,True,False
2019:5985,2019,LAPAN,Aqua,False,False,True,False
2019:5988,2019,LAPAN,Terra,False,False,False,False
2019:5989,2019,LAPAN,Terra,False,False,False,False
2019:5991,2019,LAPAN,Terra,False,False,False,False
2019:5992,2019,LAPAN,Terra,False,False,False,False
2019:5994,2019,LAPAN,Aqua,False,False,False,False
2019:5996,2019,ASMC,NOAA20,False,True,False,False
2019:5997,2019,LAPAN,Aqua,False,False,False,False
2019:5998,2019,LAPAN,Aqua,False,False,False,False
2019:5999,2019,LAPAN,Aqua,False,False,True,False
2019:6001,2019,LAPAN,Aqua,False,False,False,False
2019:6003,2019,LAPAN,Aqua,False,False,False,False
2019:6006,2019,LAPAN,Aqua,False,False,True,False
2019:6007,2019,ASMC,NOAA20,False,True,False,False
2019:6008,2019,LAPAN,Aqua,False,False,False,False
2019:6010,2019,LAPAN,Aqua,False,False,True,False
2019:6011,2019,LAPAN,Aqua,False,False,True,False
2019:6012,2019,LAPAN,Aqua,False,False,False,False
2019:6013,2019,ASMC,NOAA20,False,True,False,False
2019:6014,2019,ASMC,NOAA20,False,True,False,False
2019:6015,2019,LAPAN,Aqua,False,False,False,False
2019:6018,2019,LAPAN,Aqua,False,False,True,False
2019:6021,2019,LAPAN,Aqua,False,False,False,False
2019:6024,2019,LAPAN,Aqua,False,False,True,False
2019:6025,2019,ASMC,NOAA20,False,True,False,False
2019:6026,2019,LAPAN,Aqua,False,False,False,False
2019:6027,2019,LAPAN,Aqua,False,False,False,False
2019:6028,2019,LAPAN,Aqua,False,False,False,False
2019:6029,2019,LAPAN,Aqua,False,False,False,False
2019:6030,2019,LAPAN,Aqua,False,False,True,False
2019:6032,2019,LAPAN,Aqua,False,False,False,False
2019:6034,2019,LAPAN,Aqua,False,False,True,False
2019:6035,2019,ASMC,NOAA20,False,True,False,False
2019:6036,2019,LAPAN,Aqua,False,False,False,False
2019:6037,2019,ASMC,NOAA20,False,True,False,False
2019:6038,2019,LAPAN,Aqua,False,False,True,False
2019:6039,2019,ASMC,NOAA20,False,True,False,False
2019:6040,2019,LAPAN,Aqua,False,False,True,False
2019:6041,2019,LAPAN,Aqua,False,False,True,False
2019:6042,2019,LAPAN,Aqua,False,False,True,False
2019:6044,2019,LAPAN,Aqua,False,False,False,False
2019:6045,2019,ASMC,NOAA20,False,True,False,False
2019:6047,2019,LAPAN,Aqua,False,False,True,False
2019:6050,2019,LAPAN,Aqua,False,False,True,False
2019:6051,2019,LAPAN,Aqua,False,False,True,False
2019:6053,2019,LAPAN,Aqua,False,False,True,False
2019:6054,2019,LAPAN,Aqua,False,False,True,False
2019:6057,2019,LAPAN,Aqua,False,False,False,False
2019:6058,2019,LAPAN,Aqua,False,False,True,False
2019:6059,2019,LAPAN,Aqua,False,False,False,False
2019:6061,2019,LAPAN,Aqua,False,False,False,False
2019:6065,2019,LAPAN,Aqua,False,False,True,False
2019:6066,2019,LAPAN,Aqua,False,False,False,False
2019:6067,2019,LAPAN,Aqua,False,False,False,False
2019:6068,2019,LAPAN,Aqua,False,False,True,False
2019:6069,2019,ASMC,NOAA20,False,True,False,False
2019:6073,2019,LAPAN,Aqua,False,False,True,False
2019:6075,2019,LAPAN,Aqua,False,False,True,False
2019:6076,2019,LAPAN,Aqua,False,False,True,False
2019:6077,2019,LAPAN,Aqua,False,False,True,False
2019:6078,2019,ASMC,NOAA20,False,True,False,False
2019:6080,2019,LAPAN,Aqua,False,False,False,False
2019:6082,2019,ASMC,NOAA20,False,True,False,False
2019:6085,2019,LAPAN,Aqua,False,False,False,False
2019:6086,2019,LAPAN,Aqua,False,False,False,False
2019:6087,2019,LAPAN,Aqua,False,False,False,False
2019:6088,2019,LAPAN,Aqua,False,False,False,False
2019:6089,2019,LAPAN,Aqua,False,False,True,False
2019:6091,2019,LAPAN,Aqua,False,False,True,False
2019:6092,2019,LAPAN,Aqua,False,False,False,False
2019:6093,2019,ASMC,NOAA20,False,True,False,False
2019:6095,2019,LAPAN,Aqua,False,False,True,False
2019:6096,2019,LAPAN,Aqua,False,False,False,False
2019:6098,2019,LAPAN,Aqua,False,False,True,False
2019:6099,2019,LAPAN,Aqua,False,False,False,False
2019:6100,2019,LAPAN,Aqua,False,False,False,False
2019:6101,2019,ASMC,NOAA20,False,True,False,False
2019:6102,2019,LAPAN,Aqua,False,False,False,False
2019:6104,2019,ASMC,NOAA20,False,True,False,False
2019:6105,2019,LAPAN,Aqua,False,False,True,False
2019:6107,2019,LAPAN,Aqua,False,False,True,False
2019:6109,2019,LAPAN,Aqua,False,False,True,False
2019:6110,2019,LAPAN,Aqua,False,False,True,False
2019:6111,2019,LAPAN,Aqua,False,False,True,False
2019:6112,2019,LAPAN,Aqua,False,False,True,False
2019:6114,2019,ASMC,NOAA20,False,True,False,False
2019:6115,2019,LAPAN,Aqua,False,False,False,False
2019:6117,2019,ASMC,NOAA20,False,True,False,False
2019:6119,2019,LAPAN,Aqua,False,False,True,False
2019:6120,2019,LAPAN,Aqua,False,False,False,False
2019:6121,2019,ASMC,NOAA20,False,True,False,False
2019:6122,2019,ASMC,NOAA20,False,True,False,False
2019:6123,2019,ASMC,NOAA20,False,True,False,False
2019:6124,2019,ASMC,NOAA20,False,True,False,False
2019:6125,2019,LAPAN,Aqua,False,False,True,False
2019:6127,2019,LAPAN,Aqua,False,False,False,False
2019:6128,2019,LAPAN,Aqua,False,False,True,False
2019:6129,2019,LAPAN,Aqua,False,False,False,False
2019:6133,2019,LAPAN,Aqua,False,False,True,False
2019:6135,2019,LAPAN,Aqua,False,False,True,False
2019:6136,2019,LAPAN,Aqua,False,False,False,False
2019:6137,2019,LAPAN,Aqua,False,False,True,False
2019:6139,2019,LAPAN,Aqua,False,False,True,False
2019:6140,2019,ASMC,NOAA20,False,False,False,False
2019:6142,2019,ASMC,NOAA20,False,False,False,False
2019:6145,2019,ASMC,NOAA20,False,True,False,False
2019:6148,2019,ASMC,NOAA20,False,True,False,False
2019:6150,2019,ASMC,NOAA20,False,True,False,False
2019:6151,2019,ASMC,NOAA20,False,True,False,False
2019:6152,2019,ASMC,NOAA20,False,True,False,False
2019:6154,2019,ASMC,NOAA20,False,False,False,False
2019:6156,2019,ASMC,NOAA20,False,False,False,False
2019:6158,2019,ASMC,NOAA20,False,True,False,False
2019:6161,2019,ASMC,NOAA20,False,False,False,False
2019:6165,2019,LAPAN,SNPP,False,False,True,True
2019:6166,2019,LAPAN,SNPP,False,False,True,True
2019:6167,2019,LAPAN,SNPP,False,False,True,True
2019:6170,2019,LAPAN,SNPP,False,False,True,False
2019:6174,2019,LAPAN,SNPP,False,False,True,True
2019:6176,2019,LAPAN,SNPP,False,False,True,False
2019:6182,2019,LAPAN,SNPP,False,False,True,True
2019:6184,2019,LAPAN,SNPP,False,False,True,True
2019:6185,2019,LAPAN,SNPP,False,False,True,False
2019:6186,2019,LAPAN,SNPP,False,False,True,True
2019:6188,2019,LAPAN,SNPP,False,False,True,False
2019:6189,2019,LAPAN,SNPP,False,False,True,True
2019:6190,2019,LAPAN,SNPP,False,False,True,True
2019:6195,2019,LAPAN,SNPP,False,False,True,False
2019:6199,2019,LAPAN,SNPP,False,False,True,False
2019:6200,2019,LAPAN,SNPP,False,False,True,True
2019:6201,2019,LAPAN,SNPP,False,False,True,False
2019:6205,2019,LAPAN,SNPP,False,False,True,True
2019:6206,2019,LAPAN,SNPP,False,False,True,True
2019:6207,2019,LAPAN,SNPP,False,False,True,True
2019:6211,2019,LAPAN,SNPP,False,False,True,False
2019:6213,2019,LAPAN,SNPP,False,False,True,False
2019:6214,2019,LAPAN,SNPP,False,False,True,True
2019:6219,2019,LAPAN,SNPP,False,False,True,False
2019:6220,2019,LAPAN,SNPP,False,False,True,True
2019:6221,2019,LAPAN,SNPP,False,False,True,True
2019:6232,2019,LAPAN,SNPP,False,False,True,True
2019:6233,2019,LAPAN,SNPP,False,False,True,False
2019:6234,2019,LAPAN,SNPP,False,False,True,False
2019:6235,2019,LAPAN,SNPP,False,False,True,True
2019:6237,2019,LAPAN,SNPP,False,False,True,False
2019:6240,2019,LAPAN,SNPP,False,False,True,False
2019:6243,2019,LAPAN,SNPP,False,False,True,True
2019:6248,2019,LAPAN,Terra,False,False,False,False
2019:6256,2019,LAPAN,Terra,False,False,False,False
2019:6263,2019,ASMC,NOAA20,False,False,True,False
2019:6268,2019,ASMC,NOAA20,False,False,False,False
2019:6270,2019,LAPAN,Aqua,False,False,True,False
2019:6271,2019,LAPAN,SNPP,False,False,True,False
2019:6273,2019,LAPAN,Aqua,False,True,False,False
2019:6276,2019,LAPAN,SNPP,False,False,False,False
2019:6277,2019,ASMC,NOAA20,False,False,False,False
2019:6278,2019,ASMC,NOAA20,False,False,False,False
2019:6279,2019,ASMC,NOAA20,False,False,True,False
2019:6281,2019,ASMC,NOAA20,False,False,True,False
2019:6284,2019,ASMC,NOAA20,False,False,True,False
2019:6285,2019,LAPAN,Aqua,False,False,False,False
2019:6286,2019,LAPAN,Aqua,False,False,False,False
2019:6288,2019,LAPAN,Aqua,False,True,False,False
2019:6293,2019,LAPAN,SNPP,False,False,False,False
2019:6294,2019,LAPAN,SNPP,False,False,False,False
2019:6296,2019,LAPAN,Aqua,False,True,False,False
2019:6297,2019,ASMC,NOAA20,False,False,True,False
2019:6300,2019,ASMC,NOAA20,False,False,True,False
2019:6301,2019,ASMC,NOAA20,False,False,True,False
2019:6303,2019,LAPAN,SNPP,False,False,False,False
2019:6305,2019,LAPAN,SNPP,False,False,False,False
2019:6308,2019,LAPAN,SNPP,False,False,False,False
2019:6309,2019,LAPAN,SNPP,False,False,True,False
2019:6310,2019,ASMC,NOAA20,False,False,False,False
2019:6311,2019,LAPAN,SNPP,False,True,False,False
2019:6312,2019,ASMC,NOAA20,False,False,True,False
2019:6313,2019,ASMC,NOAA20,False,False,False,False
2019:6314,2019,ASMC,NOAA20,False,False,True,False
2019:6316,2019,ASMC,NOAA20,False,False,False,False
2019:6322,2019,LAPAN,SNPP,False,True,True,False
2019:6323,2019,LAPAN,SNPP,False,True,False,False
2019:6324,2019,LAPAN,SNPP,False,True,False,False
2019:6325,2019,LAPAN,SNPP,False,True,True,False
2019:6326,2019,LAPAN,SNPP,False,True,True,False
2019:6327,2019,LAPAN,SNPP,False,True,True,False
2019:6328,2019,ASMC,NOAA20,False,False,True,False
2019:6329,2019,LAPAN,Aqua,False,True,False,False
2019:6332,2019,LAPAN,Aqua,False,True,False,False
2019:6333,2019,ASMC,NOAA20,False,False,False,False
2019:6335,2019,ASMC,NOAA20,False,False,True,False
2019:6338,2019,LAPAN,Aqua,False,True,False,False
2019:6339,2019,ASMC,NOAA20,False,False,True,False
2019:6340,2019,LAPAN,SNPP,False,False,False,False
2019:6341,2019,LAPAN,Aqua,False,False,False,False
2019:6343,2019,ASMC,NOAA20,False,False,False,False
2019:6344,2019,ASMC,NOAA20,False,False,True,False
2019:6345,2019,ASMC,NOAA20,False,False,True,False
2019:6346,2019,LAPAN,SNPP,False,True,False,False
2019:6347,2019,ASMC,NOAA20,False,False,True,False
2019:6349,2019,ASMC,NOAA20,False,False,True,False
2019:6351,2019,LAPAN,SNPP,False,False,False,False
2019:6352,2019,ASMC,NOAA20,False,False,True,False
2019:6353,2019,LAPAN,SNPP,False,False,True,False
2019:6354,2019,ASMC,NOAA20,False,False,True,False
2019:6357,2019,LAPAN,Aqua,False,True,False,False
2019:6362,2019,LAPAN,SNPP,False,False,False,False
2019:6364,2019,ASMC,NOAA20,False,False,True,False
2019:6369,2019,LAPAN,Aqua,False,True,False,False
2019:6370,2019,ASMC,NOAA20,False,False,True,True
2019:6371,2019,ASMC,NOAA20,False,False,True,False
2019:6372,2019,ASMC,NOAA20,False,False,True,False
2019:6373,2019,ASMC,NOAA20,False,False,False,False
2019:6374,2019,ASMC,NOAA20,False,False,False,False
2019:6378,2019,ASMC,NOAA20,False,False,False,False
2019:6379,2019,LAPAN,Aqua,False,True,False,False
2019:6381,2019,LAPAN,SNPP,False,False,True,False
2019:6382,2019,ASMC,NOAA20,False,False,True,False
2019:6383,2019,LAPAN,SNPP,False,True,False,False
2019:6386,2019,ASMC,NOAA20,False,False,True,False
2019:6392,2019,ASMC,NOAA20,False,False,False,False
2019:6399,2019,ASMC,NOAA20,False,False,True,False
2019:6404,2019,ASMC,NOAA20,False,False,False,False
2019:6405,2019,ASMC,NOAA20,False,False,False,False
2019:6408,2019,LAPAN,Aqua,False,True,False,False
2019:6411,2019,LAPAN,SNPP,False,False,True,False
2019:6412,2019,ASMC,NOAA20,False,False,True,False
2019:6414,2019,ASMC,NOAA20,False,False,False,False
2019:6415,2019,LAPAN,Aqua,False,False,False,False
2019:6418,2019,LAPAN,SNPP,False,True,True,False
2019:6419,2019,LAPAN,Aqua,False,False,False,False
2019:6421,2019,ASMC,NOAA20,False,False,False,False
2019:6424,2019,ASMC,NOAA20,False,False,True,False
2019:6426,2019,ASMC,NOAA20,False,False,False,True
2019:6428,2019,ASMC,NOAA20,False,False,True,False
2019:6430,2019,ASMC,NOAA20,False,False,True,False
2019:6431,2019,LAPAN,SNPP,False,False,False,False
2019:6432,2019,LAPAN,SNPP,False,False,False,False
2019:6434,2019,LAPAN,SNPP,False,False,True,True
2019:6435,2019,LAPAN,SNPP,False,False,True,True
2019:6436,2019,LAPAN,SNPP,False,False,True,True
2019:6437,2019,LAPAN,SNPP,False,False,True,False
2019:6445,2019,LAPAN,SNPP,False,True,True,False
2019:6449,2019,LAPAN,SNPP,False,False,True,False
2019:6457,2019,LAPAN,SNPP,False,False,False,False
2019:6462,2019,LAPAN,SNPP,False,False,True,False
2019:6463,2019,LAPAN,SNPP,False,False,True,False
2019:6467,2019,LAPAN,SNPP,False,False,True,False
2019:6468,2019,LAPAN,SNPP,False,False,True,False
2019:6472,2019,LAPAN,SNPP,False,False,True,False
2019:6475,2019,LAPAN,SNPP,False,False,True,False
2019:6476,2019,LAPAN,SNPP,False,False,True,False
2019:6479,2019,LAPAN,SNPP,False,False,True,False
2019:6482,2019,LAPAN,SNPP,False,False,True,False
2019:6491,2019,LAPAN,SNPP,False,False,True,False
2019:6492,2019,LAPAN,SNPP,False,False,True,False
2019:6522,2019,LAPAN,Terra,False,True,False,False
2019:6529,2019,LAPAN,Terra,False,False,False,False
2019:6530,2019,LAPAN,Terra,False,True,False,False
2019:6532,2019,LAPAN,SNPP,False,False,True,False
2019:6535,2019,LAPAN,SNPP,False,False,True,False
2019:6537,2019,LAPAN,SNPP,False,False,True,False
2019:6538,2019,LAPAN,SNPP,False,False,False,False
2019:6545,2019,ASMC,NOAA20,False,True,False,False
2019:6552,2019,LAPAN,SNPP,False,False,True,False
2019:6562,2019,LAPAN,SNPP,False,False,False,False
2019:6563,2019,LAPAN,SNPP,False,False,True,False
2019:6564,2019,LAPAN,SNPP,False,False,True,False
2019:6566,2019,LAPAN,SNPP,False,False,True,True
2019:6570,2019,LAPAN,SNPP,False,False,True,False
2019:6571,2019,LAPAN,SNPP,False,False,True,False
2019:6573,2019,LAPAN,SNPP,False,False,True,False
2019:6574,2019,LAPAN,SNPP,False,False,True,False
2019:6586,2019,ASMC,NOAA20,False,True,False,False
2019:6588,2019,LAPAN,SNPP,False,False,True,False
2019:6590,2019,LAPAN,SNPP,False,False,True,False
2019:6593,2019,LAPAN,SNPP,False,False,True,False
2019:6598,2019,LAPAN,SNPP,False,False,True,False
2019:6599,2019,ASMC,NOAA20,False,False,False,False
2019:6600,2019,LAPAN,SNPP,False,False,False,False
2019:6601,2019,LAPAN,Aqua,False,False,False,False
2019:6602,2019,LAPAN,SNPP,False,False,False,False
2019:6604,2019,LAPAN,SNPP,False,False,True,False
2019:6605,2019,ASMC,NOAA20,False,True,False,False
2019:6606,2019,LAPAN,SNPP,False,False,True,False
2019:6607,2019,LAPAN,Aqua,False,False,True,False
2019:6608,2019,LAPAN,SNPP,False,False,True,False
2019:6610,2019,LAPAN,SNPP,False,False,True,False
2019:6611,2019,LAPAN,SNPP,False,False,True,False
2019:6612,2019,ASMC,NOAA20,False,True,False,False
2019:6614,2019,LAPAN,SNPP,False,False,True,False
2019:6617,2019,LAPAN,Aqua,False,True,True,False
2019:6620,2019,LAPAN,SNPP,False,False,True,False
2019:6624,2019,LAPAN,SNPP,False,False,True,True
2019:6627,2019,LAPAN,SNPP,False,False,True,False
2019:6629,2019,LAPAN,Aqua,False,False,False,False
2019:6630,2019,LAPAN,SNPP,False,False,False,False
2019:6631,2019,LAPAN,SNPP,False,False,False,False
2019:6632,2019,LAPAN,SNPP,False,False,True,False
2019:6636,2019,LAPAN,SNPP,False,False,True,False
2019:6638,2019,LAPAN,SNPP,False,False,True,False
2019:6639,2019,ASMC,NOAA20,False,False,False,False
2019:6641,2019,LAPAN,SNPP,False,False,True,False
2019:6642,2019,LAPAN,SNPP,False,False,True,False
2019:6643,2019,LAPAN,SNPP,False,False,True,False
2019:6644,2019,LAPAN,SNPP,False,False,False,False
2019:6649,2019,ASMC,NOAA20,False,True,False,False
2019:6652,2019,LAPAN,SNPP,False,False,True,True
2019:6653,2019,LAPAN,SNPP,False,False,True,True
2019:6655,2019,LAPAN,Aqua,False,False,False,False
2019:6656,2019,LAPAN,SNPP,False,False,True,False
2019:6657,2019,ASMC,NOAA20,False,True,True,False
2019:6660,2019,ASMC,NOAA20,False,False,False,False
2019:6661,2019,ASMC,NOAA20,False,False,False,False
2019:6662,2019,ASMC,NOAA20,False,False,False,False
2019:6663,2019,ASMC,NOAA20,False,False,False,False
2019:6664,2019,ASMC,NOAA20,False,False,False,False
2019:6665,2019,ASMC,NOAA20,False,False,False,False
2019:6666,2019,ASMC,NOAA20,False,False,False,False
2019:6667,2019,ASMC,NOAA20,False,False,False,False
2019:6668,2019,ASMC,NOAA20,False,False,False,False
2019:6669,2019,ASMC,NOAA20,False,False,False,False
2019:6670,2019,ASMC,NOAA20,False,False,False,False
2019:6671,2019,ASMC,NOAA20,False,False,False,False
2019:6672,2019,ASMC,NOAA20,False,False,False,False
2019:6673,2019,ASMC,NOAA20,False,False,False,False
2019:6674,2019,ASMC,NOAA20,False,False,False,False
2019:6675,2019,ASMC,NOAA20,False,False,False,False
2019:6676,2019,LAPAN,Terra,False,False,False,False
2019:6677,2019,LAPAN,Terra,False,False,False,False
2019:6678,2019,LAPAN,Terra,False,False,False,False
2019:6679,2019,LAPAN,Terra,False,False,False,False
2019:6680,2019,LAPAN,Terra,False,False,False,False
2019:6681,2019,LAPAN,Terra,False,False,False,False
2019:6682,2019,LAPAN,Terra,False,False,False,False
2019:6683,2019,LAPAN,Terra,False,False,False,False
2019:6684,2019,LAPAN,Terra,False,False,False,False
2019:6691,2019,LAPAN,Terra,False,False,False,False
2019:6709,2019,LAPAN,Aqua,False,False,False,False
2019:6712,2019,LAPAN,Aqua,False,False,False,False
2019:6713,2019,LAPAN,Aqua,False,False,False,False
2019:6720,2019,LAPAN,SNPP,False,False,False,False
2019:6759,2019,LAPAN,SNPP,False,True,False,False
2019:6761,2019,LAPAN,SNPP,False,False,False,False
2019:6766,2019,LAPAN,SNPP,False,True,False,False
2019:6776,2019,LAPAN,SNPP,False,False,False,False
2019:6787,2019,LAPAN,SNPP,False,False,False,False
2019:6800,2019,LAPAN,SNPP,False,False,False,False
2019:6805,2019,LAPAN,SNPP,False,True,False,False
2019:6813,2019,LAPAN,SNPP,False,False,False,False
2019:6814,2019,LAPAN,SNPP,False,False,False,False
2019:6818,2019,LAPAN,SNPP,False,True,False,False
2019:6824,2019,LAPAN,SNPP,False,False,False,False
2019:6825,2019,LAPAN,SNPP,False,True,False,False
2019:6829,2019,LAPAN,SNPP,False,False,False,False
2019:6835,2019,LAPAN,SNPP,False,True,False,False
2019:6839,2019,LAPAN,SNPP,False,True,False,False
2019:6846,2019,LAPAN,SNPP,False,True,False,False
2019:6850,2019,ASMC,NOAA20,False,True,False,False
2019:6857,2019,ASMC,NOAA20,False,False,False,False
2019:6859,2019,LAPAN,Aqua,False,True,True,False
2019:6863,2019,ASMC,NOAA20,False,True,False,False
2019:6867,2019,LAPAN,Aqua,False,False,False,False
2019:6870,2019,LAPAN,Aqua,False,False,True,False
2019:6876,2019,LAPAN,Terra,False,False,False,False
2019:6892,2019,ASMC,NOAA20,False,False,False,False
2019:6894,2019,ASMC,NOAA20,False,False,False,False
2019:6896,2019,ASMC,NOAA20,False,False,False,False
2019:6905,2019,ASMC,NOAA20,False,False,False,False
2019:7016,2019,LAPAN,Terra,False,False,False,False
2019:7017,2019,LAPAN,Terra,False,False,False,False
2019:7033,2019,LAPAN,Aqua,False,True,False,False
2019:7041,2019,LAPAN,Aqua,False,False,False,False
2019:7042,2019,LAPAN,Aqua,False,True,False,False
2019:7050,2019,ASMC,NOAA20,False,False,False,False
2019:7055,2019,ASMC,NOAA20,False,False,False,False
2019:7068,2019,ASMC,NOAA20,False,True,False,False
2019:7070,2019,ASMC,NOAA20,False,True,False,False
2019:7075,2019,ASMC,NOAA20,False,True,False,False
2019:7080,2019,ASMC,NOAA20,False,False,False,False
2019:7082,2019,ASMC,NOAA20,False,False,False,False
2019:7088,2019,ASMC,NOAA20,False,True,False,False
2019:7089,2019,ASMC,NOAA20,False,True,False,False
2019:7092,2019,ASMC,NOAA20,False,False,False,False
2019:7094,2019,ASMC,NOAA20,False,False,False,False
2019:7105,2019,ASMC,NOAA20,False,False,False,False
2019:7110,2019,ASMC,NOAA20,False,False,False,False
2019:7118,2019,ASMC,NOAA20,False,False,False,False
2019:7123,2019,ASMC,NOAA20,False,False,False,False
2019:7126,2019,ASMC,NOAA20,False,False,False,False
2019:7129,2019,ASMC,NOAA20,False,True,False,False
2019:7135,2019,ASMC,NOAA20,False,False,False,False
2019:7144,2019,ASMC,NOAA20,False,False,False,False
2019:7145,2019,ASMC,NOAA20,False,False,False,False
2019:7148,2019,ASMC,NOAA20,False,False,False,False
2019:7151,2019,ASMC,NOAA20,False,True,False,False
2019:7192,2019,LAPAN,Terra,False,False,True,False
2019:7204,2019,LAPAN,Terra,False,False,True,False
2019:7221,2019,LAPAN,Terra,False,False,True,False
2019:7223,2019,LAPAN,Terra,False,False,True,False
2019:7224,2019,LAPAN,Terra,False,False,True,False
2019:7236,2019,LAPAN,Terra,False,False,True,False
2019:7257,2019,LAPAN,Terra,False,False,False,False
2019:7272,2019,LAPAN,Terra,False,True,False,False
2019:7274,2019,LAPAN,Aqua,False,False,True,False
2019:7281,2019,LAPAN,Aqua,False,False,True,False
2019:7285,2019,LAPAN,Aqua,False,False,True,False
2019:7289,2019,LAPAN,Aqua,False,False,True,False
2019:7291,2019,LAPAN,Aqua,False,False,True,False
2019:7293,2019,LAPAN,Aqua,False,False,True,False
2019:7299,2019,LAPAN,Aqua,False,False,True,False
2019:7300,2019,LAPAN,Aqua,False,False,True,False
2019:7303,2019,LAPAN,Aqua,False,False,True,False
2019:7304,2019,LAPAN,Aqua,False,False,True,False
2019:7311,2019,LAPAN,Aqua,False,False,True,False
2019:7312,2019,LAPAN,Aqua,False,False,True,False
2019:7313,2019,LAPAN,Aqua,False,False,True,False
2019:7314,2019,LAPAN,Aqua,False,False,True,False
2019:7315,2019,LAPAN,Aqua,False,False,True,False
2019:7316,2019,LAPAN,Aqua,False,False,True,False
2019:7328,2019,LAPAN,Aqua,False,False,True,False
2019:7329,2019,LAPAN,Aqua,False,False,True,False
2019:7330,2019,LAPAN,Aqua,False,False,False,False
2019:7332,2019,LAPAN,Aqua,False,False,True,False
2019:7333,2019,LAPAN,Aqua,False,False,True,False
2019:7334,2019,LAPAN,Aqua,False,False,True,False
2019:7336,2019,LAPAN,Aqua,False,False,True,False
2019:7338,2019,LAPAN,Aqua,False,False,True,False
2019:7339,2019,LAPAN,Aqua,False,False,True,False
2019:7343,2019,LAPAN,Aqua,False,False,True,False
2019:7345,2019,LAPAN,Aqua,False,False,True,False
2019:7348,2019,LAPAN,Aqua,False,False,True,False
2019:7351,2019,LAPAN,Aqua,False,False,True,False
2019:7354,2019,LAPAN,Aqua,False,False,True,False
2019:7358,2019,LAPAN,Aqua,False,False,True,False
2019:7359,2019,LAPAN,Aqua,False,False,True,False
2019:7360,2019,LAPAN,Aqua,False,False,True,False
2019:7365,2019,LAPAN,Aqua,False,False,True,False
2019:7367,2019,LAPAN,Aqua,False,False,True,False
2019:7369,2019,LAPAN,Aqua,False,False,True,False
2019:7371,2019,LAPAN,Aqua,False,False,False,False
2019:7373,2019,ASMC,NOAA20,False,True,False,False
2019:7374,2019,ASMC,NOAA20,False,True,False,False
2019:7375,2019,LAPAN,Aqua,False,False,True,False
2019:7377,2019,LAPAN,Aqua,False,False,True,False
2019:7379,2019,LAPAN,Aqua,False,False,True,False
2019:7381,2019,LAPAN,Aqua,False,False,True,False
2019:7386,2019,LAPAN,Aqua,False,False,True,False
2019:7389,2019,LAPAN,Aqua,False,False,True,False
2019:7391,2019,LAPAN,Aqua,False,False,True,False
2019:7392,2019,ASMC,NOAA20,False,True,False,False
2019:7397,2019,LAPAN,Aqua,False,False,True,False
2019:7399,2019,LAPAN,Aqua,False,False,True,False
2019:7402,2019,ASMC,NOAA20,False,True,False,False
2019:7408,2019,LAPAN,Aqua,False,False,True,False
2019:7409,2019,LAPAN,Aqua,False,False,True,False
2019:7412,2019,LAPAN,Aqua,False,False,True,False
2019:7414,2019,LAPAN,Aqua,False,False,True,False
2019:7416,2019,LAPAN,Aqua,False,False,True,False
2019:7417,2019,LAPAN,Aqua,False,False,True,False
2019:7418,2019,ASMC,NOAA20,False,True,False,False
2019:7423,2019,LAPAN,Aqua,False,False,False,False
2019:7425,2019,LAPAN,Aqua,False,False,True,False
2019:7426,2019,LAPAN,Aqua,False,False,True,False
2019:7427,2019,LAPAN,Aqua,False,False,True,False
2019:7433,2019,LAPAN,Aqua,False,False,True,False
2019:7434,2019,LAPAN,Aqua,False,False,True,False
2019:7435,2019,ASMC,NOAA20,False,True,False,False
2019:7436,2019,LAPAN,Aqua,False,False,True,False
2019:7437,2019,LAPAN,Aqua,False,False,True,False
2019:7438,2019,LAPAN,Aqua,False,False,True,False
2019:7440,2019,LAPAN,Aqua,False,False,True,False
2019:7441,2019,LAPAN,Aqua,False,False,True,False
2019:7444,2019,LAPAN,Aqua,False,False,True,False
2019:7446,2019,LAPAN,Aqua,False,False,True,False
2019:7451,2019,LAPAN,Aqua,False,False,True,False
2019:7456,2019,LAPAN,Aqua,False,False,True,False
2019:7457,2019,LAPAN,Aqua,False,False,False,False
2019:7458,2019,ASMC,NOAA20,False,True,False,False
2019:7460,2019,LAPAN,Aqua,False,False,True,False
2019:7462,2019,LAPAN,Aqua,False,False,True,False
2019:7465,2019,LAPAN,Aqua,False,False,True,False
2019:7466,2019,LAPAN,Aqua,False,False,True,False
2019:7469,2019,LAPAN,Aqua,False,False,True,False
2019:7472,2019,LAPAN,Aqua,False,False,False,False
2019:7473,2019,LAPAN,Aqua,False,False,True,False
2019:7474,2019,LAPAN,Aqua,False,False,True,False
2019:7475,2019,LAPAN,Aqua,False,False,True,False
2019:7476,2019,LAPAN,Aqua,False,False,True,False
2019:7477,2019,LAPAN,Aqua,False,False,True,False
2019:7479,2019,LAPAN,Aqua,False,False,True,False
2019:7480,2019,ASMC,NOAA20,False,True,False,False
2019:7487,2019,ASMC,NOAA20,False,True,False,False
2019:7490,2019,ASMC,NOAA20,False,True,False,False
2019:7491,2019,LAPAN,Aqua,False,False,True,False
2019:7502,2019,LAPAN,Aqua,False,True,False,False
2019:7529,2019,LAPAN,Aqua,False,True,False,False
2019:7536,2019,LAPAN,Aqua,False,True,False,False
2019:7614,2019,LAPAN,Aqua,False,True,True,False
2019:7672,2019,LAPAN,Aqua,False,True,True,False
2019:7690,2019,LAPAN,Aqua,False,True,False,False
2019:7705,2019,LAPAN,Aqua,False,True,True,False
2019:7706,2019,LAPAN,Aqua,False,True,False,False
2019:7725,2019,LAPAN,Aqua,False,False,False,False
2019:7749,2019,LAPAN,SNPP,False,True,False,False
2019:7755,2019,ASMC,NOAA20,False,True,False,False
2019:7759,2019,ASMC,NOAA20,False,True,False,False
2019:7762,2019,ASMC,NOAA20,False,True,False,False
2019:7770,2019,ASMC,NOAA20,False,True,False,False
2019:7771,2019,ASMC,NOAA20,False,True,False,False
2019:7772,2019,ASMC,NOAA20,False,True,False,False
2019:7773,2019,ASMC,NOAA20,False,True,False,False
2019:7774,2019,ASMC,NOAA20,False,True,False,False
2019:7776,2019,ASMC,NOAA20,False,True,False,False
2019:7779,2019,ASMC,NOAA20,False,True,False,False
2019:7780,2019,ASMC,NOAA20,False,False,False,False
2019:7809,2019,LAPAN,Terra,False,False,False,False
2019:7822,2019,ASMC,NOAA20,False,True,False,False
2019:7834,2019,LAPAN,Aqua,False,False,True,False
2019:7836,2019,LAPAN,SNPP,False,False,True,False
2019:7845,2019,LAPAN,Aqua,False,False,True,False
2019:7846,2019,LAPAN,Aqua,False,False,True,False
2019:7847,2019,LAPAN,SNPP,False,False,True,False
2019:7848,2019,LAPAN,Aqua,False,False,False,False
2019:7852,2019,LAPAN,Aqua,False,True,True,False
2019:7854,2019,LAPAN,SNPP,False,True,False,False
2019:7855,2019,LAPAN,Aqua,False,True,True,False
2019:7858,2019,LAPAN,SNPP,False,False,False,False
2019:7859,2019,LAPAN,Aqua,False,False,False,False
2019:7862,2019,LAPAN,SNPP,False,True,True,False
2019:7864,2019,LAPAN,SNPP,False,False,False,False
2019:7865,2019,LAPAN,SNPP,False,False,True,False
2019:7868,2019,ASMC,NOAA20,False,True,False,False
2019:7872,2019,ASMC,NOAA20,False,True,False,False
2019:7884,2019,LAPAN,SNPP,False,False,True,False
2019:7891,2019,ASMC,NOAA20,False,True,True,False
2019:7893,2019,ASMC,NOAA20,False,True,True,False
2019:7894,2019,LAPAN,SNPP,False,False,False,False
2019:7897,2019,LAPAN,Aqua,False,False,False,False
2019:7898,2019,LAPAN,Aqua,False,False,False,False
2019:7899,2019,LAPAN,SNPP,False,False,False,False
2019:7901,2019,ASMC,NOAA20,False,True,False,False
2019:7906,2019,LAPAN,SNPP,False,False,False,False
2019:7915,2019,LAPAN,Aqua,False,False,False,False
2019:7941,2019,LAPAN,SNPP,False,True,False,False
2019:7945,2019,ASMC,NOAA20,False,False,False,False
2019:7963,2019,ASMC,NOAA20,False,True,False,False
2019:7966,2019,ASMC,NOAA20,False,False,False,False
2019:7980,2019,ASMC,NOAA20,False,True,False,False
2019:7984,2019,ASMC,NOAA20,False,True,False,False
2019:7993,2019,ASMC,NOAA20,False,False,False,False
2019:7997,2019,LAPAN,Aqua,False,False,False,False
2019:8001,2019,LAPAN,SNPP,False,False,True,False
2019:8002,2019,LAPAN,SNPP,False,False,True,False
2019:8003,2019,LAPAN,SNPP,False,False,True,False
2019:8006,2019,LAPAN,Aqua,False,False,False,False
2019:8007,2019,LAPAN,SNPP,False,False,True,False
2019:8010,2019,LAPAN,SNPP,False,False,True,False
2019:8011,2019,LAPAN,Aqua,False,True,False,False
2019:8027,2019,LAPAN,SNPP,False,False,False,False
2019:8028,2019,ASMC,NOAA20,False,True,True,False
2019:8030,2019,LAPAN,SNPP,False,False,True,False
2019:8032,2019,LAPAN,SNPP,False,False,False,False
2019:8034,2019,LAPAN,SNPP,False,False,False,False
2019:8035,2019,LAPAN,SNPP,False,False,True,False
2019:8037,2019,ASMC,NOAA20,False,True,True,False
2019:8038,2019,LAPAN,SNPP,False,False,True,False
2019:8039,2019,LAPAN,SNPP,False,False,False,False
2019:8040,2019,LAPAN,SNPP,False,False,False,False
2019:8041,2019,ASMC,NOAA20,False,False,False,False
2019:8042,2019,LAPAN,SNPP,False,False,False,False
2019:8043,2019,ASMC,NOAA20,False,True,False,False
2019:8044,2019,ASMC,NOAA20,False,False,True,False
2019:8045,2019,LAPAN,SNPP,False,False,True,False
2019:8046,2019,LAPAN,SNPP,False,False,False,False
2019:8047,2019,LAPAN,SNPP,False,False,True,False
2019:8048,2019,LAPAN,SNPP,False,False,True,False
2019:8049,2019,LAPAN,SNPP,False,False,True,False
2019:8050,2019,LAPAN,SNPP,False,False,True,False
2019:8051,2019,LAPAN,SNPP,False,False,True,False
2019:8053,2019,LAPAN,SNPP,False,False,False,False
2019:8055,2019,ASMC,NOAA20,False,False,False,False
2019:8056,2019,ASMC,NOAA20,False,False,False,False
2019:8057,2019,ASMC,NOAA20,False,True,True,False
2019:8058,2019,LAPAN,SNPP,False,False,True,False
2019:8059,2019,ASMC,NOAA20,False,True,True,False
2019:8061,2019,ASMC,NOAA20,False,False,False,False
2019:8062,2019,LAPAN,Aqua,False,False,False,False
2019:8063,2019,ASMC,NOAA20,False,False,False,False
2019:8067,2019,LAPAN,SNPP,False,False,True,False
2019:8068,2019,ASMC,NOAA20,False,True,False,False
2019:8069,2019,ASMC,NOAA20,False,False,False,False
2019:8070,2019,ASMC,NOAA20,False,False,False,False
2019:8071,2019,LAPAN,Aqua,False,False,False,False
2019:8072,2019,LAPAN,SNPP,False,False,True,False
2019:8077,2019,ASMC,NOAA20,False,True,False,False
2019:8078,2019,LAPAN,SNPP,False,False,False,False
2019:8079,2019,ASMC,NOAA20,False,True,True,False
2019:8081,2019,LAPAN,SNPP,False,False,True,False
2019:8085,2019,LAPAN,SNPP,False,False,False,False
2019:8086,2019,LAPAN,SNPP,False,False,False,False
2019:8087,2019,ASMC,NOAA20,False,False,False,False
2019:8088,2019,ASMC,NOAA20,False,False,False,False
2019:8089,2019,LAPAN,Aqua,False,False,False,False
2019:8090,2019,LAPAN,SNPP,False,False,True,False
2019:8091,2019,ASMC,NOAA20,False,True,False,False
2019:8092,2019,LAPAN,SNPP,False,False,False,False
2019:8093,2019,ASMC,NOAA20,False,False,False,False
2019:8122,2019,ASMC,NOAA20,False,False,False,False
2019:8126,2019,LAPAN,Aqua,False,False,True,False
2019:8127,2019,LAPAN,Aqua,False,False,True,False
2019:8128,2019,LAPAN,Aqua,False,False,False,False
2019:8130,2019,ASMC,NOAA20,False,False,False,False
2019:8131,2019,ASMC,NOAA20,False,False,False,False
2019:8132,2019,LAPAN,Aqua,False,False,False,False
2019:8133,2019,LAPAN,Aqua,False,False,False,False
2019:8134,2019,LAPAN,Aqua,False,False,False,False
2019:8135,2019,LAPAN,Aqua,False,False,True,False
2019:8136,2019,LAPAN,Aqua,False,False,True,False
2019:8137,2019,LAPAN,Aqua,False,False,True,False
2019:8139,2019,ASMC,NOAA20,False,False,False,False
2019:8140,2019,ASMC,NOAA20,False,False,False,False
2019:8141,2019,LAPAN,Aqua,False,False,True,False
2019:8144,2019,LAPAN,Aqua,False,False,False,True
2019:8145,2019,LAPAN,Aqua,False,False,False,True
2019:8147,2019,LAPAN,Aqua,False,False,False,True
2019:8151,2019,LAPAN,Aqua,False,False,False,True
2019:8154,2019,LAPAN,Aqua,False,False,False,True
2019:8157,2019,LAPAN,SNPP,False,False,True,True
2019:8158,2019,LAPAN,SNPP,False,False,True,True
2019:8159,2019,LAPAN,SNPP,False,False,True,True
2019:8160,2019,LAPAN,SNPP,False,False,True,True
2019:8163,2019,LAPAN,Terra,False,False,False,False
2019:8164,2019,LAPAN,Terra,False,False,False,False
2019:8168,2019,LAPAN,SNPP,False,False,False,False
2019:8169,2019,LAPAN,SNPP,False,False,False,False
2019:8170,2019,ASMC,NOAA20,False,True,False,False
2019:8171,2019,LAPAN,SNPP,False,False,True,False
2019:8172,2019,LAPAN,SNPP,False,False,True,False
2019:8174,2019,LAPAN,SNPP,False,False,True,False
2019:8175,2019,LAPAN,Aqua,False,False,False,False
2019:8176,2019,LAPAN,SNPP,False,False,True,False
2019:8178,2019,LAPAN,SNPP,False,False,True,False
2019:8179,2019,LAPAN,Aqua,False,False,False,False
2019:8180,2019,LAPAN,Aqua,False,False,False,False
2019:8181,2019,ASMC,NOAA20,False,True,False,False
2019:8182,2019,LAPAN,SNPP,False,False,False,False
2019:8183,2019,ASMC,NOAA20,False,True,False,False
2019:8186,2019,ASMC,NOAA20,False,True,False,False
2019:8188,2019,LAPAN,Aqua,False,False,True,False
2019:8189,2019,LAPAN,Aqua,False,False,True,False
2019:8190,2019,ASMC,NOAA20,False,True,False,False
2019:8195,2019,LAPAN,SNPP,False,True,False,False
2019:8229,2019,LAPAN,Terra,False,True,False,False
2019:8239,2019,LAPAN,SNPP,False,False,True,True
2019:8242,2019,LAPAN,SNPP,False,False,True,True
2019:8245,2019,LAPAN,SNPP,False,False,True,False
2019:8249,2019,LAPAN,SNPP,False,False,True,True
2019:8253,2019,LAPAN,SNPP,False,False,True,False
2019:8256,2019,LAPAN,SNPP,False,False,True,True
2019:8260,2019,LAPAN,SNPP,False,False,True,False
2019:8266,2019,LAPAN,Terra,False,False,False,False
2019:8272,2019,ASMC,NOAA20,False,False,False,True
2019:8273,2019,ASMC,NOAA20,False,False,False,True
2019:8274,2019,ASMC,NOAA20,False,False,True,True
2019:8275,2019,ASMC,NOAA20,False,False,False,True
2019:8276,2019,ASMC,NOAA20,False,False,True,False
2019:8277,2019,ASMC,NOAA20,False,False,True,False
2019:8278,2019,ASMC,NOAA20,False,False,False,False
2019:8279,2019,ASMC,NOAA20,False,False,False,False
2019:8280,2019,LAPAN,Aqua,False,False,False,False
2019:8286,2019,ASMC,NOAA20,False,False,False,True
2019:8287,2019,ASMC,NOAA20,False,False,False,True
2019:8288,2019,ASMC,NOAA20,False,False,False,True
2019:8289,2019,ASMC,NOAA20,False,False,False,True
2019:8290,2019,ASMC,NOAA20,False,False,False,True
2019:8291,2019,ASMC,NOAA20,False,False,True,True
2019:8292,2019,ASMC,NOAA20,False,False,False,False
2019:8293,2019,ASMC,NOAA20,False,False,True,False
2019:8294,2019,ASMC,NOAA20,False,False,False,False
2019:8295,2019,ASMC,NOAA20,False,False,False,False
2019:8296,2019,ASMC,NOAA20,False,False,False,False
2019:8297,2019,LAPAN,Aqua,False,False,False,False
2019:8299,2019,ASMC,NOAA20,False,False,False,False
2019:8300,2019,ASMC,NOAA20,False,False,False,False
2019:8301,2019,ASMC,NOAA20,False,False,False,False
2019:8304,2019,ASMC,NOAA20,False,False,False,False
2019:8306,2019,ASMC,NOAA20,False,False,False,True
2019:8307,2019,ASMC,NOAA20,False,False,False,True
2019:8310,2019,ASMC,NOAA20,False,False,False,False
2019:8311,2019,ASMC,NOAA20,False,False,True,True
2019:8312,2019,ASMC,NOAA20,False,False,True,False
2019:8313,2019,ASMC,NOAA20,False,False,False,False
2019:8314,2019,LAPAN,Aqua,False,False,False,False
2019:8315,2019,ASMC,NOAA20,False,False,False,True
2019:8316,2019,ASMC,NOAA20,False,False,False,False
2019:8318,2019,ASMC,NOAA20,False,False,True,False
2019:8321,2019,ASMC,NOAA20,False,False,False,False
2019:8322,2019,ASMC,NOAA20,False,False,True,False
2019:8323,2019,ASMC,NOAA20,False,False,False,True
2019:8324,2019,ASMC,NOAA20,False,False,False,True
2019:8325,2019,ASMC,NOAA20,False,False,False,True
2019:8326,2019,ASMC,NOAA20,False,False,True,False
2019:8327,2019,LAPAN,Aqua,False,True,False,False
2019:8329,2019,ASMC,NOAA20,False,False,False,False
2019:8330,2019,LAPAN,Aqua,False,False,False,False
2019:8332,2019,ASMC,NOAA20,False,False,False,False
2019:8333,2019,ASMC,NOAA20,False,False,False,True
2019:8336,2019,ASMC,NOAA20,False,False,False,False
2019:8337,2019,ASMC,NOAA20,False,False,False,True
2019:8338,2019,LAPAN,Aqua,False,False,True,False
2019:8339,2019,LAPAN,Aqua,False,False,True,False
2019:8340,2019,LAPAN,Aqua,False,False,False,False
2019:8341,2019,LAPAN,Aqua,False,False,True,False
2019:8342,2019,LAPAN,Aqua,False,False,True,True
2019:8343,2019,LAPAN,Aqua,False,False,True,False
2019:8344,2019,LAPAN,Aqua,False,False,True,False
2019:8345,2019,LAPAN,Aqua,False,False,True,False
2019:8346,2019,LAPAN,Aqua,False,False,True,True
2019:8347,2019,LAPAN,Aqua,False,False,True,False
2019:8348,2019,LAPAN,Aqua,False,False,True,False
2019:8349,2019,LAPAN,Aqua,False,False,True,False
2019:8350,2019,LAPAN,Aqua,False,False,True,False
2019:8351,2019,LAPAN,Aqua,False,False,True,False
2019:8352,2019,LAPAN,Aqua,False,False,False,False
2019:8353,2019,LAPAN,Aqua,False,False,True,True
2019:8354,2019,LAPAN,Aqua,False,False,False,False
2019:8355,2019,LAPAN,Aqua,False,False,True,False
2019:8356,2019,LAPAN,Aqua,False,False,False,False
2019:8357,2019,LAPAN,Aqua,False,False,True,False
2019:8358,2019,LAPAN,Aqua,False,False,True,False
2019:8359,2019,LAPAN,Aqua,False,False,True,False
2019:8360,2019,LAPAN,Aqua,False,False,False,False
2019:8361,2019,LAPAN,Aqua,False,False,True,True
2019:8362,2019,LAPAN,Aqua,False,False,True,False
2019:8363,2019,LAPAN,Aqua,False,False,True,False
2019:8364,2019,LAPAN,Aqua,False,False,True,True
2019:8365,2019,LAPAN,Terra,False,False,True,False
2019:8366,2019,LAPAN,Terra,False,False,True,False
2019:8367,2019,LAPAN,Terra,False,False,True,False
2019:8368,2019,LAPAN,Terra,False,False,True,False
2019:8369,2019,LAPAN,Terra,False,False,True,False
2019:8370,2019,LAPAN,Terra,False,False,True,False
2019:8371,2019,LAPAN,Terra,False,False,True,False
2019:8372,2019,LAPAN,Terra,False,False,True,False
2019:8373,2019,LAPAN,Terra,False,False,True,False
2019:8374,2019,LAPAN,Terra,False,False,True,False
2019:8375,2019,LAPAN,Terra,False,False,True,False
2019:8376,2019,LAPAN,Terra,False,False,True,False
2019:8384,2019,LAPAN,Terra,False,False,False,False
2019:8388,2019,LAPAN,Terra,False,False,False,False
2019:8389,2019,LAPAN,Aqua,False,False,True,False
2019:8392,2019,LAPAN,Aqua,False,False,True,False
2019:8395,2019,LAPAN,Aqua,False,False,True,False
2019:8396,2019,LAPAN,Aqua,False,False,True,False
2019:8397,2019,LAPAN,Aqua,False,False,True,False
2019:8398,2019,ASMC,NOAA20,False,False,False,False
2019:8400,2019,LAPAN,Aqua,False,False,False,False
2019:8401,2019,LAPAN,Aqua,False,False,True,False
2019:8402,2019,LAPAN,Aqua,False,False,True,False
2019:8407,2019,LAPAN,Aqua,False,False,True,False
2019:8434,2019,LAPAN,Aqua,False,False,True,False
2019:8435,2019,LAPAN,Aqua,False,False,True,False
2019:8436,2019,LAPAN,Aqua,False,False,True,False
2019:8437,2019,LAPAN,Aqua,False,False,True,False
2019:8438,2019,LAPAN,Aqua,False,False,True,False
2019:8481,2019,LAPAN,Terra,False,True,False,False
2019:8493,2019,LAPAN,SNPP,False,False,False,False
2019:8494,2019,LAPAN,SNPP,False,False,False,False
2019:8497,2019,LAPAN,SNPP,False,False,True,True
2019:8499,2019,ASMC,NOAA20,False,False,False,False
2019:8500,2019,LAPAN,SNPP,False,False,False,False
2019:8501,2019,ASMC,NOAA20,False,False,False,False
2019:8504,2019,LAPAN,SNPP,False,False,False,False
2019:8506,2019,LAPAN,SNPP,False,False,True,False
2019:8509,2019,ASMC,NOAA20,False,False,False,False
2019:8510,2019,ASMC,NOAA20,False,False,False,False
2019:8538,2019,LAPAN,SNPP,False,True,False,False
2019:8539,2019,LAPAN,Terra,False,False,False,False
2019:8540,2019,LAPAN,Terra,False,False,False,False
2019:8548,2019,LAPAN,Aqua,False,False,True,False
2019:8551,2019,LAPAN,Aqua,False,True,True,False
2019:8553,2019,LAPAN,Aqua,False,True,True,False
2019:8557,2019,LAPAN,Terra,False,False,False,False
2019:8561,2019,LAPAN,Terra,False,False,False,False
2019:8569,2019,LAPAN,SNPP,False,False,True,False
2019:8570,2019,LAPAN,SNPP,False,False,True,False
2019:8572,2019,ASMC,NOAA20,False,True,False,False
2019:8573,2019,LAPAN,SNPP,False,False,True,False
2019:8574,2019,LAPAN,SNPP,False,False,True,False
2019:8578,2019,LAPAN,SNPP,False,False,True,False
2019:8580,2019,LAPAN,SNPP,False,False,True,False
2019:8581,2019,LAPAN,SNPP,False,False,True,False
2019:8584,2019,LAPAN,Aqua,False,True,True,False
2019:8594,2019,LAPAN,SNPP,False,False,False,False
2019:8603,2019,LAPAN,SNPP,False,False,False,False
2019:8614,2019,LAPAN,SNPP,False,False,True,False
2019:8615,2019,LAPAN,SNPP,False,False,True,False
2019:8618,2019,LAPAN,SNPP,False,False,True,False
2019:8619,2019,LAPAN,SNPP,False,False,False,False
2019:8620,2019,LAPAN,SNPP,False,False,False,False
2019:8621,2019,LAPAN,SNPP,False,False,False,False
2019:8622,2019,LAPAN,SNPP,False,False,False,False
2019:8623,2019,LAPAN,SNPP,False,False,False,False
2019:8624,2019,LAPAN,SNPP,False,False,False,False
2019:8625,2019,LAPAN,SNPP,False,False,False,False
2019:8626,2019,LAPAN,SNPP,False,False,False,False
2019:8627,2019,LAPAN,SNPP,False,False,False,False
2019:8628,2019,LAPAN,SNPP,False,False,False,False
2019:8629,2019,LAPAN,SNPP,False,False,False,False
2019:8630,2019,LAPAN,SNPP,False,False,False,False
2019:8631,2019,LAPAN,SNPP,False,False,False,False
2019:8632,2019,LAPAN,SNPP,False,False,False,False
2019:8633,2019,LAPAN,SNPP,False,False,False,False
2019:8634,2019,LAPAN,SNPP,False,False,False,False
2019:8635,2019,LAPAN,SNPP,False,False,False,False
2019:8636,2019,LAPAN,SNPP,False,False,False,False
2019:8637,2019,LAPAN,SNPP,False,False,False,False
2019:8638,2019,LAPAN,Aqua,False,False,False,False
2019:8639,2019,LAPAN,SNPP,False,False,True,False
2019:8640,2019,LAPAN,SNPP,False,False,True,False
2019:8641,2019,LAPAN,SNPP,False,False,True,False
2019:8642,2019,LAPAN,SNPP,False,False,True,False
2019:8643,2019,LAPAN,SNPP,False,False,True,False
2019:8644,2019,LAPAN,SNPP,False,False,True,False
2019:8645,2019,LAPAN,SNPP,False,False,True,False
2019:8646,2019,LAPAN,SNPP,False,False,True,False
2019:8647,2019,LAPAN,SNPP,False,False,True,False
2019:8648,2019,LAPAN,SNPP,False,False,True,False
2019:8675,2019,LAPAN,SNPP,False,False,True,True
2019:8676,2019,LAPAN,SNPP,False,False,True,True
2019:8677,2019,LAPAN,SNPP,False,False,True,False
2019:8678,2019,LAPAN,SNPP,False,False,True,False
2019:8682,2019,LAPAN,SNPP,False,False,True,False
2019:8683,2019,LAPAN,SNPP,False,False,True,False
2019:8684,2019,LAPAN,SNPP,False,False,True,False
2019:8687,2019,LAPAN,SNPP,False,False,True,True
2019:8694,2019,LAPAN,SNPP,False,False,True,False
2019:8695,2019,LAPAN,SNPP,False,False,True,False
2019:8698,2019,LAPAN,SNPP,False,False,True,False
2019:8702,2019,LAPAN,SNPP,False,False,True,False
2019:8704,2019,ASMC,NOAA20,False,False,False,False
2019:8707,2019,ASMC,NOAA20,False,False,False,False
2019:8711,2019,LAPAN,SNPP,False,False,True,True
2019:8716,2019,LAPAN,SNPP,False,False,True,True
2019:8719,2019,LAPAN,SNPP,False,False,True,False
2019:8721,2019,LAPAN,SNPP,False,False,True,False
2019:8723,2019,LAPAN,SNPP,False,False,True,False
2019:8728,2019,LAPAN,SNPP,False,False,True,True
2019:8730,2019,LAPAN,SNPP,False,False,True,True
2019:8731,2019,LAPAN,SNPP,False,False,True,False
2019:8732,2019,LAPAN,SNPP,False,False,True,False
2019:8733,2019,LAPAN,SNPP,False,False,True,False
2019:8734,2019,LAPAN,SNPP,False,False,True,False
2019:8735,2019,LAPAN,SNPP,False,False,True,True
2019:8736,2019,LAPAN,SNPP,False,False,True,True
2019:8737,2019,LAPAN,SNPP,False,False,True,False
2019:8738,2019,ASMC,NOAA20,False,True,False,False
2019:8740,2019,LAPAN,SNPP,False,False,True,False
2019:8743,2019,LAPAN,SNPP,False,False,True,True
2019:8751,2019,LAPAN,SNPP,False,False,True,True
2019:8752,2019,LAPAN,SNPP,False,False,True,True
2019:8753,2019,LAPAN,SNPP,False,False,True,True
2019:8755,2019,ASMC,NOAA20,False,True,False,False
2019:8760,2019,LAPAN,SNPP,False,False,True,False
2019:8761,2019,LAPAN,SNPP,False,False,True,False
2019:8765,2019,LAPAN,SNPP,False,False,True,False
2019:8766,2019,LAPAN,SNPP,False,False,True,True
2019:8769,2019,LAPAN,SNPP,False,False,True,False
2019:8770,2019,LAPAN,SNPP,False,False,True,False
2019:8771,2019,LAPAN,SNPP,False,False,True,True
2019:8772,2019,LAPAN,SNPP,False,False,True,False
2019:8774,2019,LAPAN,SNPP,False,False,True,False
2019:8775,2019,LAPAN,SNPP,False,False,False,False
2019:8776,2019,ASMC,NOAA20,False,False,False,False
2019:8777,2019,LAPAN,SNPP,False,False,True,True
2019:8778,2019,LAPAN,SNPP,False,False,True,False
2019:8780,2019,LAPAN,SNPP,False,False,True,False
2019:8781,2019,LAPAN,SNPP,False,False,True,False
2019:8788,2019,LAPAN,SNPP,False,False,True,False
2019:8789,2019,LAPAN,SNPP,False,False,True,False
2019:8797,2019,LAPAN,SNPP,False,False,False,False
2019:8800,2019,LAPAN,SNPP,False,False,True,True
2019:8802,2019,LAPAN,Aqua,False,False,True,False
2019:8831,2019,LAPAN,Aqua,False,False,True,False
2019:8832,2019,LAPAN,Aqua,False,False,True,False
2019:8833,2019,LAPAN,Aqua,False,False,True,False
2019:8834,2019,LAPAN,Aqua,False,False,True,False
2019:8835,2019,LAPAN,Aqua,False,False,True,False
2019:8836,2019,LAPAN,Aqua,False,False,True,False
2019:8837,2019,LAPAN,Aqua,False,False,True,False
2019:8838,2019,LAPAN,Aqua,False,False,True,False
2019:8839,2019,LAPAN,Aqua,False,False,True,False
2019:8840,2019,LAPAN,Aqua,False,False,True,False
2019:8888,2019,LAPAN,Terra,False,False,False,False
2019:8895,2019,LAPAN,SNPP,False,False,False,False
2019:8897,2019,LAPAN,SNPP,False,True,False,False
2019:8906,2019,LAPAN,SNPP,False,True,False,False
2019:8908,2019,LAPAN,SNPP,False,True,False,False
2019:8919,2019,LAPAN,SNPP,False,False,False,False
2019:8925,2019,LAPAN,Aqua,False,False,True,False
2019:8927,2019,LAPAN,Aqua,False,True,True,False
2019:8932,2019,LAPAN,Aqua,False,True,True,False
2019:8933,2019,LAPAN,Aqua,False,False,True,False
2019:8936,2019,LAPAN,Aqua,False,True,True,False
2019:8940,2019,LAPAN,Aqua,False,True,True,False
2019:8944,2019,LAPAN,Aqua,False,True,True,False
2019:8950,2019,LAPAN,Aqua,False,True,True,False
2019:8951,2019,LAPAN,Aqua,False,True,True,False
2019:8955,2019,LAPAN,Aqua,False,True,True,False
2019:8964,2019,LAPAN,Aqua,False,True,True,False
2019:8965,2019,LAPAN,Aqua,False,True,False,False
2019:8966,2019,LAPAN,Aqua,False,True,True,False
2019:8972,2019,LAPAN,Aqua,False,False,True,False
2019:8973,2019,LAPAN,Aqua,False,True,True,False
2019:8977,2019,LAPAN,Aqua,False,True,True,False
2019:8979,2019,LAPAN,Aqua,False,True,False,False
2019:8985,2019,LAPAN,Aqua,False,True,True,False
2019:8986,2019,LAPAN,Aqua,False,True,True,False
2019:8988,2019,LAPAN,Aqua,False,False,True,False
2019:8989,2019,LAPAN,Aqua,False,False,True,False
2019:8992,2019,LAPAN,Aqua,False,True,True,False
2019:8993,2019,LAPAN,Aqua,False,True,True,False
2019:8996,2019,ASMC,NOAA20,False,True,True,False
2019:8999,2019,LAPAN,Aqua,False,True,False,False
2019:9000,2019,ASMC,NOAA20,False,True,False,False
2019:9002,2019,LAPAN,Aqua,False,False,True,False
2019:9004,2019,LAPAN,Aqua,False,True,False,False
2019:9007,2019,LAPAN,Aqua,False,True,True,False
2019:9011,2019,LAPAN,Aqua,False,True,True,False
2019:9013,2019,LAPAN,Aqua,False,False,True,False
2019:9014,2019,LAPAN,Aqua,False,False,False,False
2019:9016,2019,LAPAN,Aqua,False,False,True,False
2019:9019,2019,ASMC,NOAA20,False,False,False,False
2019:9020,2019,LAPAN,Aqua,False,True,True,False
2019:9034,2019,LAPAN,Aqua,False,False,False,False
2019:9035,2019,ASMC,NOAA20,False,True,False,False
2019:9036,2019,ASMC,NOAA20,False,True,False,False
2019:9037,2019,LAPAN,Aqua,False,False,True,False
2019:9040,2019,LAPAN,Aqua,False,True,True,False
2019:9041,2019,LAPAN,Aqua,False,True,True,False
2019:9043,2019,LAPAN,Aqua,False,False,True,False
2019:9045,2019,ASMC,NOAA20,False,True,False,False
2019:9046,2019,LAPAN,Aqua,False,False,True,False
2019:9049,2019,LAPAN,Aqua,False,False,True,False
2019:9050,2019,LAPAN,Aqua,False,False,True,False
2019:9052,2019,LAPAN,Aqua,False,False,True,False
2019:9055,2019,LAPAN,Aqua,False,False,True,False
2019:9058,2019,LAPAN,Aqua,False,False,True,False
2019:9059,2019,ASMC,NOAA20,False,False,False,False
2019:9060,2019,ASMC,NOAA20,False,True,False,False
2019:9062,2019,LAPAN,Aqua,False,False,True,False
2019:9064,2019,LAPAN,Aqua,False,False,True,False
2019:9067,2019,LAPAN,Aqua,False,False,True,False
2019:9069,2019,LAPAN,Aqua,False,False,True,False
2019:9070,2019,LAPAN,Aqua,False,False,True,False
2019:9072,2019,LAPAN,Aqua,False,False,True,False
2019:9074,2019,LAPAN,Aqua,False,False,False,False
2019:9077,2019,LAPAN,Aqua,False,False,True,False
2019:9079,2019,LAPAN,Aqua,False,True,True,False
2019:9080,2019,LAPAN,Aqua,False,True,True,False
2019:9086,2019,LAPAN,Aqua,False,True,True,False
2019:9091,2019,LAPAN,Aqua,False,False,True,False
2019:9093,2019,LAPAN,Aqua,False,True,True,False
2019:9095,2019,LAPAN,Aqua,False,False,True,False
2019:9097,2019,LAPAN,Aqua,False,False,True,False
2019:9103,2019,LAPAN,Aqua,False,True,True,False
2019:9104,2019,LAPAN,Aqua,False,True,True,False
2019:9106,2019,LAPAN,Aqua,False,False,True,False
2019:9107,2019,LAPAN,Aqua,False,False,True,False
2019:9108,2019,LAPAN,Aqua,False,True,False,False
2019:9115,2019,ASMC,NOAA20,False,True,False,False
2019:9117,2019,LAPAN,Aqua,False,False,True,False
2019:9118,2019,LAPAN,Aqua,False,False,True,False
2019:9122,2019,LAPAN,Aqua,False,False,True,False
2019:9126,2019,LAPAN,Aqua,False,False,True,False
2019:9127,2019,LAPAN,Aqua,False,False,True,False
2019:9129,2019,LAPAN,Aqua,False,False,True,False
2019:9130,2019,LAPAN,Aqua,False,False,True,False
2019:9133,2019,LAPAN,Aqua,False,False,True,False
2019:9134,2019,LAPAN,Aqua,False,True,True,False
2019:9135,2019,ASMC,NOAA20,False,True,False,False
2019:9140,2019,ASMC,NOAA20,False,True,False,False
2019:9141,2019,LAPAN,Aqua,False,True,False,False
2019:9142,2019,LAPAN,Aqua,False,True,True,False
2019:9148,2019,LAPAN,Aqua,False,False,True,False
2019:9153,2019,LAPAN,Aqua,False,False,True,False
2019:9158,2019,LAPAN,Aqua,False,True,True,False
2019:9159,2019,LAPAN,Aqua,False,True,True,False
2019:9161,2019,LAPAN,Aqua,False,True,True,False
2019:9165,2019,LAPAN,Aqua,False,True,True,False
2019:9166,2019,LAPAN,Aqua,False,True,True,False
2019:9167,2019,ASMC,NOAA20,False,True,False,False
2019:9173,2019,LAPAN,Aqua,False,True,True,False
2019:9174,2019,LAPAN,Aqua,False,False,True,False
2019:9177,2019,LAPAN,Aqua,False,True,True,False
2019:9178,2019,LAPAN,Aqua,False,True,True,False
2019:9181,2019,LAPAN,Aqua,False,False,True,False
2019:9182,2019,LAPAN,Aqua,False,False,True,False
2019:9183,2019,LAPAN,Aqua,False,False,False,False
2019:9185,2019,LAPAN,Aqua,False,False,True,False
2019:9191,2019,LAPAN,Aqua,False,False,True,False
2019:9195,2019,LAPAN,Aqua,False,True,True,False
2019:9199,2019,LAPAN,Aqua,False,True,False,False
2019:9201,2019,LAPAN,Aqua,False,False,False,False
2019:9202,2019,LAPAN,Aqua,False,True,True,False
2019:9206,2019,LAPAN,Aqua,False,True,True,False
2019:9214,2019,LAPAN,Aqua,False,True,True,False
2019:9215,2019,LAPAN,Aqua,False,True,True,False
2019:9217,2019,LAPAN,Aqua,False,False,True,False
2019:9223,2019,LAPAN,Aqua,False,False,True,False
2019:9230,2019,LAPAN,Aqua,False,False,False,False
2019:9232,2019,LAPAN,Aqua,False,False,False,False
2019:9236,2019,ASMC,NOAA20,False,False,False,False
2019:9237,2019,LAPAN,Aqua,False,True,True,False
2019:9238,2019,LAPAN,Aqua,False,False,True,False
2019:9240,2019,LAPAN,SNPP,False,False,True,False
2019:9241,2019,LAPAN,SNPP,False,False,True,False
2019:9242,2019,LAPAN,SNPP,False,False,True,False
2019:9265,2019,LAPAN,Terra,False,False,False,False
2019:9266,2019,LAPAN,Terra,False,False,False,False
2019:9267,2019,LAPAN,Terra,False,False,False,False
2019:9268,2019,LAPAN,Terra,False,False,False,False
2019:9269,2019,LAPAN,Terra,False,False,False,False
2019:9270,2019,LAPAN,Terra,False,False,False,False
2019:9271,2019,LAPAN,Terra,False,False,False,False
2019:9272,2019,LAPAN,Terra,False,False,False,False
2019:9273,2019,LAPAN,Terra,False,False,False,False
2019:9274,2019,LAPAN,Terra,False,False,False,False
2019:9275,2019,LAPAN,Terra,False,False,False,False
2019:9276,2019,LAPAN,Terra,False,False,False,False
2019:9277,2019,LAPAN,Terra,False,False,False,False
2019:9278,2019,LAPAN,Terra,False,False,False,False
2019:9279,2019,LAPAN,Aqua,False,False,False,False
2019:9285,2019,LAPAN,SNPP,False,False,False,False
2019:9286,2019,ASMC,NOAA20,False,False,False,False
2019:9287,2019,ASMC,NOAA20,False,False,False,False
2019:9288,2019,ASMC,NOAA20,False,False,False,False
2019:9292,2019,ASMC,NOAA20,False,True,False,False
2019:9293,2019,ASMC,NOAA20,False,True,False,False
2019:9294,2019,LAPAN,SNPP,False,False,False,False
2019:9295,2019,ASMC,NOAA20,False,True,False,False
2019:9296,2019,LAPAN,SNPP,False,False,False,False
2019:9297,2019,LAPAN,SNPP,False,False,False,False
2019:9298,2019,ASMC,NOAA20,False,False,False,False
2019:9299,2019,LAPAN,SNPP,False,False,False,False
2019:9301,2019,LAPAN,SNPP,False,False,False,False
2019:9302,2019,ASMC,NOAA20,False,False,False,False
2019:9303,2019,LAPAN,SNPP,False,False,False,False
2019:9304,2019,ASMC,NOAA20,False,False,False,False
2019:9305,2019,LAPAN,SNPP,False,False,True,False
2019:9306,2019,ASMC,NOAA20,False,False,False,False
2019:9307,2019,ASMC,NOAA20,False,False,False,False
2019:9308,2019,ASMC,NOAA20,False,False,False,False
2019:9310,2019,LAPAN,SNPP,False,False,False,False
2019:9311,2019,ASMC,NOAA20,False,False,False,False
2019:9312,2019,LAPAN,SNPP,False,False,False,False
2019:9313,2019,ASMC,NOAA20,False,False,False,False
2019:9314,2019,LAPAN,SNPP,False,False,True,False
2019:9316,2019,ASMC,NOAA20,False,True,False,False
2019:9317,2019,LAPAN,SNPP,False,False,False,False
2019:9318,2019,ASMC,NOAA20,False,False,False,False
2019:9319,2019,LAPAN,SNPP,False,False,False,False
2019:9320,2019,LAPAN,SNPP,False,False,False,False
2019:9321,2019,ASMC,NOAA20,False,False,False,False
2019:9322,2019,ASMC,NOAA20,False,False,False,False
2019:9323,2019,ASMC,NOAA20,False,True,False,False
2019:9324,2019,LAPAN,SNPP,False,False,False,False
2019:9325,2019,LAPAN,SNPP,False,False,False,False
2019:9326,2019,LAPAN,SNPP,False,False,False,False
2019:9327,2019,LAPAN,SNPP,False,False,False,False
2019:9329,2019,ASMC,NOAA20,False,False,False,False
2019:9330,2019,ASMC,NOAA20,False,False,False,False
2019:9331,2019,LAPAN,SNPP,False,False,False,False
2019:9333,2019,LAPAN,SNPP,False,False,True,False
2019:9336,2019,LAPAN,SNPP,False,False,False,False
2019:9337,2019,LAPAN,SNPP,False,False,True,False
2019:9340,2019,LAPAN,SNPP,False,False,True,False
2019:9341,2019,LAPAN,SNPP,False,False,True,False
2019:9342,2019,ASMC,NOAA20,False,False,False,False
2019:9343,2019,ASMC,NOAA20,False,False,False,False
2019:9345,2019,ASMC,NOAA20,False,False,False,False
2019:9347,2019,LAPAN,SNPP,False,False,True,False
2019:9349,2019,LAPAN,SNPP,False,False,True,False
2019:9350,2019,LAPAN,SNPP,False,False,False,False
2019:9351,2019,ASMC,NOAA20,False,False,False,False
2019:9352,2019,ASMC,NOAA20,False,True,False,False
2019:9353,2019,LAPAN,SNPP,False,False,False,False
2019:9354,2019,ASMC,NOAA20,False,False,False,False
2019:9355,2019,ASMC,NOAA20,False,False,False,False
2019:9356,2019,LAPAN,SNPP,False,False,False,False
2019:9357,2019,LAPAN,SNPP,False,False,False,False
2019:9358,2019,LAPAN,SNPP,False,False,False,False
2019:9359,2019,ASMC,NOAA20,False,False,False,False
2019:9360,2019,LAPAN,SNPP,False,False,False,False
2019:9361,2019,ASMC,NOAA20,False,False,False,False
2019:9362,2019,LAPAN,SNPP,False,False,False,False
2019:9364,2019,LAPAN,SNPP,False,False,True,False
2019:9365,2019,LAPAN,SNPP,False,False,False,False
2019:9366,2019,ASMC,NOAA20,False,False,False,False
2019:9367,2019,LAPAN,SNPP,False,False,False,False
2019:9368,2019,LAPAN,SNPP,False,False,True,False
2019:9369,2019,ASMC,NOAA20,False,False,False,False
2019:9370,2019,ASMC,NOAA20,False,False,False,False
2019:9371,2019,LAPAN,SNPP,False,False,False,False
2019:9372,2019,ASMC,NOAA20,False,False,False,False
2019:9373,2019,LAPAN,SNPP,False,False,False,False
2019:9375,2019,ASMC,NOAA20,False,False,False,False
2019:9377,2019,LAPAN,SNPP,False,False,False,False
2019:9378,2019,ASMC,NOAA20,False,False,False,False
2019:9379,2019,ASMC,NOAA20,False,True,False,False
2019:9380,2019,ASMC,NOAA20,False,False,False,False
2019:9381,2019,LAPAN,SNPP,False,False,False,False
2019:9382,2019,LAPAN,SNPP,False,False,False,False
2019:9383,2019,LAPAN,SNPP,False,False,False,False
2019:9384,2019,LAPAN,SNPP,False,False,False,False
2019:9386,2019,ASMC,NOAA20,False,True,False,False
2019:9387,2019,ASMC,NOAA20,False,True,False,False
2019:9388,2019,ASMC,NOAA20,False,False,False,False
2019:9389,2019,ASMC,NOAA20,False,True,False,False
2019:9390,2019,LAPAN,SNPP,False,False,False,False
2019:9391,2019,LAPAN,SNPP,False,False,True,False
2019:9392,2019,ASMC,NOAA20,False,False,False,False
2019:9393,2019,LAPAN,SNPP,False,False,True,False
2019:9394,2019,LAPAN,SNPP,False,False,False,False
2019:9395,2019,ASMC,NOAA20,False,True,False,False
2019:9396,2019,ASMC,NOAA20,False,False,False,False
2019:9398,2019,LAPAN,SNPP,False,False,True,False
2019:9399,2019,LAPAN,SNPP,False,False,True,False
2019:9400,2019,LAPAN,SNPP,False,False,True,False
2019:9401,2019,LAPAN,SNPP,False,False,False,False
2019:9404,2019,ASMC,NOAA20,False,True,False,False
2019:9405,2019,ASMC,NOAA20,False,False,False,False
2019:9406,2019,LAPAN,SNPP,False,False,True,False
2019:9407,2019,ASMC,NOAA20,False,True,False,False
2019:9408,2019,LAPAN,SNPP,False,False,False,False
2019:9409,2019,ASMC,NOAA20,False,False,False,False
2019:9410,2019,ASMC,NOAA20,False,False,False,False
2019:9411,2019,ASMC,NOAA20,False,True,False,False
2019:9412,2019,ASMC,NOAA20,False,False,False,False
2019:9413,2019,LAPAN,SNPP,False,False,False,False
2019:9414,2019,LAPAN,SNPP,False,False,False,False
2019:9415,2019,LAPAN,SNPP,False,False,True,False
2019:9416,2019,ASMC,NOAA20,False,False,False,False
2019:9417,2019,LAPAN,SNPP,False,False,False,False
2019:9418,2019,ASMC,NOAA20,False,False,False,False
2019:9419,2019,LAPAN,SNPP,False,False,True,False
2019:9420,2019,ASMC,NOAA20,False,True,False,False
2019:9421,2019,LAPAN,SNPP,False,False,False,False
2019:9422,2019,LAPAN,SNPP,False,False,False,False
2019:9423,2019,LAPAN,SNPP,False,False,False,False
2019:9424,2019,ASMC,NOAA20,False,True,False,False
2019:9426,2019,ASMC,NOAA20,False,False,False,False
2019:9427,2019,LAPAN,SNPP,False,False,False,False
2019:9429,2019,ASMC,NOAA20,False,True,False,False
2019:9487,2019,LAPAN,Aqua,False,True,True,False
2019:9490,2019,LAPAN,Aqua,False,True,True,False
2019:9508,2019,LAPAN,Aqua,False,True,True,False
2019:9554,2019,LAPAN,SNPP,False,False,True,False
2019:9561,2019,LAPAN,SNPP,False,False,True,False
2019:9563,2019,LAPAN,SNPP,False,False,True,False
2019:9564,2019,LAPAN,SNPP,False,False,True,False
2019:9565,2019,LAPAN,SNPP,False,False,True,False
2019:9566,2019,LAPAN,SNPP,False,False,True,False
2019:9570,2019,LAPAN,SNPP,False,False,True,False
2019:9571,2019,LAPAN,SNPP,False,False,True,False
2019:9572,2019,ASMC,NOAA20,False,True,False,False
2019:9573,2019,LAPAN,SNPP,False,False,False,False
2019:9575,2019,LAPAN,SNPP,False,False,False,False
2019:9576,2019,LAPAN,SNPP,False,False,False,False
2019:9579,2019,LAPAN,SNPP,False,False,True,False
2019:9581,2019,LAPAN,SNPP,False,False,True,False
2019:9583,2019,LAPAN,SNPP,False,False,True,False
2019:9585,2019,LAPAN,SNPP,False,False,True,False
2019:9586,2019,ASMC,NOAA20,False,True,False,False
2019:9588,2019,ASMC,NOAA20,False,True,False,False
2019:9590,2019,LAPAN,SNPP,False,False,False,False
2019:9591,2019,LAPAN,SNPP,False,False,True,False
2019:9592,2019,LAPAN,SNPP,False,False,True,False
2019:9594,2019,LAPAN,SNPP,False,False,True,False
2019:9595,2019,ASMC,NOAA20,False,True,False,False
2019:9596,2019,LAPAN,SNPP,False,False,True,False
2019:9598,2019,LAPAN,SNPP,False,False,False,False
2019:9599,2019,ASMC,NOAA20,False,False,False,False
2019:9600,2019,ASMC,NOAA20,False,True,False,False
2019:9601,2019,ASMC,NOAA20,False,True,False,False
2019:9602,2019,LAPAN,SNPP,False,False,False,False
2019:9603,2019,LAPAN,SNPP,False,False,True,False
2019:9605,2019,LAPAN,SNPP,False,False,True,False
2019:9608,2019,LAPAN,SNPP,False,False,True,False
2019:9609,2019,ASMC,NOAA20,False,False,False,False
2019:9610,2019,LAPAN,SNPP,False,False,True,False
2019:9611,2019,LAPAN,SNPP,False,False,True,False
2019:9613,2019,ASMC,NOAA20,False,False,False,False
2019:9614,2019,LAPAN,SNPP,False,False,True,False
2019:9615,2019,LAPAN,SNPP,False,False,True,False
2019:9618,2019,LAPAN,SNPP,False,False,False,False
2019:9622,2019,LAPAN,SNPP,False,False,True,False
2019:9624,2019,LAPAN,SNPP,False,False,True,False
2019:9625,2019,ASMC,NOAA20,False,True,False,False
2019:9628,2019,ASMC,NOAA20,False,True,False,False
2019:9631,2019,LAPAN,SNPP,False,False,True,False
2019:9635,2019,LAPAN,SNPP,False,False,False,False
2019:9638,2019,LAPAN,SNPP,False,False,False,False
2019:9639,2019,ASMC,NOAA20,False,True,False,False
2019:9640,2019,LAPAN,SNPP,False,False,True,False
2019:9643,2019,LAPAN,SNPP,False,False,False,False
2019:9644,2019,LAPAN,SNPP,False,False,True,False
2019:9647,2019,LAPAN,SNPP,False,False,True,False
2019:9648,2019,LAPAN,SNPP,False,False,True,False
2019:9650,2019,LAPAN,SNPP,False,False,True,False
2019:9651,2019,LAPAN,SNPP,False,False,False,False
2019:9652,2019,LAPAN,SNPP,False,False,False,False
2019:9654,2019,ASMC,NOAA20,False,True,False,False
2019:9655,2019,ASMC,NOAA20,False,True,False,False
2019:9656,2019,ASMC,NOAA20,False,True,False,False
2019:9657,2019,LAPAN,SNPP,False,False,True,False
2019:9658,2019,LAPAN,SNPP,False,False,False,False
2019:9659,2019,LAPAN,SNPP,False,False,False,False
2019:9660,2019,LAPAN,SNPP,False,False,True,False
2019:9662,2019,ASMC,NOAA20,False,True,False,False
2019:9664,2019,ASMC,NOAA20,False,True,False,False
2019:9665,2019,LAPAN,SNPP,False,False,True,False
2019:9668,2019,LAPAN,SNPP,False,False,True,False
2019:9669,2019,ASMC,NOAA20,False,True,False,False
2019:9671,2019,LAPAN,SNPP,False,False,True,False
2019:9674,2019,LAPAN,SNPP,False,False,False,False
2019:9675,2019,LAPAN,SNPP,False,False,True,False
2019:9676,2019,LAPAN,SNPP,False,False,True,False
2019:9677,2019,LAPAN,SNPP,False,False,False,False
2019:9678,2019,ASMC,NOAA20,False,True,False,False
2019:9679,2019,LAPAN,SNPP,False,False,False,False
2019:9680,2019,LAPAN,SNPP,False,False,True,False
2019:9682,2019,LAPAN,SNPP,False,False,True,False
2019:9683,2019,ASMC,NOAA20,False,True,False,False
2019:9685,2019,ASMC,NOAA20,False,True,False,False
2019:9687,2019,LAPAN,SNPP,False,False,True,False
2019:9690,2019,LAPAN,SNPP,False,False,True,False
2019:9691,2019,LAPAN,SNPP,False,False,True,False
2019:9696,2019,LAPAN,SNPP,False,False,True,False
2019:9700,2019,LAPAN,SNPP,False,False,True,False
2019:9701,2019,LAPAN,SNPP,False,False,True,False
2019:9702,2019,LAPAN,SNPP,False,False,True,False
2019:9703,2019,ASMC,NOAA20,False,True,False,False
2019:9705,2019,LAPAN,SNPP,False,False,True,False
2019:9706,2019,LAPAN,SNPP,False,False,False,False
2019:9763,2019,LAPAN,SNPP,False,True,False,False
2019:9784,2019,LAPAN,SNPP,False,True,True,False
2019:9794,2019,LAPAN,Aqua,False,False,True,False
2019:9894,2019,LAPAN,Terra,False,False,False,False
2019:9895,2019,LAPAN,Terra,False,False,False,False
2019:9896,2019,LAPAN,Terra,False,False,False,False
2019:9897,2019,LAPAN,Terra,False,False,False,False
2019:9898,2019,LAPAN,Terra,False,False,False,False
2019:9899,2019,LAPAN,Terra,False,False,False,False
2019:9900,2019,LAPAN,Terra,False,False,False,False
2019:9901,2019,LAPAN,Terra,False,False,False,False
2019:9902,2019,LAPAN,Terra,False,False,False,False
2019:9903,2019,LAPAN,Terra,False,False,False,False
2019:9904,2019,LAPAN,Terra,False,False,False,False
2019:9905,2019,LAPAN,Terra,False,False,False,False
2019:9906,2019,LAPAN,Terra,False,False,False,False
2019:9907,2019,LAPAN,Terra,False,False,False,False
2019:9908,2019,LAPAN,Terra,False,False,False,False
2019:9926,2019,LAPAN,SNPP,False,False,True,True
2019:9927,2019,LAPAN,SNPP,False,False,True,True
2019:9928,2019,LAPAN,SNPP,False,False,True,True
2019:9929,2019,LAPAN,SNPP,False,False,True,True
2019:9930,2019,LAPAN,SNPP,False,False,True,True
2019:9931,2019,LAPAN,SNPP,False,False,True,True
2019:9932,2019,LAPAN,SNPP,False,False,True,True
2019:9933,2019,LAPAN,SNPP,False,False,True,True
2019:9934,2019,LAPAN,SNPP,False,False,True,True
2019:9935,2019,LAPAN,SNPP,False,False,True,True
2019:9936,2019,LAPAN,SNPP,False,False,True,True
2019:9937,2019,LAPAN,SNPP,False,False,True,True
2019:9938,2019,LAPAN,SNPP,False,False,True,True
2019:9939,2019,LAPAN,SNPP,False,False,True,True
2019:9940,2019,LAPAN,SNPP,False,False,True,True
2019:9941,2019,LAPAN,SNPP,False,False,True,True
2019:9942,2019,LAPAN,SNPP,False,False,True,True
2019:9943,2019,LAPAN,SNPP,False,False,True,True
2019:9944,2019,LAPAN,SNPP,False,False,True,True
2019:9945,2019,LAPAN,SNPP,False,False,True,True
2019:9946,2019,LAPAN,SNPP,False,False,True,True
2019:9947,2019,LAPAN,SNPP,False,False,True,True
2019:9948,2019,LAPAN,SNPP,False,False,True,True
2019:9949,2019,LAPAN,SNPP,False,False,True,True
2019:9950,2019,LAPAN,SNPP,False,False,True,True
2019:9951,2019,LAPAN,SNPP,False,False,True,True
2019:9956,2019,LAPAN,Aqua,False,False,True,False
2019:9957,2019,LAPAN,Aqua,False,False,False,False
2019:9958,2019,LAPAN,Aqua,False,False,True,False
2019:9959,2019,LAPAN,Aqua,False,False,False,False
2019:9960,2019,ASMC,NOAA20,False,True,False,False
2019:9963,2019,LAPAN,Aqua,False,False,True,False
2019:9964,2019,LAPAN,Aqua,False,False,True,False
2019:9965,2019,LAPAN,Aqua,False,False,True,False
2019:9966,2019,LAPAN,Aqua,False,False,True,False
2019:9969,2019,LAPAN,Aqua,False,False,True,False
2019:9972,2019,LAPAN,Aqua,False,False,True,False
2019:9975,2019,LAPAN,Aqua,False,False,True,False
2019:9978,2019,ASMC,NOAA20,False,True,False,False
2019:9979,2019,ASMC,NOAA20,False,True,False,False
2019:9980,2019,LAPAN,Aqua,False,False,False,False
2019:9982,2019,LAPAN,Aqua,False,False,True,False
2019:9984,2019,LAPAN,Aqua,False,False,True,False
2019:9986,2019,LAPAN,Aqua,False,False,True,False
2019:9988,2019,ASMC,NOAA20,False,True,False,False
2019:9989,2019,ASMC,NOAA20,False,True,False,False
2019:9990,2019,LAPAN,Aqua,False,False,True,False
2019:9991,2019,LAPAN,Aqua,False,False,False,False
2019:9993,2019,LAPAN,Aqua,False,False,False,False
2019:9995,2019,LAPAN,Aqua,False,False,False,False
2019:9998,2019,ASMC,NOAA20,False,True,False,False
2019:9999,2019,LAPAN,Aqua,False,False,True,False
2019:10000,2019,ASMC,NOAA20,False,True,False,False
2019:10001,2019,LAPAN,Aqua,False,False,True,False
2019:10002,2019,ASMC,NOAA20,False,True,False,False
2019:10004,2019,LAPAN,Aqua,False,False,True,False
2019:10007,2019,LAPAN,Aqua,False,False,False,False
2019:10009,2019,ASMC,NOAA20,False,True,False,False
2019:10010,2019,LAPAN,Aqua,False,False,False,False
2019:10011,2019,LAPAN,Aqua,False,False,True,False
2019:10015,2019,LAPAN,Aqua,False,False,True,False
2019:10016,2019,LAPAN,Aqua,False,False,True,False
2019:10018,2019,ASMC,NOAA20,False,True,False,False
2019:10019,2019,LAPAN,Aqua,False,False,True,False
2019:10022,2019,LAPAN,SNPP,False,True,False,False
2019:10023,2019,LAPAN,SNPP,False,False,False,False
2019:10024,2019,LAPAN,SNPP,False,False,False,False
2019:10025,2019,LAPAN,SNPP,False,False,False,False
2019:10057,2019,LAPAN,SNPP,False,False,False,False
2019:10058,2019,LAPAN,SNPP,False,False,False,False
2019:10059,2019,LAPAN,SNPP,False,True,False,False
2019:10060,2019,LAPAN,SNPP,False,True,False,False
2019:10061,2019,LAPAN,SNPP,False,True,False,False
2019:10062,2019,LAPAN,SNPP,False,True,False,False
2019:10072,2019,LAPAN,SNPP,False,False,False,False
2019:10085,2019,LAPAN,SNPP,False,True,False,False
2019:10114,2019,LAPAN,SNPP,False,False,False,False
2019:10138,2019,LAPAN,SNPP,False,False,False,False
2019:10139,2019,LAPAN,SNPP,False,False,False,False
2019:10142,2019,LAPAN,SNPP,False,True,False,False
2019:10148,2019,LAPAN,SNPP,False,True,False,False
2019:10151,2019,LAPAN,SNPP,False,True,False,False
2019:10171,2019,LAPAN,SNPP,False,False,False,False
2019:10172,2019,LAPAN,SNPP,False,True,False,False
2019:10173,2019,LAPAN,SNPP,False,False,False,False
2019:10185,2019,ASMC,NOAA20,False,True,False,False
2019:10186,2019,ASMC,NOAA20,False,True,False,False
2019:10190,2019,ASMC,NOAA20,False,True,False,False
2019:10192,2019,ASMC,NOAA20,False,True,False,False
2019:10197,2019,ASMC,NOAA20,False,True,False,False
2019:10199,2019,ASMC,NOAA20,False,False,False,False
2019:10201,2019,ASMC,NOAA20,False,False,False,False
2019:10202,2019,ASMC,NOAA20,False,True,False,False
2019:10208,2019,ASMC,NOAA20,False,True,False,False
2019:10209,2019,ASMC,NOAA20,False,False,False,False
2019:10236,2019,LAPAN,Terra,False,True,False,False
2019:10239,2019,LAPAN,Terra,False,False,False,False
2019:10262,2019,LAPAN,SNPP,False,True,False,False
2019:10265,2019,LAPAN,SNPP,False,False,True,True
2019:10266,2019,LAPAN,SNPP,False,False,True,True
2019:10267,2019,LAPAN,SNPP,False,False,True,True
2019:10268,2019,LAPAN,SNPP,False,False,True,True
2019:10269,2019,LAPAN,SNPP,False,False,True,True
2019:10270,2019,LAPAN,SNPP,False,False,True,True
2019:10271,2019,LAPAN,SNPP,False,False,True,False
2019:10274,2019,LAPAN,SNPP,False,False,True,False
2019:10275,2019,LAPAN,SNPP,False,False,True,True
2019:10276,2019,LAPAN,SNPP,False,False,True,False
2019:10280,2019,LAPAN,SNPP,False,False,True,True
2019:10281,2019,LAPAN,SNPP,False,False,True,False
2019:10282,2019,LAPAN,SNPP,False,False,True,False
2019:10283,2019,LAPAN,SNPP,False,False,True,False
2019:10284,2019,LAPAN,SNPP,False,False,True,False
2019:10285,2019,LAPAN,SNPP,False,False,True,False
2019:10292,2019,LAPAN,Aqua,False,True,True,False
2019:10295,2019,LAPAN,Aqua,False,False,False,False
2019:10296,2019,LAPAN,SNPP,False,False,True,True
2019:10298,2019,LAPAN,SNPP,False,False,True,False
2019:10299,2019,LAPAN,SNPP,False,False,True,False
2019:10300,2019,LAPAN,SNPP,False,False,True,False
2019:10302,2019,LAPAN,SNPP,False,False,True,False
2019:10303,2019,LAPAN,SNPP,False,False,True,True
2019:10306,2019,LAPAN,SNPP,False,False,True,True
2019:10308,2019,LAPAN,SNPP,False,False,True,True
2019:10310,2019,LAPAN,SNPP,False,False,True,False
2019:10311,2019,LAPAN,SNPP,False,False,True,False
2019:10312,2019,LAPAN,SNPP,False,False,True,True
2019:10313,2019,LAPAN,SNPP,False,False,True,False
2019:10315,2019,LAPAN,SNPP,False,False,True,True
2019:10320,2019,LAPAN,SNPP,False,False,True,True
2019:10321,2019,LAPAN,SNPP,False,False,True,True
2019:10326,2019,LAPAN,SNPP,False,False,True,True
2019:10327,2019,LAPAN,SNPP,False,False,True,True
2019:10328,2019,LAPAN,SNPP,False,False,True,True
2019:10337,2019,LAPAN,Terra,False,True,False,False
2019:10351,2019,LAPAN,Terra,False,False,False,False
2019:10353,2019,LAPAN,Terra,False,True,False,False
2019:10367,2019,LAPAN,Terra,False,True,False,False
2019:10370,2019,LAPAN,Terra,False,True,False,False
2019:10372,2019,LAPAN,Terra,False,False,False,False
2019:10382,2019,LAPAN,Terra,False,False,False,False
2019:10383,2019,LAPAN,Terra,False,True,False,False
2019:10386,2019,LAPAN,Terra,False,True,False,False
2019:10397,2019,LAPAN,Terra,False,True,False,False
2019:10411,2019,LAPAN,SNPP,False,True,True,False
2019:10419,2019,ASMC,NOAA20,False,True,False,False
2019:10422,2019,LAPAN,SNPP,False,True,True,False
2019:10423,2019,LAPAN,SNPP,False,True,True,False
2019:10424,2019,LAPAN,SNPP,False,False,False,False
2019:10428,2019,LAPAN,SNPP,False,False,True,False
2019:10429,2019,LAPAN,Aqua,False,True,True,False
2019:10431,2019,LAPAN,Aqua,False,True,True,False
2019:10432,2019,LAPAN,SNPP,False,False,True,False
2019:10433,2019,ASMC,NOAA20,False,True,True,False
2019:10438,2019,ASMC,NOAA20,False,True,True,False
2019:10444,2019,LAPAN,Aqua,False,False,True,False
2019:10450,2019,ASMC,NOAA20,False,True,True,False
2019:10453,2019,LAPAN,Aqua,False,True,True,False
2019:10460,2019,LAPAN,SNPP,False,False,True,False
2019:10463,2019,LAPAN,Aqua,False,True,True,False
2019:10465,2019,LAPAN,SNPP,False,False,False,False
2019:10467,2019,LAPAN,SNPP,False,False,False,False
2019:10468,2019,LAPAN,SNPP,False,False,False,False
2019:10471,2019,LAPAN,SNPP,False,True,True,False
2019:10480,2019,LAPAN,SNPP,False,False,True,False
2019:10487,2019,LAPAN,Aqua,False,True,True,False
2019:10492,2019,LAPAN,SNPP,False,True,True,False
2019:10497,2019,LAPAN,SNPP,False,False,True,False
2019:10500,2019,LAPAN,Aqua,False,True,True,False
2019:10508,2019,LAPAN,SNPP,False,False,True,False
2019:10509,2019,LAPAN,Aqua,False,True,True,False
2019:10510,2019,ASMC,NOAA20,False,True,True,False
2019:10518,2019,LAPAN,SNPP,False,False,True,False
2019:10519,2019,LAPAN,SNPP,False,False,False,False
2019:10520,2019,LAPAN,SNPP,False,True,False,False
2019:10524,2019,LAPAN,Aqua,False,True,True,False
2019:10525,2019,LAPAN,SNPP,False,True,True,False
2019:10526,2019,LAPAN,SNPP,False,False,True,False
2019:10527,2019,ASMC,NOAA20,False,True,False,False
2019:10536,2019,LAPAN,Aqua,False,False,True,False
2019:10542,2019,LAPAN,SNPP,False,False,True,False
2019:10551,2019,ASMC,NOAA20,False,True,False,False
2019:10557,2019,LAPAN,Aqua,False,True,False,False
2019:10558,2019,LAPAN,Aqua,False,False,False,False
2019:10559,2019,LAPAN,SNPP,False,False,True,False
2019:10564,2019,LAPAN,Aqua,False,False,True,False
2019:10574,2019,ASMC,NOAA20,False,True,False,False
2019:10577,2019,LAPAN,SNPP,False,True,True,False
2019:10581,2019,LAPAN,Aqua,False,True,True,False
2019:10583,2019,LAPAN,SNPP,False,True,True,False
2019:10584,2019,ASMC,NOAA20,False,True,True,False
2019:10596,2019,LAPAN,SNPP,False,False,False,False
2019:10599,2019,LAPAN,Aqua,False,True,False,False
2019:10602,2019,LAPAN,SNPP,False,False,False,False
2019:10604,2019,LAPAN,Aqua,False,True,True,False
2019:10613,2019,LAPAN,Aqua,False,True,True,False
2019:10614,2019,LAPAN,SNPP,False,True,True,False
2019:10630,2019,LAPAN,Aqua,False,False,True,False
2019:10631,2019,LAPAN,Aqua,False,False,True,False
2019:10632,2019,LAPAN,Aqua,False,False,True,False
2019:10633,2019,LAPAN,Aqua,False,False,True,False
2019:10634,2019,LAPAN,Aqua,False,False,True,False
2019:10635,2019,LAPAN,Aqua,False,False,True,False
2019:10636,2019,LAPAN,Aqua,False,False,True,False
2019:10637,2019,LAPAN,Aqua,False,False,True,False
2019:10638,2019,LAPAN,Aqua,False,False,True,False
2019:10639,2019,LAPAN,Aqua,False,False,True,False
2019:10640,2019,LAPAN,Aqua,False,False,True,False
2019:10641,2019,LAPAN,Aqua,False,False,True,False
2019:10642,2019,LAPAN,Aqua,False,False,True,False
2019:10643,2019,LAPAN,Aqua,False,False,True,False
2019:10700,2019,LAPAN,SNPP,False,True,False,False
2019:10708,2019,LAPAN,SNPP,False,False,True,False
2019:10709,2019,LAPAN,SNPP,False,False,True,False
2019:10710,2019,LAPAN,SNPP,False,False,True,False
2019:10711,2019,LAPAN,SNPP,False,False,True,True
2019:10716,2019,LAPAN,SNPP,False,False,True,True
2019:10718,2019,LAPAN,SNPP,False,False,True,False
2019:10720,2019,ASMC,NOAA20,False,True,False,False
2019:10721,2019,LAPAN,SNPP,False,False,True,False
2019:10725,2019,LAPAN,SNPP,False,False,True,False
2019:10729,2019,ASMC,NOAA20,False,True,False,False
2019:10733,2019,LAPAN,SNPP,False,False,False,False
2019:10734,2019,LAPAN,SNPP,False,False,True,False
2019:10735,2019,LAPAN,SNPP,False,False,True,False
2019:10736,2019,LAPAN,SNPP,False,False,False,False
2019:10738,2019,LAPAN,SNPP,False,False,False,False
2019:10745,2019,LAPAN,SNPP,False,False,True,False
2019:10746,2019,LAPAN,SNPP,False,False,True,False
2019:10747,2019,LAPAN,SNPP,False,False,True,False
2019:10748,2019,LAPAN,SNPP,False,False,True,False
2019:10749,2019,LAPAN,SNPP,False,False,True,False
2019:10750,2019,LAPAN,SNPP,False,False,True,False
2019:10752,2019,LAPAN,SNPP,False,False,True,True
2019:10756,2019,LAPAN,SNPP,False,False,True,True
2019:10758,2019,LAPAN,SNPP,False,False,True,False
2019:10763,2019,LAPAN,SNPP,False,False,True,False
2019:10764,2019,LAPAN,SNPP,False,False,True,False
2019:10778,2019,LAPAN,SNPP,False,False,True,False
2019:10780,2019,LAPAN,SNPP,False,False,True,False
2019:10781,2019,LAPAN,SNPP,False,False,False,False
2019:10783,2019,LAPAN,SNPP,False,False,True,True
2019:10784,2019,LAPAN,SNPP,False,False,True,False
2019:10790,2019,LAPAN,SNPP,False,False,True,False
2019:10791,2019,LAPAN,SNPP,False,False,True,False
2019:10793,2019,LAPAN,SNPP,False,False,True,False
2019:10796,2019,ASMC,NOAA20,False,True,False,False
2019:10797,2019,ASMC,NOAA20,False,True,False,False
2019:10798,2019,LAPAN,SNPP,False,False,True,False
2019:10800,2019,LAPAN,SNPP,False,False,True,False
2019:10802,2019,ASMC,NOAA20,False,True,False,False
2019:10803,2019,LAPAN,SNPP,False,False,True,False
2019:10806,2019,LAPAN,SNPP,False,False,True,False
2019:10809,2019,LAPAN,SNPP,False,False,True,False
2019:10810,2019,LAPAN,SNPP,False,False,True,False
2019:10812,2019,LAPAN,SNPP,False,False,True,False
2019:10817,2019,LAPAN,SNPP,False,False,True,True
2019:10819,2019,LAPAN,SNPP,False,False,True,False
2019:10820,2019,LAPAN,SNPP,False,False,True,False
2019:10821,2019,ASMC,NOAA20,False,False,False,False
2019:10823,2019,ASMC,NOAA20,False,False,False,False
2019:10824,2019,LAPAN,SNPP,False,False,True,False
2019:10825,2019,LAPAN,SNPP,False,False,True,False
2019:10826,2019,LAPAN,SNPP,False,False,True,False
2019:10827,2019,LAPAN,SNPP,False,False,True,False
2019:10828,2019,LAPAN,SNPP,False,False,True,False
2019:10831,2019,LAPAN,SNPP,False,False,True,False
2019:10834,2019,LAPAN,SNPP,False,False,True,False
2019:10835,2019,LAPAN,SNPP,False,False,True,False
2019:10837,2019,LAPAN,SNPP,False,False,True,True
2019:10839,2019,LAPAN,SNPP,False,False,True,False
2019:10840,2019,LAPAN,SNPP,False,False,True,False
2019:10841,2019,LAPAN,SNPP,False,False,True,False
2019:10842,2019,LAPAN,SNPP,False,False,True,False
2019:10843,2019,LAPAN,SNPP,False,False,True,True
2019:10844,2019,ASMC,NOAA20,False,False,False,False
2019:10847,2019,LAPAN,SNPP,False,False,True,False
2019:10872,2019,LAPAN,SNPP,False,False,False,False
2019:10873,2019,LAPAN,SNPP,False,False,False,False
2019:10875,2019,LAPAN,SNPP,False,False,True,True
2019:10880,2019,LAPAN,SNPP,False,False,False,False
2019:10882,2019,LAPAN,Aqua,False,False,True,False
2019:10892,2019,LAPAN,Aqua,False,False,True,False
2019:10893,2019,LAPAN,Aqua,False,False,True,False
2019:10897,2019,LAPAN,Aqua,False,False,True,False
2019:10898,2019,LAPAN,Aqua,False,False,True,False
2019:10899,2019,LAPAN,Aqua,False,False,True,False
2019:10903,2019,LAPAN,Aqua,False,False,True,False
2019:10908,2019,LAPAN,SNPP,False,False,True,False
2019:10916,2019,LAPAN,Terra,False,False,False,False
2019:10917,2019,LAPAN,Terra,False,True,False,False
2019:10924,2019,LAPAN,Aqua,False,False,False,False
2019:10925,2019,ASMC,NOAA20,False,False,False,False
2019:10927,2019,LAPAN,SNPP,False,False,False,False
2019:10928,2019,LAPAN,SNPP,False,False,True,False
2019:10931,2019,LAPAN,Aqua,False,False,False,False
2019:10932,2019,LAPAN,SNPP,False,False,True,True
2019:10933,2019,LAPAN,Terra,False,False,False,False
2019:10935,2019,LAPAN,SNPP,False,True,False,False
2019:10944,2019,ASMC,NOAA20,False,True,False,False
2019:10946,2019,LAPAN,SNPP,False,False,True,False
2019:10947,2019,LAPAN,SNPP,False,False,True,True
2019:10951,2019,LAPAN,SNPP,False,False,True,False
2019:10954,2019,LAPAN,SNPP,False,False,True,False
2019:10955,2019,LAPAN,SNPP,False,False,True,False
2019:10958,2019,LAPAN,SNPP,False,False,True,True
2019:10960,2019,LAPAN,SNPP,False,False,True,False
2019:10961,2019,LAPAN,SNPP,False,False,True,False
2019:10965,2019,LAPAN,SNPP,False,False,False,False
2019:10966,2019,ASMC,NOAA20,False,False,False,False
2019:10967,2019,LAPAN,SNPP,False,False,True,False
2019:10970,2019,LAPAN,Terra,False,False,False,False
2019:10972,2019,LAPAN,Terra,False,True,False,False
2019:10974,2019,LAPAN,Terra,False,True,False,False
2019:10976,2019,ASMC,NOAA20,False,False,False,False
2019:10977,2019,ASMC,NOAA20,False,False,False,False
2019:10978,2019,LAPAN,SNPP,False,False,False,False
2019:10979,2019,LAPAN,SNPP,False,False,False,False
2019:10980,2019,ASMC,NOAA20,False,False,False,False
2019:10981,2019,LAPAN,SNPP,False,False,False,False
2019:10982,2019,ASMC,NOAA20,False,False,False,False
2019:10983,2019,LAPAN,SNPP,False,False,False,False
2019:10984,2019,LAPAN,SNPP,False,False,True,False
2019:10985,2019,ASMC,NOAA20,False,False,False,False
2019:10986,2019,LAPAN,SNPP,False,False,True,False
2019:10988,2019,ASMC,NOAA20,False,False,False,False
2019:10989,2019,ASMC,NOAA20,False,True,False,False
2019:10990,2019,LAPAN,SNPP,False,False,False,False
2019:10992,2019,LAPAN,SNPP,False,False,False,False
2019:10993,2019,LAPAN,SNPP,False,False,False,False
2019:10994,2019,ASMC,NOAA20,False,False,False,False
2019:10997,2019,LAPAN,Aqua,False,False,False,False
2019:10999,2019,LAPAN,Aqua,False,False,False,False
2019:11002,2019,LAPAN,SNPP,False,False,False,False
2019:11006,2019,LAPAN,Aqua,False,False,True,False
2019:11007,2019,LAPAN,SNPP,False,False,True,False
2019:11010,2019,LAPAN,SNPP,False,False,False,False
2019:11020,2019,LAPAN,SNPP,False,True,True,False
2019:11026,2019,ASMC,NOAA20,False,True,False,False
2019:11030,2019,LAPAN,SNPP,False,False,False,False
2019:11036,2019,LAPAN,SNPP,False,True,True,False
2019:11038,2019,ASMC,NOAA20,False,True,False,False
2019:11039,2019,LAPAN,SNPP,False,True,False,False
2019:11042,2019,ASMC,NOAA20,False,True,False,False
2019:11043,2019,ASMC,NOAA20,False,False,False,False
2019:11044,2019,LAPAN,SNPP,False,False,True,False
2019:11045,2019,LAPAN,SNPP,False,True,True,False
2019:11048,2019,ASMC,NOAA20,False,True,True,False
2019:11049,2019,LAPAN,SNPP,False,True,False,False
2019:11052,2019,LAPAN,SNPP,False,True,False,False
2019:11064,2019,ASMC,NOAA20,False,True,True,False
2019:11067,2019,LAPAN,Aqua,False,False,False,False
2019:11078,2019,ASMC,NOAA20,False,True,True,False
2019:11079,2019,ASMC,NOAA20,False,True,False,False
2019:11081,2019,LAPAN,SNPP,False,True,False,False
2019:11082,2019,LAPAN,SNPP,False,False,True,False
2019:11109,2019,LAPAN,SNPP,False,False,True,False
2019:11113,2019,LAPAN,SNPP,False,False,True,False
2019:11117,2019,LAPAN,SNPP,False,False,True,False
2019:11118,2019,LAPAN,SNPP,False,False,True,False
2019:11120,2019,LAPAN,SNPP,False,False,True,True
2019:11121,2019,LAPAN,SNPP,False,False,True,True
2019:11128,2019,LAPAN,SNPP,False,False,True,True
2019:11129,2019,LAPAN,SNPP,False,False,True,True
2019:11130,2019,LAPAN,SNPP,False,False,True,False
2019:11133,2019,LAPAN,SNPP,False,False,True,True
2019:11134,2019,LAPAN,SNPP,False,False,True,True
2019:11140,2019,LAPAN,SNPP,False,False,True,False
2019:11141,2019,LAPAN,SNPP,False,False,True,False
2019:11142,2019,LAPAN,SNPP,False,False,True,False
2019:11143,2019,LAPAN,SNPP,False,False,True,True
2019:11145,2019,LAPAN,SNPP,False,False,True,True
2019:11146,2019,LAPAN,SNPP,False,False,True,True
2019:11149,2019,LAPAN,SNPP,False,False,True,False
2019:11150,2019,LAPAN,SNPP,False,False,True,True
2019:11154,2019,LAPAN,SNPP,False,False,True,True
2019:11158,2019,LAPAN,SNPP,False,False,True,True
2019:11159,2019,LAPAN,SNPP,False,False,True,False
2019:11161,2019,LAPAN,SNPP,False,False,True,True
2019:11163,2019,LAPAN,SNPP,False,False,True,False
2019:11164,2019,LAPAN,SNPP,False,False,True,False
2019:11166,2019,LAPAN,SNPP,False,False,True,True
2019:11167,2019,LAPAN,SNPP,False,False,True,True
2019:11169,2019,LAPAN,SNPP,False,False,True,False
2019:11170,2019,LAPAN,SNPP,False,False,True,True
2019:11172,2019,LAPAN,SNPP,False,False,True,True
2019:11174,2019,LAPAN,SNPP,False,False,True,True
2019:11175,2019,LAPAN,SNPP,False,False,True,False
2019:11176,2019,LAPAN,SNPP,False,False,True,True
2019:11181,2019,LAPAN,SNPP,False,False,True,False
2019:11183,2019,LAPAN,SNPP,False,False,True,False
2019:11185,2019,LAPAN,SNPP,False,False,True,True
2019:11186,2019,LAPAN,SNPP,False,False,True,True
2019:11187,2019,LAPAN,SNPP,False,False,True,True
2019:11194,2019,LAPAN,SNPP,False,False,True,True
2019:11197,2019,LAPAN,SNPP,False,False,True,False
2019:11213,2019,LAPAN,SNPP,False,False,True,False
2019:11217,2019,LAPAN,SNPP,False,False,False,False
2019:11218,2019,LAPAN,SNPP,False,False,True,False
2019:11219,2019,LAPAN,SNPP,False,False,True,False
2019:11220,2019,LAPAN,SNPP,False,False,True,False
2019:11225,2019,LAPAN,SNPP,False,False,True,False
2019:11227,2019,LAPAN,SNPP,False,False,True,False
2019:11229,2019,LAPAN,SNPP,False,False,True,False
2019:11239,2019,ASMC,NOAA20,False,True,False,False
2019:11240,2019,ASMC,NOAA20,False,False,False,False
2019:11241,2019,LAPAN,SNPP,False,False,True,False
2019:11243,2019,ASMC,NOAA20,False,True,False,False
2019:11245,2019,LAPAN,SNPP,False,False,True,False
2019:11246,2019,LAPAN,Aqua,False,True,False,False
2019:11247,2019,LAPAN,SNPP,False,False,True,False
2019:11249,2019,LAPAN,SNPP,False,False,True,False
2019:11251,2019,LAPAN,SNPP,False,False,True,False
2019:11252,2019,LAPAN,SNPP,False,False,True,False
2019:11256,2019,LAPAN,SNPP,False,False,True,False
2019:11258,2019,LAPAN,SNPP,False,False,True,False
2019:11260,2019,LAPAN,SNPP,False,False,True,False
2019:11263,2019,LAPAN,SNPP,False,False,True,False
2019:11264,2019,LAPAN,SNPP,False,False,True,False
2019:11265,2019,LAPAN,SNPP,False,False,True,False
2019:11269,2019,LAPAN,SNPP,False,False,True,False
2019:11270,2019,LAPAN,SNPP,False,False,True,False
2019:11274,2019,LAPAN,SNPP,False,False,True,False
2019:11281,2019,LAPAN,SNPP,False,False,True,False
2019:11282,2019,LAPAN,SNPP,False,False,True,False
2019:11284,2019,LAPAN,SNPP,False,False,False,False
2019:11285,2019,ASMC,NOAA20,False,True,False,False
2019:11287,2019,LAPAN,SNPP,False,False,True,False
2019:11291,2019,LAPAN,SNPP,False,False,True,False
2019:11293,2019,LAPAN,SNPP,False,False,True,False
2019:11294,2019,LAPAN,SNPP,False,False,True,False
2019:11297,2019,LAPAN,SNPP,False,False,True,False
2019:11298,2019,LAPAN,SNPP,False,False,True,False
2019:11307,2019,LAPAN,SNPP,False,False,True,False
2019:11318,2019,LAPAN,Terra,False,False,False,False
2019:11322,2019,LAPAN,Terra,False,False,False,False
2019:11323,2019,LAPAN,SNPP,False,False,False,False
2019:11324,2019,LAPAN,SNPP,False,False,False,False
2019:11325,2019,LAPAN,SNPP,False,False,False,False
2019:11326,2019,LAPAN,SNPP,False,False,True,False
2019:11328,2019,LAPAN,SNPP,False,False,True,False
2019:11329,2019,LAPAN,SNPP,False,False,False,False
2019:11332,2019,LAPAN,SNPP,False,False,True,False
2019:11333,2019,ASMC,NOAA20,False,False,False,False
2019:11335,2019,LAPAN,SNPP,False,False,True,False
2019:11336,2019,ASMC,NOAA20,False,False,False,False
2019:11337,2019,ASMC,NOAA20,False,False,False,False
2019:11338,2019,ASMC,NOAA20,False,False,False,False
2019:11339,2019,ASMC,NOAA20,False,True,False,False
2019:11341,2019,LAPAN,SNPP,False,False,False,False
2019:11342,2019,ASMC,NOAA20,False,False,False,False
2019:11343,2019,ASMC,NOAA20,False,True,False,False
2019:11344,2019,LAPAN,SNPP,False,False,False,False
2019:11345,2019,LAPAN,Aqua,False,False,False,False
2019:11348,2019,LAPAN,Aqua,False,False,False,False
2019:11349,2019,LAPAN,Aqua,False,False,False,True
2019:11353,2019,LAPAN,Aqua,False,False,False,True
2019:11354,2019,LAPAN,Aqua,False,False,False,False
2019:11355,2019,LAPAN,Aqua,False,False,True,False
2019:11356,2019,LAPAN,Terra,False,False,False,False
2019:11357,2019,LAPAN,Terra,False,False,False,False
2019:11358,2019,LAPAN,Terra,False,False,False,False
2019:11359,2019,LAPAN,Aqua,False,False,False,False
2019:11360,2019,LAPAN,Aqua,False,False,False,False
2019:11361,2019,LAPAN,Aqua,False,False,False,False
2019:11363,2019,LAPAN,Aqua,False,False,True,False
2019:11364,2019,LAPAN,Aqua,False,False,False,False
2019:11366,2019,LAPAN,Aqua,False,False,True,False
2019:11367,2019,ASMC,NOAA20,False,True,False,False
2019:11368,2019,LAPAN,Aqua,False,False,True,False
2019:11376,2019,LAPAN,SNPP,False,True,False,False
2019:11379,2019,LAPAN,SNPP,False,True,False,False
2019:11385,2019,LAPAN,Aqua,False,False,True,False
2019:11386,2019,LAPAN,SNPP,False,False,True,False
2019:11387,2019,LAPAN,SNPP,False,False,True,False
2019:11390,2019,LAPAN,SNPP,False,False,True,False
2019:11395,2019,LAPAN,SNPP,False,False,False,False
2019:11396,2019,ASMC,NOAA20,False,False,False,False
2019:11397,2019,ASMC,NOAA20,False,False,False,False
2019:11398,2019,LAPAN,SNPP,False,False,True,False
2019:11399,2019,LAPAN,SNPP,False,False,True,False
2019:11400,2019,ASMC,NOAA20,False,True,False,False
2019:11401,2019,LAPAN,SNPP,False,False,False,False
2019:11402,2019,LAPAN,SNPP,False,False,True,False
2019:11403,2019,LAPAN,SNPP,False,False,True,False
2019:11406,2019,ASMC,NOAA20,False,False,False,False
2019:11407,2019,LAPAN,SNPP,False,False,False,False
2019:11411,2019,LAPAN,SNPP,False,False,True,False
2019:11413,2019,LAPAN,Aqua,False,False,False,False
2019:11414,2019,ASMC,NOAA20,False,False,False,False
2019:11423,2019,ASMC,NOAA20,False,False,False,False
2019:11425,2019,LAPAN,SNPP,False,False,False,False
2019:11426,2019,LAPAN,SNPP,False,False,False,False
2019:11427,2019,LAPAN,Aqua,False,False,False,False
2023:10,2023,NASA,Aqua,False,False,True,False
2023:74,2023,NASA,Aqua,False,False,True,False
2023:149,2023,LAPAN,NOAA20,False,False,False,False
2023:150,2023,LAPAN,NOAA20,False,False,False,False
2023:151,2023,LAPAN,NOAA20,False,False,False,False
2023:152,2023,LAPAN,NOAA20,False,False,False,False
2023:153,2023,LAPAN,NOAA20,False,False,False,False
2023:154,2023,LAPAN,NOAA20,False,False,False,False
2023:213,2023,NASA,Aqua,False,False,True,False
2023:216,2023,NASA,Aqua,False,False,True,False
2023:217,2023,NASA,Aqua,False,False,True,False
2023:218,2023,NASA,Aqua,False,False,True,False
2023:219,2023,LAPAN,Aqua,False,False,True,False
2023:220,2023,NASA,Aqua,False,False,True,False
2023:370,2023,LAPAN,NOAA20,False,False,False,False
2023:371,2023,LAPAN,NOAA20,False,False,False,False
2023:372,2023,LAPAN,NOAA20,False,False,False,False
2023:378,2023,NASA,Aqua,False,False,True,False
2023:512,2023,LAPAN,SNPP,False,False,False,False
2023:513,2023,LAPAN,SNPP,False,False,False,False
2023:514,2023,LAPAN,SNPP,False,False,False,False
2023:555,2023,NASA,Aqua,False,False,True,False
2023:629,2023,NASA,Aqua,False,False,True,False
2023:635,2023,NASA,Aqua,False,False,True,False
2023:636,2023,NASA,Aqua,False,False,True,False
2023:686,2023,NASA,Aqua,False,False,True,False
2023:687,2023,LAPAN,Aqua,False,False,False,False
2023:688,2023,NASA,Aqua,False,False,True,False
2023:757,2023,NASA,SNPP,False,False,False,False
2023:758,2023,LAPAN,SNPP,False,False,False,False
2023:799,2023,LAPAN,SNPP,False,False,False,False
2023:800,2023,LAPAN,SNPP,False,False,False,False
2023:801,2023,LAPAN,SNPP,False,False,False,False
2023:842,2023,LAPAN,NOAA20,False,False,False,True
2023:843,2023,LAPAN,NOAA20,False,False,False,True
2023:844,2023,NASA,NOAA20,False,False,False,True
2023:845,2023,NASA,NOAA20,False,False,False,True
2023:919,2023,NASA,Aqua,False,False,True,False
2023:952,2023,LAPAN,SNPP,False,False,False,False
2023:953,2023,LAPAN,SNPP,False,False,False,False
2023:954,2023,LAPAN,SNPP,False,False,False,False
2023:955,2023,LAPAN,SNPP,False,False,False,False
2023:966,2023,NASA,Aqua,False,False,True,False
2023:967,2023,NASA,Aqua,False,False,True,False
2023:988,2023,NASA,Aqua,False,False,True,False
2023:1031,2023,NASA,Aqua,False,False,True,False
2023:1037,2023,LAPAN,NOAA20,False,False,False,False
2023:1038,2023,LAPAN,NOAA20,False,False,False,False
2023:1039,2023,LAPAN,NOAA20,False,False,False,False
2023:1093,2023,LAPAN,Aqua,False,False,False,False
2023:1097,2023,LAPAN,SNPP,False,False,False,False
2023:1098,2023,LAPAN,SNPP,False,False,False,False
2023:1111,2023,LAPAN,Aqua,False,False,False,False
2023:1114,2023,NASA,NOAA20,False,False,False,False
2023:1116,2023,LAPAN,NOAA20,False,False,False,False
2023:1117,2023,LAPAN,NOAA20,False,False,False,False
2023:1118,2023,LAPAN,NOAA20,False,False,False,False
2023:1119,2023,LAPAN,NOAA20,False,False,False,False
2023:1120,2023,LAPAN,NOAA20,False,False,False,False
2023:1127,2023,NASA,Aqua,False,False,False,True
2023:1153,2023,NASA,SNPP,False,False,False,False
2023:1154,2023,LAPAN,SNPP,False,False,False,False
2023:1158,2023,NASA,SNPP,False,False,False,False
2023:1159,2023,NASA,SNPP,False,False,False,False
2023:1160,2023,NASA,SNPP,False,False,False,False
2023:1192,2023,LAPAN,SNPP,False,False,False,False
2023:1193,2023,LAPAN,SNPP,False,False,False,False
2023:1194,2023,LAPAN,SNPP,False,False,False,False
2023:1195,2023,LAPAN,SNPP,False,False,False,False
2023:1196,2023,LAPAN,SNPP,False,False,False,False
2023:1235,2023,LAPAN,Aqua,False,True,False,False
2023:1250,2023,NASA,Aqua,False,False,True,False
2023:1251,2023,NASA,Aqua,False,False,True,False
2023:1263,2023,LAPAN,NOAA20,False,False,False,True
2023:1264,2023,LAPAN,NOAA20,False,False,False,True
2023:1265,2023,NASA,NOAA20,False,False,False,True
2023:1266,2023,NASA,NOAA20,False,False,False,True
2023:1270,2023,LAPAN,Aqua,False,False,False,False
2023:1288,2023,LAPAN,Aqua,False,False,False,False
2023:1296,2023,LAPAN,Aqua,False,False,False,False
2023:1320,2023,LAPAN,NOAA20,False,False,False,False
2023:1321,2023,LAPAN,NOAA20,False,False,False,False
2023:1322,2023,LAPAN,NOAA20,False,False,False,False
2023:1323,2023,LAPAN,NOAA20,False,False,False,False
2023:1324,2023,LAPAN,NOAA20,False,False,False,False
2023:1416,2023,NASA,Aqua,False,False,True,False
2023:1462,2023,LAPAN,Aqua,False,False,False,False
2023:1473,2023,LAPAN,Aqua,False,False,True,False
2023:1474,2023,NASA,Aqua,False,False,True,False
2023:1485,2023,NASA,Aqua,False,False,True,False
2023:1512,2023,NASA,NOAA20,False,True,False,False
2023:1515,2023,NASA,Aqua,False,False,True,False
2023:1536,2023,NASA,Aqua,False,False,True,False
2023:1583,2023,LAPAN,NOAA20,False,False,False,False
2023:1584,2023,LAPAN,NOAA20,False,False,False,False
2023:1631,2023,LAPAN,Aqua,False,False,False,False
2023:1650,2023,NASA,Aqua,False,False,True,False
2023:1651,2023,LAPAN,NOAA20,False,False,False,False
2023:1671,2023,NASA,Aqua,False,False,True,False
2023:1684,2023,NASA,Aqua,False,False,True,False
2023:1704,2023,LAPAN,Aqua,False,False,False,False
2023:1705,2023,LAPAN,SNPP,False,False,False,False
2023:1706,2023,LAPAN,SNPP,False,False,False,False
2023:1707,2023,LAPAN,SNPP,False,False,False,False
2023:1708,2023,LAPAN,SNPP,False,False,False,False
2023:1709,2023,LAPAN,SNPP,False,False,False,False
2023:1710,2023,LAPAN,SNPP,False,False,False,False
2023:1711,2023,LAPAN,SNPP,False,False,False,False
2023:1712,2023,LAPAN,SNPP,False,False,False,False
2023:1713,2023,LAPAN,SNPP,False,False,False,False
2023:1735,2023,NASA,Aqua,False,False,True,False
2023:1736,2023,NASA,Aqua,False,False,True,False
2023:1737,2023,NASA,Aqua,False,False,True,False
2023:1809,2023,NASA,Aqua,False,False,True,False
2023:1843,2023,NASA,Aqua,False,False,True,False
2023:1844,2023,LAPAN,SNPP,False,False,False,False
2023:1845,2023,LAPAN,SNPP,False,False,False,False
2023:1846,2023,LAPAN,SNPP,False,False,False,False
2023:1852,2023,NASA,Aqua,False,False,True,False
2023:1876,2023,NASA,Aqua,False,False,True,False
2023:1955,2023,NASA,Aqua,False,False,True,False
2023:1956,2023,NASA,Aqua,False,False,True,False
2023:1957,2023,NASA,Aqua,False,False,True,False
2023:1978,2023,LAPAN,NOAA20,False,False,False,False
2023:1979,2023,LAPAN,NOAA20,False,False,False,False
2023:1983,2023,LAPAN,Aqua,False,False,True,False
2023:1984,2023,NASA,Aqua,False,False,True,False
2023:1985,2023,LAPAN,NOAA20,False,False,False,False
2023:1998,2023,NASA,Aqua,False,False,True,False
2023:1999,2023,NASA,Aqua,False,False,True,False
2023:2000,2023,NASA,Aqua,False,False,True,False
2023:2001,2023,NASA,Aqua,False,False,True,False
2023:2057,2023,NASA,Aqua,False,False,True,False
2023:2058,2023,LAPAN,NOAA20,False,False,False,False
2023:2059,2023,LAPAN,NOAA20,False,False,False,False
2023:2060,2023,LAPAN,NOAA20,False,False,False,False
2023:2061,2023,LAPAN,NOAA20,False,False,False,False
2023:2062,2023,LAPAN,NOAA20,False,False,False,False
2023:2063,2023,LAPAN,NOAA20,False,False,False,False
2023:2122,2023,NASA,Aqua,False,False,True,False
2023:2150,2023,LAPAN,Aqua,False,False,True,False
2023:2151,2023,NASA,Aqua,False,False,True,False
2023:2165,2023,LAPAN,SNPP,False,False,False,True
2023:2169,2023,NASA,SNPP,False,False,False,True
2023:2170,2023,NASA,SNPP,False,False,False,True
2023:2171,2023,NASA,SNPP,False,False,False,True
2023:2172,2023,LAPAN,SNPP,False,False,False,True
2023:2174,2023,LAPAN,SNPP,False,False,False,True
2023:2176,2023,NASA,SNPP,False,False,False,True
2023:2177,2023,LAPAN,SNPP,False,False,False,True
2023:2178,2023,NASA,SNPP,False,False,False,True
2023:2179,2023,LAPAN,SNPP,False,False,False,True
2023:2185,2023,NASA,SNPP,False,False,False,True
2023:2186,2023,NASA,SNPP,False,False,False,True
2023:2187,2023,LAPAN,SNPP,False,False,False,True
2023:2188,2023,LAPAN,SNPP,False,False,False,True
2023:2238,2023,NASA,Aqua,False,False,True,False
2023:2387,2023,LAPAN,Aqua,False,False,True,False
2023:2388,2023,NASA,Aqua,False,False,True,False
2023:2389,2023,NASA,Aqua,False,False,True,False
2023:2390,2023,LAPAN,Aqua,False,False,True,False
2023:2444,2023,NASA,Aqua,False,False,True,False
2023:2463,2023,LAPAN,SNPP,False,False,False,False
2023:2467,2023,LAPAN,SNPP,False,False,True,False
2023:2470,2023,LAPAN,SNPP,False,False,True,False
2023:2475,2023,LAPAN,SNPP,False,False,True,False
2023:2476,2023,LAPAN,SNPP,False,False,False,False
2023:2480,2023,LAPAN,SNPP,False,False,True,False
2023:2481,2023,LAPAN,SNPP,False,False,True,False
2023:2484,2023,LAPAN,SNPP,False,False,True,False
2023:2488,2023,LAPAN,SNPP,False,False,False,False
2023:2497,2023,LAPAN,SNPP,False,False,False,False
2023:2503,2023,LAPAN,SNPP,False,False,True,False
2023:2504,2023,LAPAN,SNPP,False,False,True,False
2023:2506,2023,LAPAN,SNPP,False,False,True,False
2023:2510,2023,LAPAN,SNPP,False,False,False,False
2023:2513,2023,LAPAN,SNPP,False,False,False,False
2023:2516,2023,LAPAN,SNPP,False,False,False,False
2023:2521,2023,LAPAN,SNPP,False,False,True,False
2023:2524,2023,LAPAN,SNPP,False,False,True,False
2023:2531,2023,LAPAN,SNPP,False,False,False,False
2023:2535,2023,LAPAN,SNPP,False,False,True,False
2023:2564,2023,LAPAN,SNPP,False,False,False,False
2023:2565,2023,LAPAN,SNPP,False,False,False,False
2023:2670,2023,NASA,Aqua,False,False,True,False
2023:2681,2023,NASA,Aqua,False,False,True,False
2023:2682,2023,NASA,Aqua,False,False,True,False
2023:2683,2023,NASA,Aqua,False,False,True,False
2023:2684,2023,NASA,Aqua,False,False,True,False
2023:2685,2023,NASA,Aqua,False,False,True,False
2023:2738,2023,LAPAN,SNPP,False,False,False,False
2023:2739,2023,LAPAN,SNPP,False,False,False,False
2023:2740,2023,LAPAN,SNPP,False,False,False,False
2023:2741,2023,LAPAN,SNPP,False,False,False,False
2023:2742,2023,LAPAN,SNPP,False,False,False,False
2023:2743,2023,LAPAN,SNPP,False,False,False,False
2023:2744,2023,LAPAN,SNPP,False,False,False,False
2023:2745,2023,LAPAN,SNPP,False,False,False,False
2023:2746,2023,LAPAN,SNPP,False,False,False,False
2023:2747,2023,LAPAN,SNPP,False,False,False,False
2023:2748,2023,LAPAN,SNPP,False,False,False,False
2023:2773,2023,NASA,Aqua,False,False,True,False
2023:2774,2023,LAPAN,Aqua,False,False,True,False
2023:2795,2023,NASA,Aqua,False,True,False,False
2023:2796,2023,LAPAN,Aqua,False,True,False,False
2023:2797,2023,NASA,Aqua,False,True,False,False
2023:2802,2023,NASA,Aqua,False,False,True,False
2023:2803,2023,NASA,Aqua,False,False,True,False
2023:2858,2023,LAPAN,Aqua,False,False,False,False
2023:2859,2023,LAPAN,Aqua,False,False,False,False
2023:2860,2023,LAPAN,Aqua,False,False,False,False
2023:2861,2023,NASA,Aqua,False,False,True,False
2023:2862,2023,NASA,Aqua,False,False,True,False
2023:2863,2023,NASA,Aqua,False,False,True,False
2023:2898,2023,NASA,Aqua,False,False,True,False
2023:2899,2023,NASA,Aqua,False,False,True,False
2023:3043,2023,LAPAN,Aqua,False,False,True,False
2023:3044,2023,LAPAN,Aqua,False,False,True,False
2023:3045,2023,NASA,Aqua,False,False,True,False
2023:3046,2023,NASA,Aqua,False,False,True,False
2023:3047,2023,NASA,Aqua,False,False,True,False
2023:3048,2023,LAPAN,Aqua,False,False,True,False
2023:3049,2023,NASA,Aqua,False,False,True,False
2023:3064,2023,NASA,Aqua,False,False,True,False
2023:3065,2023,NASA,Aqua,False,False,True,False
2023:3094,2023,LAPAN,Aqua,False,False,True,False
2023:3095,2023,NASA,Aqua,False,False,True,False
2023:3096,2023,NASA,Aqua,False,False,True,False
2023:3147,2023,LAPAN,NOAA20,False,False,True,False
2023:3148,2023,LAPAN,NOAA20,False,False,False,False
2023:3152,2023,LAPAN,NOAA20,False,False,True,False
2023:3155,2023,LAPAN,NOAA20,False,False,True,False
2023:3162,2023,LAPAN,NOAA20,False,False,True,False
2023:3164,2023,LAPAN,NOAA20,False,False,True,False
2023:3170,2023,NASA,NOAA20,False,False,False,False
2023:3174,2023,LAPAN,NOAA20,False,False,False,False
2023:3175,2023,LAPAN,NOAA20,False,False,False,False
2023:3176,2023,LAPAN,NOAA20,False,False,False,False
2023:3177,2023,LAPAN,NOAA20,False,False,False,False
2023:3178,2023,LAPAN,NOAA20,False,False,False,False
2023:3191,2023,NASA,Aqua,False,False,True,False
2023:3192,2023,NASA,Aqua,False,False,True,False
2023:3193,2023,NASA,Aqua,False,False,True,False
2023:3194,2023,NASA,Aqua,False,False,True,False
2023:3195,2023,NASA,Aqua,False,False,True,False
2023:3442,2023,LAPAN,Aqua,False,False,True,False
2023:3443,2023,LAPAN,Aqua,False,False,True,False
2023:3444,2023,NASA,Aqua,False,False,True,False
2023:3445,2023,NASA,Aqua,False,False,True,False
2023:3446,2023,NASA,Aqua,False,False,True,False
2023:3447,2023,LAPAN,Aqua,False,False,True,False
2023:3448,2023,NASA,Aqua,False,False,True,False
2023:3449,2023,LAPAN,Aqua,False,False,True,False
2023:3450,2023,LAPAN,Aqua,False,False,True,False
2023:3451,2023,NASA,Aqua,False,False,True,False
2023:3452,2023,NASA,Aqua,False,False,True,False
2023:3453,2023,NASA,Aqua,False,False,True,False
2023:3454,2023,LAPAN,Aqua,False,False,True,False
2023:3455,2023,NASA,Aqua,False,False,True,False
2023:3563,2023,NASA,Aqua,False,False,True,False
2023:3564,2023,NASA,Aqua,False,False,True,False
2023:3618,2023,NASA,NOAA20,False,False,False,False
2023:3642,2023,NASA,NOAA20,False,False,False,False
2023:3774,2023,NASA,Aqua,False,False,True,False
2023:3775,2023,NASA,Aqua,False,False,True,False
2023:3776,2023,NASA,Aqua,False,False,True,False
2023:3777,2023,NASA,Aqua,False,False,True,False
2023:3778,2023,NASA,Aqua,False,False,True,False
2023:3779,2023,NASA,Aqua,False,False,True,False
2023:3780,2023,LAPAN,NOAA20,False,False,False,False
2023:3781,2023,LAPAN,NOAA20,False,False,False,False
2023:3782,2023,LAPAN,NOAA20,False,False,False,False
2023:3783,2023,LAPAN,NOAA20,False,False,False,False
2023:3784,2023,LAPAN,NOAA20,False,False,False,False
2023:3785,2023,LAPAN,NOAA20,False,False,False,False
2023:3786,2023,LAPAN,NOAA20,False,False,False,False
2023:3787,2023,LAPAN,NOAA20,False,False,False,False
2023:3788,2023,LAPAN,NOAA20,False,False,False,False
2023:3789,2023,LAPAN,NOAA20,False,False,False,False
2023:3790,2023,LAPAN,NOAA20,False,False,False,False
2023:3791,2023,LAPAN,NOAA20,False,False,False,False
2023:3792,2023,LAPAN,NOAA20,False,False,False,False
2023:3793,2023,LAPAN,NOAA20,False,False,False,False
2023:3794,2023,LAPAN,NOAA20,False,False,False,False
2023:3795,2023,LAPAN,NOAA20,False,False,False,False
2023:3796,2023,LAPAN,NOAA20,False,False,False,False
2023:3797,2023,LAPAN,NOAA20,False,False,False,False
2023:3798,2023,LAPAN,NOAA20,False,False,False,False
2023:3799,2023,LAPAN,NOAA20,False,False,False,False
2023:3800,2023,LAPAN,NOAA20,False,False,False,False
2023:3801,2023,LAPAN,NOAA20,False,False,False,False
2023:3802,2023,LAPAN,NOAA20,False,False,False,False
2023:3803,2023,LAPAN,NOAA20,False,False,False,False
2023:3804,2023,LAPAN,NOAA20,False,False,False,False
2023:3805,2023,LAPAN,NOAA20,False,False,False,False
2023:3806,2023,LAPAN,NOAA20,False,False,False,False
2023:3807,2023,LAPAN,NOAA20,False,False,False,False
2023:3808,2023,LAPAN,NOAA20,False,False,False,False
2023:3809,2023,LAPAN,NOAA20,False,False,False,False
2023:3810,2023,LAPAN,NOAA20,False,False,False,False
2023:3811,2023,LAPAN,NOAA20,False,False,False,False
2023:3812,2023,LAPAN,NOAA20,False,False,False,False
2023:3813,2023,LAPAN,NOAA20,False,False,False,False
2023:3814,2023,LAPAN,NOAA20,False,False,False,False
2023:3815,2023,LAPAN,NOAA20,False,False,False,False
2023:3816,2023,LAPAN,NOAA20,False,False,False,False
2023:3817,2023,LAPAN,NOAA20,False,False,False,False
2023:3818,2023,LAPAN,NOAA20,False,False,False,False
2023:3819,2023,LAPAN,NOAA20,False,False,False,False
2023:3820,2023,LAPAN,NOAA20,False,False,False,False
2023:3821,2023,LAPAN,NOAA20,False,False,False,False
2023:3822,2023,LAPAN,NOAA20,False,False,False,False
2023:3823,2023,LAPAN,NOAA20,False,False,False,False
2023:3824,2023,LAPAN,NOAA20,False,False,False,False
2023:3825,2023,LAPAN,NOAA20,False,False,False,False
2023:3826,2023,LAPAN,NOAA20,False,False,False,False
2023:3827,2023,LAPAN,NOAA20,False,False,False,False
2023:3828,2023,LAPAN,NOAA20,False,False,False,False
2023:3829,2023,LAPAN,NOAA20,False,False,False,False
2023:3830,2023,LAPAN,NOAA20,False,False,False,False
2023:3831,2023,LAPAN,NOAA20,False,False,False,False
2023:3832,2023,LAPAN,NOAA20,False,False,False,False
2023:3833,2023,LAPAN,NOAA20,False,False,False,False
2023:3834,2023,LAPAN,NOAA20,False,False,False,False
2023:3835,2023,LAPAN,NOAA20,False,False,False,False
2023:3836,2023,LAPAN,NOAA20,False,False,False,False
2023:3837,2023,LAPAN,NOAA20,False,False,False,False
2023:3838,2023,LAPAN,NOAA20,False,False,False,False
2023:3839,2023,LAPAN,NOAA20,False,False,False,False
2023:3840,2023,LAPAN,NOAA20,False,False,False,False
2023:3841,2023,LAPAN,NOAA20,False,False,False,False
2023:3842,2023,LAPAN,NOAA20,False,False,False,False
2023:3843,2023,LAPAN,NOAA20,False,False,False,False
2023:3844,2023,LAPAN,NOAA20,False,False,False,False
2023:3845,2023,LAPAN,NOAA20,False,False,False,False
2023:3846,2023,LAPAN,NOAA20,False,False,False,False
2023:3847,2023,LAPAN,NOAA20,False,False,False,False
2023:3848,2023,LAPAN,NOAA20,False,False,False,False
2023:3849,2023,LAPAN,NOAA20,False,False,False,False
2023:3850,2023,LAPAN,NOAA20,False,False,False,False
2023:3851,2023,LAPAN,NOAA20,False,False,False,False
2023:3852,2023,LAPAN,NOAA20,False,False,False,False
2023:3853,2023,LAPAN,NOAA20,False,False,False,False
2023:3854,2023,LAPAN,NOAA20,False,False,False,False
2023:3855,2023,LAPAN,NOAA20,False,False,False,False
2023:3856,2023,LAPAN,NOAA20,False,False,False,False
2023:3857,2023,LAPAN,NOAA20,False,False,False,False
2023:3858,2023,LAPAN,NOAA20,False,False,False,False
2023:3859,2023,LAPAN,NOAA20,False,False,False,False
2023:3860,2023,LAPAN,NOAA20,False,False,False,False
2023:3861,2023,LAPAN,NOAA20,False,False,False,False
2023:3862,2023,LAPAN,NOAA20,False,False,False,False
2023:3863,2023,LAPAN,NOAA20,False,False,False,False
2023:3864,2023,LAPAN,NOAA20,False,False,False,False
2023:3865,2023,LAPAN,NOAA20,False,False,False,False
2023:3866,2023,LAPAN,NOAA20,False,False,False,False
2023:3867,2023,LAPAN,NOAA20,False,False,False,False
2023:3868,2023,LAPAN,NOAA20,False,False,False,False
2023:3869,2023,LAPAN,NOAA20,False,False,False,False
2023:3870,2023,LAPAN,NOAA20,False,False,False,False
2023:3871,2023,LAPAN,NOAA20,False,False,False,False
2023:3872,2023,LAPAN,NOAA20,False,False,False,False
2023:3873,2023,LAPAN,NOAA20,False,False,False,False
2023:3874,2023,LAPAN,NOAA20,False,False,False,False
2023:3875,2023,LAPAN,NOAA20,False,False,False,False
2023:3876,2023,LAPAN,NOAA20,False,False,False,False
2023:3877,2023,LAPAN,NOAA20,False,False,False,False
2023:3878,2023,LAPAN,NOAA20,False,False,False,False
2023:3879,2023,LAPAN,NOAA20,False,False,False,False
2023:3880,2023,LAPAN,NOAA20,False,False,False,False
2023:3881,2023,LAPAN,NOAA20,False,False,False,False
2023:3882,2023,LAPAN,NOAA20,False,False,False,False
2023:3883,2023,LAPAN,NOAA20,False,False,False,False
2023:3884,2023,LAPAN,NOAA20,False,False,False,False
2023:3885,2023,LAPAN,NOAA20,False,False,False,False
2023:3886,2023,LAPAN,NOAA20,False,False,False,False
2023:3887,2023,LAPAN,NOAA20,False,False,False,False
2023:3888,2023,LAPAN,NOAA20,False,False,False,False
2023:3889,2023,LAPAN,NOAA20,False,False,False,False
2023:3890,2023,LAPAN,NOAA20,False,False,False,False
2023:3891,2023,LAPAN,NOAA20,False,False,False,False
2023:3892,2023,LAPAN,NOAA20,False,False,False,False
2023:3893,2023,LAPAN,NOAA20,False,False,False,False
2023:3894,2023,LAPAN,NOAA20,False,False,False,False
2023:3895,2023,LAPAN,NOAA20,False,False,False,False
2023:3896,2023,LAPAN,NOAA20,False,False,False,False
2023:3897,2023,LAPAN,NOAA20,False,False,False,False
2023:3898,2023,LAPAN,NOAA20,False,False,False,False
2023:3899,2023,LAPAN,NOAA20,False,False,False,False
2023:3900,2023,LAPAN,NOAA20,False,False,False,False
2023:3901,2023,LAPAN,NOAA20,False,False,False,False
2023:3902,2023,LAPAN,NOAA20,False,False,False,False
2023:3903,2023,LAPAN,NOAA20,False,False,False,False
2023:3904,2023,LAPAN,NOAA20,False,False,False,False
2023:3905,2023,LAPAN,NOAA20,False,False,False,False
2023:3906,2023,LAPAN,NOAA20,False,False,False,False
2023:3907,2023,LAPAN,NOAA20,False,False,False,False
2023:3908,2023,LAPAN,NOAA20,False,False,False,False
2023:3909,2023,LAPAN,NOAA20,False,False,False,False
2023:3910,2023,LAPAN,NOAA20,False,False,False,False
2023:3911,2023,LAPAN,NOAA20,False,False,False,False
2023:3912,2023,LAPAN,NOAA20,False,False,False,False
2023:3913,2023,LAPAN,NOAA20,False,False,False,False
2023:3914,2023,LAPAN,NOAA20,False,False,False,False
2023:3915,2023,LAPAN,NOAA20,False,False,False,False
2023:3916,2023,LAPAN,NOAA20,False,False,False,False
2023:3917,2023,LAPAN,NOAA20,False,False,False,False
2023:3918,2023,LAPAN,NOAA20,False,False,False,False
2023:3919,2023,LAPAN,NOAA20,False,False,False,False
2023:3920,2023,LAPAN,NOAA20,False,False,False,False
2023:3921,2023,LAPAN,NOAA20,False,False,False,False
2023:3922,2023,LAPAN,NOAA20,False,False,False,False
2023:3923,2023,LAPAN,NOAA20,False,False,False,False
2023:3924,2023,LAPAN,NOAA20,False,False,False,False
2023:3925,2023,LAPAN,NOAA20,False,False,False,False
2023:3926,2023,LAPAN,NOAA20,False,False,False,False
2023:3927,2023,LAPAN,NOAA20,False,False,False,False
2023:3928,2023,LAPAN,NOAA20,False,False,False,False
2023:3929,2023,LAPAN,NOAA20,False,False,False,False
2023:3930,2023,LAPAN,NOAA20,False,False,False,False
2023:3931,2023,LAPAN,NOAA20,False,False,False,False
2023:3932,2023,LAPAN,NOAA20,False,False,False,False
2023:3933,2023,LAPAN,NOAA20,False,False,False,False
2023:3934,2023,LAPAN,NOAA20,False,False,False,False
2023:3935,2023,LAPAN,NOAA20,False,False,False,False
2023:3936,2023,LAPAN,NOAA20,False,False,False,False
2023:3937,2023,LAPAN,NOAA20,False,False,False,False
2023:3938,2023,LAPAN,NOAA20,False,False,False,False
2023:3939,2023,LAPAN,NOAA20,False,False,False,False
2023:3940,2023,LAPAN,NOAA20,False,False,False,False
2023:3941,2023,LAPAN,NOAA20,False,False,False,False
2023:3942,2023,LAPAN,NOAA20,False,False,False,False
2023:3943,2023,LAPAN,NOAA20,False,False,False,False
2023:3944,2023,LAPAN,NOAA20,False,False,False,False
2023:3945,2023,LAPAN,NOAA20,False,False,False,False
2023:3946,2023,LAPAN,NOAA20,False,False,False,False
2023:3947,2023,LAPAN,NOAA20,False,False,False,False
2023:3948,2023,LAPAN,NOAA20,False,False,False,False
2023:3949,2023,LAPAN,NOAA20,False,False,False,False
2023:4395,2023,NASA,Aqua,False,False,True,False
2023:4396,2023,NASA,Aqua,False,False,True,False
2023:4397,2023,LAPAN,Aqua,False,False,True,False
2023:4398,2023,NASA,Aqua,False,False,True,False
2023:4399,2023,NASA,Aqua,False,False,True,False
2023:4400,2023,LAPAN,Aqua,False,False,True,False
2023:4401,2023,LAPAN,Aqua,False,False,True,False
2023:4402,2023,LAPAN,Aqua,False,False,True,False
2023:4403,2023,NASA,Aqua,False,False,True,False
2023:4404,2023,LAPAN,Aqua,False,False,True,False
2023:4405,2023,NASA,Aqua,False,False,True,False
2023:4406,2023,LAPAN,Aqua,False,False,True,False
2023:4407,2023,LAPAN,Aqua,False,False,True,False
2023:4408,2023,NASA,Aqua,False,False,True,False
2023:4409,2023,NASA,Aqua,False,False,True,False
2023:4410,2023,LAPAN,Aqua,False,False,True,False
2023:4411,2023,LAPAN,Aqua,False,False,True,False
2023:4412,2023,NASA,Aqua,False,False,True,False
2023:4413,2023,NASA,Aqua,False,False,True,False
2023:4414,2023,LAPAN,Aqua,False,False,True,False
2023:4415,2023,NASA,Aqua,False,False,True,False
2023:4416,2023,NASA,Aqua,False,False,True,False
2023:4417,2023,LAPAN,Aqua,False,False,True,False
2023:4418,2023,NASA,Aqua,False,False,True,False
2023:4419,2023,LAPAN,Aqua,False,False,True,False
2023:4420,2023,NASA,Aqua,False,False,True,False
2023:4421,2023,NASA,Aqua,False,False,True,False
2023:4422,2023,LAPAN,Aqua,False,False,True,False
2023:4423,2023,LAPAN,Aqua,False,False,True,False
2023:4424,2023,NASA,Aqua,False,False,True,False
2023:4425,2023,LAPAN,Aqua,False,False,True,False
2023:4660,2023,NASA,Aqua,False,False,True,False
2023:4661,2023,LAPAN,Aqua,False,False,True,False
2023:4662,2023,LAPAN,Aqua,False,False,True,False
2023:4663,2023,NASA,Aqua,False,False,True,False
2023:4664,2023,NASA,Aqua,False,False,True,False
2023:4665,2023,NASA,Aqua,False,False,True,False
2023:4666,2023,NASA,Aqua,False,False,True,False
2023:4667,2023,NASA,Aqua,False,False,True,False
2023:4668,2023,LAPAN,Aqua,False,False,True,False
2023:4669,2023,NASA,Aqua,False,False,True,False
2023:4670,2023,LAPAN,Aqua,False,False,True,False
2023:4671,2023,LAPAN,Aqua,False,False,True,False
2023:4672,2023,LAPAN,Aqua,False,False,True,False
2023:4673,2023,NASA,Aqua,False,False,True,False
2023:4674,2023,NASA,Aqua,False,False,True,False
2023:4675,2023,NASA,Aqua,False,False,True,False
2023:4676,2023,NASA,Aqua,False,False,True,False
2023:4677,2023,LAPAN,Aqua,False,False,True,False
2023:4678,2023,LAPAN,Aqua,False,False,True,False
2023:4679,2023,NASA,Aqua,False,False,True,False
2023:4680,2023,NASA,Aqua,False,False,True,False
2023:4681,2023,LAPAN,Aqua,False,False,True,False
2023:4682,2023,NASA,Aqua,False,False,True,False
2023:4683,2023,NASA,Aqua,False,False,True,False
2023:4684,2023,NASA,Aqua,False,False,True,False
2023:4685,2023,LAPAN,Aqua,False,False,True,False
2023:5261,2023,NASA,Aqua,False,False,True,False
2023:5262,2023,NASA,Aqua,False,False,True,False
2023:5690,2023,NASA,Aqua,False,False,True,False
2023:5691,2023,LAPAN,Aqua,False,False,True,False
2023:5692,2023,LAPAN,Aqua,False,False,True,False
2023:5693,2023,NASA,Aqua,False,False,True,False
2023:5694,2023,LAPAN,Aqua,False,False,True,False
2023:5695,2023,NASA,Aqua,False,False,True,False
2023:5832,2023,NASA,Aqua,False,False,True,False
2023:5833,2023,NASA,Aqua,False,False,True,False
2023:5834,2023,NASA,Aqua,False,False,True,False
2023:5835,2023,NASA,Aqua,False,False,True,False
2023:5836,2023,NASA,Aqua,False,False,True,False
2023:5837,2023,NASA,Aqua,False,False,True,False
2023:5838,2023,NASA,Aqua,False,False,True,False
2023:6000,2023,LAPAN,SNPP,False,True,False,False
2023:6019,2023,NASA,Aqua,False,False,True,False
2023:6020,2023,NASA,Aqua,False,False,True,False
2023:6021,2023,LAPAN,Aqua,False,False,True,False
2023:6022,2023,NASA,Aqua,False,False,True,False
2023:6023,2023,NASA,Aqua,False,False,True,False
2023:6024,2023,LAPAN,Aqua,False,False,True,False
2023:6025,2023,LAPAN,Aqua,False,False,True,False
2023:6026,2023,NASA,Aqua,False,False,True,False
2023:6027,2023,LAPAN,Aqua,False,False,True,False
2023:6028,2023,NASA,Aqua,False,False,True,False
2023:6029,2023,NASA,Aqua,False,False,True,False
2023:6030,2023,NASA,Aqua,False,False,True,False
2023:6031,2023,NASA,Aqua,False,False,True,False
2023:6032,2023,NASA,Aqua,False,False,True,False
2023:6033,2023,NASA,Aqua,False,False,True,False
2023:6034,2023,NASA,Aqua,False,False,True,False
2023:6035,2023,LAPAN,Aqua,False,False,True,False
2023:6036,2023,NASA,Aqua,False,False,True,False
2023:6037,2023,NASA,Aqua,False,False,True,False
2023:6038,2023,NASA,Aqua,False,False,True,False
2023:6039,2023,LAPAN,Aqua,False,False,True,False
2023:6040,2023,LAPAN,Aqua,False,False,True,False
2023:6041,2023,LAPAN,Aqua,False,False,True,False
2023:6042,2023,LAPAN,Aqua,False,False,True,False
2023:6043,2023,NASA,Aqua,False,False,True,False
2023:6044,2023,LAPAN,Aqua,False,False,True,False
2023:6045,2023,LAPAN,Aqua,False,False,True,False
2023:6046,2023,LAPAN,Aqua,False,False,True,False
2023:6047,2023,LAPAN,NOAA20,False,False,False,False
2023:6048,2023,LAPAN,NOAA20,False,False,False,False
2023:6049,2023,NASA,NOAA20,False,False,False,False
2023:6050,2023,NASA,NOAA20,False,False,False,False
2023:6051,2023,NASA,NOAA20,False,False,False,False
2023:6052,2023,NASA,NOAA20,False,False,False,False
2023:6053,2023,NASA,NOAA20,False,False,False,False
2023:6054,2023,NASA,NOAA20,False,False,False,False
2023:6055,2023,NASA,NOAA20,False,False,False,False
2023:6056,2023,NASA,NOAA20,False,False,False,False
2023:6057,2023,NASA,NOAA20,False,False,False,False
2023:6058,2023,NASA,NOAA20,False,False,False,False
2023:6059,2023,LAPAN,NOAA20,False,False,False,False
2023:6060,2023,LAPAN,NOAA20,False,False,False,False
2023:6061,2023,LAPAN,NOAA20,False,False,False,False
2023:6062,2023,NASA,NOAA20,False,False,False,False
2023:6063,2023,NASA,NOAA20,False,False,False,False
2023:6064,2023,NASA,NOAA20,False,False,False,False
2023:6065,2023,NASA,NOAA20,False,False,False,False
2023:6066,2023,NASA,NOAA20,False,False,False,False
2023:6067,2023,NASA,NOAA20,False,False,False,False
2023:6068,2023,NASA,NOAA20,False,False,False,False
2023:6069,2023,LAPAN,NOAA20,False,False,False,False
2023:6070,2023,NASA,NOAA20,False,False,False,False
2023:6071,2023,NASA,NOAA20,False,False,False,False
2023:6072,2023,NASA,NOAA20,False,False,False,False
2023:6073,2023,NASA,NOAA20,False,False,False,False
2023:6074,2023,NASA,NOAA20,False,False,False,False
2023:6075,2023,LAPAN,NOAA20,False,False,False,False
2023:6076,2023,NASA,NOAA20,False,False,False,False
2023:6077,2023,NASA,NOAA20,False,False,False,False
2023:6078,2023,NASA,NOAA20,False,False,False,False
2023:6079,2023,NASA,NOAA20,False,False,False,False
2023:6080,2023,NASA,NOAA20,False,False,False,False
2023:6081,2023,LAPAN,NOAA20,False,False,False,False
2023:6082,2023,LAPAN,NOAA20,False,False,False,False
2023:6083,2023,NASA,NOAA20,False,False,False,False
2023:6084,2023,NASA,NOAA20,False,False,False,False
2023:6085,2023,NASA,NOAA20,False,False,False,False
2023:6086,2023,LAPAN,NOAA20,False,False,False,False
2023:6087,2023,NASA,NOAA20,False,False,False,False
2023:6088,2023,NASA,NOAA20,False,False,False,False
2023:6089,2023,LAPAN,NOAA20,False,False,False,False
2023:6090,2023,NASA,NOAA20,False,False,False,False
2023:6091,2023,LAPAN,NOAA20,False,False,False,False
2023:6092,2023,NASA,NOAA20,False,False,False,False
2023:6093,2023,NASA,NOAA20,False,False,False,False
2023:6094,2023,NASA,NOAA20,False,False,False,False
2023:6095,2023,NASA,NOAA20,False,False,False,False
2023:6096,2023,NASA,NOAA20,False,False,False,False
2023:6097,2023,NASA,NOAA20,False,False,False,False
2023:6098,2023,NASA,NOAA20,False,False,False,False
2023:6099,2023,LAPAN,NOAA20,False,False,False,False
2023:6100,2023,NASA,NOAA20,False,False,False,False
2023:6295,2023,NASA,NOAA20,False,False,False,False
2023:6296,2023,NASA,NOAA20,False,False,False,False
2023:6297,2023,NASA,NOAA20,False,False,False,False
2023:6298,2023,NASA,NOAA20,False,False,False,False
2023:6299,2023,NASA,NOAA20,False,False,False,False
2023:6300,2023,NASA,NOAA20,False,False,False,False
2023:6301,2023,NASA,NOAA20,False,False,False,False
2023:6302,2023,NASA,NOAA20,False,False,False,False
2023:6303,2023,NASA,NOAA20,False,False,False,False
2023:6304,2023,NASA,NOAA20,False,False,False,False
2023:6305,2023,NASA,NOAA20,False,False,False,False
2023:6306,2023,NASA,NOAA20,False,False,False,False
2023:6307,2023,NASA,NOAA20,False,False,True,False
2023:6308,2023,NASA,NOAA20,False,False,False,False
2023:6309,2023,NASA,NOAA20,False,False,False,False
2023:6310,2023,NASA,NOAA20,False,False,True,False
2023:6314,2023,NASA,NOAA20,False,False,False,False
2023:6315,2023,NASA,NOAA20,False,False,False,False
2023:6316,2023,NASA,NOAA20,False,False,False,False
2023:6317,2023,NASA,NOAA20,False,False,False,False
2023:6318,2023,NASA,NOAA20,False,False,False,False
2023:6319,2023,NASA,NOAA20,False,False,False,False
2023:6320,2023,NASA,NOAA20,False,False,False,False
2023:6321,2023,NASA,NOAA20,False,False,False,False
2023:6322,2023,NASA,NOAA20,False,False,False,False
2023:6323,2023,NASA,NOAA20,False,False,False,False
2023:6324,2023,NASA,NOAA20,False,False,False,False
2023:6325,2023,NASA,NOAA20,False,False,True,False
2023:6326,2023,NASA,NOAA20,False,False,True,False
2023:6327,2023,NASA,NOAA20,False,False,False,False
2023:6328,2023,NASA,NOAA20,False,False,False,False
2023:6329,2023,NASA,NOAA20,False,False,False,False
2023:6330,2023,NASA,NOAA20,False,False,False,False
2023:6331,2023,NASA,NOAA20,False,False,False,False
2023:6332,2023,NASA,NOAA20,False,False,False,False
2023:6333,2023,NASA,NOAA20,False,False,False,False
2023:6334,2023,NASA,NOAA20,False,False,False,False
2023:6336,2023,NASA,NOAA20,False,False,False,False
2023:6337,2023,NASA,NOAA20,False,False,False,False
2023:6338,2023,NASA,NOAA20,False,False,False,False
2023:6339,2023,NASA,NOAA20,False,False,False,False
2023:6340,2023,NASA,NOAA20,False,False,False,False
2023:6341,2023,NASA,NOAA20,False,False,False,False
2023:6342,2023,NASA,NOAA20,False,False,False,False
2023:6343,2023,NASA,NOAA20,False,False,False,False
2023:6344,2023,NASA,NOAA20,False,False,True,False
2023:6346,2023,NASA,NOAA20,False,False,False,False
2023:6347,2023,NASA,NOAA20,False,False,True,False
2023:6348,2023,NASA,NOAA20,False,False,False,False
2023:6349,2023,NASA,NOAA20,False,False,True,False
2023:6350,2023,NASA,NOAA20,False,False,False,False
2023:6351,2023,NASA,NOAA20,False,False,False,False
2023:6352,2023,NASA,NOAA20,False,False,False,False
2023:6353,2023,NASA,NOAA20,False,False,True,False
2023:6354,2023,NASA,NOAA20,False,False,False,False
2023:6355,2023,NASA,NOAA20,False,False,False,False
2023:6356,2023,NASA,NOAA20,False,False,False,False
2023:6357,2023,NASA,NOAA20,False,False,False,False
2023:6358,2023,NASA,NOAA20,False,False,True,False
2023:6359,2023,NASA,NOAA20,False,False,False,False
2023:6360,2023,NASA,NOAA20,False,False,False,False
2023:6361,2023,NASA,NOAA20,False,False,False,False
2023:6362,2023,NASA,NOAA20,False,False,False,False
2023:6363,2023,NASA,NOAA20,False,False,False,False
2023:6364,2023,NASA,NOAA20,False,False,False,False
2023:6365,2023,NASA,NOAA20,False,False,False,False
2023:6366,2023,NASA,NOAA20,False,False,True,False
2023:6367,2023,NASA,NOAA20,False,False,False,False
2023:6368,2023,NASA,NOAA20,False,False,False,False
2023:6369,2023,NASA,NOAA20,False,False,False,False
2023:6370,2023,NASA,NOAA20,False,False,False,False
2023:6371,2023,NASA,NOAA20,False,False,False,False
2023:6372,2023,NASA,NOAA20,False,False,False,False
2023:6373,2023,NASA,NOAA20,False,False,False,False
2023:6375,2023,NASA,NOAA20,False,False,False,False
2023:6377,2023,NASA,NOAA20,False,False,False,False
2023:6378,2023,NASA,NOAA20,False,False,True,False
2023:6379,2023,NASA,NOAA20,False,False,True,False
2023:6380,2023,NASA,NOAA20,False,False,False,False
2023:6381,2023,NASA,NOAA20,False,False,False,False
2023:6382,2023,NASA,NOAA20,False,False,False,False
2023:6383,2023,NASA,NOAA20,False,False,False,False
2023:6384,2023,NASA,NOAA20,False,False,False,False
2023:6385,2023,NASA,NOAA20,False,False,False,False
2023:6386,2023,NASA,NOAA20,False,False,False,False
2023:6387,2023,NASA,NOAA20,False,False,False,False
2023:6390,2023,NASA,NOAA20,False,False,False,False
2023:6391,2023,NASA,NOAA20,False,False,False,False
2023:6392,2023,NASA,NOAA20,False,False,False,False
2023:6393,2023,NASA,NOAA20,False,False,False,False
2023:6394,2023,NASA,NOAA20,False,False,True,False
2023:6395,2023,NASA,NOAA20,False,False,False,False
2023:6396,2023,NASA,NOAA20,False,False,True,False
2023:6397,2023,NASA,NOAA20,False,False,False,False
2023:6398,2023,NASA,NOAA20,False,False,False,False
2023:6399,2023,NASA,NOAA20,False,False,False,False
2023:6400,2023,NASA,NOAA20,False,False,False,False
2023:6401,2023,NASA,NOAA20,False,False,False,False
2023:6402,2023,NASA,NOAA20,False,False,False,False
2023:6403,2023,NASA,NOAA20,False,False,True,False
2023:6404,2023,NASA,NOAA20,False,False,True,False
2023:6406,2023,NASA,NOAA20,False,False,True,False
2023:6407,2023,NASA,NOAA20,False,False,False,False
2023:6408,2023,NASA,NOAA20,False,False,False,False
2023:6410,2023,NASA,NOAA20,False,False,False,False
2023:6411,2023,NASA,NOAA20,False,False,False,False
2023:6412,2023,NASA,NOAA20,False,False,False,False
2023:6413,2023,NASA,NOAA20,False,False,False,False
2023:6414,2023,NASA,NOAA20,False,False,False,False
2023:6415,2023,NASA,NOAA20,False,False,False,False
2023:6418,2023,NASA,NOAA20,False,False,False,False
2023:6419,2023,NASA,NOAA20,False,False,False,False
2023:6420,2023,NASA,NOAA20,False,False,False,False
2023:6421,2023,NASA,NOAA20,False,False,False,False
2023:6422,2023,NASA,NOAA20,False,False,False,False
2023:6424,2023,NASA,NOAA20,False,False,False,False
2023:6426,2023,NASA,NOAA20,False,False,False,False
2023:6427,2023,NASA,NOAA20,False,False,False,False
2023:6428,2023,NASA,NOAA20,False,False,False,False
2023:6429,2023,NASA,NOAA20,False,False,False,False
2023:6430,2023,NASA,NOAA20,False,False,False,False
2023:6432,2023,NASA,NOAA20,False,False,False,False
2023:6433,2023,NASA,NOAA20,False,False,True,False
2023:6434,2023,NASA,NOAA20,False,False,True,False
2023:6435,2023,NASA,NOAA20,False,False,False,False
2023:6437,2023,NASA,NOAA20,False,False,False,False
2023:6438,2023,NASA,NOAA20,False,False,False,False
2023:6439,2023,NASA,NOAA20,False,False,False,False
2023:6440,2023,NASA,NOAA20,False,False,False,False
2023:6441,2023,NASA,NOAA20,False,False,False,False
2023:6442,2023,NASA,NOAA20,False,False,False,False
2023:6443,2023,NASA,NOAA20,False,False,True,False
2023:6453,2023,NASA,Aqua,False,False,True,False
2023:6454,2023,NASA,Aqua,False,False,True,False
2023:6637,2023,NASA,Aqua,False,True,True,False
2023:6642,2023,NASA,Aqua,False,True,False,False
2023:6644,2023,LAPAN,Aqua,False,True,False,False
2023:6645,2023,LAPAN,Aqua,False,True,True,False
2023:6649,2023,NASA,Aqua,False,True,False,False
2023:6651,2023,NASA,Aqua,False,True,False,False
2023:6652,2023,NASA,Aqua,False,True,False,False
2023:6654,2023,LAPAN,Aqua,False,True,False,False
2023:6655,2023,LAPAN,Aqua,False,True,True,False
2023:6656,2023,NASA,Aqua,False,True,False,False
2023:6659,2023,NASA,Aqua,False,True,False,False
2023:6661,2023,LAPAN,Aqua,False,True,False,False
2023:6662,2023,NASA,Aqua,False,True,False,False
2023:6663,2023,NASA,Aqua,False,True,True,False
2023:6664,2023,NASA,Aqua,False,False,True,False
2023:6665,2023,NASA,Aqua,False,False,True,False
2023:6666,2023,NASA,Aqua,False,False,True,False
2023:6667,2023,NASA,Aqua,False,False,True,False
2023:6675,2023,LAPAN,SNPP,False,False,False,False
2023:6686,2023,LAPAN,SNPP,False,False,False,False
2023:6700,2023,LAPAN,NOAA20,False,True,False,False
2023:6703,2023,LAPAN,SNPP,False,False,True,False
2023:6707,2023,LAPAN,SNPP,False,False,True,False
2023:6714,2023,LAPAN,SNPP,False,False,True,False
2023:6738,2023,LAPAN,Aqua,False,False,False,False
2023:6739,2023,LAPAN,Aqua,False,False,False,False
2023:6740,2023,LAPAN,Aqua,False,False,False,False
2023:6741,2023,LAPAN,Aqua,False,False,False,False
2023:6742,2023,LAPAN,Aqua,False,False,False,False
2023:6743,2023,LAPAN,Aqua,False,False,False,False
2023:6744,2023,LAPAN,Aqua,False,False,False,False
2023:6745,2023,NASA,Aqua,False,False,True,False
2023:6746,2023,NASA,Aqua,False,False,True,False
2023:6747,2023,NASA,Aqua,False,False,True,False
2023:6748,2023,NASA,Aqua,False,False,True,False
2023:6749,2023,NASA,Aqua,False,False,True,False
2023:6750,2023,NASA,Aqua,False,False,True,False
2023:6751,2023,NASA,Aqua,False,False,True,False
2023:6752,2023,NASA,Aqua,False,False,True,False
2023:6753,2023,NASA,Aqua,False,False,True,False
2023:6754,2023,LAPAN,SNPP,False,False,False,False
2023:6755,2023,LAPAN,SNPP,False,False,False,False
2023:6756,2023,LAPAN,SNPP,False,False,False,False
2023:6757,2023,LAPAN,SNPP,False,False,False,False
2023:6758,2023,LAPAN,SNPP,False,False,False,False
2023:6759,2023,LAPAN,SNPP,False,False,False,False
2023:6760,2023,LAPAN,SNPP,False,False,False,False
2023:6761,2023,LAPAN,SNPP,False,False,False,False
2023:6762,2023,LAPAN,SNPP,False,False,False,False
2023:6763,2023,LAPAN,SNPP,False,False,False,False
2023:6764,2023,LAPAN,SNPP,False,False,False,False
2023:6765,2023,LAPAN,SNPP,False,False,False,False
2023:6766,2023,LAPAN,SNPP,False,False,False,False
2023:6767,2023,LAPAN,SNPP,False,False,False,False
2023:6768,2023,LAPAN,SNPP,False,False,False,False
2023:6769,2023,LAPAN,SNPP,False,False,False,False
2023:6770,2023,LAPAN,SNPP,False,False,False,False
2023:6771,2023,LAPAN,SNPP,False,False,False,False
2023:6772,2023,LAPAN,SNPP,False,False,False,False
2023:6773,2023,LAPAN,SNPP,False,False,False,False
2023:6774,2023,LAPAN,SNPP,False,False,False,False
2023:6775,2023,LAPAN,SNPP,False,False,False,False
2023:6776,2023,LAPAN,SNPP,False,False,False,False
2023:6777,2023,LAPAN,SNPP,False,False,False,False
2023:6778,2023,LAPAN,SNPP,False,False,False,False
2023:6779,2023,LAPAN,SNPP,False,False,False,False
2023:6780,2023,LAPAN,SNPP,False,False,False,False
2023:6781,2023,LAPAN,SNPP,False,False,False,False
2023:6782,2023,LAPAN,SNPP,False,False,False,False
2023:6783,2023,LAPAN,SNPP,False,False,False,False
2023:6784,2023,LAPAN,SNPP,False,False,False,False
2023:6785,2023,LAPAN,SNPP,False,False,False,False
2023:6786,2023,LAPAN,SNPP,False,False,False,False
2023:6787,2023,LAPAN,SNPP,False,False,False,False
2023:6788,2023,LAPAN,SNPP,False,False,False,False
2023:6789,2023,LAPAN,SNPP,False,False,False,False
2023:6790,2023,LAPAN,SNPP,False,False,False,False
2023:6791,2023,LAPAN,SNPP,False,False,False,False
2023:6792,2023,LAPAN,SNPP,False,False,False,False
2023:6793,2023,LAPAN,SNPP,False,False,False,False
2023:6794,2023,LAPAN,SNPP,False,False,False,False
2023:6795,2023,LAPAN,SNPP,False,False,False,False
2023:6796,2023,LAPAN,SNPP,False,False,False,False
2023:6797,2023,LAPAN,SNPP,False,False,False,False
2023:6798,2023,LAPAN,SNPP,False,False,False,False
2023:6799,2023,LAPAN,SNPP,False,False,False,False
2023:6800,2023,LAPAN,SNPP,False,False,False,False
2023:6926,2023,NASA,Aqua,False,False,True,False
2023:6927,2023,NASA,Aqua,False,False,True,False
2023:6928,2023,NASA,Aqua,False,False,True,False
2023:6929,2023,NASA,Aqua,False,False,True,False
2023:6930,2023,NASA,Aqua,False,False,True,False
2023:6931,2023,NASA,Aqua,False,False,True,False
2023:6932,2023,NASA,Aqua,False,False,True,False
2023:7448,2023,NASA,Aqua,False,False,True,False
2023:7449,2023,NASA,Aqua,False,False,True,False
2023:7450,2023,LAPAN,Aqua,False,False,True,False
2023:7451,2023,LAPAN,Aqua,False,False,True,False
2023:7452,2023,NASA,Aqua,False,False,True,False
2023:7453,2023,NASA,Aqua,False,False,True,False
2023:7454,2023,LAPAN,Aqua,False,False,True,False
2023:7455,2023,NASA,Aqua,False,False,True,False
2023:7456,2023,LAPAN,Aqua,False,False,True,False
2023:7580,2023,NASA,Aqua,False,False,True,False
2023:7581,2023,NASA,Aqua,False,False,True,False
2023:7582,2023,NASA,Aqua,False,False,True,False
2023:7583,2023,NASA,Aqua,False,False,True,False
2023:7584,2023,NASA,Aqua,False,False,True,False
2023:7585,2023,NASA,Aqua,False,False,True,False
2023:7586,2023,LAPAN,SNPP,False,False,False,False
2023:7587,2023,LAPAN,SNPP,False,False,False,False
2023:7588,2023,LAPAN,SNPP,False,False,False,False
2023:7589,2023,LAPAN,SNPP,False,False,False,False
2023:7590,2023,LAPAN,SNPP,False,False,False,False
2023:7591,2023,LAPAN,SNPP,False,False,False,False
2023:7592,2023,LAPAN,SNPP,False,False,False,False
2023:7593,2023,LAPAN,SNPP,False,False,False,False
2023:7594,2023,LAPAN,SNPP,False,False,False,False
2023:7595,2023,LAPAN,SNPP,False,False,False,False
2023:7596,2023,LAPAN,SNPP,False,False,False,False
2023:7597,2023,LAPAN,SNPP,False,False,False,False
2023:7598,2023,LAPAN,SNPP,False,False,False,False
2023:7599,2023,LAPAN,SNPP,False,False,False,False
2023:7600,2023,LAPAN,SNPP,False,False,False,False
2023:7601,2023,LAPAN,SNPP,False,False,False,False
2023:7602,2023,LAPAN,SNPP,False,False,False,False
2023:7603,2023,LAPAN,SNPP,False,False,False,False
2023:7604,2023,LAPAN,SNPP,False,False,False,False
2023:7605,2023,LAPAN,SNPP,False,False,False,False
2023:7606,2023,LAPAN,SNPP,False,False,False,False
2023:7607,2023,LAPAN,SNPP,False,False,False,False
2023:7608,2023,LAPAN,SNPP,False,False,False,False
2023:7609,2023,LAPAN,SNPP,False,False,False,False
2023:7610,2023,LAPAN,SNPP,False,False,False,False
2023:7611,2023,LAPAN,SNPP,False,False,False,False
2023:7612,2023,LAPAN,SNPP,False,False,False,False
2023:7613,2023,LAPAN,SNPP,False,False,False,False
2023:7614,2023,LAPAN,SNPP,False,False,False,False
2023:7615,2023,LAPAN,SNPP,False,False,False,False
2023:7616,2023,LAPAN,SNPP,False,False,False,False
2023:7617,2023,LAPAN,SNPP,False,False,False,False
2023:7618,2023,LAPAN,SNPP,False,False,False,False
2023:7619,2023,LAPAN,SNPP,False,False,False,False
2023:7620,2023,LAPAN,SNPP,False,False,False,False
2023:7621,2023,LAPAN,SNPP,False,False,False,False
2023:7622,2023,LAPAN,SNPP,False,False,False,False
2023:7623,2023,LAPAN,SNPP,False,False,False,False
2023:7624,2023,LAPAN,SNPP,False,False,False,False
2023:7625,2023,LAPAN,SNPP,False,False,False,False
2023:7626,2023,LAPAN,SNPP,False,False,False,False
2023:7627,2023,LAPAN,SNPP,False,False,False,False
2023:7628,2023,LAPAN,SNPP,False,False,False,False
2023:7629,2023,LAPAN,SNPP,False,False,False,False
2023:7630,2023,LAPAN,SNPP,False,False,False,False
2023:7631,2023,LAPAN,SNPP,False,False,False,False
2023:7632,2023,LAPAN,SNPP,False,False,False,False
2023:7633,2023,LAPAN,SNPP,False,False,False,False
2023:7634,2023,LAPAN,SNPP,False,False,False,False
2023:7635,2023,LAPAN,SNPP,False,False,False,False
2023:7636,2023,LAPAN,SNPP,False,False,False,False
2023:7637,2023,LAPAN,SNPP,False,False,False,False
2023:7638,2023,LAPAN,SNPP,False,False,False,False
2023:7639,2023,LAPAN,SNPP,False,False,False,False
2023:7640,2023,LAPAN,SNPP,False,False,False,False
2023:7641,2023,LAPAN,SNPP,False,False,False,False
2023:7642,2023,LAPAN,SNPP,False,False,False,False
2023:7643,2023,LAPAN,SNPP,False,False,False,False
2023:7644,2023,LAPAN,SNPP,False,False,False,False
2023:7645,2023,LAPAN,SNPP,False,False,False,False
2023:7646,2023,LAPAN,SNPP,False,False,False,False
2023:7647,2023,LAPAN,SNPP,False,False,False,False
2023:7648,2023,LAPAN,SNPP,False,False,False,False
2023:7649,2023,LAPAN,SNPP,False,False,False,False
2023:7650,2023,LAPAN,SNPP,False,False,False,False
2023:7651,2023,LAPAN,SNPP,False,False,False,False
2023:7652,2023,LAPAN,SNPP,False,False,False,False
2023:7653,2023,LAPAN,SNPP,False,False,False,False
2023:7654,2023,LAPAN,SNPP,False,False,False,False
2023:7655,2023,LAPAN,SNPP,False,False,False,False
2023:7656,2023,LAPAN,SNPP,False,False,False,False
2023:7657,2023,LAPAN,SNPP,False,False,False,False
2023:7658,2023,LAPAN,SNPP,False,False,False,False
2023:7659,2023,LAPAN,SNPP,False,False,False,False
2023:7660,2023,LAPAN,SNPP,False,False,False,False
2023:7661,2023,LAPAN,SNPP,False,False,False,False
2023:7662,2023,LAPAN,SNPP,False,False,False,False
2023:7663,2023,LAPAN,SNPP,False,False,False,False
2023:7664,2023,LAPAN,SNPP,False,False,False,False
2023:7665,2023,LAPAN,SNPP,False,False,False,False
2023:7666,2023,LAPAN,SNPP,False,False,False,False
2023:7667,2023,LAPAN,SNPP,False,False,False,False
2023:7668,2023,LAPAN,SNPP,False,False,False,False
2023:7669,2023,LAPAN,SNPP,False,False,False,False
2023:7670,2023,LAPAN,SNPP,False,False,False,False
2023:7671,2023,LAPAN,SNPP,False,False,False,False
2023:7672,2023,LAPAN,SNPP,False,False,False,False
2023:7673,2023,LAPAN,SNPP,False,False,False,False
2023:7674,2023,LAPAN,SNPP,False,False,False,False
2023:7675,2023,LAPAN,SNPP,False,False,False,False
2023:7676,2023,LAPAN,SNPP,False,False,False,False
2023:7677,2023,LAPAN,SNPP,False,False,False,False
2023:7678,2023,LAPAN,SNPP,False,False,False,False
2023:7679,2023,LAPAN,SNPP,False,False,False,False
2023:7680,2023,LAPAN,SNPP,False,False,False,False
2023:7681,2023,LAPAN,SNPP,False,False,False,False
2023:7682,2023,LAPAN,SNPP,False,False,False,False
2023:7683,2023,LAPAN,SNPP,False,False,False,False
2023:7684,2023,LAPAN,SNPP,False,False,False,False
2023:7685,2023,LAPAN,SNPP,False,False,False,False
2023:7686,2023,LAPAN,SNPP,False,False,False,False
2023:7687,2023,LAPAN,SNPP,False,False,False,False
2023:7688,2023,LAPAN,SNPP,False,False,False,False
2023:7689,2023,LAPAN,SNPP,False,False,False,False
2023:7690,2023,LAPAN,SNPP,False,False,False,False
2023:7691,2023,LAPAN,SNPP,False,False,False,False
2023:7692,2023,LAPAN,SNPP,False,False,False,False
2023:7693,2023,LAPAN,SNPP,False,False,False,False
2023:7694,2023,LAPAN,SNPP,False,False,False,False
2023:7695,2023,LAPAN,SNPP,False,False,False,False
2023:7696,2023,LAPAN,SNPP,False,False,False,False
2023:7697,2023,LAPAN,SNPP,False,False,False,False
2023:7698,2023,LAPAN,SNPP,False,False,False,False
2023:7699,2023,LAPAN,SNPP,False,False,False,False
2023:7700,2023,LAPAN,SNPP,False,False,False,False
2023:7701,2023,LAPAN,SNPP,False,False,False,False
2023:7702,2023,LAPAN,SNPP,False,False,False,False
2023:7703,2023,LAPAN,SNPP,False,False,False,False
2023:7704,2023,LAPAN,SNPP,False,False,False,False
2023:7705,2023,LAPAN,SNPP,False,False,False,False
2023:7706,2023,LAPAN,SNPP,False,False,False,False
2023:7707,2023,LAPAN,SNPP,False,False,False,False
2023:7708,2023,LAPAN,SNPP,False,False,False,False
2023:7709,2023,LAPAN,SNPP,False,False,False,False
2023:7710,2023,LAPAN,SNPP,False,False,False,False
2023:7711,2023,LAPAN,SNPP,False,False,False,False
2023:7996,2023,NASA,Aqua,False,False,True,False
2023:7997,2023,NASA,Aqua,False,False,True,False
2023:7998,2023,NASA,Aqua,False,False,True,False
2023:7999,2023,NASA,Aqua,False,False,True,False
2023:8000,2023,NASA,Aqua,False,False,True,False
2023:8055,2023,NASA,Aqua,False,True,True,False
2023:8098,2023,NASA,Aqua,False,True,False,False
2023:8255,2023,LAPAN,Aqua,False,True,True,False
2023:8604,2023,LAPAN,Aqua,False,True,True,False
2023:8646,2023,LAPAN,Aqua,False,False,True,False
2023:8647,2023,NASA,Aqua,False,False,True,False
2023:8648,2023,NASA,Aqua,False,False,True,False
2023:8649,2023,NASA,Aqua,False,False,True,False
2023:8650,2023,NASA,Aqua,False,False,True,False
2023:8651,2023,LAPAN,Aqua,False,False,True,False
2023:8652,2023,LAPAN,Aqua,False,False,True,False
2023:8931,2023,NASA,Aqua,False,False,True,False
2023:8932,2023,NASA,Aqua,False,False,True,False
2023:8933,2023,NASA,Aqua,False,False,True,False
2023:8934,2023,NASA,Aqua,False,False,True,False
2023:8935,2023,NASA,Aqua,False,False,True,False
2023:8936,2023,NASA,Aqua,False,False,True,False
2023:8937,2023,NASA,Aqua,False,False,True,False
2023:8938,2023,NASA,Aqua,False,False,True,False
2023:8939,2023,NASA,Aqua,False,False,True,False
2023:8952,2023,LAPAN,NOAA20,False,True,False,False
2023:9004,2023,LAPAN,NOAA20,False,False,False,False
2023:9041,2023,NASA,NOAA20,False,False,False,False
2023:9119,2023,NASA,NOAA20,False,True,False,False
2023:9139,2023,LAPAN,NOAA20,False,False,False,False
2023:9155,2023,NASA,NOAA20,False,False,False,False
2023:9305,2023,NASA,Aqua,False,False,True,False
2023:9306,2023,LAPAN,Aqua,False,False,True,False
2023:9307,2023,LAPAN,Aqua,False,False,True,False
2023:9308,2023,NASA,Aqua,False,False,True,False
2023:9309,2023,LAPAN,Aqua,False,False,True,False
2023:9310,2023,LAPAN,Aqua,False,False,True,False
2023:9311,2023,NASA,Aqua,False,False,True,False
2023:9312,2023,LAPAN,Aqua,False,False,True,False
2023:9313,2023,NASA,Aqua,False,False,True,False
2023:9314,2023,NASA,Aqua,False,False,True,False
2023:9315,2023,NASA,Aqua,False,False,True,False
2023:9316,2023,NASA,Aqua,False,False,True,False
2023:9317,2023,LAPAN,Aqua,False,False,True,False
2023:9318,2023,LAPAN,Aqua,False,False,True,False
2023:9319,2023,NASA,Aqua,False,False,True,False
2023:9320,2023,NASA,Aqua,False,False,True,False
2023:9321,2023,NASA,Aqua,False,False,True,False
2023:9322,2023,LAPAN,Aqua,False,False,True,False
2023:9323,2023,NASA,Aqua,False,False,True,False
2023:9324,2023,NASA,Aqua,False,False,True,False
2023:9325,2023,NASA,Aqua,False,False,True,False
2023:9326,2023,LAPAN,Aqua,False,False,True,False
2023:9327,2023,LAPAN,Aqua,False,False,True,False
2023:9328,2023,LAPAN,Aqua,False,False,True,False
2023:9329,2023,NASA,Aqua,False,False,True,False
2023:9330,2023,LAPAN,Aqua,False,False,True,False
2023:9331,2023,LAPAN,Aqua,False,False,True,False
2023:9332,2023,NASA,Aqua,False,False,True,False
2023:9333,2023,NASA,Aqua,False,False,True,False
2023:9334,2023,LAPAN,Aqua,False,False,True,False
2023:9335,2023,NASA,Aqua,False,False,True,False
2023:9336,2023,NASA,Aqua,False,False,True,False
2023:9337,2023,NASA,Aqua,False,False,True,False
2023:9338,2023,LAPAN,Aqua,False,False,True,False
2023:9339,2023,LAPAN,Aqua,False,False,True,False
2023:9340,2023,NASA,Aqua,False,False,True,False
2023:9341,2023,LAPAN,Aqua,False,False,True,False
2023:9572,2023,NASA,Aqua,False,False,True,False
2023:9573,2023,NASA,Aqua,False,False,True,False
2023:9574,2023,NASA,Aqua,False,False,True,False
2023:9575,2023,NASA,Aqua,False,False,True,False
2023:9576,2023,NASA,Aqua,False,False,True,False
2023:9577,2023,NASA,Aqua,False,False,True,False
2023:9578,2023,NASA,Aqua,False,False,True,False
2023:10005,2023,LAPAN,Aqua,False,False,False,False
2023:10006,2023,LAPAN,Aqua,False,False,False,False
2023:10011,2023,LAPAN,Aqua,False,False,False,False
2023:10013,2023,LAPAN,Aqua,False,False,True,False
2023:10016,2023,LAPAN,Aqua,False,False,True,False
2023:10022,2023,LAPAN,Aqua,False,False,False,False
2023:10027,2023,LAPAN,Aqua,False,False,False,False
2023:10040,2023,NASA,Aqua,False,False,True,False
2023:10105,2023,NASA,Aqua,False,False,True,False
2023:10106,2023,LAPAN,Aqua,False,False,True,False
2023:10107,2023,LAPAN,Aqua,False,False,True,False
2023:10108,2023,NASA,Aqua,False,False,True,False
2023:10109,2023,LAPAN,Aqua,False,False,True,False
2023:10110,2023,NASA,Aqua,False,False,True,False
2023:10111,2023,NASA,Aqua,False,False,True,False
2023:10112,2023,NASA,Aqua,False,False,True,False
2023:10113,2023,NASA,Aqua,False,False,True,False
2023:10114,2023,LAPAN,Aqua,False,False,True,False
2023:10115,2023,LAPAN,Aqua,False,False,True,False
2023:10116,2023,NASA,Aqua,False,False,True,False
2023:10117,2023,LAPAN,Aqua,False,False,True,False
2023:10118,2023,LAPAN,Aqua,False,False,True,False
2023:10119,2023,NASA,Aqua,False,False,True,False
2023:10120,2023,NASA,Aqua,False,False,True,False
2023:10121,2023,NASA,Aqua,False,False,True,False
2023:10122,2023,LAPAN,Aqua,False,False,True,False
2023:10123,2023,NASA,Aqua,False,False,True,False
2023:10124,2023,LAPAN,Aqua,False,False,True,False
2023:10125,2023,NASA,Aqua,False,False,True,False
2023:10126,2023,LAPAN,Aqua,False,False,True,False
2023:10127,2023,LAPAN,Aqua,False,False,True,False
2023:10128,2023,LAPAN,Aqua,False,False,True,False
2023:10129,2023,NASA,Aqua,False,False,True,False
2023:10130,2023,LAPAN,Aqua,False,False,True,False
2023:10131,2023,NASA,Aqua,False,False,True,False
2023:10132,2023,NASA,Aqua,False,False,True,False
2023:10133,2023,NASA,Aqua,False,False,True,False
2023:10134,2023,NASA,Aqua,False,False,True,False
2023:10135,2023,LAPAN,Aqua,False,False,True,False
2023:10136,2023,LAPAN,Aqua,False,False,True,False
2023:10137,2023,NASA,Aqua,False,False,True,False
2023:10331,2023,NASA,Aqua,False,False,True,False
2023:10332,2023,NASA,Aqua,False,False,True,False
2023:10333,2023,NASA,Aqua,False,False,True,False
2023:10334,2023,NASA,Aqua,False,False,True,False
2023:10335,2023,NASA,Aqua,False,False,True,False
2023:10347,2023,LAPAN,NOAA20,False,False,False,False
2023:10348,2023,LAPAN,NOAA20,False,False,False,False
2023:10349,2023,LAPAN,NOAA20,False,False,False,False
2023:10350,2023,LAPAN,NOAA20,False,False,False,False
2023:10351,2023,LAPAN,NOAA20,False,False,False,False
2023:10354,2023,LAPAN,NOAA20,False,False,True,False
2023:10364,2023,LAPAN,NOAA20,False,False,False,False
2023:10365,2023,LAPAN,NOAA20,False,False,False,False
2023:10374,2023,LAPAN,NOAA20,False,False,True,False
2023:10381,2023,LAPAN,NOAA20,False,False,False,False
2023:10383,2023,LAPAN,NOAA20,False,False,False,False
2023:10385,2023,LAPAN,NOAA20,False,False,False,False
2023:10387,2023,LAPAN,NOAA20,False,False,False,False
2023:10396,2023,LAPAN,NOAA20,False,False,False,False
2023:10403,2023,LAPAN,NOAA20,False,False,False,False
2023:10428,2023,LAPAN,NOAA20,False,False,False,False
2023:10429,2023,LAPAN,NOAA20,False,False,False,False
2023:10430,2023,LAPAN,NOAA20,False,False,False,False
2023:10431,2023,LAPAN,NOAA20,False,False,False,False
2023:10432,2023,LAPAN,NOAA20,False,False,False,False
2023:10433,2023,LAPAN,NOAA20,False,False,False,False
2023:10434,2023,LAPAN,NOAA20,False,False,False,False
2023:10435,2023,LAPAN,NOAA20,False,False,False,False
2023:10436,2023,LAPAN,NOAA20,False,False,False,False
2023:10437,2023,LAPAN,NOAA20,False,False,False,False
2023:10438,2023,LAPAN,NOAA20,False,False,False,False
2023:10439,2023,LAPAN,NOAA20,False,False,False,False
2023:10440,2023,LAPAN,NOAA20,False,False,False,False
2023:10441,2023,LAPAN,NOAA20,False,False,False,False
2023:10442,2023,LAPAN,NOAA20,False,False,False,False
2023:10455,2023,NASA,Aqua,False,True,False,False
2023:10478,2023,LAPAN,Aqua,False,True,False,False
2023:10486,2023,NASA,Aqua,False,True,False,False
2023:10700,2023,LAPAN,NOAA20,False,False,False,False
2023:10781,2023,NASA,Aqua,False,False,True,False
2023:10782,2023,LAPAN,Aqua,False,False,True,False
2023:10783,2023,NASA,Aqua,False,False,True,False
2023:10784,2023,NASA,Aqua,False,False,True,False
2023:10785,2023,LAPAN,Aqua,False,False,True,False
2023:10786,2023,NASA,Aqua,False,False,True,False
2023:10787,2023,LAPAN,Aqua,False,False,True,False
2023:10788,2023,NASA,Aqua,False,False,True,False
2023:10789,2023,LAPAN,Aqua,False,False,True,False
2023:10790,2023,NASA,Aqua,False,False,True,False
2023:10791,2023,LAPAN,Aqua,False,False,True,False
2023:10792,2023,NASA,Aqua,False,False,True,False
2023:10793,2023,NASA,Aqua,False,False,True,False
2023:11091,2023,LAPAN,Aqua,False,False,False,False
2023:11092,2023,NASA,Aqua,False,False,False,False
2023:11093,2023,NASA,Aqua,False,False,False,False
2023:11094,2023,NASA,Aqua,False,False,False,False
2023:11095,2023,NASA,Aqua,False,False,False,False
2023:11096,2023,NASA,Aqua,False,False,False,False
2023:11097,2023,NASA,Aqua,False,False,False,False
2023:11098,2023,NASA,Aqua,False,False,False,False
2023:11099,2023,NASA,Aqua,False,False,False,False
2023:11100,2023,NASA,Aqua,False,False,False,False
2023:11101,2023,NASA,Aqua,False,False,False,False
2023:11102,2023,NASA,Aqua,False,False,False,False
2023:11103,2023,NASA,Aqua,False,False,False,False
2023:11104,2023,NASA,Aqua,False,False,False,False
2023:11105,2023,NASA,Aqua,False,False,False,False
2023:11106,2023,NASA,Aqua,False,False,False,False
2023:11107,2023,NASA,Aqua,False,False,False,False
2023:11108,2023,NASA,Aqua,False,False,False,False
2023:11109,2023,NASA,Aqua,False,False,False,False
2023:11483,2023,LAPAN,Aqua,False,False,True,False
2023:11484,2023,LAPAN,Aqua,False,False,True,False
2023:11485,2023,NASA,Aqua,False,False,True,False
2023:11486,2023,LAPAN,Aqua,False,False,True,False
2023:11487,2023,NASA,Aqua,False,False,True,False
2023:11488,2023,LAPAN,Aqua,False,False,True,False
2023:11489,2023,LAPAN,Aqua,False,False,True,False
2023:11490,2023,NASA,Aqua,False,False,True,False
2023:11491,2023,NASA,Aqua,False,False,True,False
2023:11492,2023,LAPAN,Aqua,False,False,True,False
2023:11493,2023,NASA,Aqua,False,False,True,False
2023:11494,2023,NASA,Aqua,False,False,True,False
2023:11495,2023,NASA,Aqua,False,False,True,False
2023:11496,2023,NASA,Aqua,False,False,True,False
2023:11497,2023,LAPAN,Aqua,False,False,True,False
2023:11498,2023,LAPAN,Aqua,False,False,True,False
2023:11499,2023,NASA,Aqua,False,False,True,False
2023:11500,2023,NASA,Aqua,False,False,True,False
2023:11501,2023,NASA,Aqua,False,False,True,False
2023:11812,2023,LAPAN,NOAA20,False,False,False,False
2023:11813,2023,LAPAN,NOAA20,False,False,False,False
2023:11814,2023,LAPAN,NOAA20,False,False,False,False
2023:11815,2023,LAPAN,NOAA20,False,False,False,False
2023:11816,2023,LAPAN,NOAA20,False,False,False,False
2023:11817,2023,LAPAN,NOAA20,False,False,False,False
2023:11818,2023,LAPAN,NOAA20,False,False,False,False
2023:11819,2023,LAPAN,NOAA20,False,False,False,False
2023:11820,2023,LAPAN,NOAA20,False,False,False,False
2023:11821,2023,LAPAN,NOAA20,False,False,False,False
2023:11822,2023,LAPAN,NOAA20,False,False,False,False
2023:11823,2023,LAPAN,NOAA20,False,False,False,False
2023:11824,2023,LAPAN,NOAA20,False,False,False,False
2023:11825,2023,LAPAN,NOAA20,False,False,False,False
2023:11826,2023,LAPAN,NOAA20,False,False,False,False
2023:11827,2023,LAPAN,NOAA20,False,False,False,False
2023:11828,2023,LAPAN,NOAA20,False,False,False,False
2023:11829,2023,LAPAN,NOAA20,False,False,False,False
2023:11830,2023,LAPAN,NOAA20,False,False,False,False
2023:11831,2023,LAPAN,NOAA20,False,False,False,False
2023:11832,2023,LAPAN,NOAA20,False,False,False,False
2023:11833,2023,LAPAN,NOAA20,False,False,False,False
2023:11834,2023,LAPAN,NOAA20,False,False,False,False
2023:11835,2023,LAPAN,NOAA20,False,False,False,False
2023:11836,2023,LAPAN,NOAA20,False,False,False,False
2023:11837,2023,LAPAN,NOAA20,False,False,False,False
2023:11838,2023,LAPAN,NOAA20,False,False,False,False
2023:11839,2023,LAPAN,NOAA20,False,False,False,False
2023:11840,2023,LAPAN,NOAA20,False,False,False,False
2023:11841,2023,LAPAN,NOAA20,False,False,False,False
2023:11842,2023,LAPAN,NOAA20,False,False,False,False
2023:11843,2023,LAPAN,NOAA20,False,False,False,False
2023:11844,2023,LAPAN,NOAA20,False,False,False,False
2023:11845,2023,LAPAN,NOAA20,False,False,False,False
2023:11846,2023,LAPAN,NOAA20,False,False,False,False
2023:11847,2023,LAPAN,NOAA20,False,False,False,False
2023:11848,2023,LAPAN,NOAA20,False,False,False,False
2023:11849,2023,LAPAN,NOAA20,False,False,False,False
2023:11850,2023,LAPAN,NOAA20,False,False,False,False
2023:11851,2023,LAPAN,NOAA20,False,False,False,False
2023:11852,2023,LAPAN,NOAA20,False,False,False,False
2023:11853,2023,LAPAN,NOAA20,False,False,False,False
2023:11854,2023,LAPAN,NOAA20,False,False,False,False
2023:11855,2023,LAPAN,NOAA20,False,False,False,False
2023:11856,2023,LAPAN,NOAA20,False,False,False,False
2023:11857,2023,LAPAN,NOAA20,False,False,False,False
2023:11858,2023,LAPAN,NOAA20,False,False,False,False
2023:11859,2023,LAPAN,NOAA20,False,False,False,False
2023:11860,2023,LAPAN,NOAA20,False,False,False,False
2023:11861,2023,LAPAN,NOAA20,False,False,False,False
2023:11862,2023,LAPAN,NOAA20,False,False,False,False
2023:11863,2023,LAPAN,NOAA20,False,False,False,False
2023:11864,2023,LAPAN,NOAA20,False,False,False,False
2023:11865,2023,LAPAN,NOAA20,False,False,False,False
2023:11866,2023,LAPAN,NOAA20,False,False,False,False
2023:11867,2023,LAPAN,NOAA20,False,False,False,False
2023:11868,2023,LAPAN,NOAA20,False,False,False,False
2023:11869,2023,LAPAN,NOAA20,False,False,False,False
2023:11870,2023,LAPAN,NOAA20,False,False,False,False
2023:11871,2023,LAPAN,NOAA20,False,False,False,False
2023:11872,2023,LAPAN,NOAA20,False,False,False,False
2023:11873,2023,LAPAN,NOAA20,False,False,False,False
2023:11874,2023,LAPAN,NOAA20,False,False,False,False
2023:11875,2023,LAPAN,NOAA20,False,False,False,False
2023:11876,2023,LAPAN,NOAA20,False,False,False,False
2023:11877,2023,LAPAN,NOAA20,False,False,False,False
2023:11878,2023,LAPAN,NOAA20,False,False,False,False
2023:11879,2023,LAPAN,NOAA20,False,False,False,False
2023:11880,2023,LAPAN,NOAA20,False,False,False,False
2023:11881,2023,LAPAN,NOAA20,False,False,False,False
2023:11882,2023,LAPAN,NOAA20,False,False,False,False
2023:11883,2023,LAPAN,NOAA20,False,False,False,False
2023:11884,2023,LAPAN,NOAA20,False,False,False,False
2023:11885,2023,LAPAN,NOAA20,False,False,False,False
2023:11886,2023,LAPAN,NOAA20,False,False,False,False
2023:11887,2023,LAPAN,NOAA20,False,False,False,False
2023:11888,2023,LAPAN,NOAA20,False,False,False,False
2023:11889,2023,LAPAN,NOAA20,False,False,False,False
2023:11890,2023,LAPAN,NOAA20,False,False,False,False
2023:11891,2023,LAPAN,NOAA20,False,False,False,False
2023:11892,2023,LAPAN,NOAA20,False,False,False,False
2023:11893,2023,LAPAN,NOAA20,False,False,False,False
2023:11894,2023,LAPAN,NOAA20,False,False,False,False
2023:11895,2023,LAPAN,NOAA20,False,False,False,False
2023:11896,2023,LAPAN,NOAA20,False,False,False,False
2023:11897,2023,LAPAN,NOAA20,False,False,False,False
2023:11898,2023,LAPAN,NOAA20,False,False,False,False
2023:11899,2023,LAPAN,NOAA20,False,False,False,False
2023:11900,2023,LAPAN,NOAA20,False,False,False,False
2023:11901,2023,LAPAN,NOAA20,False,False,False,False
2023:11902,2023,LAPAN,NOAA20,False,False,False,False
2023:11903,2023,LAPAN,NOAA20,False,False,False,False
2023:11904,2023,LAPAN,NOAA20,False,False,False,False
2023:11905,2023,LAPAN,NOAA20,False,False,False,False
2023:11906,2023,LAPAN,NOAA20,False,False,False,False
2023:11907,2023,LAPAN,NOAA20,False,False,False,False
2023:11908,2023,LAPAN,NOAA20,False,False,False,False
2023:11909,2023,LAPAN,NOAA20,False,False,False,False
2023:11910,2023,LAPAN,NOAA20,False,False,False,False
2023:11911,2023,LAPAN,NOAA20,False,False,False,False
2023:11912,2023,LAPAN,NOAA20,False,False,False,False
2023:11913,2023,LAPAN,NOAA20,False,False,False,False
2023:11914,2023,LAPAN,NOAA20,False,False,False,False
2023:11915,2023,LAPAN,NOAA20,False,False,False,False
2023:11916,2023,LAPAN,NOAA20,False,False,False,False
2023:11917,2023,LAPAN,NOAA20,False,False,False,False
2023:11918,2023,LAPAN,NOAA20,False,False,False,False
2023:11919,2023,LAPAN,NOAA20,False,False,False,False
2023:11920,2023,LAPAN,NOAA20,False,False,False,False
2023:11921,2023,LAPAN,NOAA20,False,False,False,False
2023:11922,2023,LAPAN,NOAA20,False,False,False,False
2023:11923,2023,LAPAN,NOAA20,False,False,False,False
2023:11924,2023,LAPAN,NOAA20,False,False,False,False
2023:11925,2023,LAPAN,NOAA20,False,False,False,False
2023:11926,2023,LAPAN,NOAA20,False,False,False,False
2023:12127,2023,LAPAN,Aqua,False,False,False,False
2023:12161,2023,LAPAN,Aqua,False,True,False,False
2023:12168,2023,LAPAN,Aqua,False,True,False,False
2023:12174,2023,LAPAN,Aqua,False,False,True,False
2023:12263,2023,LAPAN,Aqua,False,False,False,False
2023:12675,2023,NASA,Aqua,False,False,True,False
2023:13180,2023,NASA,Aqua,False,False,False,False
2023:13181,2023,NASA,Aqua,False,False,False,False
2023:13182,2023,LAPAN,Aqua,False,False,False,False
2023:13183,2023,NASA,Aqua,False,False,False,False
2023:13184,2023,NASA,Aqua,False,False,False,False
2023:13185,2023,LAPAN,Aqua,False,False,False,False
2023:13186,2023,LAPAN,Aqua,False,False,False,False
2023:13187,2023,LAPAN,Aqua,False,False,False,False
2023:13188,2023,LAPAN,Aqua,False,False,False,False
2023:13189,2023,LAPAN,Aqua,False,False,False,False
2023:13190,2023,LAPAN,Aqua,False,False,False,False
2023:13191,2023,LAPAN,Aqua,False,False,False,False
2023:13192,2023,LAPAN,Aqua,False,False,False,False
2023:13193,2023,LAPAN,Aqua,False,False,False,False
2023:13194,2023,LAPAN,Aqua,False,False,False,False
2023:13195,2023,LAPAN,Aqua,False,False,False,False
2023:13196,2023,LAPAN,Aqua,False,False,False,False
2023:13197,2023,LAPAN,Aqua,False,False,False,False
2023:13198,2023,LAPAN,Aqua,False,False,False,False
2023:13199,2023,NASA,Aqua,False,False,False,False
2023:13200,2023,LAPAN,Aqua,False,False,False,False
2023:13201,2023,NASA,Aqua,False,False,False,False
2023:13202,2023,NASA,Aqua,False,False,False,False
2023:13203,2023,LAPAN,Aqua,False,False,False,False
2023:13204,2023,NASA,Aqua,False,False,False,False
2023:13205,2023,NASA,Aqua,False,False,False,False
2023:13206,2023,LAPAN,Aqua,False,False,False,False
2023:13207,2023,LAPAN,Aqua,False,False,False,False
2023:13208,2023,NASA,Aqua,False,False,False,False
2023:13209,2023,NASA,Aqua,False,False,False,False
2023:13210,2023,LAPAN,Aqua,False,False,False,False
2023:13211,2023,LAPAN,Aqua,False,False,False,False
2023:13212,2023,LAPAN,Aqua,False,False,False,False
2023:13213,2023,LAPAN,Aqua,False,False,False,False
2023:13214,2023,NASA,Aqua,False,False,False,False
2023:13215,2023,NASA,Aqua,False,False,False,False
2023:13216,2023,LAPAN,Aqua,False,False,False,False
2023:13217,2023,LAPAN,Aqua,False,False,False,False
2023:13218,2023,LAPAN,Aqua,False,False,False,False
2023:13219,2023,NASA,Aqua,False,False,False,False
2023:13220,2023,LAPAN,Aqua,False,False,False,False
2023:13221,2023,NASA,Aqua,False,False,False,False
2023:13222,2023,NASA,Aqua,False,False,False,False
2023:13223,2023,LAPAN,Aqua,False,False,False,False
2023:13224,2023,LAPAN,Aqua,False,False,False,False
2023:13225,2023,LAPAN,Aqua,False,False,False,False
2023:13226,2023,LAPAN,Aqua,False,False,False,False
2023:13227,2023,NASA,Aqua,False,False,False,False
2023:13228,2023,NASA,Aqua,False,False,True,False
2023:13229,2023,NASA,Aqua,False,False,True,False
2023:13230,2023,NASA,Aqua,False,False,True,False
2023:13231,2023,NASA,Aqua,False,False,True,False
2023:13232,2023,NASA,Aqua,False,False,True,False
2023:13233,2023,NASA,Aqua,False,False,True,False
2023:13234,2023,NASA,Aqua,False,False,True,False
2023:13235,2023,NASA,Aqua,False,False,True,False
2023:13236,2023,NASA,Aqua,False,False,True,False
2023:13237,2023,NASA,Aqua,False,False,True,False
2023:13238,2023,NASA,Aqua,False,False,True,False
2023:13239,2023,NASA,Aqua,False,False,True,False
2023:13240,2023,NASA,Aqua,False,False,True,False
2023:13241,2023,NASA,Aqua,False,False,True,False
2023:13242,2023,NASA,Aqua,False,False,True,False
2023:13564,2023,NASA,Aqua,False,False,True,False
2023:13565,2023,NASA,Aqua,False,False,True,False
2023:13566,2023,NASA,Aqua,False,False,True,False
2023:13567,2023,NASA,Aqua,False,False,True,False
2023:13568,2023,NASA,Aqua,False,False,True,False
2023:13569,2023,NASA,Aqua,False,False,True,False
2023:13570,2023,LAPAN,Aqua,False,False,False,False
2023:13571,2023,LAPAN,Aqua,False,False,True,False
2023:13572,2023,NASA,Aqua,False,False,True,False
2023:13573,2023,NASA,Aqua,False,False,True,False
2023:13574,2023,LAPAN,Aqua,False,False,True,False
2023:13652,2023,NASA,Aqua,False,False,True,False
2023:13653,2023,NASA,Aqua,False,False,True,False
2023:13654,2023,NASA,Aqua,False,False,True,False
2023:13655,2023,NASA,Aqua,False,False,True,False
2023:13656,2023,NASA,Aqua,False,False,True,False
2023:13879,2023,NASA,Aqua,False,False,True,True
2023:13880,2023,NASA,Aqua,False,False,True,True
2023:13882,2023,NASA,Aqua,False,False,True,True
2023:13894,2023,NASA,Aqua,False,False,True,True
2023:13896,2023,NASA,Aqua,False,False,True,True
2023:13909,2023,NASA,Aqua,False,False,True,True
2023:13912,2023,NASA,Aqua,False,False,True,True
2023:13915,2023,NASA,Aqua,False,False,False,True
2023:13919,2023,NASA,Aqua,False,False,False,True
2023:13927,2023,NASA,Aqua,False,False,True,True
2023:13935,2023,NASA,Aqua,False,False,False,True
2023:13936,2023,NASA,Aqua,False,False,True,True
2023:13938,2023,NASA,Aqua,False,False,True,True
2023:13942,2023,NASA,Aqua,False,False,True,True
2023:13954,2023,NASA,Aqua,False,False,True,True
2023:13968,2023,NASA,Aqua,False,False,True,True
2023:13970,2023,NASA,Aqua,False,False,True,True
2023:13973,2023,NASA,Aqua,False,False,True,True
2023:14921,2023,LAPAN,NOAA20,False,True,False,False
2023:15274,2023,LAPAN,NOAA20,False,True,False,False
2023:15515,2023,LAPAN,Aqua,False,False,False,False
2023:15529,2023,LAPAN,Aqua,False,True,False,False
2023:15530,2023,LAPAN,Aqua,False,True,False,False
2023:15536,2023,LAPAN,Aqua,False,True,False,False
2023:15558,2023,NASA,Aqua,False,False,True,False
2023:15559,2023,LAPAN,Aqua,False,False,True,False
2023:15560,2023,LAPAN,Aqua,False,False,True,False
2023:15561,2023,NASA,Aqua,False,False,True,False
2023:15562,2023,NASA,Aqua,False,False,True,False
2023:15563,2023,LAPAN,Aqua,False,False,True,False
2023:15564,2023,LAPAN,Aqua,False,False,True,False
2023:15565,2023,LAPAN,Aqua,False,False,True,False
2023:15566,2023,NASA,Aqua,False,False,True,False
2023:15567,2023,NASA,Aqua,False,False,True,False
2023:15568,2023,NASA,Aqua,False,False,True,False
2023:15569,2023,LAPAN,Aqua,False,False,True,False
2023:15570,2023,LAPAN,Aqua,False,False,True,False
2023:15571,2023,NASA,Aqua,False,False,True,False
2023:15572,2023,NASA,Aqua,False,False,True,False
2023:15573,2023,NASA,Aqua,False,False,True,False
2023:15574,2023,LAPAN,Aqua,False,False,True,False
2023:15575,2023,NASA,Aqua,False,False,True,False
2023:15576,2023,NASA,Aqua,False,False,True,False
2023:15577,2023,NASA,Aqua,False,False,True,False
2023:15578,2023,LAPAN,Aqua,False,False,True,False
2023:15579,2023,LAPAN,Aqua,False,False,True,False
2023:15580,2023,LAPAN,Aqua,False,False,True,False
2023:15581,2023,NASA,Aqua,False,False,True,False
2023:15582,2023,NASA,Aqua,False,False,True,False
2023:15583,2023,LAPAN,Aqua,False,False,True,False
2023:15584,2023,LAPAN,Aqua,False,False,True,False
2023:15585,2023,NASA,Aqua,False,False,True,False
2023:15586,2023,NASA,Aqua,False,False,True,False
2023:15587,2023,NASA,Aqua,False,False,True,False
2023:15588,2023,NASA,Aqua,False,False,True,False
2023:15589,2023,LAPAN,Aqua,False,False,True,False
2023:15590,2023,NASA,Aqua,False,False,True,False
2023:15591,2023,NASA,Aqua,False,False,True,False
2023:15592,2023,LAPAN,Aqua,False,False,True,False
2023:15593,2023,LAPAN,Aqua,False,False,True,False
2023:15594,2023,NASA,Aqua,False,False,True,False
2023:15595,2023,NASA,Aqua,False,False,True,False
2023:15596,2023,LAPAN,Aqua,False,False,True,False
2023:15938,2023,NASA,Aqua,False,False,True,False
2023:15939,2023,NASA,Aqua,False,False,True,False
2023:15940,2023,NASA,Aqua,False,False,True,False
2023:15941,2023,NASA,Aqua,False,False,True,False
2023:15942,2023,NASA,Aqua,False,False,True,False
2023:15943,2023,NASA,Aqua,False,False,True,False
2023:15944,2023,NASA,Aqua,False,False,True,False
2023:15945,2023,NASA,Aqua,False,False,True,False
2023:15946,2023,NASA,Aqua,False,False,True,False
2023:15947,2023,NASA,Aqua,False,False,True,False
2023:15948,2023,NASA,Aqua,False,False,True,False
2023:15949,2023,NASA,Aqua,False,False,True,False
2023:15950,2023,NASA,Aqua,False,False,True,False
2023:15951,2023,NASA,Aqua,False,False,True,False
2023:15952,2023,NASA,Aqua,False,False,True,False
2023:15953,2023,NASA,Aqua,False,False,True,False
2023:15954,2023,NASA,Aqua,False,False,True,False
2023:15955,2023,NASA,Aqua,False,False,True,False
2023:15956,2023,NASA,Aqua,False,False,True,False
2023:16678,2023,LAPAN,NOAA20,False,True,False,False
2023:16804,2023,LAPAN,NOAA20,False,True,False,False
2023:17200,2023,NASA,Aqua,False,False,True,False
2023:17201,2023,NASA,Aqua,False,False,True,False
2023:17202,2023,NASA,Aqua,False,False,True,False
2023:17203,2023,NASA,Aqua,False,False,True,False
2023:17204,2023,NASA,Aqua,False,False,True,False
2023:17205,2023,NASA,Aqua,False,False,True,False
2023:17206,2023,NASA,Aqua,False,False,True,False
2023:17207,2023,NASA,Aqua,False,False,True,False
2023:17208,2023,NASA,Aqua,False,False,True,False
2023:17209,2023,NASA,Aqua,False,False,True,False
2023:17210,2023,NASA,Aqua,False,False,True,False
2023:17211,2023,NASA,Aqua,False,False,True,False
2023:17212,2023,LAPAN,Aqua,False,False,True,False
2023:17213,2023,NASA,Aqua,False,False,True,False
2023:17214,2023,LAPAN,Aqua,False,False,True,False
2023:17215,2023,NASA,Aqua,False,False,True,False
2023:17216,2023,NASA,Aqua,False,False,True,False
2023:17217,2023,NASA,Aqua,False,False,True,False
2023:17218,2023,LAPAN,Aqua,False,False,True,False
2023:17219,2023,NASA,Aqua,False,False,True,False
2023:17220,2023,NASA,Aqua,False,False,True,False
2023:17960,2023,LAPAN,SNPP,False,False,False,False
2023:17961,2023,LAPAN,SNPP,False,False,True,False
2023:17962,2023,LAPAN,SNPP,False,False,False,False
2023:17963,2023,LAPAN,SNPP,False,False,False,False
2023:17968,2023,LAPAN,SNPP,False,False,True,False
2023:17971,2023,LAPAN,SNPP,False,False,False,False
2023:17991,2023,LAPAN,SNPP,False,False,True,False
2023:17997,2023,LAPAN,SNPP,False,False,True,False
2023:18004,2023,LAPAN,SNPP,False,False,False,False
2023:18009,2023,LAPAN,SNPP,False,False,False,False
2023:18013,2023,LAPAN,SNPP,False,False,False,False
2023:18016,2023,LAPAN,SNPP,False,False,False,False
2023:18017,2023,LAPAN,SNPP,False,False,False,False
2023:18021,2023,LAPAN,SNPP,False,False,False,False
2023:18022,2023,LAPAN,SNPP,False,False,False,False
2023:18023,2023,LAPAN,SNPP,False,False,False,False
2023:18024,2023,LAPAN,SNPP,False,False,False,False
2023:18025,2023,LAPAN,SNPP,False,False,False,False
2023:18026,2023,LAPAN,SNPP,False,False,False,False
2023:18027,2023,LAPAN,SNPP,False,False,False,False
2023:18033,2023,LAPAN,SNPP,False,False,False,False
2023:18034,2023,LAPAN,SNPP,False,False,True,False
2023:18036,2023,LAPAN,SNPP,False,False,False,False
2023:18046,2023,LAPAN,SNPP,False,False,False,False
2023:18047,2023,LAPAN,SNPP,False,False,False,False
2023:18057,2023,LAPAN,SNPP,False,False,False,False
2023:18058,2023,LAPAN,SNPP,False,False,False,False
2023:18070,2023,LAPAN,SNPP,False,False,False,False
2023:18071,2023,LAPAN,SNPP,False,False,False,False
2023:18077,2023,LAPAN,SNPP,False,False,False,False
2023:18078,2023,LAPAN,SNPP,False,False,False,False
2023:18085,2023,LAPAN,SNPP,False,False,False,False
2023:18086,2023,LAPAN,NOAA20,False,True,False,False
2023:18092,2023,LAPAN,SNPP,False,False,False,False
2023:18093,2023,LAPAN,SNPP,False,False,False,False
2023:18094,2023,LAPAN,SNPP,False,False,False,False
2023:18104,2023,LAPAN,SNPP,False,False,False,False
2023:18112,2023,LAPAN,SNPP,False,False,False,False
2023:18113,2023,LAPAN,SNPP,False,False,False,False
2023:18197,2023,LAPAN,SNPP,False,False,False,False
2023:18198,2023,LAPAN,SNPP,False,False,False,False
2023:18199,2023,LAPAN,SNPP,False,False,False,False
2023:18200,2023,LAPAN,SNPP,False,False,False,False
2023:18201,2023,LAPAN,SNPP,False,False,False,False
2023:18202,2023,LAPAN,SNPP,False,False,False,False
2023:18203,2023,LAPAN,SNPP,False,False,False,False
2023:18204,2023,LAPAN,SNPP,False,False,False,False
2023:18205,2023,LAPAN,SNPP,False,False,False,False
2023:18206,2023,LAPAN,SNPP,False,False,False,False
2023:18207,2023,LAPAN,SNPP,False,False,False,False
2023:18208,2023,LAPAN,SNPP,False,False,False,False
2023:18209,2023,LAPAN,SNPP,False,False,False,False
2023:18210,2023,LAPAN,SNPP,False,False,False,False
2023:18211,2023,LAPAN,SNPP,False,False,False,False
2023:18212,2023,LAPAN,SNPP,False,False,False,False
2023:18213,2023,LAPAN,SNPP,False,False,False,False
2023:18214,2023,LAPAN,SNPP,False,False,False,False
2023:18215,2023,LAPAN,SNPP,False,False,False,False
2023:18216,2023,LAPAN,SNPP,False,False,False,False
2023:18217,2023,LAPAN,SNPP,False,False,False,False
2023:18218,2023,LAPAN,SNPP,False,False,False,False
2023:18219,2023,LAPAN,SNPP,False,False,False,False
2023:18220,2023,LAPAN,SNPP,False,False,False,False
2023:18221,2023,LAPAN,SNPP,False,False,False,False
2023:18222,2023,LAPAN,SNPP,False,False,False,False
2023:18223,2023,LAPAN,SNPP,False,False,False,False
2023:18224,2023,LAPAN,SNPP,False,False,False,False
2023:18225,2023,LAPAN,SNPP,False,False,False,False
2023:18226,2023,LAPAN,SNPP,False,False,False,False
2023:18227,2023,LAPAN,SNPP,False,False,False,False
2023:18228,2023,LAPAN,SNPP,False,False,False,False
2023:18229,2023,LAPAN,SNPP,False,False,False,False
2023:18230,2023,LAPAN,SNPP,False,False,False,False
2023:18231,2023,LAPAN,SNPP,False,False,False,False
2023:18232,2023,LAPAN,SNPP,False,False,False,False
2023:18233,2023,LAPAN,SNPP,False,False,False,False
2023:18234,2023,LAPAN,SNPP,False,False,False,False
2023:18235,2023,LAPAN,SNPP,False,False,False,False
2023:18236,2023,LAPAN,SNPP,False,False,False,False
2023:18237,2023,LAPAN,SNPP,False,False,False,False
2023:18238,2023,LAPAN,SNPP,False,False,False,False
2023:18239,2023,LAPAN,SNPP,False,False,False,False
2023:18240,2023,LAPAN,SNPP,False,False,False,False
2023:18241,2023,LAPAN,SNPP,False,False,False,False
2023:18242,2023,LAPAN,SNPP,False,False,False,False
2023:18243,2023,LAPAN,SNPP,False,False,False,False
2023:18244,2023,LAPAN,SNPP,False,False,False,False
2023:18245,2023,LAPAN,SNPP,False,False,False,False
2023:18246,2023,LAPAN,SNPP,False,False,False,False
2023:18247,2023,LAPAN,SNPP,False,False,False,False
2023:18248,2023,LAPAN,SNPP,False,False,False,False
2023:18249,2023,LAPAN,SNPP,False,False,False,False
2023:18250,2023,LAPAN,SNPP,False,False,False,False
2023:18251,2023,LAPAN,SNPP,False,False,False,False
2023:18252,2023,LAPAN,SNPP,False,False,False,False
2023:18253,2023,LAPAN,SNPP,False,False,False,False
2023:18254,2023,LAPAN,SNPP,False,False,False,False
2023:18255,2023,LAPAN,SNPP,False,False,False,False
2023:18256,2023,LAPAN,SNPP,False,False,False,False
2023:18257,2023,LAPAN,SNPP,False,False,False,False
2023:18258,2023,LAPAN,SNPP,False,False,False,False
2023:18259,2023,LAPAN,SNPP,False,False,False,False
2023:18260,2023,LAPAN,SNPP,False,False,False,False
2023:18261,2023,LAPAN,SNPP,False,False,False,False
2023:18262,2023,LAPAN,SNPP,False,False,False,False
2023:18480,2023,LAPAN,Aqua,False,False,True,False
2023:18481,2023,NASA,Aqua,False,False,True,False
2023:18618,2023,LAPAN,Aqua,False,False,False,False
2023:18653,2023,NASA,Aqua,False,False,True,False
2023:18676,2023,NASA,Aqua,False,False,True,False
2023:18677,2023,NASA,Aqua,False,False,True,False
2023:18678,2023,LAPAN,SNPP,False,False,False,False
2023:18679,2023,LAPAN,SNPP,False,False,False,False
2023:18680,2023,LAPAN,SNPP,False,False,False,False
2023:18681,2023,LAPAN,SNPP,False,False,False,False
2023:18682,2023,LAPAN,SNPP,False,False,False,False
2023:18683,2023,LAPAN,SNPP,False,False,False,False
2023:18684,2023,LAPAN,SNPP,False,False,False,False
2023:18685,2023,LAPAN,SNPP,False,False,False,False
2023:18686,2023,LAPAN,SNPP,False,False,False,False
2023:18687,2023,LAPAN,SNPP,False,False,False,False
2023:18688,2023,LAPAN,SNPP,False,False,False,False
2023:18689,2023,LAPAN,SNPP,False,False,False,False
2023:18690,2023,LAPAN,SNPP,False,False,False,False
2023:18691,2023,LAPAN,SNPP,False,False,False,False
2023:18692,2023,LAPAN,SNPP,False,False,False,False
2023:18693,2023,LAPAN,SNPP,False,False,False,False
2023:18694,2023,LAPAN,SNPP,False,False,False,False
2023:18695,2023,LAPAN,SNPP,False,False,False,False
2023:18696,2023,LAPAN,SNPP,False,False,False,False
2023:18697,2023,LAPAN,SNPP,False,False,False,False
2023:18698,2023,LAPAN,SNPP,False,False,False,False
2023:18699,2023,LAPAN,SNPP,False,False,False,False
2023:18700,2023,LAPAN,SNPP,False,False,False,False
2023:18701,2023,LAPAN,SNPP,False,False,False,False
2023:18702,2023,LAPAN,SNPP,False,False,False,False
2023:18703,2023,LAPAN,SNPP,False,False,False,False
2023:18704,2023,LAPAN,SNPP,False,False,False,False
2023:18705,2023,LAPAN,SNPP,False,False,False,False
2023:18706,2023,LAPAN,SNPP,False,False,False,False
2023:18707,2023,LAPAN,SNPP,False,False,False,False
2023:18708,2023,LAPAN,SNPP,False,False,False,False
2023:18709,2023,LAPAN,SNPP,False,False,False,False
2023:18710,2023,LAPAN,SNPP,False,False,False,False
2023:18711,2023,LAPAN,SNPP,False,False,False,False
2023:18712,2023,LAPAN,SNPP,False,False,False,False
2023:18713,2023,LAPAN,SNPP,False,False,False,False
2023:18714,2023,LAPAN,SNPP,False,False,False,False
2023:18715,2023,LAPAN,SNPP,False,False,False,False
2023:18716,2023,LAPAN,SNPP,False,False,False,False
2023:18717,2023,LAPAN,SNPP,False,False,False,False
2023:18718,2023,LAPAN,SNPP,False,False,False,False
2023:18824,2023,NASA,Aqua,False,False,True,False
2023:18911,2023,NASA,Aqua,False,False,True,False
2023:19309,2023,LAPAN,NOAA20,False,False,False,False
2023:19310,2023,LAPAN,NOAA20,False,True,False,False
2023:19408,2023,LAPAN,NOAA20,False,False,False,False
2023:19608,2023,NASA,Aqua,False,False,True,False
2023:19609,2023,NASA,Aqua,False,False,True,False
2023:19610,2023,NASA,Aqua,False,False,True,False
2023:19611,2023,NASA,Aqua,False,False,True,False
2023:19612,2023,NASA,Aqua,False,False,True,False
2023:19613,2023,NASA,Aqua,False,False,True,False
2023:19614,2023,NASA,Aqua,False,False,True,False
2023:19615,2023,NASA,Aqua,False,False,True,False
2023:19616,2023,NASA,Aqua,False,False,True,False
2023:19617,2023,LAPAN,Aqua,False,False,True,False
2023:19618,2023,NASA,Aqua,False,False,True,False
2023:19619,2023,NASA,Aqua,False,False,True,False
2023:19620,2023,NASA,Aqua,False,False,True,False
2023:19621,2023,NASA,Aqua,False,False,True,False
2023:19766,2023,LAPAN,NOAA20,False,True,False,False
2023:19785,2023,LAPAN,Aqua,False,False,False,False
2023:20010,2023,NASA,Aqua,False,False,True,False
2023:20011,2023,NASA,Aqua,False,False,True,False
2023:20012,2023,NASA,Aqua,False,False,True,False
2023:20013,2023,NASA,Aqua,False,False,True,False
2023:20014,2023,NASA,Aqua,False,False,True,False
2023:20015,2023,NASA,Aqua,False,False,True,False
2023:20016,2023,NASA,Aqua,False,False,True,False
2023:20293,2023,NASA,Aqua,False,False,True,True
2023:20297,2023,NASA,Aqua,False,False,True,True
2023:20300,2023,NASA,Aqua,False,False,True,True
2023:20365,2023,NASA,Aqua,False,False,False,True
2023:20366,2023,NASA,Aqua,False,False,False,True
2023:20367,2023,NASA,Aqua,False,False,True,True
2023:20368,2023,LAPAN,Aqua,False,False,True,True
2023:20402,2023,LAPAN,Aqua,False,False,True,False
2023:20417,2023,NASA,Aqua,False,False,False,True
2023:20426,2023,NASA,Aqua,False,False,False,True
2023:20437,2023,NASA,Aqua,False,False,True,True
2023:20460,2023,NASA,Aqua,False,False,False,True
2023:20554,2023,LAPAN,Aqua,False,False,False,False
2023:20561,2023,NASA,Aqua,False,False,False,True
2023:20563,2023,LAPAN,Aqua,False,False,True,True
2023:20564,2023,NASA,Aqua,False,False,False,True
2023:20566,2023,NASA,Aqua,False,False,True,True
2023:20597,2023,NASA,Aqua,False,False,True,True
2023:20600,2023,LAPAN,Aqua,False,False,False,True
2023:20609,2023,LAPAN,Aqua,False,False,False,True
2023:20629,2023,NASA,Aqua,False,False,False,True
2023:20630,2023,LAPAN,Aqua,False,False,True,True
2023:20644,2023,NASA,Aqua,False,False,True,True
2023:20649,2023,NASA,Aqua,False,False,True,False
2023:20697,2023,NASA,Aqua,False,False,True,True
2023:20730,2023,NASA,Aqua,False,False,True,True
2023:20746,2023,LAPAN,Aqua,False,False,True,True
2023:20782,2023,LAPAN,Aqua,False,False,False,True
2023:20819,2023,LAPAN,Aqua,False,False,False,False
2023:20834,2023,NASA,Aqua,False,False,False,True
2023:20842,2023,NASA,Aqua,False,False,True,True
2023:21026,2023,NASA,Aqua,False,False,True,False
2023:21027,2023,NASA,Aqua,False,False,True,False
2023:21030,2023,LAPAN,NOAA20,False,False,True,False
2023:21032,2023,LAPAN,NOAA20,False,False,False,False
2023:21033,2023,LAPAN,NOAA20,False,False,False,False
2023:21034,2023,LAPAN,NOAA20,False,False,True,False
2023:21035,2023,LAPAN,NOAA20,False,False,True,False
2023:21037,2023,LAPAN,NOAA20,False,False,True,False
2023:21050,2023,LAPAN,NOAA20,False,False,True,False
2023:21051,2023,LAPAN,NOAA20,False,False,True,False
2023:21052,2023,LAPAN,NOAA20,False,False,True,False
2023:21060,2023,LAPAN,NOAA20,False,False,False,False
2023:21063,2023,LAPAN,NOAA20,False,False,True,False
2023:21064,2023,LAPAN,NOAA20,False,False,True,False
2023:21066,2023,LAPAN,NOAA20,False,False,True,False
2023:21067,2023,LAPAN,NOAA20,False,False,True,False
2023:21069,2023,LAPAN,NOAA20,False,False,True,False
2023:21070,2023,LAPAN,NOAA20,False,False,True,False
2023:21071,2023,LAPAN,NOAA20,False,False,False,False
2023:21073,2023,LAPAN,NOAA20,False,False,False,False
2023:21078,2023,LAPAN,NOAA20,False,False,True,False
2023:21079,2023,LAPAN,NOAA20,False,False,False,False
2023:21082,2023,LAPAN,NOAA20,False,False,True,False
2023:21084,2023,LAPAN,NOAA20,False,False,True,False
2023:21089,2023,LAPAN,NOAA20,False,False,True,False
2023:21093,2023,LAPAN,NOAA20,False,False,True,False
2023:21094,2023,LAPAN,NOAA20,False,False,False,False
2023:21095,2023,LAPAN,NOAA20,False,False,False,False
2023:21097,2023,LAPAN,NOAA20,False,False,True,False
2023:21099,2023,LAPAN,NOAA20,False,False,True,False
2023:21103,2023,LAPAN,NOAA20,False,False,False,False
2023:21105,2023,LAPAN,NOAA20,False,False,False,False
2023:21106,2023,LAPAN,NOAA20,False,False,False,False
2023:21114,2023,LAPAN,NOAA20,False,False,True,False
2023:21117,2023,LAPAN,NOAA20,False,False,True,False
2023:21118,2023,LAPAN,NOAA20,False,False,False,False
2023:21124,2023,LAPAN,NOAA20,False,False,False,False
2023:21125,2023,LAPAN,NOAA20,False,False,False,False
2023:21127,2023,LAPAN,NOAA20,False,False,False,False
2023:21128,2023,LAPAN,NOAA20,False,False,False,False
2023:21129,2023,LAPAN,NOAA20,False,False,False,False
2023:21130,2023,LAPAN,NOAA20,False,False,False,False
2023:21133,2023,LAPAN,NOAA20,False,False,True,False
2023:21140,2023,LAPAN,NOAA20,False,False,True,False
2023:21142,2023,LAPAN,NOAA20,False,False,True,False
2023:21143,2023,LAPAN,NOAA20,False,False,False,False
2023:21144,2023,LAPAN,NOAA20,False,False,True,False
2023:21156,2023,LAPAN,NOAA20,False,False,True,False
2023:21158,2023,LAPAN,NOAA20,False,False,False,False
2023:21160,2023,LAPAN,NOAA20,False,False,True,False
2023:21161,2023,LAPAN,NOAA20,False,False,False,False
2023:21163,2023,LAPAN,NOAA20,False,False,True,False
2023:21164,2023,LAPAN,NOAA20,False,False,True,False
2023:21171,2023,LAPAN,NOAA20,False,False,True,False
2023:21173,2023,LAPAN,NOAA20,False,False,True,False
2023:21182,2023,LAPAN,NOAA20,False,False,True,False
2023:21183,2023,LAPAN,NOAA20,False,False,True,False
2023:21184,2023,LAPAN,NOAA20,False,False,False,False
2023:21187,2023,LAPAN,NOAA20,False,False,True,False
2023:21188,2023,LAPAN,NOAA20,False,False,False,False
2023:21189,2023,LAPAN,NOAA20,False,False,False,False
2023:21190,2023,LAPAN,NOAA20,False,False,True,False
2023:21191,2023,LAPAN,NOAA20,False,False,False,False
2023:21192,2023,LAPAN,NOAA20,False,False,True,False
2023:21194,2023,LAPAN,NOAA20,False,False,True,False
2023:21196,2023,LAPAN,NOAA20,False,False,False,False
2023:21202,2023,LAPAN,NOAA20,False,False,True,False
2023:21205,2023,LAPAN,NOAA20,False,False,True,False
2023:21213,2023,LAPAN,NOAA20,False,False,True,False
2023:21215,2023,LAPAN,NOAA20,False,False,True,False
2023:21217,2023,LAPAN,NOAA20,False,False,False,False
2023:21218,2023,LAPAN,NOAA20,False,False,False,False
2023:21221,2023,LAPAN,NOAA20,False,False,True,False
2023:21222,2023,LAPAN,NOAA20,False,False,True,False
2023:21228,2023,LAPAN,NOAA20,False,False,False,False
2023:21230,2023,LAPAN,NOAA20,False,False,True,False
2023:21231,2023,LAPAN,NOAA20,False,False,True,False
2023:21232,2023,LAPAN,NOAA20,False,False,True,False
2023:21233,2023,LAPAN,NOAA20,False,False,True,False
2023:21236,2023,LAPAN,NOAA20,False,False,True,False
2023:21237,2023,LAPAN,NOAA20,False,False,True,False
2023:21238,2023,LAPAN,NOAA20,False,False,False,False
2023:21240,2023,LAPAN,NOAA20,False,False,True,False
2023:21246,2023,LAPAN,NOAA20,False,False,False,False
2023:21247,2023,LAPAN,NOAA20,False,False,True,False
2023:21248,2023,LAPAN,NOAA20,False,False,True,False
2023:21249,2023,LAPAN,NOAA20,False,False,False,False
2023:21250,2023,LAPAN,NOAA20,False,False,True,False
2023:21253,2023,LAPAN,NOAA20,False,False,True,False
2023:21254,2023,LAPAN,NOAA20,False,False,True,False
2023:21255,2023,LAPAN,NOAA20,False,False,False,False
2023:21257,2023,LAPAN,NOAA20,False,False,False,False
2023:21258,2023,LAPAN,NOAA20,False,False,True,False
2023:21260,2023,LAPAN,NOAA20,False,False,True,False
2023:21261,2023,LAPAN,NOAA20,False,False,False,False
2023:21262,2023,LAPAN,NOAA20,False,False,False,False
2023:21264,2023,LAPAN,NOAA20,False,False,False,False
2023:21265,2023,LAPAN,NOAA20,False,False,True,False
2023:21266,2023,LAPAN,NOAA20,False,False,True,False
2023:21267,2023,LAPAN,NOAA20,False,False,True,False
2023:21268,2023,LAPAN,NOAA20,False,False,True,False
2023:21272,2023,LAPAN,NOAA20,False,False,True,False
2023:21273,2023,LAPAN,NOAA20,False,False,False,False
2023:21274,2023,LAPAN,NOAA20,False,False,True,False
2023:21279,2023,LAPAN,NOAA20,False,False,True,False
2023:21282,2023,LAPAN,NOAA20,False,False,False,False
2023:21285,2023,LAPAN,NOAA20,False,False,False,False
2023:21288,2023,LAPAN,NOAA20,False,False,False,False
2023:21289,2023,LAPAN,NOAA20,False,False,True,False
2023:21290,2023,LAPAN,NOAA20,False,False,True,False
2023:21300,2023,LAPAN,NOAA20,False,False,False,False
2023:21301,2023,LAPAN,NOAA20,False,False,False,False
2023:21302,2023,LAPAN,NOAA20,False,False,False,False
2023:21303,2023,LAPAN,NOAA20,False,False,True,False
2023:21309,2023,LAPAN,NOAA20,False,False,False,False
2023:21310,2023,LAPAN,NOAA20,False,False,False,False
2023:21311,2023,LAPAN,NOAA20,False,False,True,False
2023:21317,2023,LAPAN,NOAA20,False,False,True,False
2023:21318,2023,LAPAN,NOAA20,False,False,True,False
2023:21319,2023,LAPAN,NOAA20,False,False,False,False
2023:21325,2023,LAPAN,NOAA20,False,False,False,False
2023:21326,2023,LAPAN,NOAA20,False,False,True,False
2023:21327,2023,LAPAN,NOAA20,False,False,True,False
2023:21328,2023,LAPAN,NOAA20,False,False,False,False
2023:21333,2023,LAPAN,NOAA20,False,False,False,False
2023:21334,2023,LAPAN,NOAA20,False,False,True,False
2023:21342,2023,LAPAN,NOAA20,False,False,True,False
2023:21343,2023,LAPAN,NOAA20,False,False,True,False
2023:21344,2023,LAPAN,NOAA20,False,False,True,False
2023:21345,2023,LAPAN,NOAA20,False,False,True,False
2023:21350,2023,LAPAN,NOAA20,False,False,True,False
2023:21351,2023,LAPAN,NOAA20,False,False,True,False
2023:21352,2023,LAPAN,NOAA20,False,False,False,False
2023:21353,2023,LAPAN,NOAA20,False,False,True,False
2023:21354,2023,LAPAN,NOAA20,False,False,False,False
2023:21355,2023,LAPAN,NOAA20,False,False,False,False
2023:21362,2023,LAPAN,NOAA20,False,False,False,False
2023:21363,2023,LAPAN,NOAA20,False,False,False,False
2023:21364,2023,LAPAN,NOAA20,False,False,False,False
2023:21368,2023,LAPAN,NOAA20,False,False,True,False
2023:21369,2023,LAPAN,NOAA20,False,False,True,False
2023:21370,2023,LAPAN,NOAA20,False,False,True,False
2023:21371,2023,LAPAN,NOAA20,False,False,True,False
2023:21372,2023,LAPAN,NOAA20,False,False,False,False
2023:21373,2023,LAPAN,NOAA20,False,False,False,False
2023:21374,2023,LAPAN,NOAA20,False,False,False,False
2023:21380,2023,LAPAN,NOAA20,False,False,True,False
2023:21383,2023,LAPAN,NOAA20,False,False,True,False
2023:21384,2023,LAPAN,NOAA20,False,False,True,False
2023:21391,2023,LAPAN,NOAA20,False,False,True,False
2023:21392,2023,LAPAN,NOAA20,False,False,False,False
2023:21395,2023,LAPAN,NOAA20,False,False,True,False
2023:21396,2023,LAPAN,NOAA20,False,False,True,False
2023:21401,2023,LAPAN,NOAA20,False,False,False,False
2023:21402,2023,LAPAN,NOAA20,False,False,True,False
2023:21403,2023,LAPAN,NOAA20,False,False,False,False
2023:21404,2023,LAPAN,NOAA20,False,False,True,False
2023:21412,2023,LAPAN,NOAA20,False,False,True,False
2023:21413,2023,LAPAN,NOAA20,False,False,True,False
2023:21416,2023,LAPAN,NOAA20,False,False,True,False
2023:21417,2023,LAPAN,NOAA20,False,False,True,False
2023:21421,2023,LAPAN,NOAA20,False,False,False,False
2023:21422,2023,LAPAN,NOAA20,False,False,True,False
2023:21423,2023,LAPAN,NOAA20,False,False,True,False
2023:21433,2023,LAPAN,NOAA20,False,False,False,False
2023:21434,2023,LAPAN,NOAA20,False,False,False,False
2023:21438,2023,LAPAN,NOAA20,False,False,False,False
2023:21439,2023,LAPAN,NOAA20,False,False,True,False
2023:21440,2023,LAPAN,NOAA20,False,False,False,False
2023:21448,2023,LAPAN,NOAA20,False,False,False,False
2023:21449,2023,LAPAN,NOAA20,False,False,False,False
2023:21450,2023,LAPAN,NOAA20,False,False,True,False
2023:21451,2023,LAPAN,NOAA20,False,False,True,False
2023:21455,2023,LAPAN,NOAA20,False,False,False,False
2023:21463,2023,LAPAN,NOAA20,False,False,True,False
2023:21464,2023,LAPAN,NOAA20,False,False,True,False
2023:21471,2023,LAPAN,NOAA20,False,False,True,False
2023:21472,2023,LAPAN,NOAA20,False,False,False,False
2023:21475,2023,LAPAN,NOAA20,False,False,True,False
2023:21476,2023,LAPAN,NOAA20,False,False,True,False
2023:21477,2023,LAPAN,NOAA20,False,False,False,False
2023:21478,2023,LAPAN,NOAA20,False,False,True,False
2023:21487,2023,LAPAN,NOAA20,False,False,False,False
2023:21488,2023,LAPAN,NOAA20,False,False,True,False
2023:21495,2023,LAPAN,NOAA20,False,False,False,False
2023:21496,2023,LAPAN,NOAA20,False,False,False,False
2023:21497,2023,LAPAN,NOAA20,False,False,False,False
2023:21502,2023,LAPAN,NOAA20,False,False,False,False
2023:21503,2023,LAPAN,NOAA20,False,False,False,False
2023:21696,2023,LAPAN,Aqua,False,False,True,False
2023:21697,2023,NASA,Aqua,False,False,True,False
2023:21698,2023,LAPAN,Aqua,False,False,True,False
2023:21699,2023,NASA,Aqua,False,False,True,False
2023:21700,2023,LAPAN,Aqua,False,False,True,False
2023:21701,2023,NASA,Aqua,False,False,True,False
2023:21702,2023,NASA,Aqua,False,False,True,False
2023:21703,2023,LAPAN,Aqua,False,False,True,False
2023:21704,2023,LAPAN,Aqua,False,False,True,False
2023:21705,2023,LAPAN,Aqua,False,False,True,False
2023:21706,2023,NASA,Aqua,False,False,True,False
2023:21707,2023,LAPAN,Aqua,False,False,True,False
2023:21708,2023,NASA,Aqua,False,False,True,False
2023:21709,2023,NASA,Aqua,False,False,True,False
2023:21710,2023,LAPAN,Aqua,False,False,True,False
2023:21711,2023,LAPAN,Aqua,False,False,True,False
2023:21712,2023,NASA,Aqua,False,False,True,False
2023:21713,2023,LAPAN,Aqua,False,False,True,False
2023:21714,2023,LAPAN,Aqua,False,False,True,False
2023:21715,2023,LAPAN,Aqua,False,False,True,False
2023:21716,2023,NASA,Aqua,False,False,True,False
2023:21717,2023,NASA,Aqua,False,False,True,False
2023:21718,2023,NASA,Aqua,False,False,True,False
2023:21719,2023,LAPAN,Aqua,False,False,True,False
2023:21720,2023,NASA,Aqua,False,False,True,False
2023:21721,2023,LAPAN,Aqua,False,False,True,False
2023:21722,2023,NASA,Aqua,False,False,True,False
2023:21723,2023,LAPAN,Aqua,False,False,True,False
2023:21724,2023,NASA,Aqua,False,False,True,False
2023:21725,2023,LAPAN,Aqua,False,False,True,False
2023:21726,2023,NASA,Aqua,False,False,True,False
2023:21727,2023,NASA,Aqua,False,False,True,False
2023:21728,2023,LAPAN,Aqua,False,False,True,False
2023:21729,2023,NASA,Aqua,False,False,True,False
2023:21730,2023,NASA,Aqua,False,False,True,False
2023:21731,2023,NASA,Aqua,False,False,True,False
2023:21732,2023,LAPAN,NOAA20,False,False,False,False
2023:21733,2023,LAPAN,NOAA20,False,False,False,False
2023:21734,2023,LAPAN,NOAA20,False,False,False,False
2023:21735,2023,LAPAN,NOAA20,False,False,False,False
2023:21736,2023,LAPAN,NOAA20,False,False,False,False
2023:21737,2023,LAPAN,NOAA20,False,False,False,False
2023:21738,2023,LAPAN,NOAA20,False,False,False,False
2023:21739,2023,LAPAN,NOAA20,False,False,False,False
2023:21740,2023,LAPAN,NOAA20,False,False,False,False
2023:21741,2023,LAPAN,NOAA20,False,False,False,False
2023:21742,2023,LAPAN,NOAA20,False,False,False,False
2023:21743,2023,LAPAN,NOAA20,False,False,False,False
2023:21744,2023,LAPAN,NOAA20,False,False,False,False
2023:21745,2023,LAPAN,NOAA20,False,False,False,False
2023:21746,2023,LAPAN,NOAA20,False,False,False,False
2023:21747,2023,LAPAN,NOAA20,False,False,False,False
2023:21748,2023,LAPAN,NOAA20,False,False,False,False
2023:21749,2023,LAPAN,NOAA20,False,False,False,False
2023:21750,2023,LAPAN,NOAA20,False,False,False,False
2023:21751,2023,LAPAN,NOAA20,False,False,False,False
2023:21752,2023,LAPAN,NOAA20,False,False,False,False
2023:21753,2023,LAPAN,NOAA20,False,False,False,False
2023:21754,2023,LAPAN,NOAA20,False,False,False,False
2023:21755,2023,LAPAN,NOAA20,False,False,False,False
2023:21756,2023,LAPAN,NOAA20,False,False,False,False
2023:21757,2023,LAPAN,NOAA20,False,False,False,False
2023:21758,2023,LAPAN,NOAA20,False,False,False,False
2023:21759,2023,LAPAN,NOAA20,False,False,False,False
2023:21760,2023,LAPAN,NOAA20,False,False,False,False
2023:21761,2023,LAPAN,NOAA20,False,False,False,False
2023:21762,2023,LAPAN,NOAA20,False,False,False,False
2023:21763,2023,LAPAN,NOAA20,False,False,False,False
2023:21764,2023,LAPAN,NOAA20,False,False,False,False
2023:21765,2023,LAPAN,NOAA20,False,False,False,False
2023:21766,2023,LAPAN,NOAA20,False,False,False,False
2023:21767,2023,LAPAN,NOAA20,False,False,False,False
2023:21768,2023,LAPAN,NOAA20,False,False,False,False
2023:21769,2023,LAPAN,NOAA20,False,False,False,False
2023:21770,2023,LAPAN,NOAA20,False,False,False,False
2023:21771,2023,LAPAN,NOAA20,False,False,False,False
2023:21772,2023,LAPAN,NOAA20,False,False,False,False
2023:21773,2023,LAPAN,NOAA20,False,False,False,False
2023:21774,2023,LAPAN,NOAA20,False,False,False,False
2023:21775,2023,LAPAN,NOAA20,False,False,False,False
2023:21776,2023,LAPAN,NOAA20,False,False,False,False
2023:21777,2023,LAPAN,NOAA20,False,False,False,False
2023:21778,2023,LAPAN,NOAA20,False,False,False,False
2023:21779,2023,LAPAN,NOAA20,False,False,False,False
2023:21780,2023,LAPAN,NOAA20,False,False,False,False
2023:21781,2023,LAPAN,NOAA20,False,False,False,False
2023:21782,2023,LAPAN,NOAA20,False,False,False,False
2023:21783,2023,LAPAN,NOAA20,False,False,False,False
2023:21784,2023,LAPAN,NOAA20,False,False,False,False
2023:21785,2023,LAPAN,NOAA20,False,False,False,False
2023:21786,2023,LAPAN,NOAA20,False,False,False,False
2023:21787,2023,LAPAN,NOAA20,False,False,False,False
2023:21788,2023,LAPAN,NOAA20,False,False,False,False
2023:21789,2023,LAPAN,NOAA20,False,False,False,False
2023:21790,2023,LAPAN,NOAA20,False,False,False,False
2023:21791,2023,LAPAN,NOAA20,False,False,False,False
2023:21792,2023,LAPAN,NOAA20,False,False,False,False
2023:21793,2023,LAPAN,NOAA20,False,False,False,False
2023:21794,2023,LAPAN,NOAA20,False,False,False,False
2023:21795,2023,LAPAN,NOAA20,False,False,False,False
2023:21796,2023,LAPAN,NOAA20,False,False,False,False
2023:21797,2023,LAPAN,NOAA20,False,False,False,False
2023:21798,2023,LAPAN,NOAA20,False,False,False,False
2023:21799,2023,LAPAN,NOAA20,False,False,False,False
2023:21800,2023,LAPAN,NOAA20,False,False,False,False
2023:21801,2023,LAPAN,NOAA20,False,False,False,False
2023:21802,2023,LAPAN,NOAA20,False,False,False,False
2023:21803,2023,LAPAN,NOAA20,False,False,False,False
2023:21804,2023,LAPAN,NOAA20,False,False,False,False
2023:21805,2023,LAPAN,NOAA20,False,False,False,False
2023:21806,2023,LAPAN,NOAA20,False,False,False,False
2023:21807,2023,LAPAN,NOAA20,False,False,False,False
2023:21808,2023,LAPAN,NOAA20,False,False,False,False
2023:21809,2023,LAPAN,NOAA20,False,False,False,False
2023:21810,2023,LAPAN,NOAA20,False,False,False,False
2023:21811,2023,LAPAN,NOAA20,False,False,False,False
2023:22016,2023,NASA,Aqua,False,False,True,False
2023:22139,2023,LAPAN,SNPP,False,False,False,False
2023:22218,2023,LAPAN,SNPP,False,False,False,False
2023:22219,2023,LAPAN,SNPP,False,True,False,False
2023:22956,2023,LAPAN,Aqua,False,True,False,False
2023:22958,2023,LAPAN,Aqua,False,True,False,False
2023:22959,2023,NASA,Aqua,False,True,False,False
2023:22960,2023,LAPAN,Aqua,False,True,False,False
2023:22961,2023,NASA,Aqua,False,True,False,False
2023:22963,2023,NASA,Aqua,False,True,False,False
2023:22964,2023,LAPAN,Aqua,False,True,False,False
2023:22965,2023,NASA,Aqua,False,True,False,False
2023:22966,2023,NASA,Aqua,False,True,False,False
2023:22967,2023,NASA,Aqua,False,True,False,False
2023:23043,2023,LAPAN,NOAA20,False,True,False,False
2023:23374,2023,LAPAN,NOAA20,False,False,False,False
2023:23384,2023,LAPAN,NOAA20,False,False,False,False
2023:23437,2023,NASA,Aqua,False,False,True,False
2023:23438,2023,NASA,Aqua,False,False,True,False
2023:23439,2023,LAPAN,Aqua,False,False,True,False
2023:23440,2023,LAPAN,Aqua,False,False,True,False
2023:23441,2023,NASA,Aqua,False,False,True,False
2023:23442,2023,NASA,Aqua,False,False,True,False
2023:23443,2023,NASA,Aqua,False,False,True,False
2023:23444,2023,NASA,Aqua,False,False,True,False
2023:23445,2023,LAPAN,Aqua,False,False,True,False
2023:23446,2023,NASA,Aqua,False,False,True,False
2023:23447,2023,LAPAN,Aqua,False,False,True,False
2023:23448,2023,NASA,Aqua,False,False,True,False
2023:23449,2023,LAPAN,Aqua,False,False,True,False
2023:23450,2023,NASA,Aqua,False,False,True,False
2023:23726,2023,NASA,Aqua,False,False,True,False
2023:23727,2023,NASA,Aqua,False,False,True,False
2023:23728,2023,NASA,Aqua,False,False,True,False
2023:23729,2023,NASA,Aqua,False,False,True,False
2023:23730,2023,NASA,Aqua,False,False,True,False
2023:23731,2023,NASA,Aqua,False,False,True,False
2023:23732,2023,NASA,Aqua,False,False,True,False
2023:23733,2023,NASA,Aqua,False,False,True,False
2023:23734,2023,NASA,Aqua,False,False,True,False
2023:23735,2023,NASA,Aqua,False,False,True,False
2023:23736,2023,LAPAN,NOAA20,False,False,False,False
2023:23737,2023,LAPAN,NOAA20,False,False,False,False
2023:23738,2023,LAPAN,NOAA20,False,False,False,False
2023:23739,2023,LAPAN,NOAA20,False,False,False,False
2023:23740,2023,LAPAN,NOAA20,False,False,False,False
2023:23741,2023,LAPAN,NOAA20,False,False,False,False
2023:23742,2023,LAPAN,NOAA20,False,False,False,False
2023:23743,2023,LAPAN,NOAA20,False,False,False,False
2023:23744,2023,LAPAN,NOAA20,False,False,False,False
2023:23745,2023,LAPAN,NOAA20,False,False,False,False
2023:23746,2023,LAPAN,NOAA20,False,False,False,False
2023:23747,2023,LAPAN,NOAA20,False,False,False,False
2023:23748,2023,LAPAN,NOAA20,False,False,False,False
2023:23749,2023,LAPAN,NOAA20,False,False,False,False
2023:23750,2023,LAPAN,NOAA20,False,False,False,False
2023:23751,2023,LAPAN,NOAA20,False,False,False,False
2023:23752,2023,LAPAN,NOAA20,False,False,False,False
2023:23753,2023,LAPAN,NOAA20,False,False,False,False
2023:23754,2023,LAPAN,NOAA20,False,False,False,False
2023:23755,2023,LAPAN,NOAA20,False,False,False,False
2023:23756,2023,LAPAN,NOAA20,False,False,False,False
2023:23757,2023,LAPAN,NOAA20,False,False,False,False
2023:23758,2023,LAPAN,NOAA20,False,False,False,False
2023:23759,2023,LAPAN,NOAA20,False,False,False,False
2023:23760,2023,LAPAN,NOAA20,False,False,False,False
2023:23761,2023,LAPAN,NOAA20,False,False,False,False
2023:23762,2023,LAPAN,NOAA20,False,False,False,False
2023:23763,2023,LAPAN,NOAA20,False,False,False,False
2023:23764,2023,LAPAN,NOAA20,False,False,False,False
2023:23765,2023,LAPAN,NOAA20,False,False,False,False
2023:23766,2023,LAPAN,NOAA20,False,False,False,False
2023:23767,2023,LAPAN,NOAA20,False,False,False,False
2023:23768,2023,LAPAN,NOAA20,False,False,False,False
2023:23769,2023,LAPAN,NOAA20,False,False,False,False
2023:23770,2023,LAPAN,NOAA20,False,False,False,False
2023:23771,2023,LAPAN,NOAA20,False,False,False,False
2023:23772,2023,LAPAN,NOAA20,False,False,False,False
2023:23773,2023,LAPAN,NOAA20,False,False,False,False
2023:23774,2023,LAPAN,NOAA20,False,False,False,False
2023:23775,2023,LAPAN,NOAA20,False,False,False,False
2023:23776,2023,LAPAN,NOAA20,False,False,False,False
2023:23777,2023,LAPAN,NOAA20,False,False,False,False
2023:23778,2023,LAPAN,NOAA20,False,False,False,False
2023:23779,2023,LAPAN,NOAA20,False,False,False,False
2023:23780,2023,LAPAN,NOAA20,False,False,False,False
2023:23781,2023,LAPAN,NOAA20,False,False,False,False
2023:23782,2023,LAPAN,NOAA20,False,False,False,False
2023:23783,2023,LAPAN,NOAA20,False,False,False,False
2023:23784,2023,LAPAN,NOAA20,False,False,False,False
2023:23785,2023,LAPAN,NOAA20,False,False,False,False
2023:23786,2023,LAPAN,NOAA20,False,False,False,False
2023:23787,2023,LAPAN,NOAA20,False,False,False,False
2023:23788,2023,LAPAN,NOAA20,False,False,False,False
2023:23789,2023,LAPAN,NOAA20,False,False,False,False
2023:23790,2023,LAPAN,NOAA20,False,False,False,False
2023:23791,2023,LAPAN,NOAA20,False,False,False,False
2023:23792,2023,LAPAN,NOAA20,False,False,False,False
2023:23793,2023,LAPAN,NOAA20,False,False,False,False
2023:23794,2023,LAPAN,NOAA20,False,False,False,False
2023:23795,2023,LAPAN,NOAA20,False,False,False,False
2023:23796,2023,LAPAN,NOAA20,False,False,False,False
2023:23797,2023,LAPAN,NOAA20,False,False,False,False
2023:23798,2023,LAPAN,NOAA20,False,False,False,False
2023:23799,2023,LAPAN,NOAA20,False,False,False,False
2023:23800,2023,LAPAN,NOAA20,False,False,False,False
2023:23801,2023,LAPAN,NOAA20,False,False,False,False
2023:23802,2023,LAPAN,NOAA20,False,False,False,False
2023:23803,2023,LAPAN,NOAA20,False,False,False,False
2023:23804,2023,LAPAN,NOAA20,False,False,False,False
2023:23805,2023,LAPAN,NOAA20,False,False,False,False
2023:23806,2023,LAPAN,NOAA20,False,False,False,False
2023:23807,2023,LAPAN,NOAA20,False,False,False,False
2023:23808,2023,LAPAN,NOAA20,False,False,False,False
2023:23809,2023,LAPAN,NOAA20,False,False,False,False
2023:23810,2023,LAPAN,NOAA20,False,False,False,False
2023:23811,2023,LAPAN,NOAA20,False,False,False,False
2023:23812,2023,LAPAN,NOAA20,False,False,False,False
2023:23813,2023,LAPAN,NOAA20,False,False,False,False
2023:23814,2023,LAPAN,NOAA20,False,False,False,False
2023:23815,2023,LAPAN,NOAA20,False,False,False,False
2023:23816,2023,LAPAN,NOAA20,False,False,False,False
2023:23817,2023,LAPAN,NOAA20,False,False,False,False
2023:23818,2023,LAPAN,NOAA20,False,False,False,False
2023:23819,2023,LAPAN,NOAA20,False,False,False,False
2023:23820,2023,LAPAN,NOAA20,False,False,False,False
2023:23821,2023,LAPAN,NOAA20,False,False,False,False
2023:23822,2023,LAPAN,NOAA20,False,False,False,False
2023:23823,2023,LAPAN,NOAA20,False,False,False,False
2023:23824,2023,LAPAN,NOAA20,False,False,False,False
2023:23825,2023,LAPAN,NOAA20,False,False,False,False
2023:23826,2023,LAPAN,NOAA20,False,False,False,False
2023:23827,2023,LAPAN,NOAA20,False,False,False,False
2023:23828,2023,LAPAN,NOAA20,False,False,False,False
2023:23829,2023,LAPAN,NOAA20,False,False,False,False
2023:23830,2023,LAPAN,NOAA20,False,False,False,False
2023:23831,2023,LAPAN,NOAA20,False,False,False,False
2023:23832,2023,LAPAN,NOAA20,False,False,False,False
2023:23833,2023,LAPAN,NOAA20,False,False,False,False
2023:23834,2023,LAPAN,NOAA20,False,False,False,False
2023:23835,2023,LAPAN,NOAA20,False,False,False,False
2023:23836,2023,LAPAN,NOAA20,False,False,False,False
2023:23837,2023,LAPAN,NOAA20,False,False,False,False
2023:23838,2023,LAPAN,NOAA20,False,False,False,False
2023:23839,2023,LAPAN,NOAA20,False,False,False,False
2023:23840,2023,LAPAN,NOAA20,False,False,False,False
2023:23841,2023,LAPAN,NOAA20,False,False,False,False
2023:23842,2023,LAPAN,NOAA20,False,False,False,False
2023:23843,2023,LAPAN,NOAA20,False,False,False,False
2023:23844,2023,LAPAN,NOAA20,False,False,False,False
2023:23845,2023,LAPAN,NOAA20,False,False,False,False
2023:23846,2023,LAPAN,NOAA20,False,False,False,False
2023:23847,2023,LAPAN,NOAA20,False,False,False,False
2023:23848,2023,LAPAN,NOAA20,False,False,False,False
2023:23849,2023,LAPAN,NOAA20,False,False,False,False
2023:23850,2023,LAPAN,NOAA20,False,False,False,False
2023:23851,2023,LAPAN,NOAA20,False,False,False,False
2023:23852,2023,LAPAN,NOAA20,False,False,False,False
2023:23853,2023,LAPAN,NOAA20,False,False,False,False
2023:23854,2023,LAPAN,NOAA20,False,False,False,False
2023:23855,2023,LAPAN,NOAA20,False,False,False,False
2023:23856,2023,LAPAN,NOAA20,False,False,False,False
2023:23857,2023,LAPAN,NOAA20,False,False,False,False
2023:23858,2023,LAPAN,NOAA20,False,False,False,False
2023:23859,2023,LAPAN,NOAA20,False,False,False,False
2023:23860,2023,LAPAN,NOAA20,False,False,False,False
2023:23861,2023,LAPAN,NOAA20,False,False,False,False
2023:23862,2023,LAPAN,NOAA20,False,False,False,False
2023:23863,2023,LAPAN,NOAA20,False,False,False,False
2023:23864,2023,LAPAN,NOAA20,False,False,False,False
2023:23865,2023,LAPAN,NOAA20,False,False,False,False
2023:23866,2023,LAPAN,NOAA20,False,False,False,False
2023:23867,2023,LAPAN,NOAA20,False,False,False,False
2023:23868,2023,LAPAN,NOAA20,False,False,False,False
2023:23869,2023,LAPAN,NOAA20,False,False,False,False
2023:23870,2023,LAPAN,NOAA20,False,False,False,False
2023:23871,2023,LAPAN,NOAA20,False,False,False,False
2023:23872,2023,LAPAN,NOAA20,False,False,False,False
2023:23873,2023,LAPAN,NOAA20,False,False,False,False
2023:23874,2023,LAPAN,NOAA20,False,False,False,False
2023:23875,2023,LAPAN,NOAA20,False,False,False,False
2023:23876,2023,LAPAN,NOAA20,False,False,False,False
2023:23877,2023,LAPAN,NOAA20,False,False,False,False
2023:23878,2023,LAPAN,NOAA20,False,False,False,False
2023:23879,2023,LAPAN,NOAA20,False,False,False,False
2023:23880,2023,LAPAN,NOAA20,False,False,False,False
2023:23881,2023,LAPAN,NOAA20,False,False,False,False
2023:23882,2023,LAPAN,NOAA20,False,False,False,False
2023:23883,2023,LAPAN,NOAA20,False,False,False,False
2023:23884,2023,LAPAN,NOAA20,False,False,False,False
2023:23885,2023,LAPAN,NOAA20,False,False,False,False
2023:23886,2023,LAPAN,NOAA20,False,False,False,False
2023:23887,2023,LAPAN,NOAA20,False,False,False,False
2023:23888,2023,LAPAN,NOAA20,False,False,False,False
2023:23889,2023,LAPAN,NOAA20,False,False,False,False
2023:23890,2023,LAPAN,NOAA20,False,False,False,False
2023:23891,2023,LAPAN,NOAA20,False,False,False,False
2023:23892,2023,LAPAN,NOAA20,False,False,False,False
2023:23893,2023,LAPAN,NOAA20,False,False,False,False
2023:23894,2023,LAPAN,NOAA20,False,False,False,False
2023:23895,2023,LAPAN,NOAA20,False,False,False,False
2023:23896,2023,LAPAN,NOAA20,False,False,False,False
2023:23897,2023,LAPAN,NOAA20,False,False,False,False
2023:23898,2023,LAPAN,NOAA20,False,False,False,False
2023:23899,2023,LAPAN,NOAA20,False,False,False,False
2023:23900,2023,LAPAN,NOAA20,False,False,False,False
2023:23901,2023,LAPAN,NOAA20,False,False,False,False
2023:23902,2023,LAPAN,NOAA20,False,False,False,False
2023:23903,2023,LAPAN,NOAA20,False,False,False,False
2023:23904,2023,LAPAN,NOAA20,False,False,False,False
2023:23905,2023,LAPAN,NOAA20,False,False,False,False
2023:23906,2023,LAPAN,NOAA20,False,False,False,False
2023:23907,2023,LAPAN,NOAA20,False,False,False,False
2023:23908,2023,LAPAN,NOAA20,False,False,False,False
2023:23909,2023,LAPAN,NOAA20,False,False,False,False
2023:23910,2023,LAPAN,NOAA20,False,False,False,False
2023:23911,2023,LAPAN,NOAA20,False,False,False,False
2023:23912,2023,LAPAN,NOAA20,False,False,False,False
2023:23913,2023,LAPAN,NOAA20,False,False,False,False
2023:23914,2023,LAPAN,NOAA20,False,False,False,False
2023:23915,2023,LAPAN,NOAA20,False,False,False,False
2023:23916,2023,LAPAN,NOAA20,False,False,False,False
2023:23917,2023,LAPAN,NOAA20,False,False,False,False
2023:23918,2023,LAPAN,NOAA20,False,False,False,False
2023:23919,2023,LAPAN,NOAA20,False,False,False,False
2023:23920,2023,LAPAN,NOAA20,False,False,False,False
2023:23921,2023,LAPAN,NOAA20,False,False,False,False
2023:23922,2023,LAPAN,NOAA20,False,False,False,False
2023:23923,2023,LAPAN,NOAA20,False,False,False,False
2023:23924,2023,LAPAN,NOAA20,False,False,False,False
2023:23925,2023,LAPAN,NOAA20,False,False,False,False
2023:23926,2023,LAPAN,NOAA20,False,False,False,False
2023:23927,2023,LAPAN,NOAA20,False,False,False,False
2023:23928,2023,LAPAN,NOAA20,False,False,False,False
2023:23929,2023,LAPAN,NOAA20,False,False,False,False
2023:23930,2023,LAPAN,NOAA20,False,False,False,False
2023:23931,2023,LAPAN,NOAA20,False,False,False,False
2023:23932,2023,LAPAN,NOAA20,False,False,False,False
2023:23933,2023,LAPAN,NOAA20,False,False,False,False
2023:23934,2023,LAPAN,NOAA20,False,False,False,False
2023:23935,2023,LAPAN,NOAA20,False,False,False,False
2023:23936,2023,LAPAN,NOAA20,False,False,False,False
2023:23937,2023,LAPAN,NOAA20,False,False,False,False
2023:23938,2023,LAPAN,NOAA20,False,False,False,False
2023:23939,2023,LAPAN,NOAA20,False,False,False,False
2023:23940,2023,LAPAN,NOAA20,False,False,False,False
2023:23941,2023,LAPAN,NOAA20,False,False,False,False
2023:23942,2023,LAPAN,NOAA20,False,False,False,False
2023:23943,2023,LAPAN,NOAA20,False,False,False,False
2023:23944,2023,LAPAN,NOAA20,False,False,False,False
2023:23945,2023,LAPAN,NOAA20,False,False,False,False
2023:23946,2023,LAPAN,NOAA20,False,False,False,False
2023:23947,2023,LAPAN,NOAA20,False,False,False,False
2023:23948,2023,LAPAN,NOAA20,False,False,False,False
2023:23949,2023,LAPAN,NOAA20,False,False,False,False
2023:23950,2023,LAPAN,NOAA20,False,False,False,False
2023:23951,2023,LAPAN,NOAA20,False,False,False,False
2023:23952,2023,LAPAN,NOAA20,False,False,False,False
2023:23953,2023,LAPAN,NOAA20,False,False,False,False
2023:23954,2023,LAPAN,NOAA20,False,False,False,False
2023:23955,2023,LAPAN,NOAA20,False,False,False,False
2023:23956,2023,LAPAN,NOAA20,False,False,False,False
2023:23957,2023,LAPAN,NOAA20,False,False,False,False
2023:23958,2023,LAPAN,NOAA20,False,False,False,False
2023:23959,2023,LAPAN,NOAA20,False,False,False,False
2023:23960,2023,LAPAN,NOAA20,False,False,False,False
2023:23961,2023,LAPAN,NOAA20,False,False,False,False
2023:23962,2023,LAPAN,NOAA20,False,False,False,False
2023:23963,2023,LAPAN,NOAA20,False,False,False,False
2023:23964,2023,LAPAN,NOAA20,False,False,False,False
2023:23965,2023,LAPAN,NOAA20,False,False,False,False
2023:23966,2023,LAPAN,NOAA20,False,False,False,False
2023:23967,2023,LAPAN,NOAA20,False,False,False,False
2023:23968,2023,LAPAN,NOAA20,False,False,False,False
2023:23969,2023,LAPAN,NOAA20,False,False,False,False
2023:23970,2023,LAPAN,NOAA20,False,False,False,False
2023:23971,2023,LAPAN,NOAA20,False,False,False,False
2023:23972,2023,LAPAN,NOAA20,False,False,False,False
2023:23973,2023,LAPAN,NOAA20,False,False,False,False
2023:23974,2023,LAPAN,NOAA20,False,False,False,False
2023:23975,2023,LAPAN,NOAA20,False,False,False,False
2023:23976,2023,LAPAN,NOAA20,False,False,False,False
2023:23977,2023,LAPAN,NOAA20,False,False,False,False
2023:23978,2023,LAPAN,NOAA20,False,False,False,False
2023:23979,2023,LAPAN,NOAA20,False,False,False,False
2023:23980,2023,LAPAN,NOAA20,False,False,False,False
2023:23981,2023,LAPAN,NOAA20,False,False,False,False
2023:23982,2023,LAPAN,NOAA20,False,False,False,False
2023:23983,2023,LAPAN,NOAA20,False,False,False,False
2023:23984,2023,LAPAN,NOAA20,False,False,False,False
2023:23985,2023,LAPAN,NOAA20,False,False,False,False
2023:23986,2023,LAPAN,NOAA20,False,False,False,False
2023:23987,2023,LAPAN,NOAA20,False,False,False,False
2023:23988,2023,LAPAN,NOAA20,False,False,False,False
2023:23989,2023,LAPAN,NOAA20,False,False,False,False
2023:23990,2023,LAPAN,NOAA20,False,False,False,False
2023:23991,2023,LAPAN,NOAA20,False,False,False,False
2023:23992,2023,LAPAN,NOAA20,False,False,False,False
2023:23993,2023,LAPAN,NOAA20,False,False,False,False
2023:23994,2023,LAPAN,NOAA20,False,False,False,False
2023:23995,2023,LAPAN,NOAA20,False,False,False,False
2023:23996,2023,LAPAN,NOAA20,False,False,False,False
2023:23997,2023,LAPAN,NOAA20,False,False,False,False
2023:23998,2023,LAPAN,NOAA20,False,False,False,False
2023:23999,2023,LAPAN,NOAA20,False,False,False,False
2023:24000,2023,LAPAN,NOAA20,False,False,False,False
2023:24001,2023,LAPAN,NOAA20,False,False,False,False
2023:24002,2023,LAPAN,NOAA20,False,False,False,False
2023:24003,2023,LAPAN,NOAA20,False,False,False,False
2023:24004,2023,LAPAN,NOAA20,False,False,False,False
2023:24005,2023,LAPAN,NOAA20,False,False,False,False
2023:24006,2023,LAPAN,NOAA20,False,False,False,False
2023:24007,2023,LAPAN,NOAA20,False,False,False,False
2023:24008,2023,LAPAN,NOAA20,False,False,False,False
2023:24009,2023,LAPAN,NOAA20,False,False,False,False
2023:24010,2023,LAPAN,NOAA20,False,False,False,False
2023:24011,2023,LAPAN,NOAA20,False,False,False,False
2023:24012,2023,LAPAN,NOAA20,False,False,False,False
2023:24013,2023,LAPAN,NOAA20,False,False,False,False
2023:24014,2023,LAPAN,NOAA20,False,False,False,False
2023:24015,2023,LAPAN,NOAA20,False,False,False,False
2023:24016,2023,LAPAN,NOAA20,False,False,False,False
2023:24017,2023,LAPAN,NOAA20,False,False,False,False
2023:24018,2023,LAPAN,NOAA20,False,False,False,False
2023:24019,2023,LAPAN,NOAA20,False,False,False,False
2023:24020,2023,LAPAN,NOAA20,False,False,False,False
2023:24021,2023,LAPAN,NOAA20,False,False,False,False
2023:24022,2023,LAPAN,NOAA20,False,False,False,False
2023:24023,2023,LAPAN,NOAA20,False,False,False,False
2023:24024,2023,LAPAN,NOAA20,False,False,False,False
2023:24025,2023,LAPAN,NOAA20,False,False,False,False
2023:24026,2023,LAPAN,NOAA20,False,False,False,False
2023:24027,2023,LAPAN,NOAA20,False,False,False,False
2023:24028,2023,LAPAN,NOAA20,False,False,False,False
2023:24029,2023,LAPAN,NOAA20,False,False,False,False
2023:24030,2023,LAPAN,NOAA20,False,False,False,False
2023:24031,2023,LAPAN,NOAA20,False,False,False,False
2023:24032,2023,LAPAN,NOAA20,False,False,False,False
2023:24033,2023,LAPAN,NOAA20,False,False,False,False
2023:24034,2023,LAPAN,NOAA20,False,False,False,False
2023:24035,2023,LAPAN,NOAA20,False,False,False,False
2023:24036,2023,LAPAN,NOAA20,False,False,False,False
2023:24037,2023,LAPAN,NOAA20,False,False,False,False
2023:24038,2023,LAPAN,NOAA20,False,False,False,False
2023:24039,2023,LAPAN,NOAA20,False,False,False,False
2023:24040,2023,LAPAN,NOAA20,False,False,False,False
2023:24041,2023,LAPAN,NOAA20,False,False,False,False
2023:24042,2023,LAPAN,NOAA20,False,False,False,False
2023:24043,2023,LAPAN,NOAA20,False,False,False,False
2023:24044,2023,LAPAN,NOAA20,False,False,False,False
2023:24045,2023,LAPAN,NOAA20,False,False,False,False
2023:24046,2023,LAPAN,NOAA20,False,False,False,False
2023:24047,2023,LAPAN,NOAA20,False,False,False,False
2023:24048,2023,LAPAN,NOAA20,False,False,False,False
2023:24049,2023,LAPAN,NOAA20,False,False,False,False
2023:24050,2023,LAPAN,NOAA20,False,False,False,False
2023:24051,2023,LAPAN,NOAA20,False,False,False,False
2023:24052,2023,LAPAN,NOAA20,False,False,False,False
2023:24053,2023,LAPAN,NOAA20,False,False,False,False
2023:24054,2023,LAPAN,NOAA20,False,False,False,False
2023:24055,2023,LAPAN,NOAA20,False,False,False,False
2023:24056,2023,LAPAN,NOAA20,False,False,False,False
2023:24057,2023,LAPAN,NOAA20,False,False,False,False
2023:24058,2023,LAPAN,NOAA20,False,False,False,False
2023:24059,2023,LAPAN,NOAA20,False,False,False,False
2023:24060,2023,LAPAN,NOAA20,False,False,False,False
2023:24061,2023,LAPAN,NOAA20,False,False,False,False
2023:24062,2023,LAPAN,NOAA20,False,False,False,False
2023:24063,2023,LAPAN,NOAA20,False,False,False,False
2023:24064,2023,LAPAN,NOAA20,False,False,False,False
2023:24065,2023,LAPAN,NOAA20,False,False,False,False
2023:24066,2023,LAPAN,NOAA20,False,False,False,False
2023:24067,2023,LAPAN,NOAA20,False,False,False,False
2023:24068,2023,LAPAN,NOAA20,False,False,False,False
2023:24069,2023,LAPAN,NOAA20,False,False,False,False
2023:24070,2023,LAPAN,NOAA20,False,False,False,False
2023:24071,2023,LAPAN,NOAA20,False,False,False,False
2023:24072,2023,LAPAN,NOAA20,False,False,False,False
2023:24073,2023,LAPAN,NOAA20,False,False,False,False
2023:24074,2023,LAPAN,NOAA20,False,False,False,False
2023:24075,2023,LAPAN,NOAA20,False,False,False,False
2023:24076,2023,LAPAN,NOAA20,False,False,False,False
2023:24077,2023,LAPAN,NOAA20,False,False,False,False
2023:24078,2023,LAPAN,NOAA20,False,False,False,False
2023:24079,2023,LAPAN,NOAA20,False,False,False,False
2023:24080,2023,LAPAN,NOAA20,False,False,False,False
2023:24081,2023,LAPAN,NOAA20,False,False,False,False
2023:24082,2023,LAPAN,NOAA20,False,False,False,False
2023:24083,2023,LAPAN,NOAA20,False,False,False,False
2023:24084,2023,LAPAN,NOAA20,False,False,False,False
2023:25065,2023,LAPAN,Aqua,False,False,True,False
2023:25066,2023,NASA,Aqua,False,False,True,False
2023:25067,2023,NASA,Aqua,False,False,True,False
2023:25068,2023,LAPAN,Aqua,False,False,True,False
2023:25069,2023,LAPAN,Aqua,False,False,True,False
2023:25070,2023,NASA,Aqua,False,False,True,False
2023:25071,2023,NASA,Aqua,False,False,True,False
2023:25072,2023,LAPAN,Aqua,False,False,True,False
2023:25073,2023,NASA,Aqua,False,False,True,False
2023:25074,2023,NASA,Aqua,False,False,True,False
2023:25075,2023,NASA,Aqua,False,False,True,False
2023:25076,2023,LAPAN,Aqua,False,False,True,False
2023:25077,2023,LAPAN,Aqua,False,False,True,False
2023:25078,2023,NASA,Aqua,False,False,True,False
2023:25079,2023,NASA,Aqua,False,False,True,False
2023:25080,2023,LAPAN,Aqua,False,False,True,False
2023:25081,2023,LAPAN,Aqua,False,False,True,False
2023:25286,2023,NASA,Aqua,False,True,False,False
2023:25290,2023,LAPAN,Aqua,False,True,False,False
2023:25295,2023,NASA,Aqua,False,True,False,False
2023:25298,2023,LAPAN,Aqua,False,True,False,False
2023:25313,2023,LAPAN,Aqua,False,True,False,False
2023:25319,2023,NASA,Aqua,False,True,False,False
2023:25337,2023,NASA,Aqua,False,True,False,False
2023:25342,2023,LAPAN,Aqua,False,True,False,False
2023:25353,2023,NASA,Aqua,False,True,False,False
2023:25355,2023,NASA,Aqua,False,True,False,False
2023:25375,2023,LAPAN,Aqua,False,True,False,False
2023:25410,2023,LAPAN,Aqua,False,True,False,False
2023:25412,2023,NASA,Aqua,False,True,False,False
2023:25430,2023,LAPAN,Aqua,False,True,False,False
2023:25433,2023,LAPAN,Aqua,False,True,False,False
2023:25435,2023,LAPAN,Aqua,False,True,False,False
2023:25436,2023,NASA,Aqua,False,True,False,False
2023:25444,2023,NASA,Aqua,False,True,False,False
2023:25447,2023,LAPAN,Aqua,False,True,False,False
2023:25448,2023,NASA,Aqua,False,True,False,False
2023:25633,2023,LAPAN,SNPP,False,False,False,False
2023:26092,2023,LAPAN,Aqua,False,False,True,False
2023:26093,2023,NASA,Aqua,False,False,True,False
2023:26094,2023,NASA,Aqua,False,False,True,False
2023:26528,2023,NASA,Aqua,False,False,True,False
2023:26529,2023,NASA,Aqua,False,False,True,False
2023:26589,2023,NASA,Aqua,False,False,True,False
2023:26590,2023,NASA,Aqua,False,False,True,False
2023:26591,2023,LAPAN,Aqua,False,False,True,False
2023:26592,2023,NASA,Aqua,False,False,True,False
2023:26593,2023,LAPAN,Aqua,False,False,True,False
2023:26594,2023,LAPAN,Aqua,False,False,True,False
2023:26595,2023,NASA,Aqua,False,False,True,False
2023:26596,2023,NASA,Aqua,False,False,True,False
2023:26597,2023,LAPAN,Aqua,False,False,True,False
2023:26598,2023,NASA,Aqua,False,False,True,False
2023:26599,2023,NASA,Aqua,False,False,True,False
2023:26600,2023,NASA,Aqua,False,False,True,False
2023:26601,2023,LAPAN,Aqua,False,False,True,False
2023:26602,2023,LAPAN,Aqua,False,False,True,False
2023:26603,2023,NASA,Aqua,False,False,True,False
2023:26604,2023,NASA,Aqua,False,False,True,False
2023:26605,2023,NASA,Aqua,False,False,True,False
2023:26606,2023,LAPAN,Aqua,False,False,True,False
2023:26607,2023,LAPAN,Aqua,False,False,True,False
2023:26608,2023,NASA,Aqua,False,False,True,False
2023:26609,2023,NASA,Aqua,False,False,True,False
2023:26610,2023,LAPAN,Aqua,False,False,True,False
2023:26619,2023,NASA,Aqua,False,False,True,False
2023:26623,2023,NASA,SNPP,False,False,False,True
2023:26625,2023,LAPAN,SNPP,False,False,False,True
2023:26830,2023,LAPAN,NOAA20,False,True,False,False
2023:26840,2023,NASA,Aqua,False,False,True,False
2023:26841,2023,NASA,Aqua,False,False,True,False
2023:26842,2023,NASA,Aqua,False,False,True,False
2023:26843,2023,NASA,Aqua,False,False,True,False
2023:26844,2023,LAPAN,Aqua,False,False,True,False
2023:26845,2023,NASA,Aqua,False,False,True,False
2023:26846,2023,LAPAN,Aqua,False,False,True,False
2023:26847,2023,LAPAN,Aqua,False,False,True,False
2023:26848,2023,NASA,Aqua,False,False,True,False
2023:26849,2023,LAPAN,Aqua,False,False,True,False
2023:26850,2023,NASA,Aqua,False,False,True,False
2023:26851,2023,LAPAN,Aqua,False,False,True,False
2023:26852,2023,LAPAN,Aqua,False,False,True,False
2023:26853,2023,NASA,Aqua,False,False,True,False
2023:26854,2023,NASA,Aqua,False,False,True,False
2023:26855,2023,LAPAN,Aqua,False,False,True,False
2023:27018,2023,NASA,Aqua,False,False,True,False
2023:27019,2023,NASA,Aqua,False,False,True,False
2023:27020,2023,NASA,Aqua,False,False,True,False
2023:27021,2023,NASA,Aqua,False,False,True,False
2023:27022,2023,NASA,Aqua,False,False,True,False
2023:27023,2023,NASA,Aqua,False,False,True,False
2023:27024,2023,NASA,Aqua,False,False,True,False
2023:27028,2023,LAPAN,SNPP,False,False,False,False
2023:27029,2023,LAPAN,SNPP,False,False,False,False
2023:27030,2023,LAPAN,SNPP,False,False,False,False
2023:27032,2023,LAPAN,SNPP,False,False,True,False
2023:27034,2023,LAPAN,SNPP,False,False,True,False
2023:27038,2023,LAPAN,SNPP,False,False,False,False
2023:27051,2023,LAPAN,SNPP,False,False,False,False
2023:27052,2023,LAPAN,SNPP,False,False,False,False
2023:27054,2023,LAPAN,SNPP,False,False,False,False
2023:27056,2023,LAPAN,SNPP,False,False,False,False
2023:27058,2023,LAPAN,SNPP,False,False,True,False
2023:27060,2023,LAPAN,SNPP,False,False,True,False
2023:27065,2023,LAPAN,NOAA20,False,False,False,False
2023:27068,2023,LAPAN,SNPP,False,False,False,False
2023:27070,2023,LAPAN,SNPP,False,False,True,False
2023:27071,2023,LAPAN,SNPP,False,False,True,False
2023:27079,2023,LAPAN,SNPP,False,False,False,False
2023:27080,2023,LAPAN,SNPP,False,False,True,False
2023:27086,2023,LAPAN,SNPP,False,False,False,False
2023:27093,2023,LAPAN,SNPP,False,False,False,False
2023:27094,2023,LAPAN,SNPP,False,False,False,False
2023:27124,2023,LAPAN,SNPP,False,False,False,False
2023:27125,2023,LAPAN,SNPP,False,False,False,False
2023:27126,2023,LAPAN,SNPP,False,False,False,False
2023:27127,2023,LAPAN,SNPP,False,False,False,False
2023:27128,2023,LAPAN,SNPP,False,False,False,False
2023:27129,2023,LAPAN,SNPP,False,False,False,False
2023:27130,2023,LAPAN,SNPP,False,False,False,False
2023:27131,2023,LAPAN,SNPP,False,False,False,False
2023:27132,2023,LAPAN,SNPP,False,False,False,False
2023:27133,2023,LAPAN,SNPP,False,False,False,False
2023:27134,2023,LAPAN,SNPP,False,False,False,False
2023:27135,2023,LAPAN,SNPP,False,False,False,False
2023:27136,2023,LAPAN,SNPP,False,False,False,False
2023:27137,2023,LAPAN,SNPP,False,False,False,False
2023:27138,2023,LAPAN,SNPP,False,False,False,False
2023:27139,2023,LAPAN,SNPP,False,False,False,False
2023:27140,2023,LAPAN,SNPP,False,False,False,False
2023:27141,2023,LAPAN,SNPP,False,False,False,False
2023:27142,2023,LAPAN,SNPP,False,False,False,False
2023:27143,2023,LAPAN,SNPP,False,False,False,False
2023:27144,2023,LAPAN,SNPP,False,False,False,False
2023:27145,2023,LAPAN,SNPP,False,False,False,False
2023:27278,2023,NASA,Aqua,False,False,True,False
2023:27279,2023,NASA,Aqua,False,False,True,False
2023:27280,2023,LAPAN,Aqua,False,False,True,False
2023:27281,2023,LAPAN,Aqua,False,False,True,False
2023:27331,2023,NASA,Aqua,False,False,True,False
2023:27332,2023,NASA,Aqua,False,False,True,False
2023:27333,2023,LAPAN,Aqua,False,False,True,False
2023:27334,2023,LAPAN,Aqua,False,False,False,False
2023:27335,2023,NASA,Aqua,False,False,True,False
2023:27336,2023,LAPAN,Aqua,False,False,True,False
2023:27337,2023,NASA,Aqua,False,False,True,False
2023:27338,2023,NASA,Aqua,False,False,True,False
2023:27339,2023,NASA,Aqua,False,False,True,False
2023:27340,2023,LAPAN,Aqua,False,False,False,False
2023:27433,2023,NASA,Aqua,False,False,True,False
2023:27434,2023,NASA,Aqua,False,False,True,False
2023:27435,2023,LAPAN,Aqua,False,False,True,False
2023:27436,2023,NASA,Aqua,False,False,True,False
2023:27437,2023,LAPAN,Aqua,False,False,True,False
2023:27438,2023,NASA,Aqua,False,False,True,False
2023:27439,2023,LAPAN,Aqua,False,False,True,False
2023:27440,2023,NASA,Aqua,False,False,True,False
2023:27441,2023,LAPAN,Aqua,False,False,True,False
2023:27442,2023,LAPAN,Aqua,False,False,True,False
2023:27444,2023,LAPAN,Aqua,False,True,True,False
2023:27484,2023,NASA,Aqua,False,True,True,False
2023:27506,2023,LAPAN,Aqua,False,True,True,False
2023:27509,2023,NASA,Aqua,False,True,True,False
2023:27545,2023,NASA,Aqua,False,False,True,False
2023:27546,2023,NASA,Aqua,False,False,True,False
2023:27547,2023,NASA,Aqua,False,False,True,False
2023:27548,2023,LAPAN,SNPP,False,False,False,False
2023:27549,2023,LAPAN,SNPP,False,False,False,False
2023:27550,2023,LAPAN,SNPP,False,False,False,False
2023:27551,2023,LAPAN,SNPP,False,False,False,False
2023:27552,2023,LAPAN,SNPP,False,False,False,False
2023:27553,2023,LAPAN,SNPP,False,False,False,False
2023:27554,2023,LAPAN,SNPP,False,False,False,False
2023:27555,2023,LAPAN,SNPP,False,False,False,False
2023:27556,2023,LAPAN,SNPP,False,False,False,False
2023:27557,2023,LAPAN,SNPP,False,False,False,False
2023:27558,2023,LAPAN,SNPP,False,False,False,False
2023:27559,2023,LAPAN,SNPP,False,False,False,False
2023:27560,2023,LAPAN,SNPP,False,False,False,False
2023:27561,2023,LAPAN,SNPP,False,False,False,False
2023:27562,2023,LAPAN,SNPP,False,False,False,False
2023:27563,2023,LAPAN,SNPP,False,False,False,False
2023:27564,2023,LAPAN,SNPP,False,False,False,False
2023:27565,2023,LAPAN,SNPP,False,False,False,False
2023:27566,2023,LAPAN,SNPP,False,False,False,False
2023:27567,2023,LAPAN,SNPP,False,False,False,False
2023:27568,2023,LAPAN,SNPP,False,False,False,False
2023:27569,2023,LAPAN,SNPP,False,False,False,False
2023:27570,2023,LAPAN,SNPP,False,False,False,False
2023:27571,2023,LAPAN,SNPP,False,False,False,False
2023:27572,2023,LAPAN,SNPP,False,False,False,False
2023:27573,2023,LAPAN,SNPP,False,False,False,False
2023:27574,2023,LAPAN,SNPP,False,False,False,False
2023:27575,2023,LAPAN,SNPP,False,False,False,False
2023:27576,2023,LAPAN,SNPP,False,False,False,False
2023:27577,2023,LAPAN,SNPP,False,False,False,False
2023:27636,2023,LAPAN,Aqua,False,True,False,False
2023:27637,2023,NASA,Aqua,False,True,False,False
2023:27638,2023,NASA,Aqua,False,True,False,False
2023:27639,2023,LAPAN,Aqua,False,True,False,False
2023:27640,2023,NASA,Aqua,False,True,False,False
2023:27641,2023,LAPAN,Aqua,False,True,False,False
2023:27744,2023,NASA,Aqua,False,False,True,False
2023:27816,2023,NASA,Aqua,False,False,True,False
2023:27817,2023,NASA,Aqua,False,False,True,False
2023:27869,2023,NASA,Aqua,False,False,True,False
2023:27871,2023,LAPAN,Aqua,False,False,False,False
2023:27880,2023,LAPAN,Aqua,False,False,False,False
2023:27949,2023,LAPAN,Aqua,False,False,False,False
2023:27974,2023,LAPAN,Aqua,False,False,False,False
2023:28058,2023,NASA,Aqua,False,False,True,False
2023:28367,2023,LAPAN,Aqua,False,False,True,False
2023:28368,2023,NASA,Aqua,False,False,True,False
2023:28369,2023,LAPAN,Aqua,False,False,True,False
2023:28370,2023,NASA,Aqua,False,False,True,False
2023:28371,2023,LAPAN,SNPP,False,True,False,False
2023:28387,2023,LAPAN,SNPP,False,True,False,False
2023:28392,2023,LAPAN,SNPP,False,True,False,False
2023:28399,2023,LAPAN,SNPP,False,True,False,False
2023:28403,2023,LAPAN,SNPP,False,True,False,False
2023:28467,2023,NASA,Aqua,False,False,True,False
2023:28468,2023,NASA,Aqua,False,False,True,False
2023:28539,2023,NASA,Aqua,False,False,True,False
2023:28540,2023,NASA,Aqua,False,False,True,False
2023:28541,2023,NASA,Aqua,False,False,True,False
2023:28542,2023,NASA,Aqua,False,False,True,False
2023:28543,2023,NASA,Aqua,False,False,True,False
2023:28544,2023,NASA,Aqua,False,False,True,False
2023:28545,2023,NASA,Aqua,False,False,True,False
2023:28546,2023,NASA,Aqua,False,False,True,False
2023:28572,2023,LAPAN,Aqua,False,False,False,True
2023:28573,2023,LAPAN,Aqua,False,False,False,True
2023:28583,2023,LAPAN,Aqua,False,False,False,True
2023:28611,2023,LAPAN,Aqua,False,False,False,True
2023:28612,2023,LAPAN,Aqua,False,False,False,True
2023:28639,2023,LAPAN,Aqua,False,False,True,False
2023:28640,2023,NASA,Aqua,False,False,True,False
2023:28641,2023,NASA,Aqua,False,False,True,False
2023:28642,2023,LAPAN,Aqua,False,False,True,False
2023:28643,2023,LAPAN,Aqua,False,False,True,False
2023:28644,2023,NASA,Aqua,False,False,True,False
2023:28645,2023,LAPAN,NOAA20,False,False,False,False
2023:28646,2023,LAPAN,NOAA20,False,False,False,False
2023:28647,2023,LAPAN,NOAA20,False,False,False,False
2023:28648,2023,LAPAN,NOAA20,False,False,False,False
2023:28649,2023,LAPAN,NOAA20,False,False,False,False
2023:28650,2023,LAPAN,NOAA20,False,False,False,False
2023:28651,2023,LAPAN,NOAA20,False,False,False,False
2023:28652,2023,LAPAN,NOAA20,False,False,False,False
2023:28653,2023,LAPAN,NOAA20,False,False,False,False
2023:28654,2023,LAPAN,NOAA20,False,False,False,False
2023:28655,2023,LAPAN,NOAA20,False,False,False,False
2023:28656,2023,LAPAN,NOAA20,False,False,False,False
2023:28657,2023,LAPAN,NOAA20,False,False,False,False
2023:28658,2023,LAPAN,NOAA20,False,False,False,False
2023:28659,2023,LAPAN,NOAA20,False,False,False,False
2023:28660,2023,LAPAN,NOAA20,False,False,False,False
2023:28661,2023,LAPAN,NOAA20,False,False,False,False
2023:28662,2023,LAPAN,NOAA20,False,False,False,False
2023:28663,2023,LAPAN,NOAA20,False,False,False,False
2023:28664,2023,LAPAN,NOAA20,False,False,False,False
2023:28665,2023,LAPAN,NOAA20,False,False,False,False
2023:28666,2023,LAPAN,NOAA20,False,False,False,False
2023:28667,2023,LAPAN,NOAA20,False,False,False,False
2023:28668,2023,LAPAN,NOAA20,False,False,False,False
2023:28669,2023,LAPAN,NOAA20,False,False,False,False
2023:28670,2023,LAPAN,NOAA20,False,False,False,False
2023:28671,2023,LAPAN,NOAA20,False,False,False,False
2023:28672,2023,LAPAN,NOAA20,False,False,False,False
2023:28673,2023,LAPAN,NOAA20,False,False,False,False
2023:28755,2023,NASA,Aqua,False,False,True,False
2023:28756,2023,NASA,Aqua,False,False,True,False
2023:28757,2023,NASA,Aqua,False,False,True,False
2023:28758,2023,NASA,Aqua,False,False,True,False
2023:28759,2023,NASA,Aqua,False,False,True,False
2023:28760,2023,NASA,Aqua,False,False,True,False
2023:28761,2023,NASA,Aqua,False,False,True,False
2023:28762,2023,NASA,Aqua,False,False,True,False
2023:28763,2023,NASA,Aqua,False,False,True,False
2023:28764,2023,LAPAN,Aqua,False,False,True,False
2023:28893,2023,LAPAN,Aqua,False,False,False,False
2023:28894,2023,LAPAN,Aqua,False,False,False,False
2023:28895,2023,LAPAN,Aqua,False,False,False,False
2023:28896,2023,LAPAN,Aqua,False,False,False,False
2023:28897,2023,LAPAN,Aqua,False,False,False,False
2023:28898,2023,LAPAN,Aqua,False,False,False,False
2023:28899,2023,LAPAN,Aqua,False,False,False,False
2023:28900,2023,LAPAN,Aqua,False,False,False,False
2023:28901,2023,LAPAN,Aqua,False,False,False,False
2023:28902,2023,LAPAN,Aqua,False,False,False,False
2023:28903,2023,LAPAN,Aqua,False,False,False,False
2023:28904,2023,LAPAN,Aqua,False,False,False,False
2023:28905,2023,LAPAN,Aqua,False,False,False,False
2023:28906,2023,LAPAN,Aqua,False,False,False,False
2023:28907,2023,NASA,Aqua,False,False,True,False
2023:28908,2023,NASA,Aqua,False,False,True,False
2023:28909,2023,NASA,Aqua,False,False,True,False
2023:28910,2023,NASA,Aqua,False,False,True,False
2023:28911,2023,NASA,Aqua,False,False,True,False
2023:28912,2023,NASA,Aqua,False,False,True,False
2023:28913,2023,NASA,Aqua,False,False,True,False
2023:28914,2023,NASA,Aqua,False,False,True,False
2023:28915,2023,NASA,Aqua,False,False,True,False
2023:28916,2023,NASA,Aqua,False,False,True,False
2023:28917,2023,NASA,Aqua,False,False,True,False
2023:28918,2023,NASA,Aqua,False,False,True,False
2023:28919,2023,NASA,Aqua,False,False,True,False
2023:28920,2023,NASA,Aqua,False,False,True,False
2023:28921,2023,NASA,Aqua,False,False,True,False
2023:28989,2023,NASA,Aqua,False,False,True,False
2023:28990,2023,NASA,Aqua,False,False,True,False
2023:28991,2023,NASA,Aqua,False,False,True,False
2023:28992,2023,NASA,Aqua,False,False,True,False
2023:28993,2023,NASA,Aqua,False,False,True,False
2023:29017,2023,LAPAN,Aqua,False,False,False,False
2023:29038,2023,LAPAN,Aqua,False,False,True,False
2023:29046,2023,LAPAN,Aqua,False,False,True,False
2023:29089,2023,LAPAN,Aqua,False,False,True,False
2023:29090,2023,LAPAN,Aqua,False,False,True,False
2023:29320,2023,NASA,Aqua,False,True,False,False
2023:29342,2023,LAPAN,NOAA20,False,False,False,False
2023:29343,2023,LAPAN,NOAA20,False,False,False,False
2023:29344,2023,LAPAN,NOAA20,False,False,False,False
2023:29345,2023,LAPAN,NOAA20,False,False,False,False
2023:29346,2023,LAPAN,NOAA20,False,False,False,False
2023:29347,2023,LAPAN,NOAA20,False,False,False,False
2023:29348,2023,LAPAN,NOAA20,False,False,False,False
2023:29349,2023,LAPAN,NOAA20,False,False,False,False
2023:29350,2023,LAPAN,NOAA20,False,False,False,False
2023:29351,2023,LAPAN,NOAA20,False,False,False,False
2023:29352,2023,LAPAN,NOAA20,False,False,False,False
2023:29353,2023,LAPAN,NOAA20,False,False,False,False
2023:29354,2023,LAPAN,NOAA20,False,False,False,False
2023:29355,2023,LAPAN,NOAA20,False,False,False,False
2023:29356,2023,LAPAN,NOAA20,False,False,False,False
2023:29357,2023,LAPAN,NOAA20,False,False,False,False
2023:29358,2023,LAPAN,NOAA20,False,False,False,False
2023:29359,2023,LAPAN,NOAA20,False,False,False,False
2023:29360,2023,LAPAN,NOAA20,False,False,False,False
2023:29361,2023,LAPAN,NOAA20,False,False,False,False
2023:29362,2023,LAPAN,NOAA20,False,False,False,False
2023:29363,2023,LAPAN,NOAA20,False,False,False,False
2023:29364,2023,LAPAN,NOAA20,False,False,False,False
2023:29365,2023,LAPAN,NOAA20,False,False,False,False
2023:29366,2023,LAPAN,NOAA20,False,False,False,False
2023:29367,2023,LAPAN,NOAA20,False,False,False,False
2023:29368,2023,LAPAN,NOAA20,False,False,False,False
2023:29369,2023,LAPAN,NOAA20,False,False,False,False
2023:29486,2023,NASA,Aqua,False,False,True,False
2023:29487,2023,LAPAN,Aqua,False,False,False,False
2023:29488,2023,NASA,Aqua,False,False,True,False
2023:29489,2023,LAPAN,Aqua,False,False,False,False
2023:29490,2023,NASA,Aqua,False,False,True,False
2023:29491,2023,NASA,Aqua,False,False,True,False
2023:29492,2023,NASA,Aqua,False,False,True,False
2023:29493,2023,LAPAN,Aqua,False,False,True,False
2023:29494,2023,NASA,Aqua,False,False,True,False
2023:29495,2023,NASA,Aqua,False,False,True,False
2023:29496,2023,NASA,Aqua,False,False,True,False
2023:29497,2023,NASA,Aqua,False,False,True,False
2023:29498,2023,LAPAN,Aqua,False,False,True,False
2023:29499,2023,NASA,Aqua,False,False,True,False
2023:29632,2023,NASA,Aqua,False,False,True,False
2023:29633,2023,NASA,Aqua,False,False,True,False
2023:29634,2023,NASA,Aqua,False,False,True,False
2023:29635,2023,NASA,Aqua,False,False,True,False
2023:29636,2023,NASA,Aqua,False,False,True,False
2023:29638,2023,NASA,SNPP,False,False,True,True
2023:29689,2023,NASA,Aqua,False,False,True,False
2023:29698,2023,LAPAN,SNPP,False,False,False,False
2023:29700,2023,LAPAN,SNPP,False,False,True,False
2023:29703,2023,LAPAN,SNPP,False,False,False,False
2023:29704,2023,LAPAN,SNPP,False,False,False,False
2023:29715,2023,LAPAN,SNPP,False,False,False,False
2023:29716,2023,LAPAN,SNPP,False,False,False,False
2023:29743,2023,LAPAN,Aqua,False,False,True,True
2023:29753,2023,NASA,Aqua,False,False,True,True
2023:29757,2023,NASA,Aqua,False,False,True,True
2023:29759,2023,NASA,Aqua,False,False,True,True
2023:29763,2023,LAPAN,Aqua,False,False,True,True
2023:29774,2023,NASA,Aqua,False,False,True,True
2023:29775,2023,LAPAN,Aqua,False,False,False,False
2023:29778,2023,NASA,Aqua,False,False,False,True
2023:29881,2023,NASA,Aqua,False,False,True,False
2023:29882,2023,NASA,Aqua,False,False,True,False
2023:29883,2023,NASA,Aqua,False,True,False,False
2023:29884,2023,NASA,Aqua,False,True,False,False
2023:29895,2023,NASA,Aqua,False,False,True,False
2023:29896,2023,NASA,Aqua,False,False,True,False
2023:29935,2023,NASA,Aqua,False,False,True,False
2023:29936,2023,NASA,Aqua,False,False,True,False
2023:29937,2023,NASA,Aqua,False,False,True,False
2023:29970,2023,NASA,Aqua,False,False,True,False
2023:29971,2023,LAPAN,NOAA20,False,False,False,False
2023:29983,2023,LAPAN,SNPP,False,False,False,False
2023:30015,2023,LAPAN,Aqua,False,False,False,False
2023:30016,2023,LAPAN,Aqua,False,False,False,False
2023:30023,2023,LAPAN,NOAA20,False,False,False,False
2023:30024,2023,LAPAN,NOAA20,False,False,False,False
