Longitude,Latitude,Tgl_Hotspot,Sumber,Satellite,Status,Region,excel_row,sheet,customer_id,year,customer_index,sid,distance_km,delta_minutes,same_satellite,unknown_satellite,time_residual_minutes,candidate_count,matched
104.170021057,-1.9456846714,2019-02-19 13:00:00,LAPAN,Aqua,Verified No fire,SUMSEL MUBA,11,2019,2019:11,2019,9,,,,,,,,False
105.511985779,-2.97695875168,2019-02-19 13:00:00,LAPAN,Aqua,Verified No fire,SUMSEL,12,2019,2019:12,2019,10,,,,,,,,False
103.109672546,-0.960747897625,2019-02-22 13:00:00,LAPAN,Aqua,Verified No fire,JAMBI SMF,15,2019,2019:15,2019,13,,,,,,,,False
105.517,-2.975,2019-02-27 13:00:00,LAPAN,SNPP,Verified No fire,SUMSEL,18,2019,2019:18,2019,16,,,,,,,,False
105.381195068,-2.64010024071,2019-03-09 13:00:00,LAPAN,Aqua,Verified No fire,SUMSEL,22,2019,2019:22,2019,20,,,,,,,,False
105.735671997,-2.83562922478,2019-03-09 13:00:00,LAPAN,Aqua,Verified No fire,SUMSEL,23,2019,2019:23,2019,21,,,,,,,,False
105.830085754,-3.03596878052,2019-03-09 13:00:00,LAPAN,Aqua,Verified No fire,SUMSEL,24,2019,2019:24,2019,22,,,,,,,,False
103.41,-1.01,2019-03-09 16:00:00,ASMC,NOAA20,Verified No fire,JAMBI SMF,25,2019,2019:25,2019,23,,,,,,,,False
103.47782135,-1.05652153492,2019-03-16 10:00:00,LAPAN,Terra,Verified No fire,JAMBI SMF,26,2019,2019:26,2019,24,,,,,,,,False
103.472,-1.05602,2019-03-20 13:00:00,LAPAN,SNPP,Verified No fire,JAMBI SMF,30,2019,2019:30,2019,28,,,,,,,,False
105.668151855,-2.91249346733,2019-03-25 13:00:00,LAPAN,Aqua,Verified No fire,SUMSEL,31,2019,2019:31,2019,29,,,,,,,,False
105.47716522,-2.92074108,2019-04-06 14:00:00,LAPAN,Aqua,Verified No fire,SUMSEL,35,2019,2019:35,2019,33,,,,,,,,False
105.31429291,-3.03870368,2019-04-07 13:00:00,LAPAN,SNPP,Verified No fire,SUMSEL,38,2019,2019:38,2019,36,,,,,,,,False
103.060470581,-0.891164124012,2019-04-08 10:00:00,LAPAN,Terra,Verified No fire,JAMBI SMF,39,2019,2019:39,2019,37,,,,,,,,False
103.861602783,-2.10872340202,2019-04-14 09:00:00,LAPAN,Terra,Verified No fire,SUMSEL MUBA,43,2019,2019:43,2019,41,,,,,,,,False
103.32197571,-1.14861429,2019-04-15 12:00:00,LAPAN,Aqua,Verified No fire,JAMBI SMF,46,2019,2019:46,2019,44,,,,,,,,False
105.419464111,-3.13198256493,2019-04-17 10:00:00,LAPAN,Terra,Verified No fire,SUMSEL,47,2019,2019:47,2019,45,,,,,,,,False
105.475242615,-2.91753149033,2019-04-17 13:00:00,LAPAN,Aqua,Verified No fire,SUMSEL,51,2019,2019:51,2019,49,,,,,,,,False
105.465904236,-2.91886997223,2019-04-17 13:00:00,LAPAN,Aqua,Verified No fire,SUMSEL,52,2019,2019:52,2019,50,,,,,,,,False
105.428604126,-3.10823750496,2019-04-17 13:00:00,LAPAN,Aqua,Verified No fire,SUMSEL,53,2019,2019:53,2019,51,,,,,,,,False
103.476059,-1.05847,2019-04-22 13:00:00,LAPAN,Aqua,Verified No fire,JAMBI SMF,55,2019,2019:55,2019,53,,,,,,,,False
103.730438232,-1.34466695786,2019-04-29 10:00:00,LAPAN,Terra,Verified No fire,JAMBI SMF,57,2019,2019:57,2019,55,,,,,,,,False
103.405990601,-1.08362281322,2019-04-29 13:00:00,LAPAN,Aqua,Verified No fire,JAMBI SMF,58,2019,2019:58,2019,56,,,,,,,,False
103.475540161,-1.05870437622,2019-05-01 10:00:00,LAPAN,Terra,Verified No fire,JAMBI SMF,62,2019,2019:62,2019,60,,,,,,,,False
103.059211731,-0.89022141695,2019-05-01 13:00:00,LAPAN,Aqua,Verified No fire,JAMBI SMF,65,2019,2019:65,2019,63,,,,,,,,False
103.097473145,-0.903065562248,2019-05-01 13:00:00,LAPAN,Aqua,Verified No fire,JAMBI SMF,66,2019,2019:66,2019,64,,,,,,,,False
103.475,-1.05502,2019-05-02 13:00:00,LAPAN,SNPP,Verified No fire,JAMBI SMF,67,2019,2019:67,2019,65,,,,,,,,False
105.486,-2.9608,2019-05-03 13:00:00,LAPAN,SNPP,Verified No fire,SUMSEL,72,2019,2019:72,2019,70,,,,,,,,False
103.87663269,-2.116065979,2019-05-07 12:00:00,LAPAN,Aqua,Verified No fire,SUMSEL MUBA,76,2019,2019:76,2019,74,,,,,,,,False
103.845336914,-2.12045574188,2019-05-07 12:00:00,LAPAN,Aqua,Verified No fire,SUMSEL MUBA,77,2019,2019:77,2019,75,,,,,,,,False
105.304008484,-3.04155611992,2019-05-07 12:00:00,LAPAN,Aqua,Verified No fire,SUMSEL,78,2019,2019:78,2019,76,,,,,,,,False
103.989967346,-2.12059545517,2019-05-08 13:00:00,LAPAN,Aqua,Verified No fire,SUMSEL MUBA,81,2019,2019:81,2019,79,,,,,,,,False
105.31867218,-3.03348088,2019-05-08 14:00:00,LAPAN,Aqua,Verified No fire,SUMSEL,82,2019,2019:82,2019,80,,,,,,,,False
103.07305145,-2.31300545,2019-05-10 13:00:00,LAPAN,Aqua,Verified No fire,SUMSEL MUBA,89,2019,2019:89,2019,87,,,,,,,,False
101.93492126,-0.95855588,2019-05-15 13:00:00,LAPAN,Aqua,Verified No fire,JAMBI SMF,92,2019,2019:92,2019,90,,,,,,,,False
104.164,-1.90965,2019-05-18 13:00:00,LAPAN,SNPP,Verified No fire,SUMSEL MUBA,93,2019,2019:93,2019,91,,,,,,,,False
105.663047791,-2.92219829559,2019-05-19 10:00:00,LAPAN,Terra,Verified No fire,SUMSEL,94,2019,2019:94,2019,92,,,,,,,,False
105.574928284,-2.74508452415,2019-05-19 10:00:00,LAPAN,Terra,Verified No fire,SUMSEL,96,2019,2019:96,2019,94,,,,,,,,False
103.476280212,-1.05588102341,2019-05-24 10:00:00,LAPAN,Terra,Verified No fire,JAMBI SMF,100,2019,2019:100,2019,98,,,,,,,,False
103.686279297,-1.38549828529,2019-05-24 13:00:00,LAPAN,Aqua,Verified No fire,JAMBI SMF,101,2019,2019:101,2019,99,,,,,,,,False
103.102622986,-0.90571898222,2019-05-26 10:00:00,LAPAN,Unknown,Verified No fire,JAMBI SMF,102,2019,2019:102,2019,100,,,,,,,,False
103.099830627,-0.904422342777,2019-05-26 13:00:00,LAPAN,Unknown,Verified No fire,JAMBI SMF,106,2019,2019:106,2019,104,,,,,,,,False
101.974365234,-0.991094708443,2019-06-02 13:00:00,LAPAN,Aqua,Verified No fire,JAMBI SMF,108,2019,2019:108,2019,106,,,,,,,,False
103.240859985,-1.05958819389,2019-06-04 10:00:00,LAPAN,Unknown,Verified No fire,JAMBI SMF,109,2019,2019:109,2019,107,,,,,,,,False
102.0,-0.96,2019-06-08 16:00:00,ASMC,NOAA20,Verified No fire,JAMBI SMF,110,2019,2019:110,2019,108,,,,,,,,False
103.106582642,-0.966831982136,2019-06-14 13:00:00,LAPAN,Aqua,Verified No fire,JAMBI SMF,111,2019,2019:111,2019,109,,,,,,,,False
103.47328186,-1.06019628048,2019-06-20 13:00:00,LAPAN,Unknown,Verified No fire,JAMBI SMF,112,2019,2019:112,2019,110,,,,,,,,False
103.91746521,-1.51467597485,2019-06-25 13:00:00,LAPAN,Aqua,Verified No fire,JAMBI SMF,114,2019,2019:114,2019,112,,,,,,,,False
104.165229797,-1.90671372414,2019-06-27 10:00:00,LAPAN,Terra,Verified No fire,SUMSEL MUBA,115,2019,2019:115,2019,113,,,,,,,,False
103.48400116,-1.08119010925,2019-06-27 10:00:00,LAPAN,Terra,Verified No fire,JAMBI SMF,116,2019,2019:116,2019,114,,,,,,,,False
103.108161926,-0.906693577766,2019-06-27 10:00:00,LAPAN,Unknown,Verified No fire,JAMBI SMF,118,2019,2019:118,2019,116,,,,,,,,False
103.10610199,-0.909417450428,2019-06-27 13:00:00,LAPAN,Unknown,Verified No fire,JAMBI SMF,120,2019,2019:120,2019,118,,,,,,,,False
103.482749939,-1.08689498901,2019-06-27 13:00:00,LAPAN,Unknown,Verified No fire,JAMBI SMF,121,2019,2019:121,2019,119,,,,,,,,False
103.476707458,-1.06127977371,2019-06-29 13:00:00,LAPAN,Aqua,Verified No fire,JAMBI SMF,125,2019,2019:125,2019,123,,,,,,,,False
103.108413696,-0.964902222157,2019-06-30 13:00:00,LAPAN,Aqua,Verified No fire,JAMBI SMF,128,2019,2019:128,2019,126,,,,,,,,False
105.317001343,-3.03513908386,2019-07-01 10:00:00,LAPAN,Terra,Verified No fire,SUMSEL,129,2019,2019:129,2019,127,,,,,,,,False
105.442443848,-3.00986838341,2019-07-01 13:00:00,LAPAN,Unknown,Verified No fire,SUMSEL,130,2019,2019:130,2019,128,,,,,,,,False
103.109680176,-0.96216237545,2019-07-04 10:00:00,LAPAN,Unknown,Verified No fire,JAMBI SMF,131,2019,2019:131,2019,129,,,,,,,,False
105.489936829,-2.92297124863,2019-07-04 10:00:00,LAPAN,Unknown,Verified No fire,SUMSEL,133,2019,2019:133,2019,131,,,,,,,,False
103.479,-1.08217,2019-07-04 13:00:00,LAPAN,SNPP,Verified No fire,JAMBI SMF,135,2019,2019:135,2019,133,,,,,,,,False
103.75554657,-1.37327504158,2019-07-06 10:00:00,LAPAN,Unknown,Verified No fire,JAMBI SMF,136,2019,2019:136,2019,134,,,,,,,,False
105.284721375,-2.74873876572,2019-07-06 10:00:00,LAPAN,Unknown,Verified No fire,SUMSEL,137,2019,2019:137,2019,135,,,,,,,,False
105.309616089,-3.03666567802,2019-07-06 13:00:00,LAPAN,Unknown,Verified No fire,SUMSEL,139,2019,2019:139,2019,137,,,,,,,,False
103.117301941,-0.962675273418,2019-07-11 10:00:00,LAPAN,Unknown,Verified No fire,JAMBI SMF,140,2019,2019:140,2019,138,,,,,,,,False
105.409942627,-2.69735240936,2019-07-12 09:00:00,LAPAN,Unknown,Verified No fire,SUMSEL,142,2019,2019:142,2019,140,,,,,,,,False
105.440704346,-3.00167798996,2019-07-13 10:00:00,LAPAN,Unknown,Verified No fire,SUMSEL,143,2019,2019:143,2019,141,,,,,,,,False
103.103912354,-0.909143388271,2019-07-13 13:00:00,LAPAN,Unknown,Verified No fire,JAMBI SMF,144,2019,2019:144,2019,142,,,,,,,,False
103.794288635,-2.09925723076,2019-07-13 13:00:00,LAPAN,Aqua,Verified No fire,SUMSEL MUBA,145,2019,2019:145,2019,143,,,,,,,,False
105.685592651,-2.89762115479,2019-07-13 13:00:00,LAPAN,Aqua,Verified No fire,SUMSEL,146,2019,2019:146,2019,144,,,,,,,,False
103.134140015,-0.91431337595,2019-07-13 13:00:00,LAPAN,Unknown,Verified No fire,JAMBI SMF,149,2019,2019:149,2019,147,,,,,,,,False
103.67,-1.99,2019-07-13 16:00:00,ASMC,NOAA20,Verified No fire,SUMSEL MUBA,152,2019,2019:152,2019,150,,,,,,,,False
103.115608215,-0.960012197495,2019-07-15 10:00:00,LAPAN,Terra,Verified No fire,JAMBI SMF,153,2019,2019:153,2019,151,,,,,,,,False
103.12940979,-0.917470932007,2019-07-16 13:00:00,LAPAN,Aqua,Verified No fire,JAMBI SMF,157,2019,2019:157,2019,155,,,,,,,,False
102.966751099,-0.790144264698,2019-07-19 22:00:00,LAPAN,Unknown,Verified No fire,JAMBI SMF,158,2019,2019:158,2019,156,,,,,,,,False
105.75919342,-3.62002206,2019-07-24 13:00:00,LAPAN,SNPP,Verified No fire,SUMSEL,162,2019,2019:162,2019,160,,,,,,,,False
104.030433655,-2.03378176689,2019-07-25 13:00:00,LAPAN,Aqua,Verified Fire,SUMSEL MUBA,163,2019,2019:163,2019,161,,,,,,,,False
105.412094116,-2.69621729851,2019-07-27 10:00:00,LAPAN,Unknown,Verified No fire,SUMSEL,164,2019,2019:164,2019,162,,,,,,,,False
105.433128357,-3.10217690468,2019-07-27 10:00:00,LAPAN,Unknown,Verified No fire,SUMSEL,165,2019,2019:165,2019,163,,,,,,,,False
103.10508728,-0.909077942371,2019-07-27 13:00:00,LAPAN,Aqua,Verified No fire,JAMBI SMF,166,2019,2019:166,2019,164,,,,,,,,False
102.912658691,-0.890129804611,2019-07-27 13:00:00,LAPAN,Aqua,Verified No fire,JAMBI SMF,167,2019,2019:167,2019,165,,,,,,,,False
102.84,-1.22,2019-07-27 17:00:00,ASMC,NOAA20,Verified No fire,JAMBI SMF,168,2019,2019:168,2019,166,,,,,,,,False
103.04,-2.32,2019-07-28 17:00:00,ASMC,NOAA20,Verified No fire,SUMSEL MUBA,169,2019,2019:169,2019,167,,,,,,,,False
102.777870178,-1.41934514046,2019-07-28 22:00:00,LAPAN,Unknown,Fire inside Sitrep,JAMBI SMF,170,2019,2019:170,2019,168,,,,,,,,False
101.922225952,-0.949437499046,2019-07-28 22:00:00,LAPAN,Unknown,Verified No fire,JAMBI SMF,171,2019,2019:171,2019,169,,,,,,,,False
105.486839294,-2.93377017975,2019-07-29 10:00:00,LAPAN,Unknown,Verified No fire,SUMSEL,173,2019,2019:173,2019,171,,,,,,,,False
105.606544495,-2.89742898941,2019-07-29 10:00:00,LAPAN,Terra,Verified No fire,SUMSEL,176,2019,2019:176,2019,174,,,,,,,,False
103.41975403,-2.26477265,2019-07-29 13:00:00,LAPAN,Aqua,Verified No fire,SUMSEL MUBA,177,2019,2019:177,2019,175,,,,,,,,False
102.92795563,-0.83419907,2019-07-29 13:00:00,LAPAN,Aqua,Verified No fire,JAMBI SMF,179,2019,2019:179,2019,177,,,,,,,,False
103.456245422,-2.2641825676,2019-07-30 14:00:00,LAPAN,Aqua,Verified No fire,SUMSEL MUBA,185,2019,2019:185,2019,183,,,,,,,,False
103.879615784,-2.11089920998,2019-07-30 14:00:00,LAPAN,Aqua,Verified No fire,SUMSEL MUBA,187,2019,2019:187,2019,185,,,,,,,,False
103.849655151,-2.12036561966,2019-07-30 14:00:00,LAPAN,Aqua,Verified No fire,SUMSEL MUBA,189,2019,2019:189,2019,187,,,,,,,,False
103.425,-2.26,2019-07-30 16:00:00,ASMC,Unknown,Verified No fire,SUMSEL MUBA,190,2019,2019:190,2019,188,,,,,,,,False
102.03,-0.97,2019-07-30 16:00:00,ASMC,NOAA20,Verified No fire,JAMBI SMF,191,2019,2019:191,2019,189,,,,,,,,False
103.43,-2.24,2019-07-31 16:00:00,ASMC,Unknown,Verified No fire,SUMSEL MUBA,195,2019,2019:195,2019,193,,,,,,,,False
103.43535614,-2.25265455246,2019-07-31 22:00:00,LAPAN,Unknown,Verified Fire,SUMSEL MUBA,197,2019,2019:197,2019,195,,,,,,,,False
103.4359436,-2.25118637,2019-08-01 01:00:00,LAPAN,Unknown,Verified Fire,SUMSEL MUBA,200,2019,2019:200,2019,198,,,,,,,,False
102.75795746,-1.01689255,2019-08-01 01:00:00,LAPAN,Aqua,Verified No fire,JAMBI SMF,201,2019,2019:201,2019,199,,,,,,,,False
103.428573608,-2.24170184135,2019-08-01 11:00:00,LAPAN,Unknown,Verified No fire,SUMSEL MUBA,203,2019,2019:203,2019,201,,,,,,,,False
102.83302307,-1.3925947,2019-08-02 13:00:00,LAPAN,SNPP,Verified No fire,JAMBI SMF,205,2019,2019:205,2019,203,,,,,,,,False
105.80199432,-3.3543458,2019-08-02 13:00:00,LAPAN,SNPP,Verified No fire,SUMSEL,206,2019,2019:206,2019,204,,,,,,,,False
102.04733276,-0.98025298,2019-08-02 13:00:00,LAPAN,SNPP,Verified No fire,JAMBI SMF,207,2019,2019:207,2019,205,,,,,,,,False
102.995941162,-0.785767436028,2019-08-02 22:00:00,LAPAN,Unknown,Verified Fire,JAMBI SMF,208,2019,2019:208,2019,206,,,,,,,,False
103.065315247,-0.76390182972,2019-08-03 13:00:00,LAPAN,Unknown,Verified Fire,JAMBI SMF,211,2019,2019:211,2019,209,,,,,,,,False
103.2604599,-0.92048419,2019-08-03 13:00:00,LAPAN,SNPP,Verified No fire,JAMBI SMF,212,2019,2019:212,2019,210,,,,,,,,False
103.67460632,-2.17419386,2019-08-03 13:00:00,LAPAN,SNPP,Verified Fire,SUMSEL MUBA,213,2019,2019:213,2019,211,,,,,,,,False
105.759391785,-3.60672783852,2019-08-03 13:00:00,LAPAN,Unknown,Verified Fire,SUMSEL,214,2019,2019:214,2019,212,,,,,,,,False
105.97446442,-3.26867986,2019-08-03 13:00:00,LAPAN,SNPP,Fire inside Sitrep,SUMSEL,215,2019,2019:215,2019,213,,,,,,,,False
105.80280304,-3.60232282,2019-08-03 13:00:00,LAPAN,Unknown,Verified Fire,SUMSEL,217,2019,2019:217,2019,215,,,,,,,,False
105.75963593,-3.60887766,2019-08-03 13:00:00,LAPAN,Unknown,Verified Fire,SUMSEL,218,2019,2019:218,2019,216,,,,,,,,False
103.63160706,-2.03147864,2019-08-03 13:00:00,LAPAN,SNPP,Verified Fire,SUMSEL MUBA,219,2019,2019:219,2019,217,,,,,,,,False
103.016,-0.775858,2019-08-04 01:00:00,LAPAN,Unknown,Verified Fire,JAMBI SMF,220,2019,2019:220,2019,218,,,,,,,,False
101.8833847,-0.98727858,2019-08-04 13:00:00,LAPAN,Unknown,Verified Fire,JAMBI SMF,221,2019,2019:221,2019,219,,,,,,,,False
103.24971771,-0.92601365,2019-08-04 13:00:00,LAPAN,Unknown,Verified No fire,JAMBI SMF,222,2019,2019:222,2019,220,,,,,,,,False
103.01602936,-0.77012813,2019-08-04 13:00:00,LAPAN,Unknown,Verified Fire,JAMBI SMF,223,2019,2019:223,2019,221,,,,,,,,False
105.74761963,-3.61628175,2019-08-04 13:00:00,LAPAN,Unknown,Verified Fire,SUMSEL,224,2019,2019:224,2019,222,,,,,,,,False
103.010444641,-0.768122971058,2019-08-04 22:00:00,LAPAN,Unknown,Verified Fire,JAMBI SMF,226,2019,2019:226,2019,224,,,,,,,,False
103.016166687,-0.768627822399,2019-08-05 01:00:00,LAPAN,Unknown,Verified Fire,JAMBI SMF,227,2019,2019:227,2019,225,,,,,,,,False
103.014,-0.771572,2019-08-05 01:00:00,LAPAN,Unknown,Verified Fire,JAMBI SMF,228,2019,2019:228,2019,226,,,,,,,,False
103.01902008,-0.77356112,2019-08-05 12:00:00,LAPAN,SNPP,Verified Fire,JAMBI SMF,229,2019,2019:229,2019,227,,,,,,,,False
103.019813538,-0.772734344006,2019-08-05 13:00:00,LAPAN,Aqua,Verified Fire,JAMBI SMF,232,2019,2019:232,2019,230,,,,,,,,False
103.621406555,-1.0743046999,2019-08-05 13:00:00,LAPAN,Aqua,Verified No fire,JAMBI SMF,233,2019,2019:233,2019,231,,,,,,,,False
103.025,-0.8,2019-08-05 17:00:00,ASMC,NOAA20,Verified No fire,JAMBI SMF,234,2019,2019:234,2019,232,,,,,,,,False
102.99,-0.89,2019-08-05 17:00:00,ASMC,NOAA20,Verified No fire,JAMBI SMF,235,2019,2019:235,2019,233,,,,,,,,False
102.61737823,-1.3668921,2019-08-06 01:00:00,LAPAN,Aqua,Verified No fire,JAMBI SMF,236,2019,2019:236,2019,234,,,,,,,,False
102.97857666,-0.85935807,2019-08-06 01:00:00,LAPAN,Aqua,Verified No fire,JAMBI SMF,237,2019,2019:237,2019,235,,,,,,,,False
102.98239899,-0.86315793,2019-08-07 01:00:00,LAPAN,SNPP,Verified Fire,JAMBI SMF,240,2019,2019:240,2019,238,,,,,,,,False
103.41265106,-2.20756936,2019-08-08 13:00:00,LAPAN,Aqua,Verified No fire,SUMSEL MUBA,247,2019,2019:247,2019,245,,,,,,,,False
103.44164276,-2.25029778,2019-08-08 13:00:00,LAPAN,Aqua,Verified No fire,SUMSEL MUBA,248,2019,2019:248,2019,246,,,,,,,,False
103.33,-1.03,2019-08-08 16:00:00,ASMC,NOAA20,Verified No fire,JAMBI SMF,249,2019,2019:249,2019,247,,,,,,,,False
105.34151459,-2.58120012,2019-08-09 13:00:00,LAPAN,SNPP,Verified No fire,SUMSEL,250,2019,2019:250,2019,248,,,,,,,,False
102.02321625,-0.98193491,2019-08-09 13:00:00,LAPAN,SNPP,Verified Fire,JAMBI SMF,251,2019,2019:251,2019,249,,,,,,,,False
103.86965942,-1.88990116,2019-08-11 01:00:00,LAPAN,Aqua,Verified Fire,SUMSEL MUBA,252,2019,2019:252,2019,250,,,,,,,,False
102.92769623,-0.85807866,2019-08-11 01:00:00,LAPAN,Aqua,Verified Fire,JAMBI SMF,253,2019,2019:253,2019,251,,,,,,,,False
102.92622375,-0.859559,2019-08-12 01:00:00,LAPAN,SNPP,Verified Fire,JAMBI SMF,262,2019,2019:262,2019,260,,,,,,,,False
103.01165009,-0.77169693,2019-08-12 01:00:00,LAPAN,SNPP,Verified Fire,JAMBI SMF,263,2019,2019:263,2019,261,,,,,,,,False
105.75176239,-3.7626574,2019-08-12 14:00:00,LAPAN,SNPP,Verified No fire,SUMSEL,279,2019,2019:279,2019,277,,,,,,,,False
103.86734772,-1.91577435,2019-08-13 13:00:00,LAPAN,Terra,Fire inside Sitrep,SUMSEL MUBA,286,2019,2019:286,2019,284,,,,,,,,False
102.93006897,-0.85985088,2019-08-13 13:00:00,LAPAN,Terra,Verified Fire,JAMBI SMF,287,2019,2019:287,2019,285,,,,,,,,False
103.01234436,-0.77439928,2019-08-13 13:00:00,LAPAN,Terra,Verified Fire,JAMBI SMF,288,2019,2019:288,2019,286,,,,,,,,False
103.87450409,-1.90728939,2019-08-13 13:00:00,LAPAN,Terra,Verified Fire,SUMSEL MUBA,289,2019,2019:289,2019,287,,,,,,,,False
103.80046082,-1.5142206,2019-08-13 13:00:00,LAPAN,Terra,Verified No fire,JAMBI SMF,290,2019,2019:290,2019,288,,,,,,,,False
103.95326996,-1.86798763,2019-08-13 13:00:00,LAPAN,Terra,Fire inside Sitrep,SUMSEL MUBA,291,2019,2019:291,2019,289,,,,,,,,False
103.955,-1.895,2019-08-13 17:00:00,ASMC,NOAA20,Verified No fire,SUMSEL MUBA,292,2019,2019:292,2019,290,,,,,,,,False
103.930755615,-1.87079143524,2019-08-14 10:00:00,LAPAN,Terra,Fire inside Sitrep,SUMSEL MUBA,329,2019,2019:329,2019,327,,,,,,,,False
103.920944214,-1.86936199665,2019-08-14 10:00:00,LAPAN,Terra,Fire inside Sitrep,SUMSEL MUBA,341,2019,2019:341,2019,339,,,,,,,,False
103.960258484,-1.87508869171,2019-08-14 10:00:00,LAPAN,Terra,Fire inside Sitrep,SUMSEL MUBA,346,2019,2019:346,2019,344,,,,,,,,False
103.940582275,-1.87222230434,2019-08-14 10:00:00,LAPAN,Terra,Fire inside Sitrep,SUMSEL MUBA,348,2019,2019:348,2019,346,,,,,,,,False
103.94947815,-1.86168933,2019-08-14 13:00:00,LAPAN,Aqua,Fire inside Sitrep,SUMSEL MUBA,350,2019,2019:350,2019,348,,,,,,,,False
103.953926086,-1.85954391956,2019-08-14 13:00:00,LAPAN,Aqua,Fire inside Sitrep,SUMSEL MUBA,351,2019,2019:351,2019,349,,,,,,,,False
103.67121887,-1.44852006,2019-08-14 13:00:00,LAPAN,Aqua,Verified No fire,JAMBI SMF,352,2019,2019:352,2019,350,,,,,,,,False
105.71834564,-3.56282592,2019-08-14 13:00:00,LAPAN,Aqua,Verified Fire,SUMSEL,353,2019,2019:353,2019,351,,,,,,,,False
103.01320648,-0.7711392,2019-08-14 13:00:00,LAPAN,Aqua,Verified Fire,JAMBI SMF,355,2019,2019:355,2019,353,,,,,,,,False
102.98652649,-0.85538167,2019-08-14 13:00:00,LAPAN,Aqua,Verified No fire,JAMBI SMF,356,2019,2019:356,2019,354,,,,,,,,False
103.95149231,-1.87523103,2019-08-14 13:00:00,LAPAN,Aqua,Fire inside Sitrep,SUMSEL MUBA,357,2019,2019:357,2019,355,,,,,,,,False
105.87760925,-3.85768962,2019-08-14 13:00:00,LAPAN,Aqua,Verified No fire,SUMSEL,362,2019,2019:362,2019,360,,,,,,,,False
102.92428589,-0.85771108,2019-08-14 13:00:00,LAPAN,Aqua,Verified Fire,JAMBI SMF,363,2019,2019:363,2019,361,,,,,,,,False
103.06774139,-0.8784591,2019-08-14 13:00:00,LAPAN,Aqua,Verified No fire,JAMBI SMF,364,2019,2019:364,2019,362,,,,,,,,False
103.96,-1.86,2019-08-14 17:00:00,ASMC,NOAA20,Fire inside Sitrep,SUMSEL MUBA,366,2019,2019:366,2019,364,,,,,,,,False
103.44,-2.3,2019-08-14 17:00:00,ASMC,NOAA20,Verified No fire,SUMSEL MUBA,367,2019,2019:367,2019,365,,,,,,,,False
102.85,-1.14,2019-08-14 17:00:00,ASMC,NOAA20,Verified No fire,JAMBI SMF,368,2019,2019:368,2019,366,,,,,,,,False
103.93,-1.86,2019-08-14 17:00:00,ASMC,NOAA20,Fire inside Sitrep,SUMSEL MUBA,369,2019,2019:369,2019,367,,,,,,,,False
103.940246582,-1.87465012074,2019-08-14 22:00:00,LAPAN,Terra,Fire inside Sitrep,SUMSEL MUBA,370,2019,2019:370,2019,368,,,,,,,,False
102.924545288,-0.848325312138,2019-08-14 22:00:00,LAPAN,Terra,Verified Fire,JAMBI SMF,371,2019,2019:371,2019,369,,,,,,,,False
103.938285828,-1.86156415939,2019-08-14 22:00:00,LAPAN,Terra,Fire inside Sitrep,SUMSEL MUBA,372,2019,2019:372,2019,370,,,,,,,,False
103.91607666,-1.85148978233,2019-08-14 22:00:00,LAPAN,Terra,Fire inside Sitrep,SUMSEL MUBA,373,2019,2019:373,2019,371,,,,,,,,False
102.920440674,-0.857632398605,2019-08-14 22:00:00,LAPAN,Terra,Verified Fire,JAMBI SMF,374,2019,2019:374,2019,372,,,,,,,,False
103.918037415,-1.86455345154,2019-08-14 22:00:00,LAPAN,Terra,Fire inside Sitrep,SUMSEL MUBA,375,2019,2019:375,2019,373,,,,,,,,False
103.936340332,-1.84847593307,2019-08-14 22:00:00,LAPAN,Terra,Fire inside Sitrep,SUMSEL MUBA,376,2019,2019:376,2019,374,,,,,,,,False
103.958602905,-1.85856378078,2019-08-14 22:00:00,LAPAN,Terra,Fire inside Sitrep,SUMSEL MUBA,377,2019,2019:377,2019,375,,,,,,,,False
103.95664978,-1.84545457363,2019-08-14 22:00:00,LAPAN,Terra,Fire inside Sitrep,SUMSEL MUBA,378,2019,2019:378,2019,376,,,,,,,,False
103.960578918,-1.87167036533,2019-08-14 22:00:00,LAPAN,Terra,Fire inside Sitrep,SUMSEL MUBA,379,2019,2019:379,2019,377,,,,,,,,False
103.914154053,-1.83842027187,2019-08-14 22:00:00,LAPAN,Terra,Fire inside Sitrep,SUMSEL MUBA,380,2019,2019:380,2019,378,,,,,,,,False
103.87371063,-1.90577173,2019-08-15 13:00:00,LAPAN,Aqua,Fire inside Sitrep,SUMSEL MUBA,417,2019,2019:417,2019,415,,,,,,,,False
103.92958069,-1.85284913,2019-08-15 13:00:00,LAPAN,Aqua,Fire inside Sitrep,SUMSEL MUBA,419,2019,2019:419,2019,417,,,,,,,,False
103.94056702,-1.87792742,2019-08-15 13:00:00,LAPAN,Aqua,Fire inside Sitrep,SUMSEL MUBA,421,2019,2019:421,2019,419,,,,,,,,False
103.96392059,-1.84765029,2019-08-15 13:00:00,LAPAN,Aqua,Fire inside Sitrep,SUMSEL MUBA,422,2019,2019:422,2019,420,,,,,,,,False
102.92119598,-0.86074901,2019-08-15 13:00:00,LAPAN,Aqua,Verified Fire,JAMBI SMF,423,2019,2019:423,2019,421,,,,,,,,False
103.95774841,-1.87543499,2019-08-15 13:00:00,LAPAN,Aqua,Fire inside Sitrep,SUMSEL MUBA,425,2019,2019:425,2019,423,,,,,,,,False
103.9196701,-1.84531307,2019-08-15 13:00:00,LAPAN,Aqua,Fire inside Sitrep,SUMSEL MUBA,426,2019,2019:426,2019,424,,,,,,,,False
103.42121124,-2.25322366,2019-08-15 13:00:00,LAPAN,Aqua,Verified No fire,SUMSEL MUBA,427,2019,2019:427,2019,425,,,,,,,,False
103.94935608,-1.86788881,2019-08-15 13:00:00,LAPAN,Aqua,Fire inside Sitrep,SUMSEL MUBA,428,2019,2019:428,2019,426,,,,,,,,False
102.93093872,-0.85930234,2019-08-15 13:00:00,LAPAN,Aqua,Verified Fire,JAMBI SMF,430,2019,2019:430,2019,428,,,,,,,,False
103.92227936,-1.86298382,2019-08-15 13:00:00,LAPAN,Aqua,Fire inside Sitrep,SUMSEL MUBA,431,2019,2019:431,2019,429,,,,,,,,False
103.86369324,-1.89816546,2019-08-15 13:00:00,LAPAN,Aqua,Fire inside Sitrep,SUMSEL MUBA,432,2019,2019:432,2019,430,,,,,,,,False
103.93218994,-1.87050915,2019-08-15 13:00:00,LAPAN,Aqua,Fire inside Sitrep,SUMSEL MUBA,433,2019,2019:433,2019,431,,,,,,,,False
103.85408783,-1.90085601807,2019-08-15 14:00:00,LAPAN,Aqua,Fire inside Sitrep,SUMSEL MUBA,434,2019,2019:434,2019,432,,,,,,,,False
103.924942017,-1.89004909992,2019-08-15 14:00:00,LAPAN,Aqua,Verified No fire,SUMSEL MUBA,436,2019,2019:436,2019,434,,,,,,,,False
101.87,-1.0,2019-08-15 17:00:00,ASMC,NOAA20,Verified No fire,JAMBI SMF,438,2019,2019:438,2019,436,,,,,,,,False
103.94884491,-1.87750923634,2019-08-16 00:00:00,LAPAN,Aqua,Fire inside Sitrep,SUMSEL MUBA,440,2019,2019:440,2019,438,,,,,,,,False
103.926681519,-1.86437225342,2019-08-16 00:00:00,LAPAN,Aqua,Fire inside Sitrep,SUMSEL MUBA,442,2019,2019:442,2019,440,,,,,,,,False
103.929023743,-1.84870314598,2019-08-16 00:00:00,LAPAN,Aqua,Fire inside Sitrep,SUMSEL MUBA,443,2019,2019:443,2019,441,,,,,,,,False
103.951187134,-1.86187767982,2019-08-16 00:00:00,LAPAN,Aqua,Fire inside Sitrep,SUMSEL MUBA,446,2019,2019:446,2019,444,,,,,,,,False
103.922775269,-1.84140777588,2019-08-16 00:00:00,LAPAN,Aqua,Fire inside Sitrep,SUMSEL MUBA,450,2019,2019:450,2019,448,,,,,,,,False
103.920463562,-1.85708236694,2019-08-16 00:00:00,LAPAN,Aqua,Fire inside Sitrep,SUMSEL MUBA,453,2019,2019:453,2019,451,,,,,,,,False
103.957435608,-1.86892902851,2019-08-16 00:00:00,LAPAN,Aqua,Fire inside Sitrep,SUMSEL MUBA,458,2019,2019:458,2019,456,,,,,,,,False
103.953514099,-1.84624373913,2019-08-16 00:00:00,LAPAN,Aqua,Fire inside Sitrep,SUMSEL MUBA,459,2019,2019:459,2019,457,,,,,,,,False
103.918121338,-1.87275242805,2019-08-16 00:00:00,LAPAN,Aqua,Fire inside Sitrep,SUMSEL MUBA,460,2019,2019:460,2019,458,,,,,,,,False
103.979400635,-1.88224005699,2019-08-16 00:00:00,LAPAN,Aqua,Fire inside Sitrep,SUMSEL MUBA,462,2019,2019:462,2019,460,,,,,,,,False
103.895736694,-1.85978615284,2019-08-16 00:00:00,LAPAN,Aqua,Fire inside Sitrep,SUMSEL MUBA,463,2019,2019:463,2019,461,,,,,,,,False
103.917808533,-1.87520086765,2019-08-16 10:00:00,LAPAN,Terra,Fire inside Sitrep,SUMSEL MUBA,472,2019,2019:472,2019,470,,,,,,,,False
103.963981628,-1.8820284605,2019-08-16 10:00:00,LAPAN,Terra,Fire inside Sitrep,SUMSEL MUBA,475,2019,2019:475,2019,473,,,,,,,,False
103.920417786,-1.85695755482,2019-08-16 10:00:00,LAPAN,Terra,Fire inside Sitrep,SUMSEL MUBA,483,2019,2019:483,2019,481,,,,,,,,False
103.9549942,-1.88347423,2019-08-16 12:00:00,LAPAN,SNPP,Fire inside Sitrep,SUMSEL MUBA,487,2019,2019:487,2019,485,,,,,,,,False
103.92565918,-1.87541056,2019-08-16 12:00:00,LAPAN,SNPP,Fire inside Sitrep,SUMSEL MUBA,488,2019,2019:488,2019,486,,,,,,,,False
103.85285187,-1.89875972,2019-08-16 12:00:00,LAPAN,SNPP,Fire inside Sitrep,SUMSEL MUBA,489,2019,2019:489,2019,487,,,,,,,,False
103.92386627,-1.86321735,2019-08-16 12:00:00,LAPAN,SNPP,Fire inside Sitrep,SUMSEL MUBA,490,2019,2019:490,2019,488,,,,,,,,False
103.93669128,-1.88621163,2019-08-16 12:00:00,LAPAN,SNPP,Verified No fire,SUMSEL MUBA,491,2019,2019:491,2019,489,,,,,,,,False
103.93488312,-1.87403142,2019-08-16 12:00:00,LAPAN,SNPP,Fire inside Sitrep,SUMSEL MUBA,492,2019,2019:492,2019,490,,,,,,,,False
103.91642761,-1.87678206,2019-08-16 12:00:00,LAPAN,SNPP,Fire inside Sitrep,SUMSEL MUBA,493,2019,2019:493,2019,491,,,,,,,,False
103.94585419,-1.88484919,2019-08-16 12:00:00,LAPAN,SNPP,Fire inside Sitrep,SUMSEL MUBA,494,2019,2019:494,2019,492,,,,,,,,False
103.94407654,-1.87266648,2019-08-16 12:00:00,LAPAN,SNPP,Fire inside Sitrep,SUMSEL MUBA,495,2019,2019:495,2019,493,,,,,,,,False
103.91464233,-1.86458039,2019-08-16 12:00:00,LAPAN,SNPP,Fire inside Sitrep,SUMSEL MUBA,496,2019,2019:496,2019,494,,,,,,,,False
103.86217499,-1.8973645,2019-08-16 12:00:00,LAPAN,SNPP,Fire inside Sitrep,SUMSEL MUBA,497,2019,2019:497,2019,495,,,,,,,,False
103.937934875,-1.89033174515,2019-08-16 13:00:00,LAPAN,Aqua,Verified No fire,SUMSEL MUBA,498,2019,2019:498,2019,496,,,,,,,,False
103.906,-1.85092,2019-08-16 13:00:00,LAPAN,SNPP,Fire inside Sitrep,SUMSEL MUBA,503,2019,2019:503,2019,501,,,,,,,,False
103.42,-2.27,2019-08-16 16:00:00,ASMC,NOAA20,Verified No fire,SUMSEL MUBA,523,2019,2019:523,2019,521,,,,,,,,False
103.82,-2.03,2019-08-16 16:00:00,ASMC,NOAA20,Verified No fire,SUMSEL MUBA,524,2019,2019:524,2019,522,,,,,,,,False
103.96,-1.85,2019-08-16 16:00:00,ASMC,NOAA20,Fire inside Sitrep,SUMSEL MUBA,525,2019,2019:525,2019,523,,,,,,,,False
102.838,-1.134,2019-08-16 16:00:00,ASMC,NOAA20,Verified No fire,JAMBI SMF,526,2019,2019:526,2019,524,,,,,,,,False
103.92,-1.863,2019-08-16 16:00:00,ASMC,NOAA20,Fire inside Sitrep,SUMSEL MUBA,527,2019,2019:527,2019,525,,,,,,,,False
103.881744385,-1.85735607147,2019-08-16 22:00:00,LAPAN,Terra,Fire inside Sitrep,SUMSEL MUBA,546,2019,2019:546,2019,544,,,,,,,,False
103.9295578,-1.86559153,2019-08-17 01:00:00,LAPAN,Terra,Fire inside Sitrep,SUMSEL MUBA,561,2019,2019:561,2019,559,,,,,,,,False
102.84421539,-1.13113284,2019-08-17 01:00:00,LAPAN,Terra,Verified No fire,JAMBI SMF,562,2019,2019:562,2019,560,,,,,,,,False
103.93292236,-1.88690245,2019-08-17 01:00:00,LAPAN,Terra,Verified No fire,SUMSEL MUBA,563,2019,2019:563,2019,561,,,,,,,,False
103.90795135,-1.86895978,2019-08-17 01:00:00,LAPAN,Terra,Fire inside Sitrep,SUMSEL MUBA,564,2019,2019:564,2019,562,,,,,,,,False
103.93540192,-1.87327647,2019-08-17 01:00:00,LAPAN,Terra,Fire inside Sitrep,SUMSEL MUBA,565,2019,2019:565,2019,563,,,,,,,,False
103.90999603,-1.85574853,2019-08-17 01:00:00,LAPAN,Terra,Fire inside Sitrep,SUMSEL MUBA,566,2019,2019:566,2019,564,,,,,,,,False
103.91583252,-1.86343312,2019-08-17 01:00:00,LAPAN,Terra,Fire inside Sitrep,SUMSEL MUBA,567,2019,2019:567,2019,565,,,,,,,,False
102.85027313,-1.13895392,2019-08-17 01:00:00,LAPAN,Terra,Fire inside Sitrep,JAMBI SMF,568,2019,2019:568,2019,566,,,,,,,,False
103.90210724,-1.8612752,2019-08-17 01:00:00,LAPAN,Terra,Fire inside Sitrep,SUMSEL MUBA,571,2019,2019:571,2019,569,,,,,,,,False
103.92166901,-1.87111771,2019-08-17 01:00:00,LAPAN,Terra,Fire inside Sitrep,SUMSEL MUBA,572,2019,2019:572,2019,570,,,,,,,,False
103.9133606,-1.87706017,2019-08-17 01:00:00,LAPAN,Terra,Fire inside Sitrep,SUMSEL MUBA,573,2019,2019:573,2019,571,,,,,,,,False
103.94911957,-1.87543464,2019-08-17 01:00:00,LAPAN,Terra,Fire inside Sitrep,SUMSEL MUBA,574,2019,2019:574,2019,572,,,,,,,,False
103.94081116,-1.88137579,2019-08-17 01:00:00,LAPAN,Terra,Verified No fire,SUMSEL MUBA,582,2019,2019:582,2019,580,,,,,,,,False
103.90416718,-1.84806395,2019-08-17 01:00:00,LAPAN,Terra,Fire inside Sitrep,SUMSEL MUBA,583,2019,2019:583,2019,581,,,,,,,,False
103.89627838,-1.85359037,2019-08-17 01:00:00,LAPAN,Terra,Fire inside Sitrep,SUMSEL MUBA,584,2019,2019:584,2019,582,,,,,,,,False
103.92708588,-1.8792181,2019-08-17 01:00:00,LAPAN,Terra,Verified No fire,SUMSEL MUBA,587,2019,2019:587,2019,585,,,,,,,,False
103.931228638,-1.87457203865,2019-08-17 11:00:00,LAPAN,Terra,Fire inside Sitrep,SUMSEL MUBA,588,2019,2019:588,2019,586,,,,,,,,False
103.925804138,-1.86256754398,2019-08-17 11:00:00,LAPAN,Terra,Fire inside Sitrep,SUMSEL MUBA,592,2019,2019:592,2019,590,,,,,,,,False
103.896438599,-1.86804592609,2019-08-17 13:00:00,LAPAN,Aqua,Fire inside Sitrep,SUMSEL MUBA,593,2019,2019:593,2019,591,,,,,,,,False
103.920700073,-1.89121282101,2019-08-17 13:00:00,LAPAN,Aqua,Verified No fire,SUMSEL MUBA,594,2019,2019:594,2019,592,,,,,,,,False
103.941146851,-1.88813960552,2019-08-17 13:00:00,LAPAN,Aqua,Verified No fire,SUMSEL MUBA,595,2019,2019:595,2019,593,,,,,,,,False
103.918754578,-1.87807536125,2019-08-17 13:00:00,LAPAN,Aqua,Fire inside Sitrep,SUMSEL MUBA,596,2019,2019:596,2019,594,,,,,,,,False
103.939208984,-1.8749781847,2019-08-17 13:00:00,LAPAN,Aqua,Fire inside Sitrep,SUMSEL MUBA,597,2019,2019:597,2019,595,,,,,,,,False
103.898368835,-1.8811622858,2019-08-17 13:00:00,LAPAN,Aqua,Verified No fire,SUMSEL MUBA,598,2019,2019:598,2019,596,,,,,,,,False
103.907997131,-1.85412359238,2019-08-17 13:00:00,LAPAN,Aqua,Fire inside Sitrep,SUMSEL MUBA,599,2019,2019:599,2019,597,,,,,,,,False
103.916824341,-1.86493623257,2019-08-17 13:00:00,LAPAN,Aqua,Fire inside Sitrep,SUMSEL MUBA,600,2019,2019:600,2019,598,,,,,,,,False
103.894523621,-1.85492753983,2019-08-17 13:00:00,LAPAN,Aqua,Fire inside Sitrep,SUMSEL MUBA,601,2019,2019:601,2019,599,,,,,,,,False
102.910346985,-0.862408816814,2019-08-17 13:00:00,LAPAN,Aqua,Verified Fire,JAMBI SMF,602,2019,2019:602,2019,600,,,,,,,,False
102.928077698,-0.859809696674,2019-08-17 13:00:00,LAPAN,Aqua,Verified Fire,JAMBI SMF,603,2019,2019:603,2019,601,,,,,,,,False
103.895,-1.84,2019-08-17 16:00:00,ASMC,NOAA20,Fire inside Sitrep,SUMSEL MUBA,604,2019,2019:604,2019,602,,,,,,,,False
103.92,-1.87,2019-08-17 16:00:00,ASMC,NOAA20,Fire inside Sitrep,SUMSEL MUBA,605,2019,2019:605,2019,603,,,,,,,,False
103.867,-1.857,2019-08-17 16:00:00,ASMC,NOAA20,Fire inside Sitrep,SUMSEL MUBA,606,2019,2019:606,2019,604,,,,,,,,False
103.881767273,-1.8586742878,2019-08-18 10:00:00,LAPAN,Terra,Fire inside Sitrep,SUMSEL MUBA,618,2019,2019:618,2019,616,,,,,,,,False
102.90766144,-0.8348614,2019-08-18 13:00:00,LAPAN,Terra,Verified Fire,JAMBI SMF,623,2019,2019:623,2019,621,,,,,,,,False
103.949806213,-1.88179790974,2019-08-18 13:00:00,LAPAN,Aqua,Fire inside Sitrep,SUMSEL MUBA,625,2019,2019:625,2019,623,,,,,,,,False
103.92977905,-1.88327849,2019-08-18 13:00:00,LAPAN,Terra,Fire inside Sitrep,SUMSEL MUBA,629,2019,2019:629,2019,627,,,,,,,,False
103.89585876,-1.86432099,2019-08-18 13:00:00,LAPAN,Terra,Fire inside Sitrep,SUMSEL MUBA,630,2019,2019:630,2019,628,,,,,,,,False
103.91487122,-1.85320234,2019-08-18 13:00:00,LAPAN,Terra,Fire inside Sitrep,SUMSEL MUBA,631,2019,2019:631,2019,629,,,,,,,,False
103.85046387,-1.90379167,2019-08-18 13:00:00,LAPAN,Terra,Fire inside Sitrep,SUMSEL MUBA,632,2019,2019:632,2019,630,,,,,,,,False
102.92015839,-0.85610682,2019-08-18 13:00:00,LAPAN,Terra,Verified Fire,JAMBI SMF,633,2019,2019:633,2019,631,,,,,,,,False
103.91845703,-1.87694705,2019-08-18 13:00:00,LAPAN,Terra,Fire inside Sitrep,SUMSEL MUBA,635,2019,2019:635,2019,633,,,,,,,,False
103.86935425,-1.89275897,2019-08-18 13:00:00,LAPAN,Terra,Fire inside Sitrep,SUMSEL MUBA,636,2019,2019:636,2019,634,,,,,,,,False
102.99459076,-0.78287548,2019-08-18 13:00:00,LAPAN,Terra,Verified Fire,JAMBI SMF,639,2019,2019:639,2019,637,,,,,,,,False
103.857879639,-1.90894436836,2019-08-18 13:00:00,LAPAN,Aqua,Fire inside Sitrep,SUMSEL MUBA,641,2019,2019:641,2019,639,,,,,,,,False
103.86169434,-1.9101038,2019-08-18 13:00:00,LAPAN,Terra,Fire inside Sitrep,SUMSEL MUBA,642,2019,2019:642,2019,640,,,,,,,,False
103.90834045,-1.8785423,2019-08-18 13:00:00,LAPAN,Terra,Fire inside Sitrep,SUMSEL MUBA,643,2019,2019:643,2019,641,,,,,,,,False
103.93990326,-1.88169217,2019-08-18 13:00:00,LAPAN,Terra,Fire inside Sitrep,SUMSEL MUBA,644,2019,2019:644,2019,642,,,,,,,,False
103.71775055,-1.27444923,2019-08-18 13:00:00,LAPAN,Terra,Verified Fire,JAMBI SMF,646,2019,2019:646,2019,644,,,,,,,,False
103.85931396,-1.8943274,2019-08-18 13:00:00,LAPAN,Terra,Fire inside Sitrep,SUMSEL MUBA,648,2019,2019:648,2019,646,,,,,,,,False
103.903,-1.859,2019-08-18 16:00:00,ASMC,NOAA20,Fire inside Sitrep,SUMSEL MUBA,649,2019,2019:649,2019,647,,,,,,,,False
103.90865326,-1.88412416,2019-08-19 00:00:00,LAPAN,Aqua,Verified No fire,SUMSEL MUBA,683,2019,2019:683,2019,681,,,,,,,,False
103.90336609,-1.87203145,2019-08-19 00:00:00,LAPAN,Aqua,Verified No fire,SUMSEL MUBA,684,2019,2019:684,2019,682,,,,,,,,False
103.90700531,-1.85011232,2019-08-19 00:00:00,LAPAN,Aqua,Fire inside Sitrep,SUMSEL MUBA,685,2019,2019:685,2019,683,,,,,,,,False
103.93182373,-1.8766098,2019-08-19 00:00:00,LAPAN,Aqua,Fire inside Sitrep,SUMSEL MUBA,686,2019,2019:686,2019,684,,,,,,,,False
103.8782196,-1.84543622,2019-08-19 00:00:00,LAPAN,Aqua,Fire inside Sitrep,SUMSEL MUBA,687,2019,2019:687,2019,685,,,,,,,,False
103.89264679,-1.84778106,2019-08-19 00:00:00,LAPAN,Aqua,Fire inside Sitrep,SUMSEL MUBA,688,2019,2019:688,2019,686,,,,,,,,False
103.92287445,-1.8864063,2019-08-19 00:00:00,LAPAN,Aqua,Verified No fire,SUMSEL MUBA,689,2019,2019:689,2019,687,,,,,,,,False
102.9128418,-0.85620928,2019-08-19 00:00:00,LAPAN,Aqua,Verified Fire,JAMBI SMF,690,2019,2019:690,2019,688,,,,,,,,False
103.89090729,-1.85876155,2019-08-19 00:00:00,LAPAN,Aqua,Fire inside Sitrep,SUMSEL MUBA,691,2019,2019:691,2019,689,,,,,,,,False
103.91761017,-1.87431848,2019-08-19 00:00:00,LAPAN,Aqua,Fire inside Sitrep,SUMSEL MUBA,692,2019,2019:692,2019,690,,,,,,,,False
102.923,-0.858224,2019-08-19 12:00:00,LAPAN,SNPP,Verified Fire,JAMBI SMF,753,2019,2019:753,2019,751,,,,,,,,False
102.85018921,-1.13581932,2019-08-19 13:00:00,LAPAN,Aqua,Fire inside Sitrep,JAMBI SMF,754,2019,2019:754,2019,752,,,,,,,,False
103.00046539,-0.90961492,2019-08-19 13:00:00,LAPAN,Aqua,Verified No fire,JAMBI SMF,757,2019,2019:757,2019,755,,,,,,,,False
102.97120667,-0.99536526,2019-08-19 13:00:00,LAPAN,Aqua,Verified Fire,JAMBI SMF,758,2019,2019:758,2019,756,,,,,,,,False
102.9127121,-0.84828883,2019-08-19 13:00:00,LAPAN,Aqua,Verified Fire,JAMBI SMF,760,2019,2019:760,2019,758,,,,,,,,False
102.909919739,-0.865713775158,2019-08-19 13:00:00,LAPAN,Aqua,Verified No fire,JAMBI SMF,761,2019,2019:761,2019,759,,,,,,,,False
102.91468811,-0.86160076,2019-08-19 13:00:00,LAPAN,Aqua,Verified Fire,JAMBI SMF,762,2019,2019:762,2019,760,,,,,,,,False
102.79792023,-1.02829576,2019-08-19 13:00:00,LAPAN,Aqua,Verified No fire,JAMBI SMF,764,2019,2019:764,2019,762,,,,,,,,False
103.87049103,-1.87052071,2019-08-19 13:00:00,LAPAN,Aqua,Fire inside Sitrep,SUMSEL MUBA,765,2019,2019:765,2019,763,,,,,,,,False
105.86227417,-3.8752346,2019-08-19 13:00:00,LAPAN,Aqua,Verified No fire,SUMSEL,766,2019,2019:766,2019,764,,,,,,,,False
103.927680969,-1.88261842728,2019-08-19 13:00:00,LAPAN,Aqua,Fire inside Sitrep,SUMSEL MUBA,768,2019,2019:768,2019,766,,,,,,,,False
103.91370392,-1.87750506,2019-08-19 13:00:00,LAPAN,Aqua,Fire inside Sitrep,SUMSEL MUBA,770,2019,2019:770,2019,768,,,,,,,,False
103.4401474,-2.27485728,2019-08-19 13:00:00,LAPAN,Aqua,Verified No fire,SUMSEL MUBA,772,2019,2019:772,2019,770,,,,,,,,False
103.36054993,-1.17406762,2019-08-19 13:00:00,LAPAN,Aqua,Verified No fire,JAMBI SMF,775,2019,2019:775,2019,773,,,,,,,,False
102.043273926,-1.09233665466,2019-08-19 13:00:00,LAPAN,Aqua,Verified Fire,JAMBI SMF,776,2019,2019:776,2019,774,,,,,,,,False
103.82336426,-1.88441825,2019-08-19 13:00:00,LAPAN,Aqua,Fire inside Sitrep,SUMSEL MUBA,778,2019,2019:778,2019,776,,,,,,,,False
103.93531799,-1.88099635,2019-08-19 13:00:00,LAPAN,Aqua,Verified No fire,SUMSEL MUBA,779,2019,2019:779,2019,777,,,,,,,,False
102.0341568,-1.14316511,2019-08-19 13:00:00,LAPAN,Aqua,Verified No fire,JAMBI SMF,783,2019,2019:783,2019,781,,,,,,,,False
102.04817963,-1.08820736,2019-08-19 13:00:00,LAPAN,Aqua,Verified No fire,JAMBI SMF,784,2019,2019:784,2019,782,,,,,,,,False
103.83110046,-2.02560997,2019-08-19 13:00:00,LAPAN,Aqua,Verified No fire,SUMSEL MUBA,788,2019,2019:788,2019,786,,,,,,,,False
105.74634552,-3.79126859,2019-08-19 13:00:00,LAPAN,Aqua,Verified Fire,SUMSEL,790,2019,2019:790,2019,788,,,,,,,,False
102.91072083,-0.83498263,2019-08-19 13:00:00,LAPAN,Aqua,Verified Fire,JAMBI SMF,792,2019,2019:792,2019,790,,,,,,,,False
103.92156982,-1.88307786,2019-08-19 13:00:00,LAPAN,Aqua,Verified No fire,SUMSEL MUBA,793,2019,2019:793,2019,791,,,,,,,,False
102.93257904,-0.83847302,2019-08-19 13:00:00,LAPAN,Aqua,Verified Fire,JAMBI SMF,795,2019,2019:795,2019,793,,,,,,,,False
103.14680481,-0.914208471775,2019-08-19 13:00:00,LAPAN,Aqua,Verified No fire,JAMBI SMF,796,2019,2019:796,2019,794,,,,,,,,False
102.958106995,-0.998830139637,2019-08-20 09:00:00,LAPAN,Terra,Verified Fire,JAMBI SMF,803,2019,2019:803,2019,801,,,,,,,,False
102.931800842,-0.859457671642,2019-08-20 09:00:00,LAPAN,Terra,Verified No fire,JAMBI SMF,804,2019,2019:804,2019,802,,,,,,,,False
103.923828125,-1.87779855728,2019-08-20 09:00:00,LAPAN,Terra,Fire inside Sitrep,SUMSEL MUBA,805,2019,2019:805,2019,803,,,,,,,,False
105.80812,-3.07433,2019-08-20 10:00:00,0-3085969,Unknown,Verified No fire,SUMSEL,806,2019,2019:806,2019,804,,,,,,,,False
103.45180511,-2.25083184,2019-08-20 13:00:00,LAPAN,SNPP,Verified No fire,SUMSEL MUBA,807,2019,2019:807,2019,805,,,,,,,,False
105.75630951,-3.76748037,2019-08-20 13:00:00,LAPAN,SNPP,Verified Fire,SUMSEL,808,2019,2019:808,2019,806,,,,,,,,False
102.971,-1.034,2019-08-20 17:00:00,ASMC,NOAA20,Verified No fire,JAMBI SMF,809,2019,2019:809,2019,807,,,,,,,,False
102.92,-0.895,2019-08-20 17:00:00,ASMC,NOAA20,Verified No fire,JAMBI SMF,810,2019,2019:810,2019,808,,,,,,,,False
103.621047974,-1.38809490204,2019-08-21 10:00:00,LAPAN,Terra,Verified No fire,JAMBI SMF,852,2019,2019:852,2019,850,,,,,,,,False
102.928283691,-1.12295031548,2019-08-21 10:00:00,LAPAN,Terra,Verified Fire,JAMBI SMF,860,2019,2019:860,2019,858,,,,,,,,False
105.50226593,-3.32997775078,2019-08-21 13:00:00,LAPAN,Aqua,Verified Fire,SUMSEL,869,2019,2019:869,2019,867,,,,,,,,False
103.07,-2.46,2019-08-21 17:00:00,ASMC,NOAA20,Verified No fire,SUMSEL MUBA,876,2019,2019:876,2019,874,,,,,,,,False
102.919,-0.883,2019-08-21 17:00:00,ASMC,NOAA20,Verified No fire,JAMBI SMF,877,2019,2019:877,2019,875,,,,,,,,False
102.934585571,-0.85011780262,2019-08-21 22:00:00,LAPAN,Terra,Verified No fire,JAMBI SMF,878,2019,2019:878,2019,876,,,,,,,,False
102.909194946,-0.839521706104,2019-08-21 22:00:00,LAPAN,Terra,Verified Fire,JAMBI SMF,879,2019,2019:879,2019,877,,,,,,,,False
102.91884613,-0.858743607998,2019-08-21 22:00:00,LAPAN,Terra,Verified Fire,JAMBI SMF,880,2019,2019:880,2019,878,,,,,,,,False
102.916793823,-0.844851016998,2019-08-21 22:00:00,LAPAN,Terra,Verified No fire,JAMBI SMF,881,2019,2019:881,2019,879,,,,,,,,False
102.893569946,-0.848326027393,2019-08-21 22:00:00,LAPAN,Terra,Verified No fire,JAMBI SMF,882,2019,2019:882,2019,880,,,,,,,,False
102.968910217,-0.999406635761,2019-08-21 22:00:00,LAPAN,Terra,Verified Fire,JAMBI SMF,883,2019,2019:883,2019,881,,,,,,,,False
102.911239624,-0.853415250778,2019-08-21 22:00:00,LAPAN,Terra,Verified Fire,JAMBI SMF,884,2019,2019:884,2019,882,,,,,,,,False
103.48238373,-2.23240614,2019-08-22 01:00:00,LAPAN,SNPP,Verified Fire,SUMSEL MUBA,885,2019,2019:885,2019,883,,,,,,,,False
102.92905426,-0.84119278,2019-08-22 01:00:00,LAPAN,SNPP,Verified Fire,JAMBI SMF,886,2019,2019:886,2019,884,,,,,,,,False
103.07498169,-0.7621457,2019-08-22 01:00:00,LAPAN,SNPP,Verified No fire,JAMBI SMF,887,2019,2019:887,2019,885,,,,,,,,False
102.91325378,-0.85225582,2019-08-22 01:00:00,LAPAN,SNPP,Verified Fire,JAMBI SMF,888,2019,2019:888,2019,886,,,,,,,,False
102.90535736,-0.85778677,2019-08-22 01:00:00,LAPAN,SNPP,Verified Fire,JAMBI SMF,889,2019,2019:889,2019,887,,,,,,,,False
102.90843201,-0.837951,2019-08-22 01:00:00,LAPAN,SNPP,Verified Fire,JAMBI SMF,890,2019,2019:890,2019,888,,,,,,,,False
102.91632843,-0.83241951,2019-08-22 01:00:00,LAPAN,SNPP,Verified Fire,JAMBI SMF,891,2019,2019:891,2019,889,,,,,,,,False
103.07184601,-2.42638254,2019-08-22 01:00:00,LAPAN,SNPP,Verified No fire,SUMSEL MUBA,892,2019,2019:892,2019,890,,,,,,,,False
105.74712,-3.78447,2019-08-22 13:00:00,0-3083220,Unknown,Verified Fire,SUMSEL,898,2019,2019:898,2019,896,,,,,,,,False
102.939666748,-0.855874717236,2019-08-22 14:00:00,LAPAN,Aqua,Verified No fire,JAMBI SMF,900,2019,2019:900,2019,898,,,,,,,,False
102.903167725,-0.860153436661,2019-08-22 14:00:00,LAPAN,Aqua,Verified Fire,JAMBI SMF,901,2019,2019:901,2019,899,,,,,,,,False
103.895,-1.87,2019-08-22 17:00:00,ASMC,NOAA20,Fire inside Sitrep,SUMSEL MUBA,902,2019,2019:902,2019,900,,,,,,,,False
103.433,-2.297,2019-08-22 17:00:00,ASMC,NOAA20,Verified No fire,SUMSEL MUBA,903,2019,2019:903,2019,901,,,,,,,,False
102.92,-0.865,2019-08-22 17:00:00,ASMC,NOAA20,Verified No fire,JAMBI SMF,904,2019,2019:904,2019,902,,,,,,,,False
102.79,-1.04,2019-08-22 17:00:00,ASMC,NOAA20,Verified No fire,JAMBI SMF,905,2019,2019:905,2019,903,,,,,,,,False
102.91646576,-0.85319036,2019-08-23 01:00:00,LAPAN,SNPP,Verified Fire,JAMBI SMF,906,2019,2019:906,2019,904,,,,,,,,False
102.92736053,-0.8469767,2019-08-23 01:00:00,LAPAN,SNPP,Verified Fire,JAMBI SMF,907,2019,2019:907,2019,905,,,,,,,,False
103.87806702,-1.8522824,2019-08-23 01:00:00,LAPAN,SNPP,Fire inside Sitrep,SUMSEL MUBA,908,2019,2019:908,2019,906,,,,,,,,False
102.91889191,-0.8376807,2019-08-23 01:00:00,LAPAN,SNPP,Verified Fire,JAMBI SMF,909,2019,2019:909,2019,907,,,,,,,,False
102.90921783,-0.83613545,2019-08-23 01:00:00,LAPAN,SNPP,Verified Fire,JAMBI SMF,910,2019,2019:910,2019,908,,,,,,,,False
103.88757324,-1.84639037,2019-08-23 01:00:00,LAPAN,SNPP,Fire inside Sitrep,SUMSEL MUBA,911,2019,2019:911,2019,909,,,,,,,,False
103.84034729,-2.02070451,2019-08-23 13:00:00,LAPAN,SNPP,Verified Fire,SUMSEL MUBA,924,2019,2019:924,2019,922,,,,,,,,False
103.82566833,-2.03286839,2019-08-23 13:00:00,LAPAN,SNPP,Verified Fire,SUMSEL MUBA,927,2019,2019:927,2019,925,,,,,,,,False
102.90748596,-0.85811847,2019-08-23 13:00:00,LAPAN,SNPP,Verified Fire,JAMBI SMF,934,2019,2019:934,2019,932,,,,,,,,False
103.85622406,-1.89225459,2019-08-23 13:00:00,LAPAN,SNPP,Fire inside Sitrep,SUMSEL MUBA,939,2019,2019:939,2019,937,,,,,,,,False
103.88,-1.87,2019-08-23 17:00:00,ASMC,NOAA20,Fire inside Sitrep,SUMSEL MUBA,943,2019,2019:943,2019,941,,,,,,,,False
103.425,-2.29,2019-08-23 17:00:00,ASMC,NOAA20,Verified No fire,SUMSEL MUBA,944,2019,2019:944,2019,942,,,,,,,,False
103.84,-2.035,2019-08-23 17:00:00,ASMC,NOAA20,Verified Fire,SUMSEL MUBA,945,2019,2019:945,2019,943,,,,,,,,False
102.919,-0.862,2019-08-23 17:00:00,ASMC,NOAA20,Verified No fire,JAMBI SMF,946,2019,2019:946,2019,944,,,,,,,,False
102.8,-1.23,2019-08-23 17:00:00,ASMC,NOAA20,Verified No fire,JAMBI SMF,947,2019,2019:947,2019,945,,,,,,,,False
105.8,-3.57,2019-08-23 17:00:00,ASMC,NOAA20,Verified No fire,SUMSEL,948,2019,2019:948,2019,946,,,,,,,,False
102.78,-1.04,2019-08-23 17:00:00,ASMC,NOAA20,Verified No fire,JAMBI SMF,949,2019,2019:949,2019,947,,,,,,,,False
103.848,-1.906,2019-08-23 17:00:00,ASMC,NOAA20,Fire inside Sitrep,SUMSEL MUBA,950,2019,2019:950,2019,948,,,,,,,,False
102.86,-0.88,2019-08-23 17:00:00,ASMC,NOAA20,Verified No fire,JAMBI SMF,951,2019,2019:951,2019,949,,,,,,,,False
102.92979431,-0.84551883,2019-08-24 00:00:00,LAPAN,Aqua,Verified Fire,JAMBI SMF,959,2019,2019:959,2019,957,,,,,,,,False
102.822357178,-1.22569859028,2019-08-24 11:00:00,LAPAN,Terra,Verified No fire,JAMBI SMF,971,2019,2019:971,2019,969,,,,,,,,False
103.424003601,-2.28138327599,2019-08-24 14:00:00,LAPAN,Aqua,Verified No fire,SUMSEL MUBA,972,2019,2019:972,2019,970,,,,,,,,False
103.89,-1.86,2019-08-24 17:00:00,ASMC,NOAA20,Fire inside Sitrep,SUMSEL MUBA,976,2019,2019:976,2019,974,,,,,,,,False
103.355,-1.06,2019-08-24 17:00:00,ASMC,NOAA20,Verified No fire,JAMBI SMF,977,2019,2019:977,2019,975,,,,,,,,False
104.112,-1.751,2019-08-24 17:00:00,ASMC,NOAA20,Fire inside Sitrep,SUMSEL MUBA,978,2019,2019:978,2019,976,,,,,,,,False
103.825,-2.05,2019-08-24 17:00:00,ASMC,NOAA20,Fire inside Sitrep,SUMSEL MUBA,979,2019,2019:979,2019,977,,,,,,,,False
103.383,-1.107,2019-08-24 17:00:00,ASMC,NOAA20,Verified No fire,JAMBI SMF,980,2019,2019:980,2019,978,,,,,,,,False
103.51,-1.215,2019-08-24 17:00:00,ASMC,NOAA20,Verified No fire,JAMBI SMF,981,2019,2019:981,2019,979,,,,,,,,False
105.44,-3.77,2019-08-24 17:00:00,ASMC,NOAA20,Verified No fire,SUMSEL,982,2019,2019:982,2019,980,,,,,,,,False
103.87,-1.865,2019-08-24 17:00:00,ASMC,NOAA20,Fire inside Sitrep,SUMSEL MUBA,983,2019,2019:983,2019,981,,,,,,,,False
104.108383179,-1.72517263889,2019-08-24 21:00:00,LAPAN,Terra,Fire inside Sitrep,SUMSEL MUBA,984,2019,2019:984,2019,982,,,,,,,,False
104.119125366,-1.76707851887,2019-08-24 21:00:00,LAPAN,Terra,Fire inside Sitrep,SUMSEL MUBA,985,2019,2019:985,2019,983,,,,,,,,False
104.11,-1.76,2019-08-25 16:00:00,ASMC,NOAA20,Fire inside Sitrep,SUMSEL MUBA,990,2019,2019:990,2019,988,,,,,,,,False
105.67,-3.563,2019-08-25 16:00:00,ASMC,NOAA20,Verified Fire,SUMSEL,991,2019,2019:991,2019,989,,,,,,,,False
103.86,-1.41,2019-08-25 16:00:00,ASMC,NOAA20,Verified Fire,JAMBI SMF,992,2019,2019:992,2019,990,,,,,,,,False
105.7,-3.56,2019-08-25 16:00:00,ASMC,NOAA20,Verified Fire,SUMSEL,993,2019,2019:993,2019,991,,,,,,,,False
105.708312988,-3.57256364822,2019-08-26 13:00:00,LAPAN,Aqua,Verified Fire,SUMSEL,998,2019,2019:998,2019,996,,,,,,,,False
105.701599121,-3.56295990944,2019-08-26 13:00:00,LAPAN,Aqua,Verified Fire,SUMSEL,1001,2019,2019:1001,2019,999,,,,,,,,False
105.688354492,-3.5756289959,2019-08-26 13:00:00,LAPAN,Aqua,Verified Fire,SUMSEL,1002,2019,2019:1002,2019,1000,,,,,,,,False
105.681602478,-3.5658929348,2019-08-26 13:00:00,LAPAN,Aqua,Verified Fire,SUMSEL,1005,2019,2019:1005,2019,1003,,,,,,,,False
103.444496155,-2.29681587219,2019-08-26 13:00:00,LAPAN,Aqua,Verified No fire,SUMSEL MUBA,1006,2019,2019:1006,2019,1004,,,,,,,,False
105.595,-3.715,2019-08-26 16:00:00,ASMC,NOAA20,Verified No fire,SUMSEL,1008,2019,2019:1008,2019,1006,,,,,,,,False
103.87910461,-1.40205789,2019-08-27 01:00:00,LAPAN,Aqua,Verified Fire,JAMBI SMF,1009,2019,2019:1009,2019,1007,,,,,,,,False
104.132110596,-1.73269045353,2019-08-27 10:00:00,LAPAN,Terra,Verified No fire,SUMSEL MUBA,1010,2019,2019:1010,2019,1008,,,,,,,,False
105.488212585,-2.95069694519,2019-08-27 12:00:00,LAPAN,Aqua,Verified No fire,SUMSEL,1012,2019,2019:1012,2019,1010,,,,,,,,False
103.445,-2.24928,2019-08-27 13:00:00,LAPAN,SNPP,Verified No fire,SUMSEL MUBA,1014,2019,2019:1014,2019,1012,,,,,,,,False
101.98011017,-0.9608379,2019-08-29 13:00:00,LAPAN,SNPP,Verified No fire,JAMBI SMF,1016,2019,2019:1016,2019,1014,,,,,,,,False
103.433,-2.265,2019-08-31 17:00:00,ASMC,NOAA20,Verified Fire,SUMSEL MUBA,1037,2019,2019:1037,2019,1035,,,,,,,,False
103.81,-1.3,2019-08-31 17:00:00,ASMC,NOAA20,Verified No fire,JAMBI SMF,1038,2019,2019:1038,2019,1036,,,,,,,,False
104.107,-1.747,2019-08-31 17:00:00,ASMC,NOAA20,Fire inside Sitrep,SUMSEL MUBA,1039,2019,2019:1039,2019,1037,,,,,,,,False
103.42622375,-2.236444,2019-09-01 01:00:00,LAPAN,SNPP,Verified Fire,SUMSEL MUBA,1040,2019,2019:1040,2019,1038,,,,,,,,False
103.623771667,-1.38821387291,2019-09-01 10:00:00,LAPAN,Terra,Verified No fire,JAMBI SMF,1043,2019,2019:1043,2019,1041,,,,,,,,False
105.861091614,-3.8090467453,2019-09-01 13:00:00,LAPAN,Aqua,Verified Fire,SUMSEL,1051,2019,2019:1051,2019,1049,,,,,,,,False
104.105,-1.75,2019-09-01 17:00:00,ASMC,NOAA20,Fire inside Sitrep,SUMSEL MUBA,1054,2019,2019:1054,2019,1052,,,,,,,,False
105.55,-2.72,2019-09-01 17:00:00,ASMC,NOAA20,Verified No fire,SUMSEL,1055,2019,2019:1055,2019,1053,,,,,,,,False
101.93,-0.96,2019-09-01 17:00:00,ASMC,NOAA20,Verified No fire,JAMBI SMF,1056,2019,2019:1056,2019,1054,,,,,,,,False
103.445,-2.25,2019-09-01 17:00:00,ASMC,NOAA20,Verified Fire,SUMSEL MUBA,1057,2019,2019:1057,2019,1055,,,,,,,,False
103.42,-1.11,2019-09-01 17:00:00,ASMC,NOAA20,Verified No fire,JAMBI SMF,1058,2019,2019:1058,2019,1056,,,,,,,,False
103.41722107,-2.23566461,2019-09-02 01:00:00,LAPAN,Aqua,Verified Fire,SUMSEL MUBA,1072,2019,2019:1072,2019,1070,,,,,,,,False
103.40584564,-2.22007561,2019-09-02 01:00:00,LAPAN,Aqua,Verified Fire,SUMSEL MUBA,1076,2019,2019:1076,2019,1074,,,,,,,,False
103.435112,-2.2309987545,2019-09-02 11:00:00,LAPAN,Terra,Verified Fire,SUMSEL MUBA,1082,2019,2019:1082,2019,1080,,,,,,,,False
104.116592407,-1.73363029957,2019-09-02 13:00:00,LAPAN,Aqua,Fire inside Sitrep,SUMSEL MUBA,1083,2019,2019:1083,2019,1081,,,,,,,,False
105.682502747,-3.69267010689,2019-09-02 13:00:00,LAPAN,Aqua,Verified No fire,SUMSEL,1084,2019,2019:1084,2019,1082,,,,,,,,False
103.471206665,-1.08282160759,2019-09-02 13:00:00,LAPAN,Aqua,Verified No fire,JAMBI SMF,1085,2019,2019:1085,2019,1083,,,,,,,,False
104.114624023,-1.720230937,2019-09-02 13:00:00,LAPAN,Aqua,Fire inside Sitrep,SUMSEL MUBA,1086,2019,2019:1086,2019,1084,,,,,,,,False
103.839126587,-2.02106046677,2019-09-02 13:00:00,LAPAN,Aqua,Fire inside Sitrep,SUMSEL MUBA,1087,2019,2019:1087,2019,1085,,,,,,,,False
101.93,-0.96,2019-09-02 16:00:00,ASMC,NOAA20,Verified No fire,JAMBI SMF,1088,2019,2019:1088,2019,1086,,,,,,,,False
103.418,-2.22,2019-09-02 16:00:00,ASMC,NOAA20,Verified Fire,SUMSEL MUBA,1089,2019,2019:1089,2019,1087,,,,,,,,False
103.44,-2.24,2019-09-02 16:00:00,ASMC,NOAA20,Verified Fire,SUMSEL MUBA,1090,2019,2019:1090,2019,1088,,,,,,,,False
104.105,-1.73,2019-09-02 16:00:00,ASMC,NOAA20,Fire inside Sitrep,SUMSEL MUBA,1091,2019,2019:1091,2019,1089,,,,,,,,False
103.445,-2.28,2019-09-02 16:00:00,ASMC,NOAA20,Verified Fire,SUMSEL MUBA,1092,2019,2019:1092,2019,1090,,,,,,,,False
103.429039,-2.21331024,2019-09-03 01:00:00,LAPAN,SNPP,Verified Fire,SUMSEL MUBA,1093,2019,2019:1093,2019,1091,,,,,,,,False
103.41692352,-1.08723271,2019-09-03 01:00:00,LAPAN,SNPP,Verified Fire,JAMBI SMF,1094,2019,2019:1094,2019,1092,,,,,,,,False
103.45526123,-2.28087807,2019-09-03 13:00:00,LAPAN,SNPP,Verified Fire,SUMSEL MUBA,1099,2019,2019:1099,2019,1097,,,,,,,,False
104.10401917,-1.73777866,2019-09-03 13:00:00,LAPAN,SNPP,Fire inside Sitrep,SUMSEL MUBA,1100,2019,2019:1100,2019,1098,,,,,,,,False
104.25,-1.75,2019-09-03 16:00:00,ASMC,NOAA20,Verified Fire,SUMSEL MUBA,1102,2019,2019:1102,2019,1100,,,,,,,,False
103.470687866,-1.08176612854,2019-09-04 10:00:00,LAPAN,Terra,Verified No fire,JAMBI SMF,1110,2019,2019:1110,2019,1108,,,,,,,,False
105.312965393,-3.11292552948,2019-09-04 13:00:00,LAPAN,Aqua,Verified Fire,SUMSEL,1111,2019,2019:1111,2019,1109,,,,,,,,False
103.141899109,-0.915600061417,2019-09-04 13:00:00,LAPAN,Aqua,Verified No fire,JAMBI SMF,1112,2019,2019:1112,2019,1110,,,,,,,,False
103.45081329,-2.27494335,2019-09-04 13:00:00,LAPAN,SNPP,Verified Fire,SUMSEL MUBA,1114,2019,2019:1114,2019,1112,,,,,,,,False
103.24814606,-0.92807788,2019-09-04 13:00:00,LAPAN,SNPP,Verified No fire,JAMBI SMF,1115,2019,2019:1115,2019,1113,,,,,,,,False
103.87177277,-1.85827458,2019-09-04 13:00:00,LAPAN,SNPP,Fire inside Sitrep,SUMSEL MUBA,1116,2019,2019:1116,2019,1114,,,,,,,,False
104.253082275,-1.76471936703,2019-09-04 13:00:00,LAPAN,Aqua,Fire inside Sitrep,SUMSEL MUBA,1118,2019,2019:1118,2019,1116,,,,,,,,False
103.35751343,-1.22374368,2019-09-04 13:00:00,LAPAN,SNPP,Verified Fire,JAMBI SMF,1119,2019,2019:1119,2019,1117,,,,,,,,False
103.5421524,-2.22714615,2019-09-04 13:00:00,LAPAN,SNPP,Verified Fire,SUMSEL MUBA,1120,2019,2019:1120,2019,1118,,,,,,,,False
105.32377625,-3.11049414,2019-09-04 13:00:00,LAPAN,SNPP,Verified Fire,SUMSEL,1121,2019,2019:1121,2019,1119,,,,,,,,False
105.30769348,-3.09927082,2019-09-04 13:00:00,LAPAN,SNPP,Verified Fire,SUMSEL,1122,2019,2019:1122,2019,1120,,,,,,,,False
103.092658997,-0.738795518875,2019-09-04 13:00:00,LAPAN,Aqua,Verified No fire,JAMBI SMF,1123,2019,2019:1123,2019,1121,,,,,,,,False
103.09037781,-0.73477989,2019-09-04 13:00:00,LAPAN,SNPP,Verified No fire,JAMBI SMF,1124,2019,2019:1124,2019,1122,,,,,,,,False
102.93030548,-0.84718496,2019-09-04 13:00:00,LAPAN,SNPP,Verified Fire,JAMBI SMF,1125,2019,2019:1125,2019,1123,,,,,,,,False
105.31574249,-3.104882,2019-09-04 13:00:00,LAPAN,SNPP,Verified Fire,SUMSEL,1126,2019,2019:1126,2019,1124,,,,,,,,False
103.8217926,-2.02890134,2019-09-04 13:00:00,LAPAN,SNPP,Fire inside Sitrep,SUMSEL MUBA,1127,2019,2019:1127,2019,1125,,,,,,,,False
103.442398071,-2.30217838287,2019-09-04 13:00:00,LAPAN,Aqua,Verified Fire,SUMSEL MUBA,1128,2019,2019:1128,2019,1126,,,,,,,,False
103.423690796,-2.18196678162,2019-09-04 13:00:00,LAPAN,Aqua,Verified Fire,SUMSEL MUBA,1129,2019,2019:1129,2019,1127,,,,,,,,False
102.78703308,-1.02507544,2019-09-04 13:00:00,LAPAN,SNPP,Verified No fire,JAMBI SMF,1130,2019,2019:1130,2019,1128,,,,,,,,False
104.11750793,-1.71922398,2019-09-04 13:00:00,LAPAN,SNPP,Fire inside Sitrep,SUMSEL MUBA,1131,2019,2019:1131,2019,1129,,,,,,,,False
103.09828186,-0.74036831,2019-09-04 13:00:00,LAPAN,SNPP,Verified No fire,JAMBI SMF,1134,2019,2019:1134,2019,1132,,,,,,,,False
103.40879059,-2.23376989,2019-09-04 13:00:00,LAPAN,SNPP,Verified Fire,SUMSEL MUBA,1135,2019,2019:1135,2019,1133,,,,,,,,False
103.41497803,-1.09291506,2019-09-04 13:00:00,LAPAN,SNPP,Verified Fire,JAMBI SMF,1136,2019,2019:1136,2019,1134,,,,,,,,False
102.940170288,-0.847899496555,2019-09-05 09:00:00,LAPAN,Terra,Verified No fire,JAMBI SMF,1141,2019,2019:1141,2019,1139,,,,,,,,False
102.916053772,-0.847150266171,2019-09-05 09:00:00,LAPAN,Terra,Verified No fire,JAMBI SMF,1142,2019,2019:1142,2019,1140,,,,,,,,False
103.890113831,-1.86649036407,2019-09-05 12:00:00,LAPAN,Aqua,Fire inside Sitrep,SUMSEL MUBA,1150,2019,2019:1150,2019,1148,,,,,,,,False
104.11221313,-1.74927545,2019-09-05 13:00:00,LAPAN,SNPP,Fire inside Sitrep,SUMSEL MUBA,1151,2019,2019:1151,2019,1149,,,,,,,,False
104.10986328,-1.73360002,2019-09-05 13:00:00,LAPAN,SNPP,Fire inside Sitrep,SUMSEL MUBA,1152,2019,2019:1152,2019,1150,,,,,,,,False
105.80198669,-3.56473398,2019-09-05 13:00:00,LAPAN,SNPP,Verified No fire,SUMSEL,1153,2019,2019:1153,2019,1151,,,,,,,,False
105.62825775,-3.75871921,2019-09-05 13:00:00,LAPAN,SNPP,Verified Fire,SUMSEL,1154,2019,2019:1154,2019,1152,,,,,,,,False
103.41555023,-1.09538686,2019-09-05 13:00:00,LAPAN,SNPP,Verified Fire,JAMBI SMF,1155,2019,2019:1155,2019,1153,,,,,,,,False
103.53652191,-1.03518295,2019-09-05 13:00:00,LAPAN,SNPP,Verified No fire,JAMBI SMF,1156,2019,2019:1156,2019,1154,,,,,,,,False
103.4561615,-2.26125026,2019-09-05 13:00:00,LAPAN,SNPP,Verified Fire,SUMSEL MUBA,1157,2019,2019:1157,2019,1155,,,,,,,,False
102.89646149,-0.86547178,2019-09-05 13:00:00,LAPAN,SNPP,Verified No fire,JAMBI SMF,1158,2019,2019:1158,2019,1156,,,,,,,,False
102.80661774,-1.04743099,2019-09-05 13:00:00,LAPAN,SNPP,Verified No fire,JAMBI SMF,1159,2019,2019:1159,2019,1157,,,,,,,,False
102.78790283,-1.02434421,2019-09-05 13:00:00,LAPAN,SNPP,Verified No fire,JAMBI SMF,1160,2019,2019:1160,2019,1158,,,,,,,,False
101.93408203,-0.95668828,2019-09-05 13:00:00,LAPAN,SNPP,Verified Fire,JAMBI SMF,1161,2019,2019:1161,2019,1159,,,,,,,,False
101.92515564,-0.95805985,2019-09-05 13:00:00,LAPAN,SNPP,Verified Fire,JAMBI SMF,1162,2019,2019:1162,2019,1160,,,,,,,,False
102.92576599,-0.85253042,2019-09-05 13:00:00,LAPAN,SNPP,Verified No fire,JAMBI SMF,1163,2019,2019:1163,2019,1161,,,,,,,,False
101.95233154,-0.97025716,2019-09-05 13:00:00,LAPAN,SNPP,Verified No fire,JAMBI SMF,1164,2019,2019:1164,2019,1162,,,,,,,,False
103.67831421,-1.44644356,2019-09-05 13:00:00,LAPAN,SNPP,Verified No fire,JAMBI SMF,1165,2019,2019:1165,2019,1163,,,,,,,,False
103.07228088,-1.10626364,2019-09-05 13:00:00,LAPAN,SNPP,Verified No fire,JAMBI SMF,1166,2019,2019:1166,2019,1164,,,,,,,,False
102.01210022,-1.00706959,2019-09-05 13:00:00,LAPAN,SNPP,Verified Fire,JAMBI SMF,1167,2019,2019:1167,2019,1165,,,,,,,,False
105.84494019,-3.87590694,2019-09-05 13:00:00,LAPAN,SNPP,Verified No fire,SUMSEL,1168,2019,2019:1168,2019,1166,,,,,,,,False
103.39399719,-1.09857905,2019-09-05 13:00:00,LAPAN,SNPP,Verified Fire,JAMBI SMF,1169,2019,2019:1169,2019,1167,,,,,,,,False
105.32629395,-3.10844469,2019-09-05 13:00:00,LAPAN,SNPP,Verified Fire,SUMSEL,1170,2019,2019:1170,2019,1168,,,,,,,,False
102.93212891,-0.84303129,2019-09-05 13:00:00,LAPAN,SNPP,Verified No fire,JAMBI SMF,1171,2019,2019:1171,2019,1169,,,,,,,,False
104.1034317,-1.75859427,2019-09-05 13:00:00,LAPAN,SNPP,Fire inside Sitrep,SUMSEL MUBA,1172,2019,2019:1172,2019,1170,,,,,,,,False
104.11077118,-1.72136295,2019-09-05 13:00:00,LAPAN,SNPP,Fire inside Sitrep,SUMSEL MUBA,1173,2019,2019:1173,2019,1171,,,,,,,,False
105.75079346,-3.7589426,2019-09-05 13:00:00,LAPAN,SNPP,Verified No fire,SUMSEL,1174,2019,2019:1174,2019,1172,,,,,,,,False
101.96125031,-0.96895462,2019-09-05 13:00:00,LAPAN,SNPP,Verified Fire,JAMBI SMF,1175,2019,2019:1175,2019,1173,,,,,,,,False
105.67424774,-3.82967973,2019-09-06 12:00:00,LAPAN,SNPP,Verified Fire,SUMSEL,1194,2019,2019:1194,2019,1192,,,,,,,,False
101.95739746,-0.97197837,2019-09-06 12:00:00,LAPAN,SNPP,Verified Fire,JAMBI SMF,1195,2019,2019:1195,2019,1193,,,,,,,,False
102.92086792,-0.84708959,2019-09-06 12:00:00,LAPAN,SNPP,Verified No fire,JAMBI SMF,1196,2019,2019:1196,2019,1194,,,,,,,,False
102.93019104,-0.8451426,2019-09-06 12:00:00,LAPAN,SNPP,Verified Fire,JAMBI SMF,1197,2019,2019:1197,2019,1195,,,,,,,,False
102.73035431,-1.42122316,2019-09-06 12:00:00,LAPAN,SNPP,Verified No fire,JAMBI SMF,1198,2019,2019:1198,2019,1196,,,,,,,,False
103.401763916,-2.50187253952,2019-09-06 13:00:00,LAPAN,Aqua,Verified No fire,SUMSEL MUBA,1200,2019,2019:1200,2019,1198,,,,,,,,False
101.888,-0.980581,2019-09-06 13:00:00,LAPAN,SNPP,Verified Fire,JAMBI SMF,1231,2019,2019:1231,2019,1229,,,,,,,,False
102.922027588,-0.842840135098,2019-09-06 22:00:00,LAPAN,Terra,Verified No fire,JAMBI SMF,1234,2019,2019:1234,2019,1232,,,,,,,,False
104.133468628,-1.77538669109,2019-09-07 01:00:00,LAPAN,Aqua,Fire inside Sitrep,SUMSEL MUBA,1235,2019,2019:1235,2019,1233,,,,,,,,False
102.91634369,-0.85262644,2019-09-07 01:00:00,LAPAN,SNPP,Verified No fire,JAMBI SMF,1236,2019,2019:1236,2019,1234,,,,,,,,False
104.11534119,-1.77424276,2019-09-07 01:00:00,LAPAN,SNPP,Fire inside Sitrep,SUMSEL MUBA,1237,2019,2019:1237,2019,1235,,,,,,,,False
102.92527008,-0.84047931,2019-09-07 01:00:00,LAPAN,SNPP,Verified No fire,JAMBI SMF,1238,2019,2019:1238,2019,1236,,,,,,,,False
104.1353302,-1.7620254755,2019-09-07 01:00:00,LAPAN,Aqua,Fire inside Sitrep,SUMSEL MUBA,1239,2019,2019:1239,2019,1237,,,,,,,,False
104.123703,-1.7685796,2019-09-07 01:00:00,LAPAN,SNPP,Fire inside Sitrep,SUMSEL MUBA,1240,2019,2019:1240,2019,1238,,,,,,,,False
102.925117493,-0.840981006622,2019-09-07 01:00:00,LAPAN,Aqua,Verified No fire,JAMBI SMF,1241,2019,2019:1241,2019,1239,,,,,,,,False
103.845954895,-1.36603140831,2019-09-07 09:00:00,LAPAN,Terra,Verified Fire,JAMBI SMF,1242,2019,2019:1242,2019,1240,,,,,,,,False
104.138648987,-1.77393758297,2019-09-07 09:00:00,LAPAN,Terra,Fire inside Sitrep,SUMSEL MUBA,1243,2019,2019:1243,2019,1241,,,,,,,,False
103.914718628,-1.84849464893,2019-09-07 09:00:00,LAPAN,Terra,Verified No fire,SUMSEL MUBA,1245,2019,2019:1245,2019,1243,,,,,,,,False
104.122,-1.76515,2019-09-07 13:00:00,LAPAN,SNPP,Fire inside Sitrep,SUMSEL MUBA,1247,2019,2019:1247,2019,1245,,,,,,,,False
102.824,-1.03736,2019-09-07 13:00:00,LAPAN,SNPP,Verified No fire,JAMBI SMF,1254,2019,2019:1254,2019,1252,,,,,,,,False
101.889,-0.98613,2019-09-07 13:00:00,LAPAN,SNPP,Verified Fire,JAMBI SMF,1255,2019,2019:1255,2019,1253,,,,,,,,False
102.823,-1.08138,2019-09-07 13:00:00,LAPAN,SNPP,Verified No fire,JAMBI SMF,1259,2019,2019:1259,2019,1257,,,,,,,,False
103.914,-1.845,2019-09-07 13:00:00,LAPAN,SNPP,Fire inside Sitrep,SUMSEL MUBA,1264,2019,2019:1264,2019,1262,,,,,,,,False
103.81,-1.35464,2019-09-07 13:00:00,LAPAN,SNPP,Verified Fire,JAMBI SMF,1268,2019,2019:1268,2019,1266,,,,,,,,False
103.796,-2.10002,2019-09-07 13:00:00,LAPAN,SNPP,Verified No fire,SUMSEL MUBA,1270,2019,2019:1270,2019,1268,,,,,,,,False
103.6,-1.10073,2019-09-07 13:00:00,LAPAN,SNPP,Verified Fire,JAMBI SMF,1273,2019,2019:1273,2019,1271,,,,,,,,False
103.90950012,-1.8440038,2019-09-08 01:00:00,LAPAN,SNPP,Fire inside Sitrep,SUMSEL MUBA,1278,2019,2019:1278,2019,1276,,,,,,,,False
102.86647034,-1.21448171,2019-09-08 01:00:00,LAPAN,SNPP,Verified Fire,JAMBI SMF,1279,2019,2019:1279,2019,1277,,,,,,,,False
102.92234039,-0.84519607,2019-09-08 01:00:00,LAPAN,SNPP,Verified No fire,JAMBI SMF,1280,2019,2019:1280,2019,1278,,,,,,,,False
102.85640717,-1.21288621,2019-09-08 01:00:00,LAPAN,SNPP,Verified Fire,JAMBI SMF,1281,2019,2019:1281,2019,1279,,,,,,,,False
104.12394714,-1.76189363,2019-09-08 01:00:00,LAPAN,SNPP,Fire inside Sitrep,SUMSEL MUBA,1282,2019,2019:1282,2019,1280,,,,,,,,False
104.10510254,-1.72219634,2019-09-08 01:00:00,LAPAN,SNPP,Fire inside Sitrep,SUMSEL MUBA,1283,2019,2019:1283,2019,1281,,,,,,,,False
103.106033325,-0.903106868267,2019-09-08 10:00:00,LAPAN,Terra,Verified No fire,JAMBI SMF,1295,2019,2019:1295,2019,1293,,,,,,,,False
103.33303833,-1.23136043549,2019-09-08 10:00:00,LAPAN,Terra,Verified No fire,JAMBI SMF,1296,2019,2019:1296,2019,1294,,,,,,,,False
103.051460266,-0.812048971653,2019-09-08 10:00:00,LAPAN,Terra,Verified No fire,JAMBI SMF,1298,2019,2019:1298,2019,1296,,,,,,,,False
103.818939209,-1.34957432747,2019-09-08 10:00:00,LAPAN,Terra,Verified Fire,JAMBI SMF,1301,2019,2019:1301,2019,1299,,,,,,,,False
103.817672729,-1.35852992535,2019-09-08 10:00:00,LAPAN,Terra,Verified Fire,JAMBI SMF,1308,2019,2019:1308,2019,1306,,,,,,,,False
102.918861389,-0.856920301914,2019-09-08 10:00:00,LAPAN,Terra,Verified Fire,JAMBI SMF,1309,2019,2019:1309,2019,1307,,,,,,,,False
103.401939392,-2.49475646019,2019-09-08 10:00:00,LAPAN,Terra,Verified Fire,SUMSEL MUBA,1311,2019,2019:1311,2019,1309,,,,,,,,False
103.41049957,-2.20969152,2019-09-08 13:00:00,LAPAN,SNPP,Verified Fire,SUMSEL MUBA,1327,2019,2019:1327,2019,1325,,,,,,,,False
103.43050385,-2.23681593,2019-09-08 13:00:00,LAPAN,SNPP,Verified Fire,SUMSEL MUBA,1328,2019,2019:1328,2019,1326,,,,,,,,False
103.08729553,-0.76735622,2019-09-08 13:00:00,LAPAN,SNPP,Verified Fire,JAMBI SMF,1341,2019,2019:1341,2019,1339,,,,,,,,False
103.39069366,-1.10576022,2019-09-08 13:00:00,LAPAN,SNPP,Verified No fire,JAMBI SMF,1355,2019,2019:1355,2019,1353,,,,,,,,False
102.99723816,-0.90684712,2019-09-08 13:00:00,LAPAN,SNPP,Verified No fire,JAMBI SMF,1359,2019,2019:1359,2019,1357,,,,,,,,False
102.79863739,-1.02912462,2019-09-08 13:00:00,LAPAN,SNPP,Verified No fire,JAMBI SMF,1361,2019,2019:1361,2019,1359,,,,,,,,False
101.89080811,-0.99438363,2019-09-08 13:00:00,LAPAN,SNPP,Verified Fire,JAMBI SMF,1372,2019,2019:1372,2019,1370,,,,,,,,False
103.670097351,-1.44881498814,2019-09-08 13:00:00,LAPAN,Aqua,Verified Fire,JAMBI SMF,1382,2019,2019:1382,2019,1380,,,,,,,,False
103.42670441,-2.21141171,2019-09-08 13:00:00,LAPAN,SNPP,Verified Fire,SUMSEL MUBA,1388,2019,2019:1388,2019,1386,,,,,,,,False
104.03440857,-2.05062032,2019-09-08 13:00:00,LAPAN,SNPP,Verified No fire,SUMSEL MUBA,1392,2019,2019:1392,2019,1390,,,,,,,,False
102.79165649,-1.42225301,2019-09-08 13:00:00,LAPAN,SNPP,Verified Fire,JAMBI SMF,1400,2019,2019:1400,2019,1398,,,,,,,,False
103.427,-2.2717,2019-09-08 13:00:00,LAPAN,SNPP,Verified Fire,SUMSEL MUBA,1407,2019,2019:1407,2019,1405,,,,,,,,False
103.681022644,-1.44728219509,2019-09-08 13:00:00,LAPAN,Aqua,Verified Fire,JAMBI SMF,1418,2019,2019:1418,2019,1416,,,,,,,,False
103.44083405,-2.30451965,2019-09-08 13:00:00,LAPAN,SNPP,Verified Fire,SUMSEL MUBA,1422,2019,2019:1422,2019,1420,,,,,,,,False
103.674041748,-2.284324646,2019-09-08 13:00:00,LAPAN,Aqua,Verified Fire,SUMSEL MUBA,1439,2019,2019:1439,2019,1437,,,,,,,,False
105.60155487,-3.77275062,2019-09-08 13:00:00,LAPAN,SNPP,Verified Fire,SUMSEL,1445,2019,2019:1445,2019,1443,,,,,,,,False
103.4081955,-2.50856471,2019-09-08 13:00:00,LAPAN,SNPP,Verified No fire,SUMSEL MUBA,1451,2019,2019:1451,2019,1449,,,,,,,,False
105.81,-3.52,2019-09-08 17:00:00,ASMC,NOAA20,Verified Fire,SUMSEL,1453,2019,2019:1453,2019,1451,,,,,,,,False
104.125,-1.785,2019-09-08 17:00:00,ASMC,NOAA20,Fire inside Sitrep,SUMSEL MUBA,1454,2019,2019:1454,2019,1452,,,,,,,,False
103.91,-1.87,2019-09-08 17:00:00,ASMC,NOAA20,Verified No fire,SUMSEL MUBA,1455,2019,2019:1455,2019,1453,,,,,,,,False
103.96,-1.866,2019-09-08 17:00:00,ASMC,NOAA20,Fire inside Sitrep,SUMSEL MUBA,1456,2019,2019:1456,2019,1454,,,,,,,,False
104.14,-1.7,2019-09-08 17:00:00,ASMC,NOAA20,Fire inside Sitrep,SUMSEL MUBA,1457,2019,2019:1457,2019,1455,,,,,,,,False
102.905,-0.89,2019-09-08 17:00:00,ASMC,NOAA20,Verified No fire,JAMBI SMF,1458,2019,2019:1458,2019,1456,,,,,,,,False
103.085,-2.3,2019-09-08 17:00:00,ASMC,NOAA20,Verified No fire,SUMSEL MUBA,1459,2019,2019:1459,2019,1457,,,,,,,,False
102.895,-0.835,2019-09-08 17:00:00,ASMC,NOAA20,Verified No fire,JAMBI SMF,1460,2019,2019:1460,2019,1458,,,,,,,,False
103.37,-2.42,2019-09-08 17:00:00,ASMC,NOAA20,Verified No fire,SUMSEL MUBA,1461,2019,2019:1461,2019,1459,,,,,,,,False
101.96,-0.985,2019-09-08 17:00:00,ASMC,NOAA20,Verified No fire,JAMBI SMF,1462,2019,2019:1462,2019,1460,,,,,,,,False
103.781,-1.351,2019-09-08 17:00:00,ASMC,NOAA20,Verified Fire,JAMBI SMF,1463,2019,2019:1463,2019,1461,,,,,,,,False
103.453,-2.293,2019-09-08 17:00:00,ASMC,NOAA20,Verified Fire,SUMSEL MUBA,1464,2019,2019:1464,2019,1462,,,,,,,,False
102.9,-0.86,2019-09-08 17:00:00,ASMC,NOAA20,Verified No fire,JAMBI SMF,1465,2019,2019:1465,2019,1463,,,,,,,,False
102.795,-1.44,2019-09-08 17:00:00,ASMC,NOAA20,Verified No fire,JAMBI SMF,1466,2019,2019:1466,2019,1464,,,,,,,,False
103.41,-2.47,2019-09-08 17:00:00,ASMC,NOAA20,Verified Fire,SUMSEL MUBA,1467,2019,2019:1467,2019,1465,,,,,,,,False
103.67,-2.3,2019-09-08 17:00:00,ASMC,NOAA20,Verified No fire,SUMSEL MUBA,1468,2019,2019:1468,2019,1466,,,,,,,,False
104.1,-1.753,2019-09-08 17:00:00,ASMC,NOAA20,Fire inside Sitrep,SUMSEL MUBA,1469,2019,2019:1469,2019,1467,,,,,,,,False
103.758369446,-1.31845748425,2019-09-08 22:00:00,LAPAN,Terra,Verified Fire,JAMBI SMF,1478,2019,2019:1478,2019,1476,,,,,,,,False
103.44713593,-2.26554108,2019-09-09 00:00:00,LAPAN,SNPP,Verified Fire,SUMSEL MUBA,1497,2019,2019:1497,2019,1495,,,,,,,,False
103.92128754,-1.83977807,2019-09-09 00:00:00,LAPAN,SNPP,Fire inside Sitrep,SUMSEL MUBA,1498,2019,2019:1498,2019,1496,,,,,,,,False
104.12789917,-1.75754833,2019-09-09 00:00:00,LAPAN,SNPP,Fire inside Sitrep,SUMSEL MUBA,1499,2019,2019:1499,2019,1497,,,,,,,,False
104.10044861,-1.72331142,2019-09-09 00:00:00,LAPAN,SNPP,Fire inside Sitrep,SUMSEL MUBA,1500,2019,2019:1500,2019,1498,,,,,,,,False
103.40299988,-2.44279003,2019-09-09 00:00:00,LAPAN,SNPP,Verified No fire,SUMSEL MUBA,1501,2019,2019:1501,2019,1499,,,,,,,,False
103.77423859,-1.3484143,2019-09-09 00:00:00,LAPAN,SNPP,Verified Fire,JAMBI SMF,1502,2019,2019:1502,2019,1500,,,,,,,,False
103.77180481,-1.32748568,2019-09-09 00:00:00,LAPAN,SNPP,Verified Fire,JAMBI SMF,1503,2019,2019:1503,2019,1501,,,,,,,,False
102.78954315,-1.41857708,2019-09-09 00:00:00,LAPAN,SNPP,Verified Fire,JAMBI SMF,1504,2019,2019:1504,2019,1502,,,,,,,,False
103.78495026,-1.31930792,2019-09-09 00:00:00,LAPAN,SNPP,Verified Fire,JAMBI SMF,1505,2019,2019:1505,2019,1503,,,,,,,,False
103.77588654,-1.33840513,2019-09-09 00:00:00,LAPAN,SNPP,Verified Fire,JAMBI SMF,1506,2019,2019:1506,2019,1504,,,,,,,,False
103.77353668,-1.3174814,2019-09-09 00:00:00,LAPAN,SNPP,Verified Fire,JAMBI SMF,1507,2019,2019:1507,2019,1505,,,,,,,,False
103.78327179,-1.32931423,2019-09-09 00:00:00,LAPAN,SNPP,Verified Fire,JAMBI SMF,1508,2019,2019:1508,2019,1506,,,,,,,,False
103.6688385,-2.27788186,2019-09-09 13:00:00,LAPAN,Aqua,Verified No fire,SUMSEL MUBA,1564,2019,2019:1564,2019,1562,,,,,,,,False
103.08184814,-2.41433287,2019-09-09 13:00:00,LAPAN,Aqua,Verified No fire,SUMSEL MUBA,1565,2019,2019:1565,2019,1563,,,,,,,,False
104.14369965,-1.67707264,2019-09-09 13:00:00,LAPAN,Aqua,Fire inside Sitrep,SUMSEL MUBA,1566,2019,2019:1566,2019,1564,,,,,,,,False
103.86702728,-1.8599484,2019-09-09 13:00:00,LAPAN,Aqua,Fire inside Sitrep,SUMSEL MUBA,1567,2019,2019:1567,2019,1565,,,,,,,,False
103.95555115,-1.86022866,2019-09-09 13:00:00,LAPAN,Aqua,Fire inside Sitrep,SUMSEL MUBA,1568,2019,2019:1568,2019,1566,,,,,,,,False
103.9617691,-1.85234153,2019-09-09 13:00:00,LAPAN,Aqua,Fire inside Sitrep,SUMSEL MUBA,1569,2019,2019:1569,2019,1567,,,,,,,,False
102.92214203,-0.85061711,2019-09-09 13:00:00,LAPAN,Aqua,Verified No fire,JAMBI SMF,1570,2019,2019:1570,2019,1568,,,,,,,,False
102.86489868,-1.21213353,2019-09-09 13:00:00,LAPAN,Aqua,Verified Fire,JAMBI SMF,1571,2019,2019:1571,2019,1569,,,,,,,,False
103.24057007,-1.06050301,2019-09-09 13:00:00,LAPAN,Aqua,Verified No fire,JAMBI SMF,1572,2019,2019:1572,2019,1570,,,,,,,,False
105.41143799,-2.52622128,2019-09-09 13:00:00,LAPAN,Aqua,Verified No fire,SUMSEL,1573,2019,2019:1573,2019,1571,,,,,,,,False
105.71647644,-3.68741941,2019-09-09 13:00:00,LAPAN,Aqua,Verified Fire,SUMSEL,1574,2019,2019:1574,2019,1572,,,,,,,,False
105.70023346,-3.68992805,2019-09-09 13:00:00,LAPAN,Aqua,Verified Fire,SUMSEL,1575,2019,2019:1575,2019,1573,,,,,,,,False
105.92451477,-3.84274459,2019-09-09 13:00:00,LAPAN,Aqua,Verified Fire,SUMSEL,1576,2019,2019:1576,2019,1574,,,,,,,,False
103.08155823,-2.27867103,2019-09-09 13:00:00,LAPAN,Aqua,Verified No fire,SUMSEL MUBA,1577,2019,2019:1577,2019,1575,,,,,,,,False
103.88657379,-1.84311783,2019-09-09 13:00:00,LAPAN,Aqua,Fire inside Sitrep,SUMSEL MUBA,1578,2019,2019:1578,2019,1576,,,,,,,,False
102.8874588,-1.08661306,2019-09-09 13:00:00,LAPAN,Aqua,Verified No fire,JAMBI SMF,1579,2019,2019:1579,2019,1577,,,,,,,,False
103.40330505,-2.46711874,2019-09-09 13:00:00,LAPAN,Aqua,Verified No fire,SUMSEL MUBA,1580,2019,2019:1580,2019,1578,,,,,,,,False
103.78089142,-1.35097563,2019-09-09 13:00:00,LAPAN,Aqua,Verified Fire,JAMBI SMF,1581,2019,2019:1581,2019,1579,,,,,,,,False
103.82214355,-1.33082986,2019-09-09 13:00:00,LAPAN,Aqua,Verified Fire,JAMBI SMF,1582,2019,2019:1582,2019,1580,,,,,,,,False
103.88627625,-1.3140775,2019-09-09 13:00:00,LAPAN,Aqua,Verified Fire,JAMBI SMF,1583,2019,2019:1583,2019,1581,,,,,,,,False
103.77581024,-1.31716585,2019-09-09 13:00:00,LAPAN,Aqua,Verified Fire,JAMBI SMF,1584,2019,2019:1584,2019,1582,,,,,,,,False
103.19577789,-2.41736913,2019-09-09 13:00:00,LAPAN,Aqua,Verified No fire,SUMSEL MUBA,1585,2019,2019:1585,2019,1583,,,,,,,,False
105.34221649,-2.61637878,2019-09-09 13:00:00,LAPAN,Aqua,Verified No fire,SUMSEL,1586,2019,2019:1586,2019,1584,,,,,,,,False
102.83100128,-1.04085171,2019-09-09 13:00:00,LAPAN,Aqua,Verified No fire,JAMBI SMF,1587,2019,2019:1587,2019,1585,,,,,,,,False
103.59295654,-2.11226678,2019-09-09 13:00:00,LAPAN,Aqua,Fire inside Sitrep,SUMSEL MUBA,1588,2019,2019:1588,2019,1586,,,,,,,,False
105.30619049,-3.13587666,2019-09-09 13:00:00,LAPAN,Aqua,Verified Fire,SUMSEL,1589,2019,2019:1589,2019,1587,,,,,,,,False
103.81389618,-1.32517016,2019-09-09 13:00:00,LAPAN,Aqua,Verified Fire,JAMBI SMF,1590,2019,2019:1590,2019,1588,,,,,,,,False
103.68751526,-1.45997632,2019-09-09 13:00:00,LAPAN,Aqua,Verified Fire,JAMBI SMF,1591,2019,2019:1591,2019,1589,,,,,,,,False
103.77885437,-1.33745742,2019-09-09 13:00:00,LAPAN,Aqua,Verified Fire,JAMBI SMF,1592,2019,2019:1592,2019,1590,,,,,,,,False
105.34545898,-3.71591353,2019-09-09 13:00:00,LAPAN,Aqua,Verified Fire,SUMSEL,1593,2019,2019:1593,2019,1591,,,,,,,,False
105.33314514,-2.61052585,2019-09-09 13:00:00,LAPAN,Aqua,Verified No fire,SUMSEL,1594,2019,2019:1594,2019,1592,,,,,,,,False
104.12017822,-1.71950495,2019-09-09 13:00:00,LAPAN,Aqua,Fire inside Sitrep,SUMSEL MUBA,1595,2019,2019:1595,2019,1593,,,,,,,,False
103.79022217,-1.31495655,2019-09-09 13:00:00,LAPAN,Aqua,Verified Fire,JAMBI SMF,1596,2019,2019:1596,2019,1594,,,,,,,,False
104.09395599,-1.74442184,2019-09-09 13:00:00,LAPAN,Aqua,Fire inside Sitrep,SUMSEL MUBA,1597,2019,2019:1597,2019,1595,,,,,,,,False
105.69321442,-3.69831467,2019-09-09 13:00:00,LAPAN,Aqua,Verified Fire,SUMSEL,1598,2019,2019:1598,2019,1596,,,,,,,,False
103.83139801,-1.34326684,2019-09-09 13:00:00,LAPAN,Aqua,Verified Fire,JAMBI SMF,1599,2019,2019:1599,2019,1597,,,,,,,,False
104.11183167,-1.7138133,2019-09-09 13:00:00,LAPAN,Aqua,Fire inside Sitrep,SUMSEL MUBA,1600,2019,2019:1600,2019,1598,,,,,,,,False
103.39259338,-1.10496426,2019-09-09 13:00:00,LAPAN,Aqua,Verified No fire,JAMBI SMF,1601,2019,2019:1601,2019,1599,,,,,,,,False
103.05164337,-0.81053519,2019-09-09 13:00:00,LAPAN,Aqua,Verified No fire,JAMBI SMF,1602,2019,2019:1602,2019,1600,,,,,,,,False
103.36290741,-2.39191818,2019-09-09 13:00:00,LAPAN,Aqua,Fire inside Sitrep,SUMSEL MUBA,1603,2019,2019:1603,2019,1601,,,,,,,,False
103.656158447,-2.28040719032,2019-09-09 14:00:00,LAPAN,Aqua,Verified No fire,SUMSEL MUBA,1604,2019,2019:1604,2019,1602,,,,,,,,False
102.963508606,-1.51752054691,2019-09-09 14:00:00,LAPAN,Aqua,Verified Fire,JAMBI SMF,1605,2019,2019:1605,2019,1603,,,,,,,,False
102.772796631,-1.41938877106,2019-09-09 14:00:00,LAPAN,Aqua,Verified No fire,JAMBI SMF,1606,2019,2019:1606,2019,1604,,,,,,,,False
103.771141052,-1.32002389431,2019-09-09 14:00:00,LAPAN,Aqua,Verified Fire,JAMBI SMF,1609,2019,2019:1609,2019,1607,,,,,,,,False
103.773468018,-1.33484041691,2019-09-09 14:00:00,LAPAN,Aqua,Verified Fire,JAMBI SMF,1610,2019,2019:1610,2019,1608,,,,,,,,False
105.342269897,-2.61131191254,2019-09-09 14:00:00,LAPAN,Aqua,Verified No fire,SUMSEL,1611,2019,2019:1611,2019,1609,,,,,,,,False
103.355,-2.41,2019-09-09 17:00:00,ASMC,NOAA20,Verified No fire,SUMSEL MUBA,1619,2019,2019:1619,2019,1617,,,,,,,,False
104.14,-1.69,2019-09-09 17:00:00,ASMC,NOAA20,Fire inside Sitrep,SUMSEL MUBA,1620,2019,2019:1620,2019,1618,,,,,,,,False
102.895,-0.84,2019-09-09 17:00:00,ASMC,NOAA20,Verified No fire,JAMBI SMF,1621,2019,2019:1621,2019,1619,,,,,,,,False
103.66,-2.295,2019-09-09 17:00:00,ASMC,NOAA20,Verified No fire,SUMSEL MUBA,1622,2019,2019:1622,2019,1620,,,,,,,,False
104.104,-1.739,2019-09-09 17:00:00,ASMC,NOAA20,Fire inside Sitrep,SUMSEL MUBA,1623,2019,2019:1623,2019,1621,,,,,,,,False
103.12,-0.88,2019-09-09 17:00:00,ASMC,NOAA20,Verified No fire,JAMBI SMF,1624,2019,2019:1624,2019,1622,,,,,,,,False
104.035,-2.015,2019-09-09 17:00:00,ASMC,NOAA20,Fire inside Sitrep,SUMSEL MUBA,1625,2019,2019:1625,2019,1623,,,,,,,,False
103.41,-2.46,2019-09-09 17:00:00,ASMC,NOAA20,Verified No fire,SUMSEL MUBA,1626,2019,2019:1626,2019,1624,,,,,,,,False
103.81,-1.34,2019-09-09 17:00:00,ASMC,NOAA20,Verified Fire,JAMBI SMF,1627,2019,2019:1627,2019,1625,,,,,,,,False
103.773,-1.342,2019-09-09 17:00:00,ASMC,NOAA20,Verified Fire,JAMBI SMF,1628,2019,2019:1628,2019,1626,,,,,,,,False
103.865,-1.88,2019-09-09 17:00:00,ASMC,NOAA20,Verified No fire,SUMSEL MUBA,1629,2019,2019:1629,2019,1627,,,,,,,,False
102.795,-1.43,2019-09-09 17:00:00,ASMC,NOAA20,Verified Fire,JAMBI SMF,1630,2019,2019:1630,2019,1628,,,,,,,,False
104.127,-1.783,2019-09-09 17:00:00,ASMC,NOAA20,Fire inside Sitrep,SUMSEL MUBA,1631,2019,2019:1631,2019,1629,,,,,,,,False
103.443,-2.277,2019-09-09 17:00:00,ASMC,NOAA20,Verified Fire,SUMSEL MUBA,1632,2019,2019:1632,2019,1630,,,,,,,,False
102.965,-1.52,2019-09-09 17:00:00,ASMC,NOAA20,Verified Fire,JAMBI SMF,1633,2019,2019:1633,2019,1631,,,,,,,,False
103.45,-2.22,2019-09-09 17:00:00,ASMC,NOAA20,Verified Fire,SUMSEL MUBA,1634,2019,2019:1634,2019,1632,,,,,,,,False
104.251617432,-1.77117502689,2019-09-09 21:00:00,LAPAN,Terra,Fire inside Sitrep,SUMSEL MUBA,1635,2019,2019:1635,2019,1633,,,,,,,,False
104.11579895,-1.71502506733,2019-09-09 21:00:00,LAPAN,Terra,Fire inside Sitrep,SUMSEL MUBA,1636,2019,2019:1636,2019,1634,,,,,,,,False
104.128364563,-1.75695407391,2019-09-09 21:00:00,LAPAN,Terra,Fire inside Sitrep,SUMSEL MUBA,1637,2019,2019:1637,2019,1635,,,,,,,,False
103.752792358,-1.3221590519,2019-09-09 21:00:00,LAPAN,Terra,Verified Fire,JAMBI SMF,1638,2019,2019:1638,2019,1636,,,,,,,,False
103.87374115,-1.31090342999,2019-09-09 21:00:00,LAPAN,Terra,Verified Fire,JAMBI SMF,1639,2019,2019:1639,2019,1637,,,,,,,,False
103.880081177,-1.32065212727,2019-09-09 21:00:00,LAPAN,Terra,Verified Fire,JAMBI SMF,1640,2019,2019:1640,2019,1638,,,,,,,,False
104.258270264,-1.78257548809,2019-09-09 21:00:00,LAPAN,Terra,Fire inside Sitrep,SUMSEL MUBA,1641,2019,2019:1641,2019,1639,,,,,,,,False
103.784210205,-1.3178319931,2019-09-09 21:00:00,LAPAN,Terra,Verified Fire,JAMBI SMF,1642,2019,2019:1642,2019,1640,,,,,,,,False
103.782081604,-1.30198609829,2019-09-09 21:00:00,LAPAN,Terra,Verified Fire,JAMBI SMF,1643,2019,2019:1643,2019,1641,,,,,,,,False
103.858779907,-1.85917901993,2019-09-09 21:00:00,LAPAN,Terra,Fire inside Sitrep,SUMSEL MUBA,1644,2019,2019:1644,2019,1642,,,,,,,,False
103.88539886,-1.3206805,2019-09-10 00:00:00,LAPAN,SNPP,Verified Fire,JAMBI SMF,1645,2019,2019:1645,2019,1643,,,,,,,,False
103.76457214,-1.32379389,2019-09-10 00:00:00,LAPAN,SNPP,Verified Fire,JAMBI SMF,1646,2019,2019:1646,2019,1644,,,,,,,,False
103.76700592,-1.31022716,2019-09-10 00:00:00,LAPAN,SNPP,Verified Fire,JAMBI SMF,1647,2019,2019:1647,2019,1645,,,,,,,,False
103.87329865,-1.318748,2019-09-10 00:00:00,LAPAN,SNPP,Verified Fire,JAMBI SMF,1648,2019,2019:1648,2019,1646,,,,,,,,False
103.77365112,-1.31672406,2019-09-10 00:00:00,LAPAN,SNPP,Verified Fire,JAMBI SMF,1649,2019,2019:1649,2019,1647,,,,,,,,False
103.77606201,-1.30316067,2019-09-10 00:00:00,LAPAN,SNPP,Verified Fire,JAMBI SMF,1650,2019,2019:1650,2019,1648,,,,,,,,False
104.123710632,-1.71144855022,2019-09-10 10:00:00,LAPAN,Terra,Fire inside Sitrep,SUMSEL MUBA,1677,2019,2019:1677,2019,1675,,,,,,,,False
103.082672119,-1.49590468407,2019-09-10 10:00:00,LAPAN,Terra,Verified Fire,JAMBI SMF,1682,2019,2019:1682,2019,1680,,,,,,,,False
103.786499023,-1.30315840244,2019-09-10 10:00:00,LAPAN,Terra,Verified Fire,JAMBI SMF,1686,2019,2019:1686,2019,1684,,,,,,,,False
103.770988464,-1.33140683174,2019-09-10 10:00:00,LAPAN,Terra,Verified Fire,JAMBI SMF,1689,2019,2019:1689,2019,1687,,,,,,,,False
103.77532959,-1.3015024662,2019-09-10 10:00:00,LAPAN,Terra,Verified Fire,JAMBI SMF,1691,2019,2019:1691,2019,1689,,,,,,,,False
103.683738708,-1.45151257515,2019-09-10 10:00:00,LAPAN,Terra,Verified Fire,JAMBI SMF,1692,2019,2019:1692,2019,1690,,,,,,,,False
103.79763031,-1.30480992794,2019-09-10 10:00:00,LAPAN,Terra,Verified Fire,JAMBI SMF,1695,2019,2019:1695,2019,1693,,,,,,,,False
104.129631042,-1.77459847927,2019-09-10 10:00:00,LAPAN,Terra,Fire inside Sitrep,SUMSEL MUBA,1696,2019,2019:1696,2019,1694,,,,,,,,False
103.761306763,-1.31980276108,2019-09-10 10:00:00,LAPAN,Terra,Verified Fire,JAMBI SMF,1697,2019,2019:1697,2019,1695,,,,,,,,False
102.786590576,-1.40881609917,2019-09-10 10:00:00,LAPAN,Terra,Verified Fire,JAMBI SMF,1699,2019,2019:1699,2019,1697,,,,,,,,False
103.4473114,-2.28313851,2019-09-10 13:00:00,LAPAN,SNPP,Verified Fire,SUMSEL MUBA,1703,2019,2019:1703,2019,1701,,,,,,,,False
104.09934235,-1.72277892,2019-09-10 13:00:00,LAPAN,SNPP,Fire inside Sitrep,SUMSEL MUBA,1706,2019,2019:1706,2019,1704,,,,,,,,False
104.12376404,-1.719154,2019-09-10 13:00:00,LAPAN,SNPP,Fire inside Sitrep,SUMSEL MUBA,1707,2019,2019:1707,2019,1705,,,,,,,,False
105.26181793,-2.71142149,2019-09-10 13:00:00,LAPAN,SNPP,Verified Fire,SUMSEL,1711,2019,2019:1711,2019,1709,,,,,,,,False
105.80806732,-3.88230133,2019-09-10 13:00:00,LAPAN,SNPP,Verified Fire,SUMSEL,1712,2019,2019:1712,2019,1710,,,,,,,,False
105.66893768,-3.65819287,2019-09-10 13:00:00,LAPAN,SNPP,Verified Fire,SUMSEL,1713,2019,2019:1713,2019,1711,,,,,,,,False
105.70445251,-3.69476104,2019-09-10 13:00:00,LAPAN,SNPP,Verified Fire,SUMSEL,1714,2019,2019:1714,2019,1712,,,,,,,,False
103.44407654,-2.26073194,2019-09-10 13:00:00,LAPAN,SNPP,Verified Fire,SUMSEL MUBA,1715,2019,2019:1715,2019,1713,,,,,,,,False
104.03049469,-2.00130272,2019-09-10 13:00:00,LAPAN,SNPP,Fire inside Sitrep,SUMSEL MUBA,1716,2019,2019:1716,2019,1714,,,,,,,,False
103.18666077,-2.41474128,2019-09-10 13:00:00,LAPAN,SNPP,Verified Fire,SUMSEL MUBA,1717,2019,2019:1717,2019,1715,,,,,,,,False
102.9313736,-0.8363359,2019-09-10 13:00:00,LAPAN,SNPP,Verified No fire,JAMBI SMF,1718,2019,2019:1718,2019,1716,,,,,,,,False
104.11456299,-1.71320343,2019-09-10 13:00:00,LAPAN,SNPP,Fire inside Sitrep,SUMSEL MUBA,1719,2019,2019:1719,2019,1717,,,,,,,,False
104.12910461,-1.75490606,2019-09-10 13:00:00,LAPAN,SNPP,Fire inside Sitrep,SUMSEL MUBA,1720,2019,2019:1720,2019,1718,,,,,,,,False
103.83611298,-2.0157702,2019-09-10 13:00:00,LAPAN,SNPP,Fire inside Sitrep,SUMSEL MUBA,1723,2019,2019:1723,2019,1721,,,,,,,,False
104.03772736,-1.99284363,2019-09-10 13:00:00,LAPAN,SNPP,Verified Fire,SUMSEL MUBA,1724,2019,2019:1724,2019,1722,,,,,,,,False
103.82936096,-2.21858883,2019-09-10 13:00:00,LAPAN,SNPP,Verified No fire,SUMSEL MUBA,1725,2019,2019:1725,2019,1723,,,,,,,,False
103.37587738,-1.10506927967,2019-09-10 13:00:00,LAPAN,Aqua,Verified No fire,JAMBI SMF,1726,2019,2019:1726,2019,1724,,,,,,,,False
102.76847839,-1.01594853,2019-09-10 13:00:00,LAPAN,SNPP,Verified No fire,JAMBI SMF,1727,2019,2019:1727,2019,1725,,,,,,,,False
103.83528137,-1.34330642,2019-09-10 13:00:00,LAPAN,SNPP,Verified Fire,JAMBI SMF,1729,2019,2019:1729,2019,1727,,,,,,,,False
103.817710876,-1.35358715057,2019-09-10 13:00:00,LAPAN,Aqua,Verified Fire,JAMBI SMF,1730,2019,2019:1730,2019,1728,,,,,,,,False
103.89112091,-1.32022023,2019-09-10 13:00:00,LAPAN,SNPP,Verified Fire,JAMBI SMF,1732,2019,2019:1732,2019,1730,,,,,,,,False
103.87457275,-1.32268727,2019-09-10 13:00:00,LAPAN,SNPP,Verified Fire,JAMBI SMF,1733,2019,2019:1733,2019,1731,,,,,,,,False
103.78096008,-1.32180953,2019-09-10 13:00:00,LAPAN,SNPP,Verified Fire,JAMBI SMF,1734,2019,2019:1734,2019,1732,,,,,,,,False
102.80077362,-1.41307378,2019-09-10 13:00:00,LAPAN,SNPP,Verified Fire,JAMBI SMF,1735,2019,2019:1735,2019,1733,,,,,,,,False
103.8817749,-1.31424606,2019-09-10 13:00:00,LAPAN,SNPP,Verified Fire,JAMBI SMF,1737,2019,2019:1737,2019,1735,,,,,,,,False
102.8363266,-1.32287741,2019-09-10 13:00:00,LAPAN,SNPP,Verified No fire,JAMBI SMF,1738,2019,2019:1738,2019,1736,,,,,,,,False
103.77474213,-1.33754683,2019-09-10 13:00:00,LAPAN,SNPP,Verified Fire,JAMBI SMF,1741,2019,2019:1741,2019,1739,,,,,,,,False
101.90565491,-0.94831085,2019-09-10 13:00:00,LAPAN,SNPP,Verified Fire,JAMBI SMF,1744,2019,2019:1744,2019,1742,,,,,,,,False
103.77156067,-1.31579196,2019-09-10 13:00:00,LAPAN,SNPP,Verified Fire,JAMBI SMF,1748,2019,2019:1748,2019,1746,,,,,,,,False
103.77927399,-1.30247056,2019-09-10 13:00:00,LAPAN,SNPP,Verified Fire,JAMBI SMF,1749,2019,2019:1749,2019,1747,,,,,,,,False
104.13122559,-1.7692169,2019-09-10 13:00:00,LAPAN,SNPP,Fire inside Sitrep,SUMSEL MUBA,1750,2019,2019:1750,2019,1748,,,,,,,,False
102.90220642,-1.17336667,2019-09-10 13:00:00,LAPAN,SNPP,Verified No fire,JAMBI SMF,1751,2019,2019:1751,2019,1749,,,,,,,,False
105.69606781,-3.68904614,2019-09-10 13:00:00,LAPAN,SNPP,Verified Fire,SUMSEL,1753,2019,2019:1753,2019,1751,,,,,,,,False
102.90167236,-0.82534903,2019-09-10 13:00:00,LAPAN,SNPP,Verified Fire,JAMBI SMF,1755,2019,2019:1755,2019,1753,,,,,,,,False
103.86523438,-1.31669796,2019-09-10 13:00:00,LAPAN,SNPP,Verified Fire,JAMBI SMF,1759,2019,2019:1759,2019,1757,,,,,,,,False
102.9343338,-0.78148866,2019-09-10 13:00:00,LAPAN,SNPP,Verified No fire,JAMBI SMF,1761,2019,2019:1761,2019,1759,,,,,,,,False
103.82589722,-1.33731961,2019-09-10 13:00:00,LAPAN,SNPP,Verified Fire,JAMBI SMF,1764,2019,2019:1764,2019,1762,,,,,,,,False
103.81648254,-1.33133197,2019-09-10 13:00:00,LAPAN,SNPP,Verified Fire,JAMBI SMF,1765,2019,2019:1765,2019,1763,,,,,,,,False
102.79090881,-1.41455936,2019-09-10 13:00:00,LAPAN,SNPP,Verified Fire,JAMBI SMF,1766,2019,2019:1766,2019,1764,,,,,,,,False
104.1427536,-1.6735853,2019-09-10 13:00:00,LAPAN,SNPP,Fire inside Sitrep,SUMSEL MUBA,1767,2019,2019:1767,2019,1765,,,,,,,,False
103.76425171,-1.32428217,2019-09-10 13:00:00,LAPAN,SNPP,Verified Fire,JAMBI SMF,1770,2019,2019:1770,2019,1768,,,,,,,,False
103.78868103,-1.30844033,2019-09-10 13:00:00,LAPAN,SNPP,Verified Fire,JAMBI SMF,1771,2019,2019:1771,2019,1769,,,,,,,,False
103.42620087,-2.26337552,2019-09-10 13:00:00,LAPAN,SNPP,Verified Fire,SUMSEL MUBA,1772,2019,2019:1772,2019,1770,,,,,,,,False
103.85540009,-1.85246873,2019-09-10 13:00:00,LAPAN,SNPP,Fire inside Sitrep,SUMSEL MUBA,1773,2019,2019:1773,2019,1771,,,,,,,,False
105.31871033,-3.14391637,2019-09-10 13:00:00,LAPAN,SNPP,Verified Fire,SUMSEL,1774,2019,2019:1774,2019,1772,,,,,,,,False
103.78652954,-1.2939651,2019-09-10 13:00:00,LAPAN,SNPP,Verified Fire,JAMBI SMF,1775,2019,2019:1775,2019,1773,,,,,,,,False
103.11945343,-0.87048918,2019-09-10 13:00:00,LAPAN,SNPP,Verified No fire,JAMBI SMF,1776,2019,2019:1776,2019,1774,,,,,,,,False
103.68917084,-1.45860243,2019-09-10 13:00:00,LAPAN,SNPP,Verified Fire,JAMBI SMF,1778,2019,2019:1778,2019,1776,,,,,,,,False
102.82698822,-1.32429659,2019-09-10 13:00:00,LAPAN,SNPP,Verified No fire,JAMBI SMF,1779,2019,2019:1779,2019,1777,,,,,,,,False
103.45437622,-2.19658923,2019-09-10 13:00:00,LAPAN,SNPP,Verified No fire,SUMSEL MUBA,1780,2019,2019:1780,2019,1778,,,,,,,,False
103.86487579,-1.85848951,2019-09-10 13:00:00,LAPAN,SNPP,Fire inside Sitrep,SUMSEL MUBA,1781,2019,2019:1781,2019,1779,,,,,,,,False
103.43,-2.29,2019-09-10 17:00:00,ASMC,NOAA20,Verified Fire,SUMSEL MUBA,1782,2019,2019:1782,2019,1780,,,,,,,,False
103.08,-1.5,2019-09-10 17:00:00,ASMC,NOAA20,Verified No fire,JAMBI SMF,1783,2019,2019:1783,2019,1781,,,,,,,,False
105.7,-3.7,2019-09-10 17:00:00,ASMC,NOAA20,Verified Fire,SUMSEL,1784,2019,2019:1784,2019,1782,,,,,,,,False
103.185,-2.415,2019-09-10 17:00:00,ASMC,NOAA20,Verified No fire,SUMSEL MUBA,1785,2019,2019:1785,2019,1783,,,,,,,,False
104.107,-1.718,2019-09-10 17:00:00,ASMC,NOAA20,Fire inside Sitrep,SUMSEL MUBA,1786,2019,2019:1786,2019,1784,,,,,,,,False
103.78,-1.298,2019-09-10 17:00:00,ASMC,NOAA20,Verified Fire,JAMBI SMF,1787,2019,2019:1787,2019,1785,,,,,,,,False
103.88,-1.322,2019-09-10 17:00:00,ASMC,NOAA20,Verified Fire,JAMBI SMF,1788,2019,2019:1788,2019,1786,,,,,,,,False
103.77,-1.33,2019-09-10 17:00:00,ASMC,NOAA20,Verified No fire,JAMBI SMF,1789,2019,2019:1789,2019,1787,,,,,,,,False
102.765,-1.01,2019-09-10 17:00:00,ASMC,NOAA20,Verified Fire,JAMBI SMF,1790,2019,2019:1790,2019,1788,,,,,,,,False
103.35,-2.395,2019-09-10 17:00:00,ASMC,NOAA20,Fire inside Sitrep,SUMSEL MUBA,1791,2019,2019:1791,2019,1789,,,,,,,,False
102.79,-1.407,2019-09-10 17:00:00,ASMC,NOAA20,Verified Fire,JAMBI SMF,1792,2019,2019:1792,2019,1790,,,,,,,,False
103.857,-1.86,2019-09-10 17:00:00,ASMC,NOAA20,Fire inside Sitrep,SUMSEL MUBA,1793,2019,2019:1793,2019,1791,,,,,,,,False
103.813,-1.327,2019-09-10 17:00:00,ASMC,NOAA20,Verified Fire,JAMBI SMF,1794,2019,2019:1794,2019,1792,,,,,,,,False
104.14,-1.675,2019-09-10 17:00:00,ASMC,NOAA20,Fire inside Sitrep,SUMSEL MUBA,1795,2019,2019:1795,2019,1793,,,,,,,,False
103.44,-2.26,2019-09-10 17:00:00,ASMC,NOAA20,Verified Fire,SUMSEL MUBA,1796,2019,2019:1796,2019,1794,,,,,,,,False
102.759,-1.01248,2019-09-11 01:00:00,LAPAN,SNPP,Verified No fire,JAMBI SMF,1915,2019,2019:1915,2019,1913,,,,,,,,False
103.804595947,-1.28833460808,2019-09-11 11:00:00,LAPAN,Terra,Verified Fire,JAMBI SMF,1932,2019,2019:1932,2019,1930,,,,,,,,False
103.778938293,-1.28465235233,2019-09-11 11:00:00,LAPAN,Terra,Verified Fire,JAMBI SMF,1940,2019,2019:1940,2019,1938,,,,,,,,False
103.45068359,-2.28125048,2019-09-11 12:00:00,LAPAN,Aqua,Verified Fire,SUMSEL MUBA,1943,2019,2019:1943,2019,1941,,,,,,,,False
104.09877014,-1.72513545,2019-09-11 12:00:00,LAPAN,Aqua,Fire inside Sitrep,SUMSEL MUBA,1944,2019,2019:1944,2019,1942,,,,,,,,False
104.12017822,-1.72198677,2019-09-11 12:00:00,LAPAN,Aqua,Fire inside Sitrep,SUMSEL MUBA,1945,2019,2019:1945,2019,1943,,,,,,,,False
105.43962097,-3.81819773,2019-09-11 12:00:00,LAPAN,Aqua,Verified Fire,SUMSEL,1946,2019,2019:1946,2019,1944,,,,,,,,False
103.93373108,-2.14899445,2019-09-11 12:00:00,LAPAN,Aqua,Verified Fire,SUMSEL MUBA,1947,2019,2019:1947,2019,1945,,,,,,,,False
102.90289307,-0.82798034,2019-09-11 12:00:00,LAPAN,Aqua,Verified No fire,JAMBI SMF,1948,2019,2019:1948,2019,1946,,,,,,,,False
103.86794281,-1.85642064,2019-09-11 12:00:00,LAPAN,Aqua,Fire inside Sitrep,SUMSEL MUBA,1949,2019,2019:1949,2019,1947,,,,,,,,False
103.8664856,-1.84651649,2019-09-11 12:00:00,LAPAN,Aqua,Fire inside Sitrep,SUMSEL MUBA,1950,2019,2019:1950,2019,1948,,,,,,,,False
103.82739258,-1.89279592,2019-09-11 12:00:00,LAPAN,Aqua,Fire inside Sitrep,SUMSEL MUBA,1951,2019,2019:1951,2019,1949,,,,,,,,False
103.46274567,-2.27946877,2019-09-11 12:00:00,LAPAN,Aqua,Verified Fire,SUMSEL MUBA,1952,2019,2019:1952,2019,1950,,,,,,,,False
105.55833435,-3.71180224,2019-09-11 12:00:00,LAPAN,Aqua,Verified Fire,SUMSEL,1953,2019,2019:1953,2019,1951,,,,,,,,False
104.11873627,-1.71227479,2019-09-11 12:00:00,LAPAN,Aqua,Fire inside Sitrep,SUMSEL MUBA,1954,2019,2019:1954,2019,1952,,,,,,,,False
102.77110291,-1.00877321,2019-09-11 12:00:00,LAPAN,Aqua,Verified No fire,JAMBI SMF,1955,2019,2019:1955,2019,1953,,,,,,,,False
102.89652252,-0.87155581,2019-09-11 12:00:00,LAPAN,Aqua,Verified No fire,JAMBI SMF,1956,2019,2019:1956,2019,1954,,,,,,,,False
103.3889389,-1.09832418,2019-09-11 12:00:00,LAPAN,Aqua,Verified Fire,JAMBI SMF,1957,2019,2019:1957,2019,1955,,,,,,,,False
102.79481506,-1.41297698,2019-09-11 12:00:00,LAPAN,Aqua,Verified Fire,JAMBI SMF,1958,2019,2019:1958,2019,1956,,,,,,,,False
103.88721466,-1.3261975,2019-09-11 12:00:00,LAPAN,Aqua,Verified Fire,JAMBI SMF,1959,2019,2019:1959,2019,1957,,,,,,,,False
103.87916565,-1.34745455,2019-09-11 12:00:00,LAPAN,Aqua,Verified Fire,JAMBI SMF,1960,2019,2019:1960,2019,1958,,,,,,,,False
103.8243103,-1.32857156,2019-09-11 12:00:00,LAPAN,Aqua,Verified Fire,JAMBI SMF,1961,2019,2019:1961,2019,1959,,,,,,,,False
103.8901062,-1.34581876,2019-09-11 12:00:00,LAPAN,Aqua,Verified Fire,JAMBI SMF,1962,2019,2019:1962,2019,1960,,,,,,,,False
103.89155579,-1.35563171,2019-09-11 12:00:00,LAPAN,Aqua,Verified Fire,JAMBI SMF,1963,2019,2019:1963,2019,1961,,,,,,,,False
103.88574982,-1.31639469,2019-09-11 12:00:00,LAPAN,Aqua,Verified Fire,JAMBI SMF,1964,2019,2019:1964,2019,1962,,,,,,,,False
103.64076233,-1.45461917,2019-09-11 12:00:00,LAPAN,Aqua,Verified Fire,JAMBI SMF,1965,2019,2019:1965,2019,1963,,,,,,,,False
103.87480927,-1.3180064,2019-09-11 12:00:00,LAPAN,Aqua,Verified Fire,JAMBI SMF,1966,2019,2019:1966,2019,1964,,,,,,,,False
103.77727509,-1.31567895,2019-09-11 12:00:00,LAPAN,Aqua,Verified Fire,JAMBI SMF,1967,2019,2019:1967,2019,1965,,,,,,,,False
101.89884949,-0.96652716,2019-09-11 12:00:00,LAPAN,Aqua,Verified Fire,JAMBI SMF,1968,2019,2019:1968,2019,1966,,,,,,,,False
104.10658264,-1.70412922,2019-09-11 12:00:00,LAPAN,Aqua,Fire inside Sitrep,SUMSEL MUBA,1969,2019,2019:1969,2019,1967,,,,,,,,False
105.58074951,-3.81622267,2019-09-11 12:00:00,LAPAN,Aqua,Verified Fire,SUMSEL,1970,2019,2019:1970,2019,1968,,,,,,,,False
105.44893646,-3.81685138,2019-09-11 12:00:00,LAPAN,Aqua,Verified Fire,SUMSEL,1971,2019,2019:1971,2019,1969,,,,,,,,False
103.90248108,-1.35398316,2019-09-11 12:00:00,LAPAN,Aqua,Verified Fire,JAMBI SMF,1972,2019,2019:1972,2019,1970,,,,,,,,False
103.08092499,-2.28214741,2019-09-11 12:00:00,LAPAN,Aqua,Verified No fire,SUMSEL MUBA,1973,2019,2019:1973,2019,1971,,,,,,,,False
101.87407684,-1.00451493,2019-09-11 12:00:00,LAPAN,Aqua,Verified No fire,JAMBI SMF,1974,2019,2019:1974,2019,1972,,,,,,,,False
101.90050507,-0.97769022,2019-09-11 12:00:00,LAPAN,Aqua,Verified Fire,JAMBI SMF,1975,2019,2019:1975,2019,1973,,,,,,,,False
103.86383057,-1.3196249,2019-09-11 12:00:00,LAPAN,Aqua,Verified Fire,JAMBI SMF,1976,2019,2019:1976,2019,1974,,,,,,,,False
103.12359619,-0.86840528,2019-09-11 12:00:00,LAPAN,Aqua,Verified Fire,JAMBI SMF,1977,2019,2019:1977,2019,1975,,,,,,,,False
103.44785309,-2.26071,2019-09-11 12:00:00,LAPAN,Aqua,Verified Fire,SUMSEL MUBA,1978,2019,2019:1978,2019,1976,,,,,,,,False
104.12941742,-1.710711,2019-09-11 12:00:00,LAPAN,Aqua,Fire inside Sitrep,SUMSEL MUBA,1979,2019,2019:1979,2019,1977,,,,,,,,False
103.82887268,-1.90272784,2019-09-11 12:00:00,LAPAN,Aqua,Fire inside Sitrep,SUMSEL MUBA,1980,2019,2019:1980,2019,1978,,,,,,,,False
105.54005432,-3.71448612,2019-09-11 12:00:00,LAPAN,Aqua,Verified Fire,SUMSEL,1981,2019,2019:1981,2019,1979,,,,,,,,False
102.9726181,-1.51506114,2019-09-11 12:00:00,LAPAN,Aqua,Verified No fire,JAMBI SMF,1982,2019,2019:1982,2019,1980,,,,,,,,False
102.78256989,-1.0070225,2019-09-11 12:00:00,LAPAN,Aqua,Verified No fire,JAMBI SMF,1983,2019,2019:1983,2019,1981,,,,,,,,False
103.00999451,-0.89812219,2019-09-11 12:00:00,LAPAN,Aqua,Verified No fire,JAMBI SMF,1984,2019,2019:1984,2019,1982,,,,,,,,False
103.86238098,-1.30980182,2019-09-11 12:00:00,LAPAN,Aqua,Verified Fire,JAMBI SMF,1985,2019,2019:1985,2019,1983,,,,,,,,False
102.80747223,-1.41107595,2019-09-11 12:00:00,LAPAN,Aqua,Verified No fire,JAMBI SMF,1986,2019,2019:1986,2019,1984,,,,,,,,False
103.34799194,-2.38255119,2019-09-11 12:00:00,LAPAN,Aqua,Verified No fire,SUMSEL MUBA,1987,2019,2019:1987,2019,1985,,,,,,,,False
102.96479797,-1.50552952,2019-09-11 12:00:00,LAPAN,Aqua,Verified Fire,JAMBI SMF,1988,2019,2019:1988,2019,1986,,,,,,,,False
102.90756989,-0.8592214,2019-09-11 12:00:00,LAPAN,Aqua,Verified No fire,JAMBI SMF,1989,2019,2019:1989,2019,1987,,,,,,,,False
103.53644562,-2.16110158,2019-09-11 12:00:00,LAPAN,Aqua,Verified Fire,SUMSEL MUBA,1990,2019,2019:1990,2019,1988,,,,,,,,False
104.1080246,-1.71384537,2019-09-11 12:00:00,LAPAN,Aqua,Fire inside Sitrep,SUMSEL MUBA,1991,2019,2019:1991,2019,1989,,,,,,,,False
103.84012604,-1.90105319,2019-09-11 12:00:00,LAPAN,Aqua,Fire inside Sitrep,SUMSEL MUBA,1992,2019,2019:1992,2019,1990,,,,,,,,False
102.88779449,-1.1628933,2019-09-11 12:00:00,LAPAN,Aqua,Verified Fire,JAMBI SMF,1993,2019,2019:1993,2019,1991,,,,,,,,False
103.57659149,-2.14478087,2019-09-11 12:00:00,LAPAN,Aqua,Fire inside Sitrep,SUMSEL MUBA,1994,2019,2019:1994,2019,1992,,,,,,,,False
103.90103149,-1.34418797,2019-09-11 12:00:00,LAPAN,Aqua,Verified Fire,JAMBI SMF,1995,2019,2019:1995,2019,1993,,,,,,,,False
103.89814758,-1.32457972,2019-09-11 12:00:00,LAPAN,Aqua,Verified Fire,JAMBI SMF,1996,2019,2019:1996,2019,1994,,,,,,,,False
103.9259491,-2.14379716,2019-09-11 12:00:00,LAPAN,Aqua,Verified Fire,SUMSEL MUBA,1997,2019,2019:1997,2019,1995,,,,,,,,False
104.127388,-1.77053738,2019-09-11 12:00:00,LAPAN,Aqua,Fire inside Sitrep,SUMSEL MUBA,1998,2019,2019:1998,2019,1996,,,,,,,,False
104.13824463,-1.67111588,2019-09-11 12:00:00,LAPAN,Aqua,Fire inside Sitrep,SUMSEL MUBA,1999,2019,2019:1999,2019,1997,,,,,,,,False
103.91049957,-1.33275843,2019-09-11 12:00:00,LAPAN,Aqua,Verified Fire,JAMBI SMF,2000,2019,2019:2000,2019,1998,,,,,,,,False
103.76753235,-1.32729387,2019-09-11 12:00:00,LAPAN,Aqua,Verified Fire,JAMBI SMF,2001,2019,2019:2001,2019,1999,,,,,,,,False
101.91555023,-0.97544974,2019-09-11 12:00:00,LAPAN,Aqua,Verified Fire,JAMBI SMF,2002,2019,2019:2002,2019,2000,,,,,,,,False
105.691841125,-3.68586182594,2019-09-11 13:00:00,LAPAN,Aqua,Verified Fire,SUMSEL,2003,2019,2019:2003,2019,2001,,,,,,,,False
103.851295471,-1.85213267803,2019-09-11 13:00:00,LAPAN,Aqua,Fire inside Sitrep,SUMSEL MUBA,2005,2019,2019:2005,2019,2003,,,,,,,,False
105.53717041,-3.72237062454,2019-09-11 13:00:00,LAPAN,Aqua,Verified Fire,SUMSEL,2008,2019,2019:2008,2019,2006,,,,,,,,False
104.119,-1.71758,2019-09-11 13:00:00,LAPAN,SNPP,Fire inside Sitrep,SUMSEL MUBA,2011,2019,2019:2011,2019,2009,,,,,,,,False
103.944664001,-2.14819788933,2019-09-11 13:00:00,LAPAN,Aqua,Fire inside Sitrep,SUMSEL MUBA,2012,2019,2019:2012,2019,2010,,,,,,,,False
103.001197815,-0.908152401447,2019-09-11 13:00:00,LAPAN,Aqua,Verified No fire,JAMBI SMF,2013,2019,2019:2013,2019,2011,,,,,,,,False
102.906600952,-0.832492828369,2019-09-11 13:00:00,LAPAN,Aqua,Verified No fire,JAMBI SMF,2014,2019,2019:2014,2019,2012,,,,,,,,False
102.908180237,-0.843404650688,2019-09-11 13:00:00,LAPAN,Aqua,Verified No fire,JAMBI SMF,2015,2019,2019:2015,2019,2013,,,,,,,,False
102.896202087,-0.856309771538,2019-09-11 13:00:00,LAPAN,Aqua,Verified No fire,JAMBI SMF,2016,2019,2019:2016,2019,2014,,,,,,,,False
102.897789001,-0.867207109928,2019-09-11 13:00:00,LAPAN,Aqua,Verified No fire,JAMBI SMF,2017,2019,2019:2017,2019,2015,,,,,,,,False
102.76159668,-1.02204465866,2019-09-11 13:00:00,LAPAN,Aqua,Verified No fire,JAMBI SMF,2019,2019,2019:2019,2019,2017,,,,,,,,False
103.44329071,-2.27902841568,2019-09-11 13:00:00,LAPAN,Aqua,Verified Fire,SUMSEL MUBA,2020,2019,2019:2020,2019,2018,,,,,,,,False
103.863,-1.85791,2019-09-11 13:00:00,LAPAN,SNPP,Fire inside Sitrep,SUMSEL MUBA,2022,2019,2019:2022,2019,2020,,,,,,,,False
103.842765808,-1.90050768852,2019-09-11 13:00:00,LAPAN,Aqua,Fire inside Sitrep,SUMSEL MUBA,2024,2019,2019:2024,2019,2022,,,,,,,,False
105.351501465,-3.77600240707,2019-09-11 13:00:00,LAPAN,Aqua,Verified Fire,SUMSEL,2025,2019,2019:2025,2019,2023,,,,,,,,False
103.827354431,-2.02739691734,2019-09-11 13:00:00,LAPAN,Aqua,Fire inside Sitrep,SUMSEL MUBA,2026,2019,2019:2026,2019,2024,,,,,,,,False
103.829078674,-2.03888320923,2019-09-11 13:00:00,LAPAN,Aqua,Fire inside Sitrep,SUMSEL MUBA,2027,2019,2019:2027,2019,2025,,,,,,,,False
104.13053894,-1.71854221821,2019-09-11 13:00:00,LAPAN,Aqua,Fire inside Sitrep,SUMSEL MUBA,2030,2019,2019:2030,2019,2028,,,,,,,,False
104.112640381,-1.7090921402,2019-09-11 13:00:00,LAPAN,Aqua,Fire inside Sitrep,SUMSEL MUBA,2031,2019,2019:2031,2019,2029,,,,,,,,False
105.441490173,-3.81650853157,2019-09-11 13:00:00,LAPAN,Aqua,Verified Fire,SUMSEL,2032,2019,2019:2032,2019,2030,,,,,,,,False
103.93560791,-2.14771294594,2019-09-11 13:00:00,LAPAN,Aqua,Fire inside Sitrep,SUMSEL MUBA,2033,2019,2019:2033,2019,2031,,,,,,,,False
103.537979126,-2.11591267586,2019-09-11 13:00:00,LAPAN,Aqua,Fire inside Sitrep,SUMSEL MUBA,2034,2019,2019:2034,2019,2032,,,,,,,,False
102.965461731,-1.51043570042,2019-09-11 13:00:00,LAPAN,Aqua,Verified Fire,JAMBI SMF,2035,2019,2019:2035,2019,2033,,,,,,,,False
102.96711731,-1.52126598358,2019-09-11 13:00:00,LAPAN,Aqua,Verified Fire,JAMBI SMF,2037,2019,2019:2037,2019,2035,,,,,,,,False
103.380371094,-1.10557472706,2019-09-11 13:00:00,LAPAN,Aqua,Verified No fire,JAMBI SMF,2038,2019,2019:2038,2019,2036,,,,,,,,False
102.772338867,-1.00951361656,2019-09-11 13:00:00,LAPAN,Aqua,Verified No fire,JAMBI SMF,2039,2019,2019:2039,2019,2037,,,,,,,,False
102.985900879,-0.899127602577,2019-09-11 13:00:00,LAPAN,Aqua,Verified No fire,JAMBI SMF,2040,2019,2019:2040,2019,2038,,,,,,,,False
104.028289795,-1.99772202969,2019-09-11 13:00:00,LAPAN,Aqua,Fire inside Sitrep,SUMSEL MUBA,2041,2019,2019:2041,2019,2039,,,,,,,,False
103.013427734,-0.895199239254,2019-09-11 13:00:00,LAPAN,Aqua,Verified No fire,JAMBI SMF,2042,2019,2019:2042,2019,2040,,,,,,,,False
103.312416077,-1.52968335152,2019-09-11 13:00:00,LAPAN,Aqua,Verified Fire,JAMBI SMF,2045,2019,2019:2045,2019,2043,,,,,,,,False
101.864959717,-1.00753319263,2019-09-11 13:00:00,LAPAN,Aqua,Verified Fire,JAMBI SMF,2046,2019,2019:2046,2019,2044,,,,,,,,False
103.24067688,-2.39960813522,2019-09-11 13:00:00,LAPAN,Aqua,Verified No fire,SUMSEL MUBA,2051,2019,2019:2051,2019,2049,,,,,,,,False
103.36567688,-2.39253544807,2019-09-11 13:00:00,LAPAN,Aqua,Verified No fire,SUMSEL MUBA,2052,2019,2019:2052,2019,2050,,,,,,,,False
103.408706665,-2.50222730637,2019-09-11 13:00:00,LAPAN,Aqua,Verified No fire,SUMSEL MUBA,2055,2019,2019:2055,2019,2053,,,,,,,,False
102.841918945,-1.11697280407,2019-09-11 13:00:00,LAPAN,Aqua,Verified Fire,JAMBI SMF,2056,2019,2019:2056,2019,2054,,,,,,,,False
102.795471191,-1.41144788265,2019-09-11 13:00:00,LAPAN,Aqua,Verified Fire,JAMBI SMF,2059,2019,2019:2059,2019,2057,,,,,,,,False
102.783111572,-1.41327643394,2019-09-11 13:00:00,LAPAN,Aqua,Verified No fire,JAMBI SMF,2060,2019,2019:2060,2019,2058,,,,,,,,False
102.784835815,-1.42395782471,2019-09-11 13:00:00,LAPAN,Aqua,Verified Fire,JAMBI SMF,2061,2019,2019:2061,2019,2059,,,,,,,,False
103.871612549,-1.34190046787,2019-09-11 13:00:00,LAPAN,Aqua,Verified Fire,JAMBI SMF,2062,2019,2019:2062,2019,2060,,,,,,,,False
103.81,-1.35952,2019-09-11 13:00:00,LAPAN,SNPP,Verified Fire,JAMBI SMF,2063,2019,2019:2063,2019,2061,,,,,,,,False
103.898139954,-1.34271371365,2019-09-11 13:00:00,LAPAN,Aqua,Verified Fire,JAMBI SMF,2064,2019,2019:2064,2019,2062,,,,,,,,False
101.911529541,-0.970069110394,2019-09-11 13:00:00,LAPAN,Aqua,Verified Fire,JAMBI SMF,2065,2019,2019:2065,2019,2063,,,,,,,,False
103.76978302,-1.33727109432,2019-09-11 13:00:00,LAPAN,Aqua,Verified Fire,JAMBI SMF,2066,2019,2019:2066,2019,2064,,,,,,,,False
103.768051147,-1.32570028305,2019-09-11 13:00:00,LAPAN,Aqua,Verified Fire,JAMBI SMF,2067,2019,2019:2067,2019,2065,,,,,,,,False
103.887306213,-1.3395485878,2019-09-11 13:00:00,LAPAN,Aqua,Verified Fire,JAMBI SMF,2068,2019,2019:2068,2019,2066,,,,,,,,False
103.901351929,-1.32549250126,2019-09-11 13:00:00,LAPAN,Aqua,Verified Fire,JAMBI SMF,2069,2019,2019:2069,2019,2067,,,,,,,,False
103.810920715,-1.36285150051,2019-09-11 13:00:00,LAPAN,Aqua,Verified Fire,JAMBI SMF,2070,2019,2019:2070,2019,2068,,,,,,,,False
103.761192322,-1.3466219902,2019-09-11 13:00:00,LAPAN,Aqua,Verified No fire,JAMBI SMF,2074,2019,2019:2074,2019,2072,,,,,,,,False
102.876411438,-1.16714024544,2019-09-11 13:00:00,LAPAN,Aqua,Verified No fire,JAMBI SMF,2075,2019,2019:2075,2019,2073,,,,,,,,False
103.322654724,-0.95420050621,2019-09-11 13:00:00,LAPAN,Aqua,Verified Fire,JAMBI SMF,2076,2019,2019:2076,2019,2074,,,,,,,,False
101.896598816,-0.982236564159,2019-09-11 13:00:00,LAPAN,Aqua,Verified No fire,JAMBI SMF,2078,2019,2019:2078,2019,2076,,,,,,,,False
103.873313904,-1.35356676579,2019-09-11 13:00:00,LAPAN,Aqua,Verified Fire,JAMBI SMF,2079,2019,2019:2079,2019,2077,,,,,,,,False
103.780052185,-1.30029261112,2019-09-11 13:00:00,LAPAN,Aqua,Verified Fire,JAMBI SMF,2080,2019,2019:2080,2019,2078,,,,,,,,False
103.08127594,-2.28790903091,2019-09-11 13:00:00,LAPAN,Aqua,Verified No fire,SUMSEL MUBA,2081,2019,2019:2081,2019,2079,,,,,,,,False
101.876502991,-1.00584459305,2019-09-11 13:00:00,LAPAN,Aqua,Verified No fire,JAMBI SMF,2083,2019,2019:2083,2019,2081,,,,,,,,False
103.868385315,-1.86144208908,2019-09-11 13:00:00,LAPAN,Aqua,Fire inside Sitrep,SUMSEL MUBA,2085,2019,2019:2085,2019,2083,,,,,,,,False
105.586341858,-3.5586066246,2019-09-11 13:00:00,LAPAN,Aqua,Verified Fire,SUMSEL,2086,2019,2019:2086,2019,2084,,,,,,,,False
102.909736633,-0.854318618774,2019-09-11 13:00:00,LAPAN,Aqua,Verified No fire,JAMBI SMF,2087,2019,2019:2087,2019,2085,,,,,,,,False
102.999641418,-0.897166252136,2019-09-11 13:00:00,LAPAN,Aqua,Verified No fire,JAMBI SMF,2089,2019,2019:2089,2019,2087,,,,,,,,False
102.911338806,-0.865225732327,2019-09-11 13:00:00,LAPAN,Aqua,Verified No fire,JAMBI SMF,2090,2019,2019:2090,2019,2088,,,,,,,,False
103.079673767,-2.27711439133,2019-09-11 13:00:00,LAPAN,Aqua,Verified No fire,SUMSEL MUBA,2092,2019,2019:2092,2019,2090,,,,,,,,False
104.098228455,-1.72327780724,2019-09-11 13:00:00,LAPAN,Aqua,Fire inside Sitrep,SUMSEL MUBA,2093,2019,2019:2093,2019,2091,,,,,,,,False
103.401313782,-2.49129629135,2019-09-11 13:00:00,LAPAN,Aqua,Verified No fire,SUMSEL MUBA,2096,2019,2019:2096,2019,2094,,,,,,,,False
103.457458496,-2.27695226669,2019-09-11 13:00:00,LAPAN,Aqua,Verified Fire,SUMSEL MUBA,2097,2019,2019:2097,2019,2095,,,,,,,,False
101.908111572,-0.980537414551,2019-09-11 13:00:00,LAPAN,Aqua,Verified Fire,JAMBI SMF,2098,2019,2019:2098,2019,2096,,,,,,,,False
104.012580872,-2.0000436306,2019-09-11 13:00:00,LAPAN,Aqua,Verified Fire,SUMSEL MUBA,2101,2019,2019:2101,2019,2099,,,,,,,,False
102.889633179,-1.16522490978,2019-09-11 13:00:00,LAPAN,Aqua,Verified Fire,JAMBI SMF,2102,2019,2019:2102,2019,2100,,,,,,,,False
102.978919983,-1.50846731663,2019-09-11 13:00:00,LAPAN,Aqua,Verified No fire,JAMBI SMF,2103,2019,2019:2103,2019,2101,,,,,,,,False
102.759643555,-1.01133859158,2019-09-11 13:00:00,LAPAN,Aqua,Verified No fire,JAMBI SMF,2104,2019,2019:2104,2019,2102,,,,,,,,False
103.781745911,-1.31188309193,2019-09-11 13:00:00,LAPAN,Aqua,Verified Fire,JAMBI SMF,2107,2019,2019:2107,2019,2105,,,,,,,,False
103.669189453,-2.27901697159,2019-09-11 13:00:00,LAPAN,Aqua,Verified Fire,SUMSEL MUBA,2108,2019,2019:2108,2019,2106,,,,,,,,False
104.141548157,-1.6806101799,2019-09-11 13:00:00,LAPAN,Aqua,Fire inside Sitrep,SUMSEL MUBA,2109,2019,2019:2109,2019,2107,,,,,,,,False
101.900009155,-0.97170394659,2019-09-11 13:00:00,LAPAN,Aqua,Verified No fire,JAMBI SMF,2110,2019,2019:2110,2019,2108,,,,,,,,False
103.849594116,-1.84058558941,2019-09-11 13:00:00,LAPAN,Aqua,Fire inside Sitrep,SUMSEL MUBA,2111,2019,2019:2111,2019,2109,,,,,,,,False
102.919548035,-1.18307173252,2019-09-11 13:00:00,LAPAN,Aqua,Verified Fire,JAMBI SMF,2112,2019,2019:2112,2019,2110,,,,,,,,False
102.829872131,-1.02333009243,2019-09-11 13:00:00,LAPAN,Aqua,Verified No fire,JAMBI SMF,2113,2019,2019:2113,2019,2111,,,,,,,,False
102.93535614,-0.839382410049,2019-09-11 13:00:00,LAPAN,Aqua,Verified No fire,JAMBI SMF,2114,2019,2019:2114,2019,2112,,,,,,,,False
102.797195435,-1.42213833332,2019-09-11 13:00:00,LAPAN,Aqua,Verified Fire,JAMBI SMF,2115,2019,2019:2115,2019,2113,,,,,,,,False
103.200111389,-2.40555286407,2019-09-11 13:00:00,LAPAN,Aqua,Verified No fire,SUMSEL MUBA,2116,2019,2019:2116,2019,2114,,,,,,,,False
104.114364624,-1.72091341019,2019-09-11 13:00:00,LAPAN,Aqua,Fire inside Sitrep,SUMSEL MUBA,2117,2019,2019:2117,2019,2115,,,,,,,,False
104.096504211,-1.71147310734,2019-09-11 13:00:00,LAPAN,Aqua,Fire inside Sitrep,SUMSEL MUBA,2118,2019,2019:2118,2019,2116,,,,,,,,False
103.832740784,-1.89853692055,2019-09-11 13:00:00,LAPAN,Aqua,Fire inside Sitrep,SUMSEL MUBA,2121,2019,2019:2121,2019,2119,,,,,,,,False
103.866661072,-1.84988319874,2019-09-11 13:00:00,LAPAN,Aqua,Fire inside Sitrep,SUMSEL MUBA,2122,2019,2019:2122,2019,2120,,,,,,,,False
103.873,-1.85628,2019-09-11 13:00:00,LAPAN,SNPP,Fire inside Sitrep,SUMSEL MUBA,2124,2019,2019:2124,2019,2122,,,,,,,,False
103.889022827,-1.35122871399,2019-09-11 13:00:00,LAPAN,Aqua,Verified Fire,JAMBI SMF,2126,2019,2019:2126,2019,2124,,,,,,,,False
103.123153687,-0.868214964867,2019-09-11 13:00:00,LAPAN,Aqua,Verified No fire,JAMBI SMF,2127,2019,2019:2127,2019,2125,,,,,,,,False
103.094520569,-2.28592658043,2019-09-11 13:00:00,LAPAN,Aqua,Verified No fire,SUMSEL MUBA,2128,2019,2019:2128,2019,2126,,,,,,,,False
102.822914124,-1.17489051819,2019-09-11 13:00:00,LAPAN,Aqua,Verified Fire,JAMBI SMF,2129,2019,2019:2129,2019,2127,,,,,,,,False
102.947669983,-0.778355538845,2019-09-11 13:00:00,LAPAN,Aqua,Verified No fire,JAMBI SMF,2131,2019,2019:2131,2019,2129,,,,,,,,False
103.752609253,-1.32793414593,2019-09-11 13:00:00,LAPAN,Aqua,Verified Fire,JAMBI SMF,2133,2019,2019:2133,2019,2131,,,,,,,,False
103.927520752,-2.13885951042,2019-09-11 13:00:00,LAPAN,Aqua,Verified Fire,SUMSEL MUBA,2136,2019,2019:2136,2019,2134,,,,,,,,False
101.875022888,-0.995742022991,2019-09-11 13:00:00,LAPAN,Aqua,Verified No fire,JAMBI SMF,2139,2019,2019:2139,2019,2137,,,,,,,,False
105.51789093,-3.72526717186,2019-09-11 13:00:00,LAPAN,Aqua,Verified Fire,SUMSEL,2141,2019,2019:2141,2019,2139,,,,,,,,False
102.923332214,-0.852318525314,2019-09-11 13:00:00,LAPAN,Aqua,Verified No fire,JAMBI SMF,2143,2019,2019:2143,2019,2141,,,,,,,,False
103.06829834,-2.43585515022,2019-09-11 13:00:00,LAPAN,Aqua,Verified Fire,SUMSEL MUBA,2145,2019,2019:2145,2019,2143,,,,,,,,False
103.378677368,-1.09431266785,2019-09-11 13:00:00,LAPAN,Aqua,Verified No fire,JAMBI SMF,2146,2019,2019:2146,2019,2144,,,,,,,,False
103.675895691,-2.03814387321,2019-09-11 13:00:00,LAPAN,Aqua,Fire inside Sitrep,SUMSEL MUBA,2148,2019,2019:2148,2019,2146,,,,,,,,False
105.594192505,-3.88391900063,2019-09-11 13:00:00,LAPAN,Aqua,Verified Fire,SUMSEL,2149,2019,2019:2149,2019,2147,,,,,,,,False
103.855,-1.845,2019-09-11 16:00:00,ASMC,NOAA20,Fire inside Sitrep,SUMSEL MUBA,2150,2019,2019:2150,2019,2148,,,,,,,,False
103.415,-2.215,2019-09-11 16:00:00,ASMC,NOAA20,Verified Fire,SUMSEL MUBA,2151,2019,2019:2151,2019,2149,,,,,,,,False
104.097,-1.708,2019-09-11 16:00:00,ASMC,NOAA20,Fire inside Sitrep,SUMSEL MUBA,2152,2019,2019:2152,2019,2150,,,,,,,,False
103.47,-2.26,2019-09-11 16:00:00,ASMC,NOAA20,Verified Fire,SUMSEL MUBA,2153,2019,2019:2153,2019,2151,,,,,,,,False
102.754,-1.002,2019-09-11 16:00:00,ASMC,NOAA20,Verified Fire,JAMBI SMF,2154,2019,2019:2154,2019,2152,,,,,,,,False
103.065,-2.27,2019-09-11 16:00:00,ASMC,NOAA20,Verified No fire,SUMSEL MUBA,2155,2019,2019:2155,2019,2153,,,,,,,,False
103.17,-2.41,2019-09-11 16:00:00,ASMC,NOAA20,Verified No fire,SUMSEL MUBA,2156,2019,2019:2156,2019,2154,,,,,,,,False
102.875,-1.16,2019-09-11 16:00:00,ASMC,NOAA20,Verified No fire,JAMBI SMF,2157,2019,2019:2157,2019,2155,,,,,,,,False
103.83,-1.895,2019-09-11 16:00:00,ASMC,NOAA20,Fire inside Sitrep,SUMSEL MUBA,2158,2019,2019:2158,2019,2156,,,,,,,,False
104.015,-1.99,2019-09-11 16:00:00,ASMC,NOAA20,Verified Fire,SUMSEL MUBA,2159,2019,2019:2159,2019,2157,,,,,,,,False
103.445,-2.27,2019-09-11 16:00:00,ASMC,NOAA20,Verified Fire,SUMSEL MUBA,2160,2019,2019:2160,2019,2158,,,,,,,,False
105.59,-3.885,2019-09-11 16:00:00,ASMC,NOAA20,Verified Fire,SUMSEL,2161,2019,2019:2161,2019,2159,,,,,,,,False
103.92,-2.135,2019-09-11 16:00:00,ASMC,NOAA20,Verified No fire,SUMSEL MUBA,2162,2019,2019:2162,2019,2160,,,,,,,,False
103.89,-1.84,2019-09-11 16:00:00,ASMC,NOAA20,Fire inside Sitrep,SUMSEL MUBA,2163,2019,2019:2163,2019,2161,,,,,,,,False
103.45810699,-2.26925874,2019-09-12 01:00:00,LAPAN,SNPP,Verified Fire,SUMSEL MUBA,2184,2019,2019:2184,2019,2182,,,,,,,,False
102.93167114,-0.83449113,2019-09-12 01:00:00,LAPAN,SNPP,Verified No fire,JAMBI SMF,2185,2019,2019:2185,2019,2183,,,,,,,,False
105.3603363,-2.61548448,2019-09-12 01:00:00,LAPAN,SNPP,Verified Fire,SUMSEL,2186,2019,2019:2186,2019,2184,,,,,,,,False
103.86768341,-1.84724092,2019-09-12 01:00:00,LAPAN,SNPP,Fire inside Sitrep,SUMSEL MUBA,2187,2019,2019:2187,2019,2185,,,,,,,,False
104.10955811,-1.70468354,2019-09-12 01:00:00,LAPAN,SNPP,Fire inside Sitrep,SUMSEL MUBA,2188,2019,2019:2188,2019,2186,,,,,,,,False
104.11690521,-1.71328306,2019-09-12 01:00:00,LAPAN,SNPP,Fire inside Sitrep,SUMSEL MUBA,2189,2019,2019:2189,2019,2187,,,,,,,,False
102.99855042,-0.89411598,2019-09-12 01:00:00,LAPAN,SNPP,Verified No fire,JAMBI SMF,2190,2019,2019:2190,2019,2188,,,,,,,,False
104.102211,-1.69608724,2019-09-12 01:00:00,LAPAN,SNPP,Verified Fire,SUMSEL MUBA,2191,2019,2019:2191,2019,2189,,,,,,,,False
102.7625351,-1.0006361,2019-09-12 01:00:00,LAPAN,SNPP,Verified No fire,JAMBI SMF,2192,2019,2019:2192,2019,2190,,,,,,,,False
102.76847076,-1.00855255,2019-09-12 01:00:00,LAPAN,SNPP,Verified Fire,JAMBI SMF,2193,2019,2019:2193,2019,2191,,,,,,,,False
103.17142487,-2.41300082,2019-09-12 01:00:00,LAPAN,SNPP,Verified No fire,SUMSEL MUBA,2194,2019,2019:2194,2019,2192,,,,,,,,False
102.78164673,-1.42437184,2019-09-12 01:00:00,LAPAN,SNPP,Verified No fire,JAMBI SMF,2195,2019,2019:2195,2019,2193,,,,,,,,False
103.7795639,-1.29134226,2019-09-12 01:00:00,LAPAN,SNPP,Verified Fire,JAMBI SMF,2196,2019,2019:2196,2019,2194,,,,,,,,False
103.77736664,-1.30560231,2019-09-12 01:00:00,LAPAN,SNPP,Verified Fire,JAMBI SMF,2197,2019,2019:2197,2019,2195,,,,,,,,False
103.78655243,-1.29971957,2019-09-12 01:00:00,LAPAN,SNPP,Verified Fire,JAMBI SMF,2198,2019,2019:2198,2019,2196,,,,,,,,False
103.76385498,-1.33999968,2019-09-12 01:00:00,LAPAN,SNPP,Verified No fire,JAMBI SMF,2199,2019,2019:2199,2019,2197,,,,,,,,False
102.88832855,-0.86978847,2019-09-12 01:00:00,LAPAN,SNPP,Verified No fire,JAMBI SMF,2200,2019,2019:2200,2019,2198,,,,,,,,False
103.18813324,-2.40839553,2019-09-12 01:00:00,LAPAN,SNPP,Verified No fire,SUMSEL MUBA,2201,2019,2019:2201,2019,2199,,,,,,,,False
103.86052704,-1.83877575,2019-09-12 01:00:00,LAPAN,SNPP,Fire inside Sitrep,SUMSEL MUBA,2202,2019,2019:2202,2019,2200,,,,,,,,False
103.57162476,-1.15072095,2019-09-12 01:00:00,LAPAN,SNPP,Verified Fire,JAMBI SMF,2203,2019,2019:2203,2019,2201,,,,,,,,False
103.0798645,-2.27604866,2019-09-12 01:00:00,LAPAN,SNPP,Verified No fire,SUMSEL MUBA,2204,2019,2019:2204,2019,2202,,,,,,,,False
103.87493134,-1.32069051,2019-09-12 01:00:00,LAPAN,SNPP,Verified Fire,JAMBI SMF,2205,2019,2019:2205,2019,2203,,,,,,,,False
102.96452332,-0.86768687,2019-09-12 01:00:00,LAPAN,SNPP,Verified No fire,JAMBI SMF,2206,2019,2019:2206,2019,2204,,,,,,,,False
103.77039337,-1.2972281,2019-09-12 01:00:00,LAPAN,SNPP,Verified Fire,JAMBI SMF,2207,2019,2019:2207,2019,2205,,,,,,,,False
103.76602936,-1.3257395,2019-09-12 01:00:00,LAPAN,SNPP,Verified Fire,JAMBI SMF,2208,2019,2019:2208,2019,2206,,,,,,,,False
104.14907074,-1.67344034,2019-09-12 01:00:00,LAPAN,SNPP,Fire inside Sitrep,SUMSEL MUBA,2209,2019,2019:2209,2019,2207,,,,,,,,False
103.85720825,-1.86038578,2019-09-12 01:00:00,LAPAN,SNPP,Fire inside Sitrep,SUMSEL MUBA,2210,2019,2019:2210,2019,2208,,,,,,,,False
103.78877258,-1.28545153,2019-09-12 01:00:00,LAPAN,SNPP,Verified Fire,JAMBI SMF,2211,2019,2019:2211,2019,2209,,,,,,,,False
103.75901031,-1.31735158,2019-09-12 01:00:00,LAPAN,SNPP,Verified Fire,JAMBI SMF,2212,2019,2019:2212,2019,2210,,,,,,,,False
104.152122498,-1.66573166847,2019-09-12 10:00:00,LAPAN,Terra,Fire inside Sitrep,SUMSEL MUBA,2213,2019,2019:2213,2019,2211,,,,,,,,False
103.863037109,-1.33056783676,2019-09-12 10:00:00,LAPAN,Terra,Verified Fire,JAMBI SMF,2216,2019,2019:2216,2019,2214,,,,,,,,False
103.899650574,-1.33599376678,2019-09-12 10:00:00,LAPAN,Terra,Verified Fire,JAMBI SMF,2218,2019,2019:2218,2019,2216,,,,,,,,False
104.12789917,-1.71176373959,2019-09-12 10:00:00,LAPAN,Terra,Fire inside Sitrep,SUMSEL MUBA,2220,2019,2019:2220,2019,2218,,,,,,,,False
105.713279724,-3.67443847656,2019-09-12 12:00:00,LAPAN,Aqua,Verified Fire,SUMSEL,2221,2019,2019:2221,2019,2219,,,,,,,,False
103.425483704,-2.21177721024,2019-09-12 12:00:00,LAPAN,Aqua,Verified Fire,SUMSEL MUBA,2222,2019,2019:2222,2019,2220,,,,,,,,False
105.69542694,-3.67917919,2019-09-12 12:00:00,LAPAN,SNPP,Verified Fire,SUMSEL,2223,2019,2019:2223,2019,2221,,,,,,,,False
105.689445496,-3.67770600319,2019-09-12 12:00:00,LAPAN,Aqua,Verified Fire,SUMSEL,2224,2019,2019:2224,2019,2222,,,,,,,,False
103.45542145,-2.28117752,2019-09-12 12:00:00,LAPAN,SNPP,Verified Fire,SUMSEL MUBA,2225,2019,2019:2225,2019,2223,,,,,,,,False
103.43818665,-2.20627546,2019-09-12 12:00:00,LAPAN,SNPP,Verified Fire,SUMSEL MUBA,2226,2019,2019:2226,2019,2224,,,,,,,,False
104.10131836,-1.70755279,2019-09-12 12:00:00,LAPAN,SNPP,Fire inside Sitrep,SUMSEL MUBA,2227,2019,2019:2227,2019,2225,,,,,,,,False
104.12619019,-1.71745563,2019-09-12 12:00:00,LAPAN,SNPP,Fire inside Sitrep,SUMSEL MUBA,2228,2019,2019:2228,2019,2226,,,,,,,,False
104.104660034,-1.69675791264,2019-09-12 12:00:00,LAPAN,Aqua,Fire inside Sitrep,SUMSEL MUBA,2229,2019,2019:2229,2019,2227,,,,,,,,False
104.11277771,-1.70588207,2019-09-12 12:00:00,LAPAN,SNPP,Fire inside Sitrep,SUMSEL MUBA,2230,2019,2019:2230,2019,2228,,,,,,,,False
103.87789917,-1.34882152081,2019-09-12 12:00:00,LAPAN,Aqua,Verified Fire,JAMBI SMF,2231,2019,2019:2231,2019,2229,,,,,,,,False
103.869514465,-1.33813750744,2019-09-12 12:00:00,LAPAN,Aqua,Verified Fire,JAMBI SMF,2232,2019,2019:2232,2019,2230,,,,,,,,False
101.991539001,-0.941748321056,2019-09-12 12:00:00,LAPAN,Aqua,Verified No fire,JAMBI SMF,2233,2019,2019:2233,2019,2231,,,,,,,,False
101.994102478,-0.959582090378,2019-09-12 12:00:00,LAPAN,Aqua,Verified Fire,JAMBI SMF,2234,2019,2019:2234,2019,2232,,,,,,,,False
103.17005157,-2.41424131,2019-09-12 12:00:00,LAPAN,SNPP,Verified No fire,SUMSEL MUBA,2235,2019,2019:2235,2019,2233,,,,,,,,False
103.074279785,-2.27667951584,2019-09-12 12:00:00,LAPAN,Aqua,Verified No fire,SUMSEL MUBA,2236,2019,2019:2236,2019,2234,,,,,,,,False
104.106842041,-1.71220386028,2019-09-12 12:00:00,LAPAN,Aqua,Fire inside Sitrep,SUMSEL MUBA,2237,2019,2019:2237,2019,2235,,,,,,,,False
105.70492554,-3.67780924,2019-09-12 12:00:00,LAPAN,SNPP,Verified Fire,SUMSEL,2238,2019,2019:2238,2019,2236,,,,,,,,False
103.43249512,-2.21359301,2019-09-12 12:00:00,LAPAN,SNPP,Verified Fire,SUMSEL MUBA,2239,2019,2019:2239,2019,2237,,,,,,,,False
104.09933472,-1.69429147,2019-09-12 12:00:00,LAPAN,SNPP,Fire inside Sitrep,SUMSEL MUBA,2240,2019,2019:2240,2019,2238,,,,,,,,False
104.12425995,-1.70420527,2019-09-12 12:00:00,LAPAN,SNPP,Fire inside Sitrep,SUMSEL MUBA,2241,2019,2019:2241,2019,2239,,,,,,,,False
104.126,-1.72087,2019-09-12 13:00:00,LAPAN,SNPP,Fire inside Sitrep,SUMSEL MUBA,2249,2019,2019:2249,2019,2247,,,,,,,,False
103.482,-2.25815,2019-09-12 13:00:00,LAPAN,SNPP,Verified Fire,SUMSEL MUBA,2255,2019,2019:2255,2019,2253,,,,,,,,False
103.93,-2.13578,2019-09-12 13:00:00,LAPAN,SNPP,Verified No fire,SUMSEL MUBA,2258,2019,2019:2258,2019,2256,,,,,,,,False
103.925,-2.15011,2019-09-12 13:00:00,LAPAN,SNPP,Verified Fire,SUMSEL MUBA,2259,2019,2019:2259,2019,2257,,,,,,,,False
103.195,-2.42248,2019-09-12 13:00:00,LAPAN,SNPP,Verified No fire,SUMSEL MUBA,2263,2019,2019:2263,2019,2261,,,,,,,,False
101.901,-0.984946,2019-09-12 13:00:00,LAPAN,SNPP,Verified Fire,JAMBI SMF,2265,2019,2019:2265,2019,2263,,,,,,,,False
103.853,-1.32972,2019-09-12 13:00:00,LAPAN,SNPP,Verified Fire,JAMBI SMF,2267,2019,2019:2267,2019,2265,,,,,,,,False
101.894,-0.94397,2019-09-12 13:00:00,LAPAN,SNPP,Verified Fire,JAMBI SMF,2269,2019,2019:2269,2019,2267,,,,,,,,False
101.895,-0.950798,2019-09-12 13:00:00,LAPAN,SNPP,Verified Fire,JAMBI SMF,2270,2019,2019:2270,2019,2268,,,,,,,,False
101.994,-0.956794,2019-09-12 13:00:00,LAPAN,SNPP,Verified Fire,JAMBI SMF,2271,2019,2019:2271,2019,2269,,,,,,,,False
102.0,-0.948871,2019-09-12 13:00:00,LAPAN,SNPP,Verified Fire,JAMBI SMF,2272,2019,2019:2272,2019,2270,,,,,,,,False
101.993,-0.949978,2019-09-12 13:00:00,LAPAN,SNPP,Verified Fire,JAMBI SMF,2273,2019,2019:2273,2019,2271,,,,,,,,False
102.974,-1.50346,2019-09-12 13:00:00,LAPAN,SNPP,Verified No fire,JAMBI SMF,2275,2019,2019:2275,2019,2273,,,,,,,,False
102.001,-0.955677,2019-09-12 13:00:00,LAPAN,SNPP,Verified Fire,JAMBI SMF,2279,2019,2019:2279,2019,2277,,,,,,,,False
101.903,-0.94968,2019-09-12 13:00:00,LAPAN,SNPP,Verified No fire,JAMBI SMF,2289,2019,2019:2289,2019,2287,,,,,,,,False
101.902,-0.942856,2019-09-12 13:00:00,LAPAN,SNPP,Verified No fire,JAMBI SMF,2290,2019,2019:2290,2019,2288,,,,,,,,False
101.871,-0.989437,2019-09-12 13:00:00,LAPAN,SNPP,Verified Fire,JAMBI SMF,2296,2019,2019:2296,2019,2294,,,,,,,,False
102.007,-0.947762,2019-09-12 13:00:00,LAPAN,SNPP,Verified Fire,JAMBI SMF,2301,2019,2019:2301,2019,2299,,,,,,,,False
104.127,-1.6781,2019-09-13 00:00:00,LAPAN,SNPP,Verified Fire,SUMSEL MUBA,2356,2019,2019:2356,2019,2354,,,,,,,,False
104.00798798,-1.99157941,2019-09-13 01:00:00,LAPAN,Aqua,Verified Fire,SUMSEL MUBA,2357,2019,2019:2357,2019,2355,,,,,,,,False
103.92375946,-2.15413618,2019-09-13 01:00:00,LAPAN,Aqua,Verified Fire,SUMSEL MUBA,2359,2019,2019:2359,2019,2357,,,,,,,,False
104.14411926,-1.68007636,2019-09-13 01:00:00,LAPAN,Aqua,Fire inside Sitrep,SUMSEL MUBA,2360,2019,2019:2360,2019,2358,,,,,,,,False
103.18891144,-2.42653728,2019-09-13 01:00:00,LAPAN,Aqua,Verified No fire,SUMSEL MUBA,2365,2019,2019:2365,2019,2363,,,,,,,,False
103.77396393,-1.2885412,2019-09-13 01:00:00,LAPAN,Aqua,Verified Fire,JAMBI SMF,2370,2019,2019:2370,2019,2368,,,,,,,,False
103.81586456,-1.30912781,2019-09-13 01:00:00,LAPAN,Aqua,Verified Fire,JAMBI SMF,2374,2019,2019:2374,2019,2372,,,,,,,,False
103.7718277,-1.30218744,2019-09-13 01:00:00,LAPAN,Aqua,Verified Fire,JAMBI SMF,2382,2019,2019:2382,2019,2380,,,,,,,,False
104.12457275,-1.71148252,2019-09-13 01:00:00,LAPAN,Aqua,Fire inside Sitrep,SUMSEL MUBA,2384,2019,2019:2384,2019,2382,,,,,,,,False
102.88850403,-0.87331474,2019-09-13 01:00:00,LAPAN,Aqua,Verified No fire,JAMBI SMF,2385,2019,2019:2385,2019,2383,,,,,,,,False
104.12269592,-1.67668414,2019-09-13 01:00:00,LAPAN,Aqua,Verified Fire,SUMSEL MUBA,2392,2019,2019:2392,2019,2390,,,,,,,,False
103.86758423,-1.84678876,2019-09-13 01:00:00,LAPAN,Aqua,Fire inside Sitrep,SUMSEL MUBA,2397,2019,2019:2397,2019,2395,,,,,,,,False
103.76646423,-1.33630013,2019-09-13 01:00:00,LAPAN,Aqua,Verified Fire,JAMBI SMF,2402,2019,2019:2402,2019,2400,,,,,,,,False
103.762458801,-1.32545363903,2019-09-13 10:00:00,LAPAN,Terra,Verified Fire,JAMBI SMF,2412,2019,2019:2412,2019,2410,,,,,,,,False
104.119,-1.70588,2019-09-13 13:00:00,LAPAN,SNPP,Fire inside Sitrep,SUMSEL MUBA,2432,2019,2019:2432,2019,2430,,,,,,,,False
103.402,-2.50855,2019-09-13 13:00:00,LAPAN,SNPP,Verified No fire,SUMSEL MUBA,2440,2019,2019:2440,2019,2438,,,,,,,,False
102.866775513,-1.11208641529,2019-09-13 13:00:00,LAPAN,Aqua,Verified Fire,JAMBI SMF,2441,2019,2019:2441,2019,2439,,,,,,,,False
102.865493774,-1.10298109055,2019-09-13 13:00:00,LAPAN,Aqua,Verified Fire,JAMBI SMF,2442,2019,2019:2442,2019,2440,,,,,,,,False
103.848,-1.31563,2019-09-13 13:00:00,LAPAN,SNPP,Verified Fire,JAMBI SMF,2446,2019,2019:2446,2019,2444,,,,,,,,False
103.766,-1.31992,2019-09-13 13:00:00,LAPAN,SNPP,Verified Fire,JAMBI SMF,2447,2019,2019:2447,2019,2445,,,,,,,,False
103.824325562,-1.31421148777,2019-09-13 13:00:00,LAPAN,Aqua,Verified Fire,JAMBI SMF,2449,2019,2019:2449,2019,2447,,,,,,,,False
103.308425903,-0.975146830082,2019-09-13 13:00:00,LAPAN,Aqua,Verified No fire,JAMBI SMF,2450,2019,2019:2450,2019,2448,,,,,,,,False
103.850982666,-1.35851848125,2019-09-13 13:00:00,LAPAN,Aqua,Verified Fire,JAMBI SMF,2452,2019,2019:2452,2019,2450,,,,,,,,False
103.394,-2.50963,2019-09-13 13:00:00,LAPAN,SNPP,Verified No fire,SUMSEL MUBA,2468,2019,2019:2468,2019,2466,,,,,,,,False
103.695381165,-1.42409491539,2019-09-13 13:00:00,LAPAN,Aqua,Verified Fire,JAMBI SMF,2471,2019,2019:2471,2019,2469,,,,,,,,False
103.84552002,-1.32077848911,2019-09-13 13:00:00,LAPAN,Aqua,Verified Fire,JAMBI SMF,2472,2019,2019:2472,2019,2470,,,,,,,,False
103.597,-2.11628,2019-09-13 13:00:00,LAPAN,SNPP,Fire inside Sitrep,SUMSEL MUBA,2477,2019,2019:2477,2019,2475,,,,,,,,False
105.609230042,-3.88283395767,2019-09-13 13:00:00,LAPAN,Aqua,Verified Fire,SUMSEL,2478,2019,2019:2478,2019,2476,,,,,,,,False
103.910766602,-1.3500161171,2019-09-13 13:00:00,LAPAN,Aqua,Verified Fire,JAMBI SMF,2480,2019,2019:2480,2019,2478,,,,,,,,False
104.1,-1.70884,2019-09-13 13:00:00,LAPAN,SNPP,Fire inside Sitrep,SUMSEL MUBA,2488,2019,2019:2488,2019,2486,,,,,,,,False
105.59062958,-3.86770439,2019-09-13 14:00:00,LAPAN,SNPP,Verified Fire,SUMSEL,2495,2019,2019:2495,2019,2493,,,,,,,,False
103.76766968,-1.32163072,2019-09-14 01:00:00,LAPAN,SNPP,Verified Fire,JAMBI SMF,2512,2019,2019:2512,2019,2510,,,,,,,,False
103.5767746,-1.14919043,2019-09-14 01:00:00,LAPAN,SNPP,Verified Fire,JAMBI SMF,2513,2019,2019:2513,2019,2511,,,,,,,,False
103.58460999,-1.15976596,2019-09-14 01:00:00,LAPAN,SNPP,Verified Fire,JAMBI SMF,2514,2019,2019:2514,2019,2512,,,,,,,,False
103.75878143,-1.32018578,2019-09-14 01:00:00,LAPAN,SNPP,Verified Fire,JAMBI SMF,2517,2019,2019:2517,2019,2515,,,,,,,,False
103.85334778,-1.35386968,2019-09-14 01:00:00,LAPAN,SNPP,Verified Fire,JAMBI SMF,2518,2019,2019:2518,2019,2516,,,,,,,,False
104.121711731,-1.69364392757,2019-09-14 09:00:00,LAPAN,Terra,Fire inside Sitrep,SUMSEL MUBA,2534,2019,2019:2534,2019,2532,,,,,,,,False
104.143043518,-1.70848190784,2019-09-14 09:00:00,LAPAN,Terra,Verified No fire,SUMSEL MUBA,2537,2019,2019:2537,2019,2535,,,,,,,,False
103.924,-2.15651,2019-09-14 12:00:00,LAPAN,SNPP,Verified Fire,SUMSEL MUBA,2558,2019,2019:2558,2019,2556,,,,,,,,False
105.44449615,-3.32788181,2019-09-14 13:00:00,LAPAN,SNPP,Verified Fire,SUMSEL,2566,2019,2019:2566,2019,2564,,,,,,,,False
104.11849213,-1.70633852,2019-09-14 13:00:00,LAPAN,SNPP,Fire inside Sitrep,SUMSEL MUBA,2567,2019,2019:2567,2019,2565,,,,,,,,False
104.10887146,-1.70033872,2019-09-14 13:00:00,LAPAN,SNPP,Fire inside Sitrep,SUMSEL MUBA,2568,2019,2019:2568,2019,2566,,,,,,,,False
104.09925079,-1.69435358,2019-09-14 13:00:00,LAPAN,SNPP,Fire inside Sitrep,SUMSEL MUBA,2569,2019,2019:2569,2019,2567,,,,,,,,False
104.11628723,-1.69171405,2019-09-14 13:00:00,LAPAN,SNPP,Fire inside Sitrep,SUMSEL MUBA,2570,2019,2019:2570,2019,2568,,,,,,,,False
105.54931641,-3.44364238,2019-09-14 13:00:00,LAPAN,SNPP,Verified Fire,SUMSEL,2571,2019,2019:2571,2019,2569,,,,,,,,False
105.4468689,-3.3433373,2019-09-14 13:00:00,LAPAN,SNPP,Verified Fire,SUMSEL,2572,2019,2019:2572,2019,2570,,,,,,,,False
105.45649719,-3.34183598,2019-09-14 13:00:00,LAPAN,SNPP,Verified Fire,SUMSEL,2573,2019,2019:2573,2019,2571,,,,,,,,False
104.10665894,-1.68572676,2019-09-14 13:00:00,LAPAN,SNPP,Fire inside Sitrep,SUMSEL MUBA,2574,2019,2019:2574,2019,2572,,,,,,,,False
104.10145569,-1.70896077,2019-09-14 13:00:00,LAPAN,SNPP,Fire inside Sitrep,SUMSEL MUBA,2575,2019,2019:2575,2019,2573,,,,,,,,False
104.12812805,-1.71233964,2019-09-14 13:00:00,LAPAN,SNPP,Fire inside Sitrep,SUMSEL MUBA,2576,2019,2019:2576,2019,2574,,,,,,,,False
105.26904297,-2.82919836,2019-09-14 13:00:00,LAPAN,SNPP,Verified Fire,SUMSEL,2577,2019,2019:2577,2019,2575,,,,,,,,False
105.36162567,-3.7826066,2019-09-14 13:00:00,LAPAN,SNPP,Verified Fire,SUMSEL,2578,2019,2019:2578,2019,2576,,,,,,,,False
105.51709747,-3.71852231,2019-09-14 13:00:00,LAPAN,SNPP,Verified Fire,SUMSEL,2579,2019,2019:2579,2019,2577,,,,,,,,False
103.48197937,-2.26699829,2019-09-14 13:00:00,LAPAN,SNPP,Verified Fire,SUMSEL MUBA,2580,2019,2019:2580,2019,2578,,,,,,,,False
103.19680786,-2.42599964,2019-09-14 13:00:00,LAPAN,SNPP,Verified No fire,SUMSEL MUBA,2581,2019,2019:2581,2019,2579,,,,,,,,False
102.76338196,-1.00337768,2019-09-14 13:00:00,LAPAN,SNPP,Verified No fire,JAMBI SMF,2582,2019,2019:2582,2019,2580,,,,,,,,False
105.78862762,-3.65876722,2019-09-14 13:00:00,LAPAN,SNPP,Verified Fire,SUMSEL,2583,2019,2019:2583,2019,2581,,,,,,,,False
103.76218414,-1.31980169,2019-09-14 13:00:00,LAPAN,SNPP,Verified Fire,JAMBI SMF,2584,2019,2019:2584,2019,2582,,,,,,,,False
103.33969116,-2.38283539,2019-09-14 13:00:00,LAPAN,SNPP,Verified No fire,SUMSEL MUBA,2585,2019,2019:2585,2019,2583,,,,,,,,False
103.82857513,-1.88878739,2019-09-14 13:00:00,LAPAN,SNPP,Fire inside Sitrep,SUMSEL MUBA,2586,2019,2019:2586,2019,2584,,,,,,,,False
103.37520599,-2.51456881,2019-09-14 13:00:00,LAPAN,SNPP,Verified No fire,SUMSEL MUBA,2587,2019,2019:2587,2019,2585,,,,,,,,False
104.09403992,-1.71757042,2019-09-14 13:00:00,LAPAN,SNPP,Fire inside Sitrep,SUMSEL MUBA,2588,2019,2019:2588,2019,2586,,,,,,,,False
105.36722565,-2.60506558,2019-09-14 13:00:00,LAPAN,SNPP,Verified No fire,SUMSEL,2589,2019,2019:2589,2019,2587,,,,,,,,False
105.45411682,-3.32636881,2019-09-14 13:00:00,LAPAN,SNPP,Verified Fire,SUMSEL,2590,2019,2019:2590,2019,2588,,,,,,,,False
104.13335419,-1.68907046,2019-09-14 13:00:00,LAPAN,SNPP,Fire inside Sitrep,SUMSEL MUBA,2591,2019,2019:2591,2019,2589,,,,,,,,False
103.51612854,-1.2344662,2019-09-14 13:00:00,LAPAN,SNPP,Verified Fire,JAMBI SMF,2592,2019,2019:2592,2019,2590,,,,,,,,False
105.34026337,-3.1353538,2019-09-14 13:00:00,LAPAN,SNPP,Verified Fire,SUMSEL,2593,2019,2019:2593,2019,2591,,,,,,,,False
105.27976227,-2.83542013,2019-09-14 13:00:00,LAPAN,SNPP,Verified Fire,SUMSEL,2594,2019,2019:2594,2019,2592,,,,,,,,False
103.35621643,-2.38746405,2019-09-14 13:00:00,LAPAN,SNPP,Verified No fire,SUMSEL MUBA,2595,2019,2019:2595,2019,2593,,,,,,,,False
104.111,-1.711,2019-09-14 17:00:00,ASMC,NOAA20,Fire inside Sitrep,SUMSEL MUBA,2596,2019,2019:2596,2019,2594,,,,,,,,False
105.749969482,-3.79397153854,2019-09-15 10:00:00,LAPAN,Terra,Verified Fire,SUMSEL,2630,2019,2019:2630,2019,2628,,,,,,,,False
103.835227966,-1.34064137936,2019-09-15 10:00:00,LAPAN,Terra,Verified Fire,JAMBI SMF,2632,2019,2019:2632,2019,2630,,,,,,,,False
103.586410522,-1.15551519394,2019-09-15 10:00:00,LAPAN,Terra,Verified Fire,JAMBI SMF,2636,2019,2019:2636,2019,2634,,,,,,,,False
103.511444092,-1.23674893379,2019-09-15 10:00:00,LAPAN,Terra,Verified Fire,JAMBI SMF,2641,2019,2019:2641,2019,2639,,,,,,,,False
103.843528748,-1.35135149956,2019-09-15 10:00:00,LAPAN,Terra,Verified Fire,JAMBI SMF,2642,2019,2019:2642,2019,2640,,,,,,,,False
105.436,-3.32925,2019-09-15 12:00:00,LAPAN,SNPP,Verified Fire,SUMSEL,2646,2019,2019:2646,2019,2644,,,,,,,,False
105.26927948,-2.81308675,2019-09-15 13:00:00,LAPAN,SNPP,Verified Fire,SUMSEL,2653,2019,2019:2653,2019,2651,,,,,,,,False
105.69685364,-3.69827557,2019-09-15 13:00:00,LAPAN,SNPP,Verified Fire,SUMSEL,2656,2019,2019:2656,2019,2654,,,,,,,,False
105.45898438,-3.80215168,2019-09-15 13:00:00,LAPAN,SNPP,Verified Fire,SUMSEL,2657,2019,2019:2657,2019,2655,,,,,,,,False
105.46096802,-3.81541276,2019-09-15 13:00:00,LAPAN,SNPP,Verified Fire,SUMSEL,2658,2019,2019:2658,2019,2656,,,,,,,,False
105.78623962,-3.77298331,2019-09-15 13:00:00,LAPAN,SNPP,Verified Fire,SUMSEL,2659,2019,2019:2659,2019,2657,,,,,,,,False
105.77736664,-3.76079488,2019-09-15 13:00:00,LAPAN,SNPP,Verified Fire,SUMSEL,2660,2019,2019:2660,2019,2658,,,,,,,,False
105.51062775,-3.72647643,2019-09-15 13:00:00,LAPAN,SNPP,Verified Fire,SUMSEL,2661,2019,2019:2661,2019,2659,,,,,,,,False
103.35332489,-2.37573338,2019-09-15 13:00:00,LAPAN,SNPP,Verified No fire,SUMSEL MUBA,2662,2019,2019:2662,2019,2660,,,,,,,,False
103.48439789,-2.26873231,2019-09-15 13:00:00,LAPAN,SNPP,Verified Fire,SUMSEL MUBA,2664,2019,2019:2664,2019,2662,,,,,,,,False
105.44789124,-3.32215762,2019-09-15 13:00:00,LAPAN,SNPP,Verified Fire,SUMSEL,2665,2019,2019:2665,2019,2663,,,,,,,,False
105.80040741,-3.54691958,2019-09-15 13:00:00,LAPAN,SNPP,Verified Fire,SUMSEL,2667,2019,2019:2667,2019,2665,,,,,,,,False
105.58489227,-3.56599569,2019-09-15 13:00:00,LAPAN,SNPP,Verified Fire,SUMSEL,2671,2019,2019:2671,2019,2669,,,,,,,,False
105.30791473,-3.74358749,2019-09-15 13:00:00,LAPAN,SNPP,Verified Fire,SUMSEL,2672,2019,2019:2672,2019,2670,,,,,,,,False
105.31781769,-3.71494198,2019-09-15 13:00:00,LAPAN,SNPP,Verified Fire,SUMSEL,2673,2019,2019:2673,2019,2671,,,,,,,,False
103.33046722,-2.37915921,2019-09-15 13:00:00,LAPAN,SNPP,Verified No fire,SUMSEL MUBA,2674,2019,2019:2674,2019,2672,,,,,,,,False
103.80654907,-1.31010997,2019-09-15 13:00:00,LAPAN,SNPP,Verified Fire,JAMBI SMF,2675,2019,2019:2675,2019,2673,,,,,,,,False
103.83424377,-1.34745491,2019-09-15 13:00:00,LAPAN,SNPP,Verified Fire,JAMBI SMF,2676,2019,2019:2676,2019,2674,,,,,,,,False
101.91971588,-0.96513027,2019-09-15 13:00:00,LAPAN,SNPP,Verified Fire,JAMBI SMF,2677,2019,2019:2677,2019,2675,,,,,,,,False
105.44197845,-3.32982206,2019-09-15 13:00:00,LAPAN,SNPP,Verified Fire,SUMSEL,2680,2019,2019:2680,2019,2678,,,,,,,,False
105.4360733,-3.33748674,2019-09-15 13:00:00,LAPAN,SNPP,Verified Fire,SUMSEL,2681,2019,2019:2681,2019,2679,,,,,,,,False
105.45578766,-3.32774019,2019-09-15 13:00:00,LAPAN,SNPP,Verified Fire,SUMSEL,2682,2019,2019:2682,2019,2680,,,,,,,,False
105.74000549,-3.79351473,2019-09-15 13:00:00,LAPAN,SNPP,Verified Fire,SUMSEL,2683,2019,2019:2683,2019,2681,,,,,,,,False
105.51921082,-3.77950621,2019-09-15 13:00:00,LAPAN,SNPP,Verified Fire,SUMSEL,2684,2019,2019:2684,2019,2682,,,,,,,,False
105.59278107,-3.57157278,2019-09-15 13:00:00,LAPAN,SNPP,Verified Fire,SUMSEL,2685,2019,2019:2685,2019,2683,,,,,,,,False
105.63903809,-3.5510397,2019-09-15 13:00:00,LAPAN,SNPP,Verified Fire,SUMSEL,2686,2019,2019:2686,2019,2684,,,,,,,,False
103.20303345,-2.41970944,2019-09-15 13:00:00,LAPAN,SNPP,Verified No fire,SUMSEL MUBA,2688,2019,2019:2688,2019,2686,,,,,,,,False
105.52443695,-3.72438478,2019-09-15 13:00:00,LAPAN,SNPP,Verified Fire,SUMSEL,2690,2019,2019:2690,2019,2688,,,,,,,,False
103.37390137,-2.51662683,2019-09-15 13:00:00,LAPAN,SNPP,Verified No fire,SUMSEL MUBA,2694,2019,2019:2694,2019,2692,,,,,,,,False
105.27126312,-2.82633996,2019-09-15 13:00:00,LAPAN,SNPP,Verified Fire,SUMSEL,2696,2019,2019:2696,2019,2694,,,,,,,,False
102.8891449,-0.87698656,2019-09-15 13:00:00,LAPAN,SNPP,Verified No fire,JAMBI SMF,2699,2019,2019:2699,2019,2697,,,,,,,,False
105.78142548,-3.65164232,2019-09-15 13:00:00,LAPAN,SNPP,Verified Fire,SUMSEL,2702,2019,2019:2702,2019,2700,,,,,,,,False
103.8436203,-1.31145024,2019-09-15 13:00:00,LAPAN,SNPP,Verified Fire,JAMBI SMF,2705,2019,2019:2705,2019,2703,,,,,,,,False
103.928123474,-2.15970134735,2019-09-15 13:00:00,LAPAN,Aqua,Verified Fire,SUMSEL MUBA,2706,2019,2019:2706,2019,2704,,,,,,,,False
103.68048096,-2.20409465,2019-09-15 13:00:00,LAPAN,SNPP,Verified Fire,SUMSEL MUBA,2707,2019,2019:2707,2019,2705,,,,,,,,False
105.58987427,-3.87066436,2019-09-15 13:00:00,LAPAN,SNPP,Verified Fire,SUMSEL,2709,2019,2019:2709,2019,2707,,,,,,,,False
105.75377655,-3.79142857,2019-09-15 13:00:00,LAPAN,SNPP,Verified Fire,SUMSEL,2712,2019,2019:2712,2019,2710,,,,,,,,False
105.78592682,-3.86134243,2019-09-15 13:00:00,LAPAN,SNPP,Verified Fire,SUMSEL,2713,2019,2019:2713,2019,2711,,,,,,,,False
105.54347229,-3.84379101,2019-09-15 13:00:00,LAPAN,SNPP,Verified Fire,SUMSEL,2714,2019,2019:2714,2019,2712,,,,,,,,False
105.44611359,-3.76341963,2019-09-15 13:00:00,LAPAN,SNPP,Verified Fire,SUMSEL,2715,2019,2019:2715,2019,2713,,,,,,,,False
105.45220184,-3.80947089,2019-09-16 13:00:00,LAPAN,Aqua,Verified Fire,SUMSEL,2719,2019,2019:2719,2019,2717,,,,,,,,False
105.73448181,-3.79227901,2019-09-16 13:00:00,LAPAN,Aqua,Verified Fire,SUMSEL,2720,2019,2019:2720,2019,2718,,,,,,,,False
105.77893066,-3.66111875,2019-09-16 13:00:00,LAPAN,Aqua,Verified Fire,SUMSEL,2721,2019,2019:2721,2019,2719,,,,,,,,False
104.09555817,-1.71716022,2019-09-16 13:00:00,LAPAN,Aqua,Fire inside Sitrep,SUMSEL MUBA,2722,2019,2019:2722,2019,2720,,,,,,,,False
104.12624359,-1.69481254,2019-09-16 13:00:00,LAPAN,Aqua,Fire inside Sitrep,SUMSEL MUBA,2723,2019,2019:2723,2019,2721,,,,,,,,False
103.5154953,-1.21861577,2019-09-16 13:00:00,LAPAN,Aqua,Verified Fire,JAMBI SMF,2724,2019,2019:2724,2019,2722,,,,,,,,False
104.01007843,-1.97276866,2019-09-16 13:00:00,LAPAN,Aqua,Verified Fire,SUMSEL MUBA,2725,2019,2019:2725,2019,2723,,,,,,,,False
105.52285767,-3.29209995,2019-09-16 13:00:00,LAPAN,Aqua,Verified Fire,SUMSEL,2727,2019,2019:2727,2019,2725,,,,,,,,False
105.49724579,-3.7114265,2019-09-16 13:00:00,LAPAN,Aqua,Verified Fire,SUMSEL,2729,2019,2019:2729,2019,2727,,,,,,,,False
105.74999237,-3.79957414,2019-09-16 13:00:00,LAPAN,Aqua,Verified Fire,SUMSEL,2730,2019,2019:2730,2019,2728,,,,,,,,False
105.30750275,-2.97460246,2019-09-16 13:00:00,LAPAN,Aqua,Verified Fire,SUMSEL,2731,2019,2019:2731,2019,2729,,,,,,,,False
105.40029144,-2.57020807,2019-09-16 13:00:00,LAPAN,Aqua,Verified Fire,SUMSEL,2732,2019,2019:2732,2019,2730,,,,,,,,False
101.91984558,-0.96684819,2019-09-16 13:00:00,LAPAN,Aqua,Verified Fire,JAMBI SMF,2733,2019,2019:2733,2019,2731,,,,,,,,False
103.58081818,-1.15605116,2019-09-16 13:00:00,LAPAN,Aqua,Verified Fire,JAMBI SMF,2734,2019,2019:2734,2019,2732,,,,,,,,False
105.2982254,-2.66827464,2019-09-16 13:00:00,LAPAN,Aqua,Verified No fire,SUMSEL,2737,2019,2019:2737,2019,2735,,,,,,,,False
105.50563049,-3.71850133,2019-09-16 13:00:00,LAPAN,Aqua,Verified Fire,SUMSEL,2738,2019,2019:2738,2019,2736,,,,,,,,False
105.33132935,-3.13709426,2019-09-16 13:00:00,LAPAN,Aqua,Verified Fire,SUMSEL,2739,2019,2019:2739,2019,2737,,,,,,,,False
105.30086517,-2.68440008,2019-09-16 13:00:00,LAPAN,Aqua,Verified No fire,SUMSEL,2740,2019,2019:2740,2019,2738,,,,,,,,False
104.13323975,-1.68490493,2019-09-16 13:00:00,LAPAN,Aqua,Fire inside Sitrep,SUMSEL MUBA,2741,2019,2019:2741,2019,2739,,,,,,,,False
105.64109802,-3.54875755,2019-09-16 13:00:00,LAPAN,Aqua,Verified Fire,SUMSEL,2742,2019,2019:2742,2019,2740,,,,,,,,False
105.57967377,-3.92366314,2019-09-16 13:00:00,LAPAN,Aqua,Verified Fire,SUMSEL,2743,2019,2019:2743,2019,2741,,,,,,,,False
105.49117279,-3.72067642,2019-09-16 13:00:00,LAPAN,Aqua,Verified Fire,SUMSEL,2744,2019,2019:2744,2019,2742,,,,,,,,False
105.55344391,-3.44536448,2019-09-16 13:00:00,LAPAN,Aqua,Verified Fire,SUMSEL,2746,2019,2019:2746,2019,2744,,,,,,,,False
105.37284088,-3.77914119,2019-09-16 13:00:00,LAPAN,Aqua,Verified Fire,SUMSEL,2747,2019,2019:2747,2019,2745,,,,,,,,False
105.51415253,-3.7253046,2019-09-16 13:00:00,LAPAN,Aqua,Verified Fire,SUMSEL,2748,2019,2019:2748,2019,2746,,,,,,,,False
105.59400177,-3.57223797,2019-09-16 13:00:00,LAPAN,Aqua,Verified Fire,SUMSEL,2749,2019,2019:2749,2019,2747,,,,,,,,False
105.80310059,-3.63302207,2019-09-16 13:00:00,LAPAN,Aqua,Verified Fire,SUMSEL,2750,2019,2019:2750,2019,2748,,,,,,,,False
104.13581848,-1.70225978,2019-09-16 13:00:00,LAPAN,Aqua,Fire inside Sitrep,SUMSEL MUBA,2751,2019,2019:2751,2019,2749,,,,,,,,False
104.004852295,-1.9880040884,2019-09-16 14:00:00,LAPAN,Aqua,Fire inside Sitrep,SUMSEL MUBA,2752,2019,2019:2752,2019,2750,,,,,,,,False
103.783721924,-1.31535029411,2019-09-16 14:00:00,LAPAN,Aqua,Verified Fire,JAMBI SMF,2753,2019,2019:2753,2019,2751,,,,,,,,False
103.58,-1.19,2019-09-16 17:00:00,ASMC,NOAA20,Verified No fire,JAMBI SMF,2754,2019,2019:2754,2019,2752,,,,,,,,False
103.36,-1.16,2019-09-16 17:00:00,ASMC,NOAA20,Verified No fire,JAMBI SMF,2755,2019,2019:2755,2019,2753,,,,,,,,False
105.789375305,-3.65352725983,2019-09-16 21:00:00,LAPAN,Terra,Verified Fire,SUMSEL,2756,2019,2019:2756,2019,2754,,,,,,,,False
105.774261475,-3.77223706245,2019-09-16 21:00:00,LAPAN,Terra,Verified Fire,SUMSEL,2757,2019,2019:2757,2019,2755,,,,,,,,False
104.010742188,-1.96360707283,2019-09-16 21:00:00,LAPAN,Terra,Verified No fire,SUMSEL MUBA,2758,2019,2019:2758,2019,2756,,,,,,,,False
104.141746521,-1.68612790108,2019-09-16 21:00:00,LAPAN,Terra,Fire inside Sitrep,SUMSEL MUBA,2759,2019,2019:2759,2019,2757,,,,,,,,False
103.987167358,-1.96682274342,2019-09-16 21:00:00,LAPAN,Terra,Fire inside Sitrep,SUMSEL MUBA,2760,2019,2019:2760,2019,2758,,,,,,,,False
103.983184814,-1.97602140903,2019-09-16 21:00:00,LAPAN,Terra,Fire inside Sitrep,SUMSEL MUBA,2761,2019,2019:2761,2019,2759,,,,,,,,False
105.77130127,-3.65596842766,2019-09-16 21:00:00,LAPAN,Terra,Verified Fire,SUMSEL,2762,2019,2019:2762,2019,2760,,,,,,,,False
104.119148254,-1.68925309181,2019-09-16 21:00:00,LAPAN,Terra,Fire inside Sitrep,SUMSEL MUBA,2763,2019,2019:2763,2019,2761,,,,,,,,False
103.798324585,-1.30613803864,2019-09-16 21:00:00,LAPAN,Terra,Verified Fire,JAMBI SMF,2764,2019,2019:2764,2019,2762,,,,,,,,False
104.006515503,-1.97264230251,2019-09-16 21:00:00,LAPAN,Terra,Fire inside Sitrep,SUMSEL MUBA,2765,2019,2019:2765,2019,2763,,,,,,,,False
103.803955078,-1.29544770718,2019-09-17 00:00:00,LAPAN,Aqua,Verified Fire,JAMBI SMF,2770,2019,2019:2770,2019,2768,,,,,,,,False
105.792037964,-3.65221810341,2019-09-17 00:00:00,LAPAN,Aqua,Verified Fire,SUMSEL,2772,2019,2019:2772,2019,2770,,,,,,,,False
105.776916504,-3.65092968941,2019-09-17 00:00:00,LAPAN,Aqua,Verified Fire,SUMSEL,2773,2019,2019:2773,2019,2771,,,,,,,,False
104.010215759,-1.96659469604,2019-09-17 00:00:00,LAPAN,Aqua,Verified Fire,SUMSEL MUBA,2774,2019,2019:2774,2019,2772,,,,,,,,False
102.98962402,-0.85452873,2019-09-17 01:00:00,LAPAN,SNPP,Verified No fire,JAMBI SMF,2775,2019,2019:2775,2019,2773,,,,,,,,False
103.99545288,-1.9643203,2019-09-17 01:00:00,LAPAN,SNPP,Verified Fire,SUMSEL MUBA,2776,2019,2019:2776,2019,2774,,,,,,,,False
103.59111023,-1.15870905,2019-09-17 01:00:00,LAPAN,SNPP,Verified Fire,JAMBI SMF,2777,2019,2019:2777,2019,2775,,,,,,,,False
103.81013489,-1.30152237,2019-09-17 01:00:00,LAPAN,SNPP,Verified Fire,JAMBI SMF,2778,2019,2019:2778,2019,2776,,,,,,,,False
103.58161163,-1.15720606,2019-09-17 01:00:00,LAPAN,SNPP,Verified Fire,JAMBI SMF,2779,2019,2019:2779,2019,2777,,,,,,,,False
104.12979126,-1.68500495,2019-09-17 01:00:00,LAPAN,SNPP,Fire inside Sitrep,SUMSEL MUBA,2780,2019,2019:2780,2019,2778,,,,,,,,False
105.77387238,-3.65984154,2019-09-17 01:00:00,LAPAN,SNPP,Verified Fire,SUMSEL,2781,2019,2019:2781,2019,2779,,,,,,,,False
105.783790588,-3.65567016602,2019-09-17 10:00:00,LAPAN,Terra,Verified Fire,SUMSEL,2782,2019,2019:2782,2019,2780,,,,,,,,False
103.384788513,-1.0997800827,2019-09-17 10:00:00,LAPAN,Terra,Verified No fire,JAMBI SMF,2785,2019,2019:2785,2019,2783,,,,,,,,False
103.150985718,-0.910017907619,2019-09-17 10:00:00,LAPAN,Terra,Verified No fire,JAMBI SMF,2789,2019,2019:2789,2019,2787,,,,,,,,False
104.135658264,-1.69019854069,2019-09-17 10:00:00,LAPAN,Terra,Fire inside Sitrep,SUMSEL MUBA,2791,2019,2019:2791,2019,2789,,,,,,,,False
105.78290558,-3.66059637,2019-09-17 12:00:00,LAPAN,SNPP,Verified Fire,SUMSEL,2795,2019,2019:2795,2019,2793,,,,,,,,False
103.86355591,-1.93126094,2019-09-17 12:00:00,LAPAN,SNPP,Fire inside Sitrep,SUMSEL MUBA,2796,2019,2019:2796,2019,2794,,,,,,,,False
104.00003815,-1.96089864,2019-09-17 12:00:00,LAPAN,SNPP,Fire inside Sitrep,SUMSEL MUBA,2797,2019,2019:2797,2019,2795,,,,,,,,False
103.99084473,-1.96226811,2019-09-17 12:00:00,LAPAN,SNPP,Fire inside Sitrep,SUMSEL MUBA,2798,2019,2019:2798,2019,2796,,,,,,,,False
105.36763763,-2.60094309,2019-09-17 12:00:00,LAPAN,SNPP,Verified No fire,SUMSEL,2799,2019,2019:2799,2019,2797,,,,,,,,False
104.13085175,-1.68237424,2019-09-17 12:00:00,LAPAN,SNPP,Fire inside Sitrep,SUMSEL MUBA,2800,2019,2019:2800,2019,2798,,,,,,,,False
103.85586548,-1.92578232,2019-09-17 12:00:00,LAPAN,SNPP,Verified No fire,SUMSEL MUBA,2801,2019,2019:2801,2019,2799,,,,,,,,False
103.84731293,-2.01502466,2019-09-17 12:00:00,LAPAN,SNPP,Verified Fire,SUMSEL MUBA,2802,2019,2019:2802,2019,2800,,,,,,,,False
104.13883209,-1.68997681,2019-09-17 12:00:00,LAPAN,SNPP,Fire inside Sitrep,SUMSEL MUBA,2803,2019,2019:2803,2019,2801,,,,,,,,False
105.46179199,-3.32419419,2019-09-17 12:00:00,LAPAN,SNPP,Verified Fire,SUMSEL,2804,2019,2019:2804,2019,2802,,,,,,,,False
103.50694275,-1.22034681,2019-09-17 12:00:00,LAPAN,SNPP,Verified No fire,JAMBI SMF,2805,2019,2019:2805,2019,2803,,,,,,,,False
103.80522156,-1.30576491,2019-09-17 12:00:00,LAPAN,SNPP,Verified Fire,JAMBI SMF,2806,2019,2019:2806,2019,2804,,,,,,,,False
102.83571625,-1.01797223,2019-09-17 12:00:00,LAPAN,SNPP,Verified No fire,JAMBI SMF,2807,2019,2019:2807,2019,2805,,,,,,,,False
103.98175812,-1.96363068,2019-09-17 12:00:00,LAPAN,SNPP,Fire inside Sitrep,SUMSEL MUBA,2808,2019,2019:2808,2019,2806,,,,,,,,False
103.83794403,-2.01637077,2019-09-17 12:00:00,LAPAN,SNPP,Verified Fire,SUMSEL MUBA,2809,2019,2019:2809,2019,2807,,,,,,,,False
104.01082611,-1.97167993,2019-09-17 12:00:00,LAPAN,SNPP,Fire inside Sitrep,SUMSEL MUBA,2810,2019,2019:2810,2019,2808,,,,,,,,False
105.44396973,-3.75410461,2019-09-17 12:00:00,LAPAN,SNPP,Verified Fire,SUMSEL,2811,2019,2019:2811,2019,2809,,,,,,,,False
105.447929382,-3.81603741646,2019-09-17 13:00:00,LAPAN,Aqua,Verified Fire,SUMSEL,2813,2019,2019:2813,2019,2811,,,,,,,,False
103.315078735,-0.984959602356,2019-09-17 13:00:00,LAPAN,Aqua,Verified No fire,JAMBI SMF,2839,2019,2019:2839,2019,2837,,,,,,,,False
102.718528748,-1.43616914749,2019-09-17 13:00:00,LAPAN,Aqua,Verified No fire,JAMBI SMF,2840,2019,2019:2840,2019,2838,,,,,,,,False
104.124,-1.72386,2019-09-17 13:00:00,LAPAN,SNPP,Fire inside Sitrep,SUMSEL MUBA,2846,2019,2019:2846,2019,2844,,,,,,,,False
103.865,-1.95,2019-09-17 17:00:00,ASMC,NOAA20,Verified Fire,SUMSEL MUBA,2858,2019,2019:2858,2019,2856,,,,,,,,False
103.957,-1.843,2019-09-17 17:00:00,ASMC,NOAA20,Fire inside Sitrep,SUMSEL MUBA,2859,2019,2019:2859,2019,2857,,,,,,,,False
105.75,-3.81,2019-09-17 17:00:00,ASMC,NOAA20,Verified Fire,SUMSEL,2860,2019,2019:2860,2019,2858,,,,,,,,False
103.395,-2.42,2019-09-17 17:00:00,ASMC,NOAA20,Verified No fire,SUMSEL MUBA,2861,2019,2019:2861,2019,2859,,,,,,,,False
103.595,-1.4,2019-09-17 17:00:00,ASMC,NOAA20,Verified Fire,JAMBI SMF,2862,2019,2019:2862,2019,2860,,,,,,,,False
103.79,-1.32,2019-09-17 17:00:00,ASMC,NOAA20,Verified Fire,JAMBI SMF,2863,2019,2019:2863,2019,2861,,,,,,,,False
101.985,-0.94,2019-09-17 17:00:00,ASMC,NOAA20,Verified No fire,JAMBI SMF,2864,2019,2019:2864,2019,2862,,,,,,,,False
102.09,-0.99,2019-09-17 17:00:00,ASMC,NOAA20,Verified No fire,JAMBI SMF,2865,2019,2019:2865,2019,2863,,,,,,,,False
103.08,-2.3,2019-09-17 17:00:00,ASMC,NOAA20,Verified No fire,SUMSEL MUBA,2866,2019,2019:2866,2019,2864,,,,,,,,False
101.925,-0.99,2019-09-17 17:00:00,ASMC,NOAA20,Verified No fire,JAMBI SMF,2867,2019,2019:2867,2019,2865,,,,,,,,False
103.85,-2.04,2019-09-17 17:00:00,ASMC,NOAA20,Verified Fire,SUMSEL MUBA,2868,2019,2019:2868,2019,2866,,,,,,,,False
103.98604584,-1.94964075,2019-09-18 01:00:00,LAPAN,SNPP,Verified No fire,SUMSEL MUBA,2905,2019,2019:2905,2019,2903,,,,,,,,False
104.13218689,-1.68748343,2019-09-18 01:00:00,LAPAN,SNPP,Fire inside Sitrep,SUMSEL MUBA,2907,2019,2019:2907,2019,2905,,,,,,,,False
105.77241516,-3.65647125,2019-09-18 01:00:00,LAPAN,SNPP,Verified Fire,SUMSEL,2910,2019,2019:2910,2019,2908,,,,,,,,False
103.50874329,-1.21552205,2019-09-18 01:00:00,LAPAN,SNPP,Verified Fire,JAMBI SMF,2911,2019,2019:2911,2019,2909,,,,,,,,False
103.99669647,-1.97163081,2019-09-18 01:00:00,LAPAN,SNPP,Fire inside Sitrep,SUMSEL MUBA,2912,2019,2019:2912,2019,2910,,,,,,,,False
105.46152496,-3.32757783,2019-09-18 01:00:00,LAPAN,SNPP,Verified Fire,SUMSEL,2916,2019,2019:2916,2019,2914,,,,,,,,False
103.84286499,-2.00877452,2019-09-18 01:00:00,LAPAN,SNPP,Verified Fire,SUMSEL MUBA,2917,2019,2019:2917,2019,2915,,,,,,,,False
105.77853394,-3.77309561,2019-09-18 01:00:00,LAPAN,SNPP,Verified Fire,SUMSEL,2919,2019,2019:2919,2019,2917,,,,,,,,False
103.79199219,-1.30109012,2019-09-18 01:00:00,LAPAN,SNPP,Verified Fire,JAMBI SMF,2922,2019,2019:2922,2019,2920,,,,,,,,False
103.58114624,-1.15906596,2019-09-18 01:00:00,LAPAN,SNPP,Verified Fire,JAMBI SMF,2924,2019,2019:2924,2019,2922,,,,,,,,False
103.97026062,-1.96069992,2019-09-18 01:00:00,LAPAN,SNPP,Fire inside Sitrep,SUMSEL MUBA,2929,2019,2019:2929,2019,2927,,,,,,,,False
104.09272003,-1.71514118,2019-09-18 01:00:00,LAPAN,SNPP,Fire inside Sitrep,SUMSEL MUBA,2930,2019,2019:2930,2019,2928,,,,,,,,False
103.58638763,-1.26165092,2019-09-18 01:00:00,LAPAN,SNPP,Verified Fire,JAMBI SMF,2933,2019,2019:2933,2019,2931,,,,,,,,False
103.60923004,-1.38772655,2019-09-18 01:00:00,LAPAN,SNPP,Verified Fire,JAMBI SMF,2934,2019,2019:2934,2019,2932,,,,,,,,False
102.79277802,-1.03414714,2019-09-18 01:00:00,LAPAN,SNPP,Verified No fire,JAMBI SMF,2937,2019,2019:2937,2019,2935,,,,,,,,False
103.98399353,-1.96286023,2019-09-18 01:00:00,LAPAN,SNPP,Fire inside Sitrep,SUMSEL MUBA,2942,2019,2019:2942,2019,2940,,,,,,,,False
105.73033905,-3.78901768,2019-09-18 01:00:00,LAPAN,SNPP,Verified Fire,SUMSEL,2943,2019,2019:2943,2019,2941,,,,,,,,False
103.99188232,-1.95733047,2019-09-18 01:00:00,LAPAN,SNPP,Fire inside Sitrep,SUMSEL MUBA,2948,2019,2019:2948,2019,2946,,,,,,,,False
103.60337067,-1.38002157,2019-09-18 01:00:00,LAPAN,SNPP,Verified Fire,JAMBI SMF,2949,2019,2019:2949,2019,2947,,,,,,,,False
103.40100098,-2.40116954,2019-09-18 01:00:00,LAPAN,SNPP,Verified Fire,SUMSEL MUBA,2950,2019,2019:2950,2019,2948,,,,,,,,False
104.14008331,-1.68195057,2019-09-18 01:00:00,LAPAN,SNPP,Fire inside Sitrep,SUMSEL MUBA,2951,2019,2019:2951,2019,2949,,,,,,,,False
103.625,-2.1065,2019-09-18 13:00:00,LAPAN,SNPP,Fire inside Sitrep,SUMSEL MUBA,2962,2019,2019:2962,2019,2960,,,,,,,,False
104.003,-1.97549,2019-09-18 13:00:00,LAPAN,SNPP,Fire inside Sitrep,SUMSEL MUBA,2966,2019,2019:2966,2019,2964,,,,,,,,False
103.602,-2.1252,2019-09-18 13:00:00,LAPAN,SNPP,Fire inside Sitrep,SUMSEL MUBA,2967,2019,2019:2967,2019,2965,,,,,,,,False
103.626,-2.11388,2019-09-18 13:00:00,LAPAN,SNPP,Fire inside Sitrep,SUMSEL MUBA,2968,2019,2019:2968,2019,2966,,,,,,,,False
103.82,-1.87593,2019-09-18 13:00:00,LAPAN,SNPP,Fire inside Sitrep,SUMSEL MUBA,2969,2019,2019:2969,2019,2967,,,,,,,,False
103.853,-1.92674,2019-09-18 13:00:00,LAPAN,SNPP,Verified Fire,SUMSEL MUBA,2970,2019,2019:2970,2019,2968,,,,,,,,False
105.496,-3.71933,2019-09-18 13:00:00,LAPAN,SNPP,Verified Fire,SUMSEL,2971,2019,2019:2971,2019,2969,,,,,,,,False
105.513,-3.27748,2019-09-18 13:00:00,LAPAN,SNPP,Verified Fire,SUMSEL,2975,2019,2019:2975,2019,2973,,,,,,,,False
104.002,-1.95607,2019-09-18 13:00:00,LAPAN,SNPP,Verified No fire,SUMSEL MUBA,2976,2019,2019:2976,2019,2974,,,,,,,,False
101.931,-0.969607,2019-09-18 13:00:00,LAPAN,SNPP,Verified Fire,JAMBI SMF,2978,2019,2019:2978,2019,2976,,,,,,,,False
102.786,-1.02303,2019-09-18 13:00:00,LAPAN,SNPP,Verified No fire,JAMBI SMF,2979,2019,2019:2979,2019,2977,,,,,,,,False
102.797,-1.03696,2019-09-18 13:00:00,LAPAN,SNPP,Verified No fire,JAMBI SMF,2981,2019,2019:2981,2019,2979,,,,,,,,False
105.475,-3.32528,2019-09-18 13:00:00,LAPAN,SNPP,Verified Fire,SUMSEL,2985,2019,2019:2985,2019,2983,,,,,,,,False
103.986,-1.96581,2019-09-18 13:00:00,LAPAN,SNPP,Verified Fire,SUMSEL MUBA,2986,2019,2019:2986,2019,2984,,,,,,,,False
103.381,-2.50587,2019-09-18 13:00:00,LAPAN,SNPP,Verified No fire,SUMSEL MUBA,2992,2019,2019:2992,2019,2990,,,,,,,,False
103.995,-1.96455,2019-09-18 13:00:00,LAPAN,SNPP,Verified Fire,SUMSEL MUBA,2993,2019,2019:2993,2019,2991,,,,,,,,False
105.48,-3.71466,2019-09-18 13:00:00,LAPAN,SNPP,Verified Fire,SUMSEL,2994,2019,2019:2994,2019,2992,,,,,,,,False
105.651,-3.54286,2019-09-18 13:00:00,LAPAN,SNPP,Verified Fire,SUMSEL,3000,2019,2019:3000,2019,2998,,,,,,,,False
102.795,-1.02171,2019-09-18 13:00:00,LAPAN,SNPP,Verified No fire,JAMBI SMF,3001,2019,2019:3001,2019,2999,,,,,,,,False
105.497,-3.7262,2019-09-18 13:00:00,LAPAN,SNPP,Verified Fire,SUMSEL,3005,2019,2019:3005,2019,3003,,,,,,,,False
105.318634033,-3.1183617115,2019-09-18 14:00:00,LAPAN,Aqua,Verified Fire,SUMSEL,3007,2019,2019:3007,2019,3005,,,,,,,,False
103.638221741,-2.11431837082,2019-09-18 14:00:00,LAPAN,Aqua,Verified Fire,SUMSEL MUBA,3008,2019,2019:3008,2019,3006,,,,,,,,False
105.482177734,-3.73187112808,2019-09-18 14:00:00,LAPAN,Aqua,Verified Fire,SUMSEL,3011,2019,2019:3011,2019,3009,,,,,,,,False
105.509620667,-3.25724029541,2019-09-18 14:00:00,LAPAN,Aqua,Verified Fire,SUMSEL,3012,2019,2019:3012,2019,3010,,,,,,,,False
105.535652161,-3.25326490402,2019-09-18 14:00:00,LAPAN,Aqua,Verified Fire,SUMSEL,3013,2019,2019:3013,2019,3011,,,,,,,,False
103.2682724,-1.4873945713,2019-09-18 14:00:00,LAPAN,Aqua,Verified No fire,JAMBI SMF,3018,2019,2019:3018,2019,3016,,,,,,,,False
103.2606,-1.4848,2019-09-18 14:00:00,ASMC,NOAA20,Verified No fire,JAMBI SMF,3019,2019,2019:3019,2019,3017,,,,,,,,False
103.595649719,-1.26936614513,2019-09-18 14:00:00,LAPAN,Aqua,Verified No fire,JAMBI SMF,3024,2019,2019:3024,2019,3022,,,,,,,,False
103.620063782,-1.38500142097,2019-09-18 14:00:00,LAPAN,Aqua,Verified No fire,JAMBI SMF,3026,2019,2019:3026,2019,3024,,,,,,,,False
103.573989868,-1.25930690765,2019-09-18 14:00:00,LAPAN,Aqua,Verified Fire,JAMBI SMF,3030,2019,2019:3030,2019,3028,,,,,,,,False
103.618148804,-1.37204313278,2019-09-18 14:00:00,LAPAN,Aqua,Verified No fire,JAMBI SMF,3032,2019,2019:3032,2019,3030,,,,,,,,False
103.575912476,-1.27223968506,2019-09-18 14:00:00,LAPAN,Aqua,Verified Fire,JAMBI SMF,3040,2019,2019:3040,2019,3038,,,,,,,,False
103.996269226,-1.95634007454,2019-09-18 14:00:00,LAPAN,Aqua,Verified Fire,SUMSEL MUBA,3041,2019,2019:3041,2019,3039,,,,,,,,False
105.5071,-3.7238,2019-09-18 14:00:00,ASMC,NOAA20,Verified Fire,SUMSEL,3042,2019,2019:3042,2019,3040,,,,,,,,False
103.392684937,-2.41072249413,2019-09-18 14:00:00,LAPAN,Aqua,Verified No fire,SUMSEL MUBA,3043,2019,2019:3043,2019,3041,,,,,,,,False
105.3447,-2.621,2019-09-18 14:00:00,ASMC,NOAA20,Verified No fire,SUMSEL,3046,2019,2019:3046,2019,3044,,,,,,,,False
103.605079651,-1.38503742218,2019-09-18 14:00:00,LAPAN,Aqua,Verified Fire,JAMBI SMF,3047,2019,2019:3047,2019,3045,,,,,,,,False
103.624214172,-2.11531257629,2019-09-18 14:00:00,LAPAN,Aqua,Verified No fire,SUMSEL MUBA,3049,2019,2019:3049,2019,3047,,,,,,,,False
105.317,-3.1247,2019-09-18 14:00:00,ASMC,NOAA20,Verified Fire,SUMSEL,3050,2019,2019:3050,2019,3048,,,,,,,,False
105.657516479,-3.30964636803,2019-09-18 14:00:00,LAPAN,Aqua,Verified Fire,SUMSEL,3054,2019,2019:3054,2019,3052,,,,,,,,False
103.598480225,-1.37488675117,2019-09-18 14:00:00,LAPAN,Aqua,Verified Fire,JAMBI SMF,3055,2019,2019:3055,2019,3053,,,,,,,,False
103.978,-1.98,2019-09-18 17:00:00,ASMC,NOAA20,Fire inside Sitrep,SUMSEL MUBA,3057,2019,2019:3057,2019,3055,,,,,,,,False
101.985,-0.97,2019-09-18 17:00:00,ASMC,NOAA20,Verified No fire,JAMBI SMF,3058,2019,2019:3058,2019,3056,,,,,,,,False
102.77,-1.015,2019-09-18 17:00:00,ASMC,NOAA20,Verified No fire,JAMBI SMF,3059,2019,2019:3059,2019,3057,,,,,,,,False
103.575,-1.27,2019-09-18 17:00:00,ASMC,NOAA20,Verified Fire,JAMBI SMF,3060,2019,2019:3060,2019,3058,,,,,,,,False
103.593,-1.393,2019-09-18 17:00:00,ASMC,NOAA20,Verified Fire,JAMBI SMF,3061,2019,2019:3061,2019,3059,,,,,,,,False
103.3,-0.99,2019-09-18 17:00:00,ASMC,NOAA20,Verified No fire,JAMBI SMF,3062,2019,2019:3062,2019,3060,,,,,,,,False
105.75,-3.79,2019-09-18 17:00:00,ASMC,NOAA20,Verified Fire,SUMSEL,3063,2019,2019:3063,2019,3061,,,,,,,,False
103.35,-1.56,2019-09-18 17:00:00,ASMC,NOAA20,Verified No fire,JAMBI SMF,3064,2019,2019:3064,2019,3062,,,,,,,,False
103.84,-2.03,2019-09-18 17:00:00,ASMC,NOAA20,Verified Fire,SUMSEL MUBA,3065,2019,2019:3065,2019,3063,,,,,,,,False
102.85,-1.22,2019-09-18 17:00:00,ASMC,NOAA20,Verified Fire,JAMBI SMF,3066,2019,2019:3066,2019,3064,,,,,,,,False
103.39,-2.41,2019-09-18 17:00:00,ASMC,NOAA20,Verified No fire,SUMSEL MUBA,3067,2019,2019:3067,2019,3065,,,,,,,,False
101.925,-0.98,2019-09-18 17:00:00,ASMC,NOAA20,Verified No fire,JAMBI SMF,3068,2019,2019:3068,2019,3066,,,,,,,,False
105.485,-3.74,2019-09-18 17:00:00,ASMC,NOAA20,Verified Fire,SUMSEL,3069,2019,2019:3069,2019,3067,,,,,,,,False
103.60210419,-1.37183452,2019-09-19 01:00:00,LAPAN,Aqua,Verified Fire,JAMBI SMF,3072,2019,2019:3072,2019,3070,,,,,,,,False
103.59017944,-1.16155183,2019-09-19 01:00:00,LAPAN,Aqua,Verified Fire,JAMBI SMF,3073,2019,2019:3073,2019,3071,,,,,,,,False
103.59357452,-1.37881041,2019-09-19 01:00:00,LAPAN,Aqua,Verified Fire,JAMBI SMF,3074,2019,2019:3074,2019,3072,,,,,,,,False
103.60800171,-1.38111949,2019-09-19 01:00:00,LAPAN,Aqua,Verified Fire,JAMBI SMF,3075,2019,2019:3075,2019,3073,,,,,,,,False
105.53147,-3.25128,2019-09-19 10:00:00,0-3082272,Unknown,Verified Fire,SUMSEL,3077,2019,2019:3077,2019,3075,,,,,,,,False
104.00140381,-1.9747535,2019-09-19 13:00:00,LAPAN,SNPP,Fire inside Sitrep,SUMSEL MUBA,3087,2019,2019:3087,2019,3085,,,,,,,,False
103.95809174,-1.9653126,2019-09-19 13:00:00,LAPAN,SNPP,Verified No fire,SUMSEL MUBA,3088,2019,2019:3088,2019,3086,,,,,,,,False
105.33282471,-3.11533284,2019-09-19 13:00:00,LAPAN,SNPP,Verified Fire,SUMSEL,3091,2019,2019:3091,2019,3089,,,,,,,,False
105.30888367,-3.11909103,2019-09-19 13:00:00,LAPAN,SNPP,Verified Fire,SUMSEL,3092,2019,2019:3092,2019,3090,,,,,,,,False
105.30158997,-2.69646335,2019-09-19 13:00:00,LAPAN,SNPP,Verified Fire,SUMSEL,3096,2019,2019:3096,2019,3094,,,,,,,,False
105.472114563,-3.72265553474,2019-09-19 13:00:00,LAPAN,Aqua,Verified Fire,SUMSEL,3097,2019,2019:3097,2019,3095,,,,,,,,False
105.45590973,-3.75375748,2019-09-19 13:00:00,LAPAN,SNPP,Verified Fire,SUMSEL,3098,2019,2019:3098,2019,3096,,,,,,,,False
103.84190369,-2.01593494,2019-09-19 13:00:00,LAPAN,SNPP,Verified Fire,SUMSEL MUBA,3101,2019,2019:3101,2019,3099,,,,,,,,False
104.12601471,-1.72201955,2019-09-19 13:00:00,LAPAN,SNPP,Fire inside Sitrep,SUMSEL MUBA,3104,2019,2019:3104,2019,3102,,,,,,,,False
103.94672394,-1.95899713,2019-09-19 13:00:00,LAPAN,SNPP,Verified No fire,SUMSEL MUBA,3112,2019,2019:3112,2019,3110,,,,,,,,False
104.14038086,-1.68575168,2019-09-19 13:00:00,LAPAN,SNPP,Fire inside Sitrep,SUMSEL MUBA,3114,2019,2019:3114,2019,3112,,,,,,,,False
103.96949768,-1.97163546,2019-09-19 13:00:00,LAPAN,SNPP,Fire inside Sitrep,SUMSEL MUBA,3116,2019,2019:3116,2019,3114,,,,,,,,False
105.451683044,-3.33415865898,2019-09-19 13:00:00,LAPAN,Aqua,Verified Fire,SUMSEL,3118,2019,2019:3118,2019,3116,,,,,,,,False
103.9467,-1.959,2019-09-19 13:00:00,ASMC,NOAA20,Fire inside Sitrep,SUMSEL MUBA,3119,2019,2019:3119,2019,3117,,,,,,,,False
105.73177338,-3.70137119,2019-09-19 13:00:00,LAPAN,SNPP,Verified Fire,SUMSEL,3123,2019,2019:3123,2019,3121,,,,,,,,False
105.473854065,-3.73531794548,2019-09-19 13:00:00,LAPAN,Aqua,Verified Fire,SUMSEL,3124,2019,2019:3124,2019,3122,,,,,,,,False
105.3997879,-3.23345351,2019-09-19 13:00:00,LAPAN,SNPP,Verified Fire,SUMSEL,3125,2019,2019:3125,2019,3123,,,,,,,,False
105.65232,-3.31583,2019-09-19 15:00:00,0-3083220,Unknown,Verified Fire,SUMSEL,3128,2019,2019:3128,2019,3126,,,,,,,,False
103.93663788,-1.95700645,2019-09-20 00:00:00,LAPAN,SNPP,Verified No fire,SUMSEL MUBA,3194,2019,2019:3194,2019,3192,,,,,,,,False
103.96469879,-1.96153104,2019-09-20 00:00:00,LAPAN,SNPP,Verified No fire,SUMSEL MUBA,3195,2019,2019:3195,2019,3193,,,,,,,,False
103.99951935,-1.96714914,2019-09-20 00:00:00,LAPAN,SNPP,Fire inside Sitrep,SUMSEL MUBA,3196,2019,2019:3196,2019,3194,,,,,,,,False
103.97576141,-1.98143399,2019-09-20 00:00:00,LAPAN,SNPP,Fire inside Sitrep,SUMSEL MUBA,3197,2019,2019:3197,2019,3195,,,,,,,,False
103.96985626,-1.9735291,2019-09-20 00:00:00,LAPAN,SNPP,Fire inside Sitrep,SUMSEL MUBA,3198,2019,2019:3198,2019,3196,,,,,,,,False
103.95953369,-1.94952083,2019-09-20 00:00:00,LAPAN,SNPP,Verified No fire,SUMSEL MUBA,3199,2019,2019:3199,2019,3197,,,,,,,,False
103.98383331,-1.97577417,2019-09-20 00:00:00,LAPAN,SNPP,Fire inside Sitrep,SUMSEL MUBA,3200,2019,2019:3200,2019,3198,,,,,,,,False
104.12536621,-1.71709692,2019-09-20 00:00:00,LAPAN,SNPP,Fire inside Sitrep,SUMSEL MUBA,3201,2019,2019:3201,2019,3199,,,,,,,,False
103.5721817,-1.26628745,2019-09-20 00:00:00,LAPAN,SNPP,Verified Fire,JAMBI SMF,3202,2019,2019:3202,2019,3200,,,,,,,,False
103.94551086,-1.94724405,2019-09-20 00:00:00,LAPAN,SNPP,Verified No fire,SUMSEL MUBA,3203,2019,2019:3203,2019,3201,,,,,,,,False
104.00144958,-1.95631003,2019-09-20 00:00:00,LAPAN,SNPP,Verified No fire,SUMSEL MUBA,3204,2019,2019:3204,2019,3202,,,,,,,,False
103.99774933,-1.9780134,2019-09-20 00:00:00,LAPAN,SNPP,Fire inside Sitrep,SUMSEL MUBA,3205,2019,2019:3205,2019,3203,,,,,,,,False
103.59545898,-1.37715125,2019-09-20 00:00:00,LAPAN,SNPP,Verified Fire,JAMBI SMF,3206,2019,2019:3206,2019,3204,,,,,,,,False
103.98749542,-1.95405293,2019-09-20 00:00:00,LAPAN,SNPP,Fire inside Sitrep,SUMSEL MUBA,3207,2019,2019:3207,2019,3205,,,,,,,,False
103.94888306,-1.97016108,2019-09-20 00:00:00,LAPAN,SNPP,Fire inside Sitrep,SUMSEL MUBA,3208,2019,2019:3208,2019,3206,,,,,,,,False
103.95069122,-1.95927095,2019-09-20 00:00:00,LAPAN,SNPP,Fire inside Sitrep,SUMSEL MUBA,3209,2019,2019:3209,2019,3207,,,,,,,,False
103.96136475,-1.93863261,2019-09-20 00:00:00,LAPAN,SNPP,Verified No fire,SUMSEL MUBA,3210,2019,2019:3210,2019,3208,,,,,,,,False
103.990486145,-1.96494722366,2019-09-20 10:00:00,LAPAN,Terra,Fire inside Sitrep,SUMSEL MUBA,3296,2019,2019:3296,2019,3294,,,,,,,,False
106.021408081,-3.2179377079,2019-09-20 10:00:00,LAPAN,Terra,Verified Fire,SUMSEL,3301,2019,2019:3301,2019,3299,,,,,,,,False
103.997291565,-1.95498764515,2019-09-20 10:00:00,LAPAN,Terra,Verified No fire,SUMSEL MUBA,3302,2019,2019:3302,2019,3300,,,,,,,,False
106.01512909,-3.22840619,2019-09-20 13:00:00,LAPAN,SNPP,Verified Fire,SUMSEL,3314,2019,2019:3314,2019,3312,,,,,,,,False
106.021781921,-3.240234375,2019-09-20 13:00:00,LAPAN,Aqua,Verified Fire,SUMSEL,3315,2019,2019:3315,2019,3313,,,,,,,,False
106.02349854,-3.23409271,2019-09-20 13:00:00,LAPAN,SNPP,Verified Fire,SUMSEL,3316,2019,2019:3316,2019,3314,,,,,,,,False
103.99452972,-1.94797826,2019-09-20 13:00:00,LAPAN,SNPP,Verified No fire,SUMSEL MUBA,3317,2019,2019:3317,2019,3315,,,,,,,,False
105.52659607,-3.26884794,2019-09-20 13:00:00,LAPAN,SNPP,Verified Fire,SUMSEL,3318,2019,2019:3318,2019,3316,,,,,,,,False
103.94543457,-1.94865239,2019-09-20 13:00:00,LAPAN,SNPP,Fire inside Sitrep,SUMSEL MUBA,3320,2019,2019:3320,2019,3318,,,,,,,,False
103.9776001,-1.97119725,2019-09-20 13:00:00,LAPAN,SNPP,Fire inside Sitrep,SUMSEL MUBA,3321,2019,2019:3321,2019,3319,,,,,,,,False
103.95600128,-1.96770811,2019-09-20 13:00:00,LAPAN,SNPP,Fire inside Sitrep,SUMSEL MUBA,3323,2019,2019:3323,2019,3321,,,,,,,,False
103.94225311,-1.96978986,2019-09-20 13:00:00,LAPAN,SNPP,Fire inside Sitrep,SUMSEL MUBA,3324,2019,2019:3324,2019,3322,,,,,,,,False
103.9877,-1.949,2019-09-20 13:00:00,ASMC,NOAA20,Verified No fire,SUMSEL MUBA,3326,2019,2019:3326,2019,3324,,,,,,,,False
103.9886,-1.9556,2019-09-20 13:00:00,ASMC,NOAA20,Verified Fire,SUMSEL MUBA,3327,2019,2019:3327,2019,3325,,,,,,,,False
105.45759583,-3.75492716,2019-09-20 13:00:00,LAPAN,SNPP,Verified Fire,SUMSEL,3332,2019,2019:3332,2019,3330,,,,,,,,False
105.46446228,-3.72311139107,2019-09-20 13:00:00,LAPAN,Aqua,Verified Fire,SUMSEL,3334,2019,2019:3334,2019,3332,,,,,,,,False
105.44850922,-3.74262786,2019-09-20 13:00:00,LAPAN,SNPP,Verified Fire,SUMSEL,3335,2019,2019:3335,2019,3333,,,,,,,,False
105.47270203,-3.71152997,2019-09-20 13:00:00,LAPAN,SNPP,Verified Fire,SUMSEL,3337,2019,2019:3337,2019,3335,,,,,,,,False
105.87529755,-3.85985136,2019-09-20 13:00:00,LAPAN,SNPP,Verified Fire,SUMSEL,3338,2019,2019:3338,2019,3336,,,,,,,,False
105.46694183,-3.81421208,2019-09-20 13:00:00,LAPAN,SNPP,Verified Fire,SUMSEL,3340,2019,2019:3340,2019,3338,,,,,,,,False
103.9543,-1.9608,2019-09-20 13:00:00,ASMC,NOAA20,Fire inside Sitrep,SUMSEL MUBA,3342,2019,2019:3342,2019,3340,,,,,,,,False
103.9464,-1.9553,2019-09-20 13:00:00,ASMC,NOAA20,Fire inside Sitrep,SUMSEL MUBA,3343,2019,2019:3343,2019,3341,,,,,,,,False
103.9602,-1.9532,2019-09-20 13:00:00,ASMC,NOAA20,Fire inside Sitrep,SUMSEL MUBA,3346,2019,2019:3346,2019,3344,,,,,,,,False
103.9707,-1.9722,2019-09-20 13:00:00,ASMC,NOAA20,Fire inside Sitrep,SUMSEL MUBA,3347,2019,2019:3347,2019,3345,,,,,,,,False
103.34120178,-1.5516181,2019-09-20 13:00:00,LAPAN,SNPP,Verified No fire,JAMBI SMF,3349,2019,2019:3349,2019,3347,,,,,,,,False
104.139907837,-1.69002592564,2019-09-20 13:00:00,LAPAN,Aqua,Fire inside Sitrep,SUMSEL MUBA,3350,2019,2019:3350,2019,3348,,,,,,,,False
104.1559,-1.6725,2019-09-20 13:00:00,ASMC,NOAA20,Fire inside Sitrep,SUMSEL MUBA,3354,2019,2019:3354,2019,3352,,,,,,,,False
104.09796143,-1.70837283,2019-09-20 13:00:00,LAPAN,SNPP,Fire inside Sitrep,SUMSEL MUBA,3355,2019,2019:3355,2019,3353,,,,,,,,False
105.184,-3.111,2019-09-20 13:00:00,ASMC,NOAA20,Verified Fire,SUMSEL,3358,2019,2019:3358,2019,3356,,,,,,,,False
103.98864746,-1.95563042,2019-09-20 13:00:00,LAPAN,SNPP,Verified Fire,SUMSEL MUBA,3360,2019,2019:3360,2019,3358,,,,,,,,False
105.52151489,-3.2833724,2019-09-20 13:00:00,LAPAN,SNPP,Verified Fire,SUMSEL,3362,2019,2019:3362,2019,3360,,,,,,,,False
103.84313965,-2.01184011,2019-09-20 13:00:00,LAPAN,SNPP,Verified Fire,SUMSEL MUBA,3364,2019,2019:3364,2019,3362,,,,,,,,False
103.97171783,-1.97884965,2019-09-20 13:00:00,LAPAN,SNPP,Fire inside Sitrep,SUMSEL MUBA,3366,2019,2019:3366,2019,3364,,,,,,,,False
103.96115875,-1.95979297,2019-09-20 13:00:00,LAPAN,SNPP,Fire inside Sitrep,SUMSEL MUBA,3367,2019,2019:3367,2019,3365,,,,,,,,False
103.947555542,-1.97131490707,2019-09-20 13:00:00,LAPAN,Aqua,Fire inside Sitrep,SUMSEL MUBA,3368,2019,2019:3368,2019,3366,,,,,,,,False
105.470161438,-3.81503367424,2019-09-20 13:00:00,LAPAN,Aqua,Verified Fire,SUMSEL,3371,2019,2019:3371,2019,3369,,,,,,,,False
105.47467804,-3.72493029,2019-09-20 13:00:00,LAPAN,SNPP,Verified Fire,SUMSEL,3373,2019,2019:3373,2019,3371,,,,,,,,False
105.62677002,-3.8651886,2019-09-20 13:00:00,LAPAN,SNPP,Verified Fire,SUMSEL,3374,2019,2019:3374,2019,3372,,,,,,,,False
103.3412,-1.5516,2019-09-20 13:00:00,ASMC,NOAA20,Verified No fire,JAMBI SMF,3380,2019,2019:3380,2019,3378,,,,,,,,False
104.136726379,-1.71705245972,2019-09-20 13:00:00,LAPAN,Aqua,Verified No fire,SUMSEL MUBA,3381,2019,2019:3381,2019,3379,,,,,,,,False
104.0921,-1.716,2019-09-20 13:00:00,ASMC,NOAA20,Fire inside Sitrep,SUMSEL MUBA,3383,2019,2019:3383,2019,3381,,,,,,,,False
104.09207916,-1.7160275,2019-09-20 13:00:00,LAPAN,SNPP,Fire inside Sitrep,SUMSEL MUBA,3385,2019,2019:3385,2019,3383,,,,,,,,False
104.1292,-1.7243,2019-09-20 13:00:00,ASMC,NOAA20,Fire inside Sitrep,SUMSEL MUBA,3386,2019,2019:3386,2019,3384,,,,,,,,False
103.8878,-1.3536,2019-09-20 13:00:00,ASMC,NOAA20,Verified Fire,JAMBI SMF,3389,2019,2019:3389,2019,3387,,,,,,,,False
103.88780975,-1.35355508,2019-09-20 13:00:00,LAPAN,SNPP,Verified Fire,JAMBI SMF,3390,2019,2019:3390,2019,3388,,,,,,,,False
103.783,-1.315,2019-09-20 13:00:00,ASMC,NOAA20,Verified Fire,JAMBI SMF,3391,2019,2019:3391,2019,3389,,,,,,,,False
103.20160675,-2.33938575,2019-09-20 13:00:00,LAPAN,SNPP,Verified No fire,SUMSEL MUBA,3392,2019,2019:3392,2019,3390,,,,,,,,False
103.24072266,-2.40806413,2019-09-20 13:00:00,LAPAN,SNPP,Verified No fire,SUMSEL MUBA,3393,2019,2019:3393,2019,3391,,,,,,,,False
103.78298187,-1.31496191,2019-09-20 13:00:00,LAPAN,SNPP,Verified Fire,JAMBI SMF,3394,2019,2019:3394,2019,3392,,,,,,,,False
102.89336395,-0.85921144,2019-09-20 13:00:00,LAPAN,SNPP,Verified No fire,JAMBI SMF,3395,2019,2019:3395,2019,3393,,,,,,,,False
102.8934,-0.8592,2019-09-20 13:00:00,ASMC,NOAA20,Verified No fire,JAMBI SMF,3396,2019,2019:3396,2019,3394,,,,,,,,False
102.8824234,-0.8812753,2019-09-20 13:00:00,LAPAN,SNPP,Verified No fire,JAMBI SMF,3397,2019,2019:3397,2019,3395,,,,,,,,False
103.3985,-2.4658,2019-09-20 13:00:00,ASMC,NOAA20,Verified No fire,SUMSEL MUBA,3399,2019,2019:3399,2019,3397,,,,,,,,False
102.8824,-0.8813,2019-09-20 13:00:00,ASMC,NOAA20,Verified No fire,JAMBI SMF,3401,2019,2019:3401,2019,3399,,,,,,,,False
102.8755,-0.8823,2019-09-20 13:00:00,ASMC,NOAA20,Verified No fire,JAMBI SMF,3402,2019,2019:3402,2019,3400,,,,,,,,False
105.51745605,-3.25650692,2019-09-20 13:00:00,LAPAN,SNPP,Verified Fire,SUMSEL,3406,2019,2019:3406,2019,3404,,,,,,,,False
105.516151428,-3.26839184761,2019-09-20 13:00:00,LAPAN,Aqua,Verified Fire,SUMSEL,3407,2019,2019:3407,2019,3405,,,,,,,,False
103.99233246,-1.97572637,2019-09-20 13:00:00,LAPAN,SNPP,Fire inside Sitrep,SUMSEL MUBA,3409,2019,2019:3409,2019,3407,,,,,,,,False
104.15590668,-1.67253625,2019-09-20 13:00:00,LAPAN,SNPP,Fire inside Sitrep,SUMSEL MUBA,3411,2019,2019:3411,2019,3409,,,,,,,,False
101.95819855,-1.07390845,2019-09-20 13:00:00,LAPAN,SNPP,Verified Fire,JAMBI SMF,3412,2019,2019:3412,2019,3410,,,,,,,,False
105.28553772,-2.70220184,2019-09-20 13:00:00,LAPAN,SNPP,Verified No fire,SUMSEL,3413,2019,2019:3413,2019,3411,,,,,,,,False
105.65087891,-3.31866598,2019-09-20 13:00:00,LAPAN,SNPP,Verified Fire,SUMSEL,3418,2019,2019:3418,2019,3416,,,,,,,,False
105.18403625,-3.11102128,2019-09-20 13:00:00,LAPAN,SNPP,Verified Fire,SUMSEL,3419,2019,2019:3419,2019,3417,,,,,,,,False
103.9776,-1.9712,2019-09-20 13:00:00,ASMC,NOAA20,Fire inside Sitrep,SUMSEL MUBA,3421,2019,2019:3421,2019,3419,,,,,,,,False
105.88352203,-3.86548924,2019-09-20 13:00:00,LAPAN,SNPP,Verified Fire,SUMSEL,3425,2019,2019:3425,2019,3423,,,,,,,,False
105.26457977,-2.84822941,2019-09-20 13:00:00,LAPAN,SNPP,Verified Fire,SUMSEL,3426,2019,2019:3426,2019,3424,,,,,,,,False
103.2407,-2.4081,2019-09-20 13:00:00,ASMC,NOAA20,Verified No fire,SUMSEL MUBA,3429,2019,2019:3429,2019,3427,,,,,,,,False
103.94741058,-1.96187449,2019-09-20 13:00:00,LAPAN,SNPP,Fire inside Sitrep,SUMSEL MUBA,3431,2019,2019:3431,2019,3429,,,,,,,,False
104.12921143,-1.72426188,2019-09-20 13:00:00,LAPAN,SNPP,Fire inside Sitrep,SUMSEL MUBA,3434,2019,2019:3434,2019,3432,,,,,,,,False
104.1265,-1.7108,2019-09-20 13:00:00,ASMC,NOAA20,Fire inside Sitrep,SUMSEL MUBA,3435,2019,2019:3435,2019,3433,,,,,,,,False
103.5456,-2.0025,2019-09-20 13:00:00,ASMC,NOAA20,Fire inside Sitrep,SUMSEL MUBA,3436,2019,2019:3436,2019,3434,,,,,,,,False
105.4415,-3.7437,2019-09-20 13:00:00,ASMC,NOAA20,Verified Fire,SUMSEL,3437,2019,2019:3437,2019,3435,,,,,,,,False
105.6284256,-3.2669611,2019-09-20 13:00:00,LAPAN,SNPP,Verified Fire,SUMSEL,3438,2019,2019:3438,2019,3436,,,,,,,,False
104.13135529,-1.69655108,2019-09-20 13:00:00,LAPAN,SNPP,Fire inside Sitrep,SUMSEL MUBA,3440,2019,2019:3440,2019,3438,,,,,,,,False
103.95329285,-1.95422256,2019-09-20 13:00:00,LAPAN,SNPP,Fire inside Sitrep,SUMSEL MUBA,3443,2019,2019:3443,2019,3441,,,,,,,,False
105.5093,-3.2509,2019-09-20 13:00:00,ASMC,NOAA20,Verified Fire,SUMSEL,3445,2019,2019:3445,2019,3443,,,,,,,,False
105.65687561,-3.63658905,2019-09-20 13:00:00,LAPAN,SNPP,Verified Fire,SUMSEL,3447,2019,2019:3447,2019,3445,,,,,,,,False
105.45276642,-2.56130958,2019-09-20 13:00:00,LAPAN,SNPP,Verified No fire,SUMSEL,3449,2019,2019:3449,2019,3447,,,,,,,,False
103.39951324,-2.47245169,2019-09-20 13:00:00,LAPAN,SNPP,Verified No fire,SUMSEL MUBA,3450,2019,2019:3450,2019,3448,,,,,,,,False
103.9423,-1.9698,2019-09-20 13:00:00,ASMC,NOAA20,Fire inside Sitrep,SUMSEL MUBA,3451,2019,2019:3451,2019,3449,,,,,,,,False
104.12645721,-1.71082211,2019-09-20 13:00:00,LAPAN,SNPP,Fire inside Sitrep,SUMSEL MUBA,3453,2019,2019:3453,2019,3451,,,,,,,,False
104.1223,-1.7253,2019-09-20 13:00:00,ASMC,NOAA20,Fire inside Sitrep,SUMSEL MUBA,3454,2019,2019:3454,2019,3452,,,,,,,,False
105.32185364,-3.71419024,2019-09-20 13:00:00,LAPAN,SNPP,Verified Fire,SUMSEL,3455,2019,2019:3455,2019,3453,,,,,,,,False
105.50933838,-3.25088,2019-09-20 13:00:00,LAPAN,SNPP,Verified Fire,SUMSEL,3457,2019,2019:3457,2019,3455,,,,,,,,False
105.29968262,-2.70004582,2019-09-20 13:00:00,LAPAN,SNPP,Verified Fire,SUMSEL,3458,2019,2019:3458,2019,3456,,,,,,,,False
105.65776062,-3.63779449463,2019-09-20 13:00:00,LAPAN,Aqua,Verified Fire,SUMSEL,3459,2019,2019:3459,2019,3457,,,,,,,,False
103.944541931,-1.95063555241,2019-09-20 13:00:00,LAPAN,Aqua,Fire inside Sitrep,SUMSEL MUBA,3462,2019,2019:3462,2019,3460,,,,,,,,False
105.48985291,-3.72945142,2019-09-20 13:00:00,LAPAN,SNPP,Verified Fire,SUMSEL,3465,2019,2019:3465,2019,3463,,,,,,,,False
105.46662903,-3.71931171,2019-09-20 13:00:00,LAPAN,SNPP,Verified Fire,SUMSEL,3466,2019,2019:3466,2019,3464,,,,,,,,False
105.19806671,-3.10887098,2019-09-20 13:00:00,LAPAN,SNPP,Verified Fire,SUMSEL,3468,2019,2019:3468,2019,3466,,,,,,,,False
102.92315674,-0.86831504,2019-09-20 13:00:00,LAPAN,SNPP,Verified Fire,JAMBI SMF,3469,2019,2019:3469,2019,3467,,,,,,,,False
104.113220215,-1.73126935959,2019-09-20 13:00:00,LAPAN,Aqua,Fire inside Sitrep,SUMSEL MUBA,3472,2019,2019:3472,2019,3470,,,,,,,,False
101.9582,-1.0739,2019-09-20 13:00:00,ASMC,NOAA20,Verified Fire,JAMBI SMF,3474,2019,2019:3474,2019,3472,,,,,,,,False
104.1274,-1.7174,2019-09-20 13:00:00,ASMC,NOAA20,Fire inside Sitrep,SUMSEL MUBA,3475,2019,2019:3475,2019,3473,,,,,,,,False
103.96974182,-1.9656266,2019-09-20 13:00:00,LAPAN,SNPP,Fire inside Sitrep,SUMSEL MUBA,3477,2019,2019:3477,2019,3475,,,,,,,,False
104.14412689,-1.68785203,2019-09-20 13:00:00,LAPAN,SNPP,Fire inside Sitrep,SUMSEL MUBA,3485,2019,2019:3485,2019,3483,,,,,,,,False
103.97958374,-1.9844203,2019-09-20 13:00:00,LAPAN,SNPP,Verified No fire,SUMSEL MUBA,3487,2019,2019:3487,2019,3485,,,,,,,,False
103.54555511,-2.00245714,2019-09-20 13:00:00,LAPAN,SNPP,Verified No fire,SUMSEL MUBA,3489,2019,2019:3489,2019,3487,,,,,,,,False
103.958145142,-1.93854033947,2019-09-21 09:00:00,LAPAN,Terra,Fire inside Sitrep,SUMSEL MUBA,3560,2019,2019:3560,2019,3558,,,,,,,,False
103.930732727,-1.96280169487,2019-09-21 09:00:00,LAPAN,Terra,Fire inside Sitrep,SUMSEL MUBA,3561,2019,2019:3561,2019,3559,,,,,,,,False
103.96245575,-1.94702208042,2019-09-21 09:00:00,LAPAN,Terra,Fire inside Sitrep,SUMSEL MUBA,3562,2019,2019:3562,2019,3560,,,,,,,,False
103.975280762,-1.98378956318,2019-09-21 09:00:00,LAPAN,Terra,Fire inside Sitrep,SUMSEL MUBA,3563,2019,2019:3563,2019,3561,,,,,,,,False
102.931419373,-0.869069874287,2019-09-21 09:00:00,LAPAN,Terra,Verified No fire,JAMBI SMF,3564,2019,2019:3564,2019,3562,,,,,,,,False
103.977256775,-1.96989738941,2019-09-21 09:00:00,LAPAN,Terra,Fire inside Sitrep,SUMSEL MUBA,3565,2019,2019:3565,2019,3563,,,,,,,,False
104.137001038,-1.69844961166,2019-09-21 09:00:00,LAPAN,Terra,Fire inside Sitrep,SUMSEL MUBA,3566,2019,2019:3566,2019,3564,,,,,,,,False
103.985725403,-1.95042991638,2019-09-21 09:00:00,LAPAN,Terra,Verified No fire,SUMSEL MUBA,3567,2019,2019:3567,2019,3565,,,,,,,,False
104.00252533,-1.95958459377,2019-09-21 09:00:00,LAPAN,Terra,Verified No fire,SUMSEL MUBA,3568,2019,2019:3568,2019,3566,,,,,,,,False
105.352294922,-2.61257195473,2019-09-21 09:00:00,LAPAN,Terra,Verified No fire,SUMSEL,3569,2019,2019:3569,2019,3567,,,,,,,,False
103.954093933,-1.96636462212,2019-09-21 09:00:00,LAPAN,Terra,Fire inside Sitrep,SUMSEL MUBA,3570,2019,2019:3570,2019,3568,,,,,,,,False
103.998420715,-1.98729074001,2019-09-21 09:00:00,LAPAN,Terra,Verified No fire,SUMSEL MUBA,3571,2019,2019:3571,2019,3569,,,,,,,,False
104.129074097,-1.70406079292,2019-09-21 09:00:00,LAPAN,Terra,Fire inside Sitrep,SUMSEL MUBA,3572,2019,2019:3572,2019,3570,,,,,,,,False
103.981376648,-1.94213783741,2019-09-21 09:00:00,LAPAN,Terra,Verified No fire,SUMSEL MUBA,3573,2019,2019:3573,2019,3571,,,,,,,,False
105.456985474,-3.81701254845,2019-09-21 12:00:00,LAPAN,Aqua,Verified Fire,SUMSEL,3589,2019,2019:3589,2019,3587,,,,,,,,False
105.49016571,-3.81256008148,2019-09-21 12:00:00,LAPAN,Aqua,Verified Fire,SUMSEL,3597,2019,2019:3597,2019,3595,,,,,,,,False
105.456993103,-3.81701207161,2019-09-21 12:00:00,LAPAN,Aqua,Verified Fire,SUMSEL,3605,2019,2019:3605,2019,3603,,,,,,,,False
105.507759094,-3.25692248344,2019-09-21 12:00:00,LAPAN,Aqua,Verified Fire,SUMSEL,3610,2019,2019:3610,2019,3608,,,,,,,,False
105.49016571,-3.81256055832,2019-09-21 12:00:00,LAPAN,Aqua,Verified Fire,SUMSEL,3613,2019,2019:3613,2019,3611,,,,,,,,False
102.92850494,-0.86420435,2019-09-21 13:00:00,LAPAN,SNPP,Verified No fire,JAMBI SMF,3614,2019,2019:3614,2019,3612,,,,,,,,False
105.62890625,-3.86215305,2019-09-21 13:00:00,LAPAN,SNPP,Verified Fire,SUMSEL,3615,2019,2019:3615,2019,3613,,,,,,,,False
105.65300751,-3.46611404,2019-09-21 13:00:00,LAPAN,SNPP,Verified Fire,SUMSEL,3616,2019,2019:3616,2019,3614,,,,,,,,False
105.45567322,-3.76457572,2019-09-21 13:00:00,LAPAN,SNPP,Verified Fire,SUMSEL,3617,2019,2019:3617,2019,3615,,,,,,,,False
105.33183289,-3.11037612,2019-09-21 13:00:00,LAPAN,SNPP,Verified Fire,SUMSEL,3618,2019,2019:3618,2019,3616,,,,,,,,False
105.29553986,-3.10817719,2019-09-21 13:00:00,LAPAN,SNPP,Verified Fire,SUMSEL,3619,2019,2019:3619,2019,3617,,,,,,,,False
105.22304535,-3.04110122,2019-09-21 13:00:00,LAPAN,SNPP,Verified Fire,SUMSEL,3620,2019,2019:3620,2019,3618,,,,,,,,False
105.1957,-3.1077,2019-09-21 13:00:00,ASMC,NOAA20,Verified Fire,SUMSEL,3627,2019,2019:3627,2019,3625,,,,,,,,False
105.3318,-3.1104,2019-09-21 13:00:00,ASMC,NOAA20,Verified Fire,SUMSEL,3628,2019,2019:3628,2019,3626,,,,,,,,False
103.95424652,-1.96778882,2019-09-21 13:00:00,LAPAN,SNPP,Fire inside Sitrep,SUMSEL MUBA,3632,2019,2019:3632,2019,3630,,,,,,,,False
103.96440887,-1.94721758,2019-09-21 13:00:00,LAPAN,SNPP,Fire inside Sitrep,SUMSEL MUBA,3633,2019,2019:3633,2019,3631,,,,,,,,False
105.7757,-3.8476,2019-09-21 13:00:00,ASMC,NOAA20,Verified Fire,SUMSEL,3634,2019,2019:3634,2019,3632,,,,,,,,False
103.43940735,-2.30100274,2019-09-21 13:00:00,LAPAN,SNPP,Fire inside Sitrep,SUMSEL MUBA,3639,2019,2019:3639,2019,3637,,,,,,,,False
105.48421478,-3.77546048,2019-09-21 13:00:00,LAPAN,SNPP,Verified Fire,SUMSEL,3640,2019,2019:3640,2019,3638,,,,,,,,False
105.44606018,-3.62743187,2019-09-21 13:00:00,LAPAN,SNPP,Verified Fire,SUMSEL,3641,2019,2019:3641,2019,3639,,,,,,,,False
105.33856201,-3.69662762,2019-09-21 13:00:00,LAPAN,SNPP,Verified Fire,SUMSEL,3642,2019,2019:3642,2019,3640,,,,,,,,False
105.563591,-3.44599581,2019-09-21 13:00:00,LAPAN,SNPP,Verified Fire,SUMSEL,3643,2019,2019:3643,2019,3641,,,,,,,,False
105.34169769,-3.11647105,2019-09-21 13:00:00,LAPAN,SNPP,Verified Fire,SUMSEL,3644,2019,2019:3644,2019,3642,,,,,,,,False
103.99364471,-1.95394766,2019-09-21 13:00:00,LAPAN,SNPP,Verified No fire,SUMSEL MUBA,3646,2019,2019:3646,2019,3644,,,,,,,,False
105.47475433,-3.31331587,2019-09-21 13:00:00,LAPAN,SNPP,Verified Fire,SUMSEL,3650,2019,2019:3650,2019,3648,,,,,,,,False
105.3558,-3.1622,2019-09-21 13:00:00,ASMC,NOAA20,Verified Fire,SUMSEL,3652,2019,2019:3652,2019,3650,,,,,,,,False
105.4921,-3.2506,2019-09-21 13:00:00,ASMC,NOAA20,Verified Fire,SUMSEL,3654,2019,2019:3654,2019,3652,,,,,,,,False
104.1358,-1.6886,2019-09-21 13:00:00,ASMC,NOAA20,Fire inside Sitrep,SUMSEL MUBA,3655,2019,2019:3655,2019,3653,,,,,,,,False
104.12940216,-1.71350777,2019-09-21 13:00:00,LAPAN,SNPP,Fire inside Sitrep,SUMSEL MUBA,3656,2019,2019:3656,2019,3654,,,,,,,,False
104.1113205,-1.74451447,2019-09-21 13:00:00,LAPAN,SNPP,Fire inside Sitrep,SUMSEL MUBA,3657,2019,2019:3657,2019,3655,,,,,,,,False
104.1381,-1.7042,2019-09-21 13:00:00,ASMC,NOAA20,Fire inside Sitrep,SUMSEL MUBA,3658,2019,2019:3658,2019,3656,,,,,,,,False
104.1294,-1.7135,2019-09-21 13:00:00,ASMC,NOAA20,Fire inside Sitrep,SUMSEL MUBA,3659,2019,2019:3659,2019,3657,,,,,,,,False
105.223,-3.0411,2019-09-21 13:00:00,ASMC,NOAA20,Verified Fire,SUMSEL,3660,2019,2019:3660,2019,3658,,,,,,,,False
105.5636,-3.446,2019-09-21 13:00:00,ASMC,NOAA20,Verified Fire,SUMSEL,3663,2019,2019:3663,2019,3661,,,,,,,,False
103.9429,-1.9613,2019-09-21 13:00:00,ASMC,NOAA20,Fire inside Sitrep,SUMSEL MUBA,3667,2019,2019:3667,2019,3665,,,,,,,,False
103.9543,-1.9488,2019-09-21 13:00:00,ASMC,NOAA20,Fire inside Sitrep,SUMSEL MUBA,3668,2019,2019:3668,2019,3666,,,,,,,,False
103.98703766,-1.97916341,2019-09-21 13:00:00,LAPAN,SNPP,Fire inside Sitrep,SUMSEL MUBA,3670,2019,2019:3670,2019,3668,,,,,,,,False
103.99714661,-1.97767043,2019-09-21 13:00:00,LAPAN,SNPP,Fire inside Sitrep,SUMSEL MUBA,3671,2019,2019:3671,2019,3669,,,,,,,,False
103.55034637,-2.00191092,2019-09-21 13:00:00,LAPAN,SNPP,Fire inside Sitrep,SUMSEL MUBA,3675,2019,2019:3675,2019,3673,,,,,,,,False
103.6258316,-2.11520028,2019-09-21 13:00:00,LAPAN,SNPP,Fire inside Sitrep,SUMSEL MUBA,3676,2019,2019:3676,2019,3674,,,,,,,,False
104.1271,-1.6979,2019-09-21 13:00:00,ASMC,NOAA20,Fire inside Sitrep,SUMSEL MUBA,3679,2019,2019:3679,2019,3677,,,,,,,,False
104.13808441,-1.70419574,2019-09-21 13:00:00,LAPAN,SNPP,Fire inside Sitrep,SUMSEL MUBA,3680,2019,2019:3680,2019,3678,,,,,,,,False
102.777,-1.0038,2019-09-21 13:00:00,ASMC,NOAA20,Verified No fire,JAMBI SMF,3685,2019,2019:3685,2019,3683,,,,,,,,False
102.86878204,-0.8817625,2019-09-21 13:00:00,LAPAN,SNPP,Verified No fire,JAMBI SMF,3686,2019,2019:3686,2019,3684,,,,,,,,False
102.8841,-0.8795,2019-09-21 13:00:00,ASMC,NOAA20,Verified No fire,JAMBI SMF,3687,2019,2019:3687,2019,3685,,,,,,,,False
102.9209,-0.8653,2019-09-21 13:00:00,ASMC,NOAA20,Verified Fire,JAMBI SMF,3688,2019,2019:3688,2019,3686,,,,,,,,False
105.51043701,-3.25542498,2019-09-21 13:00:00,LAPAN,SNPP,Verified Fire,SUMSEL,3689,2019,2019:3689,2019,3687,,,,,,,,False
102.77696991,-1.00376797,2019-09-21 13:00:00,LAPAN,SNPP,Verified No fire,JAMBI SMF,3690,2019,2019:3690,2019,3688,,,,,,,,False
105.50071716,-3.24932384,2019-09-21 13:00:00,LAPAN,SNPP,Verified Fire,SUMSEL,3691,2019,2019:3691,2019,3689,,,,,,,,False
103.89463806,-2.14168119,2019-09-21 13:00:00,LAPAN,SNPP,Verified Fire,SUMSEL MUBA,3692,2019,2019:3692,2019,3690,,,,,,,,False
103.93384552,-1.97076547,2019-09-21 13:00:00,LAPAN,SNPP,Fire inside Sitrep,SUMSEL MUBA,3693,2019,2019:3693,2019,3691,,,,,,,,False
103.97452545,-1.94567931,2019-09-21 13:00:00,LAPAN,SNPP,Verified Fire,SUMSEL MUBA,3694,2019,2019:3694,2019,3692,,,,,,,,False
104.12709808,-1.69788921,2019-09-21 13:00:00,LAPAN,SNPP,Fire inside Sitrep,SUMSEL MUBA,3695,2019,2019:3695,2019,3693,,,,,,,,False
104.13576508,-1.688591,2019-09-21 13:00:00,LAPAN,SNPP,Fire inside Sitrep,SUMSEL MUBA,3696,2019,2019:3696,2019,3694,,,,,,,,False
103.9261,-1.9693,2019-09-21 13:00:00,ASMC,NOAA20,Fire inside Sitrep,SUMSEL MUBA,3697,2019,2019:3697,2019,3695,,,,,,,,False
102.8917,-0.8783,2019-09-21 13:00:00,ASMC,NOAA20,Verified No fire,JAMBI SMF,3702,2019,2019:3702,2019,3700,,,,,,,,False
103.69200897,-2.40488887,2019-09-21 13:00:00,LAPAN,SNPP,Verified No fire,SUMSEL MUBA,3703,2019,2019:3703,2019,3701,,,,,,,,False
103.90032196,-2.13267589,2019-09-21 13:00:00,LAPAN,SNPP,Verified Fire,SUMSEL MUBA,3704,2019,2019:3704,2019,3702,,,,,,,,False
103.94409943,-1.95031118,2019-09-21 13:00:00,LAPAN,SNPP,Fire inside Sitrep,SUMSEL MUBA,3705,2019,2019:3705,2019,3703,,,,,,,,False
105.2142,-3.0424,2019-09-21 13:00:00,ASMC,NOAA20,Verified Fire,SUMSEL,3709,2019,2019:3709,2019,3707,,,,,,,,False
105.47854614,-3.80890274,2019-09-21 13:00:00,LAPAN,SNPP,Verified Fire,SUMSEL,3710,2019,2019:3710,2019,3708,,,,,,,,False
105.4657,-3.7101,2019-09-21 13:00:00,ASMC,NOAA20,Verified Fire,SUMSEL,3711,2019,2019:3711,2019,3709,,,,,,,,False
105.3406,-3.1091,2019-09-21 13:00:00,ASMC,NOAA20,Verified Fire,SUMSEL,3713,2019,2019:3713,2019,3711,,,,,,,,False
103.97690582,-1.98065352,2019-09-21 13:00:00,LAPAN,SNPP,Verified No fire,SUMSEL MUBA,3714,2019,2019:3714,2019,3712,,,,,,,,False
105.35582733,-3.16218615,2019-09-21 13:00:00,LAPAN,SNPP,Verified Fire,SUMSEL,3716,2019,2019:3716,2019,3714,,,,,,,,False
103.9632,-1.9393,2019-09-21 13:00:00,ASMC,NOAA20,Fire inside Sitrep,SUMSEL MUBA,3720,2019,2019:3720,2019,3718,,,,,,,,False
104.1456,-1.6871,2019-09-21 13:00:00,ASMC,NOAA20,Fire inside Sitrep,SUMSEL MUBA,3721,2019,2019:3721,2019,3719,,,,,,,,False
105.4939,-3.2548,2019-09-21 13:00:00,ASMC,NOAA20,Verified Fire,SUMSEL,3722,2019,2019:3722,2019,3720,,,,,,,,False
105.4524231,-3.74231744,2019-09-21 13:00:00,LAPAN,SNPP,Verified Fire,SUMSEL,3723,2019,2019:3723,2019,3721,,,,,,,,False
105.46568298,-3.71007466,2019-09-21 13:00:00,LAPAN,SNPP,Verified Fire,SUMSEL,3724,2019,2019:3724,2019,3722,,,,,,,,False
105.5136795,-3.27748108,2019-09-21 13:00:00,LAPAN,SNPP,Verified Fire,SUMSEL,3727,2019,2019:3727,2019,3725,,,,,,,,False
102.89168549,-0.87830275,2019-09-21 13:00:00,LAPAN,SNPP,Verified No fire,JAMBI SMF,3728,2019,2019:3728,2019,3726,,,,,,,,False
102.8688,-0.8818,2019-09-21 13:00:00,ASMC,NOAA20,Verified No fire,JAMBI SMF,3729,2019,2019:3729,2019,3727,,,,,,,,False
104.00837708,-1.98409414,2019-09-21 13:00:00,LAPAN,SNPP,Fire inside Sitrep,SUMSEL MUBA,3731,2019,2019:3731,2019,3729,,,,,,,,False
104.14558411,-1.68710566,2019-09-21 13:00:00,LAPAN,SNPP,Fire inside Sitrep,SUMSEL MUBA,3732,2019,2019:3732,2019,3730,,,,,,,,False
104.1113,-1.7445,2019-09-21 13:00:00,ASMC,NOAA20,Fire inside Sitrep,SUMSEL MUBA,3733,2019,2019:3733,2019,3731,,,,,,,,False
105.47868347,-3.79900837,2019-09-21 13:00:00,LAPAN,SNPP,Verified Fire,SUMSEL,3734,2019,2019:3734,2019,3732,,,,,,,,False
105.3294,-3.7071,2019-09-21 13:00:00,ASMC,NOAA20,Verified Fire,SUMSEL,3735,2019,2019:3735,2019,3733,,,,,,,,False
105.19573212,-3.10768247,2019-09-21 13:00:00,LAPAN,SNPP,Verified Fire,SUMSEL,3736,2019,2019:3736,2019,3734,,,,,,,,False
105.77565765,-3.8476069,2019-09-21 13:00:00,LAPAN,SNPP,Verified Fire,SUMSEL,3737,2019,2019:3737,2019,3735,,,,,,,,False
103.07983398,-2.28076267,2019-09-21 13:00:00,LAPAN,SNPP,Verified No fire,SUMSEL MUBA,3739,2019,2019:3739,2019,3737,,,,,,,,False
103.93508911,-1.95979369,2019-09-21 13:00:00,LAPAN,SNPP,Fire inside Sitrep,SUMSEL MUBA,3741,2019,2019:3741,2019,3739,,,,,,,,False
104.1283,-1.7057,2019-09-21 13:00:00,ASMC,NOAA20,Verified No fire,SUMSEL MUBA,3744,2019,2019:3744,2019,3742,,,,,,,,False
105.74900818,-3.78443456,2019-09-21 13:00:00,LAPAN,SNPP,Verified Fire,SUMSEL,3745,2019,2019:3745,2019,3743,,,,,,,,False
105.4785,-3.8089,2019-09-21 13:00:00,ASMC,NOAA20,Verified Fire,SUMSEL,3746,2019,2019:3746,2019,3744,,,,,,,,False
105.47692108,-3.32805347,2019-09-21 13:00:00,LAPAN,SNPP,Verified Fire,SUMSEL,3750,2019,2019:3750,2019,3748,,,,,,,,False
103.19986725,-2.39644361,2019-09-21 13:00:00,LAPAN,SNPP,Verified No fire,SUMSEL MUBA,3752,2019,2019:3752,2019,3750,,,,,,,,False
103.89228821,-2.12572455,2019-09-21 13:00:00,LAPAN,SNPP,Verified Fire,SUMSEL MUBA,3753,2019,2019:3753,2019,3751,,,,,,,,False
103.95426941,-1.94875991,2019-09-21 13:00:00,LAPAN,SNPP,Fire inside Sitrep,SUMSEL MUBA,3754,2019,2019:3754,2019,3752,,,,,,,,False
105.52340698,-3.28355193,2019-09-21 13:00:00,LAPAN,SNPP,Verified Fire,SUMSEL,3758,2019,2019:3758,2019,3756,,,,,,,,False
105.62083435,-3.23185563,2019-09-21 13:00:00,LAPAN,SNPP,Verified Fire,SUMSEL,3760,2019,2019:3760,2019,3758,,,,,,,,False
105.64759827,-3.55280185,2019-09-21 13:00:00,LAPAN,SNPP,Verified Fire,SUMSEL,3762,2019,2019:3762,2019,3760,,,,,,,,False
103.97059631,-2.17089248,2019-09-21 13:00:00,LAPAN,SNPP,Fire inside Sitrep,SUMSEL MUBA,3763,2019,2019:3763,2019,3761,,,,,,,,False
103.94406128,-1.96927369,2019-09-21 13:00:00,LAPAN,SNPP,Fire inside Sitrep,SUMSEL MUBA,3764,2019,2019:3764,2019,3762,,,,,,,,False
105.32943726,-3.70706511,2019-09-21 13:00:00,LAPAN,SNPP,Verified Fire,SUMSEL,3767,2019,2019:3767,2019,3765,,,,,,,,False
105.716087341,-3.7896335125,2019-09-22 10:00:00,LAPAN,Terra,Verified Fire,SUMSEL,3931,2019,2019:3931,2019,3929,,,,,,,,False
102.97542572,-1.08571815491,2019-09-22 10:00:00,LAPAN,Terra,Verified No fire,JAMBI SMF,3932,2019,2019:3932,2019,3930,,,,,,,,False
103.587211609,-1.26744830608,2019-09-22 10:00:00,LAPAN,Terra,Verified Fire,JAMBI SMF,3942,2019,2019:3942,2019,3940,,,,,,,,False
103.956855774,-1.93343377113,2019-09-22 10:00:00,LAPAN,Terra,Fire inside Sitrep,SUMSEL MUBA,3944,2019,2019:3944,2019,3942,,,,,,,,False
103.970329285,-1.92483520508,2019-09-22 10:00:00,LAPAN,Terra,Fire inside Sitrep,SUMSEL MUBA,3952,2019,2019:3952,2019,3950,,,,,,,,False
103.941955566,-1.95231831074,2019-09-22 10:00:00,LAPAN,Terra,Fire inside Sitrep,SUMSEL MUBA,3953,2019,2019:3953,2019,3951,,,,,,,,False
103.45618439,-2.24359584,2019-09-22 12:00:00,LAPAN,SNPP,Verified Fire,SUMSEL MUBA,3958,2019,2019:3958,2019,3956,,,,,,,,False
105.28609467,-2.70633841,2019-09-22 12:00:00,LAPAN,SNPP,Verified No fire,SUMSEL,3960,2019,2019:3960,2019,3958,,,,,,,,False
105.52071381,-3.27507496,2019-09-22 12:00:00,LAPAN,SNPP,Verified Fire,SUMSEL,3962,2019,2019:3962,2019,3960,,,,,,,,False
105.50476837,-3.24653745,2019-09-22 12:00:00,LAPAN,SNPP,Verified Fire,SUMSEL,3964,2019,2019:3964,2019,3962,,,,,,,,False
105.47264099,-3.31295753,2019-09-22 12:00:00,LAPAN,SNPP,Verified Fire,SUMSEL,3965,2019,2019:3965,2019,3963,,,,,,,,False
105.61592865,-3.57323074,2019-09-22 12:00:00,LAPAN,SNPP,Verified Fire,SUMSEL,3966,2019,2019:3966,2019,3964,,,,,,,,False
103.00547028,-2.32023787,2019-09-22 12:00:00,LAPAN,SNPP,Verified No fire,SUMSEL MUBA,3968,2019,2019:3968,2019,3966,,,,,,,,False
103.1846,-2.3893,2019-09-22 12:00:00,ASMC,NOAA20,Verified No fire,SUMSEL MUBA,3969,2019,2019:3969,2019,3967,,,,,,,,False
103.37602997,-2.48037648,2019-09-22 12:00:00,LAPAN,SNPP,Fire inside Sitrep,SUMSEL MUBA,3970,2019,2019:3970,2019,3968,,,,,,,,False
102.997,-2.3215,2019-09-22 12:00:00,ASMC,NOAA20,Verified No fire,SUMSEL MUBA,3972,2019,2019:3972,2019,3970,,,,,,,,False
103.1913681,-2.38838887,2019-09-22 12:00:00,LAPAN,SNPP,Verified No fire,SUMSEL MUBA,3975,2019,2019:3975,2019,3973,,,,,,,,False
103.54628754,-2.00218821,2019-09-22 12:00:00,LAPAN,SNPP,Fire inside Sitrep,SUMSEL MUBA,3979,2019,2019:3979,2019,3977,,,,,,,,False
105.33842468,-3.10751748,2019-09-22 12:00:00,LAPAN,SNPP,Verified Fire,SUMSEL,3980,2019,2019:3980,2019,3978,,,,,,,,False
103.4486,-2.2447,2019-09-22 12:00:00,ASMC,NOAA20,Verified Fire,SUMSEL MUBA,3981,2019,2019:3981,2019,3979,,,,,,,,False
105.41636658,-2.54875851,2019-09-22 12:00:00,LAPAN,SNPP,Verified No fire,SUMSEL,3983,2019,2019:3983,2019,3981,,,,,,,,False
105.46479034,-3.79905152,2019-09-22 12:00:00,LAPAN,SNPP,Verified Fire,SUMSEL,3991,2019,2019:3991,2019,3989,,,,,,,,False
105.34584045,-3.11680388,2019-09-22 12:00:00,LAPAN,SNPP,Verified Fire,SUMSEL,3993,2019,2019:3993,2019,3991,,,,,,,,False
103.5387,-2.0033,2019-09-22 12:00:00,ASMC,NOAA20,Fire inside Sitrep,SUMSEL MUBA,3994,2019,2019:3994,2019,3992,,,,,,,,False
103.97193909,-1.93788004,2019-09-22 12:00:00,LAPAN,SNPP,Fire inside Sitrep,SUMSEL MUBA,3995,2019,2019:3995,2019,3993,,,,,,,,False
103.941856384,-1.9573379755,2019-09-22 13:00:00,LAPAN,Aqua,Fire inside Sitrep,SUMSEL MUBA,3999,2019,2019:3999,2019,3997,,,,,,,,False
103.925231934,-1.96889400482,2019-09-22 13:00:00,LAPAN,Aqua,Verified No fire,SUMSEL MUBA,4014,2019,2019:4014,2019,4012,,,,,,,,False
102.925834656,-0.86938136816,2019-09-22 13:00:00,LAPAN,Aqua,Verified No fire,JAMBI SMF,4024,2019,2019:4024,2019,4022,,,,,,,,False
105.846313477,-3.80796790123,2019-09-22 13:00:00,LAPAN,Aqua,Verified Fire,SUMSEL,4030,2019,2019:4030,2019,4028,,,,,,,,False
103.068252563,-1.01477193832,2019-09-22 13:00:00,LAPAN,Aqua,Verified No fire,JAMBI SMF,4034,2019,2019:4034,2019,4032,,,,,,,,False
102.879875183,-0.866801738739,2019-09-22 13:00:00,LAPAN,Aqua,Verified No fire,JAMBI SMF,4058,2019,2019:4058,2019,4056,,,,,,,,False
103.962364197,-1.97273612022,2019-09-22 13:00:00,LAPAN,Aqua,Fire inside Sitrep,SUMSEL MUBA,4106,2019,2019:4106,2019,4104,,,,,,,,False
103.94316864,-1.96532869,2019-09-23 01:00:00,LAPAN,SNPP,Fire inside Sitrep,SUMSEL MUBA,4123,2019,2019:4123,2019,4121,,,,,,,,False
105.34165192,-3.10976791,2019-09-23 01:00:00,LAPAN,SNPP,Verified Fire,SUMSEL,4124,2019,2019:4124,2019,4122,,,,,,,,False
105.6544342,-3.46896958,2019-09-23 01:00:00,LAPAN,SNPP,Verified Fire,SUMSEL,4125,2019,2019:4125,2019,4123,,,,,,,,False
103.984413147,-1.93216514587,2019-09-23 01:00:00,LAPAN,Aqua,Verified No fire,SUMSEL MUBA,4126,2019,2019:4126,2019,4124,,,,,,,,False
103.94526672,-1.95175791,2019-09-23 01:00:00,LAPAN,SNPP,Fire inside Sitrep,SUMSEL MUBA,4127,2019,2019:4127,2019,4125,,,,,,,,False
103.934326172,-1.94946539402,2019-09-23 01:00:00,LAPAN,Aqua,Fire inside Sitrep,SUMSEL MUBA,4128,2019,2019:4128,2019,4126,,,,,,,,False
103.95768738,-1.96759546,2019-09-23 01:00:00,LAPAN,SNPP,Verified No fire,SUMSEL MUBA,4129,2019,2019:4129,2019,4127,,,,,,,,False
103.92037201,-1.96871555,2019-09-23 01:00:00,LAPAN,SNPP,Fire inside Sitrep,SUMSEL MUBA,4130,2019,2019:4130,2019,4128,,,,,,,,False
103.91416931,-1.96081388,2019-09-23 01:00:00,LAPAN,SNPP,Verified No fire,SUMSEL MUBA,4131,2019,2019:4131,2019,4129,,,,,,,,False
103.911819458,-1.95972728729,2019-09-23 01:00:00,LAPAN,Aqua,Verified No fire,SUMSEL MUBA,4132,2019,2019:4132,2019,4130,,,,,,,,False
103.932502747,-1.96268308163,2019-09-23 01:00:00,LAPAN,Aqua,Fire inside Sitrep,SUMSEL MUBA,4133,2019,2019:4133,2019,4131,,,,,,,,False
103.97124481,-1.92799675,2019-09-23 01:00:00,LAPAN,SNPP,Fire inside Sitrep,SUMSEL MUBA,4134,2019,2019:4134,2019,4132,,,,,,,,False
103.965423584,-1.91585314274,2019-09-23 01:00:00,LAPAN,Aqua,Verified No fire,SUMSEL MUBA,4135,2019,2019:4135,2019,4133,,,,,,,,False
103.93696594,-1.95741594,2019-09-23 01:00:00,LAPAN,SNPP,Fire inside Sitrep,SUMSEL MUBA,4136,2019,2019:4136,2019,4134,,,,,,,,False
103.974136353,-1.96863186359,2019-09-23 01:00:00,LAPAN,Aqua,Fire inside Sitrep,SUMSEL MUBA,4137,2019,2019:4137,2019,4135,,,,,,,,False
103.99300385,-1.98005259,2019-09-23 01:00:00,LAPAN,SNPP,Fire inside Sitrep,SUMSEL MUBA,4138,2019,2019:4138,2019,4136,,,,,,,,False
102.96228027,-0.94237274,2019-09-23 01:00:00,LAPAN,SNPP,Verified No fire,JAMBI SMF,4139,2019,2019:4139,2019,4137,,,,,,,,False
104.13987732,-1.69806898,2019-09-23 01:00:00,LAPAN,SNPP,Fire inside Sitrep,SUMSEL MUBA,4140,2019,2019:4140,2019,4138,,,,,,,,False
102.77929688,-1.0291388,2019-09-23 01:00:00,LAPAN,SNPP,Verified No fire,JAMBI SMF,4141,2019,2019:4141,2019,4139,,,,,,,,False
103.40772247,-2.3975966,2019-09-23 01:00:00,LAPAN,SNPP,Verified No fire,SUMSEL MUBA,4142,2019,2019:4142,2019,4140,,,,,,,,False
103.388237,-2.47694635,2019-09-23 01:00:00,LAPAN,SNPP,Fire inside Sitrep,SUMSEL MUBA,4143,2019,2019:4143,2019,4141,,,,,,,,False
103.57541656,-1.26278698,2019-09-23 01:00:00,LAPAN,SNPP,Verified Fire,JAMBI SMF,4144,2019,2019:4144,2019,4142,,,,,,,,False
103.60484314,-1.37960672379,2019-09-23 01:00:00,LAPAN,Aqua,Verified Fire,JAMBI SMF,4145,2019,2019:4145,2019,4143,,,,,,,,False
103.17014313,-2.39478254,2019-09-23 01:00:00,LAPAN,SNPP,Verified No fire,SUMSEL MUBA,4146,2019,2019:4146,2019,4144,,,,,,,,False
103.39428711,-2.48476744,2019-09-23 01:00:00,LAPAN,SNPP,Verified No fire,SUMSEL MUBA,4147,2019,2019:4147,2019,4145,,,,,,,,False
103.391387939,-2.47319483757,2019-09-23 01:00:00,LAPAN,Aqua,Verified No fire,SUMSEL MUBA,4148,2019,2019:4148,2019,4146,,,,,,,,False
103.95717621,-1.92143655,2019-09-23 01:00:00,LAPAN,SNPP,Fire inside Sitrep,SUMSEL MUBA,4149,2019,2019:4149,2019,4147,,,,,,,,False
103.97118378,-1.97664773,2019-09-23 01:00:00,LAPAN,SNPP,Fire inside Sitrep,SUMSEL MUBA,4150,2019,2019:4150,2019,4148,,,,,,,,False
103.99095917,-1.94494998,2019-09-23 01:00:00,LAPAN,SNPP,Verified No fire,SUMSEL MUBA,4151,2019,2019:4151,2019,4149,,,,,,,,False
103.92656708,-1.97663498,2019-09-23 01:00:00,LAPAN,SNPP,Verified No fire,SUMSEL MUBA,4152,2019,2019:4152,2019,4150,,,,,,,,False
103.95757294,-2.16395164,2019-09-23 01:00:00,LAPAN,SNPP,Fire inside Sitrep,SUMSEL MUBA,4153,2019,2019:4153,2019,4151,,,,,,,,False
103.930671692,-1.97589933872,2019-09-23 01:00:00,LAPAN,Aqua,Verified No fire,SUMSEL MUBA,4154,2019,2019:4154,2019,4152,,,,,,,,False
105.72202301,-3.78932953,2019-09-23 01:00:00,LAPAN,SNPP,Verified Fire,SUMSEL,4155,2019,2019:4155,2019,4153,,,,,,,,False
103.95324707,-1.96564733982,2019-09-23 01:00:00,LAPAN,Aqua,Fire inside Sitrep,SUMSEL MUBA,4156,2019,2019:4156,2019,4154,,,,,,,,False
105.49760437,-3.24273276,2019-09-23 01:00:00,LAPAN,SNPP,Verified Fire,SUMSEL,4157,2019,2019:4157,2019,4155,,,,,,,,False
103.01572418,-2.32973456,2019-09-23 01:00:00,LAPAN,SNPP,Verified No fire,SUMSEL MUBA,4158,2019,2019:4158,2019,4156,,,,,,,,False
103.92867279,-1.96306384,2019-09-23 01:00:00,LAPAN,SNPP,Verified No fire,SUMSEL MUBA,4159,2019,2019:4159,2019,4157,,,,,,,,False
103.98677826,-1.97213173,2019-09-23 01:00:00,LAPAN,SNPP,Fire inside Sitrep,SUMSEL MUBA,4160,2019,2019:4160,2019,4158,,,,,,,,False
103.955085754,-1.95240938663,2019-09-23 01:00:00,LAPAN,Aqua,Verified No fire,SUMSEL MUBA,4161,2019,2019:4161,2019,4159,,,,,,,,False
101.95550537,-1.07624364,2019-09-23 01:00:00,LAPAN,SNPP,Verified Fire,JAMBI SMF,4162,2019,2019:4162,2019,4160,,,,,,,,False
103.96291351,-1.9336586,2019-09-23 01:00:00,LAPAN,SNPP,Fire inside Sitrep,SUMSEL MUBA,4163,2019,2019:4163,2019,4161,,,,,,,,False
103.92246246,-1.95515919,2019-09-23 01:00:00,LAPAN,SNPP,Verified No fire,SUMSEL MUBA,4164,2019,2019:4164,2019,4162,,,,,,,,False
105.84127045,-3.79994249,2019-09-23 01:00:00,LAPAN,SNPP,Verified Fire,SUMSEL,4165,2019,2019:4165,2019,4163,,,,,,,,False
103.59411621,-1.37443542,2019-09-23 01:00:00,LAPAN,SNPP,Verified Fire,JAMBI SMF,4166,2019,2019:4166,2019,4164,,,,,,,,False
103.60015106,-1.3822329,2019-09-23 01:00:00,LAPAN,SNPP,Verified Fire,JAMBI SMF,4167,2019,2019:4167,2019,4165,,,,,,,,False
103.35890198,-2.47918582,2019-09-23 01:00:00,LAPAN,SNPP,Verified No fire,SUMSEL MUBA,4168,2019,2019:4168,2019,4166,,,,,,,,False
103.93487549,-1.97098279,2019-09-23 01:00:00,LAPAN,SNPP,Fire inside Sitrep,SUMSEL MUBA,4169,2019,2019:4169,2019,4167,,,,,,,,False
104.00759888,-1.98233414,2019-09-23 01:00:00,LAPAN,SNPP,Fire inside Sitrep,SUMSEL MUBA,4170,2019,2019:4170,2019,4168,,,,,,,,False
104.25737,-1.76901484,2019-09-23 01:00:00,LAPAN,SNPP,Fire inside Sitrep,SUMSEL MUBA,4171,2019,2019:4171,2019,4169,,,,,,,,False
104.13760376,-1.68979728222,2019-09-23 01:00:00,LAPAN,Aqua,Fire inside Sitrep,SUMSEL MUBA,4172,2019,2019:4172,2019,4170,,,,,,,,False
103.34683228,-2.51046324,2019-09-23 01:00:00,LAPAN,SNPP,Verified No fire,SUMSEL MUBA,4173,2019,2019:4173,2019,4171,,,,,,,,False
103.93074799,-1.94951022,2019-09-23 01:00:00,LAPAN,SNPP,Verified No fire,SUMSEL MUBA,4174,2019,2019:4174,2019,4172,,,,,,,,False
103.963607788,-1.92909431458,2019-09-23 01:00:00,LAPAN,Aqua,Fire inside Sitrep,SUMSEL MUBA,4175,2019,2019:4175,2019,4173,,,,,,,,False
104.1419754,-1.68444991,2019-09-23 01:00:00,LAPAN,SNPP,Fire inside Sitrep,SUMSEL MUBA,4176,2019,2019:4176,2019,4174,,,,,,,,False
103.41065216,-2.42551875,2019-09-23 01:00:00,LAPAN,SNPP,Verified No fire,SUMSEL MUBA,4177,2019,2019:4177,2019,4175,,,,,,,,False
103.995109558,-1.97162878513,2019-09-23 01:00:00,LAPAN,Aqua,Fire inside Sitrep,SUMSEL MUBA,4178,2019,2019:4178,2019,4176,,,,,,,,False
103.913124084,-1.97035849094,2019-09-23 09:00:00,LAPAN,Terra,Verified No fire,SUMSEL MUBA,4179,2019,2019:4179,2019,4177,,,,,,,,False
103.953941345,-1.97670388222,2019-09-23 09:00:00,LAPAN,Terra,Verified No fire,SUMSEL MUBA,4180,2019,2019:4180,2019,4178,,,,,,,,False
105.34714508,-2.61542916,2019-09-23 12:00:00,LAPAN,Aqua,Verified No fire,SUMSEL,4181,2019,2019:4181,2019,4179,,,,,,,,False
105.3471,-2.6154,2019-09-23 12:00:00,ASMC,NOAA20,Verified No fire,SUMSEL,4182,2019,2019:4182,2019,4180,,,,,,,,False
105.83731842,-3.87049699,2019-09-23 12:00:00,LAPAN,Aqua,Verified Fire,SUMSEL,4183,2019,2019:4183,2019,4181,,,,,,,,False
105.8373,-3.8705,2019-09-23 12:00:00,ASMC,NOAA20,Verified Fire,SUMSEL,4184,2019,2019:4184,2019,4182,,,,,,,,False
104.134,-1.69242,2019-09-23 13:00:00,LAPAN,SNPP,Fire inside Sitrep,SUMSEL MUBA,4186,2019,2019:4186,2019,4184,,,,,,,,False
105.479,-3.79249,2019-09-23 13:00:00,LAPAN,SNPP,Verified Fire,SUMSEL,4187,2019,2019:4187,2019,4185,,,,,,,,False
105.655,-3.46885,2019-09-23 13:00:00,LAPAN,SNPP,Verified Fire,SUMSEL,4188,2019,2019:4188,2019,4186,,,,,,,,False
103.986,-1.97716,2019-09-23 13:00:00,LAPAN,SNPP,Fire inside Sitrep,SUMSEL MUBA,4189,2019,2019:4189,2019,4187,,,,,,,,False
103.971,-1.97254,2019-09-23 13:00:00,LAPAN,SNPP,Fire inside Sitrep,SUMSEL MUBA,4190,2019,2019:4190,2019,4188,,,,,,,,False
103.194,-2.43389,2019-09-23 13:00:00,LAPAN,SNPP,Verified No fire,SUMSEL MUBA,4192,2019,2019:4192,2019,4190,,,,,,,,False
105.25,-2.78653,2019-09-23 13:00:00,LAPAN,SNPP,Verified Fire,SUMSEL,4194,2019,2019:4194,2019,4192,,,,,,,,False
105.603,-3.90921,2019-09-23 13:00:00,LAPAN,SNPP,Verified Fire,SUMSEL,4195,2019,2019:4195,2019,4193,,,,,,,,False
103.994,-1.98285,2019-09-23 13:00:00,LAPAN,SNPP,Fire inside Sitrep,SUMSEL MUBA,4199,2019,2019:4199,2019,4197,,,,,,,,False
103.692,-2.4014,2019-09-23 13:00:00,LAPAN,SNPP,Verified Fire,SUMSEL MUBA,4200,2019,2019:4200,2019,4198,,,,,,,,False
103.963,-1.96685,2019-09-23 13:00:00,LAPAN,SNPP,Fire inside Sitrep,SUMSEL MUBA,4201,2019,2019:4201,2019,4199,,,,,,,,False
103.194,-2.38323,2019-09-23 13:00:00,LAPAN,SNPP,Verified No fire,SUMSEL MUBA,4202,2019,2019:4202,2019,4200,,,,,,,,False
103.972,-1.93336,2019-09-23 13:00:00,LAPAN,SNPP,Verified Fire,SUMSEL MUBA,4203,2019,2019:4203,2019,4201,,,,,,,,False
105.465,-3.75467,2019-09-23 13:00:00,LAPAN,SNPP,Verified Fire,SUMSEL,4204,2019,2019:4204,2019,4202,,,,,,,,False
103.993,-1.97607,2019-09-23 13:00:00,LAPAN,SNPP,Fire inside Sitrep,SUMSEL MUBA,4206,2019,2019:4206,2019,4204,,,,,,,,False
105.511,-3.32205,2019-09-23 13:00:00,LAPAN,SNPP,Verified Fire,SUMSEL,4207,2019,2019:4207,2019,4205,,,,,,,,False
103.973,-1.94015,2019-09-23 13:00:00,LAPAN,SNPP,Verified Fire,SUMSEL MUBA,4208,2019,2019:4208,2019,4206,,,,,,,,False
105.726,-3.78906,2019-09-23 13:00:00,LAPAN,SNPP,Verified Fire,SUMSEL,4210,2019,2019:4210,2019,4208,,,,,,,,False
104.185,-1.69157,2019-09-23 13:00:00,LAPAN,SNPP,Fire inside Sitrep,SUMSEL MUBA,4211,2019,2019:4211,2019,4209,,,,,,,,False
104.159,-1.66787,2019-09-23 13:00:00,LAPAN,SNPP,Fire inside Sitrep,SUMSEL MUBA,4213,2019,2019:4213,2019,4211,,,,,,,,False
105.32,-2.8836,2019-09-23 14:00:00,ASMC,NOAA20,Verified No fire,SUMSEL,4214,2019,2019:4214,2019,4212,,,,,,,,False
105.3173,-2.8834,2019-09-23 14:00:00,ASMC,NOAA20,Verified Fire,SUMSEL,4216,2019,2019:4216,2019,4214,,,,,,,,False
105.309,-2.8854,2019-09-23 14:00:00,ASMC,NOAA20,Verified Fire,SUMSEL,4217,2019,2019:4217,2019,4215,,,,,,,,False
103.92837524,-1.96012175,2019-09-24 01:00:00,LAPAN,Aqua,Fire inside Sitrep,SUMSEL MUBA,4222,2019,2019:4222,2019,4220,,,,,,,,False
103.9095459,-1.97193062,2019-09-24 01:00:00,LAPAN,Aqua,Fire inside Sitrep,SUMSEL MUBA,4223,2019,2019:4223,2019,4221,,,,,,,,False
104.0001297,-1.98616016,2019-09-24 01:00:00,LAPAN,Aqua,Fire inside Sitrep,SUMSEL MUBA,4224,2019,2019:4224,2019,4222,,,,,,,,False
103.99306488,-1.97769856,2019-09-24 01:00:00,LAPAN,Aqua,Fire inside Sitrep,SUMSEL MUBA,4225,2019,2019:4225,2019,4223,,,,,,,,False
105.75164032,-3.7696774,2019-09-24 01:00:00,LAPAN,Aqua,Verified Fire,SUMSEL,4226,2019,2019:4226,2019,4224,,,,,,,,False
105.50273895,-3.24052191,2019-09-24 01:00:00,LAPAN,Aqua,Verified Fire,SUMSEL,4227,2019,2019:4227,2019,4225,,,,,,,,False
103.9588089,-1.92807472,2019-09-24 01:00:00,LAPAN,Aqua,Fire inside Sitrep,SUMSEL MUBA,4230,2019,2019:4230,2019,4228,,,,,,,,False
103.59508514,-1.38002622,2019-09-24 01:00:00,LAPAN,Aqua,Verified Fire,JAMBI SMF,4231,2019,2019:4231,2019,4229,,,,,,,,False
104.2564621,-1.76564157,2019-09-24 01:00:00,LAPAN,Aqua,Fire inside Sitrep,SUMSEL MUBA,4232,2019,2019:4232,2019,4230,,,,,,,,False
103.95170593,-1.91955698,2019-09-24 01:00:00,LAPAN,Aqua,Fire inside Sitrep,SUMSEL MUBA,4233,2019,2019:4233,2019,4231,,,,,,,,False
103.93065643,-1.94572008,2019-09-24 01:00:00,LAPAN,Aqua,Fire inside Sitrep,SUMSEL MUBA,4234,2019,2019:4234,2019,4232,,,,,,,,False
103.91184235,-1.95751214,2019-09-24 01:00:00,LAPAN,Aqua,Fire inside Sitrep,SUMSEL MUBA,4235,2019,2019:4235,2019,4233,,,,,,,,False
103.92608643,-1.97453105,2019-09-24 01:00:00,LAPAN,Aqua,Fire inside Sitrep,SUMSEL MUBA,4236,2019,2019:4236,2019,4234,,,,,,,,False
104.14325714,-1.69032097,2019-09-24 01:00:00,LAPAN,Aqua,Fire inside Sitrep,SUMSEL MUBA,4237,2019,2019:4237,2019,4235,,,,,,,,False
103.96134949,-1.9653312,2019-09-24 01:00:00,LAPAN,Aqua,Fire inside Sitrep,SUMSEL MUBA,4238,2019,2019:4238,2019,4236,,,,,,,,False
103.96843719,-1.97381639,2019-09-24 01:00:00,LAPAN,Aqua,Fire inside Sitrep,SUMSEL MUBA,4239,2019,2019:4239,2019,4237,,,,,,,,False
103.96109009,-1.9136858,2019-09-24 01:00:00,LAPAN,Aqua,Fire inside Sitrep,SUMSEL MUBA,4240,2019,2019:4240,2019,4238,,,,,,,,False
103.96591187,-1.9365772,2019-09-24 01:00:00,LAPAN,Aqua,Fire inside Sitrep,SUMSEL MUBA,4241,2019,2019:4241,2019,4239,,,,,,,,False
105.34121704,-3.10606503,2019-09-24 01:00:00,LAPAN,Aqua,Verified Fire,SUMSEL,4242,2019,2019:4242,2019,4240,,,,,,,,False
103.93776703,-1.95423412,2019-09-24 01:00:00,LAPAN,Aqua,Fire inside Sitrep,SUMSEL MUBA,4243,2019,2019:4243,2019,4241,,,,,,,,False
105.90324402,-3.8494339,2019-09-24 13:00:00,LAPAN,SNPP,Verified Fire,SUMSEL,4246,2019,2019:4246,2019,4244,,,,,,,,False
105.834747314,-3.85490584373,2019-09-24 13:00:00,LAPAN,Aqua,Verified Fire,SUMSEL,4247,2019,2019:4247,2019,4245,,,,,,,,False
105.899,-3.86505,2019-09-24 13:00:00,LAPAN,SNPP,Verified Fire,SUMSEL,4251,2019,2019:4251,2019,4249,,,,,,,,False
105.756,-3.76982,2019-09-24 13:00:00,LAPAN,SNPP,Verified Fire,SUMSEL,4258,2019,2019:4258,2019,4256,,,,,,,,False
105.84004211,-3.85211945,2019-09-24 13:00:00,LAPAN,SNPP,Verified Fire,SUMSEL,4264,2019,2019:4264,2019,4262,,,,,,,,False
105.835,-3.85806,2019-09-24 13:00:00,LAPAN,SNPP,Verified Fire,SUMSEL,4265,2019,2019:4265,2019,4263,,,,,,,,False
105.78902435,-3.84768558,2019-09-25 00:00:00,LAPAN,SNPP,Verified Fire,SUMSEL,4275,2019,2019:4275,2019,4273,,,,,,,,False
103.99040222,-1.95267236,2019-09-25 13:00:00,LAPAN,Aqua,Fire inside Sitrep,SUMSEL MUBA,4277,2019,2019:4277,2019,4275,,,,,,,,False
105.4916153,-3.27787399,2019-09-25 13:00:00,LAPAN,Aqua,Verified Fire,SUMSEL,4284,2019,2019:4284,2019,4282,,,,,,,,False
104.00276947,-1.98547447,2019-09-25 13:00:00,LAPAN,Aqua,Verified No fire,SUMSEL MUBA,4285,2019,2019:4285,2019,4283,,,,,,,,False
103.9904,-1.9527,2019-09-25 13:00:00,ASMC,NOAA20,Verified Fire,SUMSEL MUBA,4286,2019,2019:4286,2019,4284,,,,,,,,False
103.60027313,-1.38137817,2019-09-25 13:00:00,LAPAN,Aqua,Verified Fire,JAMBI SMF,4295,2019,2019:4295,2019,4293,,,,,,,,False
105.52490997,-3.28006053,2019-09-25 13:00:00,LAPAN,Aqua,Verified Fire,SUMSEL,4296,2019,2019:4296,2019,4294,,,,,,,,False
105.50553894,-3.26117229,2019-09-25 13:00:00,LAPAN,Aqua,Verified Fire,SUMSEL,4299,2019,2019:4299,2019,4297,,,,,,,,False
103.91906738,-1.97048545,2019-09-25 13:00:00,LAPAN,Aqua,Fire inside Sitrep,SUMSEL MUBA,4300,2019,2019:4300,2019,4298,,,,,,,,False
105.94263458,-3.83726096,2019-09-25 13:00:00,LAPAN,Aqua,Verified Fire,SUMSEL,4301,2019,2019:4301,2019,4299,,,,,,,,False
105.62515259,-3.56827855,2019-09-25 13:00:00,LAPAN,Aqua,Verified Fire,SUMSEL,4302,2019,2019:4302,2019,4300,,,,,,,,False
103.95632935,-1.9232173,2019-09-25 13:00:00,LAPAN,Aqua,Fire inside Sitrep,SUMSEL MUBA,4303,2019,2019:4303,2019,4301,,,,,,,,False
103.99448395,-1.9797895,2019-09-25 13:00:00,LAPAN,Aqua,Verified No fire,SUMSEL MUBA,4310,2019,2019:4310,2019,4308,,,,,,,,False
105.59593964,-3.9201076,2019-09-25 13:00:00,LAPAN,Aqua,Verified Fire,SUMSEL,4311,2019,2019:4311,2019,4309,,,,,,,,False
103.93147278,-1.95474744,2019-09-25 13:00:00,LAPAN,Aqua,Fire inside Sitrep,SUMSEL MUBA,4312,2019,2019:4312,2019,4310,,,,,,,,False
105.49856567,-3.26953101,2019-09-25 13:00:00,LAPAN,Aqua,Verified Fire,SUMSEL,4313,2019,2019:4313,2019,4311,,,,,,,,False
103.932640076,-1.50515878201,2019-09-25 21:00:00,LAPAN,Terra,Verified Fire,JAMBI SMF,4318,2019,2019:4318,2019,4316,,,,,,,,False
103.933113098,-1.94727885723,2019-09-26 10:00:00,LAPAN,Terra,Fire inside Sitrep,SUMSEL MUBA,4329,2019,2019:4329,2019,4327,,,,,,,,False
103.920974731,-1.95546770096,2019-09-26 10:00:00,LAPAN,Terra,Fire inside Sitrep,SUMSEL MUBA,4334,2019,2019:4334,2019,4332,,,,,,,,False
105.49069214,-3.27761793,2019-09-26 13:00:00,LAPAN,Aqua,Verified Fire,SUMSEL,4335,2019,2019:4335,2019,4333,,,,,,,,False
105.77435303,-3.76350379,2019-09-26 13:00:00,LAPAN,Aqua,Verified Fire,SUMSEL,4336,2019,2019:4336,2019,4334,,,,,,,,False
105.6633,-3.4756,2019-09-26 13:00:00,ASMC,NOAA20,Verified Fire,SUMSEL,4338,2019,2019:4338,2019,4336,,,,,,,,False
103.96160889,-1.9160471,2019-09-26 13:00:00,LAPAN,Aqua,Fire inside Sitrep,SUMSEL MUBA,4340,2019,2019:4340,2019,4338,,,,,,,,False
105.29104614,-2.70199919,2019-09-26 13:00:00,LAPAN,Aqua,Verified Fire,SUMSEL,4341,2019,2019:4341,2019,4339,,,,,,,,False
105.3576,-3.147,2019-09-26 13:00:00,ASMC,NOAA20,Verified Fire,SUMSEL,4343,2019,2019:4343,2019,4341,,,,,,,,False
105.9004,-3.8601,2019-09-26 13:00:00,ASMC,NOAA20,Verified Fire,SUMSEL,4344,2019,2019:4344,2019,4342,,,,,,,,False
102.8472,-1.1369,2019-09-26 13:00:00,ASMC,NOAA20,Verified Fire,JAMBI SMF,4345,2019,2019:4345,2019,4343,,,,,,,,False
105.2183075,-3.03817201,2019-09-26 13:00:00,LAPAN,Aqua,Verified Fire,SUMSEL,4346,2019,2019:4346,2019,4344,,,,,,,,False
105.66325378,-3.47559762,2019-09-26 13:00:00,LAPAN,Aqua,Verified Fire,SUMSEL,4348,2019,2019:4348,2019,4346,,,,,,,,False
105.4907,-3.2776,2019-09-26 13:00:00,ASMC,NOAA20,Verified Fire,SUMSEL,4350,2019,2019:4350,2019,4348,,,,,,,,False
105.36503601,-3.14589024,2019-09-26 13:00:00,LAPAN,Aqua,Verified Fire,SUMSEL,4351,2019,2019:4351,2019,4349,,,,,,,,False
105.65538025,-3.52252221,2019-09-26 13:00:00,LAPAN,Aqua,Verified Fire,SUMSEL,4352,2019,2019:4352,2019,4350,,,,,,,,False
103.97954559,-1.97973561,2019-09-26 13:00:00,LAPAN,Aqua,Verified No fire,SUMSEL MUBA,4353,2019,2019:4353,2019,4351,,,,,,,,False
103.55815125,-1.1761806,2019-09-26 13:00:00,LAPAN,Aqua,Verified No fire,JAMBI SMF,4354,2019,2019:4354,2019,4352,,,,,,,,False
105.90044403,-3.86005783,2019-09-26 13:00:00,LAPAN,Aqua,Verified Fire,SUMSEL,4355,2019,2019:4355,2019,4353,,,,,,,,False
105.4897,-3.2708,2019-09-26 13:00:00,ASMC,NOAA20,Verified Fire,SUMSEL,4357,2019,2019:4357,2019,4355,,,,,,,,False
105.52864075,-3.27888751,2019-09-26 13:00:00,LAPAN,Aqua,Verified Fire,SUMSEL,4361,2019,2019:4361,2019,4359,,,,,,,,False
103.5582,-1.1762,2019-09-26 13:00:00,ASMC,NOAA20,Verified No fire,JAMBI SMF,4362,2019,2019:4362,2019,4360,,,,,,,,False
104.1269,-1.7653,2019-09-27 12:00:00,ASMC,NOAA20,Fire inside Sitrep,SUMSEL MUBA,4377,2019,2019:4377,2019,4375,,,,,,,,False
104.1163,-1.7668,2019-09-27 12:00:00,ASMC,NOAA20,Fire inside Sitrep,SUMSEL MUBA,4378,2019,2019:4378,2019,4376,,,,,,,,False
105.49,-3.2729,2019-09-27 13:00:00,LAPAN,SNPP,Verified Fire,SUMSEL,4387,2019,2019:4387,2019,4385,,,,,,,,False
105.617347717,-3.76998353004,2019-09-27 13:00:00,LAPAN,Aqua,Verified Fire,SUMSEL,4389,2019,2019:4389,2019,4387,,,,,,,,False
105.401428223,-3.2529168129,2019-09-27 13:00:00,LAPAN,Aqua,Verified Fire,SUMSEL,4390,2019,2019:4390,2019,4388,,,,,,,,False
105.615127563,-3.57367801666,2019-09-27 13:00:00,LAPAN,Aqua,Verified Fire,SUMSEL,4391,2019,2019:4391,2019,4389,,,,,,,,False
103.945716858,-1.92341113091,2019-09-27 13:00:00,LAPAN,Aqua,Verified No fire,SUMSEL MUBA,4392,2019,2019:4392,2019,4390,,,,,,,,False
103.94560242,-1.91995168,2019-09-28 01:00:00,LAPAN,Aqua,Verified No fire,SUMSEL MUBA,4397,2019,2019:4397,2019,4395,,,,,,,,False
105.62863159,-3.76043916,2019-09-28 01:00:00,LAPAN,Aqua,Verified Fire,SUMSEL,4398,2019,2019:4398,2019,4396,,,,,,,,False
105.78604126,-3.89012575,2019-09-28 01:00:00,LAPAN,Aqua,Verified Fire,SUMSEL,4399,2019,2019:4399,2019,4397,,,,,,,,False
103.953086853,-1.91650378704,2019-09-28 10:00:00,LAPAN,Terra,Fire inside Sitrep,SUMSEL MUBA,4401,2019,2019:4401,2019,4399,,,,,,,,False
105.640792847,-2.75560450554,2019-09-28 10:00:00,LAPAN,Terra,Verified No fire,SUMSEL,4402,2019,2019:4402,2019,4400,,,,,,,,False
105.596908569,-3.57128453255,2019-09-28 12:00:00,LAPAN,Aqua,Verified Fire,SUMSEL,4405,2019,2019:4405,2019,4403,,,,,,,,False
105.6034,-3.5665,2019-09-28 12:00:00,ASMC,NOAA20,Verified Fire,SUMSEL,4406,2019,2019:4406,2019,4404,,,,,,,,False
105.4221,-3.1747,2019-09-28 12:00:00,ASMC,NOAA20,Verified Fire,SUMSEL,4407,2019,2019:4407,2019,4405,,,,,,,,False
105.600318909,-3.5605340004,2019-09-28 12:00:00,LAPAN,Aqua,Verified Fire,SUMSEL,4411,2019,2019:4411,2019,4409,,,,,,,,False
105.620918274,-3.56787133217,2019-09-28 12:00:00,LAPAN,Aqua,Verified Fire,SUMSEL,4414,2019,2019:4414,2019,4412,,,,,,,,False
105.768,-3.65309,2019-09-28 13:00:00,LAPAN,SNPP,Verified Fire,SUMSEL,4416,2019,2019:4416,2019,4414,,,,,,,,False
103.954,-1.91459,2019-09-28 13:00:00,LAPAN,SNPP,Fire inside Sitrep,SUMSEL MUBA,4419,2019,2019:4419,2019,4417,,,,,,,,False
105.793,-3.8586,2019-09-28 13:00:00,LAPAN,SNPP,Verified Fire,SUMSEL,4422,2019,2019:4422,2019,4420,,,,,,,,False
104.0,-1.98201,2019-09-28 13:00:00,LAPAN,SNPP,Verified No fire,SUMSEL MUBA,4424,2019,2019:4424,2019,4422,,,,,,,,False
104.139,-1.69031,2019-09-28 13:00:00,LAPAN,SNPP,Fire inside Sitrep,SUMSEL MUBA,4429,2019,2019:4429,2019,4427,,,,,,,,False
103.948654175,-1.9217581749,2019-09-28 13:00:00,LAPAN,Aqua,Verified No fire,SUMSEL MUBA,4430,2019,2019:4430,2019,4428,,,,,,,,False
105.83773804,-3.8847816,2019-09-29 01:00:00,LAPAN,SNPP,Verified Fire,SUMSEL,4442,2019,2019:4442,2019,4440,,,,,,,,False
105.78672028,-3.89011216,2019-09-29 01:00:00,LAPAN,SNPP,Verified Fire,SUMSEL,4443,2019,2019:4443,2019,4441,,,,,,,,False
105.34986115,-3.69262648,2019-09-29 01:00:00,LAPAN,SNPP,Verified Fire,SUMSEL,4445,2019,2019:4445,2019,4443,,,,,,,,False
103.954620361,-1.9253988266,2019-09-29 10:00:00,LAPAN,Terra,Fire inside Sitrep,SUMSEL MUBA,4446,2019,2019:4446,2019,4444,,,,,,,,False
105.411590576,-2.71912288666,2019-09-29 10:00:00,LAPAN,Terra,Verified No fire,SUMSEL,4448,2019,2019:4448,2019,4446,,,,,,,,False
105.6463,-3.4501,2019-09-29 13:00:00,ASMC,NOAA20,Verified Fire,SUMSEL,4450,2019,2019:4450,2019,4448,,,,,,,,False
105.656,-3.47371,2019-09-29 13:00:00,LAPAN,SNPP,Verified Fire,SUMSEL,4454,2019,2019:4454,2019,4452,,,,,,,,False
105.79587555,-3.61824965,2019-09-29 13:00:00,LAPAN,Aqua,Verified Fire,SUMSEL,4455,2019,2019:4455,2019,4453,,,,,,,,False
105.6131,-3.585,2019-09-29 13:00:00,ASMC,NOAA20,Verified Fire,SUMSEL,4456,2019,2019:4456,2019,4454,,,,,,,,False
105.5893,-3.5669,2019-09-29 13:00:00,ASMC,NOAA20,Verified Fire,SUMSEL,4459,2019,2019:4459,2019,4457,,,,,,,,False
105.7959,-3.6182,2019-09-29 13:00:00,ASMC,NOAA20,Verified Fire,SUMSEL,4460,2019,2019:4460,2019,4458,,,,,,,,False
105.2036,-3.0271,2019-09-29 13:00:00,ASMC,NOAA20,Verified Fire,SUMSEL,4464,2019,2019:4464,2019,4462,,,,,,,,False
105.794,-3.60923,2019-09-29 13:00:00,LAPAN,SNPP,Verified Fire,SUMSEL,4471,2019,2019:4471,2019,4469,,,,,,,,False
105.65228271,-3.52335,2019-09-29 13:00:00,LAPAN,Aqua,Verified Fire,SUMSEL,4472,2019,2019:4472,2019,4470,,,,,,,,False
105.7978,-3.5439,2019-09-29 13:00:00,ASMC,NOAA20,Verified Fire,SUMSEL,4473,2019,2019:4473,2019,4471,,,,,,,,False
105.6454,-3.5245,2019-09-29 13:00:00,ASMC,NOAA20,Verified Fire,SUMSEL,4474,2019,2019:4474,2019,4472,,,,,,,,False
105.61354828,-3.58225012,2019-09-29 13:00:00,LAPAN,Aqua,Verified Fire,SUMSEL,4479,2019,2019:4479,2019,4477,,,,,,,,False
105.3791,-3.1491,2019-09-29 13:00:00,ASMC,NOAA20,Verified Fire,SUMSEL,4480,2019,2019:4480,2019,4478,,,,,,,,False
105.3875,-3.1587,2019-09-29 13:00:00,ASMC,NOAA20,Verified Fire,SUMSEL,4483,2019,2019:4483,2019,4481,,,,,,,,False
105.380210876,-3.152810812,2019-09-29 13:00:00,LAPAN,Aqua,Verified Fire,SUMSEL,4484,2019,2019:4484,2019,4482,,,,,,,,False
105.794136047,-3.55167078972,2019-09-29 13:00:00,LAPAN,Aqua,Verified Fire,SUMSEL,4485,2019,2019:4485,2019,4483,,,,,,,,False
105.6523,-3.5234,2019-09-29 13:00:00,ASMC,NOAA20,Verified Fire,SUMSEL,4488,2019,2019:4488,2019,4486,,,,,,,,False
105.79780579,-3.54390049,2019-09-29 13:00:00,LAPAN,Aqua,Verified Fire,SUMSEL,4492,2019,2019:4492,2019,4490,,,,,,,,False
105.6318,-3.571,2019-09-29 13:00:00,ASMC,NOAA20,Verified Fire,SUMSEL,4493,2019,2019:4493,2019,4491,,,,,,,,False
105.36,-3.726,2019-09-29 13:00:00,LAPAN,SNPP,Verified Fire,SUMSEL,4494,2019,2019:4494,2019,4492,,,,,,,,False
105.6135,-3.5823,2019-09-29 13:00:00,ASMC,NOAA20,Verified Fire,SUMSEL,4499,2019,2019:4499,2019,4497,,,,,,,,False
105.3942,-3.1576,2019-09-29 13:00:00,ASMC,NOAA20,Verified Fire,SUMSEL,4500,2019,2019:4500,2019,4498,,,,,,,,False
105.6386,-3.5698,2019-09-29 13:00:00,ASMC,NOAA20,Verified Fire,SUMSEL,4503,2019,2019:4503,2019,4501,,,,,,,,False
105.648,-3.4609,2019-09-29 13:00:00,ASMC,NOAA20,Verified Fire,SUMSEL,4504,2019,2019:4504,2019,4502,,,,,,,,False
103.4481,-2.2951,2019-09-29 13:00:00,ASMC,NOAA20,Verified Fire,SUMSEL MUBA,4507,2019,2019:4507,2019,4505,,,,,,,,False
105.384,-3.76964,2019-09-29 13:00:00,LAPAN,SNPP,Verified Fire,SUMSEL,4508,2019,2019:4508,2019,4506,,,,,,,,False
105.58930206,-3.56686401,2019-09-29 13:00:00,LAPAN,Aqua,Verified No fire,SUMSEL,4509,2019,2019:4509,2019,4507,,,,,,,,False
105.3791275,-3.14913845,2019-09-29 14:00:00,LAPAN,Aqua,Verified Fire,SUMSEL,4511,2019,2019:4511,2019,4509,,,,,,,,False
105.39417267,-3.15761781,2019-09-29 14:00:00,LAPAN,Aqua,Verified Fire,SUMSEL,4512,2019,2019:4512,2019,4510,,,,,,,,False
105.20355988,-3.02703881,2019-09-29 14:00:00,LAPAN,Aqua,Verified Fire,SUMSEL,4513,2019,2019:4513,2019,4511,,,,,,,,False
105.64632416,-3.4500711,2019-09-29 14:00:00,LAPAN,Aqua,Verified Fire,SUMSEL,4514,2019,2019:4514,2019,4512,,,,,,,,False
105.64805603,-3.46086335,2019-09-29 14:00:00,LAPAN,Aqua,Verified Fire,SUMSEL,4515,2019,2019:4515,2019,4513,,,,,,,,False
105.7925415,-3.60587668,2019-09-30 13:00:00,LAPAN,SNPP,Verified Fire,SUMSEL,4524,2019,2019:4524,2019,4522,,,,,,,,False
105.3460083,-3.69726515,2019-09-30 13:00:00,LAPAN,SNPP,Verified Fire,SUMSEL,4526,2019,2019:4526,2019,4524,,,,,,,,False
103.95381927,-1.91485012,2019-09-30 13:00:00,LAPAN,SNPP,Fire inside Sitrep,SUMSEL MUBA,4528,2019,2019:4528,2019,4526,,,,,,,,False
105.59325409,-3.56503868,2019-09-30 13:00:00,LAPAN,SNPP,Verified Fire,SUMSEL,4529,2019,2019:4529,2019,4527,,,,,,,,False
105.44674683,-3.78361058,2019-09-30 13:00:00,LAPAN,SNPP,Verified Fire,SUMSEL,4531,2019,2019:4531,2019,4529,,,,,,,,False
105.26546478,-3.10639071,2019-09-30 13:00:00,LAPAN,SNPP,Verified Fire,SUMSEL,4533,2019,2019:4533,2019,4531,,,,,,,,False
105.78062439,-3.61131477,2019-09-30 13:00:00,LAPAN,SNPP,Verified Fire,SUMSEL,4535,2019,2019:4535,2019,4533,,,,,,,,False
103.32614136,-2.49631262,2019-09-30 13:00:00,LAPAN,SNPP,Verified No fire,SUMSEL MUBA,4536,2019,2019:4536,2019,4534,,,,,,,,False
105.51158142,-3.25273442,2019-09-30 13:00:00,LAPAN,SNPP,Verified Fire,SUMSEL,4542,2019,2019:4542,2019,4540,,,,,,,,False
105.53516388,-3.86809611,2019-09-30 13:00:00,LAPAN,SNPP,Verified Fire,SUMSEL,4543,2019,2019:4543,2019,4541,,,,,,,,False
105.364,-3.70681,2019-10-01 12:00:00,LAPAN,SNPP,Verified Fire,SUMSEL,4564,2019,2019:4564,2019,4562,,,,,,,,False
104.2948761,-2.01763606,2019-10-01 13:00:00,LAPAN,Aqua,Fire inside Sitrep,SUMSEL MUBA,4567,2019,2019:4567,2019,4565,,,,,,,,False
104.30296326,-2.02328372,2019-10-01 13:00:00,LAPAN,Aqua,Fire inside Sitrep,SUMSEL MUBA,4568,2019,2019:4568,2019,4566,,,,,,,,False
105.2249,-3.0381,2019-10-01 13:00:00,ASMC,NOAA20,Verified Fire,SUMSEL,4574,2019,2019:4574,2019,4572,,,,,,,,False
105.31191254,-2.64504886,2019-10-01 13:00:00,LAPAN,Aqua,Verified No fire,SUMSEL,4577,2019,2019:4577,2019,4575,,,,,,,,False
105.32023621,-3.10517335,2019-10-01 13:00:00,LAPAN,Aqua,Verified Fire,SUMSEL,4580,2019,2019:4580,2019,4578,,,,,,,,False
105.34983826,-3.11424971,2019-10-01 13:00:00,LAPAN,Aqua,Verified Fire,SUMSEL,4581,2019,2019:4581,2019,4579,,,,,,,,False
105.198959351,-3.03486728668,2019-10-01 13:00:00,LAPAN,Aqua,Verified Fire,SUMSEL,4584,2019,2019:4584,2019,4582,,,,,,,,False
105.5763,-3.2498,2019-10-01 13:00:00,ASMC,NOAA20,Verified Fire,SUMSEL,4587,2019,2019:4587,2019,4585,,,,,,,,False
105.5023,-3.6817,2019-10-01 13:00:00,ASMC,NOAA20,Verified Fire,SUMSEL,4605,2019,2019:4605,2019,4603,,,,,,,,False
105.48098755,-3.81372619,2019-10-01 13:00:00,LAPAN,Aqua,Verified Fire,SUMSEL,4609,2019,2019:4609,2019,4607,,,,,,,,False
105.481,-3.8137,2019-10-01 13:00:00,ASMC,NOAA20,Verified Fire,SUMSEL,4610,2019,2019:4610,2019,4608,,,,,,,,False
105.7732,-3.6543,2019-10-01 13:00:00,ASMC,NOAA20,Verified No fire,SUMSEL,4613,2019,2019:4613,2019,4611,,,,,,,,False
105.47277069,-3.71999216,2019-10-01 13:00:00,LAPAN,Aqua,Verified Fire,SUMSEL,4615,2019,2019:4615,2019,4613,,,,,,,,False
105.56784058,-3.82771659,2019-10-01 13:00:00,LAPAN,Aqua,Verified Fire,SUMSEL,4621,2019,2019:4621,2019,4619,,,,,,,,False
104.28268433,-2.03318286,2019-10-01 13:00:00,LAPAN,Aqua,Fire inside Sitrep,SUMSEL MUBA,4625,2019,2019:4625,2019,4623,,,,,,,,False
104.303,-2.0233,2019-10-01 13:00:00,ASMC,NOAA20,Fire inside Sitrep,SUMSEL MUBA,4631,2019,2019:4631,2019,4629,,,,,,,,False
104.2969,-2.0311,2019-10-01 13:00:00,ASMC,NOAA20,Fire inside Sitrep,SUMSEL MUBA,4632,2019,2019:4632,2019,4630,,,,,,,,False
105.64578247,-3.51731467,2019-10-01 13:00:00,LAPAN,Aqua,Verified Fire,SUMSEL,4634,2019,2019:4634,2019,4632,,,,,,,,False
105.61506653,-3.58989835,2019-10-01 13:00:00,LAPAN,Aqua,Verified Fire,SUMSEL,4636,2019,2019:4636,2019,4634,,,,,,,,False
105.25705719,-3.10793257,2019-10-01 13:00:00,LAPAN,Aqua,Verified Fire,SUMSEL,4644,2019,2019:4644,2019,4642,,,,,,,,False
105.22491455,-3.03808427,2019-10-01 13:00:00,LAPAN,Aqua,Verified Fire,SUMSEL,4646,2019,2019:4646,2019,4644,,,,,,,,False
105.51924133,-3.24487448,2019-10-01 13:00:00,LAPAN,Aqua,Verified Fire,SUMSEL,4650,2019,2019:4650,2019,4648,,,,,,,,False
105.48776245,-3.26993203,2019-10-01 13:00:00,LAPAN,Aqua,Verified Fire,SUMSEL,4651,2019,2019:4651,2019,4649,,,,,,,,False
105.56246185,-3.43485117,2019-10-01 13:00:00,LAPAN,Aqua,Verified No fire,SUMSEL,4664,2019,2019:4664,2019,4662,,,,,,,,False
105.37297821,-3.7146945,2019-10-01 13:00:00,LAPAN,Aqua,Verified Fire,SUMSEL,4668,2019,2019:4668,2019,4666,,,,,,,,False
105.5033,-3.6883,2019-10-01 13:00:00,ASMC,NOAA20,Verified Fire,SUMSEL,4671,2019,2019:4671,2019,4669,,,,,,,,False
105.5856,-3.8047,2019-10-01 13:00:00,ASMC,NOAA20,Verified Fire,SUMSEL,4672,2019,2019:4672,2019,4670,,,,,,,,False
105.7724,-3.8716,2019-10-01 13:00:00,ASMC,NOAA20,Verified Fire,SUMSEL,4679,2019,2019:4679,2019,4677,,,,,,,,False
105.44712067,-3.7374146,2019-10-01 13:00:00,LAPAN,Aqua,Verified Fire,SUMSEL,4683,2019,2019:4683,2019,4681,,,,,,,,False
105.4583,-3.8036,2019-10-01 13:00:00,ASMC,NOAA20,Verified Fire,SUMSEL,4685,2019,2019:4685,2019,4683,,,,,,,,False
105.45827484,-3.80359411,2019-10-01 13:00:00,LAPAN,Aqua,Verified Fire,SUMSEL,4686,2019,2019:4686,2019,4684,,,,,,,,False
105.5383,-3.866,2019-10-01 13:00:00,ASMC,NOAA20,Verified Fire,SUMSEL,4690,2019,2019:4690,2019,4688,,,,,,,,False
105.75298309,-3.79296327,2019-10-01 13:00:00,LAPAN,Aqua,Verified Fire,SUMSEL,4693,2019,2019:4693,2019,4691,,,,,,,,False
105.25614166,-2.78233099,2019-10-01 13:00:00,LAPAN,Aqua,Verified Fire,SUMSEL,4695,2019,2019:4695,2019,4693,,,,,,,,False
104.2888,-2.0254,2019-10-01 13:00:00,ASMC,NOAA20,Fire inside Sitrep,SUMSEL MUBA,4696,2019,2019:4696,2019,4694,,,,,,,,False
104.2878,-2.0187,2019-10-01 13:00:00,ASMC,NOAA20,Fire inside Sitrep,SUMSEL MUBA,4697,2019,2019:4697,2019,4695,,,,,,,,False
104.5459,-2.2449,2019-10-01 13:00:00,ASMC,NOAA20,Verified Fire,SUMSEL MUBA,4698,2019,2019:4698,2019,4696,,,,,,,,False
104.54592133,-2.24491286,2019-10-01 13:00:00,LAPAN,Aqua,Verified No fire,SUMSEL MUBA,4699,2019,2019:4699,2019,4697,,,,,,,,False
105.50159454,-3.31522322,2019-10-01 13:00:00,LAPAN,Aqua,Verified Fire,SUMSEL,4708,2019,2019:4708,2019,4706,,,,,,,,False
104.304,-2.03,2019-10-01 13:00:00,ASMC,NOAA20,Fire inside Sitrep,SUMSEL MUBA,4709,2019,2019:4709,2019,4707,,,,,,,,False
105.43915558,-2.55781102,2019-10-01 13:00:00,LAPAN,Aqua,Verified Fire,SUMSEL,4710,2019,2019:4710,2019,4708,,,,,,,,False
105.57830811,-3.89409971,2019-10-01 13:00:00,LAPAN,Aqua,Verified Fire,SUMSEL,4714,2019,2019:4714,2019,4712,,,,,,,,False
105.53038788,-3.86046815,2019-10-01 13:00:00,LAPAN,Aqua,Verified Fire,SUMSEL,4715,2019,2019:4715,2019,4713,,,,,,,,False
105.63686371,-3.45777321,2019-10-01 13:00:00,LAPAN,Aqua,Verified No fire,SUMSEL,4721,2019,2019:4721,2019,4719,,,,,,,,False
105.77315521,-3.65431523,2019-10-01 13:00:00,LAPAN,Aqua,Verified Fire,SUMSEL,4728,2019,2019:4728,2019,4726,,,,,,,,False
104.2827,-2.0332,2019-10-01 13:00:00,ASMC,NOAA20,Fire inside Sitrep,SUMSEL MUBA,4731,2019,2019:4731,2019,4729,,,,,,,,False
105.35280609,-3.13412094,2019-10-01 13:00:00,LAPAN,Aqua,Verified Fire,SUMSEL,4732,2019,2019:4732,2019,4730,,,,,,,,False
105.552764893,-3.84050035477,2019-10-01 13:00:00,LAPAN,Aqua,Verified Fire,SUMSEL,4737,2019,2019:4737,2019,4735,,,,,,,,False
105.55503082,-3.83642387,2019-10-01 13:00:00,LAPAN,Aqua,Verified Fire,SUMSEL,4740,2019,2019:4740,2019,4738,,,,,,,,False
105.4757843,-3.78729177,2019-10-01 13:00:00,LAPAN,Aqua,Verified Fire,SUMSEL,4741,2019,2019:4741,2019,4739,,,,,,,,False
105.37099457,-3.70142984,2019-10-01 13:00:00,LAPAN,Aqua,Verified Fire,SUMSEL,4743,2019,2019:4743,2019,4741,,,,,,,,False
104.2949,-2.0176,2019-10-01 13:00:00,ASMC,NOAA20,Fire inside Sitrep,SUMSEL MUBA,4751,2019,2019:4751,2019,4749,,,,,,,,False
105.5369,-3.7713,2019-10-01 13:00:00,ASMC,NOAA20,Verified Fire,SUMSEL,4757,2019,2019:4757,2019,4755,,,,,,,,False
105.4166,-3.1788,2019-10-01 13:00:00,ASMC,NOAA20,Verified Fire,SUMSEL,4763,2019,2019:4763,2019,4761,,,,,,,,False
105.32814026,-3.11075449,2019-10-01 13:00:00,LAPAN,Aqua,Verified Fire,SUMSEL,4768,2019,2019:4768,2019,4766,,,,,,,,False
105.57537842,-3.92163086,2019-10-01 13:00:00,LAPAN,Aqua,Verified Fire,SUMSEL,4777,2019,2019:4777,2019,4775,,,,,,,,False
105.6359787,-3.54586363,2019-10-01 13:00:00,LAPAN,Aqua,Verified Fire,SUMSEL,4783,2019,2019:4783,2019,4781,,,,,,,,False
105.6674,-3.4735,2019-10-01 13:00:00,ASMC,NOAA20,Verified Fire,SUMSEL,4785,2019,2019:4785,2019,4783,,,,,,,,False
105.41550446,-3.76252747,2019-10-01 13:00:00,LAPAN,Aqua,Verified Fire,SUMSEL,4791,2019,2019:4791,2019,4789,,,,,,,,False
105.19625854,-3.03562617,2019-10-01 13:00:00,LAPAN,Aqua,Verified Fire,SUMSEL,4793,2019,2019:4793,2019,4791,,,,,,,,False
105.52618408,-3.29119945,2019-10-01 13:00:00,LAPAN,Aqua,Verified Fire,SUMSEL,4797,2019,2019:4797,2019,4795,,,,,,,,False
105.51434326,-3.25915074,2019-10-01 13:00:00,LAPAN,Aqua,Verified Fire,SUMSEL,4798,2019,2019:4798,2019,4796,,,,,,,,False
105.474,-3.3194,2019-10-01 13:00:00,ASMC,NOAA20,Verified Fire,SUMSEL,4803,2019,2019:4803,2019,4801,,,,,,,,False
105.39196777,-3.15547037,2019-10-01 13:00:00,LAPAN,Aqua,Verified Fire,SUMSEL,4806,2019,2019:4806,2019,4804,,,,,,,,False
104.305,-2.0367,2019-10-01 13:00:00,ASMC,NOAA20,Fire inside Sitrep,SUMSEL MUBA,4807,2019,2019:4807,2019,4805,,,,,,,,False
105.746749878,-3.79439926147,2019-10-01 13:00:00,LAPAN,Aqua,Verified Fire,SUMSEL,4808,2019,2019:4808,2019,4806,,,,,,,,False
105.50234222,-3.68166399,2019-10-01 13:00:00,LAPAN,Aqua,Verified Fire,SUMSEL,4814,2019,2019:4814,2019,4812,,,,,,,,False
105.21797943,-2.9916656,2019-10-01 13:00:00,LAPAN,Aqua,Verified Fire,SUMSEL,4822,2019,2019:4822,2019,4820,,,,,,,,False
105.2294,-3.1121,2019-10-01 13:00:00,ASMC,NOAA20,Verified Fire,SUMSEL,4824,2019,2019:4824,2019,4822,,,,,,,,False
104.2959,-2.0243,2019-10-01 13:00:00,ASMC,NOAA20,Fire inside Sitrep,SUMSEL MUBA,4831,2019,2019:4831,2019,4829,,,,,,,,False
105.77235413,-3.87157416,2019-10-01 13:00:00,LAPAN,Aqua,Verified Fire,SUMSEL,4842,2019,2019:4842,2019,4840,,,,,,,,False
104.2898,-2.0321,2019-10-01 13:00:00,ASMC,NOAA20,Fire inside Sitrep,SUMSEL MUBA,4843,2019,2019:4843,2019,4841,,,,,,,,False
105.522239685,-3.88144683838,2019-10-01 13:00:00,LAPAN,Aqua,Verified Fire,SUMSEL,4844,2019,2019:4844,2019,4842,,,,,,,,False
105.57834625,-3.76498723,2019-10-01 13:00:00,LAPAN,Aqua,Verified Fire,SUMSEL,4847,2019,2019:4847,2019,4845,,,,,,,,False
105.6041,-3.5967,2019-10-02 12:00:00,ASMC,NOAA20,Verified Fire,SUMSEL,4861,2019,2019:4861,2019,4859,,,,,,,,False
105.4815,-3.3071,2019-10-02 12:00:00,ASMC,NOAA20,Verified Fire,SUMSEL,4862,2019,2019:4862,2019,4860,,,,,,,,False
105.4744,-3.3082,2019-10-02 12:00:00,ASMC,NOAA20,Verified Fire,SUMSEL,4863,2019,2019:4863,2019,4861,,,,,,,,False
105.6546,-3.6469,2019-10-02 12:00:00,ASMC,NOAA20,Verified Fire,SUMSEL,4864,2019,2019:4864,2019,4862,,,,,,,,False
103.3405,-1.1779,2019-10-02 12:00:00,ASMC,NOAA20,Verified Fire,JAMBI SMF,4865,2019,2019:4865,2019,4863,,,,,,,,False
105.6559,-3.6479,2019-10-02 12:00:00,ASMC,NOAA20,Verified Fire,SUMSEL,4866,2019,2019:4866,2019,4864,,,,,,,,False
105.6112,-3.5957,2019-10-02 12:00:00,ASMC,NOAA20,Verified Fire,SUMSEL,4867,2019,2019:4867,2019,4865,,,,,,,,False
105.5087,-3.2948,2019-10-02 12:00:00,ASMC,NOAA20,Verified Fire,SUMSEL,4868,2019,2019:4868,2019,4866,,,,,,,,False
105.6346,-3.5593,2019-10-02 12:00:00,ASMC,NOAA20,Verified Fire,SUMSEL,4869,2019,2019:4869,2019,4867,,,,,,,,False
105.6558609,-3.64786482,2019-10-02 13:00:00,LAPAN,SNPP,Verified Fire,SUMSEL,4870,2019,2019:4870,2019,4868,,,,,,,,False
105.48149109,-3.30710196,2019-10-02 13:00:00,LAPAN,SNPP,Verified Fire,SUMSEL,4871,2019,2019:4871,2019,4869,,,,,,,,False
105.61119843,-3.59566689,2019-10-02 13:00:00,LAPAN,SNPP,Verified Fire,SUMSEL,4872,2019,2019:4872,2019,4870,,,,,,,,False
105.63462067,-3.55930376,2019-10-02 13:00:00,LAPAN,SNPP,Verified Fire,SUMSEL,4873,2019,2019:4873,2019,4871,,,,,,,,False
103.34049988,-1.17794752,2019-10-02 13:00:00,LAPAN,SNPP,Verified Fire,JAMBI SMF,4875,2019,2019:4875,2019,4873,,,,,,,,False
105.50873566,-3.29479289,2019-10-02 13:00:00,LAPAN,SNPP,Verified Fire,SUMSEL,4876,2019,2019:4876,2019,4874,,,,,,,,False
105.205787659,-3.10195159912,2019-10-02 21:00:00,LAPAN,Terra,Verified Fire,SUMSEL,4877,2019,2019:4877,2019,4875,,,,,,,,False
105.225273132,-3.09924221039,2019-10-02 21:00:00,LAPAN,Terra,Verified Fire,SUMSEL,4878,2019,2019:4878,2019,4876,,,,,,,,False
104.30012512,-2.00360775,2019-10-04 01:00:00,LAPAN,SNPP,Fire inside Sitrep,SUMSEL MUBA,4886,2019,2019:4886,2019,4884,,,,,,,,False
104.28633881,-2.00144672,2019-10-04 01:00:00,LAPAN,SNPP,Fire inside Sitrep,SUMSEL MUBA,4888,2019,2019:4888,2019,4886,,,,,,,,False
103.066,-0.758779,2019-10-04 13:00:00,LAPAN,SNPP,Verified No fire,JAMBI SMF,4891,2019,2019:4891,2019,4889,,,,,,,,False
103.459,-2.45722,2019-10-04 13:00:00,LAPAN,SNPP,Verified No fire,SUMSEL MUBA,4892,2019,2019:4892,2019,4890,,,,,,,,False
103.468,-2.45587,2019-10-04 13:00:00,LAPAN,SNPP,Verified No fire,SUMSEL MUBA,4904,2019,2019:4904,2019,4902,,,,,,,,False
105.335037231,-3.11853122711,2019-10-04 14:00:00,LAPAN,Aqua,Verified Fire,SUMSEL,4909,2019,2019:4909,2019,4907,,,,,,,,False
105.332847595,-3.10410308838,2019-10-04 14:00:00,LAPAN,Aqua,Verified No fire,SUMSEL,4918,2019,2019:4918,2019,4916,,,,,,,,False
105.49810028,-3.23830867,2019-10-05 01:00:00,LAPAN,SNPP,Verified Fire,SUMSEL,4923,2019,2019:4923,2019,4921,,,,,,,,False
105.21977997,-3.09187984,2019-10-05 01:00:00,LAPAN,SNPP,Fire inside Sitrep,SUMSEL,4924,2019,2019:4924,2019,4922,,,,,,,,False
105.33613586,-3.10334969,2019-10-05 01:00:00,LAPAN,SNPP,Verified No fire,SUMSEL,4925,2019,2019:4925,2019,4923,,,,,,,,False
105.42124939,-3.17656254768,2019-10-05 10:00:00,LAPAN,Terra,Fire inside Sitrep,SUMSEL,4926,2019,2019:4926,2019,4924,,,,,,,,False
105.790718079,-3.60929441452,2019-10-05 10:00:00,LAPAN,Terra,Verified No fire,SUMSEL,4927,2019,2019:4927,2019,4925,,,,,,,,False
105.214,-3.03908,2019-10-05 12:00:00,LAPAN,SNPP,Verified Fire,SUMSEL,4934,2019,2019:4934,2019,4932,,,,,,,,False
104.09903717,-1.69434285,2019-10-05 13:00:00,LAPAN,SNPP,Fire inside Sitrep,SUMSEL MUBA,4947,2019,2019:4947,2019,4945,,,,,,,,False
103.97627258,-1.93817627,2019-10-05 13:00:00,LAPAN,SNPP,Fire inside Sitrep,SUMSEL MUBA,4949,2019,2019:4949,2019,4947,,,,,,,,False
105.54016876,-3.74919844,2019-10-05 13:00:00,LAPAN,SNPP,Verified No fire,SUMSEL,4951,2019,2019:4951,2019,4949,,,,,,,,False
105.19313812,-3.03818512,2019-10-05 13:00:00,LAPAN,SNPP,Verified Fire,SUMSEL,4957,2019,2019:4957,2019,4955,,,,,,,,False
105.20414734,-3.1098752,2019-10-05 13:00:00,LAPAN,SNPP,Verified Fire,SUMSEL,4958,2019,2019:4958,2019,4956,,,,,,,,False
105.24622345,-3.12052536,2019-10-05 13:00:00,LAPAN,SNPP,Verified Fire,SUMSEL,4959,2019,2019:4959,2019,4957,,,,,,,,False
104.30361176,-2.02056956,2019-10-05 13:00:00,LAPAN,SNPP,Fire inside Sitrep,SUMSEL MUBA,4961,2019,2019:4961,2019,4959,,,,,,,,False
104.10727692,-1.70131171,2019-10-05 13:00:00,LAPAN,SNPP,Fire inside Sitrep,SUMSEL MUBA,4962,2019,2019:4962,2019,4960,,,,,,,,False
105.34380341,-2.62785482,2019-10-05 13:00:00,LAPAN,SNPP,Verified No fire,SUMSEL,4964,2019,2019:4964,2019,4962,,,,,,,,False
105.20891571,-3.03568602,2019-10-05 13:00:00,LAPAN,SNPP,Fire inside Sitrep,SUMSEL,4968,2019,2019:4968,2019,4966,,,,,,,,False
105.20233154,-3.04542446,2019-10-05 13:00:00,LAPAN,SNPP,Fire inside Sitrep,SUMSEL,4970,2019,2019:4970,2019,4968,,,,,,,,False
103.86043549,-1.31452501,2019-10-05 13:00:00,LAPAN,SNPP,Verified Fire,JAMBI SMF,4976,2019,2019:4976,2019,4974,,,,,,,,False
103.78844452,-1.35804868,2019-10-05 13:00:00,LAPAN,SNPP,Verified Fire,JAMBI SMF,4979,2019,2019:4979,2019,4977,,,,,,,,False
105.44306183,-2.55696893,2019-10-05 13:00:00,LAPAN,SNPP,Verified Fire,SUMSEL,4981,2019,2019:4981,2019,4979,,,,,,,,False
105.34588623,-3.13088155,2019-10-05 13:00:00,LAPAN,SNPP,Verified Fire,SUMSEL,4984,2019,2019:4984,2019,4982,,,,,,,,False
103.8130188,-1.31367207,2019-10-05 13:00:00,LAPAN,SNPP,Verified Fire,JAMBI SMF,4986,2019,2019:4986,2019,4984,,,,,,,,False
104.11306763,-1.69216287,2019-10-05 13:00:00,LAPAN,SNPP,Fire inside Sitrep,SUMSEL MUBA,4990,2019,2019:4990,2019,4988,,,,,,,,False
105.31386566,-2.6503613,2019-10-05 13:00:00,LAPAN,SNPP,Verified No fire,SUMSEL,4993,2019,2019:4993,2019,4991,,,,,,,,False
105.45271301,-2.56435394,2019-10-05 13:00:00,LAPAN,SNPP,Verified Fire,SUMSEL,4999,2019,2019:4999,2019,4997,,,,,,,,False
103.83621216,-1.34508383,2019-10-05 13:00:00,LAPAN,SNPP,Verified Fire,JAMBI SMF,5001,2019,2019:5001,2019,4999,,,,,,,,False
105.50068665,-3.2696569,2019-10-05 13:00:00,LAPAN,SNPP,Fire inside Sitrep,SUMSEL,5003,2019,2019:5003,2019,5001,,,,,,,,False
105.41838837,-3.17479539,2019-10-05 13:00:00,LAPAN,SNPP,Fire inside Sitrep,SUMSEL,5004,2019,2019:5004,2019,5002,,,,,,,,False
104.1131,-1.6922,2019-10-05 13:00:00,ASMC,NOAA20,Fire inside Sitrep,SUMSEL MUBA,5007,2019,2019:5007,2019,5005,,,,,,,,False
104.29259491,-1.99666512,2019-10-06 00:00:00,LAPAN,SNPP,Fire inside Sitrep,SUMSEL MUBA,5027,2019,2019:5027,2019,5025,,,,,,,,False
104.27935791,-1.99455011,2019-10-06 00:00:00,LAPAN,SNPP,Fire inside Sitrep,SUMSEL MUBA,5028,2019,2019:5028,2019,5026,,,,,,,,False
103.79071045,-1.35731614,2019-10-06 00:00:00,LAPAN,SNPP,Verified Fire,JAMBI SMF,5029,2019,2019:5029,2019,5027,,,,,,,,False
103.77601624,-1.3549751,2019-10-06 00:00:00,LAPAN,SNPP,Verified No fire,JAMBI SMF,5030,2019,2019:5030,2019,5028,,,,,,,,False
104.27757263,-2.00518012,2019-10-06 00:00:00,LAPAN,SNPP,Fire inside Sitrep,SUMSEL MUBA,5031,2019,2019:5031,2019,5029,,,,,,,,False
104.28592682,-2.00877738,2019-10-06 13:00:00,LAPAN,Aqua,Fire inside Sitrep,SUMSEL MUBA,5052,2019,2019:5052,2019,5050,,,,,,,,False
104.29772186,-1.99344838,2019-10-06 13:00:00,LAPAN,Aqua,Verified No fire,SUMSEL MUBA,5054,2019,2019:5054,2019,5052,,,,,,,,False
104.287132263,-2.01084136963,2019-10-06 13:00:00,LAPAN,Aqua,Fire inside Sitrep,SUMSEL MUBA,5055,2019,2019:5055,2019,5053,,,,,,,,False
104.27313995,-2.01748538,2019-10-06 13:00:00,LAPAN,Aqua,Fire inside Sitrep,SUMSEL MUBA,5056,2019,2019:5056,2019,5054,,,,,,,,False
104.27803802,-2.00320363,2019-10-06 13:00:00,LAPAN,Aqua,Fire inside Sitrep,SUMSEL MUBA,5062,2019,2019:5062,2019,5060,,,,,,,,False
105.50047302,-3.83926177,2019-10-06 13:00:00,LAPAN,Aqua,Verified Fire,SUMSEL,5065,2019,2019:5065,2019,5063,,,,,,,,False
105.49344635,-3.28351378,2019-10-06 13:00:00,LAPAN,Aqua,Fire inside Sitrep,SUMSEL,5066,2019,2019:5066,2019,5064,,,,,,,,False
104.2898407,-1.98787451,2019-10-06 13:00:00,LAPAN,Aqua,Verified No fire,SUMSEL MUBA,5067,2019,2019:5067,2019,5065,,,,,,,,False
104.2731,-2.0175,2019-10-06 13:00:00,ASMC,NOAA20,Fire inside Sitrep,SUMSEL MUBA,5068,2019,2019:5068,2019,5066,,,,,,,,False
105.5005,-3.8393,2019-10-06 13:00:00,ASMC,NOAA20,Verified Fire,SUMSEL,5069,2019,2019:5069,2019,5067,,,,,,,,False
104.26926422,-1.99122941,2019-10-07 00:00:00,LAPAN,SNPP,Verified Fire,SUMSEL MUBA,5070,2019,2019:5070,2019,5068,,,,,,,,False
104.28590393,-1.97932267,2019-10-07 00:00:00,LAPAN,SNPP,Verified No fire,SUMSEL MUBA,5071,2019,2019:5071,2019,5069,,,,,,,,False
104.27178192,-1.9769522,2019-10-07 00:00:00,LAPAN,SNPP,Verified No fire,SUMSEL MUBA,5072,2019,2019:5072,2019,5070,,,,,,,,False
104.2833252,-1.99356937,2019-10-07 00:00:00,LAPAN,SNPP,Fire inside Sitrep,SUMSEL MUBA,5073,2019,2019:5073,2019,5071,,,,,,,,False
105.227340698,-3.08990573883,2019-10-07 09:00:00,LAPAN,Terra,Fire inside Sitrep,SUMSEL,5087,2019,2019:5087,2019,5085,,,,,,,,False
104.3087,-2.0362,2019-10-07 13:00:00,ASMC,NOAA20,Fire inside Sitrep,SUMSEL MUBA,5088,2019,2019:5088,2019,5086,,,,,,,,False
104.3075,-2.0284,2019-10-07 13:00:00,ASMC,NOAA20,Fire inside Sitrep,SUMSEL MUBA,5089,2019,2019:5089,2019,5087,,,,,,,,False
102.8859,-0.8787,2019-10-07 13:00:00,ASMC,NOAA20,Verified Fire,JAMBI SMF,5090,2019,2019:5090,2019,5088,,,,,,,,False
104.3086853,-2.03616214,2019-10-07 13:00:00,LAPAN,SNPP,Fire inside Sitrep,SUMSEL MUBA,5091,2019,2019:5091,2019,5089,,,,,,,,False
105.51571655,-3.25497293,2019-10-08 12:00:00,LAPAN,SNPP,Fire inside Sitrep,SUMSEL,5100,2019,2019:5100,2019,5098,,,,,,,,False
105.51573944,-3.29600501,2019-10-08 12:00:00,LAPAN,SNPP,Fire inside Sitrep,SUMSEL,5101,2019,2019:5101,2019,5099,,,,,,,,False
105.45423889,-3.82081771,2019-10-08 12:00:00,LAPAN,SNPP,Fire inside Sitrep,SUMSEL,5102,2019,2019:5102,2019,5100,,,,,,,,False
105.48670959,-3.30020857,2019-10-08 12:00:00,LAPAN,SNPP,Fire inside Sitrep,SUMSEL,5106,2019,2019:5106,2019,5104,,,,,,,,False
105.46318054,-3.80556917,2019-10-08 12:00:00,LAPAN,SNPP,Fire inside Sitrep,SUMSEL,5108,2019,2019:5108,2019,5106,,,,,,,,False
105.46484375,-3.31367111,2019-10-08 12:00:00,LAPAN,SNPP,Fire inside Sitrep,SUMSEL,5110,2019,2019:5110,2019,5108,,,,,,,,False
105.513038635,-3.25830888748,2019-10-08 13:00:00,LAPAN,Aqua,Fire inside Sitrep,SUMSEL,5112,2019,2019:5112,2019,5110,,,,,,,,False
105.500648499,-3.24109983444,2019-10-08 13:00:00,LAPAN,Aqua,Fire inside Sitrep,SUMSEL,5114,2019,2019:5114,2019,5112,,,,,,,,False
105.355,-3.72885,2019-10-08 13:00:00,LAPAN,SNPP,Verified Fire,SUMSEL,5115,2019,2019:5115,2019,5113,,,,,,,,False
104.27360535,-1.97879755,2019-10-09 01:00:00,LAPAN,SNPP,Verified Fire,SUMSEL MUBA,5118,2019,2019:5118,2019,5116,,,,,,,,False
105.452034,-3.29760885,2019-10-09 01:00:00,LAPAN,SNPP,Fire inside Sitrep,SUMSEL,5119,2019,2019:5119,2019,5117,,,,,,,,False
104.31095123,-2.0338726,2019-10-09 01:00:00,LAPAN,SNPP,Fire inside Sitrep,SUMSEL MUBA,5120,2019,2019:5120,2019,5118,,,,,,,,False
104.27787781,-2.00055456,2019-10-09 01:00:00,LAPAN,SNPP,Fire inside Sitrep,SUMSEL MUBA,5121,2019,2019:5121,2019,5119,,,,,,,,False
103.95111847,-1.92175996,2019-10-09 01:00:00,LAPAN,SNPP,Fire inside Sitrep,SUMSEL MUBA,5122,2019,2019:5122,2019,5120,,,,,,,,False
105.50534821,-3.23800159,2019-10-09 01:00:00,LAPAN,SNPP,Fire inside Sitrep,SUMSEL,5123,2019,2019:5123,2019,5121,,,,,,,,False
103.77899933,-1.35870576,2019-10-09 01:00:00,LAPAN,SNPP,Verified Fire,JAMBI SMF,5124,2019,2019:5124,2019,5122,,,,,,,,False
105.21141052,-3.09990621,2019-10-09 01:00:00,LAPAN,SNPP,Fire inside Sitrep,SUMSEL,5125,2019,2019:5125,2019,5123,,,,,,,,False
104.271492,-1.99252605,2019-10-09 01:00:00,LAPAN,SNPP,Verified Fire,SUMSEL MUBA,5126,2019,2019:5126,2019,5124,,,,,,,,False
103.848,-1.9164,2019-10-09 13:00:00,LAPAN,SNPP,Fire inside Sitrep,SUMSEL MUBA,5127,2019,2019:5127,2019,5125,,,,,,,,False
103.953,-1.92162,2019-10-09 13:00:00,LAPAN,SNPP,Fire inside Sitrep,SUMSEL MUBA,5136,2019,2019:5136,2019,5134,,,,,,,,False
105.518,-3.30116,2019-10-09 13:00:00,LAPAN,SNPP,Fire inside Sitrep,SUMSEL,5138,2019,2019:5138,2019,5136,,,,,,,,False
104.307,-2.03873,2019-10-09 13:00:00,LAPAN,SNPP,Fire inside Sitrep,SUMSEL MUBA,5141,2019,2019:5141,2019,5139,,,,,,,,False
102.841,-1.12261,2019-10-09 13:00:00,LAPAN,SNPP,Verified No fire,JAMBI SMF,5144,2019,2019:5144,2019,5142,,,,,,,,False
105.63,-3.9262,2019-10-09 13:00:00,LAPAN,SNPP,Verified Fire,SUMSEL,5159,2019,2019:5159,2019,5157,,,,,,,,False
105.531,-3.29243,2019-10-09 13:00:00,LAPAN,SNPP,Fire inside Sitrep,SUMSEL,5160,2019,2019:5160,2019,5158,,,,,,,,False
105.616,-3.79364,2019-10-09 13:00:00,LAPAN,SNPP,Verified Fire,SUMSEL,5162,2019,2019:5162,2019,5160,,,,,,,,False
105.4584198,-3.29692388,2019-10-10 01:00:00,LAPAN,Terra,Fire inside Sitrep,SUMSEL,5182,2019,2019:5182,2019,5180,,,,,,,,False
105.50335693,-3.24215436,2019-10-10 01:00:00,LAPAN,Terra,Fire inside Sitrep,SUMSEL,5183,2019,2019:5183,2019,5181,,,,,,,,False
105.21050262,-3.10074687,2019-10-10 01:00:00,LAPAN,Terra,Fire inside Sitrep,SUMSEL,5184,2019,2019:5184,2019,5182,,,,,,,,False
103.95438385,-1.93031943,2019-10-10 01:00:00,LAPAN,Terra,Fire inside Sitrep,SUMSEL MUBA,5185,2019,2019:5185,2019,5183,,,,,,,,False
104.26721954,-1.99447453,2019-10-10 01:00:00,LAPAN,Terra,Verified Fire,SUMSEL MUBA,5186,2019,2019:5186,2019,5184,,,,,,,,False
105.48865509,-3.33483243,2019-10-10 01:00:00,LAPAN,Terra,Fire inside Sitrep,SUMSEL,5187,2019,2019:5187,2019,5185,,,,,,,,False
105.49678802,-3.3292551,2019-10-10 01:00:00,LAPAN,Terra,Fire inside Sitrep,SUMSEL,5188,2019,2019:5188,2019,5186,,,,,,,,False
103.94729614,-1.92182529,2019-10-10 01:00:00,LAPAN,Terra,Fire inside Sitrep,SUMSEL MUBA,5189,2019,2019:5189,2019,5187,,,,,,,,False
104.27403259,-2.00279021,2019-10-10 01:00:00,LAPAN,Terra,Fire inside Sitrep,SUMSEL MUBA,5190,2019,2019:5190,2019,5188,,,,,,,,False
105.44421387,-3.29468489,2019-10-10 01:00:00,LAPAN,Terra,Fire inside Sitrep,SUMSEL,5191,2019,2019:5191,2019,5189,,,,,,,,False
102.91883087,-0.86647046,2019-10-10 01:00:00,LAPAN,Terra,Verified Fire,JAMBI SMF,5192,2019,2019:5192,2019,5190,,,,,,,,False
104.26944733,-1.98031855,2019-10-10 01:00:00,LAPAN,Terra,Verified Fire,SUMSEL MUBA,5193,2019,2019:5193,2019,5191,,,,,,,,False
104.31821442,-2.03144598,2019-10-10 01:00:00,LAPAN,Terra,Fire inside Sitrep,SUMSEL MUBA,5194,2019,2019:5194,2019,5192,,,,,,,,False
104.311409,-2.02314472,2019-10-10 01:00:00,LAPAN,Terra,Fire inside Sitrep,SUMSEL MUBA,5195,2019,2019:5195,2019,5193,,,,,,,,False
104.3092041,-2.03726578,2019-10-10 01:00:00,LAPAN,Terra,Fire inside Sitrep,SUMSEL MUBA,5196,2019,2019:5196,2019,5194,,,,,,,,False
105.706390381,-3.64952921867,2019-10-10 10:00:00,LAPAN,Terra,Verified Fire,SUMSEL,5197,2019,2019:5197,2019,5195,,,,,,,,False
105.4556427,-3.29830765724,2019-10-10 13:00:00,LAPAN,Aqua,Verified Fire,SUMSEL,5210,2019,2019:5210,2019,5208,,,,,,,,False
105.575317383,-2.82087111473,2019-10-10 13:00:00,LAPAN,Aqua,Verified No fire,SUMSEL,5211,2019,2019:5211,2019,5209,,,,,,,,False
105.6768,-3.7002,2019-10-10 13:00:00,ASMC,NOAA20,Verified Fire,SUMSEL,5229,2019,2019:5229,2019,5227,,,,,,,,False
105.7337,-3.6228,2019-10-10 13:00:00,ASMC,NOAA20,Verified Fire,SUMSEL,5231,2019,2019:5231,2019,5229,,,,,,,,False
105.482,-3.2906,2019-10-10 13:00:00,ASMC,NOAA20,Fire inside Sitrep,SUMSEL,5238,2019,2019:5238,2019,5236,,,,,,,,False
105.6607132,-3.96828699,2019-10-10 13:00:00,LAPAN,SNPP,Verified Fire,SUMSEL,5242,2019,2019:5242,2019,5240,,,,,,,,False
105.41336823,-3.17419028,2019-10-10 13:00:00,LAPAN,SNPP,Verified Fire,SUMSEL,5249,2019,2019:5249,2019,5247,,,,,,,,False
105.56176758,-3.247679,2019-10-10 13:00:00,LAPAN,SNPP,Verified Fire,SUMSEL,5251,2019,2019:5251,2019,5249,,,,,,,,False
105.73770905,-3.9061234,2019-10-10 13:00:00,LAPAN,SNPP,Verified Fire,SUMSEL,5266,2019,2019:5266,2019,5264,,,,,,,,False
104.307,-2.02743,2019-10-10 13:00:00,LAPAN,SNPP,Fire inside Sitrep,SUMSEL MUBA,5280,2019,2019:5280,2019,5278,,,,,,,,False
105.43297577,-3.31832051,2019-10-10 13:00:00,LAPAN,SNPP,Verified Fire,SUMSEL,5284,2019,2019:5284,2019,5282,,,,,,,,False
105.51952362,-3.25473189,2019-10-10 13:00:00,LAPAN,SNPP,Verified Fire,SUMSEL,5285,2019,2019:5285,2019,5283,,,,,,,,False
105.554,-3.24771,2019-10-10 13:00:00,LAPAN,SNPP,Verified Fire,SUMSEL,5289,2019,2019:5289,2019,5287,,,,,,,,False
105.71347046,-3.65433311,2019-10-10 13:00:00,LAPAN,SNPP,Verified Fire,SUMSEL,5303,2019,2019:5303,2019,5301,,,,,,,,False
105.6953,-3.6589,2019-10-10 13:00:00,ASMC,NOAA20,Verified Fire,SUMSEL,5304,2019,2019:5304,2019,5302,,,,,,,,False
105.28150177,-2.81295013,2019-10-10 13:00:00,LAPAN,SNPP,Verified Fire,SUMSEL,5320,2019,2019:5320,2019,5318,,,,,,,,False
105.527,-3.303,2019-10-10 13:00:00,ASMC,NOAA20,Fire inside Sitrep,SUMSEL,5328,2019,2019:5328,2019,5326,,,,,,,,False
105.3133,-2.6413,2019-10-10 13:00:00,ASMC,NOAA20,Verified No fire,SUMSEL,5333,2019,2019:5333,2019,5331,,,,,,,,False
104.311393738,-2.0263633728,2019-10-10 13:00:00,LAPAN,Aqua,Fire inside Sitrep,SUMSEL MUBA,5336,2019,2019:5336,2019,5334,,,,,,,,False
105.5269928,-3.30296922,2019-10-10 13:00:00,LAPAN,SNPP,Verified Fire,SUMSEL,5345,2019,2019:5345,2019,5343,,,,,,,,False
105.470970154,-3.80242013931,2019-10-10 13:00:00,LAPAN,Aqua,Fire inside Sitrep,SUMSEL,5354,2019,2019:5354,2019,5352,,,,,,,,False
103.95333099,-1.9374305,2019-10-11 00:00:00,LAPAN,SNPP,Fire inside Sitrep,SUMSEL MUBA,5370,2019,2019:5370,2019,5368,,,,,,,,False
106.01088715,-3.25065994,2019-10-11 00:00:00,LAPAN,SNPP,Verified No fire,SUMSEL,5371,2019,2019:5371,2019,5369,,,,,,,,False
105.43369293,-3.28970671,2019-10-11 00:00:00,LAPAN,SNPP,Fire inside Sitrep,SUMSEL,5372,2019,2019:5372,2019,5370,,,,,,,,False
105.41981506,-3.32285929,2019-10-11 00:00:00,LAPAN,SNPP,Fire inside Sitrep,SUMSEL,5373,2019,2019:5373,2019,5371,,,,,,,,False
105.5680542,-3.26379561,2019-10-11 13:00:00,LAPAN,SNPP,Verified Fire,SUMSEL,5395,2019,2019:5395,2019,5393,,,,,,,,False
105.21582794,-3.09368324,2019-10-11 13:00:00,LAPAN,SNPP,Fire inside Sitrep,SUMSEL,5397,2019,2019:5397,2019,5395,,,,,,,,False
105.34100342,-2.62584734,2019-10-11 13:00:00,LAPAN,SNPP,Verified No fire,SUMSEL,5399,2019,2019:5399,2019,5397,,,,,,,,False
105.71337128,-3.62406945,2019-10-11 13:00:00,LAPAN,SNPP,Verified Fire,SUMSEL,5407,2019,2019:5407,2019,5405,,,,,,,,False
105.76803589,-3.65227365,2019-10-11 13:00:00,LAPAN,SNPP,Verified Fire,SUMSEL,5408,2019,2019:5408,2019,5406,,,,,,,,False
105.74028778,-3.91626477,2019-10-11 13:00:00,LAPAN,SNPP,Verified Fire,SUMSEL,5410,2019,2019:5410,2019,5408,,,,,,,,False
105.85875702,-3.86258888,2019-10-11 13:00:00,LAPAN,SNPP,Verified Fire,SUMSEL,5412,2019,2019:5412,2019,5410,,,,,,,,False
105.4379,-3.8192,2019-10-11 13:00:00,ASMC,NOAA20,Fire inside Sitrep,SUMSEL,5414,2019,2019:5414,2019,5412,,,,,,,,False
105.49518585,-3.33257914,2019-10-11 13:00:00,LAPAN,SNPP,Verified Fire,SUMSEL,5417,2019,2019:5417,2019,5415,,,,,,,,False
103.97621918,-1.94600654,2019-10-11 13:00:00,LAPAN,SNPP,Verified Fire,SUMSEL MUBA,5418,2019,2019:5418,2019,5416,,,,,,,,False
105.21673584,-2.99227166,2019-10-11 13:00:00,LAPAN,SNPP,Fire inside Sitrep,SUMSEL,5420,2019,2019:5420,2019,5418,,,,,,,,False
105.20991516,-3.00052691,2019-10-11 13:00:00,LAPAN,SNPP,Fire inside Sitrep,SUMSEL,5422,2019,2019:5422,2019,5420,,,,,,,,False
105.70848846,-3.64684343,2019-10-11 13:00:00,LAPAN,SNPP,Fire inside Sitrep,SUMSEL,5427,2019,2019:5427,2019,5425,,,,,,,,False
105.63191223,-3.57950497,2019-10-11 13:00:00,LAPAN,SNPP,Verified Fire,SUMSEL,5430,2019,2019:5430,2019,5428,,,,,,,,False
105.70249939,-3.66243505,2019-10-11 13:00:00,LAPAN,SNPP,Verified Fire,SUMSEL,5433,2019,2019:5433,2019,5431,,,,,,,,False
105.66470337,-3.96472812,2019-10-11 13:00:00,LAPAN,SNPP,Fire inside Sitrep,SUMSEL,5434,2019,2019:5434,2019,5432,,,,,,,,False
105.77651215,-3.87533069,2019-10-11 13:00:00,LAPAN,SNPP,Fire inside Sitrep,SUMSEL,5436,2019,2019:5436,2019,5434,,,,,,,,False
103.02779388,-2.30807161,2019-10-11 13:00:00,LAPAN,SNPP,Verified No fire,SUMSEL MUBA,5437,2019,2019:5437,2019,5435,,,,,,,,False
105.50215149,-3.32419777,2019-10-11 13:00:00,LAPAN,SNPP,Verified Fire,SUMSEL,5438,2019,2019:5438,2019,5436,,,,,,,,False
105.7134,-3.6241,2019-10-11 13:00:00,ASMC,NOAA20,Verified Fire,SUMSEL,5441,2019,2019:5441,2019,5439,,,,,,,,False
105.28801727,-2.82206035,2019-10-11 13:00:00,LAPAN,SNPP,Verified Fire,SUMSEL,5442,2019,2019:5442,2019,5440,,,,,,,,False
105.72265625,-3.62995481,2019-10-11 13:00:00,LAPAN,SNPP,Verified Fire,SUMSEL,5448,2019,2019:5448,2019,5446,,,,,,,,False
105.73683167,-3.61303949,2019-10-11 13:00:00,LAPAN,SNPP,Verified Fire,SUMSEL,5449,2019,2019:5449,2019,5447,,,,,,,,False
105.52565765,-3.42177796,2019-10-11 13:00:00,LAPAN,SNPP,Verified Fire,SUMSEL,5450,2019,2019:5450,2019,5448,,,,,,,,False
105.35857391,-3.12953424,2019-10-11 13:00:00,LAPAN,SNPP,Fire inside Sitrep,SUMSEL,5451,2019,2019:5451,2019,5449,,,,,,,,False
105.21621704,-3.04315925,2019-10-11 13:00:00,LAPAN,SNPP,Fire inside Sitrep,SUMSEL,5452,2019,2019:5452,2019,5450,,,,,,,,False
105.51136017,-3.27252007,2019-10-11 13:00:00,LAPAN,SNPP,Verified Fire,SUMSEL,5454,2019,2019:5454,2019,5452,,,,,,,,False
105.64254761,-3.25967598,2019-10-11 13:00:00,LAPAN,SNPP,Fire inside Sitrep,SUMSEL,5455,2019,2019:5455,2019,5453,,,,,,,,False
105.43792725,-3.81919503,2019-10-11 13:00:00,LAPAN,SNPP,Fire inside Sitrep,SUMSEL,5457,2019,2019:5457,2019,5455,,,,,,,,False
105.31904602,-2.64378595,2019-10-11 13:00:00,LAPAN,SNPP,Verified Fire,SUMSEL,5460,2019,2019:5460,2019,5458,,,,,,,,False
105.20582581,-3.08080888,2019-10-11 13:00:00,LAPAN,SNPP,Verified Fire,SUMSEL,5462,2019,2019:5462,2019,5460,,,,,,,,False
103.33838654,-2.38301277,2019-10-11 13:00:00,LAPAN,SNPP,Verified No fire,SUMSEL MUBA,5465,2019,2019:5465,2019,5463,,,,,,,,False
103.95141602,-1.92900276,2019-10-11 13:00:00,LAPAN,SNPP,Fire inside Sitrep,SUMSEL MUBA,5466,2019,2019:5466,2019,5464,,,,,,,,False
103.95967102,-1.93467462,2019-10-11 13:00:00,LAPAN,SNPP,Fire inside Sitrep,SUMSEL MUBA,5467,2019,2019:5467,2019,5465,,,,,,,,False
105.34797668,-2.61748719,2019-10-11 13:00:00,LAPAN,SNPP,Verified No fire,SUMSEL,5469,2019,2019:5469,2019,5467,,,,,,,,False
105.77210999,-3.8466537,2019-10-11 13:00:00,LAPAN,SNPP,Fire inside Sitrep,SUMSEL,5470,2019,2019:5470,2019,5468,,,,,,,,False
104.332336426,-2.02521848679,2019-10-11 21:00:00,LAPAN,Terra,Verified No fire,SUMSEL MUBA,5476,2019,2019:5476,2019,5474,,,,,,,,False
104.303131104,-2.02914786339,2019-10-11 21:00:00,LAPAN,Terra,Fire inside Sitrep,SUMSEL MUBA,5478,2019,2019:5478,2019,5476,,,,,,,,False
104.305419922,-2.04447865486,2019-10-11 21:00:00,LAPAN,Terra,Fire inside Sitrep,SUMSEL MUBA,5479,2019,2019:5479,2019,5477,,,,,,,,False
104.31697083,-2.02599621,2019-10-12 00:00:00,LAPAN,Aqua,Fire inside Sitrep,SUMSEL MUBA,5480,2019,2019:5480,2019,5478,,,,,,,,False
105.626075745,-3.05616545677,2019-10-12 10:00:00,LAPAN,Terra,Verified No fire,SUMSEL,5487,2019,2019:5487,2019,5485,,,,,,,,False
104.04233551,-2.01106595993,2019-10-12 10:00:00,LAPAN,Terra,Verified Fire,SUMSEL MUBA,5489,2019,2019:5489,2019,5487,,,,,,,,False
105.5276,-3.3041,2019-10-12 13:00:00,ASMC,NOAA20,Fire inside Sitrep,SUMSEL,5495,2019,2019:5495,2019,5493,,,,,,,,False
105.52761841,-3.30410743,2019-10-12 13:00:00,LAPAN,Aqua,Fire inside Sitrep,SUMSEL,5496,2019,2019:5496,2019,5494,,,,,,,,False
105.5475,-3.4375,2019-10-12 13:00:00,ASMC,NOAA20,Fire inside Sitrep,SUMSEL,5497,2019,2019:5497,2019,5495,,,,,,,,False
105.64727783,-3.55205536,2019-10-12 13:00:00,LAPAN,Aqua,Fire inside Sitrep,SUMSEL,5498,2019,2019:5498,2019,5496,,,,,,,,False
105.63663483,-3.58153915,2019-10-12 13:00:00,LAPAN,Aqua,Fire inside Sitrep,SUMSEL,5500,2019,2019:5500,2019,5498,,,,,,,,False
105.791259766,-3.56375479698,2019-10-12 13:00:00,LAPAN,Aqua,Verified Fire,SUMSEL,5506,2019,2019:5506,2019,5504,,,,,,,,False
105.4447,-3.8204,2019-10-12 13:00:00,ASMC,NOAA20,Fire inside Sitrep,SUMSEL,5508,2019,2019:5508,2019,5506,,,,,,,,False
105.5152,-3.7817,2019-10-12 13:00:00,ASMC,NOAA20,Fire inside Sitrep,SUMSEL,5509,2019,2019:5509,2019,5507,,,,,,,,False
105.6178,-3.2588,2019-10-12 13:00:00,ASMC,NOAA20,Verified Fire,SUMSEL,5510,2019,2019:5510,2019,5508,,,,,,,,False
105.622756958,-3.06260490417,2019-10-12 13:00:00,LAPAN,Aqua,Fire inside Sitrep,SUMSEL,5511,2019,2019:5511,2019,5509,,,,,,,,False
105.5739,-3.2654,2019-10-12 13:00:00,ASMC,NOAA20,Fire inside Sitrep,SUMSEL,5512,2019,2019:5512,2019,5510,,,,,,,,False
105.8977,-3.8747,2019-10-12 13:00:00,ASMC,NOAA20,Verified Fire,SUMSEL,5518,2019,2019:5518,2019,5516,,,,,,,,False
105.89765167,-3.87469578,2019-10-12 13:00:00,LAPAN,Aqua,Verified Fire,SUMSEL,5519,2019,2019:5519,2019,5517,,,,,,,,False
105.66588593,-3.97621727,2019-10-12 13:00:00,LAPAN,Aqua,Verified Fire,SUMSEL,5520,2019,2019:5520,2019,5518,,,,,,,,False
105.484375,-3.72694683,2019-10-12 13:00:00,LAPAN,Aqua,Verified Fire,SUMSEL,5522,2019,2019:5522,2019,5520,,,,,,,,False
105.5152359,-3.78174043,2019-10-12 13:00:00,LAPAN,Aqua,Fire inside Sitrep,SUMSEL,5525,2019,2019:5525,2019,5523,,,,,,,,False
105.56793976,-3.82988691,2019-10-12 13:00:00,LAPAN,Aqua,Fire inside Sitrep,SUMSEL,5526,2019,2019:5526,2019,5524,,,,,,,,False
105.61784363,-3.25879025,2019-10-12 13:00:00,LAPAN,Aqua,Verified Fire,SUMSEL,5527,2019,2019:5527,2019,5525,,,,,,,,False
103.32308197,-0.957748,2019-10-12 13:00:00,LAPAN,Aqua,Verified No fire,JAMBI SMF,5529,2019,2019:5529,2019,5527,,,,,,,,False
105.42901611,-3.76644969,2019-10-12 13:00:00,LAPAN,Aqua,Fire inside Sitrep,SUMSEL,5532,2019,2019:5532,2019,5530,,,,,,,,False
105.7678,-3.6077,2019-10-12 13:00:00,ASMC,NOAA20,Fire inside Sitrep,SUMSEL,5534,2019,2019:5534,2019,5532,,,,,,,,False
105.76784515,-3.6077435,2019-10-12 13:00:00,LAPAN,Aqua,Fire inside Sitrep,SUMSEL,5536,2019,2019:5536,2019,5534,,,,,,,,False
105.2945,-2.9119,2019-10-12 13:00:00,ASMC,NOAA20,Verified Fire,SUMSEL,5537,2019,2019:5537,2019,5535,,,,,,,,False
105.54754639,-3.43750429,2019-10-12 13:00:00,LAPAN,Aqua,Fire inside Sitrep,SUMSEL,5539,2019,2019:5539,2019,5537,,,,,,,,False
105.475914,-3.72120452,2019-10-12 13:00:00,LAPAN,Aqua,Fire inside Sitrep,SUMSEL,5542,2019,2019:5542,2019,5540,,,,,,,,False
105.57141113,-3.69982266,2019-10-12 13:00:00,LAPAN,Aqua,Verified Fire,SUMSEL,5543,2019,2019:5543,2019,5541,,,,,,,,False
105.6481,-3.2612,2019-10-12 13:00:00,ASMC,NOAA20,Fire inside Sitrep,SUMSEL,5548,2019,2019:5548,2019,5546,,,,,,,,False
105.70817566,-3.65836167,2019-10-12 13:00:00,LAPAN,Aqua,Fire inside Sitrep,SUMSEL,5550,2019,2019:5550,2019,5548,,,,,,,,False
105.44467163,-3.82037759,2019-10-12 13:00:00,LAPAN,Aqua,Fire inside Sitrep,SUMSEL,5552,2019,2019:5552,2019,5550,,,,,,,,False
105.4759,-3.7212,2019-10-12 13:00:00,ASMC,NOAA20,Fire inside Sitrep,SUMSEL,5553,2019,2019:5553,2019,5551,,,,,,,,False
105.64809418,-3.26118326,2019-10-12 13:00:00,LAPAN,Aqua,Fire inside Sitrep,SUMSEL,5554,2019,2019:5554,2019,5552,,,,,,,,False
105.29447174,-2.91185212,2019-10-12 13:00:00,LAPAN,Aqua,Verified Fire,SUMSEL,5555,2019,2019:5555,2019,5553,,,,,,,,False
105.65561676,-3.55777621,2019-10-12 13:00:00,LAPAN,Aqua,Verified Fire,SUMSEL,5556,2019,2019:5556,2019,5554,,,,,,,,False
105.5776825,-3.7934196,2019-10-12 13:00:00,LAPAN,Aqua,Verified Fire,SUMSEL,5559,2019,2019:5559,2019,5557,,,,,,,,False
105.73865509,-3.61207986,2019-10-12 13:00:00,LAPAN,Aqua,Fire inside Sitrep,SUMSEL,5561,2019,2019:5561,2019,5559,,,,,,,,False
105.57387543,-3.26542091,2019-10-12 13:00:00,LAPAN,Aqua,Fire inside Sitrep,SUMSEL,5564,2019,2019:5564,2019,5562,,,,,,,,False
105.45657349,-3.79750538,2019-10-12 13:00:00,LAPAN,Aqua,Fire inside Sitrep,SUMSEL,5567,2019,2019:5567,2019,5565,,,,,,,,False
105.63157654,-3.54743338,2019-10-12 13:00:00,LAPAN,Aqua,Fire inside Sitrep,SUMSEL,5568,2019,2019:5568,2019,5566,,,,,,,,False
103.3231,-0.9577,2019-10-12 13:00:00,ASMC,NOAA20,Verified No fire,JAMBI SMF,5570,2019,2019:5570,2019,5568,,,,,,,,False
105.5777,-3.7934,2019-10-12 13:00:00,ASMC,NOAA20,Verified Fire,SUMSEL,5571,2019,2019:5571,2019,5569,,,,,,,,False
105.4556,-3.7906,2019-10-12 13:00:00,ASMC,NOAA20,Fire inside Sitrep,SUMSEL,5572,2019,2019:5572,2019,5570,,,,,,,,False
102.909004211,-0.867291688919,2019-10-13 11:00:00,LAPAN,Terra,Verified Fire,JAMBI SMF,5631,2019,2019:5631,2019,5629,,,,,,,,False
103.97603607,-1.95068347,2019-10-13 12:00:00,LAPAN,Aqua,Fire inside Sitrep,SUMSEL MUBA,5632,2019,2019:5632,2019,5630,,,,,,,,False
105.22859192,-3.00133228,2019-10-13 12:00:00,LAPAN,Aqua,Fire inside Sitrep,SUMSEL,5634,2019,2019:5634,2019,5632,,,,,,,,False
105.21356964,-3.1111598,2019-10-13 12:00:00,LAPAN,Aqua,Fire inside Sitrep,SUMSEL,5636,2019,2019:5636,2019,5634,,,,,,,,False
105.43541718,-3.28874326,2019-10-13 12:00:00,LAPAN,Aqua,Fire inside Sitrep,SUMSEL,5638,2019,2019:5638,2019,5636,,,,,,,,False
105.47561646,-3.31682181,2019-10-13 12:00:00,LAPAN,Aqua,Fire inside Sitrep,SUMSEL,5640,2019,2019:5640,2019,5638,,,,,,,,False
105.35049438,-3.74684072,2019-10-13 12:00:00,LAPAN,Aqua,Fire inside Sitrep,SUMSEL,5643,2019,2019:5643,2019,5641,,,,,,,,False
105.74060822,-3.61090755,2019-10-13 12:00:00,LAPAN,Aqua,Verified Fire,SUMSEL,5647,2019,2019:5647,2019,5645,,,,,,,,False
105.61058807,-3.57699895,2019-10-13 12:00:00,LAPAN,Aqua,Verified Fire,SUMSEL,5649,2019,2019:5649,2019,5647,,,,,,,,False
105.67948151,-3.70011115,2019-10-13 12:00:00,LAPAN,Aqua,Verified Fire,SUMSEL,5652,2019,2019:5652,2019,5650,,,,,,,,False
105.69591522,-3.68863606,2019-10-13 12:00:00,LAPAN,Aqua,Verified Fire,SUMSEL,5654,2019,2019:5654,2019,5652,,,,,,,,False
105.65291595,-3.28211713,2019-10-13 12:00:00,LAPAN,Aqua,Verified Fire,SUMSEL,5656,2019,2019:5656,2019,5654,,,,,,,,False
105.55996704,-3.40315914,2019-10-13 12:00:00,LAPAN,Aqua,Verified Fire,SUMSEL,5657,2019,2019:5657,2019,5655,,,,,,,,False
105.64990234,-3.25660372,2019-10-13 12:00:00,LAPAN,Aqua,Verified Fire,SUMSEL,5658,2019,2019:5658,2019,5656,,,,,,,,False
105.53025055,-3.74905109,2019-10-13 12:00:00,LAPAN,Aqua,Verified Fire,SUMSEL,5660,2019,2019:5660,2019,5658,,,,,,,,False
105.18180847,-3.07360268,2019-10-13 12:00:00,LAPAN,Aqua,Verified Fire,SUMSEL,5662,2019,2019:5662,2019,5660,,,,,,,,False
104.45085907,-2.05559826,2019-10-13 12:00:00,LAPAN,Aqua,Verified Fire,SUMSEL MUBA,5663,2019,2019:5663,2019,5661,,,,,,,,False
104.056427,-1.99644172,2019-10-13 12:00:00,LAPAN,Aqua,Verified No fire,SUMSEL MUBA,5667,2019,2019:5667,2019,5665,,,,,,,,False
105.50014496,-3.7997303,2019-10-13 12:00:00,LAPAN,Aqua,Verified Fire,SUMSEL,5668,2019,2019:5668,2019,5666,,,,,,,,False
105.29877472,-3.10832143,2019-10-13 12:00:00,LAPAN,Aqua,Fire inside Sitrep,SUMSEL,5673,2019,2019:5673,2019,5671,,,,,,,,False
105.33699799,-3.11212206,2019-10-13 12:00:00,LAPAN,Aqua,Fire inside Sitrep,SUMSEL,5675,2019,2019:5675,2019,5673,,,,,,,,False
105.2932,-2.9123,2019-10-13 12:00:00,ASMC,NOAA20,Verified Fire,SUMSEL,5678,2019,2019:5678,2019,5676,,,,,,,,False
105.2853241,-2.84278846,2019-10-13 12:00:00,LAPAN,Aqua,Verified Fire,SUMSEL,5680,2019,2019:5680,2019,5678,,,,,,,,False
105.46635437,-2.55468059,2019-10-13 12:00:00,LAPAN,Aqua,Verified No fire,SUMSEL,5681,2019,2019:5681,2019,5679,,,,,,,,False
105.52842712,-3.30001974,2019-10-13 12:00:00,LAPAN,Aqua,Fire inside Sitrep,SUMSEL,5683,2019,2019:5683,2019,5681,,,,,,,,False
105.54465485,-3.85462785,2019-10-13 12:00:00,LAPAN,Aqua,Verified Fire,SUMSEL,5688,2019,2019:5688,2019,5686,,,,,,,,False
105.6079483,-3.77463579,2019-10-13 12:00:00,LAPAN,Aqua,Verified Fire,SUMSEL,5689,2019,2019:5689,2019,5687,,,,,,,,False
105.52178192,-3.24825191,2019-10-13 12:00:00,LAPAN,Aqua,Fire inside Sitrep,SUMSEL,5690,2019,2019:5690,2019,5688,,,,,,,,False
105.42184448,-3.18297386,2019-10-13 12:00:00,LAPAN,Aqua,Fire inside Sitrep,SUMSEL,5694,2019,2019:5694,2019,5692,,,,,,,,False
105.41281891,-3.18433166,2019-10-13 12:00:00,LAPAN,Aqua,Fire inside Sitrep,SUMSEL,5695,2019,2019:5695,2019,5693,,,,,,,,False
105.64995575,-3.53457761,2019-10-13 12:00:00,LAPAN,Aqua,Verified Fire,SUMSEL,5702,2019,2019:5702,2019,5700,,,,,,,,False
105.7620163,-3.63504934,2019-10-13 12:00:00,LAPAN,Aqua,Verified Fire,SUMSEL,5703,2019,2019:5703,2019,5701,,,,,,,,False
105.4575,-2.556,2019-10-13 12:00:00,ASMC,NOAA20,Verified No fire,SUMSEL,5705,2019,2019:5705,2019,5703,,,,,,,,False
105.62171173,-3.05290365,2019-10-13 12:00:00,LAPAN,Aqua,Fire inside Sitrep,SUMSEL,5706,2019,2019:5706,2019,5704,,,,,,,,False
105.52974701,-3.30900741,2019-10-13 12:00:00,LAPAN,Aqua,Verified Fire,SUMSEL,5709,2019,2019:5709,2019,5707,,,,,,,,False
105.61222076,-3.03737092,2019-10-13 12:00:00,LAPAN,Aqua,Verified Fire,SUMSEL,5710,2019,2019:5710,2019,5708,,,,,,,,False
105.80241394,-3.33269215,2019-10-13 12:00:00,LAPAN,Aqua,Verified Fire,SUMSEL,5711,2019,2019:5711,2019,5709,,,,,,,,False
104.0455246,-1.99802351,2019-10-13 12:00:00,LAPAN,Aqua,Verified Fire,SUMSEL MUBA,5713,2019,2019:5713,2019,5711,,,,,,,,False
104.0375061,-2.0191648,2019-10-13 12:00:00,LAPAN,Aqua,Verified No fire,SUMSEL MUBA,5715,2019,2019:5715,2019,5713,,,,,,,,False
105.62219238,-3.25163984,2019-10-13 12:00:00,LAPAN,Aqua,Verified Fire,SUMSEL,5719,2019,2019:5719,2019,5717,,,,,,,,False
105.47134399,-3.72969484,2019-10-13 12:00:00,LAPAN,Aqua,Verified Fire,SUMSEL,5720,2019,2019:5720,2019,5718,,,,,,,,False
105.48055267,-3.72838163,2019-10-13 12:00:00,LAPAN,Aqua,Verified Fire,SUMSEL,5721,2019,2019:5721,2019,5719,,,,,,,,False
105.47003937,-3.72059655,2019-10-13 12:00:00,LAPAN,Aqua,Fire inside Sitrep,SUMSEL,5725,2019,2019:5725,2019,5723,,,,,,,,False
105.69861603,-3.97691512,2019-10-13 12:00:00,LAPAN,Aqua,Verified Fire,SUMSEL,5727,2019,2019:5727,2019,5725,,,,,,,,False
105.70755005,-3.97560644,2019-10-13 12:00:00,LAPAN,Aqua,Verified Fire,SUMSEL,5728,2019,2019:5728,2019,5726,,,,,,,,False
105.85532379,-3.86420035,2019-10-13 12:00:00,LAPAN,Aqua,Verified Fire,SUMSEL,5731,2019,2019:5731,2019,5729,,,,,,,,False
105.75498962,-3.78791356,2019-10-13 12:00:00,LAPAN,Aqua,Verified Fire,SUMSEL,5733,2019,2019:5733,2019,5731,,,,,,,,False
104.32074738,-2.02658486,2019-10-13 12:00:00,LAPAN,Aqua,Fire inside Sitrep,SUMSEL MUBA,5736,2019,2019:5736,2019,5734,,,,,,,,False
104.31183624,-2.03773379,2019-10-13 12:00:00,LAPAN,Aqua,Fire inside Sitrep,SUMSEL MUBA,5737,2019,2019:5737,2019,5735,,,,,,,,False
104.31324768,-2.04733157,2019-10-13 12:00:00,LAPAN,Aqua,Fire inside Sitrep,SUMSEL MUBA,5739,2019,2019:5739,2019,5737,,,,,,,,False
105.6230011,-3.06180978,2019-10-13 12:00:00,LAPAN,Aqua,Fire inside Sitrep,SUMSEL,5746,2019,2019:5746,2019,5744,,,,,,,,False
104.4509,-2.0556,2019-10-13 12:00:00,ASMC,NOAA20,Verified Fire,SUMSEL MUBA,5750,2019,2019:5750,2019,5748,,,,,,,,False
105.78820038,-3.76633573,2019-10-13 12:00:00,LAPAN,Aqua,Verified Fire,SUMSEL,5751,2019,2019:5751,2019,5749,,,,,,,,False
105.76932526,-3.76003504,2019-10-13 12:00:00,LAPAN,Aqua,Verified Fire,SUMSEL,5752,2019,2019:5752,2019,5750,,,,,,,,False
105.28399658,-2.83371162,2019-10-13 12:00:00,LAPAN,Aqua,Verified Fire,SUMSEL,5754,2019,2019:5754,2019,5752,,,,,,,,False
105.56009674,-3.82783866,2019-10-13 12:00:00,LAPAN,Aqua,Fire inside Sitrep,SUMSEL,5755,2019,2019:5755,2019,5753,,,,,,,,False
105.58342743,-3.79667592,2019-10-13 12:00:00,LAPAN,Aqua,Fire inside Sitrep,SUMSEL,5756,2019,2019:5756,2019,5754,,,,,,,,False
105.41979218,-3.76495385,2019-10-13 12:00:00,LAPAN,Aqua,Fire inside Sitrep,SUMSEL,5757,2019,2019:5757,2019,5755,,,,,,,,False
105.61351776,-3.0462749,2019-10-13 12:00:00,LAPAN,Aqua,Fire inside Sitrep,SUMSEL,5762,2019,2019:5762,2019,5760,,,,,,,,False
105.65641785,-3.5793283,2019-10-13 12:00:00,LAPAN,Aqua,Verified Fire,SUMSEL,5763,2019,2019:5763,2019,5761,,,,,,,,False
105.3225708,-3.14207315,2019-10-13 12:00:00,LAPAN,Aqua,Fire inside Sitrep,SUMSEL,5764,2019,2019:5764,2019,5762,,,,,,,,False
105.4664,-2.5547,2019-10-13 12:00:00,ASMC,NOAA20,Verified No fire,SUMSEL,5766,2019,2019:5766,2019,5764,,,,,,,,False
105.29454041,-2.92141485,2019-10-13 12:00:00,LAPAN,Aqua,Verified Fire,SUMSEL,5768,2019,2019:5768,2019,5766,,,,,,,,False
105.45150757,-3.78828549,2019-10-13 12:00:00,LAPAN,Aqua,Fire inside Sitrep,SUMSEL,5769,2019,2019:5769,2019,5767,,,,,,,,False
105.56939697,-3.83260536,2019-10-13 12:00:00,LAPAN,Aqua,Fire inside Sitrep,SUMSEL,5770,2019,2019:5770,2019,5768,,,,,,,,False
105.19482422,-3.11382866,2019-10-13 12:00:00,LAPAN,Aqua,Fire inside Sitrep,SUMSEL,5772,2019,2019:5772,2019,5770,,,,,,,,False
105.25502777,-2.90856338,2019-10-13 12:00:00,LAPAN,Aqua,Verified Fire,SUMSEL,5775,2019,2019:5775,2019,5773,,,,,,,,False
105.78809357,-3.55967093,2019-10-13 12:00:00,LAPAN,Aqua,Verified Fire,SUMSEL,5776,2019,2019:5776,2019,5774,,,,,,,,False
105.53552246,-3.85593796,2019-10-13 12:00:00,LAPAN,Aqua,Verified Fire,SUMSEL,5779,2019,2019:5779,2019,5777,,,,,,,,False
105.47431946,-3.30778742,2019-10-13 12:00:00,LAPAN,Aqua,Fire inside Sitrep,SUMSEL,5783,2019,2019:5783,2019,5781,,,,,,,,False
105.56903076,-3.25957155,2019-10-13 12:00:00,LAPAN,Aqua,Fire inside Sitrep,SUMSEL,5784,2019,2019:5784,2019,5782,,,,,,,,False
105.74304962,-3.90646696,2019-10-13 12:00:00,LAPAN,Aqua,Fire inside Sitrep,SUMSEL,5787,2019,2019:5787,2019,5785,,,,,,,,False
105.28535461,-2.92275143,2019-10-13 12:00:00,LAPAN,Aqua,Verified Fire,SUMSEL,5790,2019,2019:5790,2019,5788,,,,,,,,False
105.28951263,-3.10964298,2019-10-13 12:00:00,LAPAN,Aqua,Fire inside Sitrep,SUMSEL,5791,2019,2019:5791,2019,5789,,,,,,,,False
105.21659088,-3.04977584,2019-10-13 12:00:00,LAPAN,Aqua,Fire inside Sitrep,SUMSEL,5792,2019,2019:5792,2019,5790,,,,,,,,False
105.19258118,-3.00175762,2019-10-13 12:00:00,LAPAN,Aqua,Fire inside Sitrep,SUMSEL,5793,2019,2019:5793,2019,5791,,,,,,,,False
105.50801849,-3.78930664,2019-10-13 12:00:00,LAPAN,Aqua,Fire inside Sitrep,SUMSEL,5797,2019,2019:5797,2019,5795,,,,,,,,False
105.65380859,-3.56143212,2019-10-13 12:00:00,LAPAN,Aqua,Verified Fire,SUMSEL,5801,2019,2019:5801,2019,5799,,,,,,,,False
105.255,-2.9086,2019-10-13 12:00:00,ASMC,NOAA20,Verified Fire,SUMSEL,5804,2019,2019:5804,2019,5802,,,,,,,,False
104.33106995,-2.0250423,2019-10-13 12:00:00,LAPAN,Aqua,Fire inside Sitrep,SUMSEL MUBA,5805,2019,2019:5805,2019,5803,,,,,,,,False
104.05121613,-2.0093224,2019-10-13 12:00:00,LAPAN,Aqua,Verified Fire,SUMSEL MUBA,5806,2019,2019:5806,2019,5804,,,,,,,,False
105.47926331,-3.71929574,2019-10-13 12:00:00,LAPAN,Aqua,Verified Fire,SUMSEL,5807,2019,2019:5807,2019,5805,,,,,,,,False
105.46081543,-3.72190166,2019-10-13 12:00:00,LAPAN,Aqua,Verified Fire,SUMSEL,5808,2019,2019:5808,2019,5806,,,,,,,,False
105.55621338,-3.44043231,2019-10-13 12:00:00,LAPAN,Aqua,Verified Fire,SUMSEL,5811,2019,2019:5811,2019,5809,,,,,,,,False
105.22294617,-3.10982561,2019-10-13 12:00:00,LAPAN,Aqua,Fire inside Sitrep,SUMSEL,5813,2019,2019:5813,2019,5811,,,,,,,,False
105.18986511,-3.06304622,2019-10-13 12:00:00,LAPAN,Aqua,Fire inside Sitrep,SUMSEL,5814,2019,2019:5814,2019,5812,,,,,,,,False
105.7728,-3.8491,2019-10-13 12:00:00,ASMC,NOAA20,Fire inside Sitrep,SUMSEL,5815,2019,2019:5815,2019,5813,,,,,,,,False
105.49879456,-3.28587508,2019-10-13 12:00:00,LAPAN,Aqua,Fire inside Sitrep,SUMSEL,5816,2019,2019:5816,2019,5814,,,,,,,,False
105.46656036,-3.3181262,2019-10-13 12:00:00,LAPAN,Aqua,Fire inside Sitrep,SUMSEL,5817,2019,2019:5817,2019,5815,,,,,,,,False
105.42054749,-3.17392993,2019-10-13 12:00:00,LAPAN,Aqua,Fire inside Sitrep,SUMSEL,5818,2019,2019:5818,2019,5816,,,,,,,,False
105.46524811,-3.30909157,2019-10-13 12:00:00,LAPAN,Aqua,Fire inside Sitrep,SUMSEL,5821,2019,2019:5821,2019,5819,,,,,,,,False
105.772789,-3.84909248,2019-10-13 12:00:00,LAPAN,Aqua,Fire inside Sitrep,SUMSEL,5825,2019,2019:5825,2019,5823,,,,,,,,False
105.47917175,-3.78424931,2019-10-13 12:00:00,LAPAN,Aqua,Fire inside Sitrep,SUMSEL,5827,2019,2019:5827,2019,5825,,,,,,,,False
105.77812195,-3.5520978,2019-10-13 12:00:00,LAPAN,Aqua,Verified Fire,SUMSEL,5830,2019,2019:5830,2019,5828,,,,,,,,False
105.61952209,-3.5756669,2019-10-13 12:00:00,LAPAN,Aqua,Verified Fire,SUMSEL,5831,2019,2019:5831,2019,5829,,,,,,,,False
105.7781,-3.5521,2019-10-13 12:00:00,ASMC,NOAA20,Verified Fire,SUMSEL,5832,2019,2019:5832,2019,5830,,,,,,,,False
105.41148376,-3.17529058,2019-10-13 12:00:00,LAPAN,Aqua,Fire inside Sitrep,SUMSEL,5833,2019,2019:5833,2019,5831,,,,,,,,False
105.58679962,-3.25692129,2019-10-13 12:00:00,LAPAN,Aqua,Verified Fire,SUMSEL,5834,2019,2019:5834,2019,5832,,,,,,,,False
104.33248901,-2.03461814,2019-10-13 12:00:00,LAPAN,Aqua,Fire inside Sitrep,SUMSEL MUBA,5835,2019,2019:5835,2019,5833,,,,,,,,False
104.32219696,-2.03616953,2019-10-13 12:00:00,LAPAN,Aqua,Fire inside Sitrep,SUMSEL MUBA,5836,2019,2019:5836,2019,5834,,,,,,,,False
105.54724121,-3.44174075,2019-10-13 12:00:00,LAPAN,Aqua,Verified Fire,SUMSEL,5839,2019,2019:5839,2019,5837,,,,,,,,False
105.51280975,-3.24958014,2019-10-13 12:00:00,LAPAN,Aqua,Fire inside Sitrep,SUMSEL,5843,2019,2019:5843,2019,5841,,,,,,,,False
105.71904755,-3.78571463,2019-10-13 12:00:00,LAPAN,Aqua,Verified Fire,SUMSEL,5846,2019,2019:5846,2019,5844,,,,,,,,False
105.29322815,-2.9123261,2019-10-13 12:00:00,LAPAN,Aqua,Verified Fire,SUMSEL,5847,2019,2019:5847,2019,5845,,,,,,,,False
105.202659607,-2.9938724041,2019-10-13 13:00:00,LAPAN,Aqua,Fire inside Sitrep,SUMSEL,5850,2019,2019:5850,2019,5848,,,,,,,,False
105.221,-3.00333,2019-10-13 13:00:00,LAPAN,SNPP,Fire inside Sitrep,SUMSEL,5851,2019,2019:5851,2019,5849,,,,,,,,False
105.261535645,-2.91799545288,2019-10-13 13:00:00,LAPAN,Aqua,Verified Fire,SUMSEL,5857,2019,2019:5857,2019,5855,,,,,,,,False
105.578231812,-3.26297330856,2019-10-13 13:00:00,LAPAN,Aqua,Fire inside Sitrep,SUMSEL,5861,2019,2019:5861,2019,5859,,,,,,,,False
105.499069214,-3.2748978138,2019-10-13 13:00:00,LAPAN,Aqua,Fire inside Sitrep,SUMSEL,5862,2019,2019:5862,2019,5860,,,,,,,,False
105.649208069,-3.27838087082,2019-10-13 13:00:00,LAPAN,Aqua,Verified Fire,SUMSEL,5871,2019,2019:5871,2019,5869,,,,,,,,False
105.556159973,-3.43643045425,2019-10-13 13:00:00,LAPAN,Aqua,Verified Fire,SUMSEL,5872,2019,2019:5872,2019,5870,,,,,,,,False
104.037956238,-2.00101017952,2019-10-13 13:00:00,LAPAN,Aqua,Verified Fire,SUMSEL MUBA,5877,2019,2019:5877,2019,5875,,,,,,,,False
105.210258484,-3.04442310333,2019-10-13 13:00:00,LAPAN,Aqua,Fire inside Sitrep,SUMSEL,5879,2019,2019:5879,2019,5877,,,,,,,,False
105.283691406,-3.11098480225,2019-10-13 13:00:00,LAPAN,Aqua,Fire inside Sitrep,SUMSEL,5881,2019,2019:5881,2019,5879,,,,,,,,False
105.327575684,-3.14343476295,2019-10-13 13:00:00,LAPAN,Aqua,Fire inside Sitrep,SUMSEL,5882,2019,2019:5882,2019,5880,,,,,,,,False
105.315711975,-3.14686012268,2019-10-13 13:00:00,LAPAN,Aqua,Fire inside Sitrep,SUMSEL,5883,2019,2019:5883,2019,5881,,,,,,,,False
105.206314087,-3.10977172852,2019-10-13 13:00:00,LAPAN,Aqua,Fire inside Sitrep,SUMSEL,5885,2019,2019:5885,2019,5883,,,,,,,,False
105.204421997,-3.09715342522,2019-10-13 13:00:00,LAPAN,Aqua,Fire inside Sitrep,SUMSEL,5886,2019,2019:5886,2019,5884,,,,,,,,False
105.254371643,-2.90649795532,2019-10-13 13:00:00,LAPAN,Aqua,Verified Fire,SUMSEL,5887,2019,2019:5887,2019,5885,,,,,,,,False
105.280632019,-2.91509342194,2019-10-13 13:00:00,LAPAN,Aqua,Verified Fire,SUMSEL,5888,2019,2019:5888,2019,5886,,,,,,,,False
102.916343689,-0.880953669548,2019-10-13 13:00:00,LAPAN,Aqua,Verified No fire,JAMBI SMF,5891,2019,2019:5891,2019,5889,,,,,,,,False
105.640388489,-3.54295635223,2019-10-13 13:00:00,LAPAN,Aqua,Verified Fire,SUMSEL,5898,2019,2019:5898,2019,5896,,,,,,,,False
105.460990906,-3.72707271576,2019-10-13 13:00:00,LAPAN,Aqua,Verified Fire,SUMSEL,5905,2019,2019:5905,2019,5903,,,,,,,,False
105.774909973,-3.76970911026,2019-10-13 13:00:00,LAPAN,Aqua,Fire inside Sitrep,SUMSEL,5907,2019,2019:5907,2019,5905,,,,,,,,False
102.863601685,-0.899780511856,2019-10-13 13:00:00,LAPAN,Aqua,Verified Fire,JAMBI SMF,5908,2019,2019:5908,2019,5906,,,,,,,,False
104.314529419,-2.02808070183,2019-10-13 13:00:00,LAPAN,Aqua,Fire inside Sitrep,SUMSEL MUBA,5909,2019,2019:5909,2019,5907,,,,,,,,False
104.332969666,-2.03754138947,2019-10-13 13:00:00,LAPAN,Aqua,Fire inside Sitrep,SUMSEL MUBA,5910,2019,2019:5910,2019,5908,,,,,,,,False
104.316207886,-2.04005932808,2019-10-13 13:00:00,LAPAN,Aqua,Fire inside Sitrep,SUMSEL MUBA,5914,2019,2019:5914,2019,5912,,,,,,,,False
104.105300903,-1.69243001938,2019-10-13 13:00:00,LAPAN,Aqua,Fire inside Sitrep,SUMSEL MUBA,5915,2019,2019:5915,2019,5913,,,,,,,,False
105.419700623,-3.18316078186,2019-10-13 13:00:00,LAPAN,Aqua,Fire inside Sitrep,SUMSEL,5917,2019,2019:5917,2019,5915,,,,,,,,False
104.2996521,-2.0425465107,2019-10-13 13:00:00,LAPAN,Aqua,Fire inside Sitrep,SUMSEL MUBA,5918,2019,2019:5918,2019,5916,,,,,,,,False
104.117401123,-1.77528083324,2019-10-13 13:00:00,LAPAN,Aqua,Fire inside Sitrep,SUMSEL MUBA,5919,2019,2019:5919,2019,5917,,,,,,,,False
105.187675476,-3.02200007439,2019-10-13 13:00:00,LAPAN,Aqua,Fire inside Sitrep,SUMSEL,5926,2019,2019:5926,2019,5924,,,,,,,,False
104.271697998,-2.01495361328,2019-10-13 13:00:00,LAPAN,Aqua,Fire inside Sitrep,SUMSEL MUBA,5927,2019,2019:5927,2019,5925,,,,,,,,False
105.440841675,-2.55068182945,2019-10-13 13:00:00,LAPAN,Aqua,Verified No fire,SUMSEL,5928,2019,2019:5928,2019,5926,,,,,,,,False
105.545211792,-3.4003200531,2019-10-13 13:00:00,LAPAN,Aqua,Verified Fire,SUMSEL,5930,2019,2019:5930,2019,5928,,,,,,,,False
104.053749084,-1.99865865707,2019-10-13 13:00:00,LAPAN,Aqua,Verified No fire,SUMSEL MUBA,5932,2019,2019:5932,2019,5930,,,,,,,,False
105.356590271,-2.61641764641,2019-10-13 13:00:00,LAPAN,Aqua,Verified No fire,SUMSEL,5935,2019,2019:5935,2019,5933,,,,,,,,False
105.287498474,-3.13638091087,2019-10-13 13:00:00,LAPAN,Aqua,Fire inside Sitrep,SUMSEL,5937,2019,2019:5937,2019,5935,,,,,,,,False
104.331214905,-2.02555680275,2019-10-13 13:00:00,LAPAN,Aqua,Fire inside Sitrep,SUMSEL MUBA,5938,2019,2019:5938,2019,5936,,,,,,,,False
105.615188599,-3.0474653244,2019-10-13 13:00:00,LAPAN,Aqua,Fire inside Sitrep,SUMSEL,5941,2019,2019:5941,2019,5939,,,,,,,,False
105.560661316,-3.82868385315,2019-10-13 13:00:00,LAPAN,Aqua,Fire inside Sitrep,SUMSEL,5944,2019,2019:5944,2019,5942,,,,,,,,False
104.17414856,-1.70639073849,2019-10-13 13:00:00,LAPAN,Aqua,Verified No fire,SUMSEL MUBA,5949,2019,2019:5949,2019,5947,,,,,,,,False
104.317962646,-2.05202651024,2019-10-13 13:00:00,LAPAN,Aqua,Fire inside Sitrep,SUMSEL MUBA,5950,2019,2019:5950,2019,5948,,,,,,,,False
105.45905304,-3.71433520317,2019-10-13 13:00:00,LAPAN,Aqua,Verified Fire,SUMSEL,5951,2019,2019:5951,2019,5949,,,,,,,,False
105.342918396,-3.11508107185,2019-10-13 13:00:00,LAPAN,Aqua,Fire inside Sitrep,SUMSEL,5954,2019,2019:5954,2019,5952,,,,,,,,False
102.914779663,-0.870023906231,2019-10-13 13:00:00,LAPAN,Aqua,Verified Fire,JAMBI SMF,5956,2019,2019:5956,2019,5954,,,,,,,,False
104.039657593,-2.0127222538,2019-10-13 13:00:00,LAPAN,Aqua,Verified Fire,SUMSEL MUBA,5957,2019,2019:5957,2019,5955,,,,,,,,False
105.480171204,-3.72415184975,2019-10-13 13:00:00,LAPAN,Aqua,Fire inside Sitrep,SUMSEL,5958,2019,2019:5958,2019,5956,,,,,,,,False
105.22341156,-3.00362634659,2019-10-13 13:00:00,LAPAN,Aqua,Fire inside Sitrep,SUMSEL,5961,2019,2019:5961,2019,5959,,,,,,,,False
105.191467285,-3.04723644257,2019-10-13 13:00:00,LAPAN,Aqua,Fire inside Sitrep,SUMSEL,5962,2019,2019:5962,2019,5960,,,,,,,,False
105.558334351,-3.26597166061,2019-10-13 13:00:00,LAPAN,Aqua,Fire inside Sitrep,SUMSEL,5963,2019,2019:5963,2019,5961,,,,,,,,False
105.420883179,-2.55366110802,2019-10-13 13:00:00,LAPAN,Aqua,Verified No fire,SUMSEL,5965,2019,2019:5965,2019,5963,,,,,,,,False
104.301376343,-2.05450057983,2019-10-13 13:00:00,LAPAN,Aqua,Fire inside Sitrep,SUMSEL MUBA,5967,2019,2019:5967,2019,5965,,,,,,,,False
105.552268982,-3.41061902046,2019-10-13 13:00:00,LAPAN,Aqua,Verified Fire,SUMSEL,5968,2019,2019:5968,2019,5966,,,,,,,,False
105.323745728,-3.11795854568,2019-10-13 13:00:00,LAPAN,Aqua,Fire inside Sitrep,SUMSEL,5969,2019,2019:5969,2019,5967,,,,,,,,False
105.181938171,-3.07482290268,2019-10-13 13:00:00,LAPAN,Aqua,Verified Fire,SUMSEL,5970,2019,2019:5970,2019,5968,,,,,,,,False
104.18039703,-1.69903564,2019-10-14 01:00:00,LAPAN,Aqua,Verified Fire,SUMSEL MUBA,5972,2019,2019:5972,2019,5970,,,,,,,,False
105.21741486,-3.10703564,2019-10-14 01:00:00,LAPAN,Aqua,Fire inside Sitrep,SUMSEL,5973,2019,2019:5973,2019,5971,,,,,,,,False
105.20836639,-3.09753084,2019-10-14 01:00:00,LAPAN,Aqua,Fire inside Sitrep,SUMSEL,5974,2019,2019:5974,2019,5972,,,,,,,,False
105.81141663,-3.88901281,2019-10-14 01:00:00,LAPAN,Aqua,Verified Fire,SUMSEL,5975,2019,2019:5975,2019,5973,,,,,,,,False
105.41742706,-3.30438209,2019-10-14 01:00:00,LAPAN,Aqua,Verified Fire,SUMSEL,5976,2019,2019:5976,2019,5974,,,,,,,,False
104.2498703,-1.7733649,2019-10-14 01:00:00,LAPAN,Aqua,Fire inside Sitrep,SUMSEL MUBA,5977,2019,2019:5977,2019,5975,,,,,,,,False
103.44445038,-2.40741658,2019-10-14 01:00:00,LAPAN,Aqua,Verified No fire,SUMSEL MUBA,5978,2019,2019:5978,2019,5976,,,,,,,,False
104.30979156,-2.04519749,2019-10-14 01:00:00,LAPAN,Aqua,Fire inside Sitrep,SUMSEL MUBA,5979,2019,2019:5979,2019,5977,,,,,,,,False
103.97238922,-1.9470818,2019-10-14 01:00:00,LAPAN,Aqua,Verified Fire,SUMSEL MUBA,5980,2019,2019:5980,2019,5978,,,,,,,,False
103.95046997,-1.92135227,2019-10-14 01:00:00,LAPAN,Aqua,Fire inside Sitrep,SUMSEL MUBA,5981,2019,2019:5981,2019,5979,,,,,,,,False
104.31971741,-2.03916717,2019-10-14 01:00:00,LAPAN,Aqua,Fire inside Sitrep,SUMSEL MUBA,5982,2019,2019:5982,2019,5980,,,,,,,,False
104.33083344,-2.02572107,2019-10-14 01:00:00,LAPAN,Aqua,Fire inside Sitrep,SUMSEL MUBA,5983,2019,2019:5983,2019,5981,,,,,,,,False
104.05044556,-2.00413537,2019-10-14 01:00:00,LAPAN,Aqua,Verified Fire,SUMSEL MUBA,5984,2019,2019:5984,2019,5982,,,,,,,,False
105.79740143,-3.87830901,2019-10-14 01:00:00,LAPAN,Aqua,Verified Fire,SUMSEL,5985,2019,2019:5985,2019,5983,,,,,,,,False
104.328781128,-2.03149199486,2019-10-14 10:00:00,LAPAN,Terra,Fire inside Sitrep,SUMSEL MUBA,5988,2019,2019:5988,2019,5986,,,,,,,,False
104.345092773,-2.03390717506,2019-10-14 10:00:00,LAPAN,Terra,Fire inside Sitrep,SUMSEL MUBA,5989,2019,2019:5989,2019,5987,,,,,,,,False
104.051635742,-2.00767040253,2019-10-14 10:00:00,LAPAN,Terra,Verified Fire,SUMSEL MUBA,5991,2019,2019:5991,2019,5989,,,,,,,,False
105.626480103,-3.05083417892,2019-10-14 10:00:00,LAPAN,Terra,Fire inside Sitrep,SUMSEL,5992,2019,2019:5992,2019,5990,,,,,,,,False
104.0371933,-2.01595545,2019-10-14 12:00:00,LAPAN,Aqua,Verified Fire,SUMSEL MUBA,5994,2019,2019:5994,2019,5992,,,,,,,,False
105.441,-2.5549,2019-10-14 12:00:00,ASMC,NOAA20,Verified No fire,SUMSEL,5996,2019,2019:5996,2019,5994,,,,,,,,False
105.646369934,-3.5460729599,2019-10-14 12:00:00,LAPAN,Aqua,Fire inside Sitrep,SUMSEL,5997,2019,2019:5997,2019,5995,,,,,,,,False
105.776138306,-3.61378216743,2019-10-14 12:00:00,LAPAN,Aqua,Fire inside Sitrep,SUMSEL,5998,2019,2019:5998,2019,5996,,,,,,,,False
105.79016876,-3.60661697,2019-10-14 12:00:00,LAPAN,Aqua,Verified Fire,SUMSEL,5999,2019,2019:5999,2019,5997,,,,,,,,False
105.75279999,-3.61199093,2019-10-14 12:00:00,LAPAN,Aqua,Fire inside Sitrep,SUMSEL,6001,2019,2019:6001,2019,5999,,,,,,,,False
105.35256195,-2.61837983,2019-10-14 12:00:00,LAPAN,Aqua,Verified No fire,SUMSEL,6003,2019,2019:6003,2019,6001,,,,,,,,False
105.54493713,-3.40381765,2019-10-14 12:00:00,LAPAN,Aqua,Fire inside Sitrep,SUMSEL,6006,2019,2019:6006,2019,6004,,,,,,,,False
105.5353,-3.4052,2019-10-14 12:00:00,ASMC,NOAA20,Fire inside Sitrep,SUMSEL,6007,2019,2019:6007,2019,6005,,,,,,,,False
105.19984436,-3.11820721626,2019-10-14 12:00:00,LAPAN,Aqua,Fire inside Sitrep,SUMSEL,6008,2019,2019:6008,2019,6006,,,,,,,,False
105.204193115,-3.01110196114,2019-10-14 12:00:00,LAPAN,Aqua,Fire inside Sitrep,SUMSEL,6010,2019,2019:6010,2019,6008,,,,,,,,False
105.331604,-3.11539125,2019-10-14 12:00:00,LAPAN,Aqua,Fire inside Sitrep,SUMSEL,6011,2019,2019:6011,2019,6009,,,,,,,,False
105.533226013,-3.86290812492,2019-10-14 12:00:00,LAPAN,Aqua,Fire inside Sitrep,SUMSEL,6012,2019,2019:6012,2019,6010,,,,,,,,False
105.3631,-3.7193,2019-10-14 12:00:00,ASMC,NOAA20,Fire inside Sitrep,SUMSEL,6013,2019,2019:6013,2019,6011,,,,,,,,False
105.4798,-3.7831,2019-10-14 12:00:00,ASMC,NOAA20,Fire inside Sitrep,SUMSEL,6014,2019,2019:6014,2019,6012,,,,,,,,False
105.419189453,-3.19272565842,2019-10-14 12:00:00,LAPAN,Aqua,Verified Fire,SUMSEL,6015,2019,2019:6015,2019,6013,,,,,,,,False
105.41461945,-3.30341721,2019-10-14 12:00:00,LAPAN,Aqua,Verified Fire,SUMSEL,6018,2019,2019:6018,2019,6016,,,,,,,,False
105.487159729,-3.27501058578,2019-10-14 12:00:00,LAPAN,Aqua,Fire inside Sitrep,SUMSEL,6021,2019,2019:6021,2019,6019,,,,,,,,False
105.53696442,-3.26077366,2019-10-14 12:00:00,LAPAN,Aqua,Verified Fire,SUMSEL,6024,2019,2019:6024,2019,6022,,,,,,,,False
105.5657,-3.2567,2019-10-14 12:00:00,ASMC,NOAA20,Verified Fire,SUMSEL,6025,2019,2019:6025,2019,6023,,,,,,,,False
105.58470154,-3.25405812,2019-10-14 12:00:00,LAPAN,Aqua,Verified Fire,SUMSEL,6026,2019,2019:6026,2019,6024,,,,,,,,False
104.031570435,-2.02299451828,2019-10-14 12:00:00,LAPAN,Aqua,Verified Fire,SUMSEL MUBA,6027,2019,2019:6027,2019,6025,,,,,,,,False
105.414176941,-2.55515170097,2019-10-14 12:00:00,LAPAN,Aqua,Verified No fire,SUMSEL,6028,2019,2019:6028,2019,6026,,,,,,,,False
105.44101715,-2.55493045,2019-10-14 12:00:00,LAPAN,Aqua,Verified No fire,SUMSEL,6029,2019,2019:6029,2019,6027,,,,,,,,False
105.671089172,-3.69055724144,2019-10-14 12:00:00,LAPAN,Aqua,Fire inside Sitrep,SUMSEL,6030,2019,2019:6030,2019,6028,,,,,,,,False
105.779724121,-3.60459327698,2019-10-14 12:00:00,LAPAN,Aqua,Fire inside Sitrep,SUMSEL,6032,2019,2019:6032,2019,6030,,,,,,,,False
105.76217651,-3.61063957,2019-10-14 12:00:00,LAPAN,Aqua,Fire inside Sitrep,SUMSEL,6034,2019,2019:6034,2019,6032,,,,,,,,False
105.7528,-3.612,2019-10-14 12:00:00,ASMC,NOAA20,Fire inside Sitrep,SUMSEL,6035,2019,2019:6035,2019,6033,,,,,,,,False
105.758178711,-3.62165188789,2019-10-14 12:00:00,LAPAN,Aqua,Verified Fire,SUMSEL,6036,2019,2019:6036,2019,6034,,,,,,,,False
105.4423,-2.549,2019-10-14 12:00:00,ASMC,NOAA20,Verified No fire,SUMSEL,6037,2019,2019:6037,2019,6035,,,,,,,,False
105.28033447,-3.10994577,2019-10-14 12:00:00,LAPAN,Aqua,Fire inside Sitrep,SUMSEL,6038,2019,2019:6038,2019,6036,,,,,,,,False
105.273,-3.1071,2019-10-14 12:00:00,ASMC,NOAA20,Fire inside Sitrep,SUMSEL,6039,2019,2019:6039,2019,6037,,,,,,,,False
105.20124817,-3.01144719,2019-10-14 12:00:00,LAPAN,Aqua,Fire inside Sitrep,SUMSEL,6040,2019,2019:6040,2019,6038,,,,,,,,False
105.3548584,-3.1375494,2019-10-14 12:00:00,LAPAN,Aqua,Fire inside Sitrep,SUMSEL,6041,2019,2019:6041,2019,6039,,,,,,,,False
105.75550079,-3.78683949,2019-10-14 12:00:00,LAPAN,Aqua,Fire inside Sitrep,SUMSEL,6042,2019,2019:6042,2019,6040,,,,,,,,False
105.47119141,-3.72054362,2019-10-14 12:00:00,LAPAN,Aqua,Fire inside Sitrep,SUMSEL,6044,2019,2019:6044,2019,6042,,,,,,,,False
105.4641,-3.7172,2019-10-14 12:00:00,ASMC,NOAA20,Fire inside Sitrep,SUMSEL,6045,2019,2019:6045,2019,6043,,,,,,,,False
105.491409302,-3.778028965,2019-10-14 12:00:00,LAPAN,Aqua,Verified Fire,SUMSEL,6047,2019,2019:6047,2019,6045,,,,,,,,False
105.42099762,-3.30226325989,2019-10-14 12:00:00,LAPAN,Aqua,Verified Fire,SUMSEL,6050,2019,2019:6050,2019,6048,,,,,,,,False
105.42440796,-3.3020246,2019-10-14 12:00:00,LAPAN,Aqua,Verified Fire,SUMSEL,6051,2019,2019:6051,2019,6049,,,,,,,,False
105.5002594,-3.27858829,2019-10-14 12:00:00,LAPAN,Aqua,Fire inside Sitrep,SUMSEL,6053,2019,2019:6053,2019,6051,,,,,,,,False
105.52736664,-3.26212668,2019-10-14 12:00:00,LAPAN,Aqua,Verified Fire,SUMSEL,6054,2019,2019:6054,2019,6052,,,,,,,,False
103.396766663,-2.49400401115,2019-10-14 12:00:00,LAPAN,Aqua,Verified No fire,SUMSEL MUBA,6057,2019,2019:6057,2019,6055,,,,,,,,False
104.33779144,-2.03776288,2019-10-14 12:00:00,LAPAN,Aqua,Fire inside Sitrep,SUMSEL MUBA,6058,2019,2019:6058,2019,6056,,,,,,,,False
104.281211853,-2.04654097557,2019-10-14 12:00:00,LAPAN,Aqua,Fire inside Sitrep,SUMSEL MUBA,6059,2019,2019:6059,2019,6057,,,,,,,,False
104.312255859,-2.05770206451,2019-10-14 12:00:00,LAPAN,Aqua,Fire inside Sitrep,SUMSEL MUBA,6061,2019,2019:6061,2019,6059,,,,,,,,False
104.30448914,-2.04255438,2019-10-14 12:00:00,LAPAN,Aqua,Fire inside Sitrep,SUMSEL MUBA,6065,2019,2019:6065,2019,6063,,,,,,,,False
105.41841125,-3.18378162,2019-10-14 12:00:00,LAPAN,Aqua,Fire inside Sitrep,SUMSEL,6066,2019,2019:6066,2019,6064,,,,,,,,False
105.417549133,-3.31383800507,2019-10-14 12:00:00,LAPAN,Aqua,Fire inside Sitrep,SUMSEL,6067,2019,2019:6067,2019,6065,,,,,,,,False
105.48886108,-3.26753163,2019-10-14 12:00:00,LAPAN,Aqua,Fire inside Sitrep,SUMSEL,6068,2019,2019:6068,2019,6066,,,,,,,,False
105.4977,-3.3296,2019-10-14 12:00:00,ASMC,NOAA20,Fire inside Sitrep,SUMSEL,6069,2019,2019:6069,2019,6067,,,,,,,,False
103.433563232,-2.47865080833,2019-10-14 12:00:00,LAPAN,Aqua,Verified No fire,SUMSEL MUBA,6073,2019,2019:6073,2019,6071,,,,,,,,False
105.48104095,-3.71915507,2019-10-14 12:00:00,LAPAN,Aqua,Fire inside Sitrep,SUMSEL,6075,2019,2019:6075,2019,6073,,,,,,,,False
105.541801453,-3.40661716461,2019-10-14 12:00:00,LAPAN,Aqua,Fire inside Sitrep,SUMSEL,6076,2019,2019:6076,2019,6074,,,,,,,,False
105.60370636,-3.25138831,2019-10-14 12:00:00,LAPAN,Aqua,Verified Fire,SUMSEL,6077,2019,2019:6077,2019,6075,,,,,,,,False
105.5847,-3.2541,2019-10-14 12:00:00,ASMC,NOAA20,Verified Fire,SUMSEL,6078,2019,2019:6078,2019,6076,,,,,,,,False
104.29328156,-2.04416347,2019-10-14 12:00:00,LAPAN,Aqua,Fire inside Sitrep,SUMSEL MUBA,6080,2019,2019:6080,2019,6078,,,,,,,,False
104.0372,-2.016,2019-10-14 12:00:00,ASMC,NOAA20,Verified Fire,SUMSEL MUBA,6082,2019,2019:6082,2019,6080,,,,,,,,False
105.47980499,-3.78310227,2019-10-14 12:00:00,LAPAN,Aqua,Fire inside Sitrep,SUMSEL,6085,2019,2019:6085,2019,6083,,,,,,,,False
105.53534698,-3.40518236,2019-10-14 12:00:00,LAPAN,Aqua,Fire inside Sitrep,SUMSEL,6086,2019,2019:6086,2019,6084,,,,,,,,False
105.333129883,-3.11727952957,2019-10-14 12:00:00,LAPAN,Aqua,Fire inside Sitrep,SUMSEL,6087,2019,2019:6087,2019,6085,,,,,,,,False
104.338668823,-2.03846144676,2019-10-14 12:00:00,LAPAN,Aqua,Fire inside Sitrep,SUMSEL MUBA,6088,2019,2019:6088,2019,6086,,,,,,,,False
104.32904053,-2.0266614,2019-10-14 12:00:00,LAPAN,Aqua,Fire inside Sitrep,SUMSEL MUBA,6089,2019,2019:6089,2019,6087,,,,,,,,False
105.67435455,-3.69195962,2019-10-14 12:00:00,LAPAN,Aqua,Verified Fire,SUMSEL,6091,2019,2019:6091,2019,6089,,,,,,,,False
105.78085327,-3.60795736,2019-10-14 12:00:00,LAPAN,Aqua,Verified No fire,SUMSEL,6092,2019,2019:6092,2019,6090,,,,,,,,False
105.7809,-3.608,2019-10-14 12:00:00,ASMC,NOAA20,Verified Fire,SUMSEL,6093,2019,2019:6093,2019,6091,,,,,,,,False
105.6355896,-3.27199411,2019-10-14 12:00:00,LAPAN,Aqua,Fire inside Sitrep,SUMSEL,6095,2019,2019:6095,2019,6093,,,,,,,,False
105.47920227,-3.26889181,2019-10-14 12:00:00,LAPAN,Aqua,Verified Fire,SUMSEL,6096,2019,2019:6096,2019,6094,,,,,,,,False
105.45050812,-2.55355644,2019-10-14 12:00:00,LAPAN,Aqua,Verified No fire,SUMSEL,6098,2019,2019:6098,2019,6096,,,,,,,,False
105.419013977,-3.28801059723,2019-10-14 12:00:00,LAPAN,Aqua,Fire inside Sitrep,SUMSEL,6099,2019,2019:6099,2019,6097,,,,,,,,False
105.56565094,-3.2567389,2019-10-14 12:00:00,LAPAN,Aqua,Verified Fire,SUMSEL,6100,2019,2019:6100,2019,6098,,,,,,,,False
105.4792,-3.2689,2019-10-14 12:00:00,ASMC,NOAA20,Verified Fire,SUMSEL,6101,2019,2019:6101,2019,6099,,,,,,,,False
105.3631134,-3.71926332,2019-10-14 12:00:00,LAPAN,Aqua,Fire inside Sitrep,SUMSEL,6102,2019,2019:6102,2019,6100,,,,,,,,False
105.6671,-3.6873,2019-10-14 12:00:00,ASMC,NOAA20,Verified Fire,SUMSEL,6104,2019,2019:6104,2019,6102,,,,,,,,False
105.79724121,-3.88111281,2019-10-14 12:00:00,LAPAN,Aqua,Fire inside Sitrep,SUMSEL,6105,2019,2019:6105,2019,6103,,,,,,,,False
104.31575012,-2.04093122,2019-10-14 12:00:00,LAPAN,Aqua,Fire inside Sitrep,SUMSEL MUBA,6107,2019,2019:6107,2019,6105,,,,,,,,False
105.42810059,-3.18241286,2019-10-14 12:00:00,LAPAN,Aqua,Verified Fire,SUMSEL,6109,2019,2019:6109,2019,6107,,,,,,,,False
105.511428833,-3.27160429955,2019-10-14 12:00:00,LAPAN,Aqua,Fire inside Sitrep,SUMSEL,6110,2019,2019:6110,2019,6108,,,,,,,,False
105.50730896,-3.32821536,2019-10-14 12:00:00,LAPAN,Aqua,Fire inside Sitrep,SUMSEL,6111,2019,2019:6111,2019,6109,,,,,,,,False
105.22062683,-2.69326115,2019-10-14 12:00:00,LAPAN,Aqua,Verified No fire,SUMSEL,6112,2019,2019:6112,2019,6110,,,,,,,,False
105.3526,-2.6184,2019-10-14 12:00:00,ASMC,NOAA20,Verified No fire,SUMSEL,6114,2019,2019:6114,2019,6112,,,,,,,,False
105.49765015,-3.32961464,2019-10-14 12:00:00,LAPAN,Aqua,Fire inside Sitrep,SUMSEL,6115,2019,2019:6115,2019,6113,,,,,,,,False
105.4184,-3.1838,2019-10-14 12:00:00,ASMC,NOAA20,Fire inside Sitrep,SUMSEL,6117,2019,2019:6117,2019,6115,,,,,,,,False
105.61318207,-3.25005627,2019-10-14 12:00:00,LAPAN,Aqua,Verified Fire,SUMSEL,6119,2019,2019:6119,2019,6117,,,,,,,,False
103.431236267,-2.48906874657,2019-10-14 12:00:00,LAPAN,Aqua,Verified No fire,SUMSEL MUBA,6120,2019,2019:6120,2019,6118,,,,,,,,False
104.2933,-2.0442,2019-10-14 12:00:00,ASMC,NOAA20,Fire inside Sitrep,SUMSEL MUBA,6121,2019,2019:6121,2019,6119,,,,,,,,False
104.2976,-2.0448,2019-10-14 12:00:00,ASMC,NOAA20,Fire inside Sitrep,SUMSEL MUBA,6122,2019,2019:6122,2019,6120,,,,,,,,False
105.4712,-3.7205,2019-10-14 12:00:00,ASMC,NOAA20,Fire inside Sitrep,SUMSEL,6123,2019,2019:6123,2019,6121,,,,,,,,False
105.2132,-3.116,2019-10-14 12:00:00,ASMC,NOAA20,Fire inside Sitrep,SUMSEL,6124,2019,2019:6124,2019,6122,,,,,,,,False
105.50991058,-3.27722192,2019-10-14 12:00:00,LAPAN,Aqua,Verified Fire,SUMSEL,6125,2019,2019:6125,2019,6123,,,,,,,,False
103.399162292,-2.48330235481,2019-10-14 12:00:00,LAPAN,Aqua,Verified No fire,SUMSEL MUBA,6127,2019,2019:6127,2019,6125,,,,,,,,False
104.32678986,-2.03934312,2019-10-14 12:00:00,LAPAN,Aqua,Fire inside Sitrep,SUMSEL MUBA,6128,2019,2019:6128,2019,6126,,,,,,,,False
105.607475281,-3.25811886787,2019-10-14 12:00:00,LAPAN,Aqua,Verified Fire,SUMSEL,6129,2019,2019:6129,2019,6127,,,,,,,,False
105.59420776,-3.25272298,2019-10-14 12:00:00,LAPAN,Aqua,Verified Fire,SUMSEL,6133,2019,2019:6133,2019,6131,,,,,,,,False
105.34292603,-2.61980796,2019-10-14 12:00:00,LAPAN,Aqua,Verified No fire,SUMSEL,6135,2019,2019:6135,2019,6133,,,,,,,,False
105.330444336,-2.62875342369,2019-10-14 12:00:00,LAPAN,Aqua,Verified No fire,SUMSEL,6136,2019,2019:6136,2019,6134,,,,,,,,False
104.310096741,-2.04247975349,2019-10-14 12:00:00,LAPAN,Aqua,Fire inside Sitrep,SUMSEL MUBA,6137,2019,2019:6137,2019,6135,,,,,,,,False
105.4899292,-3.78585386,2019-10-14 12:00:00,LAPAN,Aqua,Verified Fire,SUMSEL,6139,2019,2019:6139,2019,6137,,,,,,,,False
105.2214,-3.1091,2019-10-14 14:00:00,ASMC,NOAA20,Fire inside Sitrep,SUMSEL,6140,2019,2019:6140,2019,6138,,,,,,,,False
105.3592,-2.6135,2019-10-14 14:00:00,ASMC,NOAA20,Verified No fire,SUMSEL,6142,2019,2019:6142,2019,6140,,,,,,,,False
102.909,-0.8673,2019-10-14 14:00:00,ASMC,NOAA20,Verified Fire,JAMBI SMF,6145,2019,2019:6145,2019,6143,,,,,,,,False
102.9111,-0.8655,2019-10-14 14:00:00,ASMC,NOAA20,Verified Fire,JAMBI SMF,6148,2019,2019:6148,2019,6146,,,,,,,,False
103.424,-2.4753,2019-10-14 14:00:00,ASMC,NOAA20,Verified No fire,SUMSEL MUBA,6150,2019,2019:6150,2019,6148,,,,,,,,False
102.9006,-0.8671,2019-10-14 14:00:00,ASMC,NOAA20,Verified Fire,JAMBI SMF,6151,2019,2019:6151,2019,6149,,,,,,,,False
103.4369,-2.4063,2019-10-14 14:00:00,ASMC,NOAA20,Verified No fire,SUMSEL MUBA,6152,2019,2019:6152,2019,6150,,,,,,,,False
105.5436,-3.4003,2019-10-14 14:00:00,ASMC,NOAA20,Fire inside Sitrep,SUMSEL,6154,2019,2019:6154,2019,6152,,,,,,,,False
105.3448,-2.616,2019-10-14 14:00:00,ASMC,NOAA20,Verified No fire,SUMSEL,6156,2019,2019:6156,2019,6154,,,,,,,,False
105.5045,-3.2838,2019-10-14 14:00:00,ASMC,NOAA20,Fire inside Sitrep,SUMSEL,6158,2019,2019:6158,2019,6156,,,,,,,,False
105.213,-3.1066,2019-10-14 14:00:00,ASMC,NOAA20,Fire inside Sitrep,SUMSEL,6161,2019,2019:6161,2019,6159,,,,,,,,False
105.54587555,-3.39623928,2019-10-15 01:00:00,LAPAN,SNPP,Verified Fire,SUMSEL,6165,2019,2019:6165,2019,6163,,,,,,,,False
105.21607971,-3.11340761,2019-10-15 01:00:00,LAPAN,SNPP,Fire inside Sitrep,SUMSEL,6166,2019,2019:6166,2019,6164,,,,,,,,False
105.20439148,-3.09802461,2019-10-15 01:00:00,LAPAN,SNPP,Fire inside Sitrep,SUMSEL,6167,2019,2019:6167,2019,6165,,,,,,,,False
104.05044556,-2.00504398,2019-10-15 01:00:00,LAPAN,SNPP,Verified Fire,SUMSEL MUBA,6170,2019,2019:6170,2019,6168,,,,,,,,False
105.41934204,-3.30178642,2019-10-15 01:00:00,LAPAN,SNPP,Verified Fire,SUMSEL,6174,2019,2019:6174,2019,6172,,,,,,,,False
103.83533478,-1.91766119,2019-10-15 01:00:00,LAPAN,SNPP,Fire inside Sitrep,SUMSEL MUBA,6176,2019,2019:6176,2019,6174,,,,,,,,False
105.79608917,-3.88395214,2019-10-15 01:00:00,LAPAN,SNPP,Fire inside Sitrep,SUMSEL,6182,2019,2019:6182,2019,6180,,,,,,,,False
104.25946808,-2.01188445,2019-10-15 01:00:00,LAPAN,SNPP,Verified Fire,SUMSEL MUBA,6184,2019,2019:6184,2019,6182,,,,,,,,False
104.05652618,-2.01290774,2019-10-15 01:00:00,LAPAN,SNPP,Verified No fire,SUMSEL MUBA,6185,2019,2019:6185,2019,6183,,,,,,,,False
104.04225159,-2.01064134,2019-10-15 01:00:00,LAPAN,SNPP,Verified Fire,SUMSEL MUBA,6186,2019,2019:6186,2019,6184,,,,,,,,False
105.73291779,-3.78554177,2019-10-15 01:00:00,LAPAN,SNPP,Verified Fire,SUMSEL,6188,2019,2019:6188,2019,6186,,,,,,,,False
105.42827606,-3.28963399,2019-10-15 01:00:00,LAPAN,SNPP,Fire inside Sitrep,SUMSEL,6189,2019,2019:6189,2019,6187,,,,,,,,False
105.41142273,-3.30732179,2019-10-15 01:00:00,LAPAN,SNPP,Verified Fire,SUMSEL,6190,2019,2019:6190,2019,6188,,,,,,,,False
102.9121933,-0.86731547,2019-10-15 01:00:00,LAPAN,SNPP,Verified Fire,JAMBI SMF,6195,2019,2019:6195,2019,6193,,,,,,,,False
102.91903687,-0.87565744,2019-10-15 01:00:00,LAPAN,SNPP,Verified No fire,JAMBI SMF,6199,2019,2019:6199,2019,6197,,,,,,,,False
104.32044983,-2.04107642,2019-10-15 01:00:00,LAPAN,SNPP,Fire inside Sitrep,SUMSEL MUBA,6200,2019,2019:6200,2019,6198,,,,,,,,False
104.122612,-1.77307701,2019-10-15 01:00:00,LAPAN,SNPP,Fire inside Sitrep,SUMSEL MUBA,6201,2019,2019:6201,2019,6199,,,,,,,,False
104.305336,-2.04552746,2019-10-15 01:00:00,LAPAN,SNPP,Fire inside Sitrep,SUMSEL MUBA,6205,2019,2019:6205,2019,6203,,,,,,,,False
104.33554077,-2.03662443,2019-10-15 01:00:00,LAPAN,SNPP,Fire inside Sitrep,SUMSEL MUBA,6206,2019,2019:6206,2019,6204,,,,,,,,False
104.1373291,-1.67894602,2019-10-15 01:00:00,LAPAN,SNPP,Fire inside Sitrep,SUMSEL MUBA,6207,2019,2019:6207,2019,6205,,,,,,,,False
104.04833984,-2.01849461,2019-10-15 01:00:00,LAPAN,SNPP,Verified Fire,SUMSEL MUBA,6211,2019,2019:6211,2019,6209,,,,,,,,False
103.94557953,-1.92118537,2019-10-15 01:00:00,LAPAN,SNPP,Fire inside Sitrep,SUMSEL MUBA,6213,2019,2019:6213,2019,6211,,,,,,,,False
104.3295517,-2.02882695,2019-10-15 01:00:00,LAPAN,SNPP,Fire inside Sitrep,SUMSEL MUBA,6214,2019,2019:6214,2019,6212,,,,,,,,False
104.25350952,-1.7729907,2019-10-15 01:00:00,LAPAN,SNPP,Fire inside Sitrep,SUMSEL MUBA,6219,2019,2019:6219,2019,6217,,,,,,,,False
104.23936462,-1.77075887,2019-10-15 01:00:00,LAPAN,SNPP,Fire inside Sitrep,SUMSEL MUBA,6220,2019,2019:6220,2019,6218,,,,,,,,False
105.67002106,-3.68748093,2019-10-15 01:00:00,LAPAN,SNPP,Verified Fire,SUMSEL,6221,2019,2019:6221,2019,6219,,,,,,,,False
105.7901535,-3.87620282,2019-10-15 01:00:00,LAPAN,SNPP,Fire inside Sitrep,SUMSEL,6232,2019,2019:6232,2019,6230,,,,,,,,False
103.43759155,-2.41227555,2019-10-15 01:00:00,LAPAN,SNPP,Verified No fire,SUMSEL MUBA,6233,2019,2019:6233,2019,6231,,,,,,,,False
104.26622009,-2.01874256,2019-10-15 01:00:00,LAPAN,SNPP,Fire inside Sitrep,SUMSEL MUBA,6234,2019,2019:6234,2019,6232,,,,,,,,False
104.2647171,-1.97841036,2019-10-15 01:00:00,LAPAN,SNPP,Verified Fire,SUMSEL MUBA,6235,2019,2019:6235,2019,6233,,,,,,,,False
102.85879517,-0.89520955,2019-10-15 01:00:00,LAPAN,SNPP,Verified Fire,JAMBI SMF,6237,2019,2019:6237,2019,6235,,,,,,,,False
104.17684937,-1.70588481,2019-10-15 01:00:00,LAPAN,SNPP,Verified No fire,SUMSEL MUBA,6240,2019,2019:6240,2019,6238,,,,,,,,False
105.21024323,-3.10571599,2019-10-15 01:00:00,LAPAN,SNPP,Fire inside Sitrep,SUMSEL,6243,2019,2019:6243,2019,6241,,,,,,,,False
103.522590637,-1.23423421383,2019-10-15 10:00:00,LAPAN,Terra,Verified No fire,JAMBI SMF,6248,2019,2019:6248,2019,6246,,,,,,,,False
105.502311707,-3.25866627693,2019-10-15 10:00:00,LAPAN,Terra,Fire inside Sitrep,SUMSEL,6256,2019,2019:6256,2019,6254,,,,,,,,False
105.317,-2.6476,2019-10-15 13:00:00,ASMC,NOAA20,Verified Fire,SUMSEL,6263,2019,2019:6263,2019,6261,,,,,,,,False
105.2125,-3.1067,2019-10-15 13:00:00,ASMC,NOAA20,Fire inside Sitrep,SUMSEL,6268,2019,2019:6268,2019,6266,,,,,,,,False
105.611564636,-3.07929301262,2019-10-15 13:00:00,LAPAN,Aqua,Verified Fire,SUMSEL,6270,2019,2019:6270,2019,6268,,,,,,,,False
105.42299652,-3.19006491,2019-10-15 13:00:00,LAPAN,SNPP,Verified Fire,SUMSEL,6271,2019,2019:6271,2019,6269,,,,,,,,False
105.416007996,-3.29147434235,2019-10-15 13:00:00,LAPAN,Aqua,Verified Fire,SUMSEL,6273,2019,2019:6273,2019,6271,,,,,,,,False
105.48864746,-3.25619483,2019-10-15 13:00:00,LAPAN,SNPP,Verified Fire,SUMSEL,6276,2019,2019:6276,2019,6274,,,,,,,,False
105.5328,-3.2711,2019-10-15 13:00:00,ASMC,NOAA20,Verified Fire,SUMSEL,6277,2019,2019:6277,2019,6275,,,,,,,,False
105.5396,-3.27,2019-10-15 13:00:00,ASMC,NOAA20,Verified Fire,SUMSEL,6278,2019,2019:6278,2019,6276,,,,,,,,False
105.5747,-3.2612,2019-10-15 13:00:00,ASMC,NOAA20,Verified Fire,SUMSEL,6279,2019,2019:6279,2019,6277,,,,,,,,False
105.6173,-3.0499,2019-10-15 13:00:00,ASMC,NOAA20,Verified Fire,SUMSEL,6281,2019,2019:6281,2019,6279,,,,,,,,False
105.6244,-3.2639,2019-10-15 13:00:00,ASMC,NOAA20,Verified Fire,SUMSEL,6284,2019,2019:6284,2019,6282,,,,,,,,False
105.551605225,-3.40382409096,2019-10-15 13:00:00,LAPAN,Aqua,Verified Fire,SUMSEL,6285,2019,2019:6285,2019,6283,,,,,,,,False
105.631965637,-2.75922298431,2019-10-15 13:00:00,LAPAN,Aqua,Verified No fire,SUMSEL,6286,2019,2019:6286,2019,6284,,,,,,,,False
105.621864319,-3.23026204109,2019-10-15 13:00:00,LAPAN,Aqua,Verified Fire,SUMSEL,6288,2019,2019:6288,2019,6286,,,,,,,,False
105.2,-3.09767,2019-10-15 13:00:00,LAPAN,SNPP,Fire inside Sitrep,SUMSEL,6293,2019,2019:6293,2019,6291,,,,,,,,False
105.21252441,-3.10667539,2019-10-15 13:00:00,LAPAN,SNPP,Fire inside Sitrep,SUMSEL,6294,2019,2019:6294,2019,6292,,,,,,,,False
105.206367493,-3.01618266106,2019-10-15 13:00:00,LAPAN,Aqua,Fire inside Sitrep,SUMSEL,6296,2019,2019:6296,2019,6294,,,,,,,,False
105.6255,-3.234,2019-10-15 13:00:00,ASMC,NOAA20,Verified Fire,SUMSEL,6297,2019,2019:6297,2019,6295,,,,,,,,False
105.423,-3.2778,2019-10-15 13:00:00,ASMC,NOAA20,Verified Fire,SUMSEL,6300,2019,2019:6300,2019,6298,,,,,,,,False
105.4259,-3.2862,2019-10-15 13:00:00,ASMC,NOAA20,Verified Fire,SUMSEL,6301,2019,2019:6301,2019,6299,,,,,,,,False
105.488,-3.25511,2019-10-15 13:00:00,LAPAN,SNPP,Verified Fire,SUMSEL,6303,2019,2019:6303,2019,6301,,,,,,,,False
105.48,-3.25638,2019-10-15 13:00:00,LAPAN,SNPP,Verified Fire,SUMSEL,6305,2019,2019:6305,2019,6303,,,,,,,,False
105.5405426,-3.26689458,2019-10-15 13:00:00,LAPAN,SNPP,Verified Fire,SUMSEL,6308,2019,2019:6308,2019,6306,,,,,,,,False
105.57982635,-3.24919772,2019-10-15 13:00:00,LAPAN,SNPP,Verified Fire,SUMSEL,6309,2019,2019:6309,2019,6307,,,,,,,,False
105.5721,-2.7055,2019-10-15 13:00:00,ASMC,NOAA20,Verified No fire,SUMSEL,6310,2019,2019:6310,2019,6308,,,,,,,,False
105.65615082,-3.57035732,2019-10-15 13:00:00,LAPAN,SNPP,Verified Fire,SUMSEL,6311,2019,2019:6311,2019,6309,,,,,,,,False
105.6474,-3.5639,2019-10-15 13:00:00,ASMC,NOAA20,Verified Fire,SUMSEL,6312,2019,2019:6312,2019,6310,,,,,,,,False
105.5167,-3.3371,2019-10-15 13:00:00,ASMC,NOAA20,Verified Fire,SUMSEL,6313,2019,2019:6313,2019,6311,,,,,,,,False
105.6555,-3.2809,2019-10-15 13:00:00,ASMC,NOAA20,Verified Fire,SUMSEL,6314,2019,2019:6314,2019,6312,,,,,,,,False
104.0439,-2.0167,2019-10-15 13:00:00,ASMC,NOAA20,Verified Fire,SUMSEL MUBA,6316,2019,2019:6316,2019,6314,,,,,,,,False
104.318,-2.04394,2019-10-15 13:00:00,LAPAN,SNPP,Fire inside Sitrep,SUMSEL MUBA,6322,2019,2019:6322,2019,6320,,,,,,,,False
104.326,-2.03475,2019-10-15 13:00:00,LAPAN,SNPP,Fire inside Sitrep,SUMSEL MUBA,6323,2019,2019:6323,2019,6321,,,,,,,,False
104.299,-2.04685,2019-10-15 13:00:00,LAPAN,SNPP,Fire inside Sitrep,SUMSEL MUBA,6324,2019,2019:6324,2019,6322,,,,,,,,False
104.276,-2.02644,2019-10-15 13:00:00,LAPAN,SNPP,Fire inside Sitrep,SUMSEL MUBA,6325,2019,2019:6325,2019,6323,,,,,,,,False
104.144,-1.67838,2019-10-15 13:00:00,LAPAN,SNPP,Fire inside Sitrep,SUMSEL MUBA,6326,2019,2019:6326,2019,6324,,,,,,,,False
104.134,-1.67988,2019-10-15 13:00:00,LAPAN,SNPP,Fire inside Sitrep,SUMSEL MUBA,6327,2019,2019:6327,2019,6325,,,,,,,,False
104.3097,-2.046,2019-10-15 13:00:00,ASMC,NOAA20,Fire inside Sitrep,SUMSEL MUBA,6328,2019,2019:6328,2019,6326,,,,,,,,False
104.338798523,-2.02878022194,2019-10-15 13:00:00,LAPAN,Aqua,Fire inside Sitrep,SUMSEL MUBA,6329,2019,2019:6329,2019,6327,,,,,,,,False
104.276992798,-2.03776836395,2019-10-15 13:00:00,LAPAN,Aqua,Fire inside Sitrep,SUMSEL MUBA,6332,2019,2019:6332,2019,6330,,,,,,,,False
104.1327,-1.679,2019-10-15 13:00:00,ASMC,NOAA20,Fire inside Sitrep,SUMSEL MUBA,6333,2019,2019:6333,2019,6331,,,,,,,,False
104.1269,-1.68,2019-10-15 13:00:00,ASMC,NOAA20,Fire inside Sitrep,SUMSEL MUBA,6335,2019,2019:6335,2019,6333,,,,,,,,False
104.331214905,-2.04947590828,2019-10-15 13:00:00,LAPAN,Aqua,Fire inside Sitrep,SUMSEL MUBA,6338,2019,2019:6338,2019,6336,,,,,,,,False
104.15,-1.6762,2019-10-15 13:00:00,ASMC,NOAA20,Fire inside Sitrep,SUMSEL MUBA,6339,2019,2019:6339,2019,6337,,,,,,,,False
104.245,-1.77113,2019-10-15 13:00:00,LAPAN,SNPP,Fire inside Sitrep,SUMSEL MUBA,6340,2019,2019:6340,2019,6338,,,,,,,,False
104.240768433,-1.77598059177,2019-10-15 13:00:00,LAPAN,Aqua,Fire inside Sitrep,SUMSEL MUBA,6341,2019,2019:6341,2019,6339,,,,,,,,False
105.5337,-3.268,2019-10-15 13:00:00,ASMC,NOAA20,Verified Fire,SUMSEL,6343,2019,2019:6343,2019,6341,,,,,,,,False
105.6885,-3.1387,2019-10-15 13:00:00,ASMC,NOAA20,Fire inside Sitrep,SUMSEL,6344,2019,2019:6344,2019,6342,,,,,,,,False
105.6154,-3.0837,2019-10-15 13:00:00,ASMC,NOAA20,Verified Fire,SUMSEL,6345,2019,2019:6345,2019,6343,,,,,,,,False
105.42427063,-3.31934452,2019-10-15 13:00:00,LAPAN,SNPP,Verified Fire,SUMSEL,6346,2019,2019:6346,2019,6344,,,,,,,,False
105.4819,-3.2573,2019-10-15 13:00:00,ASMC,NOAA20,Verified Fire,SUMSEL,6347,2019,2019:6347,2019,6345,,,,,,,,False
104.1385,-1.6781,2019-10-15 13:00:00,ASMC,NOAA20,Fire inside Sitrep,SUMSEL MUBA,6349,2019,2019:6349,2019,6347,,,,,,,,False
103.932,-1.94572,2019-10-15 13:00:00,LAPAN,SNPP,Fire inside Sitrep,SUMSEL MUBA,6351,2019,2019:6351,2019,6349,,,,,,,,False
105.4319,-2.543,2019-10-15 13:00:00,ASMC,NOAA20,Verified No fire,SUMSEL,6352,2019,2019:6352,2019,6350,,,,,,,,False
105.52346802,-3.33595657,2019-10-15 13:00:00,LAPAN,SNPP,Verified Fire,SUMSEL,6353,2019,2019:6353,2019,6351,,,,,,,,False
105.2124,-3.0316,2019-10-15 13:00:00,ASMC,NOAA20,Fire inside Sitrep,SUMSEL,6354,2019,2019:6354,2019,6352,,,,,,,,False
104.340187073,-2.03838038445,2019-10-15 13:00:00,LAPAN,Aqua,Fire inside Sitrep,SUMSEL MUBA,6357,2019,2019:6357,2019,6355,,,,,,,,False
105.209,-3.09634,2019-10-15 13:00:00,LAPAN,SNPP,Fire inside Sitrep,SUMSEL,6362,2019,2019:6362,2019,6360,,,,,,,,False
105.3092,-2.6512,2019-10-15 13:00:00,ASMC,NOAA20,Verified No fire,SUMSEL,6364,2019,2019:6364,2019,6362,,,,,,,,False
105.78616333,-3.59501194954,2019-10-15 13:00:00,LAPAN,Aqua,Verified Fire,SUMSEL,6369,2019,2019:6369,2019,6367,,,,,,,,False
105.6493,-3.5715,2019-10-15 13:00:00,ASMC,NOAA20,Verified Fire,SUMSEL,6370,2019,2019:6370,2019,6368,,,,,,,,False
105.5235,-3.336,2019-10-15 13:00:00,ASMC,NOAA20,Verified Fire,SUMSEL,6371,2019,2019:6371,2019,6369,,,,,,,,False
105.4965,-3.2964,2019-10-15 13:00:00,ASMC,NOAA20,Verified Fire,SUMSEL,6372,2019,2019:6372,2019,6370,,,,,,,,False
105.579,-3.2526,2019-10-15 13:00:00,ASMC,NOAA20,Verified Fire,SUMSEL,6373,2019,2019:6373,2019,6371,,,,,,,,False
105.4886,-3.2562,2019-10-15 13:00:00,ASMC,NOAA20,Verified Fire,SUMSEL,6374,2019,2019:6374,2019,6372,,,,,,,,False
105.5861,-2.7032,2019-10-15 13:00:00,ASMC,NOAA20,Verified No fire,SUMSEL,6378,2019,2019:6378,2019,6376,,,,,,,,False
103.83770752,-1.9174721241,2019-10-15 13:00:00,LAPAN,Aqua,Fire inside Sitrep,SUMSEL MUBA,6379,2019,2019:6379,2019,6377,,,,,,,,False
105.57466125,-3.26115608,2019-10-15 13:00:00,LAPAN,SNPP,Verified Fire,SUMSEL,6381,2019,2019:6381,2019,6379,,,,,,,,False
105.5798,-3.2492,2019-10-15 13:00:00,ASMC,NOAA20,Verified Fire,SUMSEL,6382,2019,2019:6382,2019,6380,,,,,,,,False
105.54251862,-3.39632058,2019-10-15 13:00:00,LAPAN,SNPP,Verified Fire,SUMSEL,6383,2019,2019:6383,2019,6381,,,,,,,,False
104.1442,-1.6771,2019-10-15 13:00:00,ASMC,NOAA20,Fire inside Sitrep,SUMSEL MUBA,6386,2019,2019:6386,2019,6384,,,,,,,,False
105.2113,-2.9892,2019-10-15 13:00:00,ASMC,NOAA20,Fire inside Sitrep,SUMSEL,6392,2019,2019:6392,2019,6390,,,,,,,,False
105.4299,-2.5356,2019-10-15 13:00:00,ASMC,NOAA20,Verified No fire,SUMSEL,6399,2019,2019:6399,2019,6397,,,,,,,,False
105.4243,-3.3193,2019-10-15 13:00:00,ASMC,NOAA20,Verified Fire,SUMSEL,6404,2019,2019:6404,2019,6402,,,,,,,,False
105.5405,-3.2669,2019-10-15 13:00:00,ASMC,NOAA20,Verified Fire,SUMSEL,6405,2019,2019:6405,2019,6403,,,,,,,,False
104.320884705,-2.05096721649,2019-10-15 13:00:00,LAPAN,Aqua,Fire inside Sitrep,SUMSEL MUBA,6408,2019,2019:6408,2019,6406,,,,,,,,False
105.418,-3.18763,2019-10-15 13:00:00,LAPAN,SNPP,Verified Fire,SUMSEL,6411,2019,2019:6411,2019,6409,,,,,,,,False
105.4248,-3.2884,2019-10-15 13:00:00,ASMC,NOAA20,Verified Fire,SUMSEL,6412,2019,2019:6412,2019,6410,,,,,,,,False
105.6149,-3.0431,2019-10-15 13:00:00,ASMC,NOAA20,Verified Fire,SUMSEL,6414,2019,2019:6414,2019,6412,,,,,,,,False
102.85458374,-0.899144470692,2019-10-15 13:00:00,LAPAN,Aqua,Verified Fire,JAMBI SMF,6415,2019,2019:6415,2019,6413,,,,,,,,False
104.143,-1.67058,2019-10-15 13:00:00,LAPAN,SNPP,Fire inside Sitrep,SUMSEL MUBA,6418,2019,2019:6418,2019,6416,,,,,,,,False
104.05002594,-2.01660084724,2019-10-15 13:00:00,LAPAN,Aqua,Verified Fire,SUMSEL MUBA,6419,2019,2019:6419,2019,6417,,,,,,,,False
105.5425,-3.3963,2019-10-15 13:00:00,ASMC,NOAA20,Verified Fire,SUMSEL,6421,2019,2019:6421,2019,6419,,,,,,,,False
105.423,-3.1901,2019-10-15 13:00:00,ASMC,NOAA20,Verified Fire,SUMSEL,6424,2019,2019:6424,2019,6422,,,,,,,,False
105.6562,-3.5704,2019-10-15 13:00:00,ASMC,NOAA20,Fire inside Sitrep,SUMSEL,6426,2019,2019:6426,2019,6424,,,,,,,,False
105.3159,-2.6502,2019-10-15 13:00:00,ASMC,NOAA20,Verified No fire,SUMSEL,6428,2019,2019:6428,2019,6426,,,,,,,,False
104.2775,-2.0305,2019-10-15 13:00:00,ASMC,NOAA20,Fire inside Sitrep,SUMSEL MUBA,6430,2019,2019:6430,2019,6428,,,,,,,,False
103.952,-1.92373,2019-10-15 13:00:00,LAPAN,SNPP,Fire inside Sitrep,SUMSEL MUBA,6431,2019,2019:6431,2019,6429,,,,,,,,False
103.974,-1.94767,2019-10-15 13:00:00,LAPAN,SNPP,Fire inside Sitrep,SUMSEL MUBA,6432,2019,2019:6432,2019,6430,,,,,,,,False
105.31726837,-2.64760327,2019-10-15 14:00:00,LAPAN,SNPP,Verified No fire,SUMSEL,6434,2019,2019:6434,2019,6432,,,,,,,,False
105.57765198,-2.69343853,2019-10-15 14:00:00,LAPAN,SNPP,Fire inside Sitrep,SUMSEL,6435,2019,2019:6435,2019,6433,,,,,,,,False
105.43247986,-2.54306388,2019-10-15 14:00:00,LAPAN,SNPP,Verified No fire,SUMSEL,6436,2019,2019:6436,2019,6434,,,,,,,,False
105.21130371,-2.98923779,2019-10-15 14:00:00,LAPAN,SNPP,Fire inside Sitrep,SUMSEL,6437,2019,2019:6437,2019,6435,,,,,,,,False
104.32048798,-2.02118087,2019-10-16 01:00:00,LAPAN,SNPP,Fire inside Sitrep,SUMSEL MUBA,6445,2019,2019:6445,2019,6443,,,,,,,,False
105.43968201,-3.30329561,2019-10-16 01:00:00,LAPAN,SNPP,Verified Fire,SUMSEL,6449,2019,2019:6449,2019,6447,,,,,,,,False
103.119,-0.944297,2019-10-16 12:00:00,LAPAN,SNPP,Verified No fire,JAMBI SMF,6457,2019,2019:6457,2019,6455,,,,,,,,False
105.21569061,-3.03073692,2019-10-16 13:00:00,LAPAN,SNPP,Verified Fire,SUMSEL,6462,2019,2019:6462,2019,6460,,,,,,,,False
104.26571655,-1.98517096,2019-10-16 13:00:00,LAPAN,SNPP,Verified Fire,SUMSEL MUBA,6463,2019,2019:6463,2019,6461,,,,,,,,False
104.11039734,-1.70200193,2019-10-16 13:00:00,LAPAN,SNPP,Fire inside Sitrep,SUMSEL MUBA,6467,2019,2019:6467,2019,6465,,,,,,,,False
104.32472229,-2.02414846,2019-10-16 13:00:00,LAPAN,SNPP,Fire inside Sitrep,SUMSEL MUBA,6468,2019,2019:6468,2019,6466,,,,,,,,False
105.65285492,-3.55088615,2019-10-16 13:00:00,LAPAN,SNPP,Verified Fire,SUMSEL,6472,2019,2019:6472,2019,6470,,,,,,,,False
104.31930542,-2.04765177,2019-10-16 13:00:00,LAPAN,SNPP,Fire inside Sitrep,SUMSEL MUBA,6475,2019,2019:6475,2019,6473,,,,,,,,False
104.27262115,-2.03224015,2019-10-16 13:00:00,LAPAN,SNPP,Fire inside Sitrep,SUMSEL MUBA,6476,2019,2019:6476,2019,6474,,,,,,,,False
104.3356781,-2.03756618,2019-10-16 13:00:00,LAPAN,SNPP,Fire inside Sitrep,SUMSEL MUBA,6479,2019,2019:6479,2019,6477,,,,,,,,False
105.26068115,-2.99386048,2019-10-16 13:00:00,LAPAN,SNPP,Verified Fire,SUMSEL,6482,2019,2019:6482,2019,6480,,,,,,,,False
104.04795837,-2.01616287,2019-10-17 00:00:00,LAPAN,SNPP,Verified Fire,SUMSEL MUBA,6491,2019,2019:6491,2019,6489,,,,,,,,False
104.04575348,-2.00708175,2019-10-17 00:00:00,LAPAN,SNPP,Verified Fire,SUMSEL MUBA,6492,2019,2019:6492,2019,6490,,,,,,,,False
104.054130554,-2.01736330986,2019-10-17 10:00:00,LAPAN,Terra,Verified No fire,SUMSEL MUBA,6522,2019,2019:6522,2019,6520,,,,,,,,False
103.937545776,-1.85464847088,2019-10-17 10:00:00,LAPAN,Terra,Fire inside Sitrep,SUMSEL MUBA,6529,2019,2019:6529,2019,6527,,,,,,,,False
105.655555725,-3.53504657745,2019-10-17 10:00:00,LAPAN,Terra,Verified Fire,SUMSEL,6530,2019,2019:6530,2019,6528,,,,,,,,False
105.54932404,-3.3841238,2019-10-17 13:00:00,LAPAN,SNPP,Verified Fire,SUMSEL,6532,2019,2019:6532,2019,6530,,,,,,,,False
105.54342651,-3.39178395,2019-10-17 13:00:00,LAPAN,SNPP,Verified Fire,SUMSEL,6535,2019,2019:6535,2019,6533,,,,,,,,False
105.76586151,-3.54822302,2019-10-17 13:00:00,LAPAN,SNPP,Verified Fire,SUMSEL,6537,2019,2019:6537,2019,6535,,,,,,,,False
105.70166779,-3.68007851,2019-10-17 13:00:00,LAPAN,SNPP,Verified Fire,SUMSEL,6538,2019,2019:6538,2019,6536,,,,,,,,False
105.8179,-3.52,2019-10-17 13:00:00,ASMC,NOAA20,Verified Fire,SUMSEL,6545,2019,2019:6545,2019,6543,,,,,,,,False
105.42640686,-3.27386785,2019-10-17 13:00:00,LAPAN,SNPP,Verified Fire,SUMSEL,6552,2019,2019:6552,2019,6550,,,,,,,,False
105.70859528,-3.31942797,2019-10-17 13:00:00,LAPAN,SNPP,Verified Fire,SUMSEL,6562,2019,2019:6562,2019,6560,,,,,,,,False
105.50693512,-3.33638573,2019-10-17 13:00:00,LAPAN,SNPP,Verified Fire,SUMSEL,6563,2019,2019:6563,2019,6561,,,,,,,,False
105.5473938,-3.41825509,2019-10-17 13:00:00,LAPAN,SNPP,Verified Fire,SUMSEL,6564,2019,2019:6564,2019,6562,,,,,,,,False
105.71284485,-3.61713338,2019-10-17 13:00:00,LAPAN,SNPP,Verified Fire,SUMSEL,6566,2019,2019:6566,2019,6564,,,,,,,,False
105.65274048,-3.54504752,2019-10-17 13:00:00,LAPAN,SNPP,Verified Fire,SUMSEL,6570,2019,2019:6570,2019,6568,,,,,,,,False
105.74589539,-3.64632392,2019-10-17 13:00:00,LAPAN,SNPP,Verified Fire,SUMSEL,6571,2019,2019:6571,2019,6569,,,,,,,,False
105.66815948,-3.64455056,2019-10-17 13:00:00,LAPAN,SNPP,Verified Fire,SUMSEL,6573,2019,2019:6573,2019,6571,,,,,,,,False
105.80921173,-3.60253024,2019-10-17 13:00:00,LAPAN,SNPP,Verified Fire,SUMSEL,6574,2019,2019:6574,2019,6572,,,,,,,,False
105.7086,-3.3194,2019-10-17 13:00:00,ASMC,NOAA20,Verified Fire,SUMSEL,6586,2019,2019:6586,2019,6584,,,,,,,,False
105.53177643,-3.27147341,2019-10-17 13:00:00,LAPAN,SNPP,Verified Fire,SUMSEL,6588,2019,2019:6588,2019,6586,,,,,,,,False
105.61288452,-3.06910396,2019-10-17 13:00:00,LAPAN,SNPP,Verified Fire,SUMSEL,6590,2019,2019:6590,2019,6588,,,,,,,,False
105.61632538,-3.22485399,2019-10-17 13:00:00,LAPAN,SNPP,Verified Fire,SUMSEL,6593,2019,2019:6593,2019,6591,,,,,,,,False
105.66257477,-3.25167513,2019-10-17 13:00:00,LAPAN,SNPP,Verified No fire,SUMSEL,6598,2019,2019:6598,2019,6596,,,,,,,,False
103.4373,-2.4946,2019-10-17 13:00:00,ASMC,NOAA20,Verified No fire,SUMSEL MUBA,6599,2019,2019:6599,2019,6597,,,,,,,,False
103.43728638,-2.49463725,2019-10-17 13:00:00,LAPAN,SNPP,Verified No fire,SUMSEL MUBA,6600,2019,2019:6600,2019,6598,,,,,,,,False
104.329574585,-2.04981899261,2019-10-17 13:00:00,LAPAN,Aqua,Fire inside Sitrep,SUMSEL MUBA,6601,2019,2019:6601,2019,6599,,,,,,,,False
103.42034149,-2.43104219,2019-10-17 13:00:00,LAPAN,SNPP,Verified No fire,SUMSEL MUBA,6602,2019,2019:6602,2019,6600,,,,,,,,False
105.56719971,-3.27287912,2019-10-17 13:00:00,LAPAN,SNPP,Verified Fire,SUMSEL,6604,2019,2019:6604,2019,6602,,,,,,,,False
105.7017,-3.6801,2019-10-17 13:00:00,ASMC,NOAA20,Verified Fire,SUMSEL,6605,2019,2019:6605,2019,6603,,,,,,,,False
105.62226868,-3.26454186,2019-10-17 13:00:00,LAPAN,SNPP,Verified Fire,SUMSEL,6606,2019,2019:6606,2019,6604,,,,,,,,False
105.806236267,-3.60642194748,2019-10-17 13:00:00,LAPAN,Aqua,Verified Fire,SUMSEL,6607,2019,2019:6607,2019,6605,,,,,,,,False
105.79011536,-3.61257339,2019-10-17 13:00:00,LAPAN,SNPP,Verified Fire,SUMSEL,6608,2019,2019:6608,2019,6606,,,,,,,,False
105.78886414,-3.87726951,2019-10-17 13:00:00,LAPAN,SNPP,Verified Fire,SUMSEL,6610,2019,2019:6610,2019,6608,,,,,,,,False
105.5761261,-3.46162319,2019-10-17 13:00:00,LAPAN,SNPP,Verified Fire,SUMSEL,6611,2019,2019:6611,2019,6609,,,,,,,,False
105.6538,-3.2868,2019-10-17 13:00:00,ASMC,NOAA20,Verified Fire,SUMSEL,6612,2019,2019:6612,2019,6610,,,,,,,,False
105.59172821,-3.56103754,2019-10-17 13:00:00,LAPAN,SNPP,Verified Fire,SUMSEL,6614,2019,2019:6614,2019,6612,,,,,,,,False
105.653450012,-3.28758192062,2019-10-17 13:00:00,LAPAN,Aqua,Verified Fire,SUMSEL,6617,2019,2019:6617,2019,6615,,,,,,,,False
105.50615692,-3.24150991,2019-10-17 13:00:00,LAPAN,SNPP,Verified Fire,SUMSEL,6620,2019,2019:6620,2019,6618,,,,,,,,False
105.52959442,-3.3465004,2019-10-17 13:00:00,LAPAN,SNPP,Verified Fire,SUMSEL,6624,2019,2019:6624,2019,6622,,,,,,,,False
105.67405701,-3.63689303,2019-10-17 13:00:00,LAPAN,SNPP,Verified Fire,SUMSEL,6627,2019,2019:6627,2019,6625,,,,,,,,False
105.572853088,-3.46492767334,2019-10-17 13:00:00,LAPAN,Aqua,Verified Fire,SUMSEL,6629,2019,2019:6629,2019,6627,,,,,,,,False
105.63405609,-3.24922872,2019-10-17 13:00:00,LAPAN,SNPP,Verified Fire,SUMSEL,6630,2019,2019:6630,2019,6628,,,,,,,,False
105.65377045,-3.28682923,2019-10-17 13:00:00,LAPAN,SNPP,Verified Fire,SUMSEL,6631,2019,2019:6631,2019,6629,,,,,,,,False
105.41790771,-3.17332172,2019-10-17 13:00:00,LAPAN,SNPP,Verified Fire,SUMSEL,6632,2019,2019:6632,2019,6630,,,,,,,,False
105.71628571,-3.77287221,2019-10-17 13:00:00,LAPAN,SNPP,Verified Fire,SUMSEL,6636,2019,2019:6636,2019,6634,,,,,,,,False
105.57601166,-3.23771596,2019-10-17 13:00:00,LAPAN,SNPP,Verified Fire,SUMSEL,6638,2019,2019:6638,2019,6636,,,,,,,,False
103.4203,-2.431,2019-10-17 13:00:00,ASMC,NOAA20,Verified No fire,SUMSEL MUBA,6639,2019,2019:6639,2019,6637,,,,,,,,False
105.62425232,-3.277771,2019-10-17 13:00:00,LAPAN,SNPP,Verified Fire,SUMSEL,6641,2019,2019:6641,2019,6639,,,,,,,,False
105.63999939,-3.28891468,2019-10-17 13:00:00,LAPAN,SNPP,Verified Fire,SUMSEL,6642,2019,2019:6642,2019,6640,,,,,,,,False
105.68199921,-3.68982148,2019-10-17 13:00:00,LAPAN,SNPP,Verified Fire,SUMSEL,6643,2019,2019:6643,2019,6641,,,,,,,,False
105.81793976,-3.52004313,2019-10-17 13:00:00,LAPAN,SNPP,Verified Fire,SUMSEL,6644,2019,2019:6644,2019,6642,,,,,,,,False
105.6341,-3.2492,2019-10-17 13:00:00,ASMC,NOAA20,Verified Fire,SUMSEL,6649,2019,2019:6649,2019,6647,,,,,,,,False
105.66027832,-3.63897586,2019-10-17 13:00:00,LAPAN,SNPP,Verified Fire,SUMSEL,6652,2019,2019:6652,2019,6650,,,,,,,,False
105.81113434,-3.56842113,2019-10-17 13:00:00,LAPAN,SNPP,Verified Fire,SUMSEL,6653,2019,2019:6653,2019,6651,,,,,,,,False
104.195045471,-1.83896529675,2019-10-17 13:00:00,LAPAN,Aqua,Verified No fire,SUMSEL MUBA,6655,2019,2019:6655,2019,6653,,,,,,,,False
105.55131531,-3.39735866,2019-10-17 13:00:00,LAPAN,SNPP,Verified Fire,SUMSEL,6656,2019,2019:6656,2019,6654,,,,,,,,False
105.64,-3.2889,2019-10-17 13:00:00,ASMC,NOAA20,Verified Fire,SUMSEL,6657,2019,2019:6657,2019,6655,,,,,,,,False
105.6079,-3.2743,2019-10-18 12:00:00,ASMC,NOAA20,Verified Fire,SUMSEL,6660,2019,2019:6660,2019,6658,,,,,,,,False
105.601,-3.2753,2019-10-18 12:00:00,ASMC,NOAA20,Verified Fire,SUMSEL,6661,2019,2019:6661,2019,6659,,,,,,,,False
105.6408,-3.2956,2019-10-18 12:00:00,ASMC,NOAA20,Verified Fire,SUMSEL,6662,2019,2019:6662,2019,6660,,,,,,,,False
105.8007,-3.3211,2019-10-18 12:00:00,ASMC,NOAA20,Verified Fire,SUMSEL,6663,2019,2019:6663,2019,6661,,,,,,,,False
105.6462,-3.2931,2019-10-18 12:00:00,ASMC,NOAA20,Verified Fire,SUMSEL,6664,2019,2019:6664,2019,6662,,,,,,,,False
105.6596,-3.5664,2019-10-18 12:00:00,ASMC,NOAA20,Verified Fire,SUMSEL,6665,2019,2019:6665,2019,6663,,,,,,,,False
105.7534,-3.4852,2019-10-18 12:00:00,ASMC,NOAA20,Verified Fire,SUMSEL,6666,2019,2019:6666,2019,6664,,,,,,,,False
105.7153,-3.6072,2019-10-18 12:00:00,ASMC,NOAA20,Verified Fire,SUMSEL,6667,2019,2019:6667,2019,6665,,,,,,,,False
105.6526,-3.5674,2019-10-18 12:00:00,ASMC,NOAA20,Verified Fire,SUMSEL,6668,2019,2019:6668,2019,6666,,,,,,,,False
105.7196,-4.0146,2019-10-18 12:00:00,ASMC,NOAA20,Verified Fire,SUMSEL,6669,2019,2019:6669,2019,6667,,,,,,,,False
105.5393,-3.3844,2019-10-18 12:00:00,ASMC,NOAA20,Verified Fire,SUMSEL,6670,2019,2019:6670,2019,6668,,,,,,,,False
105.7031,-3.6681,2019-10-18 12:00:00,ASMC,NOAA20,Verified Fire,SUMSEL,6671,2019,2019:6671,2019,6669,,,,,,,,False
105.6456,-3.5684,2019-10-18 12:00:00,ASMC,NOAA20,Verified Fire,SUMSEL,6672,2019,2019:6672,2019,6670,,,,,,,,False
105.6477,-3.2946,2019-10-18 12:00:00,ASMC,NOAA20,Verified Fire,SUMSEL,6673,2019,2019:6673,2019,6671,,,,,,,,False
105.7157,-3.6089,2019-10-18 12:00:00,ASMC,NOAA20,Verified Fire,SUMSEL,6674,2019,2019:6674,2019,6672,,,,,,,,False
105.6392,-3.2942,2019-10-18 12:00:00,ASMC,NOAA20,Verified Fire,SUMSEL,6675,2019,2019:6675,2019,6673,,,,,,,,False
105.406822205,-3.29746174812,2019-10-18 21:00:00,LAPAN,Terra,Verified Fire,SUMSEL,6676,2019,2019:6676,2019,6674,,,,,,,,False
105.341667175,-2.86320400238,2019-10-18 21:00:00,LAPAN,Terra,Verified Fire,SUMSEL,6677,2019,2019:6677,2019,6675,,,,,,,,False
104.336082458,-2.0514831543,2019-10-18 21:00:00,LAPAN,Terra,Fire inside Sitrep,SUMSEL MUBA,6678,2019,2019:6678,2019,6676,,,,,,,,False
104.314216614,-2.05459547043,2019-10-18 21:00:00,LAPAN,Terra,Fire inside Sitrep,SUMSEL MUBA,6679,2019,2019:6679,2019,6677,,,,,,,,False
105.405082703,-3.28477668762,2019-10-18 21:00:00,LAPAN,Terra,Verified Fire,SUMSEL,6680,2019,2019:6680,2019,6678,,,,,,,,False
105.606750488,-3.06054568291,2019-10-18 21:00:00,LAPAN,Terra,Verified Fire,SUMSEL,6681,2019,2019:6681,2019,6679,,,,,,,,False
105.360481262,-2.86063766479,2019-10-18 21:00:00,LAPAN,Terra,Verified Fire,SUMSEL,6682,2019,2019:6682,2019,6680,,,,,,,,False
105.735527039,-3.68313741684,2019-10-18 21:00:00,LAPAN,Terra,Verified Fire,SUMSEL,6683,2019,2019:6683,2019,6681,,,,,,,,False
105.497200012,-3.35041713715,2019-10-18 21:00:00,LAPAN,Terra,Verified Fire,SUMSEL,6684,2019,2019:6684,2019,6682,,,,,,,,False
105.532608032,-3.85807347298,2019-10-19 10:00:00,LAPAN,Terra,Verified Fire,SUMSEL,6691,2019,2019:6691,2019,6689,,,,,,,,False
105.202827454,-3.03050875664,2019-10-19 13:00:00,LAPAN,Aqua,Verified Fire,SUMSEL,6709,2019,2019:6709,2019,6707,,,,,,,,False
105.518997192,-3.86444449425,2019-10-19 13:00:00,LAPAN,Aqua,Verified Fire,SUMSEL,6712,2019,2019:6712,2019,6710,,,,,,,,False
105.535865784,-3.86209630966,2019-10-19 13:00:00,LAPAN,Aqua,Verified Fire,SUMSEL,6713,2019,2019:6713,2019,6711,,,,,,,,False
105.684,-3.68791,2019-10-19 13:00:00,LAPAN,SNPP,Verified Fire,SUMSEL,6720,2019,2019:6720,2019,6718,,,,,,,,False
105.4,-3.25974,2019-10-20 13:00:00,LAPAN,SNPP,Verified Fire,SUMSEL,6759,2019,2019:6759,2019,6757,,,,,,,,False
105.659,-3.62932,2019-10-20 13:00:00,LAPAN,SNPP,Verified Fire,SUMSEL,6761,2019,2019:6761,2019,6759,,,,,,,,False
105.515,-3.37186,2019-10-20 13:00:00,LAPAN,SNPP,Verified Fire,SUMSEL,6766,2019,2019:6766,2019,6764,,,,,,,,False
105.259,-3.13521,2019-10-20 13:00:00,LAPAN,SNPP,Verified Fire,SUMSEL,6776,2019,2019:6776,2019,6774,,,,,,,,False
105.574,-3.45694,2019-10-20 13:00:00,LAPAN,SNPP,Verified Fire,SUMSEL,6787,2019,2019:6787,2019,6785,,,,,,,,False
105.691,-3.1435,2019-10-20 13:00:00,LAPAN,SNPP,Verified No fire,SUMSEL,6800,2019,2019:6800,2019,6798,,,,,,,,False
105.664,-3.26228,2019-10-20 13:00:00,LAPAN,SNPP,Verified Fire,SUMSEL,6805,2019,2019:6805,2019,6803,,,,,,,,False
105.759,-3.54457,2019-10-20 13:00:00,LAPAN,SNPP,Verified Fire,SUMSEL,6813,2019,2019:6813,2019,6811,,,,,,,,False
105.437,-3.77057,2019-10-20 13:00:00,LAPAN,SNPP,Verified Fire,SUMSEL,6814,2019,2019:6814,2019,6812,,,,,,,,False
105.424,-3.27018,2019-10-20 13:00:00,LAPAN,SNPP,Verified Fire,SUMSEL,6818,2019,2019:6818,2019,6816,,,,,,,,False
105.581,-3.45584,2019-10-20 13:00:00,LAPAN,SNPP,Verified Fire,SUMSEL,6824,2019,2019:6824,2019,6822,,,,,,,,False
105.638,-3.23829,2019-10-20 13:00:00,LAPAN,SNPP,Verified Fire,SUMSEL,6825,2019,2019:6825,2019,6823,,,,,,,,False
105.614,-3.58012,2019-10-20 13:00:00,LAPAN,SNPP,Verified Fire,SUMSEL,6829,2019,2019:6829,2019,6827,,,,,,,,False
105.392,-3.26086,2019-10-20 13:00:00,LAPAN,SNPP,Verified Fire,SUMSEL,6835,2019,2019:6835,2019,6833,,,,,,,,False
105.516,-3.37872,2019-10-20 13:00:00,LAPAN,SNPP,Verified Fire,SUMSEL,6839,2019,2019:6839,2019,6837,,,,,,,,False
105.633,-3.30192,2019-10-20 13:00:00,LAPAN,SNPP,Verified Fire,SUMSEL,6846,2019,2019:6846,2019,6844,,,,,,,,False
105.7636,-3.5457,2019-10-20 14:00:00,ASMC,NOAA20,Verified Fire,SUMSEL,6850,2019,2019:6850,2019,6848,,,,,,,,False
105.7005,-3.6675,2019-10-20 14:00:00,ASMC,NOAA20,Verified Fire,SUMSEL,6857,2019,2019:6857,2019,6855,,,,,,,,False
105.602615356,-3.07616233826,2019-10-20 14:00:00,LAPAN,Aqua,Verified Fire,SUMSEL,6859,2019,2019:6859,2019,6857,,,,,,,,False
105.3869,-3.1569,2019-10-20 14:00:00,ASMC,NOAA20,Verified Fire,SUMSEL,6863,2019,2019:6863,2019,6861,,,,,,,,False
105.512817383,-3.38031673431,2019-10-20 14:00:00,LAPAN,Aqua,Verified Fire,SUMSEL,6867,2019,2019:6867,2019,6865,,,,,,,,False
105.742301941,-3.55763030052,2019-10-20 14:00:00,LAPAN,Aqua,Verified Fire,SUMSEL,6870,2019,2019:6870,2019,6868,,,,,,,,False
105.735847473,-3.5362868309,2019-10-21 10:00:00,LAPAN,Terra,Verified Fire,SUMSEL,6876,2019,2019:6876,2019,6874,,,,,,,,False
105.5461,-3.7366,2019-10-21 13:00:00,ASMC,NOAA20,Verified Fire,SUMSEL,6892,2019,2019:6892,2019,6890,,,,,,,,False
105.6819,-3.6886,2019-10-21 13:00:00,ASMC,NOAA20,Verified Fire,SUMSEL,6894,2019,2019:6894,2019,6892,,,,,,,,False
105.5459,-3.7391,2019-10-21 13:00:00,ASMC,NOAA20,Verified Fire,SUMSEL,6896,2019,2019:6896,2019,6894,,,,,,,,False
105.7115,-3.6035,2019-10-21 13:00:00,ASMC,NOAA20,Verified Fire,SUMSEL,6905,2019,2019:6905,2019,6903,,,,,,,,False
105.743087769,-3.79222249985,2019-10-23 09:00:00,LAPAN,Terra,Fire inside Sitrep,SUMSEL,7016,2019,2019:7016,2019,7014,,,,,,,,False
105.352600098,-3.11578321457,2019-10-23 09:00:00,LAPAN,Terra,Verified Fire,SUMSEL,7017,2019,2019:7017,2019,7015,,,,,,,,False
105.551193237,-2.62304615974,2019-10-23 12:00:00,LAPAN,Aqua,Verified Fire,SUMSEL,7033,2019,2019:7033,2019,7031,,,,,,,,False
105.720123291,-3.80306649208,2019-10-23 12:00:00,LAPAN,Aqua,Verified Fire,SUMSEL,7041,2019,2019:7041,2019,7039,,,,,,,,False
105.281852722,-2.95558667183,2019-10-23 12:00:00,LAPAN,Aqua,Verified Fire,SUMSEL,7042,2019,2019:7042,2019,7040,,,,,,,,False
105.4986,-3.7117,2019-10-23 13:00:00,ASMC,NOAA20,Verified Fire,SUMSEL,7050,2019,2019:7050,2019,7048,,,,,,,,False
105.434,-3.7592,2019-10-23 13:00:00,ASMC,NOAA20,Verified Fire,SUMSEL,7055,2019,2019:7055,2019,7053,,,,,,,,False
105.6958,-3.2416,2019-10-23 13:00:00,ASMC,NOAA20,Verified Fire,SUMSEL,7068,2019,2019:7068,2019,7066,,,,,,,,False
105.5446,-3.3425,2019-10-23 13:00:00,ASMC,NOAA20,Verified Fire,SUMSEL,7070,2019,2019:7070,2019,7068,,,,,,,,False
105.536,-3.3438,2019-10-23 13:00:00,ASMC,NOAA20,Verified Fire,SUMSEL,7075,2019,2019:7075,2019,7073,,,,,,,,False
105.3787,-3.1578,2019-10-23 13:00:00,ASMC,NOAA20,Verified Fire,SUMSEL,7080,2019,2019:7080,2019,7078,,,,,,,,False
105.5268,-3.7226,2019-10-23 13:00:00,ASMC,NOAA20,Verified Fire,SUMSEL,7082,2019,2019:7082,2019,7080,,,,,,,,False
105.47,-3.7714,2019-10-23 13:00:00,ASMC,NOAA20,Verified Fire,SUMSEL,7088,2019,2019:7088,2019,7086,,,,,,,,False
105.4689,-3.764,2019-10-23 13:00:00,ASMC,NOAA20,Verified Fire,SUMSEL,7089,2019,2019:7089,2019,7087,,,,,,,,False
105.6909,-3.5111,2019-10-23 13:00:00,ASMC,NOAA20,Verified Fire,SUMSEL,7092,2019,2019:7092,2019,7090,,,,,,,,False
105.7327,-3.5686,2019-10-23 13:00:00,ASMC,NOAA20,Verified Fire,SUMSEL,7094,2019,2019:7094,2019,7092,,,,,,,,False
104.3012,-2.0574,2019-10-23 13:00:00,ASMC,NOAA20,Fire inside Sitrep,SUMSEL MUBA,7105,2019,2019:7105,2019,7103,,,,,,,,False
105.4908,-3.791,2019-10-23 13:00:00,ASMC,NOAA20,Verified Fire,SUMSEL,7110,2019,2019:7110,2019,7108,,,,,,,,False
104.2675,-2.0308,2019-10-23 13:00:00,ASMC,NOAA20,Fire inside Sitrep,SUMSEL MUBA,7118,2019,2019:7118,2019,7116,,,,,,,,False
105.3767,-3.2739,2019-10-23 13:00:00,ASMC,NOAA20,Verified Fire,SUMSEL,7123,2019,2019:7123,2019,7121,,,,,,,,False
105.4428,-3.7578,2019-10-23 13:00:00,ASMC,NOAA20,Verified Fire,SUMSEL,7126,2019,2019:7126,2019,7124,,,,,,,,False
105.4788,-3.7701,2019-10-23 13:00:00,ASMC,NOAA20,Verified Fire,SUMSEL,7129,2019,2019:7129,2019,7127,,,,,,,,False
105.3963,-3.2861,2019-10-23 13:00:00,ASMC,NOAA20,Verified Fire,SUMSEL,7135,2019,2019:7135,2019,7133,,,,,,,,False
105.445,-3.7121,2019-10-23 13:00:00,ASMC,NOAA20,Verified Fire,SUMSEL,7144,2019,2019:7144,2019,7142,,,,,,,,False
105.444,-3.7047,2019-10-23 13:00:00,ASMC,NOAA20,Verified Fire,SUMSEL,7145,2019,2019:7145,2019,7143,,,,,,,,False
105.4448,-3.7826,2019-10-23 13:00:00,ASMC,NOAA20,Verified Fire,SUMSEL,7148,2019,2019:7148,2019,7146,,,,,,,,False
105.3369,-3.7128,2019-10-23 13:00:00,ASMC,NOAA20,Verified Fire,SUMSEL,7151,2019,2019:7151,2019,7149,,,,,,,,False
105.61602783,-3.77497864,2019-10-24 01:00:00,LAPAN,Terra,Verified Fire,SUMSEL,7192,2019,2019:7192,2019,7190,,,,,,,,False
104.29801178,-2.00917816,2019-10-24 01:00:00,LAPAN,Terra,Fire inside Sitrep,SUMSEL MUBA,7204,2019,2019:7204,2019,7202,,,,,,,,False
104.30725098,-2.01062989,2019-10-24 01:00:00,LAPAN,Terra,Fire inside Sitrep,SUMSEL MUBA,7221,2019,2019:7221,2019,7219,,,,,,,,False
103.81827545,-1.93413758,2019-10-24 01:00:00,LAPAN,Terra,Fire inside Sitrep,SUMSEL MUBA,7223,2019,2019:7223,2019,7221,,,,,,,,False
105.60388947,-3.77319455,2019-10-24 01:00:00,LAPAN,Terra,Verified Fire,SUMSEL,7224,2019,2019:7224,2019,7222,,,,,,,,False
105.55848694,-2.63615441,2019-10-24 01:00:00,LAPAN,Terra,Verified Fire,SUMSEL,7236,2019,2019:7236,2019,7234,,,,,,,,False
105.564476013,-2.76441335678,2019-10-24 10:00:00,LAPAN,Terra,Verified No fire,SUMSEL,7257,2019,2019:7257,2019,7255,,,,,,,,False
105.519477844,-3.30765867233,2019-10-24 10:00:00,LAPAN,Terra,Verified Fire,SUMSEL,7272,2019,2019:7272,2019,7270,,,,,,,,False
105.79877472,-3.56680536,2019-10-24 12:00:00,LAPAN,Aqua,Verified Fire,SUMSEL,7274,2019,2019:7274,2019,7272,,,,,,,,False
105.54916382,-3.32735586,2019-10-24 12:00:00,LAPAN,Aqua,Verified Fire,SUMSEL,7281,2019,2019:7281,2019,7279,,,,,,,,False
105.54051971,-3.30812883,2019-10-24 12:00:00,LAPAN,Aqua,Verified Fire,SUMSEL,7285,2019,2019:7285,2019,7283,,,,,,,,False
105.60148621,-3.2939043,2019-10-24 12:00:00,LAPAN,Aqua,Verified Fire,SUMSEL,7289,2019,2019:7289,2019,7287,,,,,,,,False
105.21932983,-3.02161098,2019-10-24 12:00:00,LAPAN,Aqua,Verified Fire,SUMSEL,7291,2019,2019:7291,2019,7289,,,,,,,,False
105.2220459,-3.00772262,2019-10-24 12:00:00,LAPAN,Aqua,Verified Fire,SUMSEL,7293,2019,2019:7293,2019,7291,,,,,,,,False
105.61071777,-3.30830908,2019-10-24 12:00:00,LAPAN,Aqua,Verified Fire,SUMSEL,7299,2019,2019:7299,2019,7297,,,,,,,,False
105.66313934,-3.29064965,2019-10-24 12:00:00,LAPAN,Aqua,Verified Fire,SUMSEL,7300,2019,2019:7300,2019,7298,,,,,,,,False
105.57440186,-3.4412744,2019-10-24 12:00:00,LAPAN,Aqua,Verified Fire,SUMSEL,7303,2019,2019:7303,2019,7301,,,,,,,,False
105.55422211,-3.42369866,2019-10-24 12:00:00,LAPAN,Aqua,Verified Fire,SUMSEL,7304,2019,2019:7304,2019,7302,,,,,,,,False
105.26717377,-3.01480579,2019-10-24 12:00:00,LAPAN,Aqua,Verified Fire,SUMSEL,7311,2019,2019:7311,2019,7309,,,,,,,,False
105.49674988,-3.25827909,2019-10-24 12:00:00,LAPAN,Aqua,Verified Fire,SUMSEL,7312,2019,2019:7312,2019,7310,,,,,,,,False
105.30683899,-2.92260528,2019-10-24 12:00:00,LAPAN,Aqua,Verified Fire,SUMSEL,7313,2019,2019:7313,2019,7311,,,,,,,,False
105.57992554,-3.8493135,2019-10-24 12:00:00,LAPAN,Aqua,Verified Fire,SUMSEL,7314,2019,2019:7314,2019,7312,,,,,,,,False
105.67485046,-3.15516329,2019-10-24 12:00:00,LAPAN,Aqua,Verified Fire,SUMSEL,7315,2019,2019:7315,2019,7313,,,,,,,,False
105.57370758,-3.78408098,2019-10-24 12:00:00,LAPAN,Aqua,Verified Fire,SUMSEL,7316,2019,2019:7316,2019,7314,,,,,,,,False
105.67723846,-3.98382998,2019-10-24 12:00:00,LAPAN,Aqua,Verified Fire,SUMSEL,7328,2019,2019:7328,2019,7326,,,,,,,,False
105.82959747,-3.8909061,2019-10-24 12:00:00,LAPAN,Aqua,Verified Fire,SUMSEL,7329,2019,2019:7329,2019,7327,,,,,,,,False
105.84083557,-3.88933635,2019-10-24 12:00:00,LAPAN,Aqua,Verified Fire,SUMSEL,7330,2019,2019:7330,2019,7328,,,,,,,,False
105.88032532,-3.81673408,2019-10-24 12:00:00,LAPAN,Aqua,Verified Fire,SUMSEL,7332,2019,2019:7332,2019,7330,,,,,,,,False
105.75408936,-3.81443429,2019-10-24 12:00:00,LAPAN,Aqua,Verified Fire,SUMSEL,7333,2019,2019:7333,2019,7331,,,,,,,,False
105.64647675,-3.52811027,2019-10-24 12:00:00,LAPAN,Aqua,Verified Fire,SUMSEL,7334,2019,2019:7334,2019,7332,,,,,,,,False
105.74034119,-3.78024673,2019-10-24 12:00:00,LAPAN,Aqua,Verified Fire,SUMSEL,7336,2019,2019:7336,2019,7334,,,,,,,,False
105.56047821,-3.81690359,2019-10-24 12:00:00,LAPAN,Aqua,Verified Fire,SUMSEL,7338,2019,2019:7338,2019,7336,,,,,,,,False
105.60857391,-3.77902579,2019-10-24 12:00:00,LAPAN,Aqua,Verified Fire,SUMSEL,7339,2019,2019:7339,2019,7337,,,,,,,,False
105.22945404,-3.01704049,2019-10-24 12:00:00,LAPAN,Aqua,Verified Fire,SUMSEL,7343,2019,2019:7343,2019,7341,,,,,,,,False
105.50286865,-3.41623878,2019-10-24 12:00:00,LAPAN,Aqua,Verified Fire,SUMSEL,7345,2019,2019:7345,2019,7343,,,,,,,,False
105.21014404,-3.08552432,2019-10-24 12:00:00,LAPAN,Aqua,Verified Fire,SUMSEL,7348,2019,2019:7348,2019,7346,,,,,,,,False
105.35610962,-3.11982632,2019-10-24 12:00:00,LAPAN,Aqua,Verified Fire,SUMSEL,7351,2019,2019:7351,2019,7349,,,,,,,,False
105.27462769,-3.02412224,2019-10-24 12:00:00,LAPAN,Aqua,Verified Fire,SUMSEL,7354,2019,2019:7354,2019,7352,,,,,,,,False
105.62017059,-3.7773478,2019-10-24 12:00:00,LAPAN,Aqua,Verified Fire,SUMSEL,7358,2019,2019:7358,2019,7356,,,,,,,,False
105.46071625,-3.74862862,2019-10-24 12:00:00,LAPAN,Aqua,Verified Fire,SUMSEL,7359,2019,2019:7359,2019,7357,,,,,,,,False
105.46215057,-3.75879097,2019-10-24 12:00:00,LAPAN,Aqua,Verified Fire,SUMSEL,7360,2019,2019:7360,2019,7358,,,,,,,,False
105.43575287,-3.70705485,2019-10-24 12:00:00,LAPAN,Aqua,Verified Fire,SUMSEL,7365,2019,2019:7365,2019,7363,,,,,,,,False
105.57803345,-3.69655848,2019-10-24 12:00:00,LAPAN,Aqua,Verified Fire,SUMSEL,7367,2019,2019:7367,2019,7365,,,,,,,,False
105.59575653,-3.25397658,2019-10-24 12:00:00,LAPAN,Aqua,Verified No fire,SUMSEL,7369,2019,2019:7369,2019,7367,,,,,,,,False
105.6707077,-3.23280287,2019-10-24 12:00:00,LAPAN,Aqua,Verified Fire,SUMSEL,7371,2019,2019:7371,2019,7369,,,,,,,,False
105.764,-3.8842,2019-10-24 12:00:00,ASMC,NOAA20,Verified Fire,SUMSEL,7373,2019,2019:7373,2019,7371,,,,,,,,False
105.7852,-3.8709,2019-10-24 12:00:00,ASMC,NOAA20,Verified Fire,SUMSEL,7374,2019,2019:7374,2019,7372,,,,,,,,False
105.920578,-3.86124969,2019-10-24 12:00:00,LAPAN,Aqua,Verified Fire,SUMSEL,7375,2019,2019:7375,2019,7373,,,,,,,,False
105.67005157,-3.60146737,2019-10-24 12:00:00,LAPAN,Aqua,Verified Fire,SUMSEL,7377,2019,2019:7377,2019,7375,,,,,,,,False
105.64890289,-3.47125626,2019-10-24 12:00:00,LAPAN,Aqua,Verified Fire,SUMSEL,7379,2019,2019:7379,2019,7377,,,,,,,,False
103.06771851,-0.76159745,2019-10-24 12:00:00,LAPAN,Aqua,Verified No fire,JAMBI SMF,7381,2019,2019:7381,2019,7379,,,,,,,,False
103.44044495,-2.41708088,2019-10-24 12:00:00,LAPAN,Aqua,Verified No fire,SUMSEL MUBA,7386,2019,2019:7386,2019,7384,,,,,,,,False
103.41047668,-2.43504834,2019-10-24 12:00:00,LAPAN,Aqua,Verified No fire,SUMSEL MUBA,7389,2019,2019:7389,2019,7387,,,,,,,,False
105.64673615,-3.22616696,2019-10-24 12:00:00,LAPAN,Aqua,Verified Fire,SUMSEL,7391,2019,2019:7391,2019,7389,,,,,,,,False
105.5822,-3.0411,2019-10-24 12:00:00,ASMC,NOAA20,Verified Fire,SUMSEL,7392,2019,2019:7392,2019,7390,,,,,,,,False
105.50363159,-3.71780181,2019-10-24 12:00:00,LAPAN,Aqua,Verified Fire,SUMSEL,7397,2019,2019:7397,2019,7395,,,,,,,,False
105.55204773,-3.34741259,2019-10-24 12:00:00,LAPAN,Aqua,Verified Fire,SUMSEL,7399,2019,2019:7399,2019,7397,,,,,,,,False
105.6707,-3.2328,2019-10-24 12:00:00,ASMC,NOAA20,Verified Fire,SUMSEL,7402,2019,2019:7402,2019,7400,,,,,,,,False
105.55940247,-3.87284279,2019-10-24 12:00:00,LAPAN,Aqua,Verified Fire,SUMSEL,7408,2019,2019:7408,2019,7406,,,,,,,,False
105.54769135,-3.87451744,2019-10-24 12:00:00,LAPAN,Aqua,Verified Fire,SUMSEL,7409,2019,2019:7409,2019,7407,,,,,,,,False
105.24900818,-3.13512802,2019-10-24 12:00:00,LAPAN,Aqua,Verified Fire,SUMSEL,7412,2019,2019:7412,2019,7410,,,,,,,,False
105.48425293,-3.78669786,2019-10-24 12:00:00,LAPAN,Aqua,Verified Fire,SUMSEL,7414,2019,2019:7414,2019,7412,,,,,,,,False
105.55712128,-3.44377255,2019-10-24 12:00:00,LAPAN,Aqua,Verified Fire,SUMSEL,7416,2019,2019:7416,2019,7414,,,,,,,,False
105.52896881,-3.3097713,2019-10-24 12:00:00,LAPAN,Aqua,Verified Fire,SUMSEL,7417,2019,2019:7417,2019,7415,,,,,,,,False
105.6567,-3.2958,2019-10-24 12:00:00,ASMC,NOAA20,Verified Fire,SUMSEL,7418,2019,2019:7418,2019,7416,,,,,,,,False
105.76400757,-3.88417053,2019-10-24 12:00:00,LAPAN,Aqua,Verified Fire,SUMSEL,7423,2019,2019:7423,2019,7421,,,,,,,,False
105.23399353,-3.00594091,2019-10-24 12:00:00,LAPAN,Aqua,Verified Fire,SUMSEL,7425,2019,2019:7425,2019,7423,,,,,,,,False
105.34283447,-3.11137557,2019-10-24 12:00:00,LAPAN,Aqua,Verified Fire,SUMSEL,7426,2019,2019:7426,2019,7424,,,,,,,,False
105.27909088,-3.01310802,2019-10-24 12:00:00,LAPAN,Aqua,Verified Fire,SUMSEL,7427,2019,2019:7427,2019,7425,,,,,,,,False
103.97693634,-1.94760728,2019-10-24 12:00:00,LAPAN,Aqua,Verified Fire,SUMSEL MUBA,7433,2019,2019:7433,2019,7431,,,,,,,,False
103.8221283,-1.93655455,2019-10-24 12:00:00,LAPAN,Aqua,Fire inside Sitrep,SUMSEL MUBA,7434,2019,2019:7434,2019,7432,,,,,,,,False
103.9698,-1.9486,2019-10-24 12:00:00,ASMC,NOAA20,Verified No fire,SUMSEL MUBA,7435,2019,2019:7435,2019,7433,,,,,,,,False
105.37264252,-3.26608634,2019-10-24 12:00:00,LAPAN,Aqua,Verified Fire,SUMSEL,7436,2019,2019:7436,2019,7434,,,,,,,,False
105.57398224,-3.8913548,2019-10-24 12:00:00,LAPAN,Aqua,Verified Fire,SUMSEL,7437,2019,2019:7437,2019,7435,,,,,,,,False
105.60713196,-3.7689774,2019-10-24 12:00:00,LAPAN,Aqua,Verified Fire,SUMSEL,7438,2019,2019:7438,2019,7436,,,,,,,,False
105.5621109,-3.37664819,2019-10-24 12:00:00,LAPAN,Aqua,Verified Fire,SUMSEL,7440,2019,2019:7440,2019,7438,,,,,,,,False
105.62497711,-3.32662797,2019-10-24 12:00:00,LAPAN,Aqua,Verified Fire,SUMSEL,7441,2019,2019:7441,2019,7439,,,,,,,,False
105.77527618,-3.88252831,2019-10-24 12:00:00,LAPAN,Aqua,Verified Fire,SUMSEL,7444,2019,2019:7444,2019,7442,,,,,,,,False
105.59161377,-3.84765697,2019-10-24 12:00:00,LAPAN,Aqua,Verified Fire,SUMSEL,7446,2019,2019:7446,2019,7444,,,,,,,,False
105.39129639,-3.15607023,2019-10-24 12:00:00,LAPAN,Aqua,Verified Fire,SUMSEL,7451,2019,2019:7451,2019,7449,,,,,,,,False
105.67126465,-3.82613158,2019-10-24 12:00:00,LAPAN,Aqua,Verified Fire,SUMSEL,7456,2019,2019:7456,2019,7454,,,,,,,,False
105.78515625,-3.87092686,2019-10-24 12:00:00,LAPAN,Aqua,Verified Fire,SUMSEL,7457,2019,2019:7457,2019,7455,,,,,,,,False
105.8408,-3.8893,2019-10-24 12:00:00,ASMC,NOAA20,Verified Fire,SUMSEL,7458,2019,2019:7458,2019,7456,,,,,,,,False
105.74232483,-3.60140967,2019-10-24 12:00:00,LAPAN,Aqua,Verified Fire,SUMSEL,7460,2019,2019:7460,2019,7458,,,,,,,,False
105.68193817,-3.2311573,2019-10-24 12:00:00,LAPAN,Aqua,Verified Fire,SUMSEL,7462,2019,2019:7462,2019,7460,,,,,,,,False
105.29644775,-2.9758873,2019-10-24 12:00:00,LAPAN,Aqua,Verified Fire,SUMSEL,7465,2019,2019:7465,2019,7463,,,,,,,,False
105.75167847,-3.77858353,2019-10-24 12:00:00,LAPAN,Aqua,Verified Fire,SUMSEL,7466,2019,2019:7466,2019,7464,,,,,,,,False
105.54920959,-3.8433578,2019-10-24 12:00:00,LAPAN,Aqua,Verified Fire,SUMSEL,7469,2019,2019:7469,2019,7467,,,,,,,,False
105.58222961,-3.04105139,2019-10-24 12:00:00,LAPAN,Aqua,Verified Fire,SUMSEL,7472,2019,2019:7472,2019,7470,,,,,,,,False
103.41239929,-2.44465566,2019-10-24 12:00:00,LAPAN,Aqua,Verified Fire,SUMSEL MUBA,7473,2019,2019:7473,2019,7471,,,,,,,,False
105.5682373,-3.85097241,2019-10-24 12:00:00,LAPAN,Aqua,Verified Fire,SUMSEL,7474,2019,2019:7474,2019,7472,,,,,,,,False
105.55059814,-3.33739328,2019-10-24 12:00:00,LAPAN,Aqua,Verified Fire,SUMSEL,7475,2019,2019:7475,2019,7473,,,,,,,,False
105.62210846,-3.30667686,2019-10-24 12:00:00,LAPAN,Aqua,Verified Fire,SUMSEL,7476,2019,2019:7476,2019,7474,,,,,,,,False
105.62355042,-3.31664896,2019-10-24 12:00:00,LAPAN,Aqua,Verified Fire,SUMSEL,7477,2019,2019:7477,2019,7475,,,,,,,,False
105.2414093,-3.01524448,2019-10-24 12:00:00,LAPAN,Aqua,Verified Fire,SUMSEL,7479,2019,2019:7479,2019,7477,,,,,,,,False
105.3369,-3.1122,2019-10-24 12:00:00,ASMC,NOAA20,Verified Fire,SUMSEL,7480,2019,2019:7480,2019,7478,,,,,,,,False
105.6408,-3.5289,2019-10-24 12:00:00,ASMC,NOAA20,Verified Fire,SUMSEL,7487,2019,2019:7487,2019,7485,,,,,,,,False
105.4299,-3.7079,2019-10-24 12:00:00,ASMC,NOAA20,Verified Fire,SUMSEL,7490,2019,2019:7490,2019,7488,,,,,,,,False
105.35463715,-3.10969734,2019-10-24 12:00:00,LAPAN,Aqua,Verified Fire,SUMSEL,7491,2019,2019:7491,2019,7489,,,,,,,,False
105.547966003,-3.34941339493,2019-10-24 13:00:00,LAPAN,Aqua,Verified Fire,SUMSEL,7502,2019,2019:7502,2019,7500,,,,,,,,False
105.554946899,-3.32938814163,2019-10-24 13:00:00,LAPAN,Aqua,Verified Fire,SUMSEL,7529,2019,2019:7529,2019,7527,,,,,,,,False
105.614692688,-3.33025169373,2019-10-24 13:00:00,LAPAN,Aqua,Verified Fire,SUMSEL,7536,2019,2019:7536,2019,7534,,,,,,,,False
105.298469543,-2.92576265335,2019-10-24 13:00:00,LAPAN,Aqua,Verified Fire,SUMSEL,7614,2019,2019:7614,2019,7612,,,,,,,,False
105.552947998,-3.87262296677,2019-10-24 13:00:00,LAPAN,Aqua,Verified Fire,SUMSEL,7672,2019,2019:7672,2019,7670,,,,,,,,False
105.556304932,-3.33870100975,2019-10-24 13:00:00,LAPAN,Aqua,Verified Fire,SUMSEL,7690,2019,2019:7690,2019,7688,,,,,,,,False
103.416259766,-2.44075298309,2019-10-24 13:00:00,LAPAN,Aqua,Verified No fire,SUMSEL MUBA,7705,2019,2019:7705,2019,7703,,,,,,,,False
105.54334259,-3.87402153015,2019-10-24 13:00:00,LAPAN,Aqua,Verified Fire,SUMSEL,7706,2019,2019:7706,2019,7704,,,,,,,,False
105.57624054,-3.89764547348,2019-10-24 13:00:00,LAPAN,Aqua,Verified Fire,SUMSEL,7725,2019,2019:7725,2019,7723,,,,,,,,False
105.2,-3.0824,2019-10-24 13:00:00,LAPAN,SNPP,Verified Fire,SUMSEL,7749,2019,2019:7749,2019,7747,,,,,,,,False
105.5211,-3.3927,2019-10-25 12:00:00,ASMC,NOAA20,Verified Fire,SUMSEL,7755,2019,2019:7755,2019,7753,,,,,,,,False
105.5506,-3.3327,2019-10-25 12:00:00,ASMC,NOAA20,Verified Fire,SUMSEL,7759,2019,2019:7759,2019,7757,,,,,,,,False
105.7525,-3.7823,2019-10-25 12:00:00,ASMC,NOAA20,Fire inside Sitrep,SUMSEL,7762,2019,2019:7762,2019,7760,,,,,,,,False
105.5201,-3.3951,2019-10-25 14:00:00,ASMC,NOAA20,Verified Fire,SUMSEL,7770,2019,2019:7770,2019,7768,,,,,,,,False
105.6472,-3.4664,2019-10-25 14:00:00,ASMC,NOAA20,Verified Fire,SUMSEL,7771,2019,2019:7771,2019,7769,,,,,,,,False
105.7145,-3.6159,2019-10-25 14:00:00,ASMC,NOAA20,Verified Fire,SUMSEL,7772,2019,2019:7772,2019,7770,,,,,,,,False
105.7574,-3.7809,2019-10-25 14:00:00,ASMC,NOAA20,Verified Fire,SUMSEL,7773,2019,2019:7773,2019,7771,,,,,,,,False
105.6189,-3.0721,2019-10-25 14:00:00,ASMC,NOAA20,Fire inside Sitrep,SUMSEL,7774,2019,2019:7774,2019,7772,,,,,,,,False
105.6063,-3.7799,2019-10-25 14:00:00,ASMC,NOAA20,Verified Fire,SUMSEL,7776,2019,2019:7776,2019,7774,,,,,,,,False
105.3919,-3.2834,2019-10-25 14:00:00,ASMC,NOAA20,Fire inside Sitrep,SUMSEL,7779,2019,2019:7779,2019,7777,,,,,,,,False
105.6718,-3.5688,2019-10-25 14:00:00,ASMC,NOAA20,Verified Fire,SUMSEL,7780,2019,2019:7780,2019,7778,,,,,,,,False
105.477233887,-3.72041225433,2019-10-26 10:00:00,LAPAN,Terra,Verified Fire,SUMSEL,7809,2019,2019:7809,2019,7807,,,,,,,,False
105.5497,-3.3536,2019-10-26 13:00:00,ASMC,NOAA20,Verified Fire,SUMSEL,7822,2019,2019:7822,2019,7820,,,,,,,,False
105.586624146,-3.04749155045,2019-10-26 13:00:00,LAPAN,Aqua,Verified Fire,SUMSEL,7834,2019,2019:7834,2019,7832,,,,,,,,False
105.564,-3.38599,2019-10-26 13:00:00,LAPAN,SNPP,Verified Fire,SUMSEL,7836,2019,2019:7836,2019,7834,,,,,,,,False
105.569335938,-3.85123276711,2019-10-26 13:00:00,LAPAN,Aqua,Verified Fire,SUMSEL,7845,2019,2019:7845,2019,7843,,,,,,,,False
105.539802551,-3.84607172012,2019-10-26 13:00:00,LAPAN,Aqua,Verified Fire,SUMSEL,7846,2019,2019:7846,2019,7844,,,,,,,,False
105.538,-3.84537,2019-10-26 13:00:00,LAPAN,SNPP,Verified Fire,SUMSEL,7847,2019,2019:7847,2019,7845,,,,,,,,False
105.487373352,-3.81598210335,2019-10-26 13:00:00,LAPAN,Aqua,Verified Fire,SUMSEL,7848,2019,2019:7848,2019,7846,,,,,,,,False
105.770629883,-3.79465484619,2019-10-26 13:00:00,LAPAN,Aqua,Verified Fire,SUMSEL,7852,2019,2019:7852,2019,7850,,,,,,,,False
105.758,-3.77952,2019-10-26 13:00:00,LAPAN,SNPP,Verified Fire,SUMSEL,7854,2019,2019:7854,2019,7852,,,,,,,,False
105.580032349,-3.85906410217,2019-10-26 13:00:00,LAPAN,Aqua,Verified Fire,SUMSEL,7855,2019,2019:7855,2019,7853,,,,,,,,False
105.515,-3.79043,2019-10-26 13:00:00,LAPAN,SNPP,Verified Fire,SUMSEL,7858,2019,2019:7858,2019,7856,,,,,,,,False
105.570640564,-3.86040592194,2019-10-26 13:00:00,LAPAN,Aqua,Verified Fire,SUMSEL,7859,2019,2019:7859,2019,7857,,,,,,,,False
105.538,-3.79544,2019-10-26 13:00:00,LAPAN,SNPP,Verified Fire,SUMSEL,7862,2019,2019:7862,2019,7860,,,,,,,,False
105.475,-3.82126,2019-10-26 13:00:00,LAPAN,SNPP,Verified Fire,SUMSEL,7864,2019,2019:7864,2019,7862,,,,,,,,False
105.338,-3.70038,2019-10-26 13:00:00,LAPAN,SNPP,Verified Fire,SUMSEL,7865,2019,2019:7865,2019,7863,,,,,,,,False
105.75,-3.8107,2019-10-26 13:00:00,ASMC,NOAA20,Verified Fire,SUMSEL,7868,2019,2019:7868,2019,7866,,,,,,,,False
105.5317,-3.8471,2019-10-26 13:00:00,ASMC,NOAA20,Verified Fire,SUMSEL,7872,2019,2019:7872,2019,7870,,,,,,,,False
105.608,-3.77692,2019-10-26 13:00:00,LAPAN,SNPP,Verified Fire,SUMSEL,7884,2019,2019:7884,2019,7882,,,,,,,,False
105.5861,-3.3079,2019-10-26 13:00:00,ASMC,NOAA20,Verified Fire,SUMSEL,7891,2019,2019:7891,2019,7889,,,,,,,,False
105.5944,-3.8564,2019-10-26 13:00:00,ASMC,NOAA20,Verified Fire,SUMSEL,7893,2019,2019:7893,2019,7891,,,,,,,,False
105.615,-3.77588,2019-10-26 13:00:00,LAPAN,SNPP,Verified Fire,SUMSEL,7894,2019,2019:7894,2019,7892,,,,,,,,False
105.604804993,-3.92008948326,2019-10-26 13:00:00,LAPAN,Aqua,Verified Fire,SUMSEL,7897,2019,2019:7897,2019,7895,,,,,,,,False
105.56124115,-3.86174893379,2019-10-26 13:00:00,LAPAN,Aqua,Verified Fire,SUMSEL,7898,2019,2019:7898,2019,7896,,,,,,,,False
105.489,-3.81096,2019-10-26 13:00:00,LAPAN,SNPP,Verified Fire,SUMSEL,7899,2019,2019:7899,2019,7897,,,,,,,,False
105.5588,-3.3422,2019-10-26 13:00:00,ASMC,NOAA20,Verified Fire,SUMSEL,7901,2019,2019:7901,2019,7899,,,,,,,,False
105.641,-3.95451,2019-10-26 13:00:00,LAPAN,SNPP,Verified Fire,SUMSEL,7906,2019,2019:7906,2019,7904,,,,,,,,False
105.555549622,-2.82291722298,2019-10-26 13:00:00,LAPAN,Aqua,Verified No fire,SUMSEL,7915,2019,2019:7915,2019,7913,,,,,,,,False
105.585,-3.85444,2019-10-27 12:00:00,LAPAN,SNPP,Verified Fire,SUMSEL,7941,2019,2019:7941,2019,7939,,,,,,,,False
105.6092,-3.258,2019-10-27 13:00:00,ASMC,NOAA20,Verified Fire,SUMSEL,7945,2019,2019:7945,2019,7943,,,,,,,,False
105.5065,-3.4044,2019-10-27 13:00:00,ASMC,NOAA20,Verified Fire,SUMSEL,7963,2019,2019:7963,2019,7961,,,,,,,,False
105.6485,-3.469,2019-10-27 13:00:00,ASMC,NOAA20,Verified Fire,SUMSEL,7966,2019,2019:7966,2019,7964,,,,,,,,False
105.5657,-2.6211,2019-10-27 13:00:00,ASMC,NOAA20,Fire inside Sitrep,SUMSEL,7980,2019,2019:7980,2019,7978,,,,,,,,False
105.6567,-3.4677,2019-10-27 13:00:00,ASMC,NOAA20,Verified Fire,SUMSEL,7984,2019,2019:7984,2019,7982,,,,,,,,False
105.343,-3.0245,2019-10-27 13:00:00,ASMC,NOAA20,Verified No fire,SUMSEL,7993,2019,2019:7993,2019,7991,,,,,,,,False
105.401519775,-2.72643303871,2019-10-27 14:00:00,LAPAN,Aqua,Verified No fire,SUMSEL,7997,2019,2019:7997,2019,7995,,,,,,,,False
105.26454926,-3.0167625,2019-10-28 00:00:00,LAPAN,SNPP,Verified Fire,SUMSEL,8001,2019,2019:8001,2019,7999,,,,,,,,False
105.27357483,-3.01825213,2019-10-28 00:00:00,LAPAN,SNPP,Verified Fire,SUMSEL,8002,2019,2019:8002,2019,8000,,,,,,,,False
105.79174805,-3.89043212,2019-10-28 00:00:00,LAPAN,SNPP,Verified Fire,SUMSEL,8003,2019,2019:8003,2019,8001,,,,,,,,False
105.584228516,-3.32498073578,2019-10-28 00:00:00,LAPAN,Aqua,Verified Fire,SUMSEL,8006,2019,2019:8006,2019,8004,,,,,,,,False
105.55962372,-3.3262291,2019-10-28 00:00:00,LAPAN,SNPP,Verified Fire,SUMSEL,8007,2019,2019:8007,2019,8005,,,,,,,,False
105.55756378,-3.3379879,2019-10-28 00:00:00,LAPAN,SNPP,Verified Fire,SUMSEL,8010,2019,2019:8010,2019,8008,,,,,,,,False
105.55493927,-3.32021641731,2019-10-28 00:00:00,LAPAN,Aqua,Verified Fire,SUMSEL,8011,2019,2019:8011,2019,8009,,,,,,,,False
105.22285461,-3.05594087,2019-10-28 13:00:00,LAPAN,SNPP,Verified Fire,SUMSEL,8027,2019,2019:8027,2019,8025,,,,,,,,False
105.271,-3.0176,2019-10-28 13:00:00,ASMC,NOAA20,Verified Fire,SUMSEL,8028,2019,2019:8028,2019,8026,,,,,,,,False
105.80073547,-3.88650489,2019-10-28 13:00:00,LAPAN,SNPP,Verified Fire,SUMSEL,8030,2019,2019:8030,2019,8028,,,,,,,,False
105.8808136,-3.87450337,2019-10-28 13:00:00,LAPAN,SNPP,Verified Fire,SUMSEL,8032,2019,2019:8032,2019,8030,,,,,,,,False
105.70820618,-3.32314968,2019-10-28 13:00:00,LAPAN,SNPP,Verified Fire,SUMSEL,8034,2019,2019:8034,2019,8032,,,,,,,,False
105.77035522,-3.78253317,2019-10-28 13:00:00,LAPAN,SNPP,Verified Fire,SUMSEL,8035,2019,2019:8035,2019,8033,,,,,,,,False
105.7704,-3.7825,2019-10-28 13:00:00,ASMC,NOAA20,Verified Fire,SUMSEL,8037,2019,2019:8037,2019,8035,,,,,,,,False
105.76406097,-3.79043102,2019-10-28 13:00:00,LAPAN,SNPP,Verified Fire,SUMSEL,8038,2019,2019:8038,2019,8036,,,,,,,,False
105.52726746,-3.87131619,2019-10-28 13:00:00,LAPAN,SNPP,Verified Fire,SUMSEL,8039,2019,2019:8039,2019,8037,,,,,,,,False
105.49625397,-3.76423335,2019-10-28 13:00:00,LAPAN,SNPP,Verified Fire,SUMSEL,8040,2019,2019:8040,2019,8038,,,,,,,,False
105.4837,-3.731,2019-10-28 13:00:00,ASMC,NOAA20,Verified Fire,SUMSEL,8041,2019,2019:8041,2019,8039,,,,,,,,False
105.49118805,-3.72991467,2019-10-28 13:00:00,LAPAN,SNPP,Verified Fire,SUMSEL,8042,2019,2019:8042,2019,8040,,,,,,,,False
105.3145,-2.6505,2019-10-28 13:00:00,ASMC,NOAA20,Verified No fire,SUMSEL,8043,2019,2019:8043,2019,8041,,,,,,,,False
105.257,-3.0268,2019-10-28 13:00:00,ASMC,NOAA20,Verified Fire,SUMSEL,8044,2019,2019:8044,2019,8042,,,,,,,,False
105.27844238,-3.0165062,2019-10-28 13:00:00,LAPAN,SNPP,Verified Fire,SUMSEL,8045,2019,2019:8045,2019,8043,,,,,,,,False
105.31450653,-2.65054679,2019-10-28 13:00:00,LAPAN,SNPP,Verified No fire,SUMSEL,8046,2019,2019:8046,2019,8044,,,,,,,,False
105.27198792,-3.02451515,2019-10-28 13:00:00,LAPAN,SNPP,Verified No fire,SUMSEL,8047,2019,2019:8047,2019,8045,,,,,,,,False
105.7950058,-3.50190043,2019-10-28 13:00:00,LAPAN,SNPP,Verified Fire,SUMSEL,8048,2019,2019:8048,2019,8046,,,,,,,,False
105.81633759,-3.89111257,2019-10-28 13:00:00,LAPAN,SNPP,Verified Fire,SUMSEL,8049,2019,2019:8049,2019,8047,,,,,,,,False
105.89532471,-3.87232804,2019-10-28 13:00:00,LAPAN,SNPP,Verified Fire,SUMSEL,8050,2019,2019:8050,2019,8048,,,,,,,,False
105.79022217,-3.76565838,2019-10-28 13:00:00,LAPAN,SNPP,Verified Fire,SUMSEL,8051,2019,2019:8051,2019,8049,,,,,,,,False
105.56085968,-3.33811188,2019-10-28 13:00:00,LAPAN,SNPP,Verified Fire,SUMSEL,8053,2019,2019:8053,2019,8051,,,,,,,,False
105.5609,-3.3381,2019-10-28 13:00:00,ASMC,NOAA20,Verified Fire,SUMSEL,8055,2019,2019:8055,2019,8053,,,,,,,,False
105.7082,-3.3231,2019-10-28 13:00:00,ASMC,NOAA20,Verified Fire,SUMSEL,8056,2019,2019:8056,2019,8054,,,,,,,,False
105.7661,-3.804,2019-10-28 13:00:00,ASMC,NOAA20,Verified Fire,SUMSEL,8057,2019,2019:8057,2019,8055,,,,,,,,False
105.76608276,-3.80403376,2019-10-28 13:00:00,LAPAN,SNPP,Verified Fire,SUMSEL,8058,2019,2019:8058,2019,8056,,,,,,,,False
105.7651,-3.7972,2019-10-28 13:00:00,ASMC,NOAA20,Verified Fire,SUMSEL,8059,2019,2019:8059,2019,8057,,,,,,,,False
105.5941,-3.8615,2019-10-28 13:00:00,ASMC,NOAA20,Verified Fire,SUMSEL,8061,2019,2019:8061,2019,8059,,,,,,,,False
105.576850891,-3.85647916794,2019-10-28 13:00:00,LAPAN,Aqua,Verified Fire,SUMSEL,8062,2019,2019:8062,2019,8060,,,,,,,,False
105.421,-3.7194,2019-10-28 13:00:00,ASMC,NOAA20,Verified Fire,SUMSEL,8063,2019,2019:8063,2019,8061,,,,,,,,False
105.25704193,-3.02677393,2019-10-28 13:00:00,LAPAN,SNPP,Verified Fire,SUMSEL,8067,2019,2019:8067,2019,8065,,,,,,,,False
105.2645,-3.0256,2019-10-28 13:00:00,ASMC,NOAA20,Verified No fire,SUMSEL,8068,2019,2019:8068,2019,8066,,,,,,,,False
105.4912,-3.7299,2019-10-28 13:00:00,ASMC,NOAA20,Verified Fire,SUMSEL,8069,2019,2019:8069,2019,8067,,,,,,,,False
105.2229,-3.0559,2019-10-28 13:00:00,ASMC,NOAA20,Verified Fire,SUMSEL,8070,2019,2019:8070,2019,8068,,,,,,,,False
105.796607971,-3.60898661613,2019-10-28 13:00:00,LAPAN,Aqua,Verified Fire,SUMSEL,8071,2019,2019:8071,2019,8069,,,,,,,,False
105.79549408,-3.60339475,2019-10-28 13:00:00,LAPAN,SNPP,Verified Fire,SUMSEL,8072,2019,2019:8072,2019,8070,,,,,,,,False
105.7724,-3.7961,2019-10-28 13:00:00,ASMC,NOAA20,Verified Fire,SUMSEL,8077,2019,2019:8077,2019,8075,,,,,,,,False
105.42095947,-3.71936917,2019-10-28 13:00:00,LAPAN,SNPP,Verified Fire,SUMSEL,8078,2019,2019:8078,2019,8076,,,,,,,,False
105.272,-3.0245,2019-10-28 13:00:00,ASMC,NOAA20,Verified No fire,SUMSEL,8079,2019,2019:8079,2019,8077,,,,,,,,False
105.75978088,-3.8119359,2019-10-28 13:00:00,LAPAN,SNPP,Verified Fire,SUMSEL,8081,2019,2019:8081,2019,8079,,,,,,,,False
105.77236938,-3.79613209,2019-10-28 13:00:00,LAPAN,SNPP,Verified Fire,SUMSEL,8085,2019,2019:8085,2019,8083,,,,,,,,False
105.5124588,-3.71971512,2019-10-28 13:00:00,LAPAN,SNPP,Verified Fire,SUMSEL,8086,2019,2019:8086,2019,8084,,,,,,,,False
105.5273,-3.8713,2019-10-28 13:00:00,ASMC,NOAA20,Verified Fire,SUMSEL,8087,2019,2019:8087,2019,8085,,,,,,,,False
105.4963,-3.7642,2019-10-28 13:00:00,ASMC,NOAA20,Verified Fire,SUMSEL,8088,2019,2019:8088,2019,8086,,,,,,,,False
105.48085022,-3.73207998276,2019-10-28 13:00:00,LAPAN,Aqua,Verified Fire,SUMSEL,8089,2019,2019:8089,2019,8087,,,,,,,,False
105.80742645,-3.39144182,2019-10-28 13:00:00,LAPAN,SNPP,Verified Fire,SUMSEL,8090,2019,2019:8090,2019,8088,,,,,,,,False
105.8808,-3.8745,2019-10-28 13:00:00,ASMC,NOAA20,Verified Fire,SUMSEL,8091,2019,2019:8091,2019,8089,,,,,,,,False
105.59410095,-3.86146116,2019-10-28 13:00:00,LAPAN,SNPP,Verified Fire,SUMSEL,8092,2019,2019:8092,2019,8090,,,,,,,,False
105.5125,-3.7197,2019-10-28 13:00:00,ASMC,NOAA20,Verified Fire,SUMSEL,8093,2019,2019:8093,2019,8091,,,,,,,,False
105.6151,-3.0738,2019-10-29 12:00:00,ASMC,NOAA20,Verified Fire,SUMSEL,8122,2019,2019:8122,2019,8120,,,,,,,,False
105.26031494,-3.0262146,2019-10-29 12:00:00,LAPAN,Aqua,Verified Fire,SUMSEL,8126,2019,2019:8126,2019,8124,,,,,,,,False
105.26957703,-3.02488732,2019-10-29 12:00:00,LAPAN,Aqua,Verified No fire,SUMSEL,8127,2019,2019:8127,2019,8125,,,,,,,,False
105.3478775,-2.61957026,2019-10-29 12:00:00,LAPAN,Aqua,Verified No fire,SUMSEL,8128,2019,2019:8128,2019,8126,,,,,,,,False
105.6063,-3.0751,2019-10-29 12:00:00,ASMC,NOAA20,Verified Fire,SUMSEL,8130,2019,2019:8130,2019,8128,,,,,,,,False
105.2946,-2.9171,2019-10-29 12:00:00,ASMC,NOAA20,Verified Fire,SUMSEL,8131,2019,2019:8131,2019,8129,,,,,,,,False
105.29455566,-2.91713619,2019-10-29 12:00:00,LAPAN,Aqua,Verified Fire,SUMSEL,8132,2019,2019:8132,2019,8130,,,,,,,,False
105.62389374,-3.0725913,2019-10-29 12:00:00,LAPAN,Aqua,Fire inside Sitrep,SUMSEL,8133,2019,2019:8133,2019,8131,,,,,,,,False
105.6063385,-3.07509923,2019-10-29 12:00:00,LAPAN,Aqua,Verified Fire,SUMSEL,8134,2019,2019:8134,2019,8132,,,,,,,,False
105.27883148,-3.02356076,2019-10-29 12:00:00,LAPAN,Aqua,Verified No fire,SUMSEL,8135,2019,2019:8135,2019,8133,,,,,,,,False
105.26824951,-3.01577353,2019-10-29 12:00:00,LAPAN,Aqua,Verified Fire,SUMSEL,8136,2019,2019:8136,2019,8134,,,,,,,,False
105.27749634,-3.01445246,2019-10-29 12:00:00,LAPAN,Aqua,Verified Fire,SUMSEL,8137,2019,2019:8137,2019,8135,,,,,,,,False
105.3479,-2.6196,2019-10-29 12:00:00,ASMC,NOAA20,Verified No fire,SUMSEL,8139,2019,2019:8139,2019,8137,,,,,,,,False
105.6239,-3.0726,2019-10-29 12:00:00,ASMC,NOAA20,Fire inside Sitrep,SUMSEL,8140,2019,2019:8140,2019,8138,,,,,,,,False
105.56057739,-3.3428309,2019-10-29 12:00:00,LAPAN,Aqua,Verified Fire,SUMSEL,8141,2019,2019:8141,2019,8139,,,,,,,,False
105.339042664,-2.62100839615,2019-10-29 13:00:00,LAPAN,Aqua,Verified No fire,SUMSEL,8144,2019,2019:8144,2019,8142,,,,,,,,False
105.624839783,-3.92705106735,2019-10-29 13:00:00,LAPAN,Aqua,Verified Fire,SUMSEL,8145,2019,2019:8145,2019,8143,,,,,,,,False
105.351615906,-2.61846256256,2019-10-29 13:00:00,LAPAN,Aqua,Verified No fire,SUMSEL,8147,2019,2019:8147,2019,8145,,,,,,,,False
105.631706238,-2.76101899147,2019-10-29 13:00:00,LAPAN,Aqua,Verified No fire,SUMSEL,8151,2019,2019:8151,2019,8149,,,,,,,,False
105.760597229,-3.80063891411,2019-10-29 13:00:00,LAPAN,Aqua,Verified Fire,SUMSEL,8154,2019,2019:8154,2019,8152,,,,,,,,False
105.79496765,-3.88891554,2019-10-30 01:00:00,LAPAN,SNPP,Verified Fire,SUMSEL,8157,2019,2019:8157,2019,8155,,,,,,,,False
105.25681305,-3.02534223,2019-10-30 01:00:00,LAPAN,SNPP,Verified Fire,SUMSEL,8158,2019,2019:8158,2019,8156,,,,,,,,False
105.27173615,-3.0194993,2019-10-30 01:00:00,LAPAN,SNPP,Verified Fire,SUMSEL,8159,2019,2019:8159,2019,8157,,,,,,,,False
105.77082825,-3.78589654,2019-10-30 01:00:00,LAPAN,SNPP,Fire inside Sitrep,SUMSEL,8160,2019,2019:8160,2019,8158,,,,,,,,False
105.239425659,-3.08216071129,2019-10-30 10:00:00,LAPAN,Terra,Verified No fire,SUMSEL,8163,2019,2019:8163,2019,8161,,,,,,,,False
105.225952148,-3.08015847206,2019-10-30 10:00:00,LAPAN,Terra,Verified Fire,SUMSEL,8164,2019,2019:8164,2019,8162,,,,,,,,False
105.58209229,-2.69347,2019-10-30 12:00:00,LAPAN,SNPP,Verified No fire,SUMSEL,8168,2019,2019:8168,2019,8166,,,,,,,,False
105.78196716,-3.86688471,2019-10-30 12:00:00,LAPAN,SNPP,Verified Fire,SUMSEL,8169,2019,2019:8169,2019,8167,,,,,,,,False
105.782,-3.8669,2019-10-30 12:00:00,ASMC,NOAA20,Verified Fire,SUMSEL,8170,2019,2019:8170,2019,8168,,,,,,,,False
105.7808075,-3.76693726,2019-10-30 12:00:00,LAPAN,SNPP,Verified Fire,SUMSEL,8171,2019,2019:8171,2019,8169,,,,,,,,False
105.77109528,-3.787184,2019-10-30 12:00:00,LAPAN,SNPP,Verified Fire,SUMSEL,8172,2019,2019:8172,2019,8170,,,,,,,,False
105.77279663,-3.79946828,2019-10-30 12:00:00,LAPAN,SNPP,Verified Fire,SUMSEL,8174,2019,2019:8174,2019,8172,,,,,,,,False
105.390594482,-3.73352026939,2019-10-30 12:00:00,LAPAN,Aqua,Verified Fire,SUMSEL,8175,2019,2019:8175,2019,8173,,,,,,,,False
105.77983856,-3.30367208,2019-10-30 12:00:00,LAPAN,SNPP,Verified Fire,SUMSEL,8176,2019,2019:8176,2019,8174,,,,,,,,False
105.2600174,-3.02158713,2019-10-30 12:00:00,LAPAN,SNPP,Verified Fire,SUMSEL,8178,2019,2019:8178,2019,8176,,,,,,,,False
105.768661499,-3.76893687248,2019-10-30 12:00:00,LAPAN,Aqua,Verified Fire,SUMSEL,8179,2019,2019:8179,2019,8177,,,,,,,,False
105.245742798,-3.02401137352,2019-10-30 12:00:00,LAPAN,Aqua,Verified Fire,SUMSEL,8180,2019,2019:8180,2019,8178,,,,,,,,False
105.5914,-2.6921,2019-10-30 12:00:00,ASMC,NOAA20,Fire inside Sitrep,SUMSEL,8181,2019,2019:8181,2019,8179,,,,,,,,False
105.59140778,-2.69209886,2019-10-30 12:00:00,LAPAN,SNPP,Fire inside Sitrep,SUMSEL,8182,2019,2019:8182,2019,8180,,,,,,,,False
105.5821,-2.6935,2019-10-30 12:00:00,ASMC,NOAA20,Verified No fire,SUMSEL,8183,2019,2019:8183,2019,8181,,,,,,,,False
105.7829,-3.8732,2019-10-30 12:00:00,ASMC,NOAA20,Verified Fire,SUMSEL,8186,2019,2019:8186,2019,8184,,,,,,,,False
105.772521973,-3.79687952995,2019-10-30 12:00:00,LAPAN,Aqua,Verified Fire,SUMSEL,8188,2019,2019:8188,2019,8186,,,,,,,,False
105.270965576,-3.02064323425,2019-10-30 12:00:00,LAPAN,Aqua,Verified Fire,SUMSEL,8189,2019,2019:8189,2019,8187,,,,,,,,False
105.2627,-3.0171,2019-10-30 12:00:00,ASMC,NOAA20,Verified Fire,SUMSEL,8190,2019,2019:8190,2019,8188,,,,,,,,False
105.729,-3.78768,2019-10-30 13:00:00,LAPAN,SNPP,Verified Fire,SUMSEL,8195,2019,2019:8195,2019,8193,,,,,,,,False
105.770759583,-3.80482244492,2019-10-30 22:00:00,LAPAN,Terra,Verified Fire,SUMSEL,8229,2019,2019:8229,2019,8227,,,,,,,,False
106.00139618,-3.2422955,2019-10-31 01:00:00,LAPAN,SNPP,Fire inside Sitrep,SUMSEL,8239,2019,2019:8239,2019,8237,,,,,,,,False
105.79431915,-3.88882422,2019-10-31 01:00:00,LAPAN,SNPP,Verified Fire,SUMSEL,8242,2019,2019:8242,2019,8240,,,,,,,,False
105.22794342,-3.07318783,2019-10-31 01:00:00,LAPAN,SNPP,Verified No fire,SUMSEL,8245,2019,2019:8245,2019,8243,,,,,,,,False
105.77495575,-3.78397393,2019-10-31 01:00:00,LAPAN,SNPP,Verified Fire,SUMSEL,8249,2019,2019:8249,2019,8247,,,,,,,,False
105.26509094,-3.01768613,2019-10-31 01:00:00,LAPAN,SNPP,Verified Fire,SUMSEL,8253,2019,2019:8253,2019,8251,,,,,,,,False
105.80929565,-3.88434052,2019-10-31 01:00:00,LAPAN,SNPP,Verified Fire,SUMSEL,8256,2019,2019:8256,2019,8254,,,,,,,,False
105.25718689,-3.02321291,2019-10-31 01:00:00,LAPAN,SNPP,Verified Fire,SUMSEL,8260,2019,2019:8260,2019,8258,,,,,,,,False
105.556632996,-3.88506865501,2019-10-31 10:00:00,LAPAN,Terra,Verified Fire,SUMSEL,8266,2019,2019:8266,2019,8264,,,,,,,,False
105.7723,-3.785,2019-10-31 13:00:00,ASMC,NOAA20,Verified Fire,SUMSEL,8272,2019,2019:8272,2019,8270,,,,,,,,False
105.7759,-3.7621,2019-10-31 13:00:00,ASMC,NOAA20,Verified Fire,SUMSEL,8273,2019,2019:8273,2019,8271,,,,,,,,False
105.5518,-3.8134,2019-10-31 13:00:00,ASMC,NOAA20,Verified Fire,SUMSEL,8274,2019,2019:8274,2019,8272,,,,,,,,False
105.5451,-3.8145,2019-10-31 13:00:00,ASMC,NOAA20,Verified Fire,SUMSEL,8275,2019,2019:8275,2019,8273,,,,,,,,False
105.7686,-3.6374,2019-10-31 13:00:00,ASMC,NOAA20,Verified Fire,SUMSEL,8276,2019,2019:8276,2019,8274,,,,,,,,False
105.7754,-3.5512,2019-10-31 13:00:00,ASMC,NOAA20,Verified Fire,SUMSEL,8277,2019,2019:8277,2019,8275,,,,,,,,False
105.7957,-3.3282,2019-10-31 13:00:00,ASMC,NOAA20,Verified Fire,SUMSEL,8278,2019,2019:8278,2019,8276,,,,,,,,False
105.5399,-3.3413,2019-10-31 13:00:00,ASMC,NOAA20,Verified Fire,SUMSEL,8279,2019,2019:8279,2019,8277,,,,,,,,False
105.795082092,-3.3767054081,2019-10-31 13:00:00,LAPAN,Aqua,Verified Fire,SUMSEL,8280,2019,2019:8280,2019,8278,,,,,,,,False
105.8036,-3.8873,2019-10-31 13:00:00,ASMC,NOAA20,Verified Fire,SUMSEL,8286,2019,2019:8286,2019,8284,,,,,,,,False
105.7828,-3.7609,2019-10-31 13:00:00,ASMC,NOAA20,Verified Fire,SUMSEL,8287,2019,2019:8287,2019,8285,,,,,,,,False
105.7753,-3.7661,2019-10-31 13:00:00,ASMC,NOAA20,Verified Fire,SUMSEL,8288,2019,2019:8288,2019,8286,,,,,,,,False
105.583,-3.8719,2019-10-31 13:00:00,ASMC,NOAA20,Verified Fire,SUMSEL,8289,2019,2019:8289,2019,8287,,,,,,,,False
105.5728,-3.8077,2019-10-31 13:00:00,ASMC,NOAA20,Verified Fire,SUMSEL,8290,2019,2019:8290,2019,8288,,,,,,,,False
105.5527,-3.8111,2019-10-31 13:00:00,ASMC,NOAA20,Verified Fire,SUMSEL,8291,2019,2019:8291,2019,8289,,,,,,,,False
105.5364,-3.7172,2019-10-31 13:00:00,ASMC,NOAA20,Verified Fire,SUMSEL,8292,2019,2019:8292,2019,8290,,,,,,,,False
105.7771,-3.5621,2019-10-31 13:00:00,ASMC,NOAA20,Verified Fire,SUMSEL,8293,2019,2019:8293,2019,8291,,,,,,,,False
105.7705,-3.5589,2019-10-31 13:00:00,ASMC,NOAA20,Verified Fire,SUMSEL,8294,2019,2019:8294,2019,8292,,,,,,,,False
105.2726,-3.0188,2019-10-31 13:00:00,ASMC,NOAA20,Verified Fire,SUMSEL,8295,2019,2019:8295,2019,8293,,,,,,,,False
105.266,-3.0199,2019-10-31 13:00:00,ASMC,NOAA20,Verified Fire,SUMSEL,8296,2019,2019:8296,2019,8294,,,,,,,,False
105.225952148,-3.081594944,2019-10-31 13:00:00,LAPAN,Aqua,Verified No fire,SUMSEL,8297,2019,2019:8297,2019,8295,,,,,,,,False
105.3007,-2.9813,2019-10-31 13:00:00,ASMC,NOAA20,Verified Fire,SUMSEL,8299,2019,2019:8299,2019,8297,,,,,,,,False
105.3056,-3.0133,2019-10-31 13:00:00,ASMC,NOAA20,Verified No fire,SUMSEL,8300,2019,2019:8300,2019,8298,,,,,,,,False
105.6183,-3.0506,2019-10-31 13:00:00,ASMC,NOAA20,Verified No fire,SUMSEL,8301,2019,2019:8301,2019,8299,,,,,,,,False
105.7756,-3.6362,2019-10-31 13:00:00,ASMC,NOAA20,Verified Fire,SUMSEL,8304,2019,2019:8304,2019,8302,,,,,,,,False
105.8105,-3.8861,2019-10-31 13:00:00,ASMC,NOAA20,Verified Fire,SUMSEL,8306,2019,2019:8306,2019,8304,,,,,,,,False
105.774,-3.7958,2019-10-31 13:00:00,ASMC,NOAA20,Verified Fire,SUMSEL,8307,2019,2019:8307,2019,8305,,,,,,,,False
105.7776,-3.5577,2019-10-31 13:00:00,ASMC,NOAA20,Verified Fire,SUMSEL,8310,2019,2019:8310,2019,8308,,,,,,,,False
105.879,-3.823,2019-10-31 13:00:00,ASMC,NOAA20,Verified Fire,SUMSEL,8311,2019,2019:8311,2019,8309,,,,,,,,False
105.5431,-3.7161,2019-10-31 13:00:00,ASMC,NOAA20,Verified Fire,SUMSEL,8312,2019,2019:8312,2019,8310,,,,,,,,False
105.5774,-3.313,2019-10-31 13:00:00,ASMC,NOAA20,Verified Fire,SUMSEL,8313,2019,2019:8313,2019,8311,,,,,,,,False
105.263755798,-3.02492880821,2019-10-31 13:00:00,LAPAN,Aqua,Verified Fire,SUMSEL,8314,2019,2019:8314,2019,8312,,,,,,,,False
105.5719,-3.8102,2019-10-31 13:00:00,ASMC,NOAA20,Verified Fire,SUMSEL,8315,2019,2019:8315,2019,8313,,,,,,,,False
105.7952,-3.3332,2019-10-31 13:00:00,ASMC,NOAA20,Verified Fire,SUMSEL,8316,2019,2019:8316,2019,8314,,,,,,,,False
105.3239,-2.9993,2019-10-31 13:00:00,ASMC,NOAA20,Verified Fire,SUMSEL,8318,2019,2019:8318,2019,8316,,,,,,,,False
105.7955,-3.3732,2019-10-31 13:00:00,ASMC,NOAA20,Verified Fire,SUMSEL,8321,2019,2019:8321,2019,8319,,,,,,,,False
105.7684,-3.5523,2019-10-31 13:00:00,ASMC,NOAA20,Verified Fire,SUMSEL,8322,2019,2019:8322,2019,8320,,,,,,,,False
105.7619,-3.809,2019-10-31 13:00:00,ASMC,NOAA20,Verified Fire,SUMSEL,8323,2019,2019:8323,2019,8321,,,,,,,,False
105.6063,-3.802,2019-10-31 13:00:00,ASMC,NOAA20,Verified Fire,SUMSEL,8324,2019,2019:8324,2019,8322,,,,,,,,False
105.7823,-3.765,2019-10-31 13:00:00,ASMC,NOAA20,Verified Fire,SUMSEL,8325,2019,2019:8325,2019,8323,,,,,,,,False
105.7842,-3.5609,2019-10-31 13:00:00,ASMC,NOAA20,Verified Fire,SUMSEL,8326,2019,2019:8326,2019,8324,,,,,,,,False
105.778579712,-3.79773116112,2019-10-31 13:00:00,LAPAN,Aqua,Verified Fire,SUMSEL,8327,2019,2019:8327,2019,8325,,,,,,,,False
105.7113,-3.6356,2019-10-31 13:00:00,ASMC,NOAA20,Verified Fire,SUMSEL,8329,2019,2019:8329,2019,8327,,,,,,,,False
105.551979065,-3.88308572769,2019-10-31 13:00:00,LAPAN,Aqua,Verified Fire,SUMSEL,8330,2019,2019:8330,2019,8328,,,,,,,,False
105.5392,-3.3717,2019-10-31 13:00:00,ASMC,NOAA20,Verified Fire,SUMSEL,8332,2019,2019:8332,2019,8330,,,,,,,,False
105.5461,-3.8123,2019-10-31 13:00:00,ASMC,NOAA20,Verified Fire,SUMSEL,8333,2019,2019:8333,2019,8331,,,,,,,,False
105.299,-3.0144,2019-10-31 13:00:00,ASMC,NOAA20,Verified No fire,SUMSEL,8336,2019,2019:8336,2019,8334,,,,,,,,False
105.7274,-3.8591,2019-10-31 13:00:00,ASMC,NOAA20,Verified Fire,SUMSEL,8337,2019,2019:8337,2019,8335,,,,,,,,False
105.77561188,-3.63621211,2019-10-31 14:00:00,LAPAN,Aqua,Verified Fire,SUMSEL,8338,2019,2019:8338,2019,8336,,,,,,,,False
105.77755737,-3.55767035,2019-10-31 14:00:00,LAPAN,Aqua,Verified Fire,SUMSEL,8339,2019,2019:8339,2019,8337,,,,,,,,False
105.53924561,-3.37171316,2019-10-31 14:00:00,LAPAN,Aqua,Verified Fire,SUMSEL,8340,2019,2019:8340,2019,8338,,,,,,,,False
105.72742462,-3.85914779,2019-10-31 14:00:00,LAPAN,Aqua,Verified Fire,SUMSEL,8341,2019,2019:8341,2019,8339,,,,,,,,False
105.87902069,-3.82295251,2019-10-31 14:00:00,LAPAN,Aqua,Verified Fire,SUMSEL,8342,2019,2019:8342,2019,8340,,,,,,,,False
105.76186371,-3.80898428,2019-10-31 14:00:00,LAPAN,Aqua,Verified Fire,SUMSEL,8343,2019,2019:8343,2019,8341,,,,,,,,False
105.77399445,-3.79580927,2019-10-31 14:00:00,LAPAN,Aqua,Verified Fire,SUMSEL,8344,2019,2019:8344,2019,8342,,,,,,,,False
105.58304596,-3.87193084,2019-10-31 14:00:00,LAPAN,Aqua,Verified Fire,SUMSEL,8345,2019,2019:8345,2019,8343,,,,,,,,False
105.552742,-3.81114483,2019-10-31 14:00:00,LAPAN,Aqua,Verified Fire,SUMSEL,8346,2019,2019:8346,2019,8344,,,,,,,,False
105.71133423,-3.63564873,2019-10-31 14:00:00,LAPAN,Aqua,Verified Fire,SUMSEL,8347,2019,2019:8347,2019,8345,,,,,,,,False
105.79568481,-3.32819271,2019-10-31 14:00:00,LAPAN,Aqua,Verified Fire,SUMSEL,8348,2019,2019:8348,2019,8346,,,,,,,,False
105.78276825,-3.76087976,2019-10-31 14:00:00,LAPAN,Aqua,Verified Fire,SUMSEL,8349,2019,2019:8349,2019,8347,,,,,,,,False
105.60626984,-3.80204797,2019-10-31 14:00:00,LAPAN,Aqua,Verified Fire,SUMSEL,8350,2019,2019:8350,2019,8348,,,,,,,,False
105.30067444,-2.98133278,2019-10-31 14:00:00,LAPAN,Aqua,Verified Fire,SUMSEL,8351,2019,2019:8351,2019,8349,,,,,,,,False
105.30562592,-3.01329017,2019-10-31 14:00:00,LAPAN,Aqua,Verified No fire,SUMSEL,8352,2019,2019:8352,2019,8350,,,,,,,,False
105.32389069,-2.99932122,2019-10-31 14:00:00,LAPAN,Aqua,Verified Fire,SUMSEL,8353,2019,2019:8353,2019,8351,,,,,,,,False
105.27256012,-3.01877904,2019-10-31 14:00:00,LAPAN,Aqua,Verified Fire,SUMSEL,8354,2019,2019:8354,2019,8352,,,,,,,,False
105.53990173,-3.34133863,2019-10-31 14:00:00,LAPAN,Aqua,Verified Fire,SUMSEL,8355,2019,2019:8355,2019,8353,,,,,,,,False
105.57743073,-3.31304431,2019-10-31 14:00:00,LAPAN,Aqua,Verified Fire,SUMSEL,8356,2019,2019:8356,2019,8354,,,,,,,,False
105.81052399,-3.88614368,2019-10-31 14:00:00,LAPAN,Aqua,Verified Fire,SUMSEL,8357,2019,2019:8357,2019,8355,,,,,,,,False
105.57283783,-3.80773234,2019-10-31 14:00:00,LAPAN,Aqua,Verified Fire,SUMSEL,8358,2019,2019:8358,2019,8356,,,,,,,,False
105.79546356,-3.37316203,2019-10-31 14:00:00,LAPAN,Aqua,Verified Fire,SUMSEL,8359,2019,2019:8359,2019,8357,,,,,,,,False
105.61827087,-3.05060911,2019-10-31 14:00:00,LAPAN,Aqua,Fire inside Sitrep,SUMSEL,8360,2019,2019:8360,2019,8358,,,,,,,,False
105.5431366,-3.7161088,2019-10-31 14:00:00,LAPAN,Aqua,Verified Fire,SUMSEL,8361,2019,2019:8361,2019,8359,,,,,,,,False
105.77533722,-3.766078,2019-10-31 14:00:00,LAPAN,Aqua,Verified Fire,SUMSEL,8362,2019,2019:8362,2019,8360,,,,,,,,False
105.77226257,-3.7849617,2019-10-31 14:00:00,LAPAN,Aqua,Verified Fire,SUMSEL,8363,2019,2019:8363,2019,8361,,,,,,,,False
105.76837158,-3.55232573,2019-10-31 14:00:00,LAPAN,Aqua,Verified Fire,SUMSEL,8364,2019,2019:8364,2019,8362,,,,,,,,False
105.99932098,-3.23721075,2019-11-01 01:00:00,LAPAN,Terra,Fire inside Sitrep,SUMSEL,8365,2019,2019:8365,2019,8363,,,,,,,,False
105.62052917,-3.78077769,2019-11-01 01:00:00,LAPAN,Terra,Verified Fire,SUMSEL,8366,2019,2019:8366,2019,8364,,,,,,,,False
105.81351471,-3.88941193,2019-11-01 01:00:00,LAPAN,Terra,Verified Fire,SUMSEL,8367,2019,2019:8367,2019,8365,,,,,,,,False
105.25829315,-3.02328777,2019-11-01 01:00:00,LAPAN,Terra,Verified Fire,SUMSEL,8368,2019,2019:8368,2019,8366,,,,,,,,False
105.80441284,-3.88793182,2019-11-01 01:00:00,LAPAN,Terra,Verified Fire,SUMSEL,8369,2019,2019:8369,2019,8367,,,,,,,,False
105.28868103,-3.00853372,2019-11-01 01:00:00,LAPAN,Terra,Verified Fire,SUMSEL,8370,2019,2019:8370,2019,8368,,,,,,,,False
105.77257538,-3.78194833,2019-11-01 01:00:00,LAPAN,Terra,Verified Fire,SUMSEL,8371,2019,2019:8371,2019,8369,,,,,,,,False
105.29998779,-3.00224686,2019-11-01 01:00:00,LAPAN,Terra,Verified Fire,SUMSEL,8372,2019,2019:8372,2019,8370,,,,,,,,False
105.22921753,-3.07521701,2019-11-01 01:00:00,LAPAN,Terra,Verified No fire,SUMSEL,8373,2019,2019:8373,2019,8371,,,,,,,,False
105.99027252,-3.23572588,2019-11-01 01:00:00,LAPAN,Terra,Fire inside Sitrep,SUMSEL,8374,2019,2019:8374,2019,8372,,,,,,,,False
105.30999756,-3.00382686,2019-11-01 01:00:00,LAPAN,Terra,Verified Fire,SUMSEL,8375,2019,2019:8375,2019,8373,,,,,,,,False
105.9969101,-3.25222397,2019-11-01 01:00:00,LAPAN,Terra,Fire inside Sitrep,SUMSEL,8376,2019,2019:8376,2019,8374,,,,,,,,False
105.760917664,-3.78356337547,2019-11-01 09:00:00,LAPAN,Terra,Verified Fire,SUMSEL,8384,2019,2019:8384,2019,8382,,,,,,,,False
105.488899231,-3.72730302811,2019-11-01 09:00:00,LAPAN,Terra,Verified Fire,SUMSEL,8388,2019,2019:8388,2019,8386,,,,,,,,False
105.39653778,-3.2534008,2019-11-01 13:00:00,LAPAN,Aqua,Verified Fire,SUMSEL,8389,2019,2019:8389,2019,8387,,,,,,,,False
105.25758362,-3.02703476,2019-11-01 13:00:00,LAPAN,Aqua,Verified Fire,SUMSEL,8392,2019,2019:8392,2019,8390,,,,,,,,False
105.34849548,-3.687047,2019-11-01 13:00:00,LAPAN,Aqua,Verified Fire,SUMSEL,8395,2019,2019:8395,2019,8393,,,,,,,,False
105.97625732,-3.24321938,2019-11-01 13:00:00,LAPAN,Aqua,Fire inside Sitrep,SUMSEL,8396,2019,2019:8396,2019,8394,,,,,,,,False
101.93479156,-1.058213,2019-11-01 13:00:00,LAPAN,Aqua,Verified No fire,JAMBI SMF,8397,2019,2019:8397,2019,8395,,,,,,,,False
105.5727,-2.6914,2019-11-01 13:00:00,ASMC,NOAA20,Verified No fire,SUMSEL,8398,2019,2019:8398,2019,8396,,,,,,,,False
105.5727005,-2.69140935,2019-11-01 13:00:00,LAPAN,Aqua,Verified No fire,SUMSEL,8400,2019,2019:8400,2019,8398,,,,,,,,False
105.98532104,-3.25142622,2019-11-01 13:00:00,LAPAN,Aqua,Fire inside Sitrep,SUMSEL,8401,2019,2019:8401,2019,8399,,,,,,,,False
105.99352264,-3.2583425,2019-11-01 13:00:00,LAPAN,Aqua,Fire inside Sitrep,SUMSEL,8402,2019,2019:8402,2019,8400,,,,,,,,False
105.42697144,-3.7534008,2019-11-01 13:00:00,LAPAN,Aqua,Verified Fire,SUMSEL,8407,2019,2019:8407,2019,8405,,,,,,,,False
105.77895355,-3.78635383,2019-11-02 00:00:00,LAPAN,Aqua,Verified Fire,SUMSEL,8434,2019,2019:8434,2019,8432,,,,,,,,False
105.75675201,-3.28764749,2019-11-02 00:00:00,LAPAN,Aqua,Verified Fire,SUMSEL,8435,2019,2019:8435,2019,8433,,,,,,,,False
105.86917877,-3.82406187,2019-11-02 00:00:00,LAPAN,Aqua,Verified Fire,SUMSEL,8436,2019,2019:8436,2019,8434,,,,,,,,False
105.78076172,-3.77598119,2019-11-02 00:00:00,LAPAN,Aqua,Verified Fire,SUMSEL,8437,2019,2019:8437,2019,8435,,,,,,,,False
105.67342377,-3.80155873,2019-11-02 00:00:00,LAPAN,Aqua,Verified Fire,SUMSEL,8438,2019,2019:8438,2019,8436,,,,,,,,False
105.634109497,-3.84649896622,2019-11-02 10:00:00,LAPAN,Terra,Verified Fire,SUMSEL,8481,2019,2019:8481,2019,8479,,,,,,,,False
105.41946411,-3.27285075,2019-11-02 13:00:00,LAPAN,SNPP,Fire inside Sitrep,SUMSEL,8493,2019,2019:8493,2019,8491,,,,,,,,False
105.28659058,-3.01471329,2019-11-02 13:00:00,LAPAN,SNPP,Verified Fire,SUMSEL,8494,2019,2019:8494,2019,8492,,,,,,,,False
105.88030243,-3.82746887,2019-11-02 13:00:00,LAPAN,SNPP,Verified Fire,SUMSEL,8497,2019,2019:8497,2019,8495,,,,,,,,False
105.4195,-3.2729,2019-11-02 13:00:00,ASMC,NOAA20,Fire inside Sitrep,SUMSEL,8499,2019,2019:8499,2019,8497,,,,,,,,False
105.22669983,-3.07806969,2019-11-02 13:00:00,LAPAN,SNPP,Verified Fire,SUMSEL,8500,2019,2019:8500,2019,8498,,,,,,,,False
105.2866,-3.0147,2019-11-02 13:00:00,ASMC,NOAA20,Verified Fire,SUMSEL,8501,2019,2019:8501,2019,8499,,,,,,,,False
105.41972351,-3.18459582,2019-11-02 13:00:00,LAPAN,SNPP,Fire inside Sitrep,SUMSEL,8504,2019,2019:8504,2019,8502,,,,,,,,False
105.87440491,-3.83512783,2019-11-02 13:00:00,LAPAN,SNPP,Verified Fire,SUMSEL,8506,2019,2019:8506,2019,8504,,,,,,,,False
105.4197,-3.1846,2019-11-02 13:00:00,ASMC,NOAA20,Fire inside Sitrep,SUMSEL,8509,2019,2019:8509,2019,8507,,,,,,,,False
105.2267,-3.0781,2019-11-02 13:00:00,ASMC,NOAA20,Verified Fire,SUMSEL,8510,2019,2019:8510,2019,8508,,,,,,,,False
105.516,-3.34681,2019-11-03 13:00:00,LAPAN,SNPP,Verified Fire,SUMSEL,8538,2019,2019:8538,2019,8536,,,,,,,,False
105.613746643,-3.76692438126,2019-11-03 21:00:00,LAPAN,Terra,Verified Fire,SUMSEL,8539,2019,2019:8539,2019,8537,,,,,,,,False
105.281929016,-3.01521921158,2019-11-03 21:00:00,LAPAN,Terra,Verified Fire,SUMSEL,8540,2019,2019:8540,2019,8538,,,,,,,,False
105.78052521,-3.78247046,2019-11-04 01:00:00,LAPAN,Aqua,Verified Fire,SUMSEL,8548,2019,2019:8548,2019,8546,,,,,,,,False
105.87432098,-3.82488585,2019-11-04 01:00:00,LAPAN,Aqua,Verified Fire,SUMSEL,8551,2019,2019:8551,2019,8549,,,,,,,,False
105.87289429,-3.83425045,2019-11-04 01:00:00,LAPAN,Aqua,Verified Fire,SUMSEL,8553,2019,2019:8553,2019,8551,,,,,,,,False
104.198822021,-1.83508217335,2019-11-04 10:00:00,LAPAN,Terra,Verified No fire,SUMSEL MUBA,8557,2019,2019:8557,2019,8555,,,,,,,,False
105.601509094,-3.91222238541,2019-11-04 10:00:00,LAPAN,Terra,Verified Fire,SUMSEL,8561,2019,2019:8561,2019,8559,,,,,,,,False
105.90509796,-3.83822298,2019-11-04 12:00:00,LAPAN,SNPP,Verified Fire,SUMSEL,8569,2019,2019:8569,2019,8567,,,,,,,,False
105.92397308,-3.86907196,2019-11-04 12:00:00,LAPAN,SNPP,Verified Fire,SUMSEL,8570,2019,2019:8570,2019,8568,,,,,,,,False
105.8678,-3.8324,2019-11-04 12:00:00,ASMC,NOAA20,Verified Fire,SUMSEL,8572,2019,2019:8572,2019,8570,,,,,,,,False
105.87499237,-3.83137465,2019-11-04 12:00:00,LAPAN,SNPP,Verified Fire,SUMSEL,8573,2019,2019:8573,2019,8571,,,,,,,,False
105.7716217,-3.87413287,2019-11-04 12:00:00,LAPAN,SNPP,Verified Fire,SUMSEL,8574,2019,2019:8574,2019,8572,,,,,,,,False
105.66610718,-3.98000979,2019-11-04 12:00:00,LAPAN,SNPP,Verified Fire,SUMSEL,8578,2019,2019:8578,2019,8576,,,,,,,,False
105.83802032,-3.88178515,2019-11-04 12:00:00,LAPAN,SNPP,Verified Fire,SUMSEL,8580,2019,2019:8580,2019,8578,,,,,,,,False
105.78420258,-3.86712718,2019-11-04 12:00:00,LAPAN,SNPP,Verified Fire,SUMSEL,8581,2019,2019:8581,2019,8579,,,,,,,,False
105.777603149,-3.8555791378,2019-11-04 13:00:00,LAPAN,Aqua,Verified Fire,SUMSEL,8584,2019,2019:8584,2019,8582,,,,,,,,False
105.843,-3.79734,2019-11-04 13:00:00,LAPAN,SNPP,Verified Fire,SUMSEL,8594,2019,2019:8594,2019,8592,,,,,,,,False
103.151,-0.930366,2019-11-04 13:00:00,LAPAN,SNPP,Verified No fire,JAMBI SMF,8603,2019,2019:8603,2019,8601,,,,,,,,False
105.61695099,-3.75271416,2019-11-05 01:00:00,LAPAN,SNPP,Verified Fire,SUMSEL,8614,2019,2019:8614,2019,8612,,,,,,,,False
105.6049881,-3.72963762,2019-11-05 01:00:00,LAPAN,SNPP,Verified Fire,SUMSEL,8615,2019,2019:8615,2019,8613,,,,,,,,False
105.79248047,-3.88884115,2019-11-05 01:00:00,LAPAN,SNPP,Verified Fire,SUMSEL,8618,2019,2019:8618,2019,8616,,,,,,,,False
105.786,-3.79231,2019-11-05 13:00:00,LAPAN,SNPP,Verified Fire,SUMSEL,8619,2019,2019:8619,2019,8617,,,,,,,,False
105.61,-3.87443,2019-11-05 13:00:00,LAPAN,SNPP,Verified Fire,SUMSEL,8620,2019,2019:8620,2019,8618,,,,,,,,False
105.625,-3.87222,2019-11-05 13:00:00,LAPAN,SNPP,Verified Fire,SUMSEL,8621,2019,2019:8621,2019,8619,,,,,,,,False
105.622,-3.75038,2019-11-05 13:00:00,LAPAN,SNPP,Verified Fire,SUMSEL,8622,2019,2019:8622,2019,8620,,,,,,,,False
105.782,-3.8627,2019-11-05 13:00:00,LAPAN,SNPP,Verified Fire,SUMSEL,8623,2019,2019:8623,2019,8621,,,,,,,,False
105.762,-3.83078,2019-11-05 13:00:00,LAPAN,SNPP,Verified Fire,SUMSEL,8624,2019,2019:8624,2019,8622,,,,,,,,False
105.787,-3.79913,2019-11-05 13:00:00,LAPAN,SNPP,Verified Fire,SUMSEL,8625,2019,2019:8625,2019,8623,,,,,,,,False
105.782,-3.76824,2019-11-05 13:00:00,LAPAN,SNPP,Verified Fire,SUMSEL,8626,2019,2019:8626,2019,8624,,,,,,,,False
105.785,-3.78549,2019-11-05 13:00:00,LAPAN,SNPP,Verified Fire,SUMSEL,8627,2019,2019:8627,2019,8625,,,,,,,,False
105.614,-3.75148,2019-11-05 13:00:00,LAPAN,SNPP,Verified Fire,SUMSEL,8628,2019,2019:8628,2019,8626,,,,,,,,False
105.624,-3.86535,2019-11-05 13:00:00,LAPAN,SNPP,Verified Fire,SUMSEL,8629,2019,2019:8629,2019,8627,,,,,,,,False
105.672,-3.83024,2019-11-05 13:00:00,LAPAN,SNPP,Verified Fire,SUMSEL,8630,2019,2019:8630,2019,8628,,,,,,,,False
105.76,-3.47169,2019-11-05 13:00:00,LAPAN,SNPP,Verified Fire,SUMSEL,8631,2019,2019:8631,2019,8629,,,,,,,,False
105.678,-3.8223,2019-11-05 13:00:00,LAPAN,SNPP,Verified Fire,SUMSEL,8632,2019,2019:8632,2019,8630,,,,,,,,False
105.783,-3.77505,2019-11-05 13:00:00,LAPAN,SNPP,Verified Fire,SUMSEL,8633,2019,2019:8633,2019,8631,,,,,,,,False
105.679,-3.82915,2019-11-05 13:00:00,LAPAN,SNPP,Verified Fire,SUMSEL,8634,2019,2019:8634,2019,8632,,,,,,,,False
105.791,-3.77395,2019-11-05 13:00:00,LAPAN,SNPP,Verified Fire,SUMSEL,8635,2019,2019:8635,2019,8633,,,,,,,,False
105.632,-3.87111,2019-11-05 13:00:00,LAPAN,SNPP,Verified Fire,SUMSEL,8636,2019,2019:8636,2019,8634,,,,,,,,False
103.845,-2.08754,2019-11-05 13:00:00,LAPAN,SNPP,Verified No fire,SUMSEL MUBA,8637,2019,2019:8637,2019,8635,,,,,,,,False
105.748153687,-3.49471235275,2019-11-05 14:00:00,LAPAN,Aqua,Verified Fire,SUMSEL,8638,2019,2019:8638,2019,8636,,,,,,,,False
105.7856369,-3.88714862,2019-11-06 01:00:00,LAPAN,SNPP,Verified Fire,SUMSEL,8639,2019,2019:8639,2019,8637,,,,,,,,False
105.86976624,-3.84889007,2019-11-06 01:00:00,LAPAN,SNPP,Verified Fire,SUMSEL,8640,2019,2019:8640,2019,8638,,,,,,,,False
105.78126526,-3.76338601,2019-11-06 01:00:00,LAPAN,SNPP,Verified Fire,SUMSEL,8641,2019,2019:8641,2019,8639,,,,,,,,False
105.78675842,-3.77855849,2019-11-06 01:00:00,LAPAN,SNPP,Verified Fire,SUMSEL,8642,2019,2019:8642,2019,8640,,,,,,,,False
105.77238464,-3.8191011,2019-11-06 01:00:00,LAPAN,SNPP,Verified Fire,SUMSEL,8643,2019,2019:8643,2019,8641,,,,,,,,False
105.74317169,-3.48842311,2019-11-06 01:00:00,LAPAN,SNPP,Verified Fire,SUMSEL,8644,2019,2019:8644,2019,8642,,,,,,,,False
105.78452301,-3.79248738,2019-11-06 01:00:00,LAPAN,SNPP,Verified Fire,SUMSEL,8645,2019,2019:8645,2019,8643,,,,,,,,False
105.87306213,-3.82808805,2019-11-06 01:00:00,LAPAN,SNPP,Verified Fire,SUMSEL,8646,2019,2019:8646,2019,8644,,,,,,,,False
105.85127258,-3.81747842,2019-11-06 01:00:00,LAPAN,SNPP,Verified Fire,SUMSEL,8647,2019,2019:8647,2019,8645,,,,,,,,False
105.84906769,-3.83135581,2019-11-06 01:00:00,LAPAN,SNPP,Verified Fire,SUMSEL,8648,2019,2019:8648,2019,8646,,,,,,,,False
105.55898285,-2.67368412,2019-11-06 13:00:00,LAPAN,SNPP,Verified No fire,SUMSEL,8675,2019,2019:8675,2019,8673,,,,,,,,False
105.6522522,-3.46957231,2019-11-06 13:00:00,LAPAN,SNPP,Verified Fire,SUMSEL,8676,2019,2019:8676,2019,8674,,,,,,,,False
105.68393707,-3.61838365,2019-11-06 13:00:00,LAPAN,SNPP,Verified Fire,SUMSEL,8677,2019,2019:8677,2019,8675,,,,,,,,False
105.51528168,-3.34755087,2019-11-06 13:00:00,LAPAN,SNPP,Verified Fire,SUMSEL,8678,2019,2019:8678,2019,8676,,,,,,,,False
105.79634857,-3.32973576,2019-11-06 13:00:00,LAPAN,SNPP,Verified Fire,SUMSEL,8682,2019,2019:8682,2019,8680,,,,,,,,False
105.80619049,-3.85980701,2019-11-06 13:00:00,LAPAN,SNPP,Verified Fire,SUMSEL,8683,2019,2019:8683,2019,8681,,,,,,,,False
105.79344177,-3.88869858,2019-11-06 13:00:00,LAPAN,SNPP,Verified Fire,SUMSEL,8684,2019,2019:8684,2019,8682,,,,,,,,False
105.75862885,-3.83165455,2019-11-06 13:00:00,LAPAN,SNPP,Verified Fire,SUMSEL,8687,2019,2019:8687,2019,8685,,,,,,,,False
105.61509705,-3.89027596,2019-11-06 13:00:00,LAPAN,SNPP,Verified Fire,SUMSEL,8694,2019,2019:8694,2019,8692,,,,,,,,False
105.56109619,-3.80830932,2019-11-06 13:00:00,LAPAN,SNPP,Verified Fire,SUMSEL,8695,2019,2019:8695,2019,8693,,,,,,,,False
105.61980438,-3.75474143,2019-11-06 13:00:00,LAPAN,SNPP,Verified Fire,SUMSEL,8698,2019,2019:8698,2019,8696,,,,,,,,False
105.7328186,-3.25879049,2019-11-06 13:00:00,LAPAN,SNPP,Verified Fire,SUMSEL,8702,2019,2019:8702,2019,8700,,,,,,,,False
105.4683,-2.6436,2019-11-06 13:00:00,ASMC,NOAA20,Verified No fire,SUMSEL,8704,2019,2019:8704,2019,8702,,,,,,,,False
105.6686,-3.6298,2019-11-06 13:00:00,ASMC,NOAA20,Verified Fire,SUMSEL,8707,2019,2019:8707,2019,8705,,,,,,,,False
105.59387207,-3.30828214,2019-11-06 13:00:00,LAPAN,SNPP,Verified Fire,SUMSEL,8711,2019,2019:8711,2019,8709,,,,,,,,False
105.78933716,-3.86249161,2019-11-06 13:00:00,LAPAN,SNPP,Verified Fire,SUMSEL,8716,2019,2019:8716,2019,8714,,,,,,,,False
105.8753891,-3.85776687,2019-11-06 13:00:00,LAPAN,SNPP,Verified Fire,SUMSEL,8719,2019,2019:8719,2019,8717,,,,,,,,False
105.85728455,-3.79764152,2019-11-06 13:00:00,LAPAN,SNPP,Verified Fire,SUMSEL,8721,2019,2019:8721,2019,8719,,,,,,,,False
105.84699249,-3.78112698,2019-11-06 13:00:00,LAPAN,SNPP,Verified Fire,SUMSEL,8723,2019,2019:8723,2019,8721,,,,,,,,False
105.56790161,-3.79840732,2019-11-06 13:00:00,LAPAN,SNPP,Verified Fire,SUMSEL,8728,2019,2019:8728,2019,8726,,,,,,,,False
105.61430359,-3.77333975,2019-11-06 13:00:00,LAPAN,SNPP,Verified Fire,SUMSEL,8730,2019,2019:8730,2019,8728,,,,,,,,False
105.49755859,-3.83000255,2019-11-06 13:00:00,LAPAN,SNPP,Verified Fire,SUMSEL,8731,2019,2019:8731,2019,8729,,,,,,,,False
105.4868927,-3.81124306,2019-11-06 13:00:00,LAPAN,SNPP,Verified Fire,SUMSEL,8732,2019,2019:8732,2019,8730,,,,,,,,False
105.50033569,-3.79153705,2019-11-06 13:00:00,LAPAN,SNPP,Verified Fire,SUMSEL,8733,2019,2019:8733,2019,8731,,,,,,,,False
105.98860168,-3.24435592,2019-11-06 13:00:00,LAPAN,SNPP,Fire inside Sitrep,SUMSEL,8734,2019,2019:8734,2019,8732,,,,,,,,False
105.74268341,-3.26618695,2019-11-06 13:00:00,LAPAN,SNPP,Verified Fire,SUMSEL,8735,2019,2019:8735,2019,8733,,,,,,,,False
105.76963806,-3.27082348,2019-11-06 13:00:00,LAPAN,SNPP,Verified Fire,SUMSEL,8736,2019,2019:8736,2019,8734,,,,,,,,False
105.73551941,-3.27636433,2019-11-06 13:00:00,LAPAN,SNPP,Verified Fire,SUMSEL,8737,2019,2019:8737,2019,8735,,,,,,,,False
105.7243,-3.2602,2019-11-06 13:00:00,ASMC,NOAA20,Verified Fire,SUMSEL,8738,2019,2019:8738,2019,8736,,,,,,,,False
105.59870911,-3.05527687,2019-11-06 13:00:00,LAPAN,SNPP,Verified Fire,SUMSEL,8740,2019,2019:8740,2019,8738,,,,,,,,False
105.23682404,-3.09350276,2019-11-06 13:00:00,LAPAN,SNPP,Verified Fire,SUMSEL,8743,2019,2019:8743,2019,8741,,,,,,,,False
105.70563507,-3.3081677,2019-11-06 13:00:00,LAPAN,SNPP,Verified Fire,SUMSEL,8751,2019,2019:8751,2019,8749,,,,,,,,False
105.69010162,-3.3196311,2019-11-06 13:00:00,LAPAN,SNPP,Verified Fire,SUMSEL,8752,2019,2019:8752,2019,8750,,,,,,,,False
105.66757965,-3.45822406,2019-11-06 13:00:00,LAPAN,SNPP,Verified Fire,SUMSEL,8753,2019,2019:8753,2019,8751,,,,,,,,False
105.7248,-3.26,2019-11-06 13:00:00,ASMC,NOAA20,Verified Fire,SUMSEL,8755,2019,2019:8755,2019,8753,,,,,,,,False
105.61239624,-3.87302089,2019-11-06 13:00:00,LAPAN,SNPP,Verified Fire,SUMSEL,8760,2019,2019:8760,2019,8758,,,,,,,,False
105.53671265,-3.81215692,2019-11-06 13:00:00,LAPAN,SNPP,Verified Fire,SUMSEL,8761,2019,2019:8761,2019,8759,,,,,,,,False
105.31164551,-2.99398398,2019-11-06 13:00:00,LAPAN,SNPP,Verified Fire,SUMSEL,8765,2019,2019:8765,2019,8763,,,,,,,,False
105.79225922,-3.82619977,2019-11-06 13:00:00,LAPAN,SNPP,Verified Fire,SUMSEL,8766,2019,2019:8766,2019,8764,,,,,,,,False
105.42448425,-3.19214225,2019-11-06 13:00:00,LAPAN,SNPP,Verified No fire,SUMSEL,8769,2019,2019:8769,2019,8767,,,,,,,,False
105.58422089,-3.30092955,2019-11-06 13:00:00,LAPAN,SNPP,Verified Fire,SUMSEL,8770,2019,2019:8770,2019,8768,,,,,,,,False
105.50799561,-3.41272163,2019-11-06 13:00:00,LAPAN,SNPP,Verified Fire,SUMSEL,8771,2019,2019:8771,2019,8769,,,,,,,,False
105.51512909,-3.40068412,2019-11-06 13:00:00,LAPAN,SNPP,Verified Fire,SUMSEL,8772,2019,2019:8772,2019,8770,,,,,,,,False
105.7324295,-3.53812885,2019-11-06 13:00:00,LAPAN,SNPP,Verified Fire,SUMSEL,8774,2019,2019:8774,2019,8772,,,,,,,,False
105.46829224,-2.64355969,2019-11-06 13:00:00,LAPAN,SNPP,Verified No fire,SUMSEL,8775,2019,2019:8775,2019,8773,,,,,,,,False
105.46,-2.6449,2019-11-06 13:00:00,ASMC,NOAA20,Verified No fire,SUMSEL,8776,2019,2019:8776,2019,8774,,,,,,,,False
105.68237305,-3.83510756,2019-11-06 13:00:00,LAPAN,SNPP,Verified Fire,SUMSEL,8777,2019,2019:8777,2019,8775,,,,,,,,False
105.8983078,-3.83607364,2019-11-06 13:00:00,LAPAN,SNPP,Verified Fire,SUMSEL,8778,2019,2019:8778,2019,8776,,,,,,,,False
105.75392151,-3.79572868,2019-11-06 13:00:00,LAPAN,SNPP,Verified Fire,SUMSEL,8780,2019,2019:8780,2019,8778,,,,,,,,False
105.83755493,-3.78287554,2019-11-06 13:00:00,LAPAN,SNPP,Verified Fire,SUMSEL,8781,2019,2019:8781,2019,8779,,,,,,,,False
105.84029388,-3.8004179,2019-11-06 13:00:00,LAPAN,SNPP,Verified Fire,SUMSEL,8788,2019,2019:8788,2019,8786,,,,,,,,False
105.84741974,-3.79025245,2019-11-06 13:00:00,LAPAN,SNPP,Verified Fire,SUMSEL,8789,2019,2019:8789,2019,8787,,,,,,,,False
105.66855621,-3.62979269,2019-11-06 13:00:00,LAPAN,SNPP,Verified Fire,SUMSEL,8797,2019,2019:8797,2019,8795,,,,,,,,False
105.77404785,-3.82019949,2019-11-06 13:00:00,LAPAN,SNPP,Verified Fire,SUMSEL,8800,2019,2019:8800,2019,8798,,,,,,,,False
105.532211304,-3.80939269066,2019-11-06 13:00:00,LAPAN,Aqua,Verified Fire,SUMSEL,8802,2019,2019:8802,2019,8800,,,,,,,,False
105.61971283,-3.74915099,2019-11-07 00:00:00,LAPAN,Aqua,Verified Fire,SUMSEL,8831,2019,2019:8831,2019,8829,,,,,,,,False
105.84680176,-3.77716804,2019-11-07 00:00:00,LAPAN,Aqua,Verified Fire,SUMSEL,8832,2019,2019:8832,2019,8830,,,,,,,,False
105.78570557,-3.78615189,2019-11-07 00:00:00,LAPAN,Aqua,Verified Fire,SUMSEL,8833,2019,2019:8833,2019,8831,,,,,,,,False
105.78096771,-3.81403828,2019-11-07 00:00:00,LAPAN,Aqua,Verified Fire,SUMSEL,8834,2019,2019:8834,2019,8832,,,,,,,,False
105.61647034,-3.76795912,2019-11-07 00:00:00,LAPAN,Aqua,Verified Fire,SUMSEL,8835,2019,2019:8835,2019,8833,,,,,,,,False
105.85018158,-3.81578088,2019-11-07 00:00:00,LAPAN,Aqua,Verified Fire,SUMSEL,8836,2019,2019:8836,2019,8834,,,,,,,,False
105.84706879,-3.83428669,2019-11-07 00:00:00,LAPAN,Aqua,Verified Fire,SUMSEL,8837,2019,2019:8837,2019,8835,,,,,,,,False
105.86637878,-3.85061431,2019-11-07 00:00:00,LAPAN,Aqua,Verified Fire,SUMSEL,8838,2019,2019:8838,2019,8836,,,,,,,,False
105.84068298,-3.82724953,2019-11-07 00:00:00,LAPAN,Aqua,Verified Fire,SUMSEL,8839,2019,2019:8839,2019,8837,,,,,,,,False
105.85978699,-3.817348,2019-11-07 00:00:00,LAPAN,Aqua,Verified Fire,SUMSEL,8840,2019,2019:8840,2019,8838,,,,,,,,False
105.603027344,-2.88731789589,2019-11-07 10:00:00,LAPAN,Terra,Verified No fire,SUMSEL,8888,2019,2019:8888,2019,8886,,,,,,,,False
105.607,-3.05398,2019-11-07 12:00:00,LAPAN,SNPP,Verified Fire,SUMSEL,8895,2019,2019:8895,2019,8893,,,,,,,,False
105.836,-3.77699,2019-11-07 12:00:00,LAPAN,SNPP,Verified Fire,SUMSEL,8897,2019,2019:8897,2019,8895,,,,,,,,False
105.631,-3.81907,2019-11-07 12:00:00,LAPAN,SNPP,Verified Fire,SUMSEL,8906,2019,2019:8906,2019,8904,,,,,,,,False
105.608,-3.87712,2019-11-07 12:00:00,LAPAN,SNPP,Verified Fire,SUMSEL,8908,2019,2019:8908,2019,8906,,,,,,,,False
105.582,-2.68429,2019-11-07 12:00:00,LAPAN,SNPP,Verified No fire,SUMSEL,8919,2019,2019:8919,2019,8917,,,,,,,,False
106.00395203,-3.2444725,2019-11-07 13:00:00,LAPAN,Aqua,Fire inside Sitrep,SUMSEL,8925,2019,2019:8925,2019,8923,,,,,,,,False
105.43721008,-3.30585575,2019-11-07 13:00:00,LAPAN,Aqua,Verified Fire,SUMSEL,8927,2019,2019:8927,2019,8925,,,,,,,,False
105.90592194,-3.86508155,2019-11-07 13:00:00,LAPAN,Aqua,Verified Fire,SUMSEL,8932,2019,2019:8932,2019,8930,,,,,,,,False
105.8677063,-3.85708117,2019-11-07 13:00:00,LAPAN,Aqua,Verified Fire,SUMSEL,8933,2019,2019:8933,2019,8931,,,,,,,,False
105.80081177,-3.85351682,2019-11-07 13:00:00,LAPAN,Aqua,Verified Fire,SUMSEL,8936,2019,2019:8936,2019,8934,,,,,,,,False
105.78437042,-3.84223366,2019-11-07 13:00:00,LAPAN,Aqua,Verified Fire,SUMSEL,8940,2019,2019:8940,2019,8938,,,,,,,,False
105.85754395,-3.79158282,2019-11-07 13:00:00,LAPAN,Aqua,Verified Fire,SUMSEL,8944,2019,2019:8944,2019,8942,,,,,,,,False
105.78028107,-3.81523609,2019-11-07 13:00:00,LAPAN,Aqua,Verified Fire,SUMSEL,8950,2019,2019:8950,2019,8948,,,,,,,,False
105.78643799,-3.80737877,2019-11-07 13:00:00,LAPAN,Aqua,Verified Fire,SUMSEL,8951,2019,2019:8951,2019,8949,,,,,,,,False
105.79160309,-3.79469347,2019-11-07 13:00:00,LAPAN,Aqua,Verified Fire,SUMSEL,8955,2019,2019:8955,2019,8953,,,,,,,,False
105.68102264,-3.83747911,2019-11-07 13:00:00,LAPAN,Aqua,Verified Fire,SUMSEL,8964,2019,2019:8964,2019,8962,,,,,,,,False
105.669616699,-3.84410738945,2019-11-07 13:00:00,LAPAN,Aqua,Verified Fire,SUMSEL,8965,2019,2019:8965,2019,8963,,,,,,,,False
105.62893677,-3.78505659,2019-11-07 13:00:00,LAPAN,Aqua,Verified Fire,SUMSEL,8966,2019,2019:8966,2019,8964,,,,,,,,False
105.57727814,-3.92216659,2019-11-07 13:00:00,LAPAN,Aqua,Verified Fire,SUMSEL,8972,2019,2019:8972,2019,8970,,,,,,,,False
105.61585999,-3.88878703,2019-11-07 13:00:00,LAPAN,Aqua,Verified Fire,SUMSEL,8973,2019,2019:8973,2019,8971,,,,,,,,False
105.68390656,-3.61983132,2019-11-07 13:00:00,LAPAN,Aqua,Verified Fire,SUMSEL,8977,2019,2019:8977,2019,8975,,,,,,,,False
105.67060089,-3.62878084,2019-11-07 13:00:00,LAPAN,Aqua,Verified Fire,SUMSEL,8979,2019,2019:8979,2019,8977,,,,,,,,False
105.49398041,-3.8056972,2019-11-07 13:00:00,LAPAN,Aqua,Verified Fire,SUMSEL,8985,2019,2019:8985,2019,8983,,,,,,,,False
105.46531677,-2.54857898,2019-11-07 13:00:00,LAPAN,Aqua,Verified No fire,SUMSEL,8986,2019,2019:8986,2019,8984,,,,,,,,False
105.73876953,-3.31319666,2019-11-07 13:00:00,LAPAN,Aqua,Verified Fire,SUMSEL,8988,2019,2019:8988,2019,8986,,,,,,,,False
105.30142212,-3.12883306,2019-11-07 13:00:00,LAPAN,Aqua,Verified Fire,SUMSEL,8989,2019,2019:8989,2019,8987,,,,,,,,False
105.26346588,-2.84316421,2019-11-07 13:00:00,LAPAN,Aqua,Verified Fire,SUMSEL,8992,2019,2019:8992,2019,8990,,,,,,,,False
105.26548004,-2.85656667,2019-11-07 13:00:00,LAPAN,Aqua,Verified Fire,SUMSEL,8993,2019,2019:8993,2019,8991,,,,,,,,False
105.8914,-3.8673,2019-11-07 13:00:00,ASMC,NOAA20,Verified Fire,SUMSEL,8996,2019,2019:8996,2019,8994,,,,,,,,False
105.78847504,-3.86923003,2019-11-07 13:00:00,LAPAN,Aqua,Verified Fire,SUMSEL,8999,2019,2019:8999,2019,8997,,,,,,,,False
105.809,-3.8592,2019-11-07 13:00:00,ASMC,NOAA20,Verified Fire,SUMSEL,9000,2019,2019:9000,2019,8998,,,,,,,,False
105.90904236,-3.83688092,2019-11-07 13:00:00,LAPAN,Aqua,Verified Fire,SUMSEL,9002,2019,2019:9002,2019,9000,,,,,,,,False
105.838813782,-3.83031868935,2019-11-07 13:00:00,LAPAN,Aqua,Verified Fire,SUMSEL,9004,2019,2019:9004,2019,9002,,,,,,,,False
105.8491745,-3.83225298,2019-11-07 13:00:00,LAPAN,Aqua,Verified Fire,SUMSEL,9007,2019,2019:9007,2019,9005,,,,,,,,False
105.787361145,-3.80273509026,2019-11-07 13:00:00,LAPAN,Aqua,Verified Fire,SUMSEL,9011,2019,2019:9011,2019,9009,,,,,,,,False
105.41977692,-3.19303989,2019-11-07 13:00:00,LAPAN,Aqua,Verified No fire,SUMSEL,9013,2019,2019:9013,2019,9011,,,,,,,,False
105.54312897,-3.32946658,2019-11-07 13:00:00,LAPAN,Aqua,Verified Fire,SUMSEL,9014,2019,2019:9014,2019,9012,,,,,,,,False
105.75109863,-3.34590769,2019-11-07 13:00:00,LAPAN,Aqua,Verified Fire,SUMSEL,9016,2019,2019:9016,2019,9014,,,,,,,,False
105.5431,-3.3295,2019-11-07 13:00:00,ASMC,NOAA20,Verified Fire,SUMSEL,9019,2019,2019:9019,2019,9017,,,,,,,,False
105.5329361,-3.40670514,2019-11-07 13:00:00,LAPAN,Aqua,Verified Fire,SUMSEL,9020,2019,2019:9020,2019,9018,,,,,,,,False
105.58215332,-3.76472044,2019-11-07 13:00:00,LAPAN,Aqua,Verified Fire,SUMSEL,9034,2019,2019:9034,2019,9032,,,,,,,,False
105.5822,-3.7647,2019-11-07 13:00:00,ASMC,NOAA20,Verified Fire,SUMSEL,9035,2019,2019:9035,2019,9033,,,,,,,,False
105.6706,-3.6288,2019-11-07 13:00:00,ASMC,NOAA20,Verified Fire,SUMSEL,9036,2019,2019:9036,2019,9034,,,,,,,,False
105.77429199,-3.49030638,2019-11-07 13:00:00,LAPAN,Aqua,Verified Fire,SUMSEL,9037,2019,2019:9037,2019,9035,,,,,,,,False
105.76798248,-3.64141035,2019-11-07 13:00:00,LAPAN,Aqua,Verified Fire,SUMSEL,9040,2019,2019:9040,2019,9038,,,,,,,,False
105.76294708,-3.5128181,2019-11-07 13:00:00,LAPAN,Aqua,Verified Fire,SUMSEL,9041,2019,2019:9041,2019,9039,,,,,,,,False
105.7324295,-3.46426225,2019-11-07 13:00:00,LAPAN,Aqua,Verified Fire,SUMSEL,9043,2019,2019:9043,2019,9041,,,,,,,,False
105.7629,-3.6076,2019-11-07 13:00:00,ASMC,NOAA20,Verified Fire,SUMSEL,9045,2019,2019:9045,2019,9043,,,,,,,,False
105.74171448,-3.4282701,2019-11-07 13:00:00,LAPAN,Aqua,Verified Fire,SUMSEL,9046,2019,2019:9046,2019,9044,,,,,,,,False
105.73722839,-3.53751206,2019-11-07 13:00:00,LAPAN,Aqua,Verified Fire,SUMSEL,9049,2019,2019:9049,2019,9047,,,,,,,,False
105.75507355,-3.46772337,2019-11-07 13:00:00,LAPAN,Aqua,Verified Fire,SUMSEL,9050,2019,2019:9050,2019,9048,,,,,,,,False
105.73006439,-3.4902432,2019-11-07 13:00:00,LAPAN,Aqua,Verified Fire,SUMSEL,9052,2019,2019:9052,2019,9050,,,,,,,,False
105.44280243,-2.54509544,2019-11-07 13:00:00,LAPAN,Aqua,Verified No fire,SUMSEL,9055,2019,2019:9055,2019,9053,,,,,,,,False
105.29335022,-3.12322712,2019-11-07 13:00:00,LAPAN,Aqua,Verified Fire,SUMSEL,9058,2019,2019:9058,2019,9056,,,,,,,,False
104.5169,-2.2308,2019-11-07 13:00:00,ASMC,NOAA20,Verified Fire,SUMSEL MUBA,9059,2019,2019:9059,2019,9057,,,,,,,,False
105.7378,-3.3064,2019-11-07 13:00:00,ASMC,NOAA20,Verified Fire,SUMSEL,9060,2019,2019:9060,2019,9058,,,,,,,,False
102.03320312,-1.08055007,2019-11-07 13:00:00,LAPAN,Aqua,Verified No fire,JAMBI SMF,9062,2019,2019:9062,2019,9060,,,,,,,,False
105.211906433,-3.06218981743,2019-11-07 13:00:00,LAPAN,Aqua,Verified Fire,SUMSEL,9064,2019,2019:9064,2019,9062,,,,,,,,False
105.24505615,-3.13750148,2019-11-07 13:00:00,LAPAN,Aqua,Verified Fire,SUMSEL,9067,2019,2019:9067,2019,9065,,,,,,,,False
105.28097534,-2.90791178,2019-11-07 13:00:00,LAPAN,Aqua,Verified Fire,SUMSEL,9069,2019,2019:9069,2019,9067,,,,,,,,False
105.28501129,-2.93471313,2019-11-07 13:00:00,LAPAN,Aqua,Verified Fire,SUMSEL,9070,2019,2019:9070,2019,9068,,,,,,,,False
105.77629852,-3.55226707,2019-11-07 13:00:00,LAPAN,Aqua,Verified Fire,SUMSEL,9072,2019,2019:9072,2019,9070,,,,,,,,False
103.185256958,-1.51469838619,2019-11-07 13:00:00,LAPAN,Aqua,Verified No fire,JAMBI SMF,9074,2019,2019:9074,2019,9072,,,,,,,,False
105.31861115,-2.63816166,2019-11-07 13:00:00,LAPAN,Aqua,Verified No fire,SUMSEL,9077,2019,2019:9077,2019,9075,,,,,,,,False
105.76286316,-3.79906726,2019-11-07 13:00:00,LAPAN,Aqua,Verified Fire,SUMSEL,9079,2019,2019:9079,2019,9077,,,,,,,,False
105.79053497,-3.83437514,2019-11-07 13:00:00,LAPAN,Aqua,Verified Fire,SUMSEL,9080,2019,2019:9080,2019,9078,,,,,,,,False
105.54967499,-3.79031777,2019-11-07 13:00:00,LAPAN,Aqua,Verified Fire,SUMSEL,9086,2019,2019:9086,2019,9084,,,,,,,,False
105.77060699,-3.37537336,2019-11-07 13:00:00,LAPAN,Aqua,Verified Fire,SUMSEL,9091,2019,2019:9091,2019,9089,,,,,,,,False
105.20886993,-3.13622212,2019-11-07 13:00:00,LAPAN,Aqua,Verified Fire,SUMSEL,9093,2019,2019:9093,2019,9091,,,,,,,,False
105.764328,-3.48014808,2019-11-07 13:00:00,LAPAN,Aqua,Verified Fire,SUMSEL,9095,2019,2019:9095,2019,9093,,,,,,,,False
105.73448944,-3.47776389,2019-11-07 13:00:00,LAPAN,Aqua,Verified Fire,SUMSEL,9097,2019,2019:9097,2019,9095,,,,,,,,False
105.758872986,-3.88633823395,2019-11-07 13:00:00,LAPAN,Aqua,Verified Fire,SUMSEL,9103,2019,2019:9103,2019,9101,,,,,,,,False
105.81312561,-3.88618159,2019-11-07 13:00:00,LAPAN,Aqua,Verified Fire,SUMSEL,9104,2019,2019:9104,2019,9102,,,,,,,,False
105.8398819,-3.86826992,2019-11-07 13:00:00,LAPAN,Aqua,Verified Fire,SUMSEL,9106,2019,2019:9106,2019,9104,,,,,,,,False
105.73005676,-3.87128472,2019-11-07 13:00:00,LAPAN,Aqua,Verified Fire,SUMSEL,9107,2019,2019:9107,2019,9105,,,,,,,,False
105.80902863,-3.8591671,2019-11-07 13:00:00,LAPAN,Aqua,Verified Fire,SUMSEL,9108,2019,2019:9108,2019,9106,,,,,,,,False
105.4199,-3.7496,2019-11-07 13:00:00,ASMC,NOAA20,Verified Fire,SUMSEL,9115,2019,2019:9115,2019,9113,,,,,,,,False
105.20132446,-3.09035826,2019-11-07 13:00:00,LAPAN,Aqua,Verified Fire,SUMSEL,9117,2019,2019:9117,2019,9115,,,,,,,,False
105.3074646,-3.12105203,2019-11-07 13:00:00,LAPAN,Aqua,Verified Fire,SUMSEL,9118,2019,2019:9118,2019,9116,,,,,,,,False
105.72111511,-3.48671174,2019-11-07 13:00:00,LAPAN,Aqua,Verified Fire,SUMSEL,9122,2019,2019:9122,2019,9120,,,,,,,,False
105.57099915,-3.78705049,2019-11-07 13:00:00,LAPAN,Aqua,Verified Fire,SUMSEL,9126,2019,2019:9126,2019,9124,,,,,,,,False
105.57911682,-3.79268241,2019-11-07 13:00:00,LAPAN,Aqua,Verified Fire,SUMSEL,9127,2019,2019:9127,2019,9125,,,,,,,,False
105.53501129,-2.71368408,2019-11-07 13:00:00,LAPAN,Aqua,Verified No fire,SUMSEL,9129,2019,2019:9129,2019,9127,,,,,,,,False
105.35390472,-3.14133763,2019-11-07 13:00:00,LAPAN,Aqua,Verified Fire,SUMSEL,9130,2019,2019:9130,2019,9128,,,,,,,,False
105.83575439,-3.88963699,2019-11-07 13:00:00,LAPAN,Aqua,Verified Fire,SUMSEL,9133,2019,2019:9133,2019,9131,,,,,,,,False
105.86463165,-3.83679056,2019-11-07 13:00:00,LAPAN,Aqua,Verified Fire,SUMSEL,9134,2019,2019:9134,2019,9132,,,,,,,,False
105.7885,-3.8692,2019-11-07 13:00:00,ASMC,NOAA20,Verified Fire,SUMSEL,9135,2019,2019:9135,2019,9133,,,,,,,,False
105.2769,-2.9291,2019-11-07 13:00:00,ASMC,NOAA20,Verified Fire,SUMSEL,9140,2019,2019:9140,2019,9138,,,,,,,,False
105.60569763,-3.86971879,2019-11-07 13:00:00,LAPAN,Aqua,Verified Fire,SUMSEL,9141,2019,2019:9141,2019,9139,,,,,,,,False
105.55779266,-3.79593921,2019-11-07 13:00:00,LAPAN,Aqua,Verified Fire,SUMSEL,9142,2019,2019:9142,2019,9140,,,,,,,,False
105.57576752,-3.30377245,2019-11-07 13:00:00,LAPAN,Aqua,Verified Fire,SUMSEL,9148,2019,2019:9148,2019,9146,,,,,,,,False
105.72077942,-3.62103796,2019-11-07 13:00:00,LAPAN,Aqua,Verified Fire,SUMSEL,9153,2019,2019:9153,2019,9151,,,,,,,,False
105.78848267,-3.82087302,2019-11-07 13:00:00,LAPAN,Aqua,Verified Fire,SUMSEL,9158,2019,2019:9158,2019,9156,,,,,,,,False
105.76179504,-3.88711667,2019-11-07 13:00:00,LAPAN,Aqua,Verified Fire,SUMSEL,9159,2019,2019:9159,2019,9157,,,,,,,,False
105.79573059,-3.77333808,2019-11-07 13:00:00,LAPAN,Aqua,Verified Fire,SUMSEL,9161,2019,2019:9161,2019,9159,,,,,,,,False
105.61164093,-3.76706791,2019-11-07 13:00:00,LAPAN,Aqua,Verified Fire,SUMSEL,9165,2019,2019:9165,2019,9163,,,,,,,,False
105.53144073,-3.81369925,2019-11-07 13:00:00,LAPAN,Aqua,Verified Fire,SUMSEL,9166,2019,2019:9166,2019,9164,,,,,,,,False
105.6057,-3.8697,2019-11-07 13:00:00,ASMC,NOAA20,Verified Fire,SUMSEL,9167,2019,2019:9167,2019,9165,,,,,,,,False
105.22045135,-3.12163138,2019-11-07 13:00:00,LAPAN,Aqua,Verified Fire,SUMSEL,9173,2019,2019:9173,2019,9171,,,,,,,,False
105.24567413,-2.96129012,2019-11-07 13:00:00,LAPAN,Aqua,Verified Fire,SUMSEL,9174,2019,2019:9174,2019,9172,,,,,,,,False
105.84093475,-3.82660079,2019-11-07 13:00:00,LAPAN,Aqua,Verified Fire,SUMSEL,9177,2019,2019:9177,2019,9175,,,,,,,,False
105.78026581,-3.86358356,2019-11-07 13:00:00,LAPAN,Aqua,Verified Fire,SUMSEL,9178,2019,2019:9178,2019,9176,,,,,,,,False
105.29006195,-2.96820831,2019-11-07 13:00:00,LAPAN,Aqua,Verified Fire,SUMSEL,9181,2019,2019:9181,2019,9179,,,,,,,,False
105.61642456,-3.56293082,2019-11-07 13:00:00,LAPAN,Aqua,Verified Fire,SUMSEL,9182,2019,2019:9182,2019,9180,,,,,,,,False
105.76286316,-3.60763454,2019-11-07 13:00:00,LAPAN,Aqua,Verified Fire,SUMSEL,9183,2019,2019:9183,2019,9181,,,,,,,,False
105.43463135,-2.53943777,2019-11-07 13:00:00,LAPAN,Aqua,Verified No fire,SUMSEL,9185,2019,2019:9185,2019,9183,,,,,,,,False
105.6359787,-3.22042918,2019-11-07 13:00:00,LAPAN,Aqua,Verified Fire,SUMSEL,9191,2019,2019:9191,2019,9189,,,,,,,,False
105.79052734,-3.88273025,2019-11-07 13:00:00,LAPAN,Aqua,Verified Fire,SUMSEL,9195,2019,2019:9195,2019,9193,,,,,,,,False
105.416435242,-3.74433851242,2019-11-07 13:00:00,LAPAN,Aqua,Verified Fire,SUMSEL,9199,2019,2019:9199,2019,9197,,,,,,,,False
105.5240097,-3.72003102,2019-11-07 13:00:00,LAPAN,Aqua,Verified Fire,SUMSEL,9201,2019,2019:9201,2019,9199,,,,,,,,False
105.51725769,-3.8158648,2019-11-07 13:00:00,LAPAN,Aqua,Verified Fire,SUMSEL,9202,2019,2019:9202,2019,9200,,,,,,,,False
105.50954437,-3.34838748,2019-11-07 13:00:00,LAPAN,Aqua,Verified Fire,SUMSEL,9206,2019,2019:9206,2019,9204,,,,,,,,False
105.61978149,-3.8208487,2019-11-07 13:00:00,LAPAN,Aqua,Verified Fire,SUMSEL,9214,2019,2019:9214,2019,9212,,,,,,,,False
105.60771942,-3.88315773,2019-11-07 13:00:00,LAPAN,Aqua,Verified Fire,SUMSEL,9215,2019,2019:9215,2019,9213,,,,,,,,False
105.53498077,-3.37199855,2019-11-07 13:00:00,LAPAN,Aqua,Verified Fire,SUMSEL,9217,2019,2019:9217,2019,9215,,,,,,,,False
105.87078857,-3.87737536,2019-11-07 13:00:00,LAPAN,Aqua,Verified Fire,SUMSEL,9223,2019,2019:9223,2019,9221,,,,,,,,False
105.27693939,-2.92909527,2019-11-07 13:00:00,LAPAN,Aqua,Verified Fire,SUMSEL,9230,2019,2019:9230,2019,9228,,,,,,,,False
104.51689911,-2.23082399,2019-11-07 13:00:00,LAPAN,Aqua,Verified Fire,SUMSEL MUBA,9232,2019,2019:9232,2019,9230,,,,,,,,False
105.524,-3.72,2019-11-07 13:00:00,ASMC,NOAA20,Verified Fire,SUMSEL,9236,2019,2019:9236,2019,9234,,,,,,,,False
105.55922699,-3.29420066,2019-11-07 13:00:00,LAPAN,Aqua,Verified Fire,SUMSEL,9237,2019,2019:9237,2019,9235,,,,,,,,False
105.58066559,-3.29094648,2019-11-07 13:00:00,LAPAN,Aqua,Verified Fire,SUMSEL,9238,2019,2019:9238,2019,9236,,,,,,,,False
105.84457397,-3.81349516,2019-11-08 00:00:00,LAPAN,SNPP,Verified Fire,SUMSEL,9240,2019,2019:9240,2019,9238,,,,,,,,False
105.6065979,-3.75919771,2019-11-08 00:00:00,LAPAN,SNPP,Verified Fire,SUMSEL,9241,2019,2019:9241,2019,9239,,,,,,,,False
105.85482025,-3.81525922,2019-11-08 00:00:00,LAPAN,SNPP,Verified Fire,SUMSEL,9242,2019,2019:9242,2019,9240,,,,,,,,False
105.865539551,-3.85569763184,2019-11-08 09:00:00,LAPAN,Terra,Verified Fire,SUMSEL,9265,2019,2019:9265,2019,9263,,,,,,,,False
105.748908997,-3.79014444351,2019-11-08 09:00:00,LAPAN,Terra,Verified Fire,SUMSEL,9266,2019,2019:9266,2019,9264,,,,,,,,False
105.734542847,-3.33994245529,2019-11-08 09:00:00,LAPAN,Terra,Verified Fire,SUMSEL,9267,2019,2019:9267,2019,9265,,,,,,,,False
105.750450134,-3.34243154526,2019-11-08 09:00:00,LAPAN,Terra,Verified Fire,SUMSEL,9268,2019,2019:9268,2019,9266,,,,,,,,False
105.79209137,-3.82068324089,2019-11-08 09:00:00,LAPAN,Terra,Verified Fire,SUMSEL,9269,2019,2019:9269,2019,9267,,,,,,,,False
105.847259521,-3.80808377266,2019-11-08 09:00:00,LAPAN,Terra,Verified Fire,SUMSEL,9270,2019,2019:9270,2019,9268,,,,,,,,False
105.613616943,-3.76098299026,2019-11-08 09:00:00,LAPAN,Terra,Verified Fire,SUMSEL,9271,2019,2019:9271,2019,9269,,,,,,,,False
105.597640991,-3.75856757164,2019-11-08 09:00:00,LAPAN,Terra,Verified Fire,SUMSEL,9272,2019,2019:9272,2019,9270,,,,,,,,False
105.606582642,-3.76763319969,2019-11-08 09:00:00,LAPAN,Terra,Verified Fire,SUMSEL,9273,2019,2019:9273,2019,9271,,,,,,,,False
105.862594604,-3.81038546562,2019-11-08 09:00:00,LAPAN,Terra,Verified Fire,SUMSEL,9274,2019,2019:9274,2019,9272,,,,,,,,False
105.234519958,-3.03641533852,2019-11-08 09:00:00,LAPAN,Terra,Verified No fire,SUMSEL,9275,2019,2019:9275,2019,9273,,,,,,,,False
105.845542908,-3.81962561607,2019-11-08 09:00:00,LAPAN,Terra,Verified Fire,SUMSEL,9276,2019,2019:9276,2019,9274,,,,,,,,False
105.86088562,-3.82191300392,2019-11-08 09:00:00,LAPAN,Terra,Verified Fire,SUMSEL,9277,2019,2019:9277,2019,9275,,,,,,,,False
105.738700867,-3.79179239273,2019-11-08 09:00:00,LAPAN,Terra,Verified Fire,SUMSEL,9278,2019,2019:9278,2019,9276,,,,,,,,False
105.76915741,-3.52433156967,2019-11-08 12:00:00,LAPAN,Aqua,Verified Fire,SUMSEL,9279,2019,2019:9279,2019,9277,,,,,,,,False
105.73535919,-3.51015258,2019-11-08 13:00:00,LAPAN,SNPP,Verified Fire,SUMSEL,9285,2019,2019:9285,2019,9283,,,,,,,,False
105.6746,-3.6349,2019-11-08 13:00:00,ASMC,NOAA20,Verified Fire,SUMSEL,9286,2019,2019:9286,2019,9284,,,,,,,,False
105.7128,-3.5995,2019-11-08 13:00:00,ASMC,NOAA20,Verified Fire,SUMSEL,9287,2019,2019:9287,2019,9285,,,,,,,,False
105.6958,-3.602,2019-11-08 13:00:00,ASMC,NOAA20,Verified Fire,SUMSEL,9288,2019,2019:9288,2019,9286,,,,,,,,False
105.7915,-3.8566,2019-11-08 13:00:00,ASMC,NOAA20,Verified Fire,SUMSEL,9292,2019,2019:9292,2019,9290,,,,,,,,False
105.8452,-3.8115,2019-11-08 13:00:00,ASMC,NOAA20,Verified Fire,SUMSEL,9293,2019,2019:9293,2019,9291,,,,,,,,False
105.84515381,-3.81153035,2019-11-08 13:00:00,LAPAN,SNPP,Verified Fire,SUMSEL,9294,2019,2019:9294,2019,9292,,,,,,,,False
105.8368,-3.8128,2019-11-08 13:00:00,ASMC,NOAA20,Verified Fire,SUMSEL,9295,2019,2019:9295,2019,9293,,,,,,,,False
105.83568573,-3.80550528,2019-11-08 13:00:00,LAPAN,SNPP,Verified Fire,SUMSEL,9296,2019,2019:9296,2019,9294,,,,,,,,False
105.79883575,-3.78861976,2019-11-08 13:00:00,LAPAN,SNPP,Verified Fire,SUMSEL,9297,2019,2019:9297,2019,9295,,,,,,,,False
105.7983,-3.7769,2019-11-08 13:00:00,ASMC,NOAA20,Verified Fire,SUMSEL,9298,2019,2019:9298,2019,9296,,,,,,,,False
105.7983017,-3.77690291,2019-11-08 13:00:00,LAPAN,SNPP,Verified Fire,SUMSEL,9299,2019,2019:9299,2019,9297,,,,,,,,False
105.61332703,-3.83055019,2019-11-08 13:00:00,LAPAN,SNPP,Verified Fire,SUMSEL,9301,2019,2019:9301,2019,9299,,,,,,,,False
105.5495,-3.8775,2019-11-08 13:00:00,ASMC,NOAA20,Verified Fire,SUMSEL,9302,2019,2019:9302,2019,9300,,,,,,,,False
105.54945374,-3.87753201,2019-11-08 13:00:00,LAPAN,SNPP,Verified Fire,SUMSEL,9303,2019,2019:9303,2019,9301,,,,,,,,False
105.5559,-3.7306,2019-11-08 13:00:00,ASMC,NOAA20,Verified Fire,SUMSEL,9304,2019,2019:9304,2019,9302,,,,,,,,False
105.7776947,-3.3882041,2019-11-08 13:00:00,LAPAN,SNPP,Verified Fire,SUMSEL,9305,2019,2019:9305,2019,9303,,,,,,,,False
105.5495,-3.2985,2019-11-08 13:00:00,ASMC,NOAA20,Verified Fire,SUMSEL,9306,2019,2019:9306,2019,9304,,,,,,,,False
105.6772,-3.3393,2019-11-08 13:00:00,ASMC,NOAA20,Verified Fire,SUMSEL,9307,2019,2019:9307,2019,9305,,,,,,,,False
105.5114,-3.7899,2019-11-08 13:00:00,ASMC,NOAA20,Verified Fire,SUMSEL,9308,2019,2019:9308,2019,9306,,,,,,,,False
105.5113678,-3.78991652,2019-11-08 13:00:00,LAPAN,SNPP,Verified Fire,SUMSEL,9310,2019,2019:9310,2019,9308,,,,,,,,False
105.5284,-3.4024,2019-11-08 13:00:00,ASMC,NOAA20,Verified Fire,SUMSEL,9311,2019,2019:9311,2019,9309,,,,,,,,False
105.70339203,-3.28338814,2019-11-08 13:00:00,LAPAN,SNPP,Verified Fire,SUMSEL,9312,2019,2019:9312,2019,9310,,,,,,,,False
105.7579,-3.4282,2019-11-08 13:00:00,ASMC,NOAA20,Verified Fire,SUMSEL,9313,2019,2019:9313,2019,9311,,,,,,,,False
105.72875977,-3.33897328,2019-11-08 13:00:00,LAPAN,SNPP,Verified Fire,SUMSEL,9314,2019,2019:9314,2019,9312,,,,,,,,False
105.7339,-3.316,2019-11-08 13:00:00,ASMC,NOAA20,Verified Fire,SUMSEL,9316,2019,2019:9316,2019,9314,,,,,,,,False
105.73394012,-3.31595087,2019-11-08 13:00:00,LAPAN,SNPP,Verified Fire,SUMSEL,9317,2019,2019:9317,2019,9315,,,,,,,,False
105.5023,-3.3354,2019-11-08 13:00:00,ASMC,NOAA20,Verified Fire,SUMSEL,9318,2019,2019:9318,2019,9316,,,,,,,,False
105.50232697,-3.33543444,2019-11-08 13:00:00,LAPAN,SNPP,Verified Fire,SUMSEL,9319,2019,2019:9319,2019,9317,,,,,,,,False
105.69332886,-3.14236784,2019-11-08 13:00:00,LAPAN,SNPP,Fire inside Sitrep,SUMSEL,9320,2019,2019:9320,2019,9318,,,,,,,,False
105.7354,-3.5102,2019-11-08 13:00:00,ASMC,NOAA20,Verified Fire,SUMSEL,9321,2019,2019:9321,2019,9319,,,,,,,,False
105.7476,-3.6018,2019-11-08 13:00:00,ASMC,NOAA20,Verified Fire,SUMSEL,9322,2019,2019:9322,2019,9320,,,,,,,,False
105.7806,-3.5257,2019-11-08 13:00:00,ASMC,NOAA20,Verified Fire,SUMSEL,9323,2019,2019:9323,2019,9321,,,,,,,,False
105.78900146,-3.52445745,2019-11-08 13:00:00,LAPAN,SNPP,Verified Fire,SUMSEL,9324,2019,2019:9324,2019,9322,,,,,,,,False
105.75525665,-3.47011757,2019-11-08 13:00:00,LAPAN,SNPP,Verified Fire,SUMSEL,9325,2019,2019:9325,2019,9323,,,,,,,,False
105.6713562,-3.61300945,2019-11-08 13:00:00,LAPAN,SNPP,Verified Fire,SUMSEL,9326,2019,2019:9326,2019,9324,,,,,,,,False
105.74764252,-3.60182524,2019-11-08 13:00:00,LAPAN,SNPP,Verified Fire,SUMSEL,9327,2019,2019:9327,2019,9325,,,,,,,,False
105.6166,-3.5277,2019-11-08 13:00:00,ASMC,NOAA20,Verified Fire,SUMSEL,9329,2019,2019:9329,2019,9327,,,,,,,,False
105.6714,-3.613,2019-11-08 13:00:00,ASMC,NOAA20,Verified Fire,SUMSEL,9330,2019,2019:9330,2019,9328,,,,,,,,False
105.69578552,-3.60197806,2019-11-08 13:00:00,LAPAN,SNPP,Verified Fire,SUMSEL,9331,2019,2019:9331,2019,9329,,,,,,,,False
106.00708008,-3.22406006,2019-11-08 13:00:00,LAPAN,SNPP,Fire inside Sitrep,SUMSEL,9333,2019,2019:9333,2019,9331,,,,,,,,False
105.78712463,-3.39421678,2019-11-08 13:00:00,LAPAN,SNPP,Verified Fire,SUMSEL,9336,2019,2019:9336,2019,9334,,,,,,,,False
105.74765778,-3.35095978,2019-11-08 13:00:00,LAPAN,SNPP,Verified Fire,SUMSEL,9337,2019,2019:9337,2019,9335,,,,,,,,False
105.79263306,-3.86386108,2019-11-08 13:00:00,LAPAN,SNPP,Verified Fire,SUMSEL,9340,2019,2019:9340,2019,9338,,,,,,,,False
105.79999542,-3.85532928,2019-11-08 13:00:00,LAPAN,SNPP,Verified Fire,SUMSEL,9341,2019,2019:9341,2019,9339,,,,,,,,False
105.4219,-3.1909,2019-11-08 13:00:00,ASMC,NOAA20,Fire inside Sitrep,SUMSEL,9342,2019,2019:9342,2019,9340,,,,,,,,False
105.5662,-3.285,2019-11-08 13:00:00,ASMC,NOAA20,Verified No fire,SUMSEL,9343,2019,2019:9343,2019,9341,,,,,,,,False
105.7957,-3.8262,2019-11-08 13:00:00,ASMC,NOAA20,Verified Fire,SUMSEL,9345,2019,2019:9345,2019,9343,,,,,,,,False
105.78942871,-3.84202361,2019-11-08 13:00:00,LAPAN,SNPP,Verified Fire,SUMSEL,9347,2019,2019:9347,2019,9345,,,,,,,,False
105.67669678,-3.84374666,2019-11-08 13:00:00,LAPAN,SNPP,Verified Fire,SUMSEL,9349,2019,2019:9349,2019,9347,,,,,,,,False
105.61525726,-3.77446413,2019-11-08 13:00:00,LAPAN,SNPP,Verified Fire,SUMSEL,9350,2019,2019:9350,2019,9348,,,,,,,,False
105.6131,-3.7598,2019-11-08 13:00:00,ASMC,NOAA20,Verified Fire,SUMSEL,9351,2019,2019:9351,2019,9349,,,,,,,,False
105.7871,-3.3942,2019-11-08 13:00:00,ASMC,NOAA20,Verified Fire,SUMSEL,9352,2019,2019:9352,2019,9350,,,,,,,,False
105.59591675,-3.76232386,2019-11-08 13:00:00,LAPAN,SNPP,Verified Fire,SUMSEL,9353,2019,2019:9353,2019,9351,,,,,,,,False
105.6833,-3.2641,2019-11-08 13:00:00,ASMC,NOAA20,Verified Fire,SUMSEL,9354,2019,2019:9354,2019,9352,,,,,,,,False
105.6035,-3.7537,2019-11-08 13:00:00,ASMC,NOAA20,Verified Fire,SUMSEL,9355,2019,2019:9355,2019,9353,,,,,,,,False
105.60346222,-3.75370288,2019-11-08 13:00:00,LAPAN,SNPP,Verified Fire,SUMSEL,9356,2019,2019:9356,2019,9354,,,,,,,,False
105.57428741,-3.79559255,2019-11-08 13:00:00,LAPAN,SNPP,Verified Fire,SUMSEL,9357,2019,2019:9357,2019,9355,,,,,,,,False
105.42385864,-3.74230289,2019-11-08 13:00:00,LAPAN,SNPP,Verified Fire,SUMSEL,9358,2019,2019:9358,2019,9356,,,,,,,,False
105.4249,-3.74,2019-11-08 13:00:00,ASMC,NOAA20,Verified Fire,SUMSEL,9359,2019,2019:9359,2019,9357,,,,,,,,False
105.43369293,-3.73863435,2019-11-08 13:00:00,LAPAN,SNPP,Verified Fire,SUMSEL,9360,2019,2019:9360,2019,9358,,,,,,,,False
105.6971,-3.176,2019-11-08 13:00:00,ASMC,NOAA20,Verified Fire,SUMSEL,9361,2019,2019:9361,2019,9359,,,,,,,,False
105.42194366,-3.19093895,2019-11-08 13:00:00,LAPAN,SNPP,Fire inside Sitrep,SUMSEL,9362,2019,2019:9362,2019,9360,,,,,,,,False
105.77954865,-3.51845098,2019-11-08 13:00:00,LAPAN,SNPP,Verified Fire,SUMSEL,9364,2019,2019:9364,2019,9362,,,,,,,,False
105.61659241,-3.52767038,2019-11-08 13:00:00,LAPAN,SNPP,Verified Fire,SUMSEL,9365,2019,2019:9365,2019,9363,,,,,,,,False
105.7553,-3.4701,2019-11-08 13:00:00,ASMC,NOAA20,Verified Fire,SUMSEL,9366,2019,2019:9366,2019,9364,,,,,,,,False
105.56616211,-3.28497767,2019-11-08 13:00:00,LAPAN,SNPP,Verified No fire,SUMSEL,9367,2019,2019:9367,2019,9365,,,,,,,,False
105.73221588,-3.86541867,2019-11-08 13:00:00,LAPAN,SNPP,Verified Fire,SUMSEL,9368,2019,2019:9368,2019,9366,,,,,,,,False
105.4337,-3.7386,2019-11-08 13:00:00,ASMC,NOAA20,Verified Fire,SUMSEL,9369,2019,2019:9369,2019,9367,,,,,,,,False
105.5959,-3.7623,2019-11-08 13:00:00,ASMC,NOAA20,Verified Fire,SUMSEL,9370,2019,2019:9370,2019,9368,,,,,,,,False
105.75791931,-3.42817998,2019-11-08 13:00:00,LAPAN,SNPP,Verified Fire,SUMSEL,9371,2019,2019:9371,2019,9369,,,,,,,,False
105.6629,-3.6143,2019-11-08 13:00:00,ASMC,NOAA20,Verified Fire,SUMSEL,9372,2019,2019:9372,2019,9370,,,,,,,,False
105.7312088,-3.54049206,2019-11-08 13:00:00,LAPAN,SNPP,Verified Fire,SUMSEL,9373,2019,2019:9373,2019,9371,,,,,,,,False
105.6153,-3.7745,2019-11-08 13:00:00,ASMC,NOAA20,Verified Fire,SUMSEL,9375,2019,2019:9375,2019,9373,,,,,,,,False
105.67458344,-3.63492799,2019-11-08 13:00:00,LAPAN,SNPP,Verified Fire,SUMSEL,9377,2019,2019:9377,2019,9375,,,,,,,,False
105.7312,-3.5405,2019-11-08 13:00:00,ASMC,NOAA20,Verified Fire,SUMSEL,9378,2019,2019:9378,2019,9376,,,,,,,,False
105.789,-3.5245,2019-11-08 13:00:00,ASMC,NOAA20,Verified Fire,SUMSEL,9379,2019,2019:9379,2019,9377,,,,,,,,False
105.7359,-3.4537,2019-11-08 13:00:00,ASMC,NOAA20,Verified Fire,SUMSEL,9380,2019,2019:9380,2019,9378,,,,,,,,False
105.61309814,-3.75978041,2019-11-08 13:00:00,LAPAN,SNPP,Verified Fire,SUMSEL,9381,2019,2019:9381,2019,9379,,,,,,,,False
105.5361557,-3.70805669,2019-11-08 13:00:00,LAPAN,SNPP,Verified Fire,SUMSEL,9382,2019,2019:9382,2019,9380,,,,,,,,False
105.52838898,-3.40240765,2019-11-08 13:00:00,LAPAN,SNPP,Verified Fire,SUMSEL,9383,2019,2019:9383,2019,9381,,,,,,,,False
105.71929169,-3.33297157,2019-11-08 13:00:00,LAPAN,SNPP,Verified Fire,SUMSEL,9384,2019,2019:9384,2019,9382,,,,,,,,False
105.7193,-3.333,2019-11-08 13:00:00,ASMC,NOAA20,Verified Fire,SUMSEL,9386,2019,2019:9386,2019,9384,,,,,,,,False
105.8357,-3.8055,2019-11-08 13:00:00,ASMC,NOAA20,Verified Fire,SUMSEL,9387,2019,2019:9387,2019,9385,,,,,,,,False
105.7988,-3.7886,2019-11-08 13:00:00,ASMC,NOAA20,Verified Fire,SUMSEL,9388,2019,2019:9388,2019,9386,,,,,,,,False
105.7736,-3.8518,2019-11-08 13:00:00,ASMC,NOAA20,Verified Fire,SUMSEL,9389,2019,2019:9389,2019,9387,,,,,,,,False
105.54953766,-3.29851007,2019-11-08 13:00:00,LAPAN,SNPP,Verified Fire,SUMSEL,9390,2019,2019:9390,2019,9388,,,,,,,,False
105.65074921,-3.33579683,2019-11-08 13:00:00,LAPAN,SNPP,Verified Fire,SUMSEL,9391,2019,2019:9391,2019,9389,,,,,,,,False
105.6848,-3.267,2019-11-08 13:00:00,ASMC,NOAA20,Verified Fire,SUMSEL,9392,2019,2019:9392,2019,9390,,,,,,,,False
105.919487,-3.85230279,2019-11-08 13:00:00,LAPAN,SNPP,Verified Fire,SUMSEL,9393,2019,2019:9393,2019,9391,,,,,,,,False
105.77358246,-3.85181379,2019-11-08 13:00:00,LAPAN,SNPP,Verified Fire,SUMSEL,9394,2019,2019:9394,2019,9392,,,,,,,,False
105.8011,-3.8626,2019-11-08 13:00:00,ASMC,NOAA20,Verified Fire,SUMSEL,9395,2019,2019:9395,2019,9393,,,,,,,,False
105.5362,-3.7081,2019-11-08 13:00:00,ASMC,NOAA20,Verified Fire,SUMSEL,9396,2019,2019:9396,2019,9394,,,,,,,,False
105.80950165,-3.86134338,2019-11-08 13:00:00,LAPAN,SNPP,Verified Fire,SUMSEL,9398,2019,2019:9398,2019,9396,,,,,,,,False
105.79254913,-3.80439734,2019-11-08 13:00:00,LAPAN,SNPP,Verified Fire,SUMSEL,9399,2019,2019:9399,2019,9397,,,,,,,,False
105.85460663,-3.81755185,2019-11-08 13:00:00,LAPAN,SNPP,Verified Fire,SUMSEL,9400,2019,2019:9400,2019,9398,,,,,,,,False
105.79573059,-3.82622457,2019-11-08 13:00:00,LAPAN,SNPP,Verified Fire,SUMSEL,9401,2019,2019:9401,2019,9399,,,,,,,,False
105.7725,-3.8445,2019-11-08 13:00:00,ASMC,NOAA20,Verified Fire,SUMSEL,9404,2019,2019:9404,2019,9402,,,,,,,,False
105.7688,-3.6284,2019-11-08 13:00:00,ASMC,NOAA20,Verified Fire,SUMSEL,9405,2019,2019:9405,2019,9403,,,,,,,,False
105.8387146,-3.89103508,2019-11-08 13:00:00,LAPAN,SNPP,Verified Fire,SUMSEL,9406,2019,2019:9406,2019,9404,,,,,,,,False
105.781,-3.8433,2019-11-08 13:00:00,ASMC,NOAA20,Verified Fire,SUMSEL,9407,2019,2019:9407,2019,9405,,,,,,,,False
105.76878357,-3.62842441,2019-11-08 13:00:00,LAPAN,SNPP,Verified Fire,SUMSEL,9408,2019,2019:9408,2019,9406,,,,,,,,False
105.7411,-3.4307,2019-11-08 13:00:00,ASMC,NOAA20,Verified Fire,SUMSEL,9409,2019,2019:9409,2019,9407,,,,,,,,False
105.6887,-3.1773,2019-11-08 13:00:00,ASMC,NOAA20,Verified Fire,SUMSEL,9410,2019,2019:9410,2019,9408,,,,,,,,False
105.6133,-3.8306,2019-11-08 13:00:00,ASMC,NOAA20,Verified Fire,SUMSEL,9411,2019,2019:9411,2019,9409,,,,,,,,False
105.6045,-3.7611,2019-11-08 13:00:00,ASMC,NOAA20,Verified Fire,SUMSEL,9412,2019,2019:9412,2019,9410,,,,,,,,False
105.67719269,-3.33928394,2019-11-08 13:00:00,LAPAN,SNPP,Verified Fire,SUMSEL,9413,2019,2019:9413,2019,9411,,,,,,,,False
105.69711304,-3.17604113,2019-11-08 13:00:00,LAPAN,SNPP,Verified Fire,SUMSEL,9414,2019,2019:9414,2019,9412,,,,,,,,False
105.76634979,-3.30371785,2019-11-08 13:00:00,LAPAN,SNPP,Verified No fire,SUMSEL,9415,2019,2019:9415,2019,9413,,,,,,,,False
105.6933,-3.1424,2019-11-08 13:00:00,ASMC,NOAA20,Fire inside Sitrep,SUMSEL,9416,2019,2019:9416,2019,9414,,,,,,,,False
105.55592346,-3.73062921,2019-11-08 13:00:00,LAPAN,SNPP,Verified Fire,SUMSEL,9417,2019,2019:9417,2019,9415,,,,,,,,False
105.4239,-3.7423,2019-11-08 13:00:00,ASMC,NOAA20,Verified Fire,SUMSEL,9418,2019,2019:9418,2019,9416,,,,,,,,False
105.81108093,-3.38328362,2019-11-08 13:00:00,LAPAN,SNPP,Verified Fire,SUMSEL,9419,2019,2019:9419,2019,9417,,,,,,,,False
105.7034,-3.2834,2019-11-08 13:00:00,ASMC,NOAA20,Verified Fire,SUMSEL,9420,2019,2019:9420,2019,9418,,,,,,,,False
105.73594666,-3.45373678,2019-11-08 13:00:00,LAPAN,SNPP,Verified Fire,SUMSEL,9421,2019,2019:9421,2019,9419,,,,,,,,False
105.7127533,-3.59949851,2019-11-08 13:00:00,LAPAN,SNPP,Verified Fire,SUMSEL,9422,2019,2019:9422,2019,9420,,,,,,,,False
105.74113464,-3.43068933,2019-11-08 13:00:00,LAPAN,SNPP,Verified Fire,SUMSEL,9423,2019,2019:9423,2019,9421,,,,,,,,False
105.7712,-3.5197,2019-11-08 13:00:00,ASMC,NOAA20,Verified Fire,SUMSEL,9424,2019,2019:9424,2019,9422,,,,,,,,False
105.5743,-3.7956,2019-11-08 13:00:00,ASMC,NOAA20,Verified Fire,SUMSEL,9426,2019,2019:9426,2019,9424,,,,,,,,False
105.68332672,-3.26405096,2019-11-08 13:00:00,LAPAN,SNPP,Verified Fire,SUMSEL,9427,2019,2019:9427,2019,9425,,,,,,,,False
105.6497,-3.3285,2019-11-08 13:00:00,ASMC,NOAA20,Verified Fire,SUMSEL,9429,2019,2019:9429,2019,9427,,,,,,,,False
105.86160278,-3.81766796,2019-11-09 01:00:00,LAPAN,Aqua,Verified Fire,SUMSEL,9487,2019,2019:9487,2019,9485,,,,,,,,False
105.59946442,-3.75604534,2019-11-09 01:00:00,LAPAN,Aqua,Verified Fire,SUMSEL,9490,2019,2019:9490,2019,9488,,,,,,,,False
105.23813629,-3.04563618,2019-11-09 01:00:00,LAPAN,Aqua,Verified No fire,SUMSEL,9508,2019,2019:9508,2019,9506,,,,,,,,False
105.24682617,-3.05018067,2019-11-09 12:00:00,LAPAN,SNPP,Verified Fire,SUMSEL,9554,2019,2019:9554,2019,9552,,,,,,,,False
105.79297638,-3.39947295,2019-11-09 12:00:00,LAPAN,SNPP,Verified Fire,SUMSEL,9561,2019,2019:9561,2019,9559,,,,,,,,False
105.64701843,-3.33952451,2019-11-09 12:00:00,LAPAN,SNPP,Verified Fire,SUMSEL,9563,2019,2019:9563,2019,9561,,,,,,,,False
105.24713135,-2.90113878,2019-11-09 12:00:00,LAPAN,SNPP,Verified Fire,SUMSEL,9564,2019,2019:9564,2019,9562,,,,,,,,False
105.28710938,-2.92641425,2019-11-09 12:00:00,LAPAN,SNPP,Verified Fire,SUMSEL,9565,2019,2019:9565,2019,9563,,,,,,,,False
105.27527618,-2.92815828,2019-11-09 12:00:00,LAPAN,SNPP,Verified Fire,SUMSEL,9566,2019,2019:9566,2019,9564,,,,,,,,False
105.26890564,-2.85285521,2019-11-09 12:00:00,LAPAN,SNPP,Verified Fire,SUMSEL,9570,2019,2019:9570,2019,9568,,,,,,,,False
105.74137878,-3.35650539,2019-11-09 12:00:00,LAPAN,SNPP,Verified Fire,SUMSEL,9571,2019,2019:9571,2019,9569,,,,,,,,False
105.7316,-3.368,2019-11-09 12:00:00,ASMC,NOAA20,Verified Fire,SUMSEL,9572,2019,2019:9572,2019,9570,,,,,,,,False
105.39772034,-3.28405714,2019-11-09 12:00:00,LAPAN,SNPP,Verified Fire,SUMSEL,9573,2019,2019:9573,2019,9571,,,,,,,,False
105.74503326,-3.77964449,2019-11-09 12:00:00,LAPAN,SNPP,Verified Fire,SUMSEL,9575,2019,2019:9575,2019,9573,,,,,,,,False
105.77893829,-3.77457118,2019-11-09 12:00:00,LAPAN,SNPP,Verified Fire,SUMSEL,9576,2019,2019:9576,2019,9574,,,,,,,,False
105.84841156,-3.81111526,2019-11-09 12:00:00,LAPAN,SNPP,Verified Fire,SUMSEL,9579,2019,2019:9579,2019,9577,,,,,,,,False
105.5773468,-3.89162874,2019-11-09 12:00:00,LAPAN,SNPP,Verified Fire,SUMSEL,9581,2019,2019:9581,2019,9579,,,,,,,,False
105.62703705,-3.78171349,2019-11-09 12:00:00,LAPAN,SNPP,Verified Fire,SUMSEL,9583,2019,2019:9583,2019,9581,,,,,,,,False
105.60494995,-3.75953627,2019-11-09 12:00:00,LAPAN,SNPP,Verified Fire,SUMSEL,9585,2019,2019:9585,2019,9583,,,,,,,,False
105.7293,-3.3215,2019-11-09 12:00:00,ASMC,NOAA20,Verified Fire,SUMSEL,9586,2019,2019:9586,2019,9584,,,,,,,,False
105.2439,-3.0298,2019-11-09 12:00:00,ASMC,NOAA20,Verified Fire,SUMSEL,9588,2019,2019:9588,2019,9586,,,,,,,,False
105.72927856,-3.32152987,2019-11-09 12:00:00,LAPAN,SNPP,Verified Fire,SUMSEL,9590,2019,2019:9590,2019,9588,,,,,,,,False
105.24986267,-3.02891707,2019-11-09 12:00:00,LAPAN,SNPP,Verified Fire,SUMSEL,9591,2019,2019:9591,2019,9589,,,,,,,,False
105.21379089,-3.07592607,2019-11-09 12:00:00,LAPAN,SNPP,Verified Fire,SUMSEL,9592,2019,2019:9592,2019,9590,,,,,,,,False
105.74414825,-3.47355556,2019-11-09 12:00:00,LAPAN,SNPP,Verified Fire,SUMSEL,9594,2019,2019:9594,2019,9592,,,,,,,,False
105.7329,-3.4752,2019-11-09 12:00:00,ASMC,NOAA20,Verified Fire,SUMSEL,9595,2019,2019:9595,2019,9593,,,,,,,,False
105.73943329,-3.55127501,2019-11-09 12:00:00,LAPAN,SNPP,Verified Fire,SUMSEL,9596,2019,2019:9596,2019,9594,,,,,,,,False
105.69919586,-3.56129885,2019-11-09 12:00:00,LAPAN,SNPP,Verified Fire,SUMSEL,9598,2019,2019:9598,2019,9596,,,,,,,,False
105.3412,-2.6271,2019-11-09 12:00:00,ASMC,NOAA20,Verified No fire,SUMSEL,9599,2019,2019:9599,2019,9597,,,,,,,,False
105.7582,-3.3945,2019-11-09 12:00:00,ASMC,NOAA20,Verified Fire,SUMSEL,9600,2019,2019:9600,2019,9598,,,,,,,,False
105.7805,-3.3912,2019-11-09 12:00:00,ASMC,NOAA20,Verified Fire,SUMSEL,9601,2019,2019:9601,2019,9599,,,,,,,,False
105.78047943,-3.39122391,2019-11-09 12:00:00,LAPAN,SNPP,Verified Fire,SUMSEL,9602,2019,2019:9602,2019,9600,,,,,,,,False
105.6710968,-3.34627461,2019-11-09 12:00:00,LAPAN,SNPP,Verified Fire,SUMSEL,9603,2019,2019:9603,2019,9601,,,,,,,,False
105.31573486,-2.6456008,2019-11-09 12:00:00,LAPAN,SNPP,Verified No fire,SUMSEL,9605,2019,2019:9605,2019,9603,,,,,,,,False
105.29738617,-2.95597172,2019-11-09 12:00:00,LAPAN,SNPP,Verified Fire,SUMSEL,9608,2019,2019:9608,2019,9606,,,,,,,,False
105.3977,-3.2841,2019-11-09 12:00:00,ASMC,NOAA20,Verified No fire,SUMSEL,9609,2019,2019:9609,2019,9607,,,,,,,,False
105.73677826,-3.87352419,2019-11-09 12:00:00,LAPAN,SNPP,Verified Fire,SUMSEL,9610,2019,2019:9610,2019,9608,,,,,,,,False
105.78499603,-3.86674762,2019-11-09 12:00:00,LAPAN,SNPP,Verified Fire,SUMSEL,9611,2019,2019:9611,2019,9609,,,,,,,,False
105.7789,-3.7746,2019-11-09 12:00:00,ASMC,NOAA20,Verified Fire,SUMSEL,9613,2019,2019:9613,2019,9611,,,,,,,,False
105.82749176,-3.82426953,2019-11-09 12:00:00,LAPAN,SNPP,Verified Fire,SUMSEL,9614,2019,2019:9614,2019,9612,,,,,,,,False
105.82891083,-3.83417583,2019-11-09 12:00:00,LAPAN,SNPP,Verified Fire,SUMSEL,9615,2019,2019:9615,2019,9613,,,,,,,,False
105.75715637,-3.81419706,2019-11-09 12:00:00,LAPAN,SNPP,Verified Fire,SUMSEL,9618,2019,2019:9618,2019,9616,,,,,,,,False
105.534935,-3.8875618,2019-11-09 12:00:00,LAPAN,SNPP,Verified Fire,SUMSEL,9622,2019,2019:9622,2019,9620,,,,,,,,False
105.57434845,-3.79489183,2019-11-09 12:00:00,LAPAN,SNPP,Verified Fire,SUMSEL,9624,2019,2019:9624,2019,9622,,,,,,,,False
105.7556,-3.2672,2019-11-09 12:00:00,ASMC,NOAA20,Verified Fire,SUMSEL,9625,2019,2019:9625,2019,9623,,,,,,,,False
105.3099,-2.6464,2019-11-09 12:00:00,ASMC,NOAA20,Verified No fire,SUMSEL,9628,2019,2019:9628,2019,9626,,,,,,,,False
105.67010498,-3.57125401,2019-11-09 12:00:00,LAPAN,SNPP,Verified Fire,SUMSEL,9631,2019,2019:9631,2019,9629,,,,,,,,False
105.73019409,-3.35811257,2019-11-09 12:00:00,LAPAN,SNPP,Verified Fire,SUMSEL,9635,2019,2019:9635,2019,9633,,,,,,,,False
105.74044037,-3.31986713,2019-11-09 12:00:00,LAPAN,SNPP,Verified Fire,SUMSEL,9638,2019,2019:9638,2019,9636,,,,,,,,False
105.7302,-3.3581,2019-11-09 12:00:00,ASMC,NOAA20,Verified Fire,SUMSEL,9639,2019,2019:9639,2019,9637,,,,,,,,False
105.23937225,-3.04086232,2019-11-09 12:00:00,LAPAN,SNPP,Verified Fire,SUMSEL,9640,2019,2019:9640,2019,9638,,,,,,,,False
105.75557709,-3.26718712,2019-11-09 12:00:00,LAPAN,SNPP,Verified Fire,SUMSEL,9643,2019,2019:9643,2019,9641,,,,,,,,False
105.6701889,-3.61199784,2019-11-09 12:00:00,LAPAN,SNPP,Verified Fire,SUMSEL,9644,2019,2019:9644,2019,9642,,,,,,,,False
105.83725739,-3.8127358,2019-11-09 12:00:00,LAPAN,SNPP,Verified Fire,SUMSEL,9647,2019,2019:9647,2019,9645,,,,,,,,False
105.85105133,-3.84736443,2019-11-09 12:00:00,LAPAN,SNPP,Verified Fire,SUMSEL,9648,2019,2019:9648,2019,9646,,,,,,,,False
105.79156494,-3.38960266,2019-11-09 12:00:00,LAPAN,SNPP,Verified Fire,SUMSEL,9650,2019,2019:9650,2019,9648,,,,,,,,False
105.74016571,-3.42746449,2019-11-09 12:00:00,LAPAN,SNPP,Verified Fire,SUMSEL,9651,2019,2019:9651,2019,9649,,,,,,,,False
105.73162842,-3.36801839,2019-11-09 12:00:00,LAPAN,SNPP,Verified Fire,SUMSEL,9652,2019,2019:9652,2019,9650,,,,,,,,False
105.7402,-3.4275,2019-11-09 12:00:00,ASMC,NOAA20,Verified Fire,SUMSEL,9654,2019,2019:9654,2019,9652,,,,,,,,False
105.7404,-3.3199,2019-11-09 12:00:00,ASMC,NOAA20,Verified Fire,SUMSEL,9655,2019,2019:9655,2019,9653,,,,,,,,False
105.6393,-3.3349,2019-11-09 12:00:00,ASMC,NOAA20,Verified Fire,SUMSEL,9656,2019,2019:9656,2019,9654,,,,,,,,False
105.18665314,-3.10088778,2019-11-09 12:00:00,LAPAN,SNPP,Verified Fire,SUMSEL,9657,2019,2019:9657,2019,9655,,,,,,,,False
105.79627991,-3.86516261,2019-11-09 12:00:00,LAPAN,SNPP,Verified Fire,SUMSEL,9658,2019,2019:9658,2019,9656,,,,,,,,False
105.83432007,-3.89016581,2019-11-09 12:00:00,LAPAN,SNPP,Verified Fire,SUMSEL,9659,2019,2019:9659,2019,9657,,,,,,,,False
105.84983063,-3.82101011,2019-11-09 12:00:00,LAPAN,SNPP,Verified Fire,SUMSEL,9660,2019,2019:9660,2019,9658,,,,,,,,False
105.7572,-3.8142,2019-11-09 12:00:00,ASMC,NOAA20,Verified Fire,SUMSEL,9662,2019,2019:9662,2019,9660,,,,,,,,False
105.3901,-3.6941,2019-11-09 12:00:00,ASMC,NOAA20,Verified Fire,SUMSEL,9664,2019,2019:9664,2019,9662,,,,,,,,False
105.25133514,-3.03910613,2019-11-09 12:00:00,LAPAN,SNPP,Verified Fire,SUMSEL,9665,2019,2019:9665,2019,9663,,,,,,,,False
105.59067535,-3.8176496,2019-11-09 12:00:00,LAPAN,SNPP,Verified Fire,SUMSEL,9668,2019,2019:9668,2019,9666,,,,,,,,False
105.6992,-3.5613,2019-11-09 12:00:00,ASMC,NOAA20,Verified Fire,SUMSEL,9669,2019,2019:9669,2019,9667,,,,,,,,False
105.72319031,-3.79872799,2019-11-09 12:00:00,LAPAN,SNPP,Verified Fire,SUMSEL,9671,2019,2019:9671,2019,9669,,,,,,,,False
105.34117126,-2.62708902,2019-11-09 12:00:00,LAPAN,SNPP,Verified No fire,SUMSEL,9674,2019,2019:9674,2019,9672,,,,,,,,False
105.24099731,-2.98520398,2019-11-09 12:00:00,LAPAN,SNPP,Verified Fire,SUMSEL,9675,2019,2019:9675,2019,9673,,,,,,,,False
105.23484802,-3.0519464,2019-11-09 12:00:00,LAPAN,SNPP,Verified Fire,SUMSEL,9676,2019,2019:9676,2019,9674,,,,,,,,False
105.71183014,-3.80035019,2019-11-09 12:00:00,LAPAN,SNPP,Verified Fire,SUMSEL,9677,2019,2019:9677,2019,9675,,,,,,,,False
105.7118,-3.8004,2019-11-09 12:00:00,ASMC,NOAA20,Verified Fire,SUMSEL,9678,2019,2019:9678,2019,9676,,,,,,,,False
105.73292542,-3.47516465,2019-11-09 12:00:00,LAPAN,SNPP,Verified Fire,SUMSEL,9679,2019,2019:9679,2019,9677,,,,,,,,False
105.70700836,-3.56601572,2019-11-09 12:00:00,LAPAN,SNPP,Verified Fire,SUMSEL,9680,2019,2019:9680,2019,9678,,,,,,,,False
105.43710327,-2.52087855,2019-11-09 12:00:00,LAPAN,SNPP,Verified No fire,SUMSEL,9682,2019,2019:9682,2019,9680,,,,,,,,False
105.8343,-3.8902,2019-11-09 12:00:00,ASMC,NOAA20,Verified Fire,SUMSEL,9683,2019,2019:9683,2019,9681,,,,,,,,False
105.745,-3.7796,2019-11-09 12:00:00,ASMC,NOAA20,Verified Fire,SUMSEL,9685,2019,2019:9685,2019,9683,,,,,,,,False
105.80755615,-3.8635776,2019-11-09 12:00:00,LAPAN,SNPP,Verified Fire,SUMSEL,9687,2019,2019:9687,2019,9685,,,,,,,,False
105.31367493,-2.90181899,2019-11-09 12:00:00,LAPAN,SNPP,Verified Fire,SUMSEL,9690,2019,2019:9690,2019,9688,,,,,,,,False
105.64672089,-3.45699763,2019-11-09 12:00:00,LAPAN,SNPP,Verified Fire,SUMSEL,9691,2019,2019:9691,2019,9689,,,,,,,,False
105.24990845,-2.98731852,2019-11-09 12:00:00,LAPAN,SNPP,Verified Fire,SUMSEL,9696,2019,2019:9696,2019,9694,,,,,,,,False
105.82608795,-3.81435633,2019-11-09 12:00:00,LAPAN,SNPP,Verified Fire,SUMSEL,9700,2019,2019:9700,2019,9698,,,,,,,,False
105.89567566,-3.82438993,2019-11-09 12:00:00,LAPAN,SNPP,Verified Fire,SUMSEL,9701,2019,2019:9701,2019,9699,,,,,,,,False
105.79104614,-3.80930448,2019-11-09 12:00:00,LAPAN,SNPP,Verified Fire,SUMSEL,9702,2019,2019:9702,2019,9700,,,,,,,,False
105.7963,-3.8652,2019-11-09 12:00:00,ASMC,NOAA20,Verified Fire,SUMSEL,9703,2019,2019:9703,2019,9701,,,,,,,,False
105.39606476,-3.69324851,2019-11-09 12:00:00,LAPAN,SNPP,Verified Fire,SUMSEL,9705,2019,2019:9705,2019,9703,,,,,,,,False
105.75823975,-3.39447474,2019-11-09 12:00:00,LAPAN,SNPP,Verified Fire,SUMSEL,9706,2019,2019:9706,2019,9704,,,,,,,,False
105.73,-3.59877,2019-11-09 13:00:00,LAPAN,SNPP,Verified Fire,SUMSEL,9763,2019,2019:9763,2019,9761,,,,,,,,False
105.761,-3.90972,2019-11-09 13:00:00,LAPAN,SNPP,Verified Fire,SUMSEL,9784,2019,2019:9784,2019,9782,,,,,,,,False
105.531669617,-3.88977384567,2019-11-09 13:00:00,LAPAN,Aqua,Verified Fire,SUMSEL,9794,2019,2019:9794,2019,9792,,,,,,,,False
105.686523438,-3.58016514778,2019-11-09 22:00:00,LAPAN,Terra,Verified Fire,SUMSEL,9894,2019,2019:9894,2019,9892,,,,,,,,False
105.244163513,-3.05326962471,2019-11-09 22:00:00,LAPAN,Terra,Verified Fire,SUMSEL,9895,2019,2019:9895,2019,9893,,,,,,,,False
105.217330933,-3.05039548874,2019-11-09 22:00:00,LAPAN,Terra,Verified Fire,SUMSEL,9896,2019,2019:9896,2019,9894,,,,,,,,False
105.62953949,-3.33284592628,2019-11-09 22:00:00,LAPAN,Terra,Verified Fire,SUMSEL,9897,2019,2019:9897,2019,9895,,,,,,,,False
103.886299133,-1.85766780376,2019-11-09 22:00:00,LAPAN,Terra,Fire inside Sitrep,SUMSEL MUBA,9898,2019,2019:9898,2019,9896,,,,,,,,False
105.809432983,-3.82714891434,2019-11-09 22:00:00,LAPAN,Terra,Verified Fire,SUMSEL,9899,2019,2019:9899,2019,9897,,,,,,,,False
105.844612122,-3.82163095474,2019-11-09 22:00:00,LAPAN,Terra,Verified Fire,SUMSEL,9900,2019,2019:9900,2019,9898,,,,,,,,False
105.2473526,-3.0292160511,2019-11-09 22:00:00,LAPAN,Terra,Verified Fire,SUMSEL,9901,2019,2019:9901,2019,9899,,,,,,,,False
103.859901428,-1.86177766323,2019-11-09 22:00:00,LAPAN,Terra,Fire inside Sitrep,SUMSEL MUBA,9902,2019,2019:9902,2019,9900,,,,,,,,False
105.84728241,-3.83817410469,2019-11-09 22:00:00,LAPAN,Terra,Verified Fire,SUMSEL,9903,2019,2019:9903,2019,9901,,,,,,,,False
105.841957092,-3.80508446693,2019-11-09 22:00:00,LAPAN,Terra,Verified Fire,SUMSEL,9904,2019,2019:9904,2019,9902,,,,,,,,False
105.817436218,-3.83264422417,2019-11-09 22:00:00,LAPAN,Terra,Verified Fire,SUMSEL,9905,2019,2019:9905,2019,9903,,,,,,,,False
105.249855042,-3.04526114464,2019-11-09 22:00:00,LAPAN,Terra,Verified Fire,SUMSEL,9906,2019,2019:9906,2019,9904,,,,,,,,False
105.211601257,-3.05815505981,2019-11-09 22:00:00,LAPAN,Terra,Verified Fire,SUMSEL,9907,2019,2019:9907,2019,9905,,,,,,,,False
105.241622925,-3.03723192215,2019-11-09 22:00:00,LAPAN,Terra,Verified Fire,SUMSEL,9908,2019,2019:9908,2019,9906,,,,,,,,False
105.25405884,-3.03829741,2019-11-10 01:00:00,LAPAN,SNPP,Verified Fire,SUMSEL,9926,2019,2019:9926,2019,9924,,,,,,,,False
105.69595337,-3.57243133,2019-11-10 01:00:00,LAPAN,SNPP,Verified Fire,SUMSEL,9927,2019,2019:9927,2019,9925,,,,,,,,False
105.23621368,-3.04293919,2019-11-10 01:00:00,LAPAN,SNPP,Verified Fire,SUMSEL,9928,2019,2019:9928,2019,9926,,,,,,,,False
105.21510315,-3.08146906,2019-11-10 01:00:00,LAPAN,SNPP,Verified Fire,SUMSEL,9929,2019,2019:9929,2019,9927,,,,,,,,False
105.61863708,-3.32694411,2019-11-10 01:00:00,LAPAN,SNPP,Verified Fire,SUMSEL,9930,2019,2019:9930,2019,9928,,,,,,,,False
105.83789062,-3.83343291,2019-11-10 01:00:00,LAPAN,SNPP,Verified Fire,SUMSEL,9931,2019,2019:9931,2019,9929,,,,,,,,False
105.77985382,-3.77030635,2019-11-10 01:00:00,LAPAN,SNPP,Verified Fire,SUMSEL,9932,2019,2019:9932,2019,9930,,,,,,,,False
105.60634613,-3.7588563,2019-11-10 01:00:00,LAPAN,SNPP,Verified Fire,SUMSEL,9933,2019,2019:9933,2019,9931,,,,,,,,False
105.6451416,-3.3310647,2019-11-10 01:00:00,LAPAN,SNPP,Verified Fire,SUMSEL,9934,2019,2019:9934,2019,9932,,,,,,,,False
105.84976196,-3.80430698,2019-11-10 01:00:00,LAPAN,SNPP,Verified Fire,SUMSEL,9935,2019,2019:9935,2019,9933,,,,,,,,False
105.84055328,-3.80288339,2019-11-10 01:00:00,LAPAN,SNPP,Verified Fire,SUMSEL,9936,2019,2019:9936,2019,9934,,,,,,,,False
105.82063293,-3.82310963,2019-11-10 01:00:00,LAPAN,SNPP,Verified Fire,SUMSEL,9937,2019,2019:9937,2019,9935,,,,,,,,False
105.82868958,-3.8320477,2019-11-10 01:00:00,LAPAN,SNPP,Verified Fire,SUMSEL,9938,2019,2019:9938,2019,9936,,,,,,,,False
105.52786255,-2.69533992,2019-11-10 01:00:00,LAPAN,SNPP,Fire inside Sitrep,SUMSEL,9939,2019,2019:9939,2019,9937,,,,,,,,False
105.24678802,-3.02974892,2019-11-10 01:00:00,LAPAN,SNPP,Verified Fire,SUMSEL,9940,2019,2019:9940,2019,9938,,,,,,,,False
105.21508026,-3.06929994,2019-11-10 01:00:00,LAPAN,SNPP,Verified Fire,SUMSEL,9941,2019,2019:9941,2019,9939,,,,,,,,False
105.79772186,-3.85056353,2019-11-10 01:00:00,LAPAN,SNPP,Verified Fire,SUMSEL,9942,2019,2019:9942,2019,9940,,,,,,,,False
105.59739685,-3.75746894,2019-11-10 01:00:00,LAPAN,SNPP,Verified Fire,SUMSEL,9943,2019,2019:9943,2019,9941,,,,,,,,False
105.82907867,-3.8165803,2019-11-10 01:00:00,LAPAN,SNPP,Verified Fire,SUMSEL,9944,2019,2019:9944,2019,9942,,,,,,,,False
105.83135986,-3.80145144,2019-11-10 01:00:00,LAPAN,SNPP,Verified Fire,SUMSEL,9945,2019,2019:9945,2019,9943,,,,,,,,False
105.84596252,-3.84239197,2019-11-10 01:00:00,LAPAN,SNPP,Verified Fire,SUMSEL,9946,2019,2019:9946,2019,9944,,,,,,,,False
105.84941101,-3.81967068,2019-11-10 01:00:00,LAPAN,SNPP,Verified Fire,SUMSEL,9947,2019,2019:9947,2019,9945,,,,,,,,False
105.85782623,-3.81331372,2019-11-10 01:00:00,LAPAN,SNPP,Verified Fire,SUMSEL,9948,2019,2019:9948,2019,9946,,,,,,,,False
105.22675323,-3.04888153,2019-11-10 01:00:00,LAPAN,SNPP,Verified Fire,SUMSEL,9949,2019,2019:9949,2019,9947,,,,,,,,False
105.23400879,-3.05743146,2019-11-10 01:00:00,LAPAN,SNPP,Verified Fire,SUMSEL,9950,2019,2019:9950,2019,9948,,,,,,,,False
105.62632751,-3.33575439,2019-11-10 01:00:00,LAPAN,SNPP,Verified Fire,SUMSEL,9951,2019,2019:9951,2019,9949,,,,,,,,False
105.24254608,-3.05041027,2019-11-10 12:00:00,LAPAN,Aqua,Verified Fire,SUMSEL,9956,2019,2019:9956,2019,9954,,,,,,,,False
105.29272461,-3.1277535,2019-11-10 12:00:00,LAPAN,Aqua,Verified Fire,SUMSEL,9957,2019,2019:9957,2019,9955,,,,,,,,False
105.7534256,-3.41538477,2019-11-10 12:00:00,LAPAN,Aqua,Verified Fire,SUMSEL,9958,2019,2019:9958,2019,9956,,,,,,,,False
105.6266861,-3.33228827,2019-11-10 12:00:00,LAPAN,Aqua,Verified Fire,SUMSEL,9959,2019,2019:9959,2019,9957,,,,,,,,False
105.6633,-3.35,2019-11-10 12:00:00,ASMC,NOAA20,Verified Fire,SUMSEL,9960,2019,2019:9960,2019,9958,,,,,,,,False
105.79507446,-3.84638,2019-11-10 12:00:00,LAPAN,Aqua,Verified Fire,SUMSEL,9963,2019,2019:9963,2019,9961,,,,,,,,False
105.84320068,-3.83967066,2019-11-10 12:00:00,LAPAN,Aqua,Verified Fire,SUMSEL,9964,2019,2019:9964,2019,9962,,,,,,,,False
105.8312149,-3.84134364,2019-11-10 12:00:00,LAPAN,Aqua,Verified Fire,SUMSEL,9965,2019,2019:9965,2019,9963,,,,,,,,False
105.81797791,-3.82003522,2019-11-10 12:00:00,LAPAN,Aqua,Verified Fire,SUMSEL,9966,2019,2019:9966,2019,9964,,,,,,,,False
105.50983429,-3.76650858,2019-11-10 12:00:00,LAPAN,Aqua,Verified Fire,SUMSEL,9969,2019,2019:9969,2019,9967,,,,,,,,False
105.23642731,-3.05853009,2019-11-10 12:00:00,LAPAN,Aqua,Verified Fire,SUMSEL,9972,2019,2019:9972,2019,9970,,,,,,,,False
105.50004578,-3.34527302,2019-11-10 12:00:00,LAPAN,Aqua,Verified Fire,SUMSEL,9975,2019,2019:9975,2019,9973,,,,,,,,False
105.6267,-3.3323,2019-11-10 12:00:00,ASMC,NOAA20,Verified Fire,SUMSEL,9978,2019,2019:9978,2019,9976,,,,,,,,False
105.2734,-2.905,2019-11-10 12:00:00,ASMC,NOAA20,Verified Fire,SUMSEL,9979,2019,2019:9979,2019,9977,,,,,,,,False
105.27341461,-2.90501785,2019-11-10 12:00:00,LAPAN,Aqua,Verified Fire,SUMSEL,9980,2019,2019:9980,2019,9978,,,,,,,,False
105.28605652,-2.90317798,2019-11-10 12:00:00,LAPAN,Aqua,Verified Fire,SUMSEL,9982,2019,2019:9982,2019,9980,,,,,,,,False
105.8537674,-3.81485057,2019-11-10 12:00:00,LAPAN,Aqua,Verified Fire,SUMSEL,9984,2019,2019:9984,2019,9982,,,,,,,,False
105.84185791,-3.81657386,2019-11-10 12:00:00,LAPAN,Aqua,Verified Fire,SUMSEL,9986,2019,2019:9986,2019,9984,,,,,,,,False
105.6713,-3.8497,2019-11-10 12:00:00,ASMC,NOAA20,Verified Fire,SUMSEL,9988,2019,2019:9988,2019,9986,,,,,,,,False
105.2287,-3.1371,2019-11-10 12:00:00,ASMC,NOAA20,Verified Fire,SUMSEL,9989,2019,2019:9989,2019,9987,,,,,,,,False
105.84505463,-3.8531611,2019-11-10 12:00:00,LAPAN,Aqua,Verified Fire,SUMSEL,9990,2019,2019:9990,2019,9988,,,,,,,,False
105.67127228,-3.84973454,2019-11-10 12:00:00,LAPAN,Aqua,Verified Fire,SUMSEL,9991,2019,2019:9991,2019,9989,,,,,,,,False
105.66330719,-3.3499577,2019-11-10 12:00:00,LAPAN,Aqua,Verified Fire,SUMSEL,9993,2019,2019:9993,2019,9991,,,,,,,,False
105.22873688,-3.13707471,2019-11-10 12:00:00,LAPAN,Aqua,Verified Fire,SUMSEL,9995,2019,2019:9995,2019,9993,,,,,,,,False
105.504,-3.3504,2019-11-10 12:00:00,ASMC,NOAA20,Verified Fire,SUMSEL,9998,2019,2019:9998,2019,9996,,,,,,,,False
105.73757172,-3.24721527,2019-11-10 12:00:00,LAPAN,Aqua,Verified Fire,SUMSEL,9999,2019,2019:9999,2019,9997,,,,,,,,False
105.6261,-3.7782,2019-11-10 12:00:00,ASMC,NOAA20,Verified Fire,SUMSEL,10000,2019,2019:10000,2019,9998,,,,,,,,False
105.82990265,-3.81830716,2019-11-10 12:00:00,LAPAN,Aqua,Verified Fire,SUMSEL,10001,2019,2019:10001,2019,9999,,,,,,,,False
105.7855,-3.8523,2019-11-10 12:00:00,ASMC,NOAA20,Verified Fire,SUMSEL,10002,2019,2019:10002,2019,10000,,,,,,,,False
105.74145508,-3.41706562,2019-11-10 12:00:00,LAPAN,Aqua,Verified Fire,SUMSEL,10004,2019,2019:10004,2019,10002,,,,,,,,False
105.78300476,-3.84806037,2019-11-10 12:00:00,LAPAN,Aqua,Verified Fire,SUMSEL,10007,2019,2019:10007,2019,10005,,,,,,,,False
105.2927,-3.1278,2019-11-10 12:00:00,ASMC,NOAA20,Verified Fire,SUMSEL,10009,2019,2019:10009,2019,10007,,,,,,,,False
105.62611389,-3.77820277,2019-11-10 12:00:00,LAPAN,Aqua,Verified Fire,SUMSEL,10010,2019,2019:10010,2019,10008,,,,,,,,False
105.637146,-3.33984637,2019-11-10 12:00:00,LAPAN,Aqua,Verified Fire,SUMSEL,10011,2019,2019:10011,2019,10009,,,,,,,,False
105.68345642,-3.57248211,2019-11-10 12:00:00,LAPAN,Aqua,Verified Fire,SUMSEL,10015,2019,2019:10015,2019,10013,,,,,,,,False
105.79693604,-3.85990548,2019-11-10 12:00:00,LAPAN,Aqua,Verified Fire,SUMSEL,10016,2019,2019:10016,2019,10014,,,,,,,,False
105.783,-3.8481,2019-11-10 12:00:00,ASMC,NOAA20,Verified Fire,SUMSEL,10018,2019,2019:10018,2019,10016,,,,,,,,False
105.67540741,-3.34823537,2019-11-10 12:00:00,LAPAN,Aqua,Verified Fire,SUMSEL,10019,2019,2019:10019,2019,10017,,,,,,,,False
105.213,-3.06025,2019-11-10 13:00:00,LAPAN,SNPP,Verified Fire,SUMSEL,10022,2019,2019:10022,2019,10020,,,,,,,,False
105.191,-3.05679,2019-11-10 13:00:00,LAPAN,SNPP,Verified Fire,SUMSEL,10023,2019,2019:10023,2019,10021,,,,,,,,False
105.176,-3.09924,2019-11-10 13:00:00,LAPAN,SNPP,Verified Fire,SUMSEL,10024,2019,2019:10024,2019,10022,,,,,,,,False
105.234,-3.10407,2019-11-10 13:00:00,LAPAN,SNPP,Verified Fire,SUMSEL,10025,2019,2019:10025,2019,10023,,,,,,,,False
105.556,-2.81245,2019-11-10 13:00:00,LAPAN,SNPP,Verified No fire,SUMSEL,10057,2019,2019:10057,2019,10055,,,,,,,,False
105.549,-2.8135,2019-11-10 13:00:00,LAPAN,SNPP,Verified No fire,SUMSEL,10058,2019,2019:10058,2019,10056,,,,,,,,False
105.234,-3.06376,2019-11-10 13:00:00,LAPAN,SNPP,Verified Fire,SUMSEL,10059,2019,2019:10059,2019,10057,,,,,,,,False
105.215,-3.08023,2019-11-10 13:00:00,LAPAN,SNPP,Verified Fire,SUMSEL,10060,2019,2019:10060,2019,10058,,,,,,,,False
105.208,-3.07462,2019-11-10 13:00:00,LAPAN,SNPP,Verified Fire,SUMSEL,10061,2019,2019:10061,2019,10059,,,,,,,,False
105.202,-3.08237,2019-11-10 13:00:00,LAPAN,SNPP,Verified Fire,SUMSEL,10062,2019,2019:10062,2019,10060,,,,,,,,False
103.071,-0.755206,2019-11-10 13:00:00,LAPAN,SNPP,Verified No fire,JAMBI SMF,10072,2019,2019:10072,2019,10070,,,,,,,,False
105.684,-3.35355,2019-11-10 13:00:00,LAPAN,SNPP,Verified Fire,SUMSEL,10085,2019,2019:10085,2019,10083,,,,,,,,False
105.222,-3.11949,2019-11-10 13:00:00,LAPAN,SNPP,Verified Fire,SUMSEL,10114,2019,2019:10114,2019,10112,,,,,,,,False
105.197,-3.0961,2019-11-10 13:00:00,LAPAN,SNPP,Verified Fire,SUMSEL,10138,2019,2019:10138,2019,10136,,,,,,,,False
103.362,-1.17164,2019-11-10 13:00:00,LAPAN,SNPP,Verified No fire,JAMBI SMF,10139,2019,2019:10139,2019,10137,,,,,,,,False
105.675,-3.57106,2019-11-10 13:00:00,LAPAN,SNPP,Verified Fire,SUMSEL,10142,2019,2019:10142,2019,10140,,,,,,,,False
105.61,-3.83789,2019-11-10 13:00:00,LAPAN,SNPP,Verified Fire,SUMSEL,10148,2019,2019:10148,2019,10146,,,,,,,,False
105.836,-3.831,2019-11-10 13:00:00,LAPAN,SNPP,Verified Fire,SUMSEL,10151,2019,2019:10151,2019,10149,,,,,,,,False
102.81,-0.996323,2019-11-10 13:00:00,LAPAN,SNPP,Verified Fire,JAMBI SMF,10171,2019,2019:10171,2019,10169,,,,,,,,False
105.551,-3.77972,2019-11-10 13:00:00,LAPAN,SNPP,Verified Fire,SUMSEL,10172,2019,2019:10172,2019,10170,,,,,,,,False
105.204,-3.09506,2019-11-10 13:00:00,LAPAN,SNPP,Verified Fire,SUMSEL,10173,2019,2019:10173,2019,10171,,,,,,,,False
105.8086,-3.3916,2019-11-10 14:00:00,ASMC,NOAA20,Verified Fire,SUMSEL,10185,2019,2019:10185,2019,10183,,,,,,,,False
105.8065,-3.3782,2019-11-10 14:00:00,ASMC,NOAA20,Verified Fire,SUMSEL,10186,2019,2019:10186,2019,10184,,,,,,,,False
105.7875,-3.8488,2019-11-10 14:00:00,ASMC,NOAA20,Verified Fire,SUMSEL,10190,2019,2019:10190,2019,10188,,,,,,,,False
105.6718,-3.8551,2019-11-10 14:00:00,ASMC,NOAA20,Verified Fire,SUMSEL,10192,2019,2019:10192,2019,10190,,,,,,,,False
105.6114,-3.8385,2019-11-10 14:00:00,ASMC,NOAA20,Verified Fire,SUMSEL,10197,2019,2019:10197,2019,10195,,,,,,,,False
104.1187,-1.6909,2019-11-10 14:00:00,ASMC,NOAA20,Verified No fire,SUMSEL MUBA,10199,2019,2019:10199,2019,10197,,,,,,,,False
103.6206,-1.3831,2019-11-10 14:00:00,ASMC,NOAA20,Verified No fire,JAMBI SMF,10201,2019,2019:10201,2019,10199,,,,,,,,False
104.3084,-2.0563,2019-11-10 14:00:00,ASMC,NOAA20,Verified No fire,SUMSEL MUBA,10202,2019,2019:10202,2019,10200,,,,,,,,False
105.7524,-3.4149,2019-11-10 14:00:00,ASMC,NOAA20,Verified Fire,SUMSEL,10208,2019,2019:10208,2019,10206,,,,,,,,False
105.5185,-3.4144,2019-11-10 14:00:00,ASMC,NOAA20,Verified Fire,SUMSEL,10209,2019,2019:10209,2019,10207,,,,,,,,False
105.552032471,-2.80892586708,2019-11-10 22:00:00,LAPAN,Terra,Verified No fire,SUMSEL,10236,2019,2019:10236,2019,10234,,,,,,,,False
105.682723999,-3.32766127586,2019-11-10 22:00:00,LAPAN,Terra,Verified Fire,SUMSEL,10239,2019,2019:10239,2019,10237,,,,,,,,False
105.811,-3.79515,2019-11-11 00:00:00,LAPAN,SNPP,Verified Fire,SUMSEL,10262,2019,2019:10262,2019,10260,,,,,,,,False
105.79030609,-3.84483695,2019-11-11 01:00:00,LAPAN,SNPP,Verified Fire,SUMSEL,10265,2019,2019:10265,2019,10263,,,,,,,,False
105.80039215,-3.82600808,2019-11-11 01:00:00,LAPAN,SNPP,Verified Fire,SUMSEL,10266,2019,2019:10266,2019,10264,,,,,,,,False
105.84109497,-3.83928466,2019-11-11 01:00:00,LAPAN,SNPP,Verified Fire,SUMSEL,10267,2019,2019:10267,2019,10265,,,,,,,,False
105.81049347,-3.80717516,2019-11-11 01:00:00,LAPAN,SNPP,Verified Fire,SUMSEL,10268,2019,2019:10268,2019,10266,,,,,,,,False
105.80414581,-3.79958296,2019-11-11 01:00:00,LAPAN,SNPP,Verified Fire,SUMSEL,10269,2019,2019:10269,2019,10267,,,,,,,,False
105.77349091,-3.76748705,2019-11-11 01:00:00,LAPAN,SNPP,Verified Fire,SUMSEL,10270,2019,2019:10270,2019,10268,,,,,,,,False
105.57672882,-3.79043746,2019-11-11 01:00:00,LAPAN,SNPP,Verified Fire,SUMSEL,10271,2019,2019:10271,2019,10269,,,,,,,,False
105.61339569,-3.32785225,2019-11-11 01:00:00,LAPAN,SNPP,Verified Fire,SUMSEL,10274,2019,2019:10274,2019,10272,,,,,,,,False
105.82718658,-3.83707094,2019-11-11 01:00:00,LAPAN,SNPP,Verified Fire,SUMSEL,10275,2019,2019:10275,2019,10273,,,,,,,,False
105.60250092,-3.76097631,2019-11-11 01:00:00,LAPAN,SNPP,Verified Fire,SUMSEL,10276,2019,2019:10276,2019,10274,,,,,,,,False
105.54893494,-2.81415486,2019-11-11 01:00:00,LAPAN,SNPP,Verified Fire,SUMSEL,10280,2019,2019:10280,2019,10278,,,,,,,,False
105.25009155,-3.03939056,2019-11-11 01:00:00,LAPAN,SNPP,Verified Fire,SUMSEL,10281,2019,2019:10281,2019,10279,,,,,,,,False
105.24076843,-3.05175424,2019-11-11 01:00:00,LAPAN,SNPP,Verified Fire,SUMSEL,10282,2019,2019:10282,2019,10280,,,,,,,,False
105.23249054,-3.05737758,2019-11-11 01:00:00,LAPAN,SNPP,Verified Fire,SUMSEL,10283,2019,2019:10283,2019,10281,,,,,,,,False
105.21627045,-3.06662726,2019-11-11 01:00:00,LAPAN,SNPP,Verified Fire,SUMSEL,10284,2019,2019:10284,2019,10282,,,,,,,,False
105.43566132,-3.30672264,2019-11-11 01:00:00,LAPAN,SNPP,Verified Fire,SUMSEL,10285,2019,2019:10285,2019,10283,,,,,,,,False
105.548187256,-2.80527663231,2019-11-11 01:00:00,LAPAN,Aqua,Verified No fire,SUMSEL,10292,2019,2019:10292,2019,10290,,,,,,,,False
105.56476593,-2.80771613121,2019-11-11 01:00:00,LAPAN,Aqua,Verified No fire,SUMSEL,10295,2019,2019:10295,2019,10293,,,,,,,,False
105.81188965,-3.88911772,2019-11-11 01:00:00,LAPAN,SNPP,Verified Fire,SUMSEL,10296,2019,2019:10296,2019,10294,,,,,,,,False
105.71448517,-3.37054324,2019-11-11 01:00:00,LAPAN,SNPP,Verified Fire,SUMSEL,10298,2019,2019:10298,2019,10296,,,,,,,,False
105.20694733,-3.07898045,2019-11-11 01:00:00,LAPAN,SNPP,Verified Fire,SUMSEL,10299,2019,2019:10299,2019,10297,,,,,,,,False
105.23462677,-3.04386759,2019-11-11 01:00:00,LAPAN,SNPP,Verified Fire,SUMSEL,10300,2019,2019:10300,2019,10298,,,,,,,,False
105.34365082,-2.62628746,2019-11-11 01:00:00,LAPAN,SNPP,Verified No fire,SUMSEL,10302,2019,2019:10302,2019,10300,,,,,,,,False
105.84591675,-3.80615497,2019-11-11 01:00:00,LAPAN,SNPP,Verified Fire,SUMSEL,10303,2019,2019:10303,2019,10301,,,,,,,,False
105.60460663,-3.74763298,2019-11-11 01:00:00,LAPAN,SNPP,Verified Fire,SUMSEL,10306,2019,2019:10306,2019,10304,,,,,,,,False
105.72045135,-3.37832236,2019-11-11 01:00:00,LAPAN,SNPP,Verified Fire,SUMSEL,10308,2019,2019:10308,2019,10306,,,,,,,,False
105.6344986,-3.3311801,2019-11-11 01:00:00,LAPAN,SNPP,Verified Fire,SUMSEL,10310,2019,2019:10310,2019,10308,,,,,,,,False
105.6485672,-3.33338857,2019-11-11 01:00:00,LAPAN,SNPP,Verified Fire,SUMSEL,10311,2019,2019:10311,2019,10309,,,,,,,,False
105.57546997,-3.74987364,2019-11-11 01:00:00,LAPAN,SNPP,Verified Fire,SUMSEL,10312,2019,2019:10312,2019,10310,,,,,,,,False
105.24395752,-3.03150368,2019-11-11 01:00:00,LAPAN,SNPP,Verified Fire,SUMSEL,10313,2019,2019:10313,2019,10311,,,,,,,,False
105.8062439,-3.78628588,2019-11-11 01:00:00,LAPAN,SNPP,Verified Fire,SUMSEL,10315,2019,2019:10315,2019,10313,,,,,,,,False
105.82231903,-3.82267928,2019-11-11 01:00:00,LAPAN,SNPP,Verified Fire,SUMSEL,10320,2019,2019:10320,2019,10318,,,,,,,,False
105.80214691,-3.86033535,2019-11-11 01:00:00,LAPAN,SNPP,Verified Fire,SUMSEL,10321,2019,2019:10321,2019,10319,,,,,,,,False
105.79901886,-3.88027477,2019-11-11 01:00:00,LAPAN,SNPP,Verified Fire,SUMSEL,10326,2019,2019:10326,2019,10324,,,,,,,,False
105.85222626,-3.81381083,2019-11-11 01:00:00,LAPAN,SNPP,Verified Fire,SUMSEL,10327,2019,2019:10327,2019,10325,,,,,,,,False
105.83136749,-3.81048822,2019-11-11 01:00:00,LAPAN,SNPP,Verified Fire,SUMSEL,10328,2019,2019:10328,2019,10326,,,,,,,,False
105.709907532,-3.36681699753,2019-11-11 10:00:00,LAPAN,Terra,Verified Fire,SUMSEL,10337,2019,2019:10337,2019,10335,,,,,,,,False
105.560569763,-3.27253246307,2019-11-11 10:00:00,LAPAN,Terra,Fire inside Sitrep,SUMSEL,10351,2019,2019:10351,2019,10349,,,,,,,,False
105.469841003,-2.53740143776,2019-11-11 10:00:00,LAPAN,Terra,Verified No fire,SUMSEL,10353,2019,2019:10353,2019,10351,,,,,,,,False
105.479827881,-2.53884315491,2019-11-11 10:00:00,LAPAN,Terra,Verified No fire,SUMSEL,10367,2019,2019:10367,2019,10365,,,,,,,,False
105.854393005,-3.81798744202,2019-11-11 10:00:00,LAPAN,Terra,Verified Fire,SUMSEL,10370,2019,2019:10370,2019,10368,,,,,,,,False
105.578018188,-3.88966703415,2019-11-11 10:00:00,LAPAN,Terra,Verified Fire,SUMSEL,10372,2019,2019:10372,2019,10370,,,,,,,,False
105.552215576,-2.81093788147,2019-11-11 10:00:00,LAPAN,Terra,Verified No fire,SUMSEL,10382,2019,2019:10382,2019,10380,,,,,,,,False
105.439933777,-2.53308463097,2019-11-11 10:00:00,LAPAN,Terra,Verified No fire,SUMSEL,10383,2019,2019:10383,2019,10381,,,,,,,,False
105.805885315,-3.85090589523,2019-11-11 10:00:00,LAPAN,Terra,Verified Fire,SUMSEL,10386,2019,2019:10386,2019,10384,,,,,,,,False
105.797889709,-3.82978510857,2019-11-11 10:00:00,LAPAN,Terra,Verified Fire,SUMSEL,10397,2019,2019:10397,2019,10395,,,,,,,,False
105.441,-2.53447,2019-11-11 13:00:00,LAPAN,SNPP,Verified No fire,SUMSEL,10411,2019,2019:10411,2019,10409,,,,,,,,False
105.7554,-3.5411,2019-11-11 13:00:00,ASMC,NOAA20,Verified Fire,SUMSEL,10419,2019,2019:10419,2019,10417,,,,,,,,False
105.255,-2.94375,2019-11-11 13:00:00,LAPAN,SNPP,Verified Fire,SUMSEL,10422,2019,2019:10422,2019,10420,,,,,,,,False
105.213,-3.06477,2019-11-11 13:00:00,LAPAN,SNPP,Verified Fire,SUMSEL,10423,2019,2019:10423,2019,10421,,,,,,,,False
105.182,-3.05388,2019-11-11 13:00:00,LAPAN,SNPP,Verified Fire,SUMSEL,10424,2019,2019:10424,2019,10422,,,,,,,,False
105.612,-3.33798,2019-11-11 13:00:00,LAPAN,SNPP,Verified Fire,SUMSEL,10428,2019,2019:10428,2019,10426,,,,,,,,False
105.682846069,-3.36589932442,2019-11-11 13:00:00,LAPAN,Aqua,Verified Fire,SUMSEL,10429,2019,2019:10429,2019,10427,,,,,,,,False
105.60565186,-3.33015156,2019-11-11 13:00:00,LAPAN,Aqua,Verified Fire,SUMSEL,10431,2019,2019:10431,2019,10429,,,,,,,,False
105.611,-3.32993,2019-11-11 13:00:00,LAPAN,SNPP,Verified Fire,SUMSEL,10432,2019,2019:10432,2019,10430,,,,,,,,False
105.595,-3.3319,2019-11-11 13:00:00,ASMC,NOAA20,Verified Fire,SUMSEL,10433,2019,2019:10433,2019,10431,,,,,,,,False
105.8303,-3.8449,2019-11-11 13:00:00,ASMC,NOAA20,Verified Fire,SUMSEL,10438,2019,2019:10438,2019,10436,,,,,,,,False
105.48361206,-3.76303506,2019-11-11 13:00:00,LAPAN,Aqua,Verified Fire,SUMSEL,10444,2019,2019:10444,2019,10442,,,,,,,,False
105.4323,-3.3102,2019-11-11 13:00:00,ASMC,NOAA20,Verified Fire,SUMSEL,10450,2019,2019:10450,2019,10448,,,,,,,,False
105.471115112,-2.53117966652,2019-11-11 13:00:00,LAPAN,Aqua,Verified No fire,SUMSEL,10453,2019,2019:10453,2019,10451,,,,,,,,False
105.247,-3.03577,2019-11-11 13:00:00,LAPAN,SNPP,Verified Fire,SUMSEL,10460,2019,2019:10460,2019,10458,,,,,,,,False
105.68148804,-3.56337762,2019-11-11 13:00:00,LAPAN,Aqua,Verified Fire,SUMSEL,10463,2019,2019:10463,2019,10461,,,,,,,,False
105.233,-3.09555,2019-11-11 13:00:00,LAPAN,SNPP,Verified Fire,SUMSEL,10465,2019,2019:10465,2019,10463,,,,,,,,False
105.24,-3.09448,2019-11-11 13:00:00,LAPAN,SNPP,Verified Fire,SUMSEL,10467,2019,2019:10467,2019,10465,,,,,,,,False
105.36,-3.15099,2019-11-11 13:00:00,LAPAN,SNPP,Verified Fire,SUMSEL,10468,2019,2019:10468,2019,10466,,,,,,,,False
105.214,-3.073,2019-11-11 13:00:00,LAPAN,SNPP,Verified Fire,SUMSEL,10471,2019,2019:10471,2019,10469,,,,,,,,False
105.604,-3.33093,2019-11-11 13:00:00,LAPAN,SNPP,Verified Fire,SUMSEL,10480,2019,2019:10480,2019,10478,,,,,,,,False
105.5558548,-2.69055271,2019-11-11 13:00:00,LAPAN,Aqua,Verified No fire,SUMSEL,10487,2019,2019:10487,2019,10485,,,,,,,,False
105.805,-3.81345,2019-11-11 13:00:00,LAPAN,SNPP,Verified Fire,SUMSEL,10492,2019,2019:10492,2019,10490,,,,,,,,False
105.459,-2.55651,2019-11-11 13:00:00,LAPAN,SNPP,Verified No fire,SUMSEL,10497,2019,2019:10497,2019,10495,,,,,,,,False
105.56739044,-3.27827406,2019-11-11 13:00:00,LAPAN,Aqua,Fire inside Sitrep,SUMSEL,10500,2019,2019:10500,2019,10498,,,,,,,,False
105.76,-3.53952,2019-11-11 13:00:00,LAPAN,SNPP,Verified Fire,SUMSEL,10508,2019,2019:10508,2019,10506,,,,,,,,False
105.77075195,-3.56863689,2019-11-11 13:00:00,LAPAN,Aqua,Verified Fire,SUMSEL,10509,2019,2019:10509,2019,10507,,,,,,,,False
105.7537,-3.6015,2019-11-11 13:00:00,ASMC,NOAA20,Verified Fire,SUMSEL,10510,2019,2019:10510,2019,10508,,,,,,,,False
105.602,-3.32257,2019-11-11 13:00:00,LAPAN,SNPP,Verified Fire,SUMSEL,10518,2019,2019:10518,2019,10516,,,,,,,,False
105.539,-3.33208,2019-11-11 13:00:00,LAPAN,SNPP,Verified Fire,SUMSEL,10519,2019,2019:10519,2019,10517,,,,,,,,False
105.771,-3.17276,2019-11-11 13:00:00,LAPAN,SNPP,Verified Fire,SUMSEL,10520,2019,2019:10520,2019,10518,,,,,,,,False
105.2483139,-3.03569484,2019-11-11 13:00:00,LAPAN,Aqua,Verified Fire,SUMSEL,10524,2019,2019:10524,2019,10522,,,,,,,,False
105.201,-3.08336,2019-11-11 13:00:00,LAPAN,SNPP,Verified Fire,SUMSEL,10525,2019,2019:10525,2019,10523,,,,,,,,False
105.322,-2.99121,2019-11-11 13:00:00,LAPAN,SNPP,Verified Fire,SUMSEL,10526,2019,2019:10526,2019,10524,,,,,,,,False
105.2308,-2.9898,2019-11-11 13:00:00,ASMC,NOAA20,Verified Fire,SUMSEL,10527,2019,2019:10527,2019,10525,,,,,,,,False
105.255088806,-2.90271401405,2019-11-11 13:00:00,LAPAN,Aqua,Verified Fire,SUMSEL,10536,2019,2019:10536,2019,10534,,,,,,,,False
105.68,-3.55933,2019-11-11 13:00:00,LAPAN,SNPP,Verified Fire,SUMSEL,10542,2019,2019:10542,2019,10540,,,,,,,,False
105.5568,-3.28,2019-11-11 13:00:00,ASMC,NOAA20,Fire inside Sitrep,SUMSEL,10551,2019,2019:10551,2019,10549,,,,,,,,False
105.75993347,-3.57040882,2019-11-11 13:00:00,LAPAN,Aqua,Verified Fire,SUMSEL,10557,2019,2019:10557,2019,10555,,,,,,,,False
105.75536346,-3.54110479,2019-11-11 13:00:00,LAPAN,Aqua,Verified Fire,SUMSEL,10558,2019,2019:10558,2019,10556,,,,,,,,False
105.681,-3.56737,2019-11-11 13:00:00,LAPAN,SNPP,Verified Fire,SUMSEL,10559,2019,2019:10559,2019,10557,,,,,,,,False
105.25024414,-2.89820194,2019-11-11 13:00:00,LAPAN,Aqua,Verified Fire,SUMSEL,10564,2019,2019:10564,2019,10562,,,,,,,,False
105.7599,-3.5704,2019-11-11 13:00:00,ASMC,NOAA20,Verified Fire,SUMSEL,10574,2019,2019:10574,2019,10572,,,,,,,,False
105.478,-2.54537,2019-11-11 13:00:00,LAPAN,SNPP,Verified No fire,SUMSEL,10577,2019,2019:10577,2019,10575,,,,,,,,False
105.24681854,-2.79077005,2019-11-11 13:00:00,LAPAN,Aqua,Verified Fire,SUMSEL,10581,2019,2019:10581,2019,10579,,,,,,,,False
105.539,-2.71089,2019-11-11 13:00:00,LAPAN,SNPP,Fire inside Sitrep,SUMSEL,10583,2019,2019:10583,2019,10581,,,,,,,,False
105.5372,-2.7137,2019-11-11 13:00:00,ASMC,NOAA20,Fire inside Sitrep,SUMSEL,10584,2019,2019:10584,2019,10582,,,,,,,,False
105.619,-3.33697,2019-11-11 13:00:00,LAPAN,SNPP,Verified Fire,SUMSEL,10596,2019,2019:10596,2019,10594,,,,,,,,False
105.55679321,-3.28000665,2019-11-11 13:00:00,LAPAN,Aqua,Fire inside Sitrep,SUMSEL,10599,2019,2019:10599,2019,10597,,,,,,,,False
105.633,-3.33495,2019-11-11 13:00:00,LAPAN,SNPP,Verified Fire,SUMSEL,10602,2019,2019:10602,2019,10600,,,,,,,,False
105.239898682,-3.05120062828,2019-11-11 13:00:00,LAPAN,Aqua,Verified Fire,SUMSEL,10604,2019,2019:10604,2019,10602,,,,,,,,False
105.81130981,-3.8857522,2019-11-11 13:00:00,LAPAN,Aqua,Verified Fire,SUMSEL,10613,2019,2019:10613,2019,10611,,,,,,,,False
105.813,-3.79592,2019-11-11 13:00:00,LAPAN,SNPP,Verified Fire,SUMSEL,10614,2019,2019:10614,2019,10612,,,,,,,,False
105.77684784,-3.76596093,2019-11-12 00:00:00,LAPAN,Aqua,Verified Fire,SUMSEL,10630,2019,2019:10630,2019,10628,,,,,,,,False
105.60791779,-3.73030615,2019-11-12 00:00:00,LAPAN,Aqua,Verified Fire,SUMSEL,10631,2019,2019:10631,2019,10629,,,,,,,,False
105.77799988,-3.155689,2019-11-12 00:00:00,LAPAN,Aqua,Verified Fire,SUMSEL,10632,2019,2019:10632,2019,10630,,,,,,,,False
105.58900452,-2.69152689,2019-11-12 00:00:00,LAPAN,Aqua,Verified No fire,SUMSEL,10633,2019,2019:10633,2019,10631,,,,,,,,False
105.59766388,-3.33408737,2019-11-12 00:00:00,LAPAN,Aqua,Verified Fire,SUMSEL,10634,2019,2019:10634,2019,10632,,,,,,,,False
105.72871399,-3.3729825,2019-11-12 00:00:00,LAPAN,Aqua,Verified Fire,SUMSEL,10635,2019,2019:10635,2019,10633,,,,,,,,False
105.24661255,-3.03229928,2019-11-12 00:00:00,LAPAN,Aqua,Verified Fire,SUMSEL,10636,2019,2019:10636,2019,10634,,,,,,,,False
105.59867096,-3.73750854,2019-11-12 00:00:00,LAPAN,Aqua,Verified Fire,SUMSEL,10637,2019,2019:10637,2019,10635,,,,,,,,False
105.76239777,-3.15314007,2019-11-12 00:00:00,LAPAN,Aqua,Verified Fire,SUMSEL,10638,2019,2019:10638,2019,10636,,,,,,,,False
105.82831573,-3.8398428,2019-11-12 00:00:00,LAPAN,Aqua,Verified Fire,SUMSEL,10639,2019,2019:10639,2019,10637,,,,,,,,False
105.50715637,-3.22842598,2019-11-12 00:00:00,LAPAN,Aqua,Verified No fire,SUMSEL,10640,2019,2019:10640,2019,10638,,,,,,,,False
105.7428894,-3.3839488,2019-11-12 00:00:00,LAPAN,Aqua,Verified Fire,SUMSEL,10641,2019,2019:10641,2019,10639,,,,,,,,False
105.75203705,-3.37679124,2019-11-12 00:00:00,LAPAN,Aqua,Verified Fire,SUMSEL,10642,2019,2019:10642,2019,10640,,,,,,,,False
105.75839996,-3.38647413,2019-11-12 00:00:00,LAPAN,Aqua,Verified Fire,SUMSEL,10643,2019,2019:10643,2019,10641,,,,,,,,False
105.74,-3.68252,2019-11-12 12:00:00,LAPAN,SNPP,Verified Fire,SUMSEL,10700,2019,2019:10700,2019,10698,,,,,,,,False
105.43009186,-3.30747056,2019-11-12 13:00:00,LAPAN,SNPP,Verified Fire,SUMSEL,10708,2019,2019:10708,2019,10706,,,,,,,,False
105.54845428,-3.26811266,2019-11-12 13:00:00,LAPAN,SNPP,Fire inside Sitrep,SUMSEL,10709,2019,2019:10709,2019,10707,,,,,,,,False
105.27114105,-3.11520886,2019-11-12 13:00:00,LAPAN,SNPP,Verified Fire,SUMSEL,10710,2019,2019:10710,2019,10708,,,,,,,,False
105.25270081,-2.88647795,2019-11-12 13:00:00,LAPAN,SNPP,Verified Fire,SUMSEL,10711,2019,2019:10711,2019,10709,,,,,,,,False
105.67722321,-3.68825769,2019-11-12 13:00:00,LAPAN,SNPP,Verified Fire,SUMSEL,10716,2019,2019:10716,2019,10714,,,,,,,,False
105.49497986,-3.35561824,2019-11-12 13:00:00,LAPAN,SNPP,Verified Fire,SUMSEL,10718,2019,2019:10718,2019,10716,,,,,,,,False
105.5911,-3.3335,2019-11-12 13:00:00,ASMC,NOAA20,Verified Fire,SUMSEL,10720,2019,2019:10720,2019,10718,,,,,,,,False
105.76333618,-3.36364961,2019-11-12 13:00:00,LAPAN,SNPP,Verified Fire,SUMSEL,10721,2019,2019:10721,2019,10719,,,,,,,,False
105.83843994,-3.86714864,2019-11-12 13:00:00,LAPAN,SNPP,Verified Fire,SUMSEL,10725,2019,2019:10725,2019,10723,,,,,,,,False
105.7961,-3.8663,2019-11-12 13:00:00,ASMC,NOAA20,Verified Fire,SUMSEL,10729,2019,2019:10729,2019,10727,,,,,,,,False
105.76866913,-3.79702973,2019-11-12 13:00:00,LAPAN,SNPP,Verified Fire,SUMSEL,10733,2019,2019:10733,2019,10731,,,,,,,,False
105.67735291,-3.85530877,2019-11-12 13:00:00,LAPAN,SNPP,Verified Fire,SUMSEL,10734,2019,2019:10734,2019,10732,,,,,,,,False
105.60457611,-3.86660933,2019-11-12 13:00:00,LAPAN,SNPP,Verified Fire,SUMSEL,10735,2019,2019:10735,2019,10733,,,,,,,,False
105.57350922,-3.87869549,2019-11-12 13:00:00,LAPAN,SNPP,Verified Fire,SUMSEL,10736,2019,2019:10736,2019,10734,,,,,,,,False
105.57046509,-3.74884319,2019-11-12 13:00:00,LAPAN,SNPP,Verified Fire,SUMSEL,10738,2019,2019:10738,2019,10736,,,,,,,,False
105.47502136,-2.54785538,2019-11-12 13:00:00,LAPAN,SNPP,Verified No fire,SUMSEL,10745,2019,2019:10745,2019,10743,,,,,,,,False
105.55690002,-3.27294397,2019-11-12 13:00:00,LAPAN,SNPP,Fire inside Sitrep,SUMSEL,10746,2019,2019:10746,2019,10744,,,,,,,,False
105.21529388,-3.01533914,2019-11-12 13:00:00,LAPAN,SNPP,Verified Fire,SUMSEL,10747,2019,2019:10747,2019,10745,,,,,,,,False
105.26707458,-2.92769241,2019-11-12 13:00:00,LAPAN,SNPP,Verified Fire,SUMSEL,10748,2019,2019:10748,2019,10746,,,,,,,,False
105.824646,-3.83243585,2019-11-12 13:00:00,LAPAN,SNPP,Verified Fire,SUMSEL,10749,2019,2019:10749,2019,10747,,,,,,,,False
105.83509827,-3.84555912,2019-11-12 13:00:00,LAPAN,SNPP,Verified Fire,SUMSEL,10750,2019,2019:10750,2019,10748,,,,,,,,False
105.74367523,-3.68509841,2019-11-12 13:00:00,LAPAN,SNPP,Verified Fire,SUMSEL,10752,2019,2019:10752,2019,10750,,,,,,,,False
105.772789,-3.13766241,2019-11-12 13:00:00,LAPAN,SNPP,Verified Fire,SUMSEL,10756,2019,2019:10756,2019,10754,,,,,,,,False
105.74006653,-3.88813519,2019-11-12 13:00:00,LAPAN,SNPP,Verified Fire,SUMSEL,10758,2019,2019:10758,2019,10756,,,,,,,,False
105.66814423,-3.84943318,2019-11-12 13:00:00,LAPAN,SNPP,Verified Fire,SUMSEL,10763,2019,2019:10763,2019,10761,,,,,,,,False
105.80213928,-3.85065269,2019-11-12 13:00:00,LAPAN,SNPP,Verified Fire,SUMSEL,10764,2019,2019:10764,2019,10762,,,,,,,,False
105.67037964,-3.63936973,2019-11-12 13:00:00,LAPAN,SNPP,Verified Fire,SUMSEL,10778,2019,2019:10778,2019,10776,,,,,,,,False
105.7815094,-3.76746202,2019-11-12 13:00:00,LAPAN,SNPP,Verified Fire,SUMSEL,10780,2019,2019:10780,2019,10778,,,,,,,,False
105.27138519,-2.95598888,2019-11-12 13:00:00,LAPAN,SNPP,Verified Fire,SUMSEL,10781,2019,2019:10781,2019,10779,,,,,,,,False
105.61076355,-3.74256587,2019-11-12 13:00:00,LAPAN,SNPP,Verified Fire,SUMSEL,10783,2019,2019:10783,2019,10781,,,,,,,,False
105.21492004,-3.06591082,2019-11-12 13:00:00,LAPAN,SNPP,Verified Fire,SUMSEL,10784,2019,2019:10784,2019,10782,,,,,,,,False
105.58295441,-3.33475327,2019-11-12 13:00:00,LAPAN,SNPP,Verified Fire,SUMSEL,10790,2019,2019:10790,2019,10788,,,,,,,,False
105.76553345,-3.37807488,2019-11-12 13:00:00,LAPAN,SNPP,Verified Fire,SUMSEL,10791,2019,2019:10791,2019,10789,,,,,,,,False
105.23176575,-3.07053685,2019-11-12 13:00:00,LAPAN,SNPP,Verified Fire,SUMSEL,10793,2019,2019:10793,2019,10791,,,,,,,,False
105.569,-3.7928,2019-11-12 13:00:00,ASMC,NOAA20,Verified Fire,SUMSEL,10796,2019,2019:10796,2019,10794,,,,,,,,False
105.5705,-3.7488,2019-11-12 13:00:00,ASMC,NOAA20,Verified Fire,SUMSEL,10797,2019,2019:10797,2019,10795,,,,,,,,False
105.42028046,-3.18585467,2019-11-12 13:00:00,LAPAN,SNPP,Fire inside Sitrep,SUMSEL,10798,2019,2019:10798,2019,10796,,,,,,,,False
105.57700348,-3.79153371,2019-11-12 13:00:00,LAPAN,SNPP,Verified Fire,SUMSEL,10800,2019,2019:10800,2019,10798,,,,,,,,False
105.6622,-3.6406,2019-11-12 13:00:00,ASMC,NOAA20,Verified Fire,SUMSEL,10802,2019,2019:10802,2019,10800,,,,,,,,False
105.72657776,-3.96353364,2019-11-12 13:00:00,LAPAN,SNPP,Verified Fire,SUMSEL,10803,2019,2019:10803,2019,10801,,,,,,,,False
105.67378235,-3.38508701,2019-11-12 13:00:00,LAPAN,SNPP,Verified Fire,SUMSEL,10806,2019,2019:10806,2019,10804,,,,,,,,False
105.815979,-3.89080453,2019-11-12 13:00:00,LAPAN,SNPP,Verified Fire,SUMSEL,10809,2019,2019:10809,2019,10807,,,,,,,,False
105.79502106,-3.85910511,2019-11-12 13:00:00,LAPAN,SNPP,Verified Fire,SUMSEL,10810,2019,2019:10810,2019,10808,,,,,,,,False
105.42632294,-3.27946186,2019-11-12 13:00:00,LAPAN,SNPP,Fire inside Sitrep,SUMSEL,10812,2019,2019:10812,2019,10810,,,,,,,,False
105.31378174,-2.9131999,2019-11-12 13:00:00,LAPAN,SNPP,Verified No fire,SUMSEL,10817,2019,2019:10817,2019,10815,,,,,,,,False
105.80666351,-3.88491845,2019-11-12 13:00:00,LAPAN,SNPP,Verified Fire,SUMSEL,10819,2019,2019:10819,2019,10817,,,,,,,,False
105.73652649,-3.86079478,2019-11-12 13:00:00,LAPAN,SNPP,Verified Fire,SUMSEL,10820,2019,2019:10820,2019,10818,,,,,,,,False
105.7687,-3.797,2019-11-12 13:00:00,ASMC,NOAA20,Verified Fire,SUMSEL,10821,2019,2019:10821,2019,10819,,,,,,,,False
105.2714,-2.956,2019-11-12 13:00:00,ASMC,NOAA20,Verified Fire,SUMSEL,10823,2019,2019:10823,2019,10821,,,,,,,,False
105.59218597,-3.34064436,2019-11-12 13:00:00,LAPAN,SNPP,Verified Fire,SUMSEL,10824,2019,2019:10824,2019,10822,,,,,,,,False
105.54377747,-3.78935695,2019-11-12 13:00:00,LAPAN,SNPP,Verified Fire,SUMSEL,10825,2019,2019:10825,2019,10823,,,,,,,,False
105.60856628,-3.72831678,2019-11-12 13:00:00,LAPAN,SNPP,Verified Fire,SUMSEL,10826,2019,2019:10826,2019,10824,,,,,,,,False
105.26667023,-2.97842717,2019-11-12 13:00:00,LAPAN,SNPP,Verified Fire,SUMSEL,10827,2019,2019:10827,2019,10825,,,,,,,,False
105.29705811,-3.12563276,2019-11-12 13:00:00,LAPAN,SNPP,Verified Fire,SUMSEL,10828,2019,2019:10828,2019,10826,,,,,,,,False
105.52667236,-3.78473163,2019-11-12 13:00:00,LAPAN,SNPP,Verified Fire,SUMSEL,10831,2019,2019:10831,2019,10829,,,,,,,,False
105.35014343,-3.15363407,2019-11-12 13:00:00,LAPAN,SNPP,Verified Fire,SUMSEL,10834,2019,2019:10834,2019,10832,,,,,,,,False
105.25119019,-3.03864741,2019-11-12 13:00:00,LAPAN,SNPP,Verified Fire,SUMSEL,10835,2019,2019:10835,2019,10833,,,,,,,,False
105.7561264,-3.14029503,2019-11-12 13:00:00,LAPAN,SNPP,Verified Fire,SUMSEL,10837,2019,2019:10837,2019,10835,,,,,,,,False
105.81801605,-3.78925753,2019-11-12 13:00:00,LAPAN,SNPP,Verified Fire,SUMSEL,10839,2019,2019:10839,2019,10837,,,,,,,,False
105.83070374,-3.81674933,2019-11-12 13:00:00,LAPAN,SNPP,Verified Fire,SUMSEL,10840,2019,2019:10840,2019,10838,,,,,,,,False
105.80434418,-3.86502743,2019-11-12 13:00:00,LAPAN,SNPP,Verified Fire,SUMSEL,10841,2019,2019:10841,2019,10839,,,,,,,,False
105.28664398,-2.89566493,2019-11-12 13:00:00,LAPAN,SNPP,Verified Fire,SUMSEL,10842,2019,2019:10842,2019,10840,,,,,,,,False
105.60158539,-3.7366991,2019-11-12 13:00:00,LAPAN,SNPP,Verified Fire,SUMSEL,10843,2019,2019:10843,2019,10841,,,,,,,,False
105.5735,-3.8787,2019-11-12 13:00:00,ASMC,NOAA20,Verified Fire,SUMSEL,10844,2019,2019:10844,2019,10842,,,,,,,,False
105.22019196,-2.99272966,2019-11-12 13:00:00,LAPAN,SNPP,Verified Fire,SUMSEL,10847,2019,2019:10847,2019,10845,,,,,,,,False
103.843,-2.0856,2019-11-15 13:00:00,LAPAN,SNPP,Verified No fire,SUMSEL MUBA,10872,2019,2019:10872,2019,10870,,,,,,,,False
105.476,-2.54122,2019-11-15 13:00:00,LAPAN,SNPP,Verified No fire,SUMSEL,10873,2019,2019:10873,2019,10871,,,,,,,,False
105.38451385,-3.31210208,2019-11-16 01:00:00,LAPAN,SNPP,Verified Fire,SUMSEL,10875,2019,2019:10875,2019,10873,,,,,,,,False
105.264,-2.64759,2019-11-16 13:00:00,LAPAN,SNPP,Verified No fire,SUMSEL,10880,2019,2019:10880,2019,10878,,,,,,,,False
105.82571411,-3.84367824,2019-11-17 01:00:00,LAPAN,Aqua,Fire inside Sitrep,SUMSEL,10882,2019,2019:10882,2019,10880,,,,,,,,False
105.82454681,-3.85101438,2019-11-17 13:00:00,LAPAN,Aqua,Verified Fire,SUMSEL,10892,2019,2019:10892,2019,10890,,,,,,,,False
105.77794647,-3.424757,2019-11-17 13:00:00,LAPAN,Aqua,Verified Fire,SUMSEL,10893,2019,2019:10893,2019,10891,,,,,,,,False
102.88877106,-0.88333821,2019-11-17 13:00:00,LAPAN,Aqua,Verified No fire,JAMBI SMF,10897,2019,2019:10897,2019,10895,,,,,,,,False
105.82508087,-3.83948588,2019-11-17 13:00:00,LAPAN,Aqua,Fire inside Sitrep,SUMSEL,10898,2019,2019:10898,2019,10896,,,,,,,,False
105.54534149,-3.7954042,2019-11-17 13:00:00,LAPAN,Aqua,Fire inside Sitrep,SUMSEL,10899,2019,2019:10899,2019,10897,,,,,,,,False
105.81330109,-3.8447535,2019-11-17 13:00:00,LAPAN,Aqua,Verified Fire,SUMSEL,10903,2019,2019:10903,2019,10901,,,,,,,,False
105.82165527,-3.8394897,2019-11-18 00:00:00,LAPAN,SNPP,Verified Fire,SUMSEL,10908,2019,2019:10908,2019,10906,,,,,,,,False
103.986251831,-2.02326154709,2019-11-18 10:00:00,LAPAN,Terra,Verified No fire,SUMSEL MUBA,10916,2019,2019:10916,2019,10914,,,,,,,,False
103.278327942,-1.48476624489,2019-11-18 10:00:00,LAPAN,Terra,Verified No fire,JAMBI SMF,10917,2019,2019:10917,2019,10915,,,,,,,,False
103.151390076,-0.912555813789,2019-11-18 13:00:00,LAPAN,Aqua,Verified No fire,JAMBI SMF,10924,2019,2019:10924,2019,10922,,,,,,,,False
103.0322,-1.5674,2019-11-18 13:00:00,ASMC,NOAA20,Verified No fire,JAMBI SMF,10925,2019,2019:10925,2019,10923,,,,,,,,False
103.03221893,-1.56735349,2019-11-18 13:00:00,LAPAN,SNPP,Verified No fire,JAMBI SMF,10927,2019,2019:10927,2019,10925,,,,,,,,False
102.87045288,-1.10637021,2019-11-18 13:00:00,LAPAN,SNPP,Verified Fire,JAMBI SMF,10928,2019,2019:10928,2019,10926,,,,,,,,False
103.0292511,-0.78318131,2019-11-19 13:00:00,LAPAN,Aqua,Verified No fire,JAMBI SMF,10931,2019,2019:10931,2019,10929,,,,,,,,False
105.81388855,-3.84743619,2019-11-20 01:00:00,LAPAN,SNPP,Verified Fire,SUMSEL,10932,2019,2019:10932,2019,10930,,,,,,,,False
105.755882263,-3.76440262794,2019-11-20 10:00:00,LAPAN,Terra,Verified Fire,SUMSEL,10933,2019,2019:10933,2019,10931,,,,,,,,False
105.787,-3.51534,2019-11-20 13:00:00,LAPAN,SNPP,Fire inside Sitrep,SUMSEL,10935,2019,2019:10935,2019,10933,,,,,,,,False
105.7664,-3.4193,2019-11-21 14:00:00,ASMC,NOAA20,Verified Fire,SUMSEL,10944,2019,2019:10944,2019,10942,,,,,,,,False
105.20635223,-3.08042192,2019-11-23 13:00:00,LAPAN,SNPP,Verified Fire,SUMSEL,10946,2019,2019:10946,2019,10944,,,,,,,,False
105.31814575,-3.00850844,2019-11-23 13:00:00,LAPAN,SNPP,Verified Fire,SUMSEL,10947,2019,2019:10947,2019,10945,,,,,,,,False
105.32420349,-3.00071716,2019-11-23 13:00:00,LAPAN,SNPP,Verified No fire,SUMSEL,10951,2019,2019:10951,2019,10949,,,,,,,,False
105.21439362,-3.08603883,2019-11-23 13:00:00,LAPAN,SNPP,Verified Fire,SUMSEL,10954,2019,2019:10954,2019,10952,,,,,,,,False
105.29231262,-3.12105656,2019-11-23 13:00:00,LAPAN,SNPP,Verified Fire,SUMSEL,10955,2019,2019:10955,2019,10953,,,,,,,,False
105.21237183,-3.07266831,2019-11-23 13:00:00,LAPAN,SNPP,Verified Fire,SUMSEL,10958,2019,2019:10958,2019,10956,,,,,,,,False
105.22792816,-3.12411213,2019-11-23 13:00:00,LAPAN,SNPP,Verified Fire,SUMSEL,10960,2019,2019:10960,2019,10958,,,,,,,,False
105.32565308,-2.64167142,2019-11-23 13:00:00,LAPAN,SNPP,Verified No fire,SUMSEL,10961,2019,2019:10961,2019,10959,,,,,,,,False
105.73077393,-3.55616903,2019-11-24 13:00:00,LAPAN,SNPP,Fire inside Sitrep,SUMSEL,10965,2019,2019:10965,2019,10963,,,,,,,,False
105.7308,-3.5562,2019-11-24 13:00:00,ASMC,NOAA20,Fire inside Sitrep,SUMSEL,10966,2019,2019:10966,2019,10964,,,,,,,,False
105.77075958,-3.5352838,2019-11-24 13:00:00,LAPAN,SNPP,Verified No fire,SUMSEL,10967,2019,2019:10967,2019,10965,,,,,,,,False
105.605895996,-2.89117574692,2019-11-25 10:00:00,LAPAN,Terra,Verified No fire,SUMSEL,10970,2019,2019:10970,2019,10968,,,,,,,,False
105.709907532,-3.56020641327,2019-11-25 10:00:00,LAPAN,Terra,Fire inside Sitrep,SUMSEL,10972,2019,2019:10972,2019,10970,,,,,,,,False
105.727035522,-3.56268644333,2019-11-25 10:00:00,LAPAN,Terra,Fire inside Sitrep,SUMSEL,10974,2019,2019:10974,2019,10972,,,,,,,,False
103.8427,-2.0889,2019-11-25 12:00:00,ASMC,NOAA20,Verified No fire,SUMSEL MUBA,10976,2019,2019:10976,2019,10974,,,,,,,,False
103.2145,-0.932,2019-11-25 12:00:00,ASMC,NOAA20,Verified No fire,JAMBI SMF,10977,2019,2019:10977,2019,10975,,,,,,,,False
104.15719604,-1.93625259,2019-11-25 12:00:00,LAPAN,SNPP,Verified No fire,SUMSEL MUBA,10978,2019,2019:10978,2019,10976,,,,,,,,False
104.35869598,-2.16494513,2019-11-25 12:00:00,LAPAN,SNPP,Verified No fire,SUMSEL MUBA,10979,2019,2019:10979,2019,10977,,,,,,,,False
104.1572,-1.9363,2019-11-25 12:00:00,ASMC,NOAA20,Verified No fire,SUMSEL MUBA,10980,2019,2019:10980,2019,10978,,,,,,,,False
105.41040039,-3.09400034,2019-11-25 12:00:00,LAPAN,SNPP,Verified No fire,SUMSEL,10981,2019,2019:10981,2019,10979,,,,,,,,False
105.4104,-3.094,2019-11-25 12:00:00,ASMC,NOAA20,Verified No fire,SUMSEL,10982,2019,2019:10982,2019,10980,,,,,,,,False
105.72215271,-3.55513382,2019-11-25 12:00:00,LAPAN,SNPP,Fire inside Sitrep,SUMSEL,10983,2019,2019:10983,2019,10981,,,,,,,,False
105.39974213,-3.76037741,2019-11-25 12:00:00,LAPAN,SNPP,Verified No fire,SUMSEL,10984,2019,2019:10984,2019,10982,,,,,,,,False
103.6799,-1.3975,2019-11-25 12:00:00,ASMC,NOAA20,Verified No fire,JAMBI SMF,10985,2019,2019:10985,2019,10983,,,,,,,,False
105.29396057,-3.12139916,2019-11-25 12:00:00,LAPAN,SNPP,Fire inside Sitrep,SUMSEL,10986,2019,2019:10986,2019,10984,,,,,,,,False
103.2222,-0.9309,2019-11-25 12:00:00,ASMC,NOAA20,Verified No fire,JAMBI SMF,10988,2019,2019:10988,2019,10986,,,,,,,,False
105.7222,-3.5551,2019-11-25 12:00:00,ASMC,NOAA20,Fire inside Sitrep,SUMSEL,10989,2019,2019:10989,2019,10987,,,,,,,,False
103.842659,-2.08885813,2019-11-25 12:00:00,LAPAN,SNPP,Verified No fire,SUMSEL MUBA,10990,2019,2019:10990,2019,10988,,,,,,,,False
103.67993927,-1.39745712,2019-11-25 12:00:00,LAPAN,SNPP,Verified No fire,JAMBI SMF,10992,2019,2019:10992,2019,10990,,,,,,,,False
103.22218323,-0.93086022,2019-11-25 12:00:00,LAPAN,SNPP,Verified No fire,JAMBI SMF,10993,2019,2019:10993,2019,10991,,,,,,,,False
104.3587,-2.1649,2019-11-25 12:00:00,ASMC,NOAA20,Verified No fire,SUMSEL MUBA,10994,2019,2019:10994,2019,10992,,,,,,,,False
104.124504089,-1.77696287632,2019-11-25 13:00:00,LAPAN,Aqua,Verified No fire,SUMSEL MUBA,10997,2019,2019:10997,2019,10995,,,,,,,,False
104.358711243,-2.1659553051,2019-11-25 13:00:00,LAPAN,Aqua,Verified No fire,SUMSEL MUBA,10999,2019,2019:10999,2019,10997,,,,,,,,False
103.785,-1.35903,2019-11-25 13:00:00,LAPAN,SNPP,Verified No fire,JAMBI SMF,11002,2019,2019:11002,2019,11000,,,,,,,,False
105.21920776,-3.08207726,2019-11-26 01:00:00,LAPAN,Aqua,Fire inside Sitrep,SUMSEL,11006,2019,2019:11006,2019,11004,,,,,,,,False
105.68432617,-3.58565474,2019-11-26 12:00:00,LAPAN,SNPP,Fire inside Sitrep,SUMSEL,11007,2019,2019:11007,2019,11005,,,,,,,,False
105.761,-3.5956,2019-11-26 13:00:00,LAPAN,SNPP,Verified No fire,SUMSEL,11010,2019,2019:11010,2019,11008,,,,,,,,False
105.20182037,-3.09153748,2019-11-27 13:00:00,LAPAN,SNPP,Verified Fire,SUMSEL,11020,2019,2019:11020,2019,11018,,,,,,,,False
105.6837,-3.5923,2019-11-27 13:00:00,ASMC,NOAA20,Fire inside Sitrep,SUMSEL,11026,2019,2019:11026,2019,11024,,,,,,,,False
104.28573608,-1.98917949,2019-11-27 13:00:00,LAPAN,SNPP,Verified No fire,SUMSEL MUBA,11030,2019,2019:11030,2019,11028,,,,,,,,False
105.31498718,-3.00435853,2019-11-27 13:00:00,LAPAN,SNPP,Fire inside Sitrep,SUMSEL,11036,2019,2019:11036,2019,11034,,,,,,,,False
105.7513,-3.6014,2019-11-27 13:00:00,ASMC,NOAA20,Fire inside Sitrep,SUMSEL,11038,2019,2019:11038,2019,11036,,,,,,,,False
105.72201538,-3.55616975,2019-11-27 13:00:00,LAPAN,SNPP,Fire inside Sitrep,SUMSEL,11039,2019,2019:11039,2019,11037,,,,,,,,False
105.6941,-3.6089,2019-11-27 13:00:00,ASMC,NOAA20,Fire inside Sitrep,SUMSEL,11042,2019,2019:11042,2019,11040,,,,,,,,False
104.2857,-1.9892,2019-11-27 13:00:00,ASMC,NOAA20,Verified No fire,SUMSEL MUBA,11043,2019,2019:11043,2019,11041,,,,,,,,False
105.509,-3.72868,2019-11-27 13:00:00,LAPAN,SNPP,Verified Fire,SUMSEL,11044,2019,2019:11044,2019,11042,,,,,,,,False
105.77822113,-3.40895844,2019-11-27 13:00:00,LAPAN,SNPP,Fire inside Sitrep,SUMSEL,11045,2019,2019:11045,2019,11043,,,,,,,,False
105.7922,-3.4268,2019-11-27 13:00:00,ASMC,NOAA20,Fire inside Sitrep,SUMSEL,11048,2019,2019:11048,2019,11046,,,,,,,,False
105.769,-3.13395,2019-11-27 13:00:00,LAPAN,SNPP,Fire inside Sitrep,SUMSEL,11049,2019,2019:11049,2019,11047,,,,,,,,False
105.69406891,-3.6089282,2019-11-27 13:00:00,LAPAN,SNPP,Fire inside Sitrep,SUMSEL,11052,2019,2019:11052,2019,11050,,,,,,,,False
105.7621,-3.5997,2019-11-27 13:00:00,ASMC,NOAA20,Fire inside Sitrep,SUMSEL,11064,2019,2019:11064,2019,11062,,,,,,,,False
103.191413879,-1.51753950119,2019-11-27 13:00:00,LAPAN,Aqua,Verified No fire,JAMBI SMF,11067,2019,2019:11067,2019,11065,,,,,,,,False
105.315,-3.0044,2019-11-27 13:00:00,ASMC,NOAA20,Fire inside Sitrep,SUMSEL,11078,2019,2019:11078,2019,11076,,,,,,,,False
105.722,-3.5562,2019-11-27 13:00:00,ASMC,NOAA20,Fire inside Sitrep,SUMSEL,11079,2019,2019:11079,2019,11077,,,,,,,,False
105.68366241,-3.5923214,2019-11-27 13:00:00,LAPAN,SNPP,Fire inside Sitrep,SUMSEL,11081,2019,2019:11081,2019,11079,,,,,,,,False
103.984,-2.02477,2019-11-27 13:00:00,LAPAN,SNPP,Verified No fire,SUMSEL MUBA,11082,2019,2019:11082,2019,11080,,,,,,,,False
105.61845398,-3.90826797,2019-11-28 13:00:00,LAPAN,SNPP,Verified Fire,SUMSEL,11109,2019,2019:11109,2019,11107,,,,,,,,False
105.61560822,-3.77825499,2019-11-28 13:00:00,LAPAN,SNPP,Verified Fire,SUMSEL,11113,2019,2019:11113,2019,11111,,,,,,,,False
105.47839355,-3.79262185,2019-11-28 13:00:00,LAPAN,SNPP,Verified Fire,SUMSEL,11117,2019,2019:11117,2019,11115,,,,,,,,False
105.48406219,-2.55495119,2019-11-28 13:00:00,LAPAN,SNPP,Verified Fire,SUMSEL,11118,2019,2019:11118,2019,11116,,,,,,,,False
105.76974487,-3.40827394,2019-11-28 13:00:00,LAPAN,SNPP,Verified Fire,SUMSEL,11120,2019,2019:11120,2019,11118,,,,,,,,False
105.77693176,-3.39978909,2019-11-28 13:00:00,LAPAN,SNPP,Verified Fire,SUMSEL,11121,2019,2019:11121,2019,11119,,,,,,,,False
105.20063019,-3.07621956,2019-11-28 13:00:00,LAPAN,SNPP,Verified Fire,SUMSEL,11128,2019,2019:11128,2019,11126,,,,,,,,False
105.25157928,-2.9885304,2019-11-28 13:00:00,LAPAN,SNPP,Verified Fire,SUMSEL,11129,2019,2019:11129,2019,11127,,,,,,,,False
105.31143951,-3.00820708,2019-11-28 13:00:00,LAPAN,SNPP,Verified Fire,SUMSEL,11130,2019,2019:11130,2019,11128,,,,,,,,False
105.57884979,-3.69738197,2019-11-28 13:00:00,LAPAN,SNPP,Verified Fire,SUMSEL,11133,2019,2019:11133,2019,11131,,,,,,,,False
105.56735229,-3.78585863,2019-11-28 13:00:00,LAPAN,SNPP,Verified Fire,SUMSEL,11134,2019,2019:11134,2019,11132,,,,,,,,False
105.58128357,-3.43712044,2019-11-28 13:00:00,LAPAN,SNPP,Verified Fire,SUMSEL,11140,2019,2019:11140,2019,11138,,,,,,,,False
105.79631042,-3.35985017,2019-11-28 13:00:00,LAPAN,SNPP,Verified Fire,SUMSEL,11141,2019,2019:11141,2019,11139,,,,,,,,False
105.6576767,-3.61307669,2019-11-28 13:00:00,LAPAN,SNPP,Verified Fire,SUMSEL,11142,2019,2019:11142,2019,11140,,,,,,,,False
105.63749695,-3.53701925,2019-11-28 13:00:00,LAPAN,SNPP,Verified Fire,SUMSEL,11143,2019,2019:11143,2019,11141,,,,,,,,False
105.6603775,-3.5760355,2019-11-28 13:00:00,LAPAN,SNPP,Verified Fire,SUMSEL,11145,2019,2019:11145,2019,11143,,,,,,,,False
105.68704224,-3.58653116,2019-11-28 13:00:00,LAPAN,SNPP,Verified Fire,SUMSEL,11146,2019,2019:11146,2019,11144,,,,,,,,False
105.7082901,-3.56118631,2019-11-28 13:00:00,LAPAN,SNPP,Verified Fire,SUMSEL,11149,2019,2019:11149,2019,11147,,,,,,,,False
105.7395401,-3.49195004,2019-11-28 13:00:00,LAPAN,SNPP,Verified Fire,SUMSEL,11150,2019,2019:11150,2019,11148,,,,,,,,False
105.69848633,-3.60676718,2019-11-28 13:00:00,LAPAN,SNPP,Verified Fire,SUMSEL,11154,2019,2019:11154,2019,11152,,,,,,,,False
105.20956421,-3.08202863,2019-11-28 13:00:00,LAPAN,SNPP,Verified Fire,SUMSEL,11158,2019,2019:11158,2019,11156,,,,,,,,False
105.33426666,-2.99743462,2019-11-28 13:00:00,LAPAN,SNPP,Fire inside Sitrep,SUMSEL,11159,2019,2019:11159,2019,11157,,,,,,,,False
105.72579956,-3.45727777,2019-11-28 13:00:00,LAPAN,SNPP,Verified Fire,SUMSEL,11161,2019,2019:11161,2019,11159,,,,,,,,False
105.50046539,-2.55242443,2019-11-28 13:00:00,LAPAN,SNPP,Verified No fire,SUMSEL,11163,2019,2019:11163,2019,11161,,,,,,,,False
105.60454559,-3.42624426,2019-11-28 13:00:00,LAPAN,SNPP,Verified Fire,SUMSEL,11164,2019,2019:11164,2019,11162,,,,,,,,False
105.83390045,-3.84500384,2019-11-28 13:00:00,LAPAN,SNPP,Verified Fire,SUMSEL,11166,2019,2019:11166,2019,11164,,,,,,,,False
105.77806091,-3.41217947,2019-11-28 13:00:00,LAPAN,SNPP,Verified Fire,SUMSEL,11167,2019,2019:11167,2019,11165,,,,,,,,False
105.741745,-3.50633168,2019-11-28 13:00:00,LAPAN,SNPP,Verified Fire,SUMSEL,11169,2019,2019:11169,2019,11167,,,,,,,,False
105.73020935,-3.48603344,2019-11-28 13:00:00,LAPAN,SNPP,Verified Fire,SUMSEL,11170,2019,2019:11170,2019,11168,,,,,,,,False
105.20276642,-3.0903008,2019-11-28 13:00:00,LAPAN,SNPP,Verified Fire,SUMSEL,11172,2019,2019:11172,2019,11170,,,,,,,,False
105.5582428,-3.78001833,2019-11-28 13:00:00,LAPAN,SNPP,Verified Fire,SUMSEL,11174,2019,2019:11174,2019,11172,,,,,,,,False
105.49139404,-3.76909566,2019-11-28 13:00:00,LAPAN,SNPP,Verified Fire,SUMSEL,11175,2019,2019:11175,2019,11173,,,,,,,,False
105.67507935,-3.61771631,2019-11-28 13:00:00,LAPAN,SNPP,Verified Fire,SUMSEL,11176,2019,2019:11176,2019,11174,,,,,,,,False
103.36051178,-1.17701674,2019-11-28 13:00:00,LAPAN,SNPP,Verified No fire,JAMBI SMF,11181,2019,2019:11181,2019,11179,,,,,,,,False
105.2149353,-3.06637025,2019-11-28 13:00:00,LAPAN,SNPP,Verified Fire,SUMSEL,11183,2019,2019:11183,2019,11181,,,,,,,,False
105.69631195,-3.59242392,2019-11-28 13:00:00,LAPAN,SNPP,Verified Fire,SUMSEL,11185,2019,2019:11185,2019,11183,,,,,,,,False
105.75592041,-3.59787226,2019-11-28 13:00:00,LAPAN,SNPP,Verified Fire,SUMSEL,11186,2019,2019:11186,2019,11184,,,,,,,,False
105.63161469,-3.55126524,2019-11-28 13:00:00,LAPAN,SNPP,Verified Fire,SUMSEL,11187,2019,2019:11187,2019,11185,,,,,,,,False
105.77261353,-3.13911366,2019-11-28 13:00:00,LAPAN,SNPP,Fire inside Sitrep,SUMSEL,11194,2019,2019:11194,2019,11192,,,,,,,,False
105.78744507,-3.41807628,2019-11-28 13:00:00,LAPAN,SNPP,Verified Fire,SUMSEL,11197,2019,2019:11197,2019,11195,,,,,,,,False
105.62213135,-3.77475309,2019-11-29 13:00:00,LAPAN,SNPP,Verified Fire,SUMSEL,11213,2019,2019:11213,2019,11211,,,,,,,,False
105.82640839,-3.73742485,2019-11-29 13:00:00,LAPAN,SNPP,Verified Fire,SUMSEL,11217,2019,2019:11217,2019,11215,,,,,,,,False
105.71429443,-3.83772826,2019-11-29 13:00:00,LAPAN,SNPP,Verified Fire,SUMSEL,11218,2019,2019:11218,2019,11216,,,,,,,,False
105.87588501,-3.82021523,2019-11-29 13:00:00,LAPAN,SNPP,Fire inside Sitrep,SUMSEL,11219,2019,2019:11219,2019,11217,,,,,,,,False
105.76792145,-3.40244651,2019-11-29 13:00:00,LAPAN,SNPP,Verified Fire,SUMSEL,11220,2019,2019:11220,2019,11218,,,,,,,,False
105.75963593,-3.39676523,2019-11-29 13:00:00,LAPAN,SNPP,Verified Fire,SUMSEL,11225,2019,2019:11225,2019,11223,,,,,,,,False
105.75872803,-3.43602252,2019-11-29 13:00:00,LAPAN,SNPP,Verified Fire,SUMSEL,11227,2019,2019:11227,2019,11225,,,,,,,,False
105.7449646,-3.4936583,2019-11-29 13:00:00,LAPAN,SNPP,Verified Fire,SUMSEL,11229,2019,2019:11229,2019,11227,,,,,,,,False
105.7454,-3.5951,2019-11-29 13:00:00,ASMC,NOAA20,Verified Fire,SUMSEL,11239,2019,2019:11239,2019,11237,,,,,,,,False
105.6269,-2.7657,2019-11-29 13:00:00,ASMC,NOAA20,Verified No fire,SUMSEL,11240,2019,2019:11240,2019,11238,,,,,,,,False
105.50254059,-3.68411732,2019-11-29 13:00:00,LAPAN,SNPP,Verified Fire,SUMSEL,11241,2019,2019:11241,2019,11239,,,,,,,,False
105.8264,-3.7374,2019-11-29 13:00:00,ASMC,NOAA20,Verified Fire,SUMSEL,11243,2019,2019:11243,2019,11241,,,,,,,,False
105.86560059,-3.8009572,2019-11-29 13:00:00,LAPAN,SNPP,Fire inside Sitrep,SUMSEL,11245,2019,2019:11245,2019,11243,,,,,,,,False
105.568504333,-2.77519822121,2019-11-29 13:00:00,LAPAN,Aqua,Verified No fire,SUMSEL,11246,2019,2019:11246,2019,11244,,,,,,,,False
105.78578186,-3.41811967,2019-11-29 13:00:00,LAPAN,SNPP,Verified Fire,SUMSEL,11247,2019,2019:11247,2019,11245,,,,,,,,False
105.63167572,-3.53551245,2019-11-29 13:00:00,LAPAN,SNPP,Verified Fire,SUMSEL,11249,2019,2019:11249,2019,11247,,,,,,,,False
105.59156036,-3.56938553,2019-11-29 13:00:00,LAPAN,SNPP,Verified Fire,SUMSEL,11251,2019,2019:11251,2019,11249,,,,,,,,False
105.77352905,-3.58392525,2019-11-29 13:00:00,LAPAN,SNPP,Verified Fire,SUMSEL,11252,2019,2019:11252,2019,11250,,,,,,,,False
105.70152283,-3.60173297,2019-11-29 13:00:00,LAPAN,SNPP,Verified Fire,SUMSEL,11256,2019,2019:11256,2019,11254,,,,,,,,False
105.77472687,-3.54207778,2019-11-29 13:00:00,LAPAN,SNPP,Verified Fire,SUMSEL,11258,2019,2019:11258,2019,11256,,,,,,,,False
105.73667145,-3.48796201,2019-11-29 13:00:00,LAPAN,SNPP,Verified Fire,SUMSEL,11260,2019,2019:11260,2019,11258,,,,,,,,False
105.73161316,-3.45397449,2019-11-29 13:00:00,LAPAN,SNPP,Verified Fire,SUMSEL,11263,2019,2019:11263,2019,11261,,,,,,,,False
105.7283783,-3.48225856,2019-11-29 13:00:00,LAPAN,SNPP,Verified Fire,SUMSEL,11264,2019,2019:11264,2019,11262,,,,,,,,False
105.78181458,-3.58962631,2019-11-29 13:00:00,LAPAN,SNPP,Verified Fire,SUMSEL,11265,2019,2019:11265,2019,11263,,,,,,,,False
105.79405212,-3.42381454,2019-11-29 13:00:00,LAPAN,SNPP,Verified Fire,SUMSEL,11269,2019,2019:11269,2019,11267,,,,,,,,False
105.77236176,-3.13620448,2019-11-29 13:00:00,LAPAN,SNPP,Fire inside Sitrep,SUMSEL,11270,2019,2019:11270,2019,11268,,,,,,,,False
105.65637207,-3.9550252,2019-11-29 13:00:00,LAPAN,SNPP,Verified Fire,SUMSEL,11274,2019,2019:11274,2019,11272,,,,,,,,False
105.6931839,-3.5960238,2019-11-29 13:00:00,LAPAN,SNPP,Verified Fire,SUMSEL,11281,2019,2019:11281,2019,11279,,,,,,,,False
105.7253418,-3.46186614,2019-11-29 13:00:00,LAPAN,SNPP,Verified Fire,SUMSEL,11282,2019,2019:11282,2019,11280,,,,,,,,False
105.62691498,-2.7657001,2019-11-29 13:00:00,LAPAN,SNPP,Verified No fire,SUMSEL,11284,2019,2019:11284,2019,11282,,,,,,,,False
105.8583,-3.8021,2019-11-29 13:00:00,ASMC,NOAA20,Fire inside Sitrep,SUMSEL,11285,2019,2019:11285,2019,11283,,,,,,,,False
105.76096344,-3.59972239,2019-11-29 13:00:00,LAPAN,SNPP,Verified Fire,SUMSEL,11287,2019,2019:11287,2019,11285,,,,,,,,False
105.69528198,-4.0086937,2019-11-29 13:00:00,LAPAN,SNPP,Verified Fire,SUMSEL,11291,2019,2019:11291,2019,11289,,,,,,,,False
105.81040955,-3.38907146,2019-11-29 13:00:00,LAPAN,SNPP,Verified Fire,SUMSEL,11293,2019,2019:11293,2019,11291,,,,,,,,False
105.78154755,-3.43955922,2019-11-29 13:00:00,LAPAN,SNPP,Verified Fire,SUMSEL,11294,2019,2019:11294,2019,11292,,,,,,,,False
105.75266266,-3.59402299,2019-11-29 13:00:00,LAPAN,SNPP,Verified Fire,SUMSEL,11297,2019,2019:11297,2019,11295,,,,,,,,False
105.72367096,-3.54969645,2019-11-29 13:00:00,LAPAN,SNPP,Verified Fire,SUMSEL,11298,2019,2019:11298,2019,11296,,,,,,,,False
105.775383,-3.156533,2019-11-29 13:00:00,LAPAN,SNPP,Fire inside Sitrep,SUMSEL,11307,2019,2019:11307,2019,11305,,,,,,,,False
103.105171204,-0.938509225845,2019-11-30 11:00:00,LAPAN,Terra,Verified No fire,JAMBI SMF,11318,2019,2019:11318,2019,11316,,,,,,,,False
103.121559143,-0.93462407589,2019-11-30 11:00:00,LAPAN,Terra,Verified No fire,JAMBI SMF,11322,2019,2019:11322,2019,11320,,,,,,,,False
103.06710052,-1.49967456,2019-11-30 12:00:00,LAPAN,SNPP,Verified No fire,JAMBI SMF,11323,2019,2019:11323,2019,11321,,,,,,,,False
105.56223297,-3.00503278,2019-11-30 12:00:00,LAPAN,SNPP,Verified No fire,SUMSEL,11324,2019,2019:11324,2019,11322,,,,,,,,False
105.65213013,-3.41388392,2019-11-30 12:00:00,LAPAN,SNPP,Verified No fire,SUMSEL,11325,2019,2019:11325,2019,11323,,,,,,,,False
105.7861557,-3.61910796,2019-11-30 12:00:00,LAPAN,SNPP,Fire inside Sitrep,SUMSEL,11326,2019,2019:11326,2019,11324,,,,,,,,False
105.86329651,-3.8053894,2019-11-30 12:00:00,LAPAN,SNPP,Verified Fire,SUMSEL,11328,2019,2019:11328,2019,11326,,,,,,,,False
102.91210938,-0.89055264,2019-11-30 12:00:00,LAPAN,SNPP,Verified No fire,JAMBI SMF,11329,2019,2019:11329,2019,11327,,,,,,,,False
105.79862213,-3.5094831,2019-11-30 12:00:00,LAPAN,SNPP,Fire inside Sitrep,SUMSEL,11332,2019,2019:11332,2019,11330,,,,,,,,False
105.5534,-3.0063,2019-11-30 12:00:00,ASMC,NOAA20,Verified No fire,SUMSEL,11333,2019,2019:11333,2019,11331,,,,,,,,False
103.02967072,-2.41774368,2019-11-30 12:00:00,LAPAN,SNPP,Verified No fire,SUMSEL MUBA,11335,2019,2019:11335,2019,11333,,,,,,,,False
105.6521,-3.4139,2019-11-30 12:00:00,ASMC,NOAA20,Verified No fire,SUMSEL,11336,2019,2019:11336,2019,11334,,,,,,,,False
103.0671,-1.4997,2019-11-30 12:00:00,ASMC,NOAA20,Verified No fire,JAMBI SMF,11337,2019,2019:11337,2019,11335,,,,,,,,False
102.9121,-0.8906,2019-11-30 12:00:00,ASMC,NOAA20,Verified No fire,JAMBI SMF,11338,2019,2019:11338,2019,11336,,,,,,,,False
105.7579,-3.5971,2019-11-30 12:00:00,ASMC,NOAA20,Fire inside Sitrep,SUMSEL,11339,2019,2019:11339,2019,11337,,,,,,,,False
105.75791168,-3.59710598,2019-11-30 12:00:00,LAPAN,SNPP,Fire inside Sitrep,SUMSEL,11341,2019,2019:11341,2019,11339,,,,,,,,False
105.5622,-3.005,2019-11-30 12:00:00,ASMC,NOAA20,Verified No fire,SUMSEL,11342,2019,2019:11342,2019,11340,,,,,,,,False
105.7774,-3.6204,2019-11-30 12:00:00,ASMC,NOAA20,Fire inside Sitrep,SUMSEL,11343,2019,2019:11343,2019,11341,,,,,,,,False
105.391,-3.27758,2019-11-30 13:00:00,LAPAN,SNPP,Verified Fire,SUMSEL,11344,2019,2019:11344,2019,11342,,,,,,,,False
103.273384094,-1.08963620663,2019-11-30 13:00:00,LAPAN,Aqua,Verified No fire,JAMBI SMF,11345,2019,2019:11345,2019,11343,,,,,,,,False
102.972457886,-0.972526848316,2019-11-30 13:00:00,LAPAN,Aqua,Verified No fire,JAMBI SMF,11348,2019,2019:11348,2019,11346,,,,,,,,False
105.750236511,-3.56053519249,2019-11-30 13:00:00,LAPAN,Aqua,Verified Fire,SUMSEL,11349,2019,2019:11349,2019,11347,,,,,,,,False
105.693893433,-3.59579443932,2019-11-30 13:00:00,LAPAN,Aqua,Verified Fire,SUMSEL,11353,2019,2019:11353,2019,11351,,,,,,,,False
103.249565125,-1.24265956879,2019-11-30 13:00:00,LAPAN,Aqua,Verified No fire,JAMBI SMF,11354,2019,2019:11354,2019,11352,,,,,,,,False
105.81051636,-3.8450644,2019-12-01 01:00:00,LAPAN,Aqua,Verified Fire,SUMSEL,11355,2019,2019:11355,2019,11353,,,,,,,,False
105.694023132,-2.89727044106,2019-12-01 10:00:00,LAPAN,Terra,Verified No fire,SUMSEL,11356,2019,2019:11356,2019,11354,,,,,,,,False
105.427886963,-2.82393169403,2019-12-01 10:00:00,LAPAN,Terra,Verified No fire,SUMSEL,11357,2019,2019:11357,2019,11355,,,,,,,,False
105.713500977,-2.98138570786,2019-12-01 10:00:00,LAPAN,Terra,Verified No fire,SUMSEL,11358,2019,2019:11358,2019,11356,,,,,,,,False
105.73323822,-3.56142711639,2019-12-01 12:00:00,LAPAN,Aqua,Fire inside Sitrep,SUMSEL,11359,2019,2019:11359,2019,11357,,,,,,,,False
105.74493408,-3.5563972,2019-12-01 12:00:00,LAPAN,Aqua,Fire inside Sitrep,SUMSEL,11360,2019,2019:11360,2019,11358,,,,,,,,False
105.768234253,-3.60446643829,2019-12-01 12:00:00,LAPAN,Aqua,Fire inside Sitrep,SUMSEL,11361,2019,2019:11361,2019,11359,,,,,,,,False
105.756866455,-3.55814957619,2019-12-01 12:00:00,LAPAN,Aqua,Fire inside Sitrep,SUMSEL,11363,2019,2019:11363,2019,11361,,,,,,,,False
105.764503479,-3.61407876015,2019-12-01 12:00:00,LAPAN,Aqua,Fire inside Sitrep,SUMSEL,11364,2019,2019:11364,2019,11362,,,,,,,,False
105.76179504,-3.56038713,2019-12-01 12:00:00,LAPAN,Aqua,Fire inside Sitrep,SUMSEL,11366,2019,2019:11366,2019,11364,,,,,,,,False
105.7449,-3.5564,2019-12-01 12:00:00,ASMC,NOAA20,Fire inside Sitrep,SUMSEL,11367,2019,2019:11367,2019,11365,,,,,,,,False
105.75241089,-3.56170821,2019-12-01 12:00:00,LAPAN,Aqua,Fire inside Sitrep,SUMSEL,11368,2019,2019:11368,2019,11366,,,,,,,,False
105.661,-3.59834,2019-12-01 13:00:00,LAPAN,SNPP,Fire inside Sitrep,SUMSEL,11376,2019,2019:11376,2019,11374,,,,,,,,False
105.676,-3.50846,2019-12-01 13:00:00,LAPAN,SNPP,Fire inside Sitrep,SUMSEL,11379,2019,2019:11379,2019,11377,,,,,,,,False
105.95297241,-3.26474857,2019-12-02 01:00:00,LAPAN,Aqua,Verified No fire,SUMSEL,11385,2019,2019:11385,2019,11383,,,,,,,,False
105.80192566,-3.77548432,2019-12-03 13:00:00,LAPAN,SNPP,Fire inside Sitrep,SUMSEL,11386,2019,2019:11386,2019,11384,,,,,,,,False
105.85953522,-3.81471324,2019-12-03 13:00:00,LAPAN,SNPP,Fire inside Sitrep,SUMSEL,11387,2019,2019:11387,2019,11385,,,,,,,,False
105.7986145,-3.65608835,2019-12-03 13:00:00,LAPAN,SNPP,Verified Fire,SUMSEL,11390,2019,2019:11390,2019,11388,,,,,,,,False
105.79537964,-3.77630949,2019-12-04 13:00:00,LAPAN,SNPP,Fire inside Sitrep,SUMSEL,11395,2019,2019:11395,2019,11393,,,,,,,,False
105.5063,-3.691,2019-12-04 13:00:00,ASMC,NOAA20,Verified Fire,SUMSEL,11396,2019,2019:11396,2019,11394,,,,,,,,False
105.5643,-3.7907,2019-12-04 13:00:00,ASMC,NOAA20,Verified Fire,SUMSEL,11397,2019,2019:11397,2019,11395,,,,,,,,False
105.49069977,-2.55348611,2019-12-04 13:00:00,LAPAN,SNPP,Verified No fire,SUMSEL,11398,2019,2019:11398,2019,11396,,,,,,,,False
105.63529205,-3.43400478,2019-12-04 13:00:00,LAPAN,SNPP,Verified Fire,SUMSEL,11399,2019,2019:11399,2019,11397,,,,,,,,False
105.7954,-3.7763,2019-12-04 13:00:00,ASMC,NOAA20,Fire inside Sitrep,SUMSEL,11400,2019,2019:11400,2019,11398,,,,,,,,False
105.56429291,-3.79073668,2019-12-04 13:00:00,LAPAN,SNPP,Verified No fire,SUMSEL,11401,2019,2019:11401,2019,11399,,,,,,,,False
105.7869339,-3.58754182,2019-12-04 13:00:00,LAPAN,SNPP,Verified Fire,SUMSEL,11402,2019,2019:11402,2019,11400,,,,,,,,False
105.75349426,-3.59937787,2019-12-04 13:00:00,LAPAN,SNPP,Verified Fire,SUMSEL,11403,2019,2019:11403,2019,11401,,,,,,,,False
105.5132,-3.6899,2019-12-04 13:00:00,ASMC,NOAA20,Verified Fire,SUMSEL,11406,2019,2019:11406,2019,11404,,,,,,,,False
105.51321411,-3.68994784,2019-12-04 13:00:00,LAPAN,SNPP,Verified Fire,SUMSEL,11407,2019,2019:11407,2019,11405,,,,,,,,False
105.52054596,-2.55546021,2019-12-09 13:00:00,LAPAN,SNPP,Verified No fire,SUMSEL,11411,2019,2019:11411,2019,11409,,,,,,,,False
105.778541565,-3.43758368492,2019-12-10 12:00:00,LAPAN,Aqua,Verified No fire,SUMSEL,11413,2019,2019:11413,2019,11411,,,,,,,,False
103.1058,-0.9394,2019-12-12 14:00:00,ASMC,NOAA20,Verified No fire,JAMBI SMF,11414,2019,2019:11414,2019,11412,,,,,,,,False
105.7588,-3.5264,2019-12-21 12:00:00,ASMC,NOAA20,Verified No fire,SUMSEL,11423,2019,2019:11423,2019,11421,,,,,,,,False
103.188,-0.909562,2019-12-23 13:00:00,LAPAN,SNPP,Verified No fire,JAMBI SMF,11425,2019,2019:11425,2019,11423,,,,,,,,False
105.733,-3.55293,2019-12-23 13:00:00,LAPAN,SNPP,Verified No fire,SUMSEL,11426,2019,2019:11426,2019,11424,,,,,,,,False
105.296333313,-3.06503939629,2019-12-30 14:00:00,LAPAN,Aqua,Verified No fire,SUMSEL,11427,2019,2019:11427,2019,11425,,,,,,,,False
103.10497,-0.8974,2023-02-14 10:00:00,NASA,Aqua,Verified No fire,JAMBI SMF,10,2023,2023:10,2023,11434,,,,,,,,False
105.41003,-3.13477,2023-03-08 10:00:00,NASA,Aqua,Verified No fire,SUMSEL,74,2023,2023:74,2023,11498,,,,,,,,False
103.38050842,-1.20028257,2023-03-17 00:00:00,LAPAN,NOAA20,Verified No fire,JAMBI SMF,149,2023,2023:149,2023,11573,,,,,,,,False
103.36038971,-1.1733886,2023-03-17 00:00:00,LAPAN,NOAA20,Verified No fire,JAMBI SMF,150,2023,2023:150,2023,11574,,,,,,,,False
103.37973785,-1.20487523,2023-03-17 00:00:00,LAPAN,NOAA20,Verified No fire,JAMBI SMF,151,2023,2023:151,2023,11575,,,,,,,,False
103.35781097,-1.17367268,2023-03-17 00:00:00,LAPAN,NOAA20,Verified No fire,JAMBI SMF,152,2023,2023:152,2023,11576,,,,,,,,False
103.38712311,-1.03727162,2023-03-17 00:00:00,LAPAN,NOAA20,Verified No fire,JAMBI SMF,153,2023,2023:153,2023,11577,,,,,,,,False
103.37248993,-1.18953824,2023-03-17 00:00:00,LAPAN,NOAA20,Verified No fire,JAMBI SMF,154,2023,2023:154,2023,11578,,,,,,,,False
103.48235,-1.08476,2023-03-20 10:00:00,NASA,Aqua,Verified No fire,JAMBI SMF,213,2023,2023:213,2023,11637,,,,,,,,False
105.56316,-2.76191,2023-03-22 10:00:00,NASA,Aqua,Verified No fire,SUMSEL,216,2023,2023:216,2023,11640,,,,,,,,False
105.55409,-2.7606,2023-03-22 10:00:00,NASA,Aqua,Verified No fire,SUMSEL,217,2023,2023:217,2023,11641,,,,,,,,False
105.52071,-2.97681,2023-03-22 10:00:00,NASA,Aqua,Verified No fire,SUMSEL,218,2023,2023:218,2023,11642,,,,,,,,False
105.563293457,-2.76173400879,2023-03-22 10:00:00,LAPAN,Aqua,Verified No fire,SUMSEL,219,2023,2023:219,2023,11643,,,,,,,,False
105.51163,-2.97548,2023-03-22 10:00:00,NASA,Aqua,Verified No fire,SUMSEL,220,2023,2023:220,2023,11644,,,,,,,,False
103.38231659,-1.20533609,2023-04-18 00:00:00,LAPAN,NOAA20,Verified No fire,JAMBI SMF,370,2023,2023:370,2023,11794,,,,,,,,False
103.3830719,-1.2007606,2023-04-18 00:00:00,LAPAN,NOAA20,Verified No fire,JAMBI SMF,371,2023,2023:371,2023,11795,,,,,,,,False
103.37039185,-1.18930066,2023-04-18 00:00:00,LAPAN,NOAA20,Verified No fire,JAMBI SMF,372,2023,2023:372,2023,11796,,,,,,,,False
103.63507,-1.27025,2023-04-18 10:00:00,NASA,Aqua,Verified No fire,JAMBI SMF,378,2023,2023:378,2023,11802,,,,,,,,False
103.36958313,-1.19114161,2023-05-12 00:00:00,LAPAN,SNPP,Verified No fire,JAMBI SMF,512,2023,2023:512,2023,11936,,,,,,,,False
103.38263702,-1.2027849,2023-05-12 00:00:00,LAPAN,SNPP,Verified No fire,JAMBI SMF,513,2023,2023:513,2023,11937,,,,,,,,False
103.37335205,-1.1889621,2023-05-12 00:00:00,LAPAN,SNPP,Verified No fire,JAMBI SMF,514,2023,2023:514,2023,11938,,,,,,,,False
103.48782,-1.06959,2023-05-14 10:00:00,NASA,Aqua,Verified No fire,JAMBI SMF,555,2023,2023:555,2023,11979,,,,,,,,False
105.38947,-3.07572,2023-05-26 10:00:00,NASA,Aqua,Verified No fire,SUMSEL,629,2023,2023:629,2023,12053,,,,,,,,False
105.55302,-2.76403,2023-05-28 10:00:00,NASA,Aqua,Verified No fire,SUMSEL,635,2023,2023:635,2023,12059,,,,,,,,False
105.55302,-2.76404,2023-05-28 10:00:00,NASA,Aqua,Verified No fire,SUMSEL,636,2023,2023:636,2023,12060,,,,,,,,False
105.38942,-3.07653,2023-06-02 10:00:00,NASA,Aqua,Verified No fire,SUMSEL,686,2023,2023:686,2023,12110,,,,,,,,False
105.324432373,-3.0481441021,2023-06-02 10:00:00,LAPAN,Aqua,Verified No fire,SUMSEL,687,2023,2023:687,2023,12111,,,,,,,,False
105.38941,-3.07653,2023-06-02 10:00:00,NASA,Aqua,Verified No fire,SUMSEL,688,2023,2023:688,2023,12112,,,,,,,,False
103.38257,-1.20364,2023-06-10 12:00:00,NASA,SNPP,Verified No fire,JAMBI SMF,757,2023,2023:757,2023,12181,,,,,,,,False
103.38148499,-1.20436311,2023-06-10 12:00:00,LAPAN,SNPP,Verified No fire,JAMBI SMF,758,2023,2023:758,2023,12182,,,,,,,,False
103.37252808,-1.1916585,2023-06-13 00:00:00,LAPAN,SNPP,Verified No fire,JAMBI SMF,799,2023,2023:799,2023,12223,,,,,,,,False
103.38074493,-1.20248544,2023-06-13 00:00:00,LAPAN,SNPP,Verified No fire,JAMBI SMF,800,2023,2023:800,2023,12224,,,,,,,,False
103.38291931,-1.20569432,2023-06-13 00:00:00,LAPAN,SNPP,Verified No fire,JAMBI SMF,801,2023,2023:801,2023,12225,,,,,,,,False
103.38296509,-1.20485067,2023-06-18 12:00:00,LAPAN,NOAA20,Verified No fire,JAMBI SMF,842,2023,2023:842,2023,12266,,,,,,,,False
103.45272064,-2.29966855,2023-06-18 12:00:00,LAPAN,NOAA20,Verified No fire,SUMSEL MUBA,843,2023,2023:843,2023,12267,,,,,,,,False
103.45276,-2.29981,2023-06-18 12:00:00,NASA,NOAA20,Verified No fire,SUMSEL MUBA,844,2023,2023:844,2023,12268,,,,,,,,False
103.383,-1.205,2023-06-18 12:00:00,NASA,NOAA20,Verified No fire,JAMBI SMF,845,2023,2023:845,2023,12269,,,,,,,,False
103.47004,-1.07006,2023-06-24 10:00:00,NASA,Aqua,Verified No fire,JAMBI SMF,919,2023,2023:919,2023,12343,,,,,,,,False
103.3835907,-1.2018317,2023-06-29 00:00:00,LAPAN,SNPP,Verified No fire,JAMBI SMF,952,2023,2023:952,2023,12376,,,,,,,,False
103.38283539,-1.20647311,2023-06-29 00:00:00,LAPAN,SNPP,Verified No fire,JAMBI SMF,953,2023,2023:953,2023,12377,,,,,,,,False
103.3705368,-1.19016194,2023-06-29 00:00:00,LAPAN,SNPP,Verified No fire,JAMBI SMF,954,2023,2023:954,2023,12378,,,,,,,,False
103.37996674,-1.20353627,2023-06-29 00:00:00,LAPAN,SNPP,Verified No fire,JAMBI SMF,955,2023,2023:955,2023,12379,,,,,,,,False
105.31553,-3.05487,2023-06-29 10:00:00,NASA,Aqua,Verified No fire,SUMSEL,966,2023,2023:966,2023,12390,,,,,,,,False
105.30865,-3.05644,2023-06-29 10:00:00,NASA,Aqua,Verified No fire,SUMSEL,967,2023,2023:967,2023,12391,,,,,,,,False
105.33289,-3.04808,2023-07-01 10:00:00,NASA,Aqua,Verified No fire,SUMSEL,988,2023,2023:988,2023,12412,,,,,,,,False
103.63146,-1.29153,2023-07-05 09:00:00,NASA,Aqua,Verified No fire,JAMBI SMF,1031,2023,2023:1031,2023,12455,,,,,,,,False
103.37247467,-1.18788409,2023-07-07 00:00:00,LAPAN,NOAA20,Verified No fire,JAMBI SMF,1037,2023,2023:1037,2023,12461,,,,,,,,False
103.37966919,-1.20309544,2023-07-07 00:00:00,LAPAN,NOAA20,Verified No fire,JAMBI SMF,1038,2023,2023:1038,2023,12462,,,,,,,,False
103.38193512,-1.20351493,2023-07-07 00:00:00,LAPAN,NOAA20,Verified No fire,JAMBI SMF,1039,2023,2023:1039,2023,12463,,,,,,,,False
103.650749207,-1.3704508543,2023-07-13 13:00:00,LAPAN,Aqua,Verified No fire,JAMBI SMF,1093,2023,2023:1093,2023,12517,,,,,,,,False
103.37952423,-1.20498252,2023-07-15 00:00:00,LAPAN,SNPP,Verified No fire,JAMBI SMF,1097,2023,2023:1097,2023,12521,,,,,,,,False
103.38342285,-1.20208466,2023-07-15 00:00:00,LAPAN,SNPP,Verified No fire,JAMBI SMF,1098,2023,2023:1098,2023,12522,,,,,,,,False
105.387191772,-3.07525277138,2023-07-18 13:00:00,LAPAN,Aqua,Verified No fire,SUMSEL,1111,2023,2023:1111,2023,12535,,,,,,,,False
105.88712,-3.85648,2023-07-19 13:00:00,NASA,NOAA20,Verified Fire,SUMSEL,1114,2023,2023:1114,2023,12538,,,,,,,,False
103.38259125,-1.20175457,2023-07-22 01:00:00,LAPAN,NOAA20,Verified No fire,JAMBI SMF,1116,2023,2023:1116,2023,12540,,,,,,,,False
105.2807312,-2.75442553,2023-07-22 01:00:00,LAPAN,NOAA20,Verified No fire,SUMSEL,1117,2023,2023:1117,2023,12541,,,,,,,,False
103.38204956,-1.20519567,2023-07-22 01:00:00,LAPAN,NOAA20,Verified No fire,JAMBI SMF,1118,2023,2023:1118,2023,12542,,,,,,,,False
103.37228394,-1.18826687,2023-07-23 00:00:00,LAPAN,NOAA20,Verified No fire,JAMBI SMF,1119,2023,2023:1119,2023,12543,,,,,,,,False
103.37940979,-1.20344317,2023-07-23 00:00:00,LAPAN,NOAA20,Verified No fire,JAMBI SMF,1120,2023,2023:1120,2023,12544,,,,,,,,False
103.70003,-2.11508,2023-07-23 13:00:00,NASA,Aqua,Verified No fire,SUMSEL MUBA,1127,2023,2023:1127,2023,12551,,,,,,,,False
103.10941,-2.40321,2023-07-27 13:00:00,NASA,SNPP,Verified No fire,SUMSEL MUBA,1153,2023,2023:1153,2023,12577,,,,,,,,False
103.10877228,-2.40308595,2023-07-27 13:00:00,LAPAN,SNPP,Verified No fire,SUMSEL MUBA,1154,2023,2023:1154,2023,12578,,,,,,,,False
103.38016,-1.20112,2023-07-28 02:00:00,NASA,SNPP,Verified No fire,JAMBI SMF,1158,2023,2023:1158,2023,12582,,,,,,,,False
103.3816,-1.20085,2023-07-28 02:00:00,NASA,SNPP,Verified No fire,JAMBI SMF,1159,2023,2023:1159,2023,12583,,,,,,,,False
103.24077,-1.06328,2023-07-28 02:00:00,NASA,SNPP,Verified No fire,JAMBI SMF,1160,2023,2023:1160,2023,12584,,,,,,,,False
103.37474823,-1.19085431,2023-07-31 00:00:00,LAPAN,SNPP,Verified No fire,JAMBI SMF,1192,2023,2023:1192,2023,12616,,,,,,,,False
103.48935699,-2.25268269,2023-07-31 00:00:00,LAPAN,SNPP,Verified No fire,SUMSEL MUBA,1193,2023,2023:1193,2023,12617,,,,,,,,False
103.3828125,-1.20162177,2023-07-31 00:00:00,LAPAN,SNPP,Verified No fire,JAMBI SMF,1194,2023,2023:1194,2023,12618,,,,,,,,False
103.38205719,-1.20622885,2023-07-31 00:00:00,LAPAN,SNPP,Verified No fire,JAMBI SMF,1195,2023,2023:1195,2023,12619,,,,,,,,False
103.37145233,-1.19159508,2023-07-31 00:00:00,LAPAN,SNPP,Verified No fire,JAMBI SMF,1196,2023,2023:1196,2023,12620,,,,,,,,False
105.683891296,-2.77831196785,2023-08-01 13:00:00,LAPAN,Aqua,Verified No fire,SUMSEL,1235,2023,2023:1235,2023,12659,,,,,,,,False
105.30537,-3.05228,2023-08-04 10:00:00,NASA,Aqua,Verified No fire,SUMSEL,1250,2023,2023:1250,2023,12674,,,,,,,,False
105.50507,-2.93055,2023-08-04 10:00:00,NASA,Aqua,Verified No fire,SUMSEL,1251,2023,2023:1251,2023,12675,,,,,,,,False
103.24974823,-0.91423941,2023-08-05 12:00:00,LAPAN,NOAA20,Verified No fire,JAMBI SMF,1263,2023,2023:1263,2023,12687,,,,,,,,False
103.24686432,-0.91467297,2023-08-05 12:00:00,LAPAN,NOAA20,Verified Fire,JAMBI SMF,1264,2023,2023:1264,2023,12688,,,,,,,,False
103.25021,-0.91364,2023-08-05 12:00:00,NASA,NOAA20,Verified Fire,JAMBI SMF,1265,2023,2023:1265,2023,12689,,,,,,,,False
103.24733,-0.91408,2023-08-05 12:00:00,NASA,NOAA20,Verified Fire,JAMBI SMF,1266,2023,2023:1266,2023,12690,,,,,,,,False
105.607780457,-2.77170944214,2023-08-05 13:00:00,LAPAN,Aqua,Verified No fire,SUMSEL,1270,2023,2023:1270,2023,12694,,,,,,,,False
102.958099365,-0.877383291721,2023-08-06 10:00:00,LAPAN,Aqua,Verified No fire,JAMBI SMF,1288,2023,2023:1288,2023,12712,,,,,,,,False
104.158355713,-1.93892037869,2023-08-06 13:00:00,LAPAN,Aqua,Verified No fire,SUMSEL MUBA,1296,2023,2023:1296,2023,12720,,,,,,,,False
103.38259125,-1.20482397,2023-08-08 00:00:00,LAPAN,NOAA20,Verified No fire,JAMBI SMF,1320,2023,2023:1320,2023,12744,,,,,,,,False
105.6032486,-3.76438832,2023-08-08 00:00:00,LAPAN,NOAA20,Fire inside Sitrep,SUMSEL,1321,2023,2023:1321,2023,12745,,,,,,,,False
103.38063812,-1.2039299,2023-08-08 00:00:00,LAPAN,NOAA20,Verified No fire,JAMBI SMF,1322,2023,2023:1322,2023,12746,,,,,,,,False
103.37353516,-1.18880844,2023-08-08 00:00:00,LAPAN,NOAA20,Verified No fire,JAMBI SMF,1323,2023,2023:1323,2023,12747,,,,,,,,False
103.29203033,-2.46274781,2023-08-08 00:00:00,LAPAN,NOAA20,Verified No fire,SUMSEL MUBA,1324,2023,2023:1324,2023,12748,,,,,,,,False
103.13768,-0.9092,2023-08-11 10:00:00,NASA,Aqua,Verified No fire,JAMBI SMF,1416,2023,2023:1416,2023,12840,,,,,,,,False
105.601799011,-2.76734209061,2023-08-12 13:00:00,LAPAN,Aqua,Verified No fire,SUMSEL,1462,2023,2023:1462,2023,12886,,,,,,,,False
105.928443909,-3.84285378456,2023-08-13 22:00:00,LAPAN,Aqua,Fire inside Sitrep,SUMSEL,1473,2023,2023:1473,2023,12897,,,,,,,,False
105.92841,-3.8428,2023-08-13 22:00:00,NASA,Aqua,Fire inside Sitrep,SUMSEL,1474,2023,2023:1474,2023,12898,,,,,,,,False
105.49747,-2.95501,2023-08-15 09:00:00,NASA,Aqua,Verified No fire,SUMSEL,1485,2023,2023:1485,2023,12909,,,,,,,,False
105.54597,-3.69152,2023-08-17 14:00:00,NASA,NOAA20,Fire inside Sitrep,SUMSEL,1512,2023,2023:1512,2023,12936,,,,,,,,False
105.39246,-3.06863,2023-08-18 10:00:00,NASA,Aqua,Verified No fire,SUMSEL,1515,2023,2023:1515,2023,12939,,,,,,,,False
105.4458,-2.89263,2023-08-20 09:00:00,NASA,Aqua,Verified No fire,SUMSEL,1536,2023,2023:1536,2023,12960,,,,,,,,False
103.37232208,-1.18784428,2023-08-24 00:00:00,LAPAN,NOAA20,Verified No fire,JAMBI SMF,1583,2023,2023:1583,2023,13007,,,,,,,,False
103.37941742,-1.20296979,2023-08-24 00:00:00,LAPAN,NOAA20,Verified No fire,JAMBI SMF,1584,2023,2023:1584,2023,13008,,,,,,,,False
103.120483398,-0.905859649181,2023-08-25 10:00:00,LAPAN,Aqua,Verified No fire,JAMBI SMF,1631,2023,2023:1631,2023,13055,,,,,,,,False
103.62453,-1.3827,2023-08-26 10:00:00,NASA,Aqua,Verified No fire,JAMBI SMF,1650,2023,2023:1650,2023,13074,,,,,,,,False
102.81189728,-1.27120185,2023-08-26 12:00:00,LAPAN,NOAA20,Verified No fire,JAMBI SMF,1651,2023,2023:1651,2023,13075,,,,,,,,False
105.30062,-3.05102,2023-08-28 10:00:00,NASA,Aqua,Verified No fire,SUMSEL,1671,2023,2023:1671,2023,13095,,,,,,,,False
105.65825,-2.88262,2023-08-30 10:00:00,NASA,Aqua,Verified No fire,SUMSEL,1684,2023,2023:1684,2023,13108,,,,,,,,False
105.597892761,-2.78059124947,2023-08-31 13:00:00,LAPAN,Aqua,Verified No fire,SUMSEL,1704,2023,2023:1704,2023,13128,,,,,,,,False
103.37410736,-1.18896425,2023-09-01 00:00:00,LAPAN,SNPP,Verified No fire,JAMBI SMF,1705,2023,2023:1705,2023,13129,,,,,,,,False
105.45540619,-3.32893133,2023-09-01 00:00:00,LAPAN,SNPP,Verified No fire,SUMSEL,1706,2023,2023:1706,2023,13130,,,,,,,,False
103.38137817,-1.2043035,2023-09-01 00:00:00,LAPAN,SNPP,Verified No fire,JAMBI SMF,1707,2023,2023:1707,2023,13131,,,,,,,,False
105.45730591,-3.32883716,2023-09-01 00:00:00,LAPAN,SNPP,Verified No fire,SUMSEL,1708,2023,2023:1708,2023,13132,,,,,,,,False
103.80104065,-1.50975645,2023-09-01 00:00:00,LAPAN,SNPP,Verified Fire,JAMBI SMF,1709,2023,2023:1709,2023,13133,,,,,,,,False
103.22664642,-2.56432676,2023-09-01 00:00:00,LAPAN,SNPP,Verified No fire,SUMSEL MUBA,1710,2023,2023:1710,2023,13134,,,,,,,,False
105.4566803,-3.33271694,2023-09-01 00:00:00,LAPAN,SNPP,Verified No fire,SUMSEL,1711,2023,2023:1711,2023,13135,,,,,,,,False
103.41860199,-2.28677177,2023-09-01 00:00:00,LAPAN,SNPP,Verified No fire,SUMSEL MUBA,1712,2023,2023:1712,2023,13136,,,,,,,,False
103.36054993,-1.02375221,2023-09-01 00:00:00,LAPAN,SNPP,Verified No fire,JAMBI SMF,1713,2023,2023:1713,2023,13137,,,,,,,,False
105.27359,-2.85088,2023-09-01 09:00:00,NASA,Aqua,Fire inside Sitrep,SUMSEL,1735,2023,2023:1735,2023,13159,,,,,,,,False
105.28263,-2.85221,2023-09-01 09:00:00,NASA,Aqua,Fire inside Sitrep,SUMSEL,1736,2023,2023:1736,2023,13160,,,,,,,,False
103.42682,-2.25841,2023-09-01 09:00:00,NASA,Aqua,Verified No fire,SUMSEL MUBA,1737,2023,2023:1737,2023,13161,,,,,,,,False
105.30415,-3.05722,2023-09-02 10:00:00,NASA,Aqua,Verified No fire,SUMSEL,1809,2023,2023:1809,2023,13233,,,,,,,,False
105.63377,-2.88385,2023-09-03 09:00:00,NASA,Aqua,Verified No fire,SUMSEL,1843,2023,2023:1843,2023,13267,,,,,,,,False
105.52562714,-3.77829385,2023-09-03 12:00:00,LAPAN,SNPP,Fire inside Sitrep,SUMSEL,1844,2023,2023:1844,2023,13268,,,,,,,,False
105.35987091,-2.42463374,2023-09-03 12:00:00,LAPAN,SNPP,Verified No fire,SUMSEL,1845,2023,2023:1845,2023,13269,,,,,,,,False
103.7044754,-2.0915916,2023-09-03 12:00:00,LAPAN,SNPP,Verified Fire,SUMSEL MUBA,1846,2023,2023:1846,2023,13270,,,,,,,,False
103.43273,-2.2838,2023-09-03 21:00:00,NASA,Aqua,Verified No fire,SUMSEL MUBA,1852,2023,2023:1852,2023,13276,,,,,,,,False
102.97455,-1.00931,2023-09-04 10:00:00,NASA,Aqua,Verified Fire,JAMBI SMF,1876,2023,2023:1876,2023,13300,,,,,,,,False
105.29944,-3.11931,2023-09-06 10:00:00,NASA,Aqua,Fire inside Sitrep,SUMSEL,1955,2023,2023:1955,2023,13379,,,,,,,,False
105.29034,-3.11801,2023-09-06 10:00:00,NASA,Aqua,Fire inside Sitrep,SUMSEL,1956,2023,2023:1956,2023,13380,,,,,,,,False
103.43901,-2.27624,2023-09-06 10:00:00,NASA,Aqua,Verified No fire,SUMSEL MUBA,1957,2023,2023:1957,2023,13381,,,,,,,,False
105.60180664,-3.56634736,2023-09-08 13:00:00,LAPAN,NOAA20,Verified No fire,SUMSEL,1978,2023,2023:1978,2023,13402,,,,,,,,False
105.60262299,-3.57178807,2023-09-08 13:00:00,LAPAN,NOAA20,Verified No fire,SUMSEL,1979,2023,2023:1979,2023,13403,,,,,,,,False
103.454307556,-2.22734236717,2023-09-08 22:00:00,LAPAN,Aqua,Verified No fire,SUMSEL MUBA,1983,2023,2023:1983,2023,13407,,,,,,,,False
103.4544,-2.22722,2023-09-08 22:00:00,NASA,Aqua,Verified No fire,SUMSEL MUBA,1984,2023,2023:1984,2023,13408,,,,,,,,False
103.38249969,-1.2010814,2023-09-09 00:00:00,LAPAN,NOAA20,Verified No fire,JAMBI SMF,1985,2023,2023:1985,2023,13409,,,,,,,,False
105.48621,-2.95932,2023-09-09 10:00:00,NASA,Aqua,Verified No fire,SUMSEL,1998,2023,2023:1998,2023,13422,,,,,,,,False
103.19276,-1.43483,2023-09-09 10:00:00,NASA,Aqua,Verified No fire,JAMBI SMF,1999,2023,2023:1999,2023,13423,,,,,,,,False
105.58514,-3.56886,2023-09-09 10:00:00,NASA,Aqua,Verified No fire,SUMSEL,2000,2023,2023:2000,2023,13424,,,,,,,,False
105.51003,-2.9626,2023-09-09 10:00:00,NASA,Aqua,Verified No fire,SUMSEL,2001,2023,2023:2001,2023,13425,,,,,,,,False
105.44298,-3.34435,2023-09-11 10:00:00,NASA,Aqua,Verified Fire,SUMSEL,2057,2023,2023:2057,2023,13481,,,,,,,,False
105.59387207,-3.56893229,2023-09-11 12:00:00,LAPAN,NOAA20,Fire inside Sitrep,SUMSEL,2058,2023,2023:2058,2023,13482,,,,,,,,False
105.44683838,-3.34573054,2023-09-11 12:00:00,LAPAN,NOAA20,Fire inside Sitrep,SUMSEL,2059,2023,2023:2059,2023,13483,,,,,,,,False
105.58288574,-3.56647229,2023-09-11 12:00:00,LAPAN,NOAA20,Fire inside Sitrep,SUMSEL,2060,2023,2023:2060,2023,13484,,,,,,,,False
105.39512634,-2.42109466,2023-09-11 12:00:00,LAPAN,NOAA20,Verified No fire,SUMSEL,2061,2023,2023:2061,2023,13485,,,,,,,,False
105.60708618,-3.56288934,2023-09-11 12:00:00,LAPAN,NOAA20,Fire inside Sitrep,SUMSEL,2062,2023,2023:2062,2023,13486,,,,,,,,False
105.44274139,-3.34221792,2023-09-11 12:00:00,LAPAN,NOAA20,Fire inside Sitrep,SUMSEL,2063,2023,2023:2063,2023,13487,,,,,,,,False
105.39471,-3.06586,2023-09-13 09:00:00,NASA,Aqua,Verified No fire,SUMSEL,2122,2023,2023:2122,2023,13546,,,,,,,,False
103.452537537,-2.29857683182,2023-09-13 22:00:00,LAPAN,Aqua,Verified No fire,SUMSEL MUBA,2150,2023,2023:2150,2023,13574,,,,,,,,False
103.4525,-2.29847,2023-09-13 22:00:00,NASA,Aqua,Verified No fire,SUMSEL MUBA,2151,2023,2023:2151,2023,13575,,,,,,,,False
103.45779419,-2.3056674,2023-09-14 12:00:00,LAPAN,SNPP,Verified No fire,SUMSEL MUBA,2165,2023,2023:2165,2023,13589,,,,,,,,False
105.28828,-2.75892,2023-09-14 12:00:00,NASA,SNPP,Verified No fire,SUMSEL,2169,2023,2023:2169,2023,13593,,,,,,,,False
103.45888,-2.30489,2023-09-14 12:00:00,NASA,SNPP,Verified No fire,SUMSEL MUBA,2170,2023,2023:2170,2023,13594,,,,,,,,False
103.45441,-2.29508,2023-09-14 12:00:00,NASA,SNPP,Verified No fire,SUMSEL MUBA,2171,2023,2023:2171,2023,13595,,,,,,,,False
105.28751373,-2.75895357,2023-09-14 12:00:00,LAPAN,SNPP,Verified No fire,SUMSEL,2172,2023,2023:2172,2023,13596,,,,,,,,False
102.79660797,-1.02779686,2023-09-14 12:00:00,LAPAN,SNPP,Verified No fire,JAMBI SMF,2174,2023,2023:2174,2023,13598,,,,,,,,False
103.45603,-2.22475,2023-09-14 12:00:00,NASA,SNPP,Verified No fire,SUMSEL MUBA,2176,2023,2023:2176,2023,13600,,,,,,,,False
105.28873444,-2.75828004,2023-09-14 12:00:00,LAPAN,SNPP,Verified No fire,SUMSEL,2177,2023,2023:2177,2023,13601,,,,,,,,False
102.79739,-1.02776,2023-09-14 12:00:00,NASA,SNPP,Verified No fire,JAMBI SMF,2178,2023,2023:2178,2023,13602,,,,,,,,False
102.82892609,-1.18955326,2023-09-14 12:00:00,LAPAN,SNPP,Verified No fire,JAMBI SMF,2179,2023,2023:2179,2023,13603,,,,,,,,False
105.28963,-2.75772,2023-09-14 12:00:00,NASA,SNPP,Verified No fire,SUMSEL,2185,2023,2023:2185,2023,13609,,,,,,,,False
102.83005,-1.18881,2023-09-14 12:00:00,NASA,SNPP,Verified No fire,JAMBI SMF,2186,2023,2023:2186,2023,13610,,,,,,,,False
103.45336151,-2.29586411,2023-09-14 12:00:00,LAPAN,SNPP,Verified No fire,SUMSEL MUBA,2187,2023,2023:2187,2023,13611,,,,,,,,False
103.45513153,-2.22478318,2023-09-14 12:00:00,LAPAN,SNPP,Verified No fire,SUMSEL MUBA,2188,2023,2023:2188,2023,13612,,,,,,,,False
105.30371,-3.05312,2023-09-15 09:00:00,NASA,Aqua,Verified No fire,SUMSEL,2238,2023,2023:2238,2023,13662,,,,,,,,False
103.492683411,-2.27945375443,2023-09-15 21:00:00,LAPAN,Aqua,Verified No fire,SUMSEL MUBA,2387,2023,2023:2387,2023,13811,,,,,,,,False
103.49294,-2.2793,2023-09-15 21:00:00,NASA,Aqua,Verified No fire,SUMSEL MUBA,2388,2023,2023:2388,2023,13812,,,,,,,,False
103.47208,-2.29228,2023-09-15 21:00:00,NASA,Aqua,Verified No fire,SUMSEL MUBA,2389,2023,2023:2389,2023,13813,,,,,,,,False
103.471809387,-2.29243826866,2023-09-15 21:00:00,LAPAN,Aqua,Verified No fire,SUMSEL MUBA,2390,2023,2023:2390,2023,13814,,,,,,,,False
105.38338,-3.69274,2023-09-16 10:00:00,NASA,Aqua,Fire inside Sitrep,SUMSEL,2444,2023,2023:2444,2023,13868,,,,,,,,False
105.38734436,-3.69465542,2023-09-16 13:00:00,LAPAN,SNPP,Fire inside Sitrep,SUMSEL,2463,2023,2023:2463,2023,13887,,,,,,,,False
105.26879883,-3.12852454,2023-09-16 13:00:00,LAPAN,SNPP,Fire inside Sitrep,SUMSEL,2467,2023,2023:2467,2023,13891,,,,,,,,False
105.20210266,-3.09045172,2023-09-16 13:00:00,LAPAN,SNPP,Fire inside Sitrep,SUMSEL,2470,2023,2023:2470,2023,13894,,,,,,,,False
105.38406372,-3.6952126,2023-09-16 13:00:00,LAPAN,SNPP,Fire inside Sitrep,SUMSEL,2475,2023,2023:2475,2023,13899,,,,,,,,False
105.36515808,-3.70387363,2023-09-16 13:00:00,LAPAN,SNPP,Fire inside Sitrep,SUMSEL,2476,2023,2023:2476,2023,13900,,,,,,,,False
105.27626038,-3.13277268,2023-09-16 13:00:00,LAPAN,SNPP,Fire inside Sitrep,SUMSEL,2480,2023,2023:2480,2023,13904,,,,,,,,False
105.27957153,-3.13223124,2023-09-16 13:00:00,LAPAN,SNPP,Fire inside Sitrep,SUMSEL,2481,2023,2023:2481,2023,13905,,,,,,,,False
105.19661713,-3.08978486,2023-09-16 13:00:00,LAPAN,SNPP,Fire inside Sitrep,SUMSEL,2484,2023,2023:2484,2023,13908,,,,,,,,False
105.58133698,-3.55876684,2023-09-16 13:00:00,LAPAN,SNPP,Fire inside Sitrep,SUMSEL,2488,2023,2023:2488,2023,13912,,,,,,,,False
105.20402527,-3.09404635,2023-09-16 13:00:00,LAPAN,SNPP,Fire inside Sitrep,SUMSEL,2497,2023,2023:2497,2023,13921,,,,,,,,False
105.2053833,-3.08990264,2023-09-16 13:00:00,LAPAN,SNPP,Fire inside Sitrep,SUMSEL,2503,2023,2023:2503,2023,13927,,,,,,,,False
105.37076569,-3.70487738,2023-09-16 13:00:00,LAPAN,SNPP,Fire inside Sitrep,SUMSEL,2504,2023,2023:2504,2023,13928,,,,,,,,False
105.26467896,-3.12373567,2023-09-16 13:00:00,LAPAN,SNPP,Fire inside Sitrep,SUMSEL,2506,2023,2023:2506,2023,13930,,,,,,,,False
105.36746979,-3.70540881,2023-09-16 13:00:00,LAPAN,SNPP,Fire inside Sitrep,SUMSEL,2510,2023,2023:2510,2023,13934,,,,,,,,False
105.38553619,-3.69157457,2023-09-16 13:00:00,LAPAN,SNPP,Fire inside Sitrep,SUMSEL,2513,2023,2023:2513,2023,13937,,,,,,,,False
105.62241364,-3.56981158,2023-09-16 13:00:00,LAPAN,SNPP,Fire inside Sitrep,SUMSEL,2516,2023,2023:2516,2023,13940,,,,,,,,False
105.26798248,-3.12319207,2023-09-16 13:00:00,LAPAN,SNPP,Fire inside Sitrep,SUMSEL,2521,2023,2023:2521,2023,13945,,,,,,,,False
105.36844635,-3.70331788,2023-09-16 13:00:00,LAPAN,SNPP,Fire inside Sitrep,SUMSEL,2524,2023,2023:2524,2023,13948,,,,,,,,False
105.24899292,-3.13177204,2023-09-16 13:00:00,LAPAN,SNPP,Fire inside Sitrep,SUMSEL,2531,2023,2023:2531,2023,13955,,,,,,,,False
105.37174988,-3.70275998,2023-09-16 13:00:00,LAPAN,SNPP,Fire inside Sitrep,SUMSEL,2535,2023,2023:2535,2023,13959,,,,,,,,False
105.6131134,-3.55572915,2023-09-17 00:00:00,LAPAN,SNPP,Fire inside Sitrep,SUMSEL,2564,2023,2023:2564,2023,13988,,,,,,,,False
105.61249542,-3.55956507,2023-09-17 00:00:00,LAPAN,SNPP,Fire inside Sitrep,SUMSEL,2565,2023,2023:2565,2023,13989,,,,,,,,False
105.65612,-3.58322,2023-09-18 10:00:00,NASA,Aqua,Verified Fire,SUMSEL,2670,2023,2023:2670,2023,14094,,,,,,,,False
105.44498,-3.32567,2023-09-18 22:00:00,NASA,Aqua,Fire inside Sitrep,SUMSEL,2681,2023,2023:2681,2023,14105,,,,,,,,False
105.43003,-3.32793,2023-09-18 22:00:00,NASA,Aqua,Fire inside Sitrep,SUMSEL,2682,2023,2023:2682,2023,14106,,,,,,,,False
105.22923,-3.11653,2023-09-18 22:00:00,NASA,Aqua,Fire inside Sitrep,SUMSEL,2683,2023,2023:2683,2023,14107,,,,,,,,False
105.43864,-3.32744,2023-09-18 22:00:00,NASA,Aqua,Fire inside Sitrep,SUMSEL,2684,2023,2023:2684,2023,14108,,,,,,,,False
105.38541,-3.27729,2023-09-18 22:00:00,NASA,Aqua,Fire inside Sitrep,SUMSEL,2685,2023,2023:2685,2023,14109,,,,,,,,False
105.62974548,-3.4901495,2023-09-19 12:00:00,LAPAN,SNPP,Fire inside Sitrep,SUMSEL,2738,2023,2023:2738,2023,14162,,,,,,,,False
105.3981781,-2.54343128,2023-09-19 12:00:00,LAPAN,SNPP,Verified No fire,SUMSEL,2739,2023,2023:2739,2023,14163,,,,,,,,False
105.65298462,-3.5772295,2023-09-19 12:00:00,LAPAN,SNPP,Fire inside Sitrep,SUMSEL,2740,2023,2023:2740,2023,14164,,,,,,,,False
105.29402161,-2.66994095,2023-09-19 12:00:00,LAPAN,SNPP,Fire inside Sitrep,SUMSEL,2741,2023,2023:2741,2023,14165,,,,,,,,False
105.29044342,-2.67046118,2023-09-19 12:00:00,LAPAN,SNPP,Fire inside Sitrep,SUMSEL,2742,2023,2023:2742,2023,14166,,,,,,,,False
105.28858185,-2.75811481,2023-09-19 12:00:00,LAPAN,SNPP,Verified No fire,SUMSEL,2743,2023,2023:2743,2023,14167,,,,,,,,False
105.38881683,-2.55303931,2023-09-19 12:00:00,LAPAN,SNPP,Verified No fire,SUMSEL,2744,2023,2023:2744,2023,14168,,,,,,,,False
105.65381622,-3.57805848,2023-09-19 12:00:00,LAPAN,SNPP,Fire inside Sitrep,SUMSEL,2745,2023,2023:2745,2023,14169,,,,,,,,False
105.30480194,-2.91271162,2023-09-19 12:00:00,LAPAN,SNPP,Verified Fire,SUMSEL,2746,2023,2023:2746,2023,14170,,,,,,,,False
105.42098999,-2.55245781,2023-09-19 12:00:00,LAPAN,SNPP,Verified Fire,SUMSEL,2747,2023,2023:2747,2023,14171,,,,,,,,False
105.29342651,-2.66587162,2023-09-19 12:00:00,LAPAN,SNPP,Fire inside Sitrep,SUMSEL,2748,2023,2023:2748,2023,14172,,,,,,,,False
105.41357,-2.98416,2023-09-19 21:00:00,NASA,Aqua,Verified No fire,SUMSEL,2773,2023,2023:2773,2023,14197,,,,,,,,False
105.413131714,-2.98435997963,2023-09-19 21:00:00,LAPAN,Aqua,Verified No fire,SUMSEL,2774,2023,2023:2774,2023,14198,,,,,,,,False
105.37644,-3.27431,2023-09-20 01:00:00,NASA,Aqua,Fire inside Sitrep,SUMSEL,2795,2023,2023:2795,2023,14219,,,,,,,,False
105.386886597,-3.26662731171,2023-09-20 01:00:00,LAPAN,Aqua,Fire inside Sitrep,SUMSEL,2796,2023,2023:2796,2023,14220,,,,,,,,False
105.38686,-3.26662,2023-09-20 01:00:00,NASA,Aqua,Fire inside Sitrep,SUMSEL,2797,2023,2023:2797,2023,14221,,,,,,,,False
105.3911,-3.28061,2023-09-20 09:00:00,NASA,Aqua,Fire inside Sitrep,SUMSEL,2802,2023,2023:2802,2023,14226,,,,,,,,False
105.44474,-2.88882,2023-09-20 09:00:00,NASA,Aqua,Verified No fire,SUMSEL,2803,2023,2023:2803,2023,14227,,,,,,,,False
105.410362244,-2.97692418098,2023-09-20 21:00:00,LAPAN,Aqua,Verified No fire,SUMSEL,2858,2023,2023:2858,2023,14282,,,,,,,,False
105.41934967,-2.97566127777,2023-09-20 21:00:00,LAPAN,Aqua,Verified No fire,SUMSEL,2859,2023,2023:2859,2023,14283,,,,,,,,False
105.420631409,-2.98461508751,2023-09-20 21:00:00,LAPAN,Aqua,Verified No fire,SUMSEL,2860,2023,2023:2860,2023,14284,,,,,,,,False
105.41039,-2.97679,2023-09-20 22:00:00,NASA,Aqua,Verified No fire,SUMSEL,2861,2023,2023:2861,2023,14285,,,,,,,,False
105.42067,-2.98448,2023-09-20 22:00:00,NASA,Aqua,Verified No fire,SUMSEL,2862,2023,2023:2862,2023,14286,,,,,,,,False
105.41939,-2.97553,2023-09-20 22:00:00,NASA,Aqua,Verified No fire,SUMSEL,2863,2023,2023:2863,2023,14287,,,,,,,,False
105.44082,-2.87097,2023-09-21 10:00:00,NASA,Aqua,Verified No fire,SUMSEL,2898,2023,2023:2898,2023,14322,,,,,,,,False
105.43253,-3.14452,2023-09-21 10:00:00,NASA,Aqua,Verified No fire,SUMSEL,2899,2023,2023:2899,2023,14323,,,,,,,,False
105.242073059,-3.10576915741,2023-09-22 21:00:00,LAPAN,Aqua,Fire inside Sitrep,SUMSEL,3043,2023,2023:3043,2023,14467,,,,,,,,False
105.235168457,-3.10395264626,2023-09-22 21:00:00,LAPAN,Aqua,Fire inside Sitrep,SUMSEL,3044,2023,2023:3044,2023,14468,,,,,,,,False
105.23009,-3.10733,2023-09-22 21:00:00,NASA,Aqua,Fire inside Sitrep,SUMSEL,3045,2023,2023:3045,2023,14469,,,,,,,,False
105.23532,-3.1038,2023-09-22 21:00:00,NASA,Aqua,Fire inside Sitrep,SUMSEL,3046,2023,2023:3046,2023,14470,,,,,,,,False
105.38416,-2.4314,2023-09-22 21:00:00,NASA,Aqua,Verified No fire,SUMSEL,3047,2023,2023:3047,2023,14471,,,,,,,,False
105.229934692,-3.10748553276,2023-09-22 21:00:00,LAPAN,Aqua,Fire inside Sitrep,SUMSEL,3048,2023,2023:3048,2023,14472,,,,,,,,False
105.24223,-3.10561,2023-09-22 21:00:00,NASA,Aqua,Fire inside Sitrep,SUMSEL,3049,2023,2023:3049,2023,14473,,,,,,,,False
105.24763,-3.1058,2023-09-23 10:00:00,NASA,Aqua,Fire inside Sitrep,SUMSEL,3064,2023,2023:3064,2023,14488,,,,,,,,False
105.23679,-3.10423,2023-09-23 10:00:00,NASA,Aqua,Fire inside Sitrep,SUMSEL,3065,2023,2023:3065,2023,14489,,,,,,,,False
105.231330872,-3.10470294952,2023-09-23 22:00:00,LAPAN,Aqua,Fire inside Sitrep,SUMSEL,3094,2023,2023:3094,2023,14518,,,,,,,,False
105.23132,-3.10456,2023-09-23 22:00:00,NASA,Aqua,Fire inside Sitrep,SUMSEL,3095,2023,2023:3095,2023,14519,,,,,,,,False
105.25208,-3.10146,2023-09-23 22:00:00,NASA,Aqua,Fire inside Sitrep,SUMSEL,3096,2023,2023:3096,2023,14520,,,,,,,,False
105.70767212,-3.66076756,2023-09-24 13:00:00,LAPAN,NOAA20,Verified No fire,SUMSEL,3147,2023,2023:3147,2023,14571,,,,,,,,False
105.44219971,-3.65468478,2023-09-24 13:00:00,LAPAN,NOAA20,Verified Fire,SUMSEL,3148,2023,2023:3148,2023,14572,,,,,,,,False
105.23914337,-3.10863233,2023-09-24 13:00:00,LAPAN,NOAA20,Fire inside Sitrep,SUMSEL,3152,2023,2023:3152,2023,14576,,,,,,,,False
105.70330048,-3.65589333,2023-09-24 13:00:00,LAPAN,NOAA20,Fire inside Sitrep,SUMSEL,3155,2023,2023:3155,2023,14579,,,,,,,,False
105.65605927,-3.47107744,2023-09-24 13:00:00,LAPAN,NOAA20,Fire inside Sitrep,SUMSEL,3162,2023,2023:3162,2023,14586,,,,,,,,False
105.65727997,-3.47215772,2023-09-24 13:00:00,LAPAN,NOAA20,Fire inside Sitrep,SUMSEL,3164,2023,2023:3164,2023,14588,,,,,,,,False
105.24027,-3.10659,2023-09-24 14:00:00,NASA,NOAA20,Fire inside Sitrep,SUMSEL,3170,2023,2023:3170,2023,14594,,,,,,,,False
105.22460938,-3.10770273,2023-09-25 00:00:00,LAPAN,NOAA20,Fire inside Sitrep,SUMSEL,3174,2023,2023:3174,2023,14598,,,,,,,,False
105.24016571,-3.10617018,2023-09-25 00:00:00,LAPAN,NOAA20,Fire inside Sitrep,SUMSEL,3175,2023,2023:3175,2023,14599,,,,,,,,False
105.45517731,-3.70665479,2023-09-25 00:00:00,LAPAN,NOAA20,Fire inside Sitrep,SUMSEL,3176,2023,2023:3176,2023,14600,,,,,,,,False
105.24079132,-3.10225582,2023-09-25 00:00:00,LAPAN,NOAA20,Fire inside Sitrep,SUMSEL,3177,2023,2023:3177,2023,14601,,,,,,,,False
105.23519897,-3.10537601,2023-09-25 00:00:00,LAPAN,NOAA20,Fire inside Sitrep,SUMSEL,3178,2023,2023:3178,2023,14602,,,,,,,,False
103.49614,-1.04935,2023-09-25 09:00:00,NASA,Aqua,Verified No fire,JAMBI SMF,3191,2023,2023:3191,2023,14615,,,,,,,,False
105.25753,-2.90678,2023-09-25 09:00:00,NASA,Aqua,Fire inside Sitrep,SUMSEL,3192,2023,2023:3192,2023,14616,,,,,,,,False
105.25882,-2.8977,2023-09-25 09:00:00,NASA,Aqua,Fire inside Sitrep,SUMSEL,3193,2023,2023:3193,2023,14617,,,,,,,,False
105.26807,-2.89907,2023-09-25 09:00:00,NASA,Aqua,Fire inside Sitrep,SUMSEL,3194,2023,2023:3194,2023,14618,,,,,,,,False
105.26679,-2.90814,2023-09-25 09:00:00,NASA,Aqua,Fire inside Sitrep,SUMSEL,3195,2023,2023:3195,2023,14619,,,,,,,,False
105.237670898,-3.10218787193,2023-09-25 22:00:00,LAPAN,Aqua,Fire inside Sitrep,SUMSEL,3442,2023,2023:3442,2023,14866,,,,,,,,False
105.227226257,-3.10367250443,2023-09-25 22:00:00,LAPAN,Aqua,Fire inside Sitrep,SUMSEL,3443,2023,2023:3443,2023,14867,,,,,,,,False
105.22723,-3.10353,2023-09-25 22:00:00,NASA,Aqua,Fire inside Sitrep,SUMSEL,3444,2023,2023:3444,2023,14868,,,,,,,,False
105.2182,-3.11461,2023-09-25 22:00:00,NASA,Aqua,Fire inside Sitrep,SUMSEL,3445,2023,2023:3445,2023,14869,,,,,,,,False
105.2168,-3.10501,2023-09-25 22:00:00,NASA,Aqua,Fire inside Sitrep,SUMSEL,3446,2023,2023:3446,2023,14870,,,,,,,,False
105.460968018,-3.32658600807,2023-09-25 22:00:00,LAPAN,Aqua,Fire inside Sitrep,SUMSEL,3447,2023,2023:3447,2023,14871,,,,,,,,False
105.20638,-3.10649,2023-09-25 22:00:00,NASA,Aqua,Fire inside Sitrep,SUMSEL,3448,2023,2023:3448,2023,14872,,,,,,,,False
105.206382751,-3.10663580894,2023-09-25 22:00:00,LAPAN,Aqua,Fire inside Sitrep,SUMSEL,3449,2023,2023:3449,2023,14873,,,,,,,,False
105.548980713,-3.43597984314,2023-09-25 22:00:00,LAPAN,Aqua,Fire inside Sitrep,SUMSEL,3450,2023,2023:3450,2023,14874,,,,,,,,False
105.54899,-3.43583,2023-09-25 22:00:00,NASA,Aqua,Fire inside Sitrep,SUMSEL,3451,2023,2023:3451,2023,14875,,,,,,,,False
105.23768,-3.10204,2023-09-25 22:00:00,NASA,Aqua,Fire inside Sitrep,SUMSEL,3452,2023,2023:3452,2023,14876,,,,,,,,False
105.55978,-3.4343,2023-09-25 22:00:00,NASA,Aqua,Fire inside Sitrep,SUMSEL,3453,2023,2023:3453,2023,14877,,,,,,,,False
105.216796875,-3.10515522957,2023-09-25 22:00:00,LAPAN,Aqua,Fire inside Sitrep,SUMSEL,3454,2023,2023:3454,2023,14878,,,,,,,,False
105.46099,-3.32644,2023-09-25 22:00:00,NASA,Aqua,Fire inside Sitrep,SUMSEL,3455,2023,2023:3455,2023,14879,,,,,,,,False
104.15852,-1.93903,2023-09-26 10:00:00,NASA,Aqua,Verified No fire,SUMSEL MUBA,3563,2023,2023:3563,2023,14987,,,,,,,,False
103.49718,-1.04662,2023-09-26 10:00:00,NASA,Aqua,Verified No fire,JAMBI SMF,3564,2023,2023:3564,2023,14988,,,,,,,,False
105.61414,-3.45539,2023-09-26 13:00:00,NASA,NOAA20,Fire inside Sitrep,SUMSEL,3618,2023,2023:3618,2023,15042,,,,,,,,False
105.2784,-2.82092,2023-09-26 13:00:00,NASA,NOAA20,Verified No fire,SUMSEL,3642,2023,2023:3642,2023,15066,,,,,,,,False
105.21418,-3.11057,2023-09-27 09:00:00,NASA,Aqua,Fire inside Sitrep,SUMSEL,3774,2023,2023:3774,2023,15198,,,,,,,,False
105.31586,-2.89893,2023-09-27 09:00:00,NASA,Aqua,Fire inside Sitrep,SUMSEL,3775,2023,2023:3775,2023,15199,,,,,,,,False
105.68433,-2.77862,2023-09-27 09:00:00,NASA,Aqua,Verified No fire,SUMSEL,3776,2023,2023:3776,2023,15200,,,,,,,,False
103.4717,-2.28838,2023-09-27 09:00:00,NASA,Aqua,Verified No fire,SUMSEL MUBA,3777,2023,2023:3777,2023,15201,,,,,,,,False
105.24758,-3.11565,2023-09-27 09:00:00,NASA,Aqua,Fire inside Sitrep,SUMSEL,3778,2023,2023:3778,2023,15202,,,,,,,,False
103.27412,-2.49068,2023-09-27 09:00:00,NASA,Aqua,Verified No fire,SUMSEL MUBA,3779,2023,2023:3779,2023,15203,,,,,,,,False
103.07327271,-2.31405783,2023-09-27 12:00:00,LAPAN,NOAA20,Verified No fire,SUMSEL MUBA,3780,2023,2023:3780,2023,15204,,,,,,,,False
103.48105621,-2.2953105,2023-09-27 12:00:00,LAPAN,NOAA20,Verified No fire,SUMSEL MUBA,3781,2023,2023:3781,2023,15205,,,,,,,,False
103.46583557,-2.28832412,2023-09-27 12:00:00,LAPAN,NOAA20,Verified No fire,SUMSEL MUBA,3782,2023,2023:3782,2023,15206,,,,,,,,False
103.44551849,-2.27743578,2023-09-27 12:00:00,LAPAN,NOAA20,Verified No fire,SUMSEL MUBA,3783,2023,2023:3783,2023,15207,,,,,,,,False
104.51224518,-2.22543979,2023-09-27 12:00:00,LAPAN,NOAA20,Verified Fire,SUMSEL MUBA,3784,2023,2023:3784,2023,15208,,,,,,,,False
105.55217743,-3.43434811,2023-09-27 12:00:00,LAPAN,NOAA20,Fire inside Sitrep,SUMSEL,3785,2023,2023:3785,2023,15209,,,,,,,,False
105.60845947,-3.57514262,2023-09-27 12:00:00,LAPAN,NOAA20,Fire inside Sitrep,SUMSEL,3786,2023,2023:3786,2023,15210,,,,,,,,False
105.58293152,-3.57072234,2023-09-27 12:00:00,LAPAN,NOAA20,Fire inside Sitrep,SUMSEL,3787,2023,2023:3787,2023,15211,,,,,,,,False
105.59651947,-3.09961033,2023-09-27 12:00:00,LAPAN,NOAA20,Fire inside Sitrep,SUMSEL,3788,2023,2023:3788,2023,15212,,,,,,,,False
103.27172089,-2.44424725,2023-09-27 12:00:00,LAPAN,NOAA20,Verified No fire,SUMSEL MUBA,3789,2023,2023:3789,2023,15213,,,,,,,,False
103.44493866,-2.27287292,2023-09-27 12:00:00,LAPAN,NOAA20,Verified No fire,SUMSEL MUBA,3790,2023,2023:3790,2023,15214,,,,,,,,False
103.4691391,-2.27853894,2023-09-27 12:00:00,LAPAN,NOAA20,Verified No fire,SUMSEL MUBA,3791,2023,2023:3791,2023,15215,,,,,,,,False
105.6545105,-3.52751946,2023-09-27 12:00:00,LAPAN,NOAA20,Fire inside Sitrep,SUMSEL,3792,2023,2023:3792,2023,15216,,,,,,,,False
103.46516418,-2.28378057,2023-09-27 12:00:00,LAPAN,NOAA20,Verified No fire,SUMSEL MUBA,3793,2023,2023:3793,2023,15217,,,,,,,,False
103.46981812,-2.28308129,2023-09-27 12:00:00,LAPAN,NOAA20,Verified No fire,SUMSEL MUBA,3794,2023,2023:3794,2023,15218,,,,,,,,False
103.47117615,-2.29216242,2023-09-27 12:00:00,LAPAN,NOAA20,Verified No fire,SUMSEL MUBA,3795,2023,2023:3795,2023,15219,,,,,,,,False
105.59709167,-3.10359573,2023-09-27 12:00:00,LAPAN,NOAA20,Fire inside Sitrep,SUMSEL,3796,2023,2023:3796,2023,15220,,,,,,,,False
105.36891937,-3.14929795,2023-09-27 12:00:00,LAPAN,NOAA20,Fire inside Sitrep,SUMSEL,3797,2023,2023:3797,2023,15221,,,,,,,,False
105.36653137,-3.13311481,2023-09-27 12:00:00,LAPAN,NOAA20,Fire inside Sitrep,SUMSEL,3798,2023,2023:3798,2023,15222,,,,,,,,False
105.35884094,-3.1300993,2023-09-27 12:00:00,LAPAN,NOAA20,Fire inside Sitrep,SUMSEL,3799,2023,2023:3799,2023,15223,,,,,,,,False
105.33573151,-3.12103748,2023-09-27 12:00:00,LAPAN,NOAA20,Fire inside Sitrep,SUMSEL,3800,2023,2023:3800,2023,15224,,,,,,,,False
105.32427979,-3.11820436,2023-09-27 12:00:00,LAPAN,NOAA20,Fire inside Sitrep,SUMSEL,3801,2023,2023:3801,2023,15225,,,,,,,,False
105.66758728,-3.47454858,2023-09-27 12:00:00,LAPAN,NOAA20,Fire inside Sitrep,SUMSEL,3802,2023,2023:3802,2023,15226,,,,,,,,False
105.29121399,-2.89445639,2023-09-27 12:00:00,LAPAN,NOAA20,Fire inside Sitrep,SUMSEL,3803,2023,2023:3803,2023,15227,,,,,,,,False
105.2868576,-3.13640094,2023-09-27 12:00:00,LAPAN,NOAA20,Fire inside Sitrep,SUMSEL,3804,2023,2023:3804,2023,15228,,,,,,,,False
105.27783966,-3.12524486,2023-09-27 12:00:00,LAPAN,NOAA20,Fire inside Sitrep,SUMSEL,3805,2023,2023:3805,2023,15229,,,,,,,,False
105.24552155,-3.10514641,2023-09-27 12:00:00,LAPAN,NOAA20,Fire inside Sitrep,SUMSEL,3806,2023,2023:3806,2023,15230,,,,,,,,False
105.24671173,-3.11329865,2023-09-27 12:00:00,LAPAN,NOAA20,Fire inside Sitrep,SUMSEL,3807,2023,2023:3807,2023,15231,,,,,,,,False
105.23950958,-3.11438251,2023-09-27 12:00:00,LAPAN,NOAA20,Fire inside Sitrep,SUMSEL,3808,2023,2023:3808,2023,15232,,,,,,,,False
105.24311066,-3.11384034,2023-09-27 12:00:00,LAPAN,NOAA20,Fire inside Sitrep,SUMSEL,3809,2023,2023:3809,2023,15233,,,,,,,,False
105.24133301,-3.10160899,2023-09-27 12:00:00,LAPAN,NOAA20,Fire inside Sitrep,SUMSEL,3810,2023,2023:3810,2023,15234,,,,,,,,False
105.2341156,-3.1026876,2023-09-27 12:00:00,LAPAN,NOAA20,Fire inside Sitrep,SUMSEL,3811,2023,2023:3811,2023,15235,,,,,,,,False
105.88803864,-3.87835813,2023-09-27 12:00:00,LAPAN,NOAA20,Fire inside Sitrep,SUMSEL,3812,2023,2023:3812,2023,15236,,,,,,,,False
105.35944366,-3.13414669,2023-09-27 12:00:00,LAPAN,NOAA20,Fire inside Sitrep,SUMSEL,3813,2023,2023:3813,2023,15237,,,,,,,,False
105.23110199,-3.10730696,2023-09-27 12:00:00,LAPAN,NOAA20,Fire inside Sitrep,SUMSEL,3814,2023,2023:3814,2023,15238,,,,,,,,False
105.24123383,-3.12634468,2023-09-27 12:00:00,LAPAN,NOAA20,Fire inside Sitrep,SUMSEL,3815,2023,2023:3815,2023,15239,,,,,,,,False
105.22749329,-3.10784912,2023-09-27 12:00:00,LAPAN,NOAA20,Fire inside Sitrep,SUMSEL,3816,2023,2023:3816,2023,15240,,,,,,,,False
105.41902161,-2.97921085,2023-09-27 12:00:00,LAPAN,NOAA20,Fire inside Sitrep,SUMSEL,3817,2023,2023:3817,2023,15241,,,,,,,,False
105.25566101,-2.9249084,2023-09-27 12:00:00,LAPAN,NOAA20,Fire inside Sitrep,SUMSEL,3818,2023,2023:3818,2023,15242,,,,,,,,False
105.2592392,-2.92438769,2023-09-27 12:00:00,LAPAN,NOAA20,Fire inside Sitrep,SUMSEL,3819,2023,2023:3819,2023,15243,,,,,,,,False
105.19372559,-3.1296289,2023-09-27 12:00:00,LAPAN,NOAA20,Fire inside Sitrep,SUMSEL,3820,2023,2023:3820,2023,15244,,,,,,,,False
105.28765869,-2.89499307,2023-09-27 12:00:00,LAPAN,NOAA20,Fire inside Sitrep,SUMSEL,3821,2023,2023:3821,2023,15245,,,,,,,,False
105.28897858,-2.90350723,2023-09-27 12:00:00,LAPAN,NOAA20,Fire inside Sitrep,SUMSEL,3822,2023,2023:3822,2023,15246,,,,,,,,False
105.29653168,-2.90607023,2023-09-27 12:00:00,LAPAN,NOAA20,Fire inside Sitrep,SUMSEL,3823,2023,2023:3823,2023,15247,,,,,,,,False
105.29180145,-2.89850736,2023-09-27 12:00:00,LAPAN,NOAA20,Fire inside Sitrep,SUMSEL,3824,2023,2023:3824,2023,15248,,,,,,,,False
105.30303192,-2.90094447,2023-09-27 12:00:00,LAPAN,NOAA20,Fire inside Sitrep,SUMSEL,3825,2023,2023:3825,2023,15249,,,,,,,,False
105.29180908,-2.87366891,2023-09-27 12:00:00,LAPAN,NOAA20,Fire inside Sitrep,SUMSEL,3826,2023,2023:3826,2023,15250,,,,,,,,False
105.29535675,-2.87313771,2023-09-27 12:00:00,LAPAN,NOAA20,Fire inside Sitrep,SUMSEL,3827,2023,2023:3827,2023,15251,,,,,,,,False
105.23348236,-3.1236279,2023-09-27 12:00:00,LAPAN,NOAA20,Fire inside Sitrep,SUMSEL,3828,2023,2023:3828,2023,15252,,,,,,,,False
105.21903992,-3.12580848,2023-09-27 12:00:00,LAPAN,NOAA20,Fire inside Sitrep,SUMSEL,3829,2023,2023:3829,2023,15253,,,,,,,,False
105.22797394,-3.13658977,2023-09-27 12:00:00,LAPAN,NOAA20,Fire inside Sitrep,SUMSEL,3830,2023,2023:3830,2023,15254,,,,,,,,False
105.22026825,-3.10893178,2023-09-27 12:00:00,LAPAN,NOAA20,Fire inside Sitrep,SUMSEL,3831,2023,2023:3831,2023,15255,,,,,,,,False
105.22387695,-3.10839033,2023-09-27 12:00:00,LAPAN,NOAA20,Fire inside Sitrep,SUMSEL,3832,2023,2023:3832,2023,15256,,,,,,,,False
105.21243286,-3.10593152,2023-09-27 12:00:00,LAPAN,NOAA20,Fire inside Sitrep,SUMSEL,3833,2023,2023:3833,2023,15257,,,,,,,,False
105.25621796,-2.85411096,2023-09-27 12:00:00,LAPAN,NOAA20,Fire inside Sitrep,SUMSEL,3834,2023,2023:3834,2023,15258,,,,,,,,False
105.28409576,-2.82102418,2023-09-27 12:00:00,LAPAN,NOAA20,Verified Fire,SUMSEL,3835,2023,2023:3835,2023,15259,,,,,,,,False
105.27224731,-2.81447458,2023-09-27 12:00:00,LAPAN,NOAA20,Fire inside Sitrep,SUMSEL,3836,2023,2023:3836,2023,15260,,,,,,,,False
105.26927948,-2.8190465,2023-09-27 12:00:00,LAPAN,NOAA20,Fire inside Sitrep,SUMSEL,3837,2023,2023:3837,2023,15261,,,,,,,,False
105.36955261,-2.60470605,2023-09-27 12:00:00,LAPAN,NOAA20,Verified Fire,SUMSEL,3838,2023,2023:3838,2023,15262,,,,,,,,False
105.36358643,-3.13767719,2023-09-27 12:00:00,LAPAN,NOAA20,Fire inside Sitrep,SUMSEL,3839,2023,2023:3839,2023,15263,,,,,,,,False
105.33851624,-3.11604714,2023-09-27 12:00:00,LAPAN,NOAA20,Fire inside Sitrep,SUMSEL,3840,2023,2023:3840,2023,15264,,,,,,,,False
105.33496094,-3.11658597,2023-09-27 12:00:00,LAPAN,NOAA20,Fire inside Sitrep,SUMSEL,3841,2023,2023:3841,2023,15265,,,,,,,,False
105.37185669,-2.59616709,2023-09-27 12:00:00,LAPAN,NOAA20,Verified No fire,SUMSEL,3842,2023,2023:3842,2023,15266,,,,,,,,False
105.37533569,-2.59565639,2023-09-27 12:00:00,LAPAN,NOAA20,Verified No fire,SUMSEL,3843,2023,2023:3843,2023,15267,,,,,,,,False
105.33335114,-3.15451336,2023-09-27 12:00:00,LAPAN,NOAA20,Fire inside Sitrep,SUMSEL,3844,2023,2023:3844,2023,15268,,,,,,,,False
105.2784729,-3.12930274,2023-09-27 12:00:00,LAPAN,NOAA20,Fire inside Sitrep,SUMSEL,3845,2023,2023:3845,2023,15269,,,,,,,,False
105.24611664,-3.10922241,2023-09-27 12:00:00,LAPAN,NOAA20,Fire inside Sitrep,SUMSEL,3846,2023,2023:3846,2023,15270,,,,,,,,False
105.22086334,-3.11301494,2023-09-27 12:00:00,LAPAN,NOAA20,Fire inside Sitrep,SUMSEL,3847,2023,2023:3847,2023,15271,,,,,,,,False
105.18950653,-3.12608385,2023-09-27 12:00:00,LAPAN,NOAA20,Fire inside Sitrep,SUMSEL,3848,2023,2023:3848,2023,15272,,,,,,,,False
105.29252625,-2.90299487,2023-09-27 12:00:00,LAPAN,NOAA20,Fire inside Sitrep,SUMSEL,3849,2023,2023:3849,2023,15273,,,,,,,,False
105.29593658,-2.90202022,2023-09-27 12:00:00,LAPAN,NOAA20,Fire inside Sitrep,SUMSEL,3850,2023,2023:3850,2023,15274,,,,,,,,False
105.29608917,-2.90248179,2023-09-27 12:00:00,LAPAN,NOAA20,Fire inside Sitrep,SUMSEL,3851,2023,2023:3851,2023,15275,,,,,,,,False
105.29475403,-2.89391994,2023-09-27 12:00:00,LAPAN,NOAA20,Fire inside Sitrep,SUMSEL,3852,2023,2023:3852,2023,15276,,,,,,,,False
105.29534912,-2.89796996,2023-09-27 12:00:00,LAPAN,NOAA20,Fire inside Sitrep,SUMSEL,3853,2023,2023:3853,2023,15277,,,,,,,,False
105.30718994,-2.879637,2023-09-27 12:00:00,LAPAN,NOAA20,Fire inside Sitrep,SUMSEL,3854,2023,2023:3854,2023,15278,,,,,,,,False
105.2906189,-2.89040518,2023-09-27 12:00:00,LAPAN,NOAA20,Fire inside Sitrep,SUMSEL,3855,2023,2023:3855,2023,15279,,,,,,,,False
105.2069931,-3.11927295,2023-09-27 12:00:00,LAPAN,NOAA20,Fire inside Sitrep,SUMSEL,3856,2023,2023:3856,2023,15280,,,,,,,,False
105.20941162,-3.11055779,2023-09-27 12:00:00,LAPAN,NOAA20,Fire inside Sitrep,SUMSEL,3857,2023,2023:3857,2023,15281,,,,,,,,False
105.22566986,-3.12063575,2023-09-27 12:00:00,LAPAN,NOAA20,Fire inside Sitrep,SUMSEL,3858,2023,2023:3858,2023,15282,,,,,,,,False
105.21542358,-3.12635422,2023-09-27 12:00:00,LAPAN,NOAA20,Fire inside Sitrep,SUMSEL,3859,2023,2023:3859,2023,15283,,,,,,,,False
105.22676849,-3.12842345,2023-09-27 12:00:00,LAPAN,NOAA20,Fire inside Sitrep,SUMSEL,3860,2023,2023:3860,2023,15284,,,,,,,,False
105.23767853,-3.12716269,2023-09-27 12:00:00,LAPAN,NOAA20,Fire inside Sitrep,SUMSEL,3861,2023,2023:3861,2023,15285,,,,,,,,False
105.21303558,-3.11001563,2023-09-27 12:00:00,LAPAN,NOAA20,Fire inside Sitrep,SUMSEL,3862,2023,2023:3862,2023,15286,,,,,,,,False
105.25324249,-2.85869861,2023-09-27 12:00:00,LAPAN,NOAA20,Fire inside Sitrep,SUMSEL,3863,2023,2023:3863,2023,15287,,,,,,,,False
105.24908447,-2.85516644,2023-09-27 12:00:00,LAPAN,NOAA20,Fire inside Sitrep,SUMSEL,3864,2023,2023:3864,2023,15288,,,,,,,,False
105.27758789,-2.85094929,2023-09-27 12:00:00,LAPAN,NOAA20,Fire inside Sitrep,SUMSEL,3865,2023,2023:3865,2023,15289,,,,,,,,False
105.26275635,-2.84899879,2023-09-27 12:00:00,LAPAN,NOAA20,Verified No fire,SUMSEL,3866,2023,2023:3866,2023,15290,,,,,,,,False
105.58234406,-3.5667069,2023-09-27 12:00:00,LAPAN,NOAA20,Fire inside Sitrep,SUMSEL,3867,2023,2023:3867,2023,15291,,,,,,,,False
103.46652985,-2.29286408,2023-09-27 12:00:00,LAPAN,NOAA20,Verified No fire,SUMSEL MUBA,3868,2023,2023:3868,2023,15292,,,,,,,,False
103.456604,-2.25719237,2023-09-27 12:00:00,LAPAN,NOAA20,Verified No fire,SUMSEL MUBA,3869,2023,2023:3869,2023,15293,,,,,,,,False
105.27165985,-2.81042194,2023-09-27 12:00:00,LAPAN,NOAA20,Fire inside Sitrep,SUMSEL,3870,2023,2023:3870,2023,15294,,,,,,,,False
105.24967957,-2.85922718,2023-09-27 12:00:00,LAPAN,NOAA20,Fire inside Sitrep,SUMSEL,3871,2023,2023:3871,2023,15295,,,,,,,,False
105.24551392,-2.85569406,2023-09-27 12:00:00,LAPAN,NOAA20,Fire inside Sitrep,SUMSEL,3872,2023,2023:3872,2023,15296,,,,,,,,False
105.26947784,-3.1181922,2023-09-27 12:00:00,LAPAN,NOAA20,Fire inside Sitrep,SUMSEL,3873,2023,2023:3873,2023,15297,,,,,,,,False
105.24489594,-3.12607098,2023-09-27 12:00:00,LAPAN,NOAA20,Fire inside Sitrep,SUMSEL,3874,2023,2023:3874,2023,15298,,,,,,,,False
105.20217133,-3.11164212,2023-09-27 12:00:00,LAPAN,NOAA20,Fire inside Sitrep,SUMSEL,3875,2023,2023:3875,2023,15299,,,,,,,,False
105.24069214,-3.12253904,2023-09-27 12:00:00,LAPAN,NOAA20,Fire inside Sitrep,SUMSEL,3876,2023,2023:3876,2023,15300,,,,,,,,False
105.36713409,-3.13716006,2023-09-27 12:00:00,LAPAN,NOAA20,Fire inside Sitrep,SUMSEL,3877,2023,2023:3877,2023,15301,,,,,,,,False
105.22507477,-3.11655354,2023-09-27 12:00:00,LAPAN,NOAA20,Fire inside Sitrep,SUMSEL,3878,2023,2023:3878,2023,15302,,,,,,,,False
105.34284973,-3.12000847,2023-09-27 12:00:00,LAPAN,NOAA20,Fire inside Sitrep,SUMSEL,3879,2023,2023:3879,2023,15303,,,,,,,,False
105.2383194,-3.10622621,2023-09-27 12:00:00,LAPAN,NOAA20,Fire inside Sitrep,SUMSEL,3880,2023,2023:3880,2023,15304,,,,,,,,False
105.32725525,-3.11361051,2023-09-27 12:00:00,LAPAN,NOAA20,Fire inside Sitrep,SUMSEL,3881,2023,2023:3881,2023,15305,,,,,,,,False
105.32369232,-3.11414909,2023-09-27 12:00:00,LAPAN,NOAA20,Fire inside Sitrep,SUMSEL,3882,2023,2023:3882,2023,15306,,,,,,,,False
105.41295624,-3.71631265,2023-09-27 12:00:00,LAPAN,NOAA20,Fire inside Sitrep,SUMSEL,3883,2023,2023:3883,2023,15307,,,,,,,,False
105.25861359,-2.8454659,2023-09-27 12:00:00,LAPAN,NOAA20,Verified No fire,SUMSEL,3884,2023,2023:3884,2023,15308,,,,,,,,False
105.28884125,-2.9030962,2023-09-27 12:00:00,LAPAN,NOAA20,Fire inside Sitrep,SUMSEL,3885,2023,2023:3885,2023,15309,,,,,,,,False
105.283638,-2.91670108,2023-09-27 12:00:00,LAPAN,NOAA20,Fire inside Sitrep,SUMSEL,3886,2023,2023:3886,2023,15310,,,,,,,,False
105.30008698,-2.88070297,2023-09-27 12:00:00,LAPAN,NOAA20,Fire inside Sitrep,SUMSEL,3887,2023,2023:3887,2023,15311,,,,,,,,False
105.28351593,-2.89147663,2023-09-27 12:00:00,LAPAN,NOAA20,Fire inside Sitrep,SUMSEL,3888,2023,2023:3888,2023,15312,,,,,,,,False
105.30361938,-2.90499258,2023-09-27 12:00:00,LAPAN,NOAA20,Fire inside Sitrep,SUMSEL,3889,2023,2023:3889,2023,15313,,,,,,,,False
105.32740021,-3.11395574,2023-09-27 12:00:00,LAPAN,NOAA20,Fire inside Sitrep,SUMSEL,3890,2023,2023:3890,2023,15314,,,,,,,,False
105.18284607,-3.10617352,2023-09-27 12:00:00,LAPAN,NOAA20,Fire inside Sitrep,SUMSEL,3891,2023,2023:3891,2023,15315,,,,,,,,False
105.19855499,-3.112185,2023-09-27 12:00:00,LAPAN,NOAA20,Fire inside Sitrep,SUMSEL,3892,2023,2023:3892,2023,15316,,,,,,,,False
105.24485016,-3.12582469,2023-09-27 12:00:00,LAPAN,NOAA20,Fire inside Sitrep,SUMSEL,3893,2023,2023:3893,2023,15317,,,,,,,,False
103.4757843,-2.29146767,2023-09-27 12:00:00,LAPAN,NOAA20,Verified No fire,SUMSEL MUBA,3894,2023,2023:3894,2023,15318,,,,,,,,False
105.30007935,-2.90553141,2023-09-27 12:00:00,LAPAN,NOAA20,Fire inside Sitrep,SUMSEL,3895,2023,2023:3895,2023,15319,,,,,,,,False
105.90592957,-3.85955429,2023-09-27 12:00:00,LAPAN,NOAA20,Verified Fire,SUMSEL,3896,2023,2023:3896,2023,15320,,,,,,,,False
105.60204315,-3.55561638,2023-09-27 12:00:00,LAPAN,NOAA20,Fire inside Sitrep,SUMSEL,3897,2023,2023:3897,2023,15321,,,,,,,,False
105.30953979,-3.1414094,2023-09-27 12:00:00,LAPAN,NOAA20,Fire inside Sitrep,SUMSEL,3898,2023,2023:3898,2023,15322,,,,,,,,False
105.23649597,-3.11900401,2023-09-27 12:00:00,LAPAN,NOAA20,Fire inside Sitrep,SUMSEL,3899,2023,2023:3899,2023,15323,,,,,,,,False
105.22434235,-3.13711309,2023-09-27 12:00:00,LAPAN,NOAA20,Fire inside Sitrep,SUMSEL,3900,2023,2023:3900,2023,15324,,,,,,,,False
105.36299133,-3.13363099,2023-09-27 12:00:00,LAPAN,NOAA20,Fire inside Sitrep,SUMSEL,3901,2023,2023:3901,2023,15325,,,,,,,,False
103.46115875,-2.25651503,2023-09-27 12:00:00,LAPAN,NOAA20,Verified No fire,SUMSEL MUBA,3902,2023,2023:3902,2023,15326,,,,,,,,False
105.29964447,-2.90196919,2023-09-27 12:00:00,LAPAN,NOAA20,Fire inside Sitrep,SUMSEL,3903,2023,2023:3903,2023,15327,,,,,,,,False
105.59444427,-3.79342008,2023-09-27 12:00:00,LAPAN,NOAA20,Fire inside Sitrep,SUMSEL,3904,2023,2023:3904,2023,15328,,,,,,,,False
105.65106201,-3.52802062,2023-09-27 12:00:00,LAPAN,NOAA20,Fire inside Sitrep,SUMSEL,3905,2023,2023:3905,2023,15329,,,,,,,,False
105.58061981,-3.55465817,2023-09-27 12:00:00,LAPAN,NOAA20,Fire inside Sitrep,SUMSEL,3906,2023,2023:3906,2023,15330,,,,,,,,False
105.29949188,-2.90148234,2023-09-27 12:00:00,LAPAN,NOAA20,Fire inside Sitrep,SUMSEL,3907,2023,2023:3907,2023,15331,,,,,,,,False
105.29889679,-2.8974328,2023-09-27 12:00:00,LAPAN,NOAA20,Fire inside Sitrep,SUMSEL,3908,2023,2023:3908,2023,15332,,,,,,,,False
105.6005249,-3.10309505,2023-09-27 12:00:00,LAPAN,NOAA20,Fire inside Sitrep,SUMSEL,3909,2023,2023:3909,2023,15333,,,,,,,,False
105.18647003,-3.10563207,2023-09-27 12:00:00,LAPAN,NOAA20,Fire inside Sitrep,SUMSEL,3910,2023,2023:3910,2023,15334,,,,,,,,False
105.22145844,-3.11709738,2023-09-27 12:00:00,LAPAN,NOAA20,Fire inside Sitrep,SUMSEL,3911,2023,2023:3911,2023,15335,,,,,,,,False
105.23471069,-3.10676646,2023-09-27 12:00:00,LAPAN,NOAA20,Fire inside Sitrep,SUMSEL,3912,2023,2023:3912,2023,15336,,,,,,,,False
105.2412796,-3.12661719,2023-09-27 12:00:00,LAPAN,NOAA20,Fire inside Sitrep,SUMSEL,3913,2023,2023:3913,2023,15337,,,,,,,,False
105.22323608,-3.12934709,2023-09-27 12:00:00,LAPAN,NOAA20,Fire inside Sitrep,SUMSEL,3914,2023,2023:3914,2023,15338,,,,,,,,False
105.22315216,-3.12894392,2023-09-27 12:00:00,LAPAN,NOAA20,Fire inside Sitrep,SUMSEL,3915,2023,2023:3915,2023,15339,,,,,,,,False
105.27787781,-3.12523317,2023-09-27 12:00:00,LAPAN,NOAA20,Fire inside Sitrep,SUMSEL,3916,2023,2023:3916,2023,15340,,,,,,,,False
105.33042145,-2.41476679,2023-09-27 12:00:00,LAPAN,NOAA20,Verified No fire,SUMSEL,3917,2023,2023:3917,2023,15341,,,,,,,,False
105.65163422,-3.53201652,2023-09-27 12:00:00,LAPAN,NOAA20,Fire inside Sitrep,SUMSEL,3918,2023,2023:3918,2023,15342,,,,,,,,False
105.35910034,-2.60624623,2023-09-27 12:00:00,LAPAN,NOAA20,Verified No fire,SUMSEL,3919,2023,2023:3919,2023,15343,,,,,,,,False
105.39398193,-3.27021265,2023-09-27 12:00:00,LAPAN,NOAA20,Fire inside Sitrep,SUMSEL,3920,2023,2023:3920,2023,15344,,,,,,,,False
103.27055359,-2.48608732,2023-09-27 12:00:00,LAPAN,NOAA20,Verified No fire,SUMSEL MUBA,3921,2023,2023:3921,2023,15345,,,,,,,,False
105.2769928,-2.84689665,2023-09-27 12:00:00,LAPAN,NOAA20,Fire inside Sitrep,SUMSEL,3922,2023,2023:3922,2023,15346,,,,,,,,False
105.28824615,-2.89904499,2023-09-27 12:00:00,LAPAN,NOAA20,Fire inside Sitrep,SUMSEL,3923,2023,2023:3923,2023,15347,,,,,,,,False
105.2870636,-2.89094067,2023-09-27 12:00:00,LAPAN,NOAA20,Fire inside Sitrep,SUMSEL,3924,2023,2023:3924,2023,15348,,,,,,,,False
105.21004486,-3.08959222,2023-09-27 12:00:00,LAPAN,NOAA20,Fire inside Sitrep,SUMSEL,3925,2023,2023:3925,2023,15349,,,,,,,,False
105.23709106,-3.12308335,2023-09-27 12:00:00,LAPAN,NOAA20,Fire inside Sitrep,SUMSEL,3926,2023,2023:3926,2023,15350,,,,,,,,False
105.23828125,-3.13124061,2023-09-27 12:00:00,LAPAN,NOAA20,Fire inside Sitrep,SUMSEL,3927,2023,2023:3927,2023,15351,,,,,,,,False
105.22744751,-3.1328826,2023-09-27 12:00:00,LAPAN,NOAA20,Fire inside Sitrep,SUMSEL,3928,2023,2023:3928,2023,15352,,,,,,,,False
105.30319977,-2.90145659,2023-09-27 12:00:00,LAPAN,NOAA20,Fire inside Sitrep,SUMSEL,3929,2023,2023:3929,2023,15353,,,,,,,,False
105.29238892,-2.90255857,2023-09-27 12:00:00,LAPAN,NOAA20,Fire inside Sitrep,SUMSEL,3930,2023,2023:3930,2023,15354,,,,,,,,False
105.30716705,-2.90445423,2023-09-27 12:00:00,LAPAN,NOAA20,Fire inside Sitrep,SUMSEL,3931,2023,2023:3931,2023,15355,,,,,,,,False
105.29595184,-2.87718678,2023-09-27 12:00:00,LAPAN,NOAA20,Fire inside Sitrep,SUMSEL,3932,2023,2023:3932,2023,15356,,,,,,,,False
105.30364227,-2.88016915,2023-09-27 12:00:00,LAPAN,NOAA20,Fire inside Sitrep,SUMSEL,3933,2023,2023:3933,2023,15357,,,,,,,,False
105.28483582,-2.92481184,2023-09-27 12:00:00,LAPAN,NOAA20,Fire inside Sitrep,SUMSEL,3934,2023,2023:3934,2023,15358,,,,,,,,False
105.90650177,-3.86350298,2023-09-27 12:00:00,LAPAN,NOAA20,Fire inside Sitrep,SUMSEL,3935,2023,2023:3935,2023,15359,,,,,,,,False
105.50679016,-3.71067739,2023-09-27 12:00:00,LAPAN,NOAA20,Fire inside Sitrep,SUMSEL,3936,2023,2023:3936,2023,15360,,,,,,,,False
105.21482849,-3.12226915,2023-09-27 12:00:00,LAPAN,NOAA20,Fire inside Sitrep,SUMSEL,3937,2023,2023:3937,2023,15361,,,,,,,,False
105.23762512,-3.12686396,2023-09-27 12:00:00,LAPAN,NOAA20,Fire inside Sitrep,SUMSEL,3938,2023,2023:3938,2023,15362,,,,,,,,False
105.33691406,-3.15399098,2023-09-27 12:00:00,LAPAN,NOAA20,Fire inside Sitrep,SUMSEL,3939,2023,2023:3939,2023,15363,,,,,,,,False
105.29949951,-2.87665486,2023-09-27 12:00:00,LAPAN,NOAA20,Fire inside Sitrep,SUMSEL,3940,2023,2023:3940,2023,15364,,,,,,,,False
105.28469849,-2.89958167,2023-09-27 12:00:00,LAPAN,NOAA20,Fire inside Sitrep,SUMSEL,3941,2023,2023:3941,2023,15365,,,,,,,,False
103.47048187,-2.28762388,2023-09-27 12:00:00,LAPAN,NOAA20,Verified No fire,SUMSEL MUBA,3942,2023,2023:3942,2023,15366,,,,,,,,False
105.51032257,-3.71015286,2023-09-27 12:00:00,LAPAN,NOAA20,Fire inside Sitrep,SUMSEL,3943,2023,2023:3943,2023,15367,,,,,,,,False
105.33139801,-3.11712575,2023-09-27 12:00:00,LAPAN,NOAA20,Fire inside Sitrep,SUMSEL,3944,2023,2023:3944,2023,15368,,,,,,,,False
105.32784271,-3.11766505,2023-09-27 12:00:00,LAPAN,NOAA20,Fire inside Sitrep,SUMSEL,3945,2023,2023:3945,2023,15369,,,,,,,,False
105.21664429,-3.10947347,2023-09-27 12:00:00,LAPAN,NOAA20,Fire inside Sitrep,SUMSEL,3946,2023,2023:3946,2023,15370,,,,,,,,False
105.32382965,-3.11446881,2023-09-27 12:00:00,LAPAN,NOAA20,Fire inside Sitrep,SUMSEL,3947,2023,2023:3947,2023,15371,,,,,,,,False
105.29283905,-3.12722969,2023-09-27 12:00:00,LAPAN,NOAA20,Fire inside Sitrep,SUMSEL,3948,2023,2023:3948,2023,15372,,,,,,,,False
105.21966553,-3.10484982,2023-09-27 12:00:00,LAPAN,NOAA20,Fire inside Sitrep,SUMSEL,3949,2023,2023:3949,2023,15373,,,,,,,,False
103.47501,-2.28588,2023-09-27 21:00:00,NASA,Aqua,Verified No fire,SUMSEL MUBA,4395,2023,2023:4395,2023,15819,,,,,,,,False
105.65489,-3.52461,2023-09-27 21:00:00,NASA,Aqua,Fire inside Sitrep,SUMSEL,4396,2023,2023:4396,2023,15820,,,,,,,,False
103.469177246,-2.28724098206,2023-09-27 21:00:00,LAPAN,Aqua,Verified No fire,SUMSEL MUBA,4397,2023,2023:4397,2023,15821,,,,,,,,False
105.64562,-3.52591,2023-09-27 21:00:00,NASA,Aqua,Fire inside Sitrep,SUMSEL,4398,2023,2023:4398,2023,15822,,,,,,,,False
105.31509,-2.89981,2023-09-27 21:00:00,NASA,Aqua,Fire inside Sitrep,SUMSEL,4399,2023,2023:4399,2023,15823,,,,,,,,False
105.305580139,-2.90128302574,2023-09-27 21:00:00,LAPAN,Aqua,Fire inside Sitrep,SUMSEL,4400,2023,2023:4400,2023,15824,,,,,,,,False
105.315002441,-2.89997386932,2023-09-27 21:00:00,LAPAN,Aqua,Fire inside Sitrep,SUMSEL,4401,2023,2023:4401,2023,15825,,,,,,,,False
105.210205078,-3.09855532646,2023-09-27 21:00:00,LAPAN,Aqua,Fire inside Sitrep,SUMSEL,4402,2023,2023:4402,2023,15826,,,,,,,,False
105.22113,-3.10627,2023-09-27 21:00:00,NASA,Aqua,Fire inside Sitrep,SUMSEL,4403,2023,2023:4403,2023,15827,,,,,,,,False
105.229263306,-3.095911026,2023-09-27 21:00:00,LAPAN,Aqua,Fire inside Sitrep,SUMSEL,4404,2023,2023:4404,2023,15828,,,,,,,,False
105.24017,-3.10362,2023-09-27 21:00:00,NASA,Aqua,Fire inside Sitrep,SUMSEL,4405,2023,2023:4405,2023,15829,,,,,,,,False
105.240066528,-3.10378360748,2023-09-27 21:00:00,LAPAN,Aqua,Fire inside Sitrep,SUMSEL,4406,2023,2023:4406,2023,15830,,,,,,,,False
105.230552673,-3.10510778427,2023-09-27 21:00:00,LAPAN,Aqua,Fire inside Sitrep,SUMSEL,4407,2023,2023:4407,2023,15831,,,,,,,,False
105.23065,-3.10495,2023-09-27 21:00:00,NASA,Aqua,Fire inside Sitrep,SUMSEL,4408,2023,2023:4408,2023,15832,,,,,,,,False
105.30566,-2.90112,2023-09-27 21:00:00,NASA,Aqua,Fire inside Sitrep,SUMSEL,4409,2023,2023:4409,2023,15833,,,,,,,,False
105.211502075,-3.10775923729,2023-09-27 21:00:00,LAPAN,Aqua,Fire inside Sitrep,SUMSEL,4410,2023,2023:4410,2023,15834,,,,,,,,False
105.219741821,-3.09723258018,2023-09-27 21:00:00,LAPAN,Aqua,Fire inside Sitrep,SUMSEL,4411,2023,2023:4411,2023,15835,,,,,,,,False
105.21159,-3.1076,2023-09-27 21:00:00,NASA,Aqua,Fire inside Sitrep,SUMSEL,4412,2023,2023:4412,2023,15836,,,,,,,,False
105.44001,-2.44984,2023-09-27 21:00:00,NASA,Aqua,Verified Fire,SUMSEL,4413,2023,2023:4413,2023,15837,,,,,,,,False
105.654808044,-3.52477049828,2023-09-27 21:00:00,LAPAN,Aqua,Fire inside Sitrep,SUMSEL,4414,2023,2023:4414,2023,15838,,,,,,,,False
105.2103,-3.09839,2023-09-27 21:00:00,NASA,Aqua,Fire inside Sitrep,SUMSEL,4415,2023,2023:4415,2023,15839,,,,,,,,False
105.30695,-2.91028,2023-09-27 21:00:00,NASA,Aqua,Fire inside Sitrep,SUMSEL,4416,2023,2023:4416,2023,15840,,,,,,,,False
105.221031189,-3.10643291473,2023-09-27 21:00:00,LAPAN,Aqua,Fire inside Sitrep,SUMSEL,4417,2023,2023:4417,2023,15841,,,,,,,,False
103.46805,-2.277,2023-09-27 21:00:00,NASA,Aqua,Verified No fire,SUMSEL MUBA,4418,2023,2023:4418,2023,15842,,,,,,,,False
103.467773438,-2.27719068527,2023-09-27 21:00:00,LAPAN,Aqua,Verified No fire,SUMSEL MUBA,4419,2023,2023:4419,2023,15843,,,,,,,,False
105.22935,-3.09575,2023-09-27 21:00:00,NASA,Aqua,Fire inside Sitrep,SUMSEL,4420,2023,2023:4420,2023,15844,,,,,,,,False
105.21983,-3.09707,2023-09-27 21:00:00,NASA,Aqua,Fire inside Sitrep,SUMSEL,4421,2023,2023:4421,2023,15845,,,,,,,,False
105.645530701,-3.52606725693,2023-09-27 21:00:00,LAPAN,Aqua,Fire inside Sitrep,SUMSEL,4422,2023,2023:4422,2023,15846,,,,,,,,False
105.439926147,-2.44999623299,2023-09-27 21:00:00,LAPAN,Aqua,Verified Fire,SUMSEL,4423,2023,2023:4423,2023,15847,,,,,,,,False
103.46946,-2.28705,2023-09-27 21:00:00,NASA,Aqua,Verified No fire,SUMSEL MUBA,4424,2023,2023:4424,2023,15848,,,,,,,,False
105.306869507,-2.91043591499,2023-09-27 21:00:00,LAPAN,Aqua,Fire inside Sitrep,SUMSEL,4425,2023,2023:4425,2023,15849,,,,,,,,False
105.64873,-3.52548,2023-09-28 10:00:00,NASA,Aqua,Fire inside Sitrep,SUMSEL,4660,2023,2023:4660,2023,16084,,,,,,,,False
105.22328949,-3.09705233574,2023-09-28 10:00:00,LAPAN,Aqua,Fire inside Sitrep,SUMSEL,4661,2023,2023:4661,2023,16085,,,,,,,,False
105.3904953,-3.28140473366,2023-09-28 10:00:00,LAPAN,Aqua,Fire inside Sitrep,SUMSEL,4662,2023,2023:4662,2023,16086,,,,,,,,False
105.23319,-3.13304,2023-09-28 10:00:00,NASA,Aqua,Fire inside Sitrep,SUMSEL,4663,2023,2023:4663,2023,16087,,,,,,,,False
105.2288,-3.09799,2023-09-28 10:00:00,NASA,Aqua,Fire inside Sitrep,SUMSEL,4664,2023,2023:4664,2023,16088,,,,,,,,False
105.39025,-3.28153,2023-09-28 10:00:00,NASA,Aqua,Fire inside Sitrep,SUMSEL,4665,2023,2023:4665,2023,16089,,,,,,,,False
105.43314,-3.31103,2023-09-28 10:00:00,NASA,Aqua,Fire inside Sitrep,SUMSEL,4666,2023,2023:4666,2023,16090,,,,,,,,False
105.21255,-3.10713,2023-09-28 10:00:00,NASA,Aqua,Fire inside Sitrep,SUMSEL,4667,2023,2023:4667,2023,16091,,,,,,,,False
105.214332581,-3.09575200081,2023-09-28 10:00:00,LAPAN,Aqua,Fire inside Sitrep,SUMSEL,4668,2023,2023:4668,2023,16092,,,,,,,,False
105.21409,-3.09587,2023-09-28 10:00:00,NASA,Aqua,Fire inside Sitrep,SUMSEL,4669,2023,2023:4669,2023,16093,,,,,,,,False
105.639076233,-3.55601263046,2023-09-28 10:00:00,LAPAN,Aqua,Fire inside Sitrep,SUMSEL,4670,2023,2023:4670,2023,16094,,,,,,,,False
105.221740723,-3.1083240509,2023-09-28 10:00:00,LAPAN,Aqua,Fire inside Sitrep,SUMSEL,4671,2023,2023:4671,2023,16095,,,,,,,,False
105.45401001,-3.34710669518,2023-09-28 10:00:00,LAPAN,Aqua,Fire inside Sitrep,SUMSEL,4672,2023,2023:4672,2023,16096,,,,,,,,False
105.30264,-2.86725,2023-09-28 10:00:00,NASA,Aqua,Fire inside Sitrep,SUMSEL,4673,2023,2023:4673,2023,16097,,,,,,,,False
105.31284,-2.90326,2023-09-28 10:00:00,NASA,Aqua,Fire inside Sitrep,SUMSEL,4674,2023,2023:4674,2023,16098,,,,,,,,False
105.22726,-3.10926,2023-09-28 10:00:00,NASA,Aqua,Fire inside Sitrep,SUMSEL,4675,2023,2023:4675,2023,16099,,,,,,,,False
105.22308,-3.09718,2023-09-28 10:00:00,NASA,Aqua,Fire inside Sitrep,SUMSEL,4676,2023,2023:4676,2023,16100,,,,,,,,False
105.227516174,-3.10914063454,2023-09-28 10:00:00,LAPAN,Aqua,Fire inside Sitrep,SUMSEL,4677,2023,2023:4677,2023,16101,,,,,,,,False
105.229042053,-3.09786725044,2023-09-28 10:00:00,LAPAN,Aqua,Fire inside Sitrep,SUMSEL,4678,2023,2023:4678,2023,16102,,,,,,,,False
105.45382,-3.34724,2023-09-28 10:00:00,NASA,Aqua,Fire inside Sitrep,SUMSEL,4679,2023,2023:4679,2023,16103,,,,,,,,False
105.22153,-3.10845,2023-09-28 10:00:00,NASA,Aqua,Fire inside Sitrep,SUMSEL,4680,2023,2023:4680,2023,16104,,,,,,,,False
105.212799072,-3.10701155663,2023-09-28 10:00:00,LAPAN,Aqua,Fire inside Sitrep,SUMSEL,4681,2023,2023:4681,2023,16105,,,,,,,,False
105.31941,-3.09943,2023-09-28 10:00:00,NASA,Aqua,Fire inside Sitrep,SUMSEL,4682,2023,2023:4682,2023,16106,,,,,,,,False
105.63887,-3.55614,2023-09-28 10:00:00,NASA,Aqua,Fire inside Sitrep,SUMSEL,4683,2023,2023:4683,2023,16107,,,,,,,,False
103.51848,-2.02209,2023-09-28 10:00:00,NASA,Aqua,Verified No fire,SUMSEL MUBA,4684,2023,2023:4684,2023,16108,,,,,,,,False
105.233421326,-3.1329190731,2023-09-28 10:00:00,LAPAN,Aqua,Fire inside Sitrep,SUMSEL,4685,2023,2023:4685,2023,16109,,,,,,,,False
105.23433,-3.09598,2023-09-28 22:00:00,NASA,Aqua,Fire inside Sitrep,SUMSEL,5261,2023,2023:5261,2023,16685,,,,,,,,False
105.2047,-3.10045,2023-09-28 22:00:00,NASA,Aqua,Verified Fire,SUMSEL,5262,2023,2023:5262,2023,16686,,,,,,,,False
105.22231,-3.09513,2023-09-29 21:00:00,NASA,Aqua,Fire inside Sitrep,SUMSEL,5690,2023,2023:5690,2023,17114,,,,,,,,False
105.222076416,-3.09532308578,2023-09-29 21:00:00,LAPAN,Aqua,Fire inside Sitrep,SUMSEL,5691,2023,2023:5691,2023,17115,,,,,,,,False
105.220397949,-3.08305311203,2023-09-29 21:00:00,LAPAN,Aqua,Fire inside Sitrep,SUMSEL,5692,2023,2023:5692,2023,17116,,,,,,,,False
105.22062,-3.08286,2023-09-29 21:00:00,NASA,Aqua,Fire inside Sitrep,SUMSEL,5693,2023,2023:5693,2023,17117,,,,,,,,False
105.204299927,-3.0977833271,2023-09-29 21:00:00,LAPAN,Aqua,Fire inside Sitrep,SUMSEL,5694,2023,2023:5694,2023,17118,,,,,,,,False
105.20454,-3.09759,2023-09-29 21:00:00,NASA,Aqua,Fire inside Sitrep,SUMSEL,5695,2023,2023:5695,2023,17119,,,,,,,,False
105.21969,-3.09452,2023-09-30 10:00:00,NASA,Aqua,Fire inside Sitrep,SUMSEL,5832,2023,2023:5832,2023,17256,,,,,,,,False
105.22094,-3.08561,2023-09-30 10:00:00,NASA,Aqua,Fire inside Sitrep,SUMSEL,5833,2023,2023:5833,2023,17257,,,,,,,,False
105.21844,-3.10343,2023-09-30 10:00:00,NASA,Aqua,Fire inside Sitrep,SUMSEL,5834,2023,2023:5834,2023,17258,,,,,,,,False
105.71309,-2.93583,2023-09-30 10:00:00,NASA,Aqua,Verified No fire,SUMSEL,5835,2023,2023:5835,2023,17259,,,,,,,,False
105.36121,-3.73313,2023-09-30 10:00:00,NASA,Aqua,Fire inside Sitrep,SUMSEL,5836,2023,2023:5836,2023,17260,,,,,,,,False
105.70399,-2.93452,2023-09-30 10:00:00,NASA,Aqua,Verified No fire,SUMSEL,5837,2023,2023:5837,2023,17261,,,,,,,,False
105.53499,-2.78063,2023-09-30 10:00:00,NASA,Aqua,Verified No fire,SUMSEL,5838,2023,2023:5838,2023,17262,,,,,,,,False
103.45936584,-2.27306485,2023-09-30 12:00:00,LAPAN,SNPP,Verified No fire,SUMSEL MUBA,6000,2023,2023:6000,2023,17424,,,,,,,,False
105.22018,-3.10088,2023-09-30 22:00:00,NASA,Aqua,Fire inside Sitrep,SUMSEL,6019,2023,2023:6019,2023,17443,,,,,,,,False
105.36034,-3.12714,2023-09-30 22:00:00,NASA,Aqua,Fire inside Sitrep,SUMSEL,6020,2023,2023:6020,2023,17444,,,,,,,,False
105.36807251,-3.12496709824,2023-09-30 22:00:00,LAPAN,Aqua,Fire inside Sitrep,SUMSEL,6021,2023,2023:6021,2023,17445,,,,,,,,False
105.368,-3.12482,2023-09-30 22:00:00,NASA,Aqua,Fire inside Sitrep,SUMSEL,6022,2023,2023:6022,2023,17446,,,,,,,,False
105.23091,-3.07685,2023-09-30 22:00:00,NASA,Aqua,Fire inside Sitrep,SUMSEL,6023,2023,2023:6023,2023,17447,,,,,,,,False
105.232528687,-3.08801150322,2023-09-30 22:00:00,LAPAN,Aqua,Fire inside Sitrep,SUMSEL,6024,2023,2023:6024,2023,17448,,,,,,,,False
105.541542053,-3.43335318565,2023-09-30 22:00:00,LAPAN,Aqua,Fire inside Sitrep,SUMSEL,6025,2023,2023:6025,2023,17449,,,,,,,,False
105.54153,-3.4332,2023-09-30 22:00:00,NASA,Aqua,Fire inside Sitrep,SUMSEL,6026,2023,2023:6026,2023,17450,,,,,,,,False
105.778381348,-3.61764764786,2023-09-30 22:00:00,LAPAN,Aqua,Fire inside Sitrep,SUMSEL,6027,2023,2023:6027,2023,17451,,,,,,,,False
105.7784,-3.61748,2023-09-30 22:00:00,NASA,Aqua,Fire inside Sitrep,SUMSEL,6028,2023,2023:6028,2023,17452,,,,,,,,False
105.79977,-3.61321,2023-09-30 22:00:00,NASA,Aqua,Fire inside Sitrep,SUMSEL,6029,2023,2023:6029,2023,17453,,,,,,,,False
105.23252,-3.08785,2023-09-30 22:00:00,NASA,Aqua,Fire inside Sitrep,SUMSEL,6030,2023,2023:6030,2023,17454,,,,,,,,False
105.21856,-3.08989,2023-09-30 22:00:00,NASA,Aqua,Fire inside Sitrep,SUMSEL,6031,2023,2023:6031,2023,17455,,,,,,,,False
105.37463,-3.12501,2023-09-30 22:00:00,NASA,Aqua,Verified No fire,SUMSEL,6032,2023,2023:6032,2023,17456,,,,,,,,False
105.47584,-3.32819,2023-09-30 22:00:00,NASA,Aqua,Fire inside Sitrep,SUMSEL,6033,2023,2023:6033,2023,17457,,,,,,,,False
105.7316,-3.61258,2023-09-30 22:00:00,NASA,Aqua,Fire inside Sitrep,SUMSEL,6034,2023,2023:6034,2023,17458,,,,,,,,False
105.793495178,-3.61549186707,2023-09-30 22:00:00,LAPAN,Aqua,Fire inside Sitrep,SUMSEL,6035,2023,2023:6035,2023,17459,,,,,,,,False
105.79352,-3.61533,2023-09-30 22:00:00,NASA,Aqua,Fire inside Sitrep,SUMSEL,6036,2023,2023:6036,2023,17460,,,,,,,,False
105.21695,-3.07891,2023-09-30 22:00:00,NASA,Aqua,Fire inside Sitrep,SUMSEL,6037,2023,2023:6037,2023,17461,,,,,,,,False
105.4775,-3.33935,2023-09-30 22:00:00,NASA,Aqua,Fire inside Sitrep,SUMSEL,6038,2023,2023:6038,2023,17462,,,,,,,,False
105.230903625,-3.07701230049,2023-09-30 22:00:00,LAPAN,Aqua,Fire inside Sitrep,SUMSEL,6039,2023,2023:6039,2023,17463,,,,,,,,False
105.731575012,-3.61273908615,2023-09-30 22:00:00,LAPAN,Aqua,Fire inside Sitrep,SUMSEL,6040,2023,2023:6040,2023,17464,,,,,,,,False
105.78465271,-3.61564159393,2023-09-30 22:00:00,LAPAN,Aqua,Fire inside Sitrep,SUMSEL,6041,2023,2023:6041,2023,17465,,,,,,,,False
105.220184326,-3.10103845596,2023-09-30 22:00:00,LAPAN,Aqua,Fire inside Sitrep,SUMSEL,6042,2023,2023:6042,2023,17466,,,,,,,,False
105.78468,-3.61548,2023-09-30 22:00:00,NASA,Aqua,Fire inside Sitrep,SUMSEL,6043,2023,2023:6043,2023,17467,,,,,,,,False
105.477478027,-3.33951592445,2023-09-30 22:00:00,LAPAN,Aqua,Fire inside Sitrep,SUMSEL,6044,2023,2023:6044,2023,17468,,,,,,,,False
105.218559265,-3.09005212784,2023-09-30 22:00:00,LAPAN,Aqua,Fire inside Sitrep,SUMSEL,6045,2023,2023:6045,2023,17469,,,,,,,,False
105.216934204,-3.07906532288,2023-09-30 22:00:00,LAPAN,Aqua,Fire inside Sitrep,SUMSEL,6046,2023,2023:6046,2023,17470,,,,,,,,False
105.21892548,-3.10223484,2023-10-01 00:00:00,LAPAN,NOAA20,Fire inside Sitrep,SUMSEL,6047,2023,2023:6047,2023,17471,,,,,,,,False
105.36974335,-3.12857461,2023-10-01 00:00:00,LAPAN,NOAA20,Fire inside Sitrep,SUMSEL,6048,2023,2023:6048,2023,17472,,,,,,,,False
103.2629,-2.44793,2023-10-01 00:00:00,NASA,NOAA20,Verified No fire,SUMSEL MUBA,6049,2023,2023:6049,2023,17473,,,,,,,,False
105.22053,-3.09936,2023-10-01 00:00:00,NASA,NOAA20,Fire inside Sitrep,SUMSEL,6050,2023,2023:6050,2023,17474,,,,,,,,False
105.21594,-3.09362,2023-10-01 00:00:00,NASA,NOAA20,Fire inside Sitrep,SUMSEL,6051,2023,2023:6051,2023,17475,,,,,,,,False
105.21676,-3.08875,2023-10-01 00:00:00,NASA,NOAA20,Fire inside Sitrep,SUMSEL,6052,2023,2023:6052,2023,17476,,,,,,,,False
103.22546,-2.56056,2023-10-01 00:00:00,NASA,NOAA20,Verified No fire,SUMSEL MUBA,6053,2023,2023:6053,2023,17477,,,,,,,,False
105.36125,-3.16096,2023-10-01 00:00:00,NASA,NOAA20,Fire inside Sitrep,SUMSEL,6054,2023,2023:6054,2023,17478,,,,,,,,False
105.37208,-3.12816,2023-10-01 00:00:00,NASA,NOAA20,Fire inside Sitrep,SUMSEL,6055,2023,2023:6055,2023,17479,,,,,,,,False
105.21249,-3.10111,2023-10-01 00:00:00,NASA,NOAA20,Fire inside Sitrep,SUMSEL,6056,2023,2023:6056,2023,17480,,,,,,,,False
105.21838,-3.07902,2023-10-01 00:00:00,NASA,NOAA20,Fire inside Sitrep,SUMSEL,6057,2023,2023:6057,2023,17481,,,,,,,,False
105.21787,-3.10202,2023-10-01 00:00:00,NASA,NOAA20,Fire inside Sitrep,SUMSEL,6058,2023,2023:6058,2023,17482,,,,,,,,False
105.21753693,-3.08901572,2023-10-01 00:00:00,LAPAN,NOAA20,Fire inside Sitrep,SUMSEL,6059,2023,2023:6059,2023,17483,,,,,,,,False
105.21915436,-3.07928324,2023-10-01 00:00:00,LAPAN,NOAA20,Fire inside Sitrep,SUMSEL,6060,2023,2023:6060,2023,17484,,,,,,,,False
105.22454834,-3.08016419,2023-10-01 00:00:00,LAPAN,NOAA20,Fire inside Sitrep,SUMSEL,6061,2023,2023:6061,2023,17485,,,,,,,,False
105.73786,-3.61504,2023-10-01 00:00:00,NASA,NOAA20,Fire inside Sitrep,SUMSEL,6062,2023,2023:6062,2023,17486,,,,,,,,False
105.6502,-3.51699,2023-10-01 00:00:00,NASA,NOAA20,Fire inside Sitrep,SUMSEL,6063,2023,2023:6063,2023,17487,,,,,,,,False
105.541,-3.43144,2023-10-01 00:00:00,NASA,NOAA20,Fire inside Sitrep,SUMSEL,6064,2023,2023:6064,2023,17488,,,,,,,,False
105.78317,-3.61287,2023-10-01 00:00:00,NASA,NOAA20,Fire inside Sitrep,SUMSEL,6065,2023,2023:6065,2023,17489,,,,,,,,False
105.79285,-3.61445,2023-10-01 00:00:00,NASA,NOAA20,Fire inside Sitrep,SUMSEL,6066,2023,2023:6066,2023,17490,,,,,,,,False
103.45394,-2.28032,2023-10-01 00:00:00,NASA,NOAA20,Verified No fire,SUMSEL MUBA,6067,2023,2023:6067,2023,17491,,,,,,,,False
105.21919,-3.07415,2023-10-01 00:00:00,NASA,NOAA20,Fire inside Sitrep,SUMSEL,6068,2023,2023:6068,2023,17492,,,,,,,,False
105.22293091,-3.08989286,2023-10-01 00:00:00,LAPAN,NOAA20,Fire inside Sitrep,SUMSEL,6069,2023,2023:6069,2023,17493,,,,,,,,False
105.22377,-3.0799,2023-10-01 00:00:00,NASA,NOAA20,Fire inside Sitrep,SUMSEL,6070,2023,2023:6070,2023,17494,,,,,,,,False
105.22297,-3.08477,2023-10-01 00:00:00,NASA,NOAA20,Fire inside Sitrep,SUMSEL,6071,2023,2023:6071,2023,17495,,,,,,,,False
105.7803,-3.75722,2023-10-01 00:00:00,NASA,NOAA20,Fire inside Sitrep,SUMSEL,6072,2023,2023:6072,2023,17496,,,,,,,,False
105.77599,-3.75792,2023-10-01 00:00:00,NASA,NOAA20,Fire inside Sitrep,SUMSEL,6073,2023,2023:6073,2023,17497,,,,,,,,False
105.48139,-3.333,2023-10-01 00:00:00,NASA,NOAA20,Fire inside Sitrep,SUMSEL,6074,2023,2023:6074,2023,17498,,,,,,,,False
105.22373962,-3.08502936,2023-10-01 00:00:00,LAPAN,NOAA20,Fire inside Sitrep,SUMSEL,6075,2023,2023:6075,2023,17499,,,,,,,,False
105.74273,-3.61583,2023-10-01 00:00:00,NASA,NOAA20,Fire inside Sitrep,SUMSEL,6076,2023,2023:6076,2023,17500,,,,,,,,False
105.4676,-3.32095,2023-10-01 00:00:00,NASA,NOAA20,Fire inside Sitrep,SUMSEL,6077,2023,2023:6077,2023,17501,,,,,,,,False
105.65298,-3.51941,2023-10-01 00:00:00,NASA,NOAA20,Fire inside Sitrep,SUMSEL,6078,2023,2023:6078,2023,17502,,,,,,,,False
105.36684,-3.12728,2023-10-01 00:00:00,NASA,NOAA20,Fire inside Sitrep,SUMSEL,6079,2023,2023:6079,2023,17503,,,,,,,,False
105.54115,-3.77008,2023-10-01 00:00:00,NASA,NOAA20,Fire inside Sitrep,SUMSEL,6080,2023,2023:6080,2023,17504,,,,,,,,False
105.22129822,-3.09962106,2023-10-01 00:00:00,LAPAN,NOAA20,Fire inside Sitrep,SUMSEL,6081,2023,2023:6081,2023,17505,,,,,,,,False
105.21834564,-3.08415055,2023-10-01 00:00:00,LAPAN,NOAA20,Fire inside Sitrep,SUMSEL,6082,2023,2023:6082,2023,17506,,,,,,,,False
105.36899,-3.12832,2023-10-01 00:00:00,NASA,NOAA20,Fire inside Sitrep,SUMSEL,6083,2023,2023:6083,2023,17507,,,,,,,,False
105.46519,-3.33524,2023-10-01 00:00:00,NASA,NOAA20,Fire inside Sitrep,SUMSEL,6084,2023,2023:6084,2023,17508,,,,,,,,False
103.22456,-2.56405,2023-10-01 00:00:00,NASA,NOAA20,Verified No fire,SUMSEL MUBA,6085,2023,2023:6085,2023,17509,,,,,,,,False
105.54703522,-3.43245387,2023-10-01 00:00:00,LAPAN,NOAA20,Fire inside Sitrep,SUMSEL,6086,2023,2023:6086,2023,17510,,,,,,,,False
105.22215,-3.08963,2023-10-01 00:00:00,NASA,NOAA20,Fire inside Sitrep,SUMSEL,6087,2023,2023:6087,2023,17511,,,,,,,,False
105.54604,-3.43227,2023-10-01 00:00:00,NASA,NOAA20,Fire inside Sitrep,SUMSEL,6088,2023,2023:6088,2023,17512,,,,,,,,False
105.36786652,-3.12747931,2023-10-01 00:00:00,LAPAN,NOAA20,Fire inside Sitrep,SUMSEL,6089,2023,2023:6089,2023,17513,,,,,,,,False
105.2143,-3.10335,2023-10-01 00:00:00,NASA,NOAA20,Fire inside Sitrep,SUMSEL,6090,2023,2023:6090,2023,17514,,,,,,,,False
105.4734726,-3.32203889,2023-10-01 00:00:00,LAPAN,NOAA20,Fire inside Sitrep,SUMSEL,6091,2023,2023:6091,2023,17515,,,,,,,,False
105.48059,-3.33776,2023-10-01 00:00:00,NASA,NOAA20,Fire inside Sitrep,SUMSEL,6092,2023,2023:6092,2023,17516,,,,,,,,False
105.47274,-3.3218,2023-10-01 00:00:00,NASA,NOAA20,Fire inside Sitrep,SUMSEL,6093,2023,2023:6093,2023,17517,,,,,,,,False
105.23752,-3.09712,2023-10-01 00:00:00,NASA,NOAA20,Fire inside Sitrep,SUMSEL,6094,2023,2023:6094,2023,17518,,,,,,,,False
105.78801,-3.61366,2023-10-01 00:00:00,NASA,NOAA20,Fire inside Sitrep,SUMSEL,6095,2023,2023:6095,2023,17519,,,,,,,,False
103.4605,-2.25969,2023-10-01 00:00:00,NASA,NOAA20,Verified No fire,SUMSEL MUBA,6096,2023,2023:6096,2023,17520,,,,,,,,False
105.21513,-3.09849,2023-10-01 00:00:00,NASA,NOAA20,Fire inside Sitrep,SUMSEL,6097,2023,2023:6097,2023,17521,,,,,,,,False
105.21758,-3.08389,2023-10-01 00:00:00,NASA,NOAA20,Fire inside Sitrep,SUMSEL,6098,2023,2023:6098,2023,17522,,,,,,,,False
105.54186249,-3.77031517,2023-10-01 00:00:00,LAPAN,NOAA20,Fire inside Sitrep,SUMSEL,6099,2023,2023:6099,2023,17523,,,,,,,,False
105.22134,-3.0945,2023-10-01 00:00:00,NASA,NOAA20,Fire inside Sitrep,SUMSEL,6100,2023,2023:6100,2023,17524,,,,,,,,False
105.21918,-3.10277,2023-10-01 13:00:00,NASA,NOAA20,Fire inside Sitrep,SUMSEL,6295,2023,2023:6295,2023,17719,,,,,,,,False
105.35535,-3.1631,2023-10-01 13:00:00,NASA,NOAA20,Fire inside Sitrep,SUMSEL,6296,2023,2023:6296,2023,17720,,,,,,,,False
105.46701,-3.31982,2023-10-01 13:00:00,NASA,NOAA20,Fire inside Sitrep,SUMSEL,6297,2023,2023:6297,2023,17721,,,,,,,,False
105.4716,-3.32601,2023-10-01 13:00:00,NASA,NOAA20,Fire inside Sitrep,SUMSEL,6298,2023,2023:6298,2023,17722,,,,,,,,False
105.46956,-3.33664,2023-10-01 13:00:00,NASA,NOAA20,Fire inside Sitrep,SUMSEL,6299,2023,2023:6299,2023,17723,,,,,,,,False
105.65297,-3.52238,2023-10-01 13:00:00,NASA,NOAA20,Fire inside Sitrep,SUMSEL,6300,2023,2023:6300,2023,17724,,,,,,,,False
105.2222,-3.09888,2023-10-01 13:00:00,NASA,NOAA20,Fire inside Sitrep,SUMSEL,6301,2023,2023:6301,2023,17725,,,,,,,,False
105.35426,-3.15767,2023-10-01 13:00:00,NASA,NOAA20,Fire inside Sitrep,SUMSEL,6302,2023,2023:6302,2023,17726,,,,,,,,False
105.22018,-3.08548,2023-10-01 13:00:00,NASA,NOAA20,Fire inside Sitrep,SUMSEL,6303,2023,2023:6303,2023,17727,,,,,,,,False
105.22372,-3.08494,2023-10-01 13:00:00,NASA,NOAA20,Fire inside Sitrep,SUMSEL,6304,2023,2023:6304,2023,17728,,,,,,,,False
105.54363,-3.71485,2023-10-01 13:00:00,NASA,NOAA20,Fire inside Sitrep,SUMSEL,6305,2023,2023:6305,2023,17729,,,,,,,,False
105.38028,-3.69651,2023-10-01 13:00:00,NASA,NOAA20,Fire inside Sitrep,SUMSEL,6306,2023,2023:6306,2023,17730,,,,,,,,False
105.77882,-3.76318,2023-10-01 13:00:00,NASA,NOAA20,Fire inside Sitrep,SUMSEL,6307,2023,2023:6307,2023,17731,,,,,,,,False
105.51206,-3.72312,2023-10-01 13:00:00,NASA,NOAA20,Fire inside Sitrep,SUMSEL,6308,2023,2023:6308,2023,17732,,,,,,,,False
105.51562,-3.72258,2023-10-01 13:00:00,NASA,NOAA20,Fire inside Sitrep,SUMSEL,6309,2023,2023:6309,2023,17733,,,,,,,,False
105.56807,-3.82665,2023-10-01 13:00:00,NASA,NOAA20,Fire inside Sitrep,SUMSEL,6310,2023,2023:6310,2023,17734,,,,,,,,False
105.29648,-3.11153,2023-10-01 13:00:00,NASA,NOAA20,Fire inside Sitrep,SUMSEL,6314,2023,2023:6314,2023,17738,,,,,,,,False
105.3518,-3.16365,2023-10-01 13:00:00,NASA,NOAA20,Fire inside Sitrep,SUMSEL,6315,2023,2023:6315,2023,17739,,,,,,,,False
105.74762,-3.53694,2023-10-01 13:00:00,NASA,NOAA20,Fire inside Sitrep,SUMSEL,6316,2023,2023:6316,2023,17740,,,,,,,,False
105.48792,-3.3373,2023-10-01 13:00:00,NASA,NOAA20,Fire inside Sitrep,SUMSEL,6317,2023,2023:6317,2023,17741,,,,,,,,False
105.39886,-3.27866,2023-10-01 13:00:00,NASA,NOAA20,Fire inside Sitrep,SUMSEL,6318,2023,2023:6318,2023,17742,,,,,,,,False
105.3589,-3.16255,2023-10-01 13:00:00,NASA,NOAA20,Fire inside Sitrep,SUMSEL,6319,2023,2023:6319,2023,17743,,,,,,,,False
105.34774,-3.16084,2023-10-01 13:00:00,NASA,NOAA20,Fire inside Sitrep,SUMSEL,6320,2023,2023:6320,2023,17744,,,,,,,,False
105.22472,-3.09164,2023-10-01 13:00:00,NASA,NOAA20,Fire inside Sitrep,SUMSEL,6321,2023,2023:6321,2023,17745,,,,,,,,False
105.22422,-3.08829,2023-10-01 13:00:00,NASA,NOAA20,Fire inside Sitrep,SUMSEL,6322,2023,2023:6322,2023,17746,,,,,,,,False
105.21968,-3.08213,2023-10-01 13:00:00,NASA,NOAA20,Fire inside Sitrep,SUMSEL,6323,2023,2023:6323,2023,17747,,,,,,,,False
105.75095,-3.79861,2023-10-01 13:00:00,NASA,NOAA20,Fire inside Sitrep,SUMSEL,6324,2023,2023:6324,2023,17748,,,,,,,,False
105.7422,-3.78958,2023-10-01 13:00:00,NASA,NOAA20,Fire inside Sitrep,SUMSEL,6325,2023,2023:6325,2023,17749,,,,,,,,False
105.78242,-3.76262,2023-10-01 13:00:00,NASA,NOAA20,Fire inside Sitrep,SUMSEL,6326,2023,2023:6326,2023,17750,,,,,,,,False
105.22271,-3.07824,2023-10-01 13:00:00,NASA,NOAA20,Fire inside Sitrep,SUMSEL,6327,2023,2023:6327,2023,17751,,,,,,,,False
105.52884,-3.68959,2023-10-01 13:00:00,NASA,NOAA20,Fire inside Sitrep,SUMSEL,6328,2023,2023:6328,2023,17752,,,,,,,,False
105.38081,-3.65186,2023-10-01 13:00:00,NASA,NOAA20,Fire inside Sitrep,SUMSEL,6329,2023,2023:6329,2023,17753,,,,,,,,False
105.40958,-3.71823,2023-10-01 13:00:00,NASA,NOAA20,Fire inside Sitrep,SUMSEL,6330,2023,2023:6330,2023,17754,,,,,,,,False
105.53293,-3.6924,2023-10-01 13:00:00,NASA,NOAA20,Fire inside Sitrep,SUMSEL,6331,2023,2023:6331,2023,17755,,,,,,,,False
105.38076,-3.74322,2023-10-01 13:00:00,NASA,NOAA20,Fire inside Sitrep,SUMSEL,6332,2023,2023:6332,2023,17756,,,,,,,,False
105.52937,-3.71703,2023-10-01 13:00:00,NASA,NOAA20,Fire inside Sitrep,SUMSEL,6333,2023,2023:6333,2023,17757,,,,,,,,False
105.58949,-3.79926,2023-10-01 13:00:00,NASA,NOAA20,Fire inside Sitrep,SUMSEL,6334,2023,2023:6334,2023,17758,,,,,,,,False
105.8963,-3.85005,2023-10-01 13:00:00,NASA,NOAA20,Fire inside Sitrep,SUMSEL,6336,2023,2023:6336,2023,17760,,,,,,,,False
105.60662,-3.22809,2023-10-01 13:00:00,NASA,NOAA20,Fire inside Sitrep,SUMSEL,6337,2023,2023:6337,2023,17761,,,,,,,,False
105.61195,-3.23551,2023-10-01 13:00:00,NASA,NOAA20,Fire inside Sitrep,SUMSEL,6338,2023,2023:6338,2023,17762,,,,,,,,False
105.61864,-3.23101,2023-10-01 13:00:00,NASA,NOAA20,Fire inside Sitrep,SUMSEL,6339,2023,2023:6339,2023,17763,,,,,,,,False
105.65917,-3.46614,2023-10-01 13:00:00,NASA,NOAA20,Fire inside Sitrep,SUMSEL,6340,2023,2023:6340,2023,17764,,,,,,,,False
105.61555,-3.23495,2023-10-01 13:00:00,NASA,NOAA20,Fire inside Sitrep,SUMSEL,6341,2023,2023:6341,2023,17765,,,,,,,,False
105.61453,-3.22819,2023-10-01 13:00:00,NASA,NOAA20,Fire inside Sitrep,SUMSEL,6342,2023,2023:6342,2023,17766,,,,,,,,False
105.62957,-3.11254,2023-10-01 13:00:00,NASA,NOAA20,Fire inside Sitrep,SUMSEL,6343,2023,2023:6343,2023,17767,,,,,,,,False
105.62596,-3.11309,2023-10-01 13:00:00,NASA,NOAA20,Fire inside Sitrep,SUMSEL,6344,2023,2023:6344,2023,17768,,,,,,,,False
105.73307,-3.61189,2023-10-01 13:00:00,NASA,NOAA20,Fire inside Sitrep,SUMSEL,6346,2023,2023:6346,2023,17770,,,,,,,,False
105.73409,-3.61866,2023-10-01 13:00:00,NASA,NOAA20,Fire inside Sitrep,SUMSEL,6347,2023,2023:6347,2023,17771,,,,,,,,False
105.72997,-3.61582,2023-10-01 13:00:00,NASA,NOAA20,Fire inside Sitrep,SUMSEL,6348,2023,2023:6348,2023,17772,,,,,,,,False
105.7372,-3.61472,2023-10-01 13:00:00,NASA,NOAA20,Fire inside Sitrep,SUMSEL,6349,2023,2023:6349,2023,17773,,,,,,,,False
105.74493,-3.617,2023-10-01 13:00:00,NASA,NOAA20,Fire inside Sitrep,SUMSEL,6350,2023,2023:6350,2023,17774,,,,,,,,False
105.66327,-3.49316,2023-10-01 13:00:00,NASA,NOAA20,Fire inside Sitrep,SUMSEL,6351,2023,2023:6351,2023,17775,,,,,,,,False
105.73049,-3.61921,2023-10-01 13:00:00,NASA,NOAA20,Fire inside Sitrep,SUMSEL,6352,2023,2023:6352,2023,17776,,,,,,,,False
105.73822,-3.62149,2023-10-01 13:00:00,NASA,NOAA20,Fire inside Sitrep,SUMSEL,6353,2023,2023:6353,2023,17777,,,,,,,,False
105.66433,-3.45151,2023-10-01 13:00:00,NASA,NOAA20,Verified Fire,SUMSEL,6354,2023,2023:6354,2023,17778,,,,,,,,False
105.56708,-3.74912,2023-10-01 13:00:00,NASA,NOAA20,Fire inside Sitrep,SUMSEL,6355,2023,2023:6355,2023,17779,,,,,,,,False
105.36662,-3.7214,2023-10-01 13:00:00,NASA,NOAA20,Fire inside Sitrep,SUMSEL,6356,2023,2023:6356,2023,17780,,,,,,,,False
105.44656,-3.77091,2023-10-01 13:00:00,NASA,NOAA20,Fire inside Sitrep,SUMSEL,6357,2023,2023:6357,2023,17781,,,,,,,,False
105.54208,-3.77701,2023-10-01 13:00:00,NASA,NOAA20,Fire inside Sitrep,SUMSEL,6358,2023,2023:6358,2023,17782,,,,,,,,False
105.37116,-3.72755,2023-10-01 13:00:00,NASA,NOAA20,Fire inside Sitrep,SUMSEL,6359,2023,2023:6359,2023,17783,,,,,,,,False
105.22574,-3.07435,2023-10-01 13:00:00,NASA,NOAA20,Fire inside Sitrep,SUMSEL,6360,2023,2023:6360,2023,17784,,,,,,,,False
105.22726,-3.0844,2023-10-01 13:00:00,NASA,NOAA20,Verified No fire,SUMSEL,6361,2023,2023:6361,2023,17785,,,,,,,,False
105.2499,-2.90837,2023-10-01 13:00:00,NASA,NOAA20,Fire inside Sitrep,SUMSEL,6362,2023,2023:6362,2023,17786,,,,,,,,False
105.22119,-3.09218,2023-10-01 13:00:00,NASA,NOAA20,Fire inside Sitrep,SUMSEL,6363,2023,2023:6363,2023,17787,,,,,,,,False
105.22624,-3.0777,2023-10-01 13:00:00,NASA,NOAA20,Fire inside Sitrep,SUMSEL,6364,2023,2023:6364,2023,17788,,,,,,,,False
105.47109,-3.32264,2023-10-01 13:00:00,NASA,NOAA20,Fire inside Sitrep,SUMSEL,6365,2023,2023:6365,2023,17789,,,,,,,,False
105.73358,-3.61527,2023-10-01 13:00:00,NASA,NOAA20,Fire inside Sitrep,SUMSEL,6366,2023,2023:6366,2023,17790,,,,,,,,False
105.79255,-3.65931,2023-10-01 13:00:00,NASA,NOAA20,Fire inside Sitrep,SUMSEL,6367,2023,2023:6367,2023,17791,,,,,,,,False
105.60733,-3.2293,2023-10-01 13:00:00,NASA,NOAA20,Fire inside Sitrep,SUMSEL,6368,2023,2023:6368,2023,17792,,,,,,,,False
105.61143,-3.23213,2023-10-01 13:00:00,NASA,NOAA20,Fire inside Sitrep,SUMSEL,6369,2023,2023:6369,2023,17793,,,,,,,,False
105.2227,-3.10223,2023-10-01 13:00:00,NASA,NOAA20,Fire inside Sitrep,SUMSEL,6370,2023,2023:6370,2023,17794,,,,,,,,False
105.75434,-3.53244,2023-10-01 13:00:00,NASA,NOAA20,Fire inside Sitrep,SUMSEL,6371,2023,2023:6371,2023,17795,,,,,,,,False
105.731,-3.62259,2023-10-01 13:00:00,NASA,NOAA20,Fire inside Sitrep,SUMSEL,6372,2023,2023:6372,2023,17796,,,,,,,,False
105.24585,-2.90555,2023-10-01 13:00:00,NASA,NOAA20,Fire inside Sitrep,SUMSEL,6373,2023,2023:6373,2023,17797,,,,,,,,False
105.56351,-3.74967,2023-10-01 13:00:00,NASA,NOAA20,Fire inside Sitrep,SUMSEL,6375,2023,2023:6375,2023,17799,,,,,,,,False
105.29243,-3.10871,2023-10-01 13:00:00,NASA,NOAA20,Fire inside Sitrep,SUMSEL,6377,2023,2023:6377,2023,17801,,,,,,,,False
105.34571,-3.17145,2023-10-01 13:00:00,NASA,NOAA20,Fire inside Sitrep,SUMSEL,6378,2023,2023:6378,2023,17802,,,,,,,,False
105.39898,-3.67653,2023-10-01 13:00:00,NASA,NOAA20,Fire inside Sitrep,SUMSEL,6379,2023,2023:6379,2023,17803,,,,,,,,False
105.79325,-3.76095,2023-10-01 13:00:00,NASA,NOAA20,Fire inside Sitrep,SUMSEL,6380,2023,2023:6380,2023,17804,,,,,,,,False
105.36965,-3.74149,2023-10-01 13:00:00,NASA,NOAA20,Fire inside Sitrep,SUMSEL,6381,2023,2023:6381,2023,17805,,,,,,,,False
105.35854,-3.71578,2023-10-01 13:00:00,NASA,NOAA20,Fire inside Sitrep,SUMSEL,6382,2023,2023:6382,2023,17806,,,,,,,,False
105.29597,-3.10817,2023-10-01 13:00:00,NASA,NOAA20,Fire inside Sitrep,SUMSEL,6383,2023,2023:6383,2023,17807,,,,,,,,False
105.3502,-3.15485,2023-10-01 13:00:00,NASA,NOAA20,Fire inside Sitrep,SUMSEL,6384,2023,2023:6384,2023,17808,,,,,,,,False
105.29193,-3.10536,2023-10-01 13:00:00,NASA,NOAA20,Fire inside Sitrep,SUMSEL,6385,2023,2023:6385,2023,17809,,,,,,,,False
105.35585,-3.16646,2023-10-01 13:00:00,NASA,NOAA20,Fire inside Sitrep,SUMSEL,6386,2023,2023:6386,2023,17810,,,,,,,,False
105.22321,-3.08159,2023-10-01 13:00:00,NASA,NOAA20,Fire inside Sitrep,SUMSEL,6387,2023,2023:6387,2023,17811,,,,,,,,False
105.73669,-3.61134,2023-10-01 13:00:00,NASA,NOAA20,Fire inside Sitrep,SUMSEL,6390,2023,2023:6390,2023,17814,,,,,,,,False
105.74855,-3.61645,2023-10-01 13:00:00,NASA,NOAA20,Fire inside Sitrep,SUMSEL,6391,2023,2023:6391,2023,17815,,,,,,,,False
105.61023,-3.22754,2023-10-01 13:00:00,NASA,NOAA20,Fire inside Sitrep,SUMSEL,6392,2023,2023:6392,2023,17816,,,,,,,,False
105.35551,-3.71967,2023-10-01 13:00:00,NASA,NOAA20,Fire inside Sitrep,SUMSEL,6393,2023,2023:6393,2023,17817,,,,,,,,False
105.56756,-3.82328,2023-10-01 13:00:00,NASA,NOAA20,Fire inside Sitrep,SUMSEL,6394,2023,2023:6394,2023,17818,,,,,,,,False
105.74632,-3.7924,2023-10-01 13:00:00,NASA,NOAA20,Fire inside Sitrep,SUMSEL,6395,2023,2023:6395,2023,17819,,,,,,,,False
105.74271,-3.79296,2023-10-01 13:00:00,NASA,NOAA20,Fire inside Sitrep,SUMSEL,6396,2023,2023:6396,2023,17820,,,,,,,,False
105.46243,-3.33773,2023-10-01 13:00:00,NASA,NOAA20,Fire inside Sitrep,SUMSEL,6397,2023,2023:6397,2023,17821,,,,,,,,False
105.66996,-3.48868,2023-10-01 13:00:00,NASA,NOAA20,Fire inside Sitrep,SUMSEL,6398,2023,2023:6398,2023,17822,,,,,,,,False
105.7346,-3.62204,2023-10-01 13:00:00,NASA,NOAA20,Fire inside Sitrep,SUMSEL,6399,2023,2023:6399,2023,17823,,,,,,,,False
105.22069,-3.08883,2023-10-01 13:00:00,NASA,NOAA20,Fire inside Sitrep,SUMSEL,6400,2023,2023:6400,2023,17824,,,,,,,,False
105.22221,-3.07489,2023-10-01 13:00:00,NASA,NOAA20,Fire inside Sitrep,SUMSEL,6401,2023,2023:6401,2023,17825,,,,,,,,False
105.61093,-3.22875,2023-10-01 13:00:00,NASA,NOAA20,Fire inside Sitrep,SUMSEL,6402,2023,2023:6402,2023,17826,,,,,,,,False
105.7386,-3.79013,2023-10-01 13:00:00,NASA,NOAA20,Fire inside Sitrep,SUMSEL,6403,2023,2023:6403,2023,17827,,,,,,,,False
105.61915,-3.23439,2023-10-01 13:00:00,NASA,NOAA20,Fire inside Sitrep,SUMSEL,6404,2023,2023:6404,2023,17828,,,,,,,,False
105.35904,-3.71913,2023-10-01 13:00:00,NASA,NOAA20,Fire inside Sitrep,SUMSEL,6406,2023,2023:6406,2023,17830,,,,,,,,False
105.36712,-3.72475,2023-10-01 13:00:00,NASA,NOAA20,Fire inside Sitrep,SUMSEL,6407,2023,2023:6407,2023,17831,,,,,,,,False
105.36611,-3.71805,2023-10-01 13:00:00,NASA,NOAA20,Fire inside Sitrep,SUMSEL,6408,2023,2023:6408,2023,17832,,,,,,,,False
105.22523,-3.09499,2023-10-01 13:00:00,NASA,NOAA20,Fire inside Sitrep,SUMSEL,6410,2023,2023:6410,2023,17834,,,,,,,,False
105.30459,-3.09313,2023-10-01 13:00:00,NASA,NOAA20,Fire inside Sitrep,SUMSEL,6411,2023,2023:6411,2023,17835,,,,,,,,False
105.46293,-3.34109,2023-10-01 13:00:00,NASA,NOAA20,Fire inside Sitrep,SUMSEL,6412,2023,2023:6412,2023,17836,,,,,,,,False
105.22675,-3.08105,2023-10-01 13:00:00,NASA,NOAA20,Verified No fire,SUMSEL,6413,2023,2023:6413,2023,17837,,,,,,,,False
105.61813,-3.22764,2023-10-01 13:00:00,NASA,NOAA20,Verified Fire,SUMSEL,6414,2023,2023:6414,2023,17838,,,,,,,,False
105.60785,-3.23268,2023-10-01 13:00:00,NASA,NOAA20,Fire inside Sitrep,SUMSEL,6415,2023,2023:6415,2023,17839,,,,,,,,False
105.46345,-3.32037,2023-10-01 13:00:00,NASA,NOAA20,Fire inside Sitrep,SUMSEL,6418,2023,2023:6418,2023,17842,,,,,,,,False
105.46651,-3.31646,2023-10-01 13:00:00,NASA,NOAA20,Fire inside Sitrep,SUMSEL,6419,2023,2023:6419,2023,17843,,,,,,,,False
105.47007,-3.34001,2023-10-01 13:00:00,NASA,NOAA20,Fire inside Sitrep,SUMSEL,6420,2023,2023:6420,2023,17844,,,,,,,,False
105.65558,-3.46669,2023-10-01 13:00:00,NASA,NOAA20,Fire inside Sitrep,SUMSEL,6421,2023,2023:6421,2023,17845,,,,,,,,False
105.598,-3.57042,2023-10-01 13:00:00,NASA,NOAA20,Fire inside Sitrep,SUMSEL,6422,2023,2023:6422,2023,17846,,,,,,,,False
105.7747,-3.76035,2023-10-01 13:00:00,NASA,NOAA20,Fire inside Sitrep,SUMSEL,6424,2023,2023:6424,2023,17848,,,,,,,,False
105.37016,-3.74484,2023-10-01 13:00:00,NASA,NOAA20,Fire inside Sitrep,SUMSEL,6426,2023,2023:6426,2023,17850,,,,,,,,False
105.37369,-3.7443,2023-10-01 13:00:00,NASA,NOAA20,Fire inside Sitrep,SUMSEL,6427,2023,2023:6427,2023,17851,,,,,,,,False
105.4202,-3.7166,2023-10-01 13:00:00,NASA,NOAA20,Fire inside Sitrep,SUMSEL,6428,2023,2023:6428,2023,17852,,,,,,,,False
105.35129,-3.16029,2023-10-01 13:00:00,NASA,NOAA20,Fire inside Sitrep,SUMSEL,6429,2023,2023:6429,2023,17853,,,,,,,,False
105.3507,-3.15821,2023-10-01 13:00:00,NASA,NOAA20,Fire inside Sitrep,SUMSEL,6430,2023,2023:6430,2023,17854,,,,,,,,False
105.36611,-3.74203,2023-10-01 13:00:00,NASA,NOAA20,Fire inside Sitrep,SUMSEL,6432,2023,2023:6432,2023,17856,,,,,,,,False
105.37318,-3.71696,2023-10-01 13:00:00,NASA,NOAA20,Fire inside Sitrep,SUMSEL,6433,2023,2023:6433,2023,17857,,,,,,,,False
105.36257,-3.71859,2023-10-01 13:00:00,NASA,NOAA20,Fire inside Sitrep,SUMSEL,6434,2023,2023:6434,2023,17858,,,,,,,,False
105.54158,-3.77365,2023-10-01 13:00:00,NASA,NOAA20,Fire inside Sitrep,SUMSEL,6435,2023,2023:6435,2023,17859,,,,,,,,False
105.66484,-3.45489,2023-10-01 13:00:00,NASA,NOAA20,Fire inside Sitrep,SUMSEL,6437,2023,2023:6437,2023,17861,,,,,,,,False
105.79205,-3.65592,2023-10-01 13:00:00,NASA,NOAA20,Fire inside Sitrep,SUMSEL,6438,2023,2023:6438,2023,17862,,,,,,,,False
105.61504,-3.23157,2023-10-01 13:00:00,NASA,NOAA20,Verified Fire,SUMSEL,6439,2023,2023:6439,2023,17863,,,,,,,,False
105.75146,-3.80199,2023-10-01 13:00:00,NASA,NOAA20,Fire inside Sitrep,SUMSEL,6440,2023,2023:6440,2023,17864,,,,,,,,False
105.62142,-3.90973,2023-10-01 13:00:00,NASA,NOAA20,Fire inside Sitrep,SUMSEL,6441,2023,2023:6441,2023,17865,,,,,,,,False
105.30762,-3.11326,2023-10-01 13:00:00,NASA,NOAA20,Fire inside Sitrep,SUMSEL,6442,2023,2023:6442,2023,17866,,,,,,,,False
105.34216,-3.172,2023-10-01 13:00:00,NASA,NOAA20,Fire inside Sitrep,SUMSEL,6443,2023,2023:6443,2023,17867,,,,,,,,False
105.23852,-3.08053,2023-10-01 21:00:00,NASA,Aqua,Verified No fire,SUMSEL,6453,2023,2023:6453,2023,17877,,,,,,,,False
105.2004,-3.0856,2023-10-01 21:00:00,NASA,Aqua,Fire inside Sitrep,SUMSEL,6454,2023,2023:6454,2023,17878,,,,,,,,False
105.21954,-3.07378,2023-10-02 02:00:00,NASA,Aqua,Fire inside Sitrep,SUMSEL,6637,2023,2023:6637,2023,18061,,,,,,,,False
105.22954,-3.08547,2023-10-02 02:00:00,NASA,Aqua,Verified No fire,SUMSEL,6642,2023,2023:6642,2023,18066,,,,,,,,False
105.232429504,-3.06537818909,2023-10-02 02:00:00,LAPAN,Aqua,Verified No fire,SUMSEL,6644,2023,2023:6644,2023,18068,,,,,,,,False
105.219573975,-3.07377552986,2023-10-02 02:00:00,LAPAN,Aqua,Fire inside Sitrep,SUMSEL,6645,2023,2023:6645,2023,18069,,,,,,,,False
105.73643,-3.6082,2023-10-02 02:00:00,NASA,Aqua,Fire inside Sitrep,SUMSEL,6649,2023,2023:6649,2023,18073,,,,,,,,False
105.54732,-3.42888,2023-10-02 02:00:00,NASA,Aqua,Fire inside Sitrep,SUMSEL,6651,2023,2023:6651,2023,18075,,,,,,,,False
105.23239,-3.06538,2023-10-02 02:00:00,NASA,Aqua,Verified No fire,SUMSEL,6652,2023,2023:6652,2023,18076,,,,,,,,False
105.22958374,-3.08546590805,2023-10-02 02:00:00,LAPAN,Aqua,Verified No fire,SUMSEL,6654,2023,2023:6654,2023,18078,,,,,,,,False
105.231002808,-3.07542181015,2023-10-02 02:00:00,LAPAN,Aqua,Fire inside Sitrep,SUMSEL,6655,2023,2023:6655,2023,18079,,,,,,,,False
105.65336,-3.5145,2023-10-02 02:00:00,NASA,Aqua,Fire inside Sitrep,SUMSEL,6656,2023,2023:6656,2023,18080,,,,,,,,False
105.4933,-3.3285,2023-10-02 02:00:00,NASA,Aqua,Fire inside Sitrep,SUMSEL,6659,2023,2023:6659,2023,18083,,,,,,,,False
105.221000671,-3.06373977661,2023-10-02 02:00:00,LAPAN,Aqua,Fire inside Sitrep,SUMSEL,6661,2023,2023:6661,2023,18085,,,,,,,,False
105.22096,-3.06374,2023-10-02 02:00:00,NASA,Aqua,Fire inside Sitrep,SUMSEL,6662,2023,2023:6662,2023,18086,,,,,,,,False
105.23096,-3.07543,2023-10-02 02:00:00,NASA,Aqua,Fire inside Sitrep,SUMSEL,6663,2023,2023:6663,2023,18087,,,,,,,,False
105.2206,-3.08391,2023-10-02 09:00:00,NASA,Aqua,Fire inside Sitrep,SUMSEL,6664,2023,2023:6664,2023,18088,,,,,,,,False
105.23264,-3.08572,2023-10-02 09:00:00,NASA,Aqua,Verified No fire,SUMSEL,6665,2023,2023:6665,2023,18089,,,,,,,,False
105.22207,-3.07364,2023-10-02 09:00:00,NASA,Aqua,Fire inside Sitrep,SUMSEL,6666,2023,2023:6666,2023,18090,,,,,,,,False
105.23411,-3.07545,2023-10-02 09:00:00,NASA,Aqua,Verified No fire,SUMSEL,6667,2023,2023:6667,2023,18091,,,,,,,,False
105.45475006,-3.76279426,2023-10-02 13:00:00,LAPAN,SNPP,Fire inside Sitrep,SUMSEL,6675,2023,2023:6675,2023,18099,,,,,,,,False
105.25063324,-2.91391015,2023-10-02 13:00:00,LAPAN,SNPP,Fire inside Sitrep,SUMSEL,6686,2023,2023:6686,2023,18110,,,,,,,,False
105.48020172,-3.32943296,2023-10-02 13:00:00,LAPAN,NOAA20,Fire inside Sitrep,SUMSEL,6700,2023,2023:6700,2023,18124,,,,,,,,False
105.46135712,-3.76171803,2023-10-02 13:00:00,LAPAN,SNPP,Fire inside Sitrep,SUMSEL,6703,2023,2023:6703,2023,18127,,,,,,,,False
105.46552277,-3.76650643,2023-10-02 13:00:00,LAPAN,SNPP,Fire inside Sitrep,SUMSEL,6707,2023,2023:6707,2023,18131,,,,,,,,False
105.45806122,-3.76225734,2023-10-02 13:00:00,LAPAN,SNPP,Fire inside Sitrep,SUMSEL,6714,2023,2023:6714,2023,18138,,,,,,,,False
106.019668579,-3.23973321915,2023-10-02 21:00:00,LAPAN,Aqua,Verified No fire,SUMSEL,6738,2023,2023:6738,2023,18162,,,,,,,,False
105.728889465,-3.6124894619,2023-10-02 21:00:00,LAPAN,Aqua,Fire inside Sitrep,SUMSEL,6739,2023,2023:6739,2023,18163,,,,,,,,False
105.783981323,-3.61383605003,2023-10-02 21:00:00,LAPAN,Aqua,Fire inside Sitrep,SUMSEL,6740,2023,2023:6740,2023,18164,,,,,,,,False
103.225776672,-2.47981119156,2023-10-02 21:00:00,LAPAN,Aqua,Verified No fire,SUMSEL MUBA,6741,2023,2023:6741,2023,18165,,,,,,,,False
106.028793335,-3.23845243454,2023-10-02 21:00:00,LAPAN,Aqua,Fire inside Sitrep,SUMSEL,6742,2023,2023:6742,2023,18166,,,,,,,,False
103.463218689,-2.29048466682,2023-10-02 21:00:00,LAPAN,Aqua,Verified No fire,SUMSEL MUBA,6743,2023,2023:6743,2023,18167,,,,,,,,False
103.453964233,-2.29177951813,2023-10-02 21:00:00,LAPAN,Aqua,Verified No fire,SUMSEL MUBA,6744,2023,2023:6744,2023,18168,,,,,,,,False
106.02883,-3.23829,2023-10-02 22:00:00,NASA,Aqua,Fire inside Sitrep,SUMSEL,6745,2023,2023:6745,2023,18169,,,,,,,,False
103.46335,-2.2903,2023-10-02 22:00:00,NASA,Aqua,Verified No fire,SUMSEL MUBA,6746,2023,2023:6746,2023,18170,,,,,,,,False
103.22602,-2.47962,2023-10-02 22:00:00,NASA,Aqua,Fire inside Sitrep,SUMSEL MUBA,6747,2023,2023:6747,2023,18171,,,,,,,,False
103.41453,-2.27861,2023-10-02 22:00:00,NASA,Aqua,Verified No fire,SUMSEL MUBA,6748,2023,2023:6748,2023,18172,,,,,,,,False
105.72893,-3.61232,2023-10-02 22:00:00,NASA,Aqua,Fire inside Sitrep,SUMSEL,6749,2023,2023:6749,2023,18173,,,,,,,,False
105.78403,-3.61367,2023-10-02 22:00:00,NASA,Aqua,Fire inside Sitrep,SUMSEL,6750,2023,2023:6750,2023,18174,,,,,,,,False
103.21656,-2.48093,2023-10-02 22:00:00,NASA,Aqua,Verified No fire,SUMSEL MUBA,6751,2023,2023:6751,2023,18175,,,,,,,,False
106.01971,-3.23957,2023-10-02 22:00:00,NASA,Aqua,Verified No fire,SUMSEL,6752,2023,2023:6752,2023,18176,,,,,,,,False
103.45411,-2.2916,2023-10-02 22:00:00,NASA,Aqua,Verified No fire,SUMSEL MUBA,6753,2023,2023:6753,2023,18177,,,,,,,,False
105.73400116,-3.61808133,2023-10-03 00:00:00,LAPAN,SNPP,Fire inside Sitrep,SUMSEL,6754,2023,2023:6754,2023,18178,,,,,,,,False
103.22384644,-2.47930622,2023-10-03 00:00:00,LAPAN,SNPP,Verified No fire,SUMSEL MUBA,6755,2023,2023:6755,2023,18179,,,,,,,,False
105.22190857,-3.09986854,2023-10-03 00:00:00,LAPAN,SNPP,Fire inside Sitrep,SUMSEL,6756,2023,2023:6756,2023,18180,,,,,,,,False
105.55130005,-3.43726563,2023-10-03 00:00:00,LAPAN,SNPP,Fire inside Sitrep,SUMSEL,6757,2023,2023:6757,2023,18181,,,,,,,,False
105.54649353,-3.43648171,2023-10-03 00:00:00,LAPAN,SNPP,Fire inside Sitrep,SUMSEL,6758,2023,2023:6758,2023,18182,,,,,,,,False
105.80558777,-3.61787343,2023-10-03 00:00:00,LAPAN,SNPP,Fire inside Sitrep,SUMSEL,6759,2023,2023:6759,2023,18183,,,,,,,,False
105.30160522,-3.08836389,2023-10-03 00:00:00,LAPAN,SNPP,Fire inside Sitrep,SUMSEL,6760,2023,2023:6760,2023,18184,,,,,,,,False
105.22510529,-3.08003378,2023-10-03 00:00:00,LAPAN,SNPP,Fire inside Sitrep,SUMSEL,6761,2023,2023:6761,2023,18185,,,,,,,,False
103.37960815,-1.20318758,2023-10-03 00:00:00,LAPAN,SNPP,Verified No fire,JAMBI SMF,6762,2023,2023:6762,2023,18186,,,,,,,,False
105.4651413,-3.34284663,2023-10-03 00:00:00,LAPAN,SNPP,Fire inside Sitrep,SUMSEL,6763,2023,2023:6763,2023,18187,,,,,,,,False
105.55205536,-3.74063039,2023-10-03 00:00:00,LAPAN,SNPP,Fire inside Sitrep,SUMSEL,6764,2023,2023:6764,2023,18188,,,,,,,,False
105.69202423,-3.50347519,2023-10-03 00:00:00,LAPAN,SNPP,Fire inside Sitrep,SUMSEL,6765,2023,2023:6765,2023,18189,,,,,,,,False
105.30097198,-3.09231114,2023-10-03 00:00:00,LAPAN,SNPP,Fire inside Sitrep,SUMSEL,6766,2023,2023:6766,2023,18190,,,,,,,,False
105.30223846,-3.08441687,2023-10-03 00:00:00,LAPAN,SNPP,Fire inside Sitrep,SUMSEL,6767,2023,2023:6767,2023,18191,,,,,,,,False
105.22446442,-3.08400083,2023-10-03 00:00:00,LAPAN,SNPP,Fire inside Sitrep,SUMSEL,6768,2023,2023:6768,2023,18192,,,,,,,,False
103.37151337,-1.19241977,2023-10-03 00:00:00,LAPAN,SNPP,Verified No fire,JAMBI SMF,6769,2023,2023:6769,2023,18193,,,,,,,,False
105.55142212,-3.74448013,2023-10-03 00:00:00,LAPAN,SNPP,Fire inside Sitrep,SUMSEL,6770,2023,2023:6770,2023,18194,,,,,,,,False
105.55483246,-3.74230933,2023-10-03 00:00:00,LAPAN,SNPP,Fire inside Sitrep,SUMSEL,6771,2023,2023:6771,2023,18195,,,,,,,,False
105.22319794,-3.09193516,2023-10-03 00:00:00,LAPAN,SNPP,Fire inside Sitrep,SUMSEL,6772,2023,2023:6772,2023,18196,,,,,,,,False
105.22383118,-3.0879674,2023-10-03 00:00:00,LAPAN,SNPP,Fire inside Sitrep,SUMSEL,6773,2023,2023:6773,2023,18197,,,,,,,,False
105.22574615,-3.07606626,2023-10-03 00:00:00,LAPAN,SNPP,Fire inside Sitrep,SUMSEL,6774,2023,2023:6774,2023,18198,,,,,,,,False
105.21938324,-3.083179,2023-10-03 00:00:00,LAPAN,SNPP,Fire inside Sitrep,SUMSEL,6775,2023,2023:6775,2023,18199,,,,,,,,False
105.2314682,-3.07292533,2023-10-03 00:00:00,LAPAN,SNPP,Fire inside Sitrep,SUMSEL,6776,2023,2023:6776,2023,18200,,,,,,,,False
105.71749878,-3.63110399,2023-10-03 00:00:00,LAPAN,SNPP,Fire inside Sitrep,SUMSEL,6777,2023,2023:6777,2023,18201,,,,,,,,False
105.69265747,-3.49964595,2023-10-03 00:00:00,LAPAN,SNPP,Fire inside Sitrep,SUMSEL,6778,2023,2023:6778,2023,18202,,,,,,,,False
105.21746826,-3.09508419,2023-10-03 00:00:00,LAPAN,SNPP,Fire inside Sitrep,SUMSEL,6779,2023,2023:6779,2023,18203,,,,,,,,False
106.02603149,-3.24420452,2023-10-03 00:00:00,LAPAN,SNPP,Fire inside Sitrep,SUMSEL,6780,2023,2023:6780,2023,18204,,,,,,,,False
103.22311401,-2.48388982,2023-10-03 00:00:00,LAPAN,SNPP,Verified No fire,SUMSEL MUBA,6781,2023,2023:6781,2023,18205,,,,,,,,False
105.55006409,-3.74152303,2023-10-03 00:00:00,LAPAN,SNPP,Fire inside Sitrep,SUMSEL,6782,2023,2023:6782,2023,18206,,,,,,,,False
105.21682739,-3.09905219,2023-10-03 00:00:00,LAPAN,SNPP,Fire inside Sitrep,SUMSEL,6783,2023,2023:6783,2023,18207,,,,,,,,False
105.63977051,-3.52662921,2023-10-03 00:00:00,LAPAN,SNPP,Fire inside Sitrep,SUMSEL,6784,2023,2023:6784,2023,18208,,,,,,,,False
105.8009491,-3.61712694,2023-10-03 00:00:00,LAPAN,SNPP,Verified Fire,SUMSEL,6785,2023,2023:6785,2023,18209,,,,,,,,False
105.35219574,-3.17649293,2023-10-03 00:00:00,LAPAN,SNPP,Verified No fire,SUMSEL,6786,2023,2023:6786,2023,18210,,,,,,,,False
106.02664185,-3.24043584,2023-10-03 00:00:00,LAPAN,SNPP,Fire inside Sitrep,SUMSEL,6787,2023,2023:6787,2023,18211,,,,,,,,False
105.23083496,-3.07689095,2023-10-03 00:00:00,LAPAN,SNPP,Verified No fire,SUMSEL,6788,2023,2023:6788,2023,18212,,,,,,,,False
105.29721069,-3.08359981,2023-10-03 00:00:00,LAPAN,SNPP,Fire inside Sitrep,SUMSEL,6789,2023,2023:6789,2023,18213,,,,,,,,False
105.22065735,-3.07524157,2023-10-03 00:00:00,LAPAN,SNPP,Fire inside Sitrep,SUMSEL,6790,2023,2023:6790,2023,18214,,,,,,,,False
105.22637939,-3.07209921,2023-10-03 00:00:00,LAPAN,SNPP,Fire inside Sitrep,SUMSEL,6791,2023,2023:6791,2023,18215,,,,,,,,False
105.29657745,-3.08754897,2023-10-03 00:00:00,LAPAN,SNPP,Fire inside Sitrep,SUMSEL,6792,2023,2023:6792,2023,18216,,,,,,,,False
105.73461914,-3.61426592,2023-10-03 00:00:00,LAPAN,SNPP,Fire inside Sitrep,SUMSEL,6793,2023,2023:6793,2023,18217,,,,,,,,False
105.72994995,-3.61351538,2023-10-03 00:00:00,LAPAN,SNPP,Fire inside Sitrep,SUMSEL,6794,2023,2023:6794,2023,18218,,,,,,,,False
106.03057098,-3.24492741,2023-10-03 00:00:00,LAPAN,SNPP,Verified No fire,SUMSEL,6795,2023,2023:6795,2023,18219,,,,,,,,False
105.2181015,-3.09111524,2023-10-03 00:00:00,LAPAN,SNPP,Fire inside Sitrep,SUMSEL,6796,2023,2023:6796,2023,18220,,,,,,,,False
105.22002411,-3.0792098,2023-10-03 00:00:00,LAPAN,SNPP,Fire inside Sitrep,SUMSEL,6797,2023,2023:6797,2023,18221,,,,,,,,False
105.72932434,-3.61733174,2023-10-03 00:00:00,LAPAN,SNPP,Fire inside Sitrep,SUMSEL,6798,2023,2023:6798,2023,18222,,,,,,,,False
103.38444519,-1.20395041,2023-10-03 00:00:00,LAPAN,SNPP,Verified No fire,JAMBI SMF,6799,2023,2023:6799,2023,18223,,,,,,,,False
105.23019409,-3.08085656,2023-10-03 00:00:00,LAPAN,SNPP,Verified No fire,SUMSEL,6800,2023,2023:6800,2023,18224,,,,,,,,False
105.29397,-3.08724,2023-10-03 10:00:00,NASA,Aqua,Fire inside Sitrep,SUMSEL,6926,2023,2023:6926,2023,18350,,,,,,,,False
105.3152,-3.09024,2023-10-03 10:00:00,NASA,Aqua,Fire inside Sitrep,SUMSEL,6927,2023,2023:6927,2023,18351,,,,,,,,False
105.3101,-3.08623,2023-10-03 10:00:00,NASA,Aqua,Fire inside Sitrep,SUMSEL,6928,2023,2023:6928,2023,18352,,,,,,,,False
105.23079,-3.0783,2023-10-03 10:00:00,NASA,Aqua,Verified No fire,SUMSEL,6929,2023,2023:6929,2023,18353,,,,,,,,False
105.2256,-3.07496,2023-10-03 10:00:00,NASA,Aqua,Fire inside Sitrep,SUMSEL,6930,2023,2023:6930,2023,18354,,,,,,,,False
105.78741,-3.61383,2023-10-03 10:00:00,NASA,Aqua,Fire inside Sitrep,SUMSEL,6931,2023,2023:6931,2023,18355,,,,,,,,False
105.36727,-3.70823,2023-10-03 10:00:00,NASA,Aqua,Fire inside Sitrep,SUMSEL,6932,2023,2023:6932,2023,18356,,,,,,,,False
105.66747,-3.50239,2023-10-04 21:00:00,NASA,Aqua,Fire inside Sitrep,SUMSEL,7448,2023,2023:7448,2023,18872,,,,,,,,False
105.2273,-3.08138,2023-10-04 21:00:00,NASA,Aqua,Fire inside Sitrep,SUMSEL,7449,2023,2023:7449,2023,18873,,,,,,,,False
105.261611938,-2.81220412254,2023-10-04 21:00:00,LAPAN,Aqua,Fire inside Sitrep,SUMSEL,7450,2023,2023:7450,2023,18874,,,,,,,,False
105.667289734,-3.50258517265,2023-10-04 21:00:00,LAPAN,Aqua,Fire inside Sitrep,SUMSEL,7451,2023,2023:7451,2023,18875,,,,,,,,False
105.22089,-3.07617,2023-10-04 21:00:00,NASA,Aqua,Fire inside Sitrep,SUMSEL,7452,2023,2023:7452,2023,18876,,,,,,,,False
105.26175,-2.81202,2023-10-04 21:00:00,NASA,Aqua,Verified Fire,SUMSEL,7453,2023,2023:7453,2023,18877,,,,,,,,False
105.679267883,-3.50096225739,2023-10-04 21:00:00,LAPAN,Aqua,Fire inside Sitrep,SUMSEL,7454,2023,2023:7454,2023,18878,,,,,,,,False
105.67944,-3.50077,2023-10-04 21:00:00,NASA,Aqua,Fire inside Sitrep,SUMSEL,7455,2023,2023:7455,2023,18879,,,,,,,,False
105.220741272,-3.07636094093,2023-10-04 21:00:00,LAPAN,Aqua,Fire inside Sitrep,SUMSEL,7456,2023,2023:7456,2023,18880,,,,,,,,False
105.66943,-3.50724,2023-10-05 10:00:00,NASA,Aqua,Fire inside Sitrep,SUMSEL,7580,2023,2023:7580,2023,19004,,,,,,,,False
105.68069,-3.50886,2023-10-05 10:00:00,NASA,Aqua,Fire inside Sitrep,SUMSEL,7581,2023,2023:7581,2023,19005,,,,,,,,False
105.6708,-3.4973,2023-10-05 10:00:00,NASA,Aqua,Fire inside Sitrep,SUMSEL,7582,2023,2023:7582,2023,19006,,,,,,,,False
105.40054,-3.68483,2023-10-05 10:00:00,NASA,Aqua,Fire inside Sitrep,SUMSEL,7583,2023,2023:7583,2023,19007,,,,,,,,False
105.36388,-3.70961,2023-10-05 10:00:00,NASA,Aqua,Fire inside Sitrep,SUMSEL,7584,2023,2023:7584,2023,19008,,,,,,,,False
105.68204,-3.4989,2023-10-05 10:00:00,NASA,Aqua,Fire inside Sitrep,SUMSEL,7585,2023,2023:7585,2023,19009,,,,,,,,False
105.36030579,-3.74877334,2023-10-05 12:00:00,LAPAN,SNPP,Fire inside Sitrep,SUMSEL,7586,2023,2023:7586,2023,19010,,,,,,,,False
105.36841583,-3.72822547,2023-10-05 12:00:00,LAPAN,SNPP,Fire inside Sitrep,SUMSEL,7587,2023,2023:7587,2023,19011,,,,,,,,False
105.35897827,-3.76584482,2023-10-05 12:00:00,LAPAN,SNPP,Fire inside Sitrep,SUMSEL,7588,2023,2023:7588,2023,19012,,,,,,,,False
105.51049805,-3.72711205,2023-10-05 12:00:00,LAPAN,SNPP,Fire inside Sitrep,SUMSEL,7589,2023,2023:7589,2023,19013,,,,,,,,False
105.3962326,-3.68617153,2023-10-05 12:00:00,LAPAN,SNPP,Fire inside Sitrep,SUMSEL,7590,2023,2023:7590,2023,19014,,,,,,,,False
105.88072205,-3.87674546,2023-10-05 12:00:00,LAPAN,SNPP,Fire inside Sitrep,SUMSEL,7591,2023,2023:7591,2023,19015,,,,,,,,False
105.90595245,-3.86904216,2023-10-05 12:00:00,LAPAN,SNPP,Fire inside Sitrep,SUMSEL,7592,2023,2023:7592,2023,19016,,,,,,,,False
105.30335999,-2.99540091,2023-10-05 12:00:00,LAPAN,SNPP,Fire inside Sitrep,SUMSEL,7593,2023,2023:7593,2023,19017,,,,,,,,False
105.22862244,-3.07363296,2023-10-05 12:00:00,LAPAN,SNPP,Fire inside Sitrep,SUMSEL,7594,2023,2023:7594,2023,19018,,,,,,,,False
105.22444916,-2.9708128,2023-10-05 12:00:00,LAPAN,SNPP,Fire inside Sitrep,SUMSEL,7595,2023,2023:7595,2023,19019,,,,,,,,False
105.27785492,-3.10705304,2023-10-05 12:00:00,LAPAN,SNPP,Fire inside Sitrep,SUMSEL,7596,2023,2023:7596,2023,19020,,,,,,,,False
105.27111816,-3.11223316,2023-10-05 12:00:00,LAPAN,SNPP,Fire inside Sitrep,SUMSEL,7597,2023,2023:7597,2023,19021,,,,,,,,False
105.29246521,-3.13013792,2023-10-05 12:00:00,LAPAN,SNPP,Fire inside Sitrep,SUMSEL,7598,2023,2023:7598,2023,19022,,,,,,,,False
105.3375473,-3.1067915,2023-10-05 12:00:00,LAPAN,SNPP,Fire inside Sitrep,SUMSEL,7599,2023,2023:7599,2023,19023,,,,,,,,False
105.33142853,-3.14119697,2023-10-05 12:00:00,LAPAN,SNPP,Fire inside Sitrep,SUMSEL,7600,2023,2023:7600,2023,19024,,,,,,,,False
105.61980438,-3.23898673,2023-10-05 12:00:00,LAPAN,SNPP,Fire inside Sitrep,SUMSEL,7601,2023,2023:7601,2023,19025,,,,,,,,False
105.51063538,-3.33003306,2023-10-05 12:00:00,LAPAN,SNPP,Fire inside Sitrep,SUMSEL,7602,2023,2023:7602,2023,19026,,,,,,,,False
105.8026123,-3.57287097,2023-10-05 12:00:00,LAPAN,SNPP,Fire inside Sitrep,SUMSEL,7603,2023,2023:7603,2023,19027,,,,,,,,False
105.64493561,-3.52961373,2023-10-05 12:00:00,LAPAN,SNPP,Fire inside Sitrep,SUMSEL,7604,2023,2023:7604,2023,19028,,,,,,,,False
103.3712616,-1.18922019,2023-10-05 12:00:00,LAPAN,SNPP,Verified No fire,JAMBI SMF,7605,2023,2023:7605,2023,19029,,,,,,,,False
105.42681122,-3.33402801,2023-10-05 12:00:00,LAPAN,SNPP,Fire inside Sitrep,SUMSEL,7606,2023,2023:7606,2023,19030,,,,,,,,False
105.42319489,-3.33455849,2023-10-05 12:00:00,LAPAN,SNPP,Fire inside Sitrep,SUMSEL,7607,2023,2023:7607,2023,19031,,,,,,,,False
105.38248444,-3.74557662,2023-10-05 12:00:00,LAPAN,SNPP,Fire inside Sitrep,SUMSEL,7608,2023,2023:7608,2023,19032,,,,,,,,False
105.37639618,-3.72959781,2023-10-05 12:00:00,LAPAN,SNPP,Fire inside Sitrep,SUMSEL,7609,2023,2023:7609,2023,19033,,,,,,,,False
105.37269592,-3.73179841,2023-10-05 12:00:00,LAPAN,SNPP,Fire inside Sitrep,SUMSEL,7610,2023,2023:7610,2023,19034,,,,,,,,False
105.57805634,-3.808079,2023-10-05 12:00:00,LAPAN,SNPP,Fire inside Sitrep,SUMSEL,7611,2023,2023:7611,2023,19035,,,,,,,,False
105.25557709,-2.97875786,2023-10-05 12:00:00,LAPAN,SNPP,Fire inside Sitrep,SUMSEL,7612,2023,2023:7612,2023,19036,,,,,,,,False
105.2225647,-2.98373055,2023-10-05 12:00:00,LAPAN,SNPP,Fire inside Sitrep,SUMSEL,7613,2023,2023:7613,2023,19037,,,,,,,,False
105.21885681,-3.11558485,2023-10-05 12:00:00,LAPAN,SNPP,Fire inside Sitrep,SUMSEL,7614,2023,2023:7614,2023,19038,,,,,,,,False
105.22187042,-3.13624859,2023-10-05 12:00:00,LAPAN,SNPP,Fire inside Sitrep,SUMSEL,7615,2023,2023:7615,2023,19039,,,,,,,,False
105.27725983,-3.10293674,2023-10-05 12:00:00,LAPAN,SNPP,Fire inside Sitrep,SUMSEL,7616,2023,2023:7616,2023,19040,,,,,,,,False
105.27906799,-3.11528444,2023-10-05 12:00:00,LAPAN,SNPP,Fire inside Sitrep,SUMSEL,7617,2023,2023:7617,2023,19041,,,,,,,,False
105.27841187,-3.13640213,2023-10-05 12:00:00,LAPAN,SNPP,Fire inside Sitrep,SUMSEL,7618,2023,2023:7618,2023,19042,,,,,,,,False
105.62038422,-3.21830916,2023-10-05 12:00:00,LAPAN,SNPP,Fire inside Sitrep,SUMSEL,7619,2023,2023:7619,2023,19043,,,,,,,,False
105.62447357,-3.22181845,2023-10-05 12:00:00,LAPAN,SNPP,Fire inside Sitrep,SUMSEL,7620,2023,2023:7620,2023,19044,,,,,,,,False
105.61338806,-3.24406862,2023-10-05 12:00:00,LAPAN,SNPP,Fire inside Sitrep,SUMSEL,7621,2023,2023:7621,2023,19045,,,,,,,,False
105.64318848,-3.51748466,2023-10-05 12:00:00,LAPAN,SNPP,Fire inside Sitrep,SUMSEL,7622,2023,2023:7622,2023,19046,,,,,,,,False
105.72993469,-3.61625171,2023-10-05 12:00:00,LAPAN,SNPP,Fire inside Sitrep,SUMSEL,7623,2023,2023:7623,2023,19047,,,,,,,,False
103.3420105,-1.15170932,2023-10-05 12:00:00,LAPAN,SNPP,Verified No fire,JAMBI SMF,7624,2023,2023:7624,2023,19048,,,,,,,,False
105.44669342,-3.31860113,2023-10-05 12:00:00,LAPAN,SNPP,Fire inside Sitrep,SUMSEL,7625,2023,2023:7625,2023,19049,,,,,,,,False
105.65641785,-3.45712495,2023-10-05 12:00:00,LAPAN,SNPP,Fire inside Sitrep,SUMSEL,7626,2023,2023:7626,2023,19050,,,,,,,,False
105.65055847,-3.46625161,2023-10-05 12:00:00,LAPAN,SNPP,Fire inside Sitrep,SUMSEL,7627,2023,2023:7627,2023,19051,,,,,,,,False
105.65873718,-3.47326517,2023-10-05 12:00:00,LAPAN,SNPP,Fire inside Sitrep,SUMSEL,7628,2023,2023:7628,2023,19052,,,,,,,,False
105.67015839,-3.50529289,2023-10-05 12:00:00,LAPAN,SNPP,Fire inside Sitrep,SUMSEL,7629,2023,2023:7629,2023,19053,,,,,,,,False
105.67717743,-3.50426769,2023-10-05 12:00:00,LAPAN,SNPP,Fire inside Sitrep,SUMSEL,7630,2023,2023:7630,2023,19054,,,,,,,,False
105.25334167,-2.91187787,2023-10-05 12:00:00,LAPAN,SNPP,Fire inside Sitrep,SUMSEL,7631,2023,2023:7631,2023,19055,,,,,,,,False
105.27342224,-2.92152452,2023-10-05 12:00:00,LAPAN,SNPP,Fire inside Sitrep,SUMSEL,7632,2023,2023:7632,2023,19056,,,,,,,,False
105.26473999,-2.71568203,2023-10-05 12:00:00,LAPAN,SNPP,Fire inside Sitrep,SUMSEL,7633,2023,2023:7633,2023,19057,,,,,,,,False
105.65994263,-3.45659685,2023-10-05 12:00:00,LAPAN,SNPP,Fire inside Sitrep,SUMSEL,7634,2023,2023:7634,2023,19058,,,,,,,,False
105.68126678,-3.5077877,2023-10-05 12:00:00,LAPAN,SNPP,Fire inside Sitrep,SUMSEL,7635,2023,2023:7635,2023,19059,,,,,,,,False
105.69178772,-3.506248,2023-10-05 12:00:00,LAPAN,SNPP,Fire inside Sitrep,SUMSEL,7636,2023,2023:7636,2023,19060,,,,,,,,False
105.26836395,-2.7151463,2023-10-05 12:00:00,LAPAN,SNPP,Fire inside Sitrep,SUMSEL,7637,2023,2023:7637,2023,19061,,,,,,,,False
103.49796295,-2.2858336,2023-10-05 12:00:00,LAPAN,SNPP,Verified No fire,SUMSEL MUBA,7638,2023,2023:7638,2023,19062,,,,,,,,False
103.49895477,-2.28115153,2023-10-05 12:00:00,LAPAN,SNPP,Verified No fire,SUMSEL MUBA,7639,2023,2023:7639,2023,19063,,,,,,,,False
103.48390961,-2.28786707,2023-10-05 12:00:00,LAPAN,SNPP,Verified No fire,SUMSEL MUBA,7640,2023,2023:7640,2023,19064,,,,,,,,False
103.48093414,-2.28859282,2023-10-05 12:00:00,LAPAN,SNPP,Verified No fire,SUMSEL MUBA,7641,2023,2023:7641,2023,19065,,,,,,,,False
103.45067596,-2.21325159,2023-10-05 12:00:00,LAPAN,SNPP,Verified No fire,SUMSEL MUBA,7642,2023,2023:7642,2023,19066,,,,,,,,False
103.45676422,-2.22175288,2023-10-05 12:00:00,LAPAN,SNPP,Verified No fire,SUMSEL MUBA,7643,2023,2023:7643,2023,19067,,,,,,,,False
103.47920227,-2.28854728,2023-10-05 12:00:00,LAPAN,SNPP,Verified No fire,SUMSEL MUBA,7644,2023,2023:7644,2023,19068,,,,,,,,False
105.8000946,-3.63460612,2023-10-05 12:00:00,LAPAN,SNPP,Fire inside Sitrep,SUMSEL,7645,2023,2023:7645,2023,19069,,,,,,,,False
103.46276093,-2.29606986,2023-10-05 12:00:00,LAPAN,SNPP,Verified No fire,SUMSEL MUBA,7646,2023,2023:7646,2023,19070,,,,,,,,False
105.23591614,-3.09783363,2023-10-05 12:00:00,LAPAN,SNPP,Fire inside Sitrep,SUMSEL,7647,2023,2023:7647,2023,19071,,,,,,,,False
105.88321686,-3.87456703,2023-10-05 12:00:00,LAPAN,SNPP,Fire inside Sitrep,SUMSEL,7648,2023,2023:7648,2023,19072,,,,,,,,False
105.37210846,-3.72599792,2023-10-05 12:00:00,LAPAN,SNPP,Fire inside Sitrep,SUMSEL,7649,2023,2023:7649,2023,19073,,,,,,,,False
105.37879181,-3.74610901,2023-10-05 12:00:00,LAPAN,SNPP,Fire inside Sitrep,SUMSEL,7650,2023,2023:7650,2023,19074,,,,,,,,False
105.36340332,-3.7441082,2023-10-05 12:00:00,LAPAN,SNPP,Fire inside Sitrep,SUMSEL,7651,2023,2023:7651,2023,19075,,,,,,,,False
105.42622375,-3.3299377,2023-10-05 12:00:00,LAPAN,SNPP,Fire inside Sitrep,SUMSEL,7652,2023,2023:7652,2023,19076,,,,,,,,False
105.51005554,-3.32596612,2023-10-05 12:00:00,LAPAN,SNPP,Verified No fire,SUMSEL,7653,2023,2023:7653,2023,19077,,,,,,,,False
105.62915802,-3.22935414,2023-10-05 12:00:00,LAPAN,SNPP,Fire inside Sitrep,SUMSEL,7654,2023,2023:7654,2023,19078,,,,,,,,False
105.33027649,-3.10784745,2023-10-05 12:00:00,LAPAN,SNPP,Fire inside Sitrep,SUMSEL,7655,2023,2023:7655,2023,19079,,,,,,,,False
105.22553253,-3.07831168,2023-10-05 12:00:00,LAPAN,SNPP,Fire inside Sitrep,SUMSEL,7656,2023,2023:7656,2023,19080,,,,,,,,False
103.46170044,-2.30048203,2023-10-05 12:00:00,LAPAN,SNPP,Verified No fire,SUMSEL MUBA,7657,2023,2023:7657,2023,19081,,,,,,,,False
103.48696899,-2.26420116,2023-10-05 12:00:00,LAPAN,SNPP,Verified No fire,SUMSEL MUBA,7658,2023,2023:7658,2023,19082,,,,,,,,False
105.37638092,-3.73124266,2023-10-05 12:00:00,LAPAN,SNPP,Fire inside Sitrep,SUMSEL,7659,2023,2023:7659,2023,19083,,,,,,,,False
105.57086182,-3.8091085,2023-10-05 12:00:00,LAPAN,SNPP,Fire inside Sitrep,SUMSEL,7660,2023,2023:7660,2023,19084,,,,,,,,False
105.38557434,-3.74091887,2023-10-05 12:00:00,LAPAN,SNPP,Fire inside Sitrep,SUMSEL,7661,2023,2023:7661,2023,19085,,,,,,,,False
105.39920807,-3.70676279,2023-10-05 12:00:00,LAPAN,SNPP,Fire inside Sitrep,SUMSEL,7662,2023,2023:7662,2023,19086,,,,,,,,False
105.57030487,-3.81006217,2023-10-05 12:00:00,LAPAN,SNPP,Fire inside Sitrep,SUMSEL,7663,2023,2023:7663,2023,19087,,,,,,,,False
105.22006989,-3.12384963,2023-10-05 12:00:00,LAPAN,SNPP,Fire inside Sitrep,SUMSEL,7664,2023,2023:7664,2023,19088,,,,,,,,False
105.23899841,-3.09315181,2023-10-05 12:00:00,LAPAN,SNPP,Fire inside Sitrep,SUMSEL,7665,2023,2023:7665,2023,19089,,,,,,,,False
103.46347046,-2.30066419,2023-10-05 12:00:00,LAPAN,SNPP,Verified No fire,SUMSEL MUBA,7666,2023,2023:7666,2023,19090,,,,,,,,False
103.6112442,-2.27335596,2023-10-05 12:00:00,LAPAN,SNPP,Verified No fire,SUMSEL MUBA,7667,2023,2023:7667,2023,19091,,,,,,,,False
103.46099091,-2.29588366,2023-10-05 12:00:00,LAPAN,SNPP,Verified No fire,SUMSEL MUBA,7668,2023,2023:7668,2023,19092,,,,,,,,False
105.88703918,-3.88400507,2023-10-05 12:00:00,LAPAN,SNPP,Fire inside Sitrep,SUMSEL,7669,2023,2023:7669,2023,19093,,,,,,,,False
105.2674408,-3.11276555,2023-10-05 12:00:00,LAPAN,SNPP,Fire inside Sitrep,SUMSEL,7670,2023,2023:7670,2023,19094,,,,,,,,False
105.29402924,-3.0848527,2023-10-05 12:00:00,LAPAN,SNPP,Fire inside Sitrep,SUMSEL,7671,2023,2023:7671,2023,19095,,,,,,,,False
105.22684479,-2.98729825,2023-10-05 12:00:00,LAPAN,SNPP,Fire inside Sitrep,SUMSEL,7672,2023,2023:7672,2023,19096,,,,,,,,False
105.65846252,-3.47402453,2023-10-05 12:00:00,LAPAN,SNPP,Fire inside Sitrep,SUMSEL,7673,2023,2023:7673,2023,19097,,,,,,,,False
105.26895905,-2.71924067,2023-10-05 12:00:00,LAPAN,SNPP,Fire inside Sitrep,SUMSEL,7674,2023,2023:7674,2023,19098,,,,,,,,False
105.37270355,-3.73012686,2023-10-05 12:00:00,LAPAN,SNPP,Fire inside Sitrep,SUMSEL,7675,2023,2023:7675,2023,19099,,,,,,,,False
105.57749176,-3.80898046,2023-10-05 12:00:00,LAPAN,SNPP,Fire inside Sitrep,SUMSEL,7676,2023,2023:7676,2023,19100,,,,,,,,False
105.50231171,-3.32294965,2023-10-05 12:00:00,LAPAN,SNPP,Verified No fire,SUMSEL,7677,2023,2023:7677,2023,19101,,,,,,,,False
105.50588989,-3.32242441,2023-10-05 12:00:00,LAPAN,SNPP,Verified No fire,SUMSEL,7678,2023,2023:7678,2023,19102,,,,,,,,False
105.65254974,-3.53261781,2023-10-05 12:00:00,LAPAN,SNPP,Fire inside Sitrep,SUMSEL,7679,2023,2023:7679,2023,19103,,,,,,,,False
105.67194366,-3.49267554,2023-10-05 12:00:00,LAPAN,SNPP,Fire inside Sitrep,SUMSEL,7680,2023,2023:7680,2023,19104,,,,,,,,False
105.80355072,-3.63409305,2023-10-05 12:00:00,LAPAN,SNPP,Fire inside Sitrep,SUMSEL,7681,2023,2023:7681,2023,19105,,,,,,,,False
105.64234161,-3.45923662,2023-10-05 12:00:00,LAPAN,SNPP,Fire inside Sitrep,SUMSEL,7682,2023,2023:7682,2023,19106,,,,,,,,False
105.67366791,-3.50478005,2023-10-05 12:00:00,LAPAN,SNPP,Fire inside Sitrep,SUMSEL,7683,2023,2023:7683,2023,19107,,,,,,,,False
105.39563751,-3.68205261,2023-10-05 12:00:00,LAPAN,SNPP,Fire inside Sitrep,SUMSEL,7684,2023,2023:7684,2023,19108,,,,,,,,False
105.36901093,-3.73065519,2023-10-05 12:00:00,LAPAN,SNPP,Fire inside Sitrep,SUMSEL,7685,2023,2023:7685,2023,19109,,,,,,,,False
105.35970306,-3.74464059,2023-10-05 12:00:00,LAPAN,SNPP,Fire inside Sitrep,SUMSEL,7686,2023,2023:7686,2023,19110,,,,,,,,False
105.37210083,-3.72767091,2023-10-05 12:00:00,LAPAN,SNPP,Fire inside Sitrep,SUMSEL,7687,2023,2023:7687,2023,19111,,,,,,,,False
105.22492981,-3.07418394,2023-10-05 12:00:00,LAPAN,SNPP,Fire inside Sitrep,SUMSEL,7688,2023,2023:7688,2023,19112,,,,,,,,False
105.23959351,-3.09727693,2023-10-05 12:00:00,LAPAN,SNPP,Fire inside Sitrep,SUMSEL,7689,2023,2023:7689,2023,19113,,,,,,,,False
105.39730072,-3.2597599,2023-10-05 12:00:00,LAPAN,SNPP,Fire inside Sitrep,SUMSEL,7690,2023,2023:7690,2023,19114,,,,,,,,False
105.62097168,-3.22233963,2023-10-05 12:00:00,LAPAN,SNPP,Fire inside Sitrep,SUMSEL,7691,2023,2023:7691,2023,19115,,,,,,,,False
105.26412964,-2.71158791,2023-10-05 12:00:00,LAPAN,SNPP,Fire inside Sitrep,SUMSEL,7692,2023,2023:7692,2023,19116,,,,,,,,False
105.68478394,-3.50727391,2023-10-05 12:00:00,LAPAN,SNPP,Fire inside Sitrep,SUMSEL,7693,2023,2023:7693,2023,19117,,,,,,,,False
105.78623962,-3.66125679,2023-10-05 12:00:00,LAPAN,SNPP,Fire inside Sitrep,SUMSEL,7694,2023,2023:7694,2023,19118,,,,,,,,False
105.7276001,-3.62481809,2023-10-05 12:00:00,LAPAN,SNPP,Fire inside Sitrep,SUMSEL,7695,2023,2023:7695,2023,19119,,,,,,,,False
105.68068695,-3.50375509,2023-10-05 12:00:00,LAPAN,SNPP,Fire inside Sitrep,SUMSEL,7696,2023,2023:7696,2023,19120,,,,,,,,False
103.48022461,-2.28400302,2023-10-05 12:00:00,LAPAN,SNPP,Verified No fire,SUMSEL MUBA,7697,2023,2023:7697,2023,19121,,,,,,,,False
105.27101898,-2.90510297,2023-10-05 12:00:00,LAPAN,SNPP,Fire inside Sitrep,SUMSEL,7698,2023,2023:7698,2023,19122,,,,,,,,False
105.50706482,-3.33055997,2023-10-05 12:00:00,LAPAN,SNPP,Fire inside Sitrep,SUMSEL,7699,2023,2023:7699,2023,19123,,,,,,,,False
105.37579346,-3.72711635,2023-10-05 12:00:00,LAPAN,SNPP,Fire inside Sitrep,SUMSEL,7700,2023,2023:7700,2023,19124,,,,,,,,False
105.30538177,-3.09048867,2023-10-05 12:00:00,LAPAN,SNPP,Fire inside Sitrep,SUMSEL,7701,2023,2023:7701,2023,19125,,,,,,,,False
105.33083344,-3.13709402,2023-10-05 12:00:00,LAPAN,SNPP,Fire inside Sitrep,SUMSEL,7702,2023,2023:7702,2023,19126,,,,,,,,False
105.25498199,-2.97464418,2023-10-05 12:00:00,LAPAN,SNPP,Fire inside Sitrep,SUMSEL,7703,2023,2023:7703,2023,19127,,,,,,,,False
105.22316742,-2.9878521,2023-10-05 12:00:00,LAPAN,SNPP,Fire inside Sitrep,SUMSEL,7704,2023,2023:7704,2023,19128,,,,,,,,False
105.64903259,-3.53313756,2023-10-05 12:00:00,LAPAN,SNPP,Fire inside Sitrep,SUMSEL,7705,2023,2023:7705,2023,19129,,,,,,,,False
105.64608002,-3.53770137,2023-10-05 12:00:00,LAPAN,SNPP,Fire inside Sitrep,SUMSEL,7706,2023,2023:7706,2023,19130,,,,,,,,False
105.27257538,-2.71870399,2023-10-05 12:00:00,LAPAN,SNPP,Fire inside Sitrep,SUMSEL,7707,2023,2023:7707,2023,19131,,,,,,,,False
105.26976776,-2.92206073,2023-10-05 12:00:00,LAPAN,SNPP,Fire inside Sitrep,SUMSEL,7708,2023,2023:7708,2023,19132,,,,,,,,False
105.90840149,-3.86668825,2023-10-05 12:00:00,LAPAN,SNPP,Fire inside Sitrep,SUMSEL,7709,2023,2023:7709,2023,19133,,,,,,,,False
103.46643829,-2.299793,2023-10-05 12:00:00,LAPAN,SNPP,Verified No fire,SUMSEL MUBA,7710,2023,2023:7710,2023,19134,,,,,,,,False
105.27780151,-3.13228559,2023-10-05 12:00:00,LAPAN,SNPP,Fire inside Sitrep,SUMSEL,7711,2023,2023:7711,2023,19135,,,,,,,,False
105.23474,-3.09456,2023-10-05 22:00:00,NASA,Aqua,Fire inside Sitrep,SUMSEL,7996,2023,2023:7996,2023,19420,,,,,,,,False
103.47184,-2.28495,2023-10-05 22:00:00,NASA,Aqua,Verified No fire,SUMSEL MUBA,7997,2023,2023:7997,2023,19421,,,,,,,,False
103.48672,-2.28285,2023-10-05 22:00:00,NASA,Aqua,Verified No fire,SUMSEL MUBA,7998,2023,2023:7998,2023,19422,,,,,,,,False
105.32355,-3.10684,2023-10-05 22:00:00,NASA,Aqua,Fire inside Sitrep,SUMSEL,7999,2023,2023:7999,2023,19423,,,,,,,,False
103.47735,-2.28362,2023-10-05 22:00:00,NASA,Aqua,Verified No fire,SUMSEL MUBA,8000,2023,2023:8000,2023,19424,,,,,,,,False
105.24159,-3.09169,2023-10-06 01:00:00,NASA,Aqua,Verified No fire,SUMSEL,8055,2023,2023:8055,2023,19479,,,,,,,,False
105.23718,-3.08396,2023-10-06 01:00:00,NASA,Aqua,Verified No fire,SUMSEL,8098,2023,2023:8098,2023,19522,,,,,,,,False
105.367385864,-3.75022435188,2023-10-06 13:00:00,LAPAN,Aqua,Fire inside Sitrep,SUMSEL,8255,2023,2023:8255,2023,19679,,,,,,,,False
105.358482361,-3.75150990486,2023-10-06 13:00:00,LAPAN,Aqua,Fire inside Sitrep,SUMSEL,8604,2023,2023:8604,2023,20028,,,,,,,,False
105.22958374,-3.08928966522,2023-10-06 21:00:00,LAPAN,Aqua,Verified No fire,SUMSEL,8646,2023,2023:8646,2023,20070,,,,,,,,False
103.48487,-2.28674,2023-10-06 21:00:00,NASA,Aqua,Verified No fire,SUMSEL MUBA,8647,2023,2023:8647,2023,20071,,,,,,,,False
103.48804,-2.27575,2023-10-06 21:00:00,NASA,Aqua,Verified No fire,SUMSEL MUBA,8648,2023,2023:8648,2023,20072,,,,,,,,False
103.48257,-2.27018,2023-10-06 21:00:00,NASA,Aqua,Verified No fire,SUMSEL MUBA,8649,2023,2023:8649,2023,20073,,,,,,,,False
105.22997,-3.08905,2023-10-06 21:00:00,NASA,Aqua,Verified No fire,SUMSEL,8650,2023,2023:8650,2023,20074,,,,,,,,False
103.481613159,-2.27050495148,2023-10-06 21:00:00,LAPAN,Aqua,Verified No fire,SUMSEL MUBA,8651,2023,2023:8651,2023,20075,,,,,,,,False
103.483856201,-2.28707551956,2023-10-06 21:00:00,LAPAN,Aqua,Verified No fire,SUMSEL MUBA,8652,2023,2023:8652,2023,20076,,,,,,,,False
105.66961,-3.50606,2023-10-07 09:00:00,NASA,Aqua,Fire inside Sitrep,SUMSEL,8931,2023,2023:8931,2023,20355,,,,,,,,False
105.28364,-2.70226,2023-10-07 09:00:00,NASA,Aqua,Fire inside Sitrep,SUMSEL,8932,2023,2023:8932,2023,20356,,,,,,,,False
105.67873,-3.5074,2023-10-07 09:00:00,NASA,Aqua,Fire inside Sitrep,SUMSEL,8933,2023,2023:8933,2023,20357,,,,,,,,False
105.36316,-3.747,2023-10-07 09:00:00,NASA,Aqua,Fire inside Sitrep,SUMSEL,8934,2023,2023:8934,2023,20358,,,,,,,,False
105.23486,-3.07328,2023-10-07 09:00:00,NASA,Aqua,Verified No fire,SUMSEL,8935,2023,2023:8935,2023,20359,,,,,,,,False
105.23225,-3.09163,2023-10-07 09:00:00,NASA,Aqua,Verified No fire,SUMSEL,8936,2023,2023:8936,2023,20360,,,,,,,,False
105.63026,-3.10371,2023-10-07 09:00:00,NASA,Aqua,Fire inside Sitrep,SUMSEL,8937,2023,2023:8937,2023,20361,,,,,,,,False
105.65408,-3.5498,2023-10-07 09:00:00,NASA,Aqua,Fire inside Sitrep,SUMSEL,8938,2023,2023:8938,2023,20362,,,,,,,,False
103.48396,-2.28253,2023-10-07 09:00:00,NASA,Aqua,Verified No fire,SUMSEL MUBA,8939,2023,2023:8939,2023,20363,,,,,,,,False
103.48931885,-2.26082492,2023-10-07 13:00:00,LAPAN,NOAA20,Verified No fire,SUMSEL MUBA,8952,2023,2023:8952,2023,20376,,,,,,,,False
104.18192291,-1.78255153,2023-10-07 13:00:00,LAPAN,NOAA20,Verified No fire,SUMSEL MUBA,9004,2023,2023:9004,2023,20428,,,,,,,,False
104.1824,-1.78198,2023-10-07 13:00:00,NASA,NOAA20,Verified No fire,SUMSEL MUBA,9041,2023,2023:9041,2023,20465,,,,,,,,False
103.48988,-2.26021,2023-10-07 13:00:00,NASA,NOAA20,Verified No fire,SUMSEL MUBA,9119,2023,2023:9119,2023,20543,,,,,,,,False
103.52084351,-1.21015942,2023-10-07 13:00:00,LAPAN,NOAA20,Verified Fire,JAMBI SMF,9139,2023,2023:9139,2023,20563,,,,,,,,False
103.52136,-1.20956,2023-10-07 13:00:00,NASA,NOAA20,Verified No fire,JAMBI SMF,9155,2023,2023:9155,2023,20579,,,,,,,,False
103.47473,-2.25883,2023-10-07 22:00:00,NASA,Aqua,Verified No fire,SUMSEL MUBA,9305,2023,2023:9305,2023,20729,,,,,,,,False
103.444107056,-2.29969620705,2023-10-07 22:00:00,LAPAN,Aqua,Verified No fire,SUMSEL MUBA,9306,2023,2023:9306,2023,20730,,,,,,,,False
103.453025818,-2.29844260216,2023-10-07 22:00:00,LAPAN,Aqua,Verified No fire,SUMSEL MUBA,9307,2023,2023:9307,2023,20731,,,,,,,,False
103.45304,-2.29827,2023-10-07 22:00:00,NASA,Aqua,Verified No fire,SUMSEL MUBA,9308,2023,2023:9308,2023,20732,,,,,,,,False
103.492576599,-2.25648403168,2023-10-07 22:00:00,LAPAN,Aqua,Verified No fire,SUMSEL MUBA,9309,2023,2023:9309,2023,20733,,,,,,,,False
105.234291077,-3.09833741188,2023-10-07 22:00:00,LAPAN,Aqua,Fire inside Sitrep,SUMSEL,9310,2023,2023:9310,2023,20734,,,,,,,,False
103.46196,-2.29701,2023-10-07 22:00:00,NASA,Aqua,Verified No fire,SUMSEL MUBA,9311,2023,2023:9311,2023,20735,,,,,,,,False
103.461952209,-2.29718852043,2023-10-07 22:00:00,LAPAN,Aqua,Verified No fire,SUMSEL MUBA,9312,2023,2023:9312,2023,20736,,,,,,,,False
103.49257,-2.25631,2023-10-07 22:00:00,NASA,Aqua,Verified No fire,SUMSEL MUBA,9313,2023,2023:9313,2023,20737,,,,,,,,False
105.23431,-3.09816,2023-10-07 22:00:00,NASA,Aqua,Fire inside Sitrep,SUMSEL,9314,2023,2023:9314,2023,20738,,,,,,,,False
105.66762,-3.51083,2023-10-07 22:00:00,NASA,Aqua,Fire inside Sitrep,SUMSEL,9315,2023,2023:9315,2023,20739,,,,,,,,False
105.23294,-3.08871,2023-10-07 22:00:00,NASA,Aqua,Fire inside Sitrep,SUMSEL,9316,2023,2023:9316,2023,20740,,,,,,,,False
105.222824097,-3.09030938148,2023-10-07 22:00:00,LAPAN,Aqua,Fire inside Sitrep,SUMSEL,9317,2023,2023:9317,2023,20741,,,,,,,,False
105.542167664,-3.7329993248,2023-10-07 22:00:00,LAPAN,Aqua,Fire inside Sitrep,SUMSEL,9318,2023,2023:9318,2023,20742,,,,,,,,False
105.54219,-3.73282,2023-10-07 22:00:00,NASA,Aqua,Fire inside Sitrep,SUMSEL,9319,2023,2023:9319,2023,20743,,,,,,,,False
105.66556,-3.57011,2023-10-07 22:00:00,NASA,Aqua,Fire inside Sitrep,SUMSEL,9320,2023,2023:9320,2023,20744,,,,,,,,False
105.65224,-3.55236,2023-10-07 22:00:00,NASA,Aqua,Fire inside Sitrep,SUMSEL,9321,2023,2023:9321,2023,20745,,,,,,,,False
105.676048279,-3.568795681,2023-10-07 22:00:00,LAPAN,Aqua,Fire inside Sitrep,SUMSEL,9322,2023,2023:9322,2023,20746,,,,,,,,False
105.66274,-3.55086,2023-10-07 22:00:00,NASA,Aqua,Fire inside Sitrep,SUMSEL,9323,2023,2023:9323,2023,20747,,,,,,,,False
105.67608,-3.56862,2023-10-07 22:00:00,NASA,Aqua,Fire inside Sitrep,SUMSEL,9324,2023,2023:9324,2023,20748,,,,,,,,False
103.44411,-2.29952,2023-10-07 22:00:00,NASA,Aqua,Verified No fire,SUMSEL MUBA,9325,2023,2023:9325,2023,20749,,,,,,,,False
105.232925415,-3.08888792992,2023-10-07 22:00:00,LAPAN,Aqua,Fire inside Sitrep,SUMSEL,9326,2023,2023:9326,2023,20750,,,,,,,,False
105.667625427,-3.51100301743,2023-10-07 22:00:00,LAPAN,Aqua,Fire inside Sitrep,SUMSEL,9327,2023,2023:9327,2023,20751,,,,,,,,False
104.154747009,-1.79404473305,2023-10-07 22:00:00,LAPAN,Aqua,Verified No fire,SUMSEL MUBA,9328,2023,2023:9328,2023,20752,,,,,,,,False
103.48364,-2.25757,2023-10-07 22:00:00,NASA,Aqua,Verified No fire,SUMSEL MUBA,9329,2023,2023:9329,2023,20753,,,,,,,,False
105.531867981,-3.73448467255,2023-10-07 22:00:00,LAPAN,Aqua,Fire inside Sitrep,SUMSEL,9330,2023,2023:9330,2023,20754,,,,,,,,False
103.474716187,-2.25900697708,2023-10-07 22:00:00,LAPAN,Aqua,Verified No fire,SUMSEL MUBA,9331,2023,2023:9331,2023,20755,,,,,,,,False
105.53188,-3.73431,2023-10-07 22:00:00,NASA,Aqua,Fire inside Sitrep,SUMSEL,9332,2023,2023:9332,2023,20756,,,,,,,,False
105.23021,-3.06981,2023-10-07 22:00:00,NASA,Aqua,Fire inside Sitrep,SUMSEL,9333,2023,2023:9333,2023,20757,,,,,,,,False
105.665527344,-3.5702893734,2023-10-07 22:00:00,LAPAN,Aqua,Fire inside Sitrep,SUMSEL,9334,2023,2023:9334,2023,20758,,,,,,,,False
105.22285,-3.09013,2023-10-07 22:00:00,NASA,Aqua,Fire inside Sitrep,SUMSEL,9335,2023,2023:9335,2023,20759,,,,,,,,False
104.15472,-1.79388,2023-10-07 22:00:00,NASA,Aqua,Verified No fire,SUMSEL MUBA,9336,2023,2023:9336,2023,20760,,,,,,,,False
103.47727,-2.27667,2023-10-07 22:00:00,NASA,Aqua,Verified No fire,SUMSEL MUBA,9337,2023,2023:9337,2023,20761,,,,,,,,False
103.483642578,-2.2577457428,2023-10-07 22:00:00,LAPAN,Aqua,Verified No fire,SUMSEL MUBA,9338,2023,2023:9338,2023,20762,,,,,,,,False
105.230186462,-3.06998872757,2023-10-07 22:00:00,LAPAN,Aqua,Fire inside Sitrep,SUMSEL,9339,2023,2023:9339,2023,20763,,,,,,,,False
105.54427,-3.43675,2023-10-07 22:00:00,NASA,Aqua,Fire inside Sitrep,SUMSEL,9340,2023,2023:9340,2023,20764,,,,,,,,False
103.477256775,-2.27684307098,2023-10-07 22:00:00,LAPAN,Aqua,Verified No fire,SUMSEL MUBA,9341,2023,2023:9341,2023,20765,,,,,,,,False
105.51437,-3.35129,2023-10-08 10:00:00,NASA,Aqua,Fire inside Sitrep,SUMSEL,9572,2023,2023:9572,2023,20996,,,,,,,,False
105.70502,-3.57511,2023-10-08 10:00:00,NASA,Aqua,Fire inside Sitrep,SUMSEL,9573,2023,2023:9573,2023,20997,,,,,,,,False
105.54633,-3.35562,2023-10-08 10:00:00,NASA,Aqua,Fire inside Sitrep,SUMSEL,9574,2023,2023:9574,2023,20998,,,,,,,,False
103.64848,-1.38546,2023-10-08 10:00:00,NASA,Aqua,Verified No fire,JAMBI SMF,9575,2023,2023:9575,2023,20999,,,,,,,,False
105.67185,-3.57061,2023-10-08 10:00:00,NASA,Aqua,Fire inside Sitrep,SUMSEL,9576,2023,2023:9576,2023,21000,,,,,,,,False
103.87602,-2.1086,2023-10-08 10:00:00,NASA,Aqua,Verified No fire,SUMSEL MUBA,9577,2023,2023:9577,2023,21001,,,,,,,,False
105.67393,-3.55453,2023-10-08 10:00:00,NASA,Aqua,Fire inside Sitrep,SUMSEL,9578,2023,2023:9578,2023,21002,,,,,,,,False
105.736747742,-3.54756140709,2023-10-09 01:00:00,LAPAN,Aqua,Fire inside Sitrep,SUMSEL,10005,2023,2023:10005,2023,21429,,,,,,,,False
105.689308167,-3.56090474129,2023-10-09 01:00:00,LAPAN,Aqua,Fire inside Sitrep,SUMSEL,10006,2023,2023:10006,2023,21430,,,,,,,,False
105.735343933,-3.55750465393,2023-10-09 01:00:00,LAPAN,Aqua,Fire inside Sitrep,SUMSEL,10011,2023,2023:10011,2023,21435,,,,,,,,False
102.82950592,-1.15631425381,2023-10-09 01:00:00,LAPAN,Aqua,Verified No fire,JAMBI SMF,10013,2023,2023:10013,2023,21437,,,,,,,,False
103.27230835,-2.49529600143,2023-10-09 01:00:00,LAPAN,Aqua,Verified No fire,SUMSEL MUBA,10016,2023,2023:10016,2023,21440,,,,,,,,False
105.700439453,-3.56253671646,2023-10-09 01:00:00,LAPAN,Aqua,Fire inside Sitrep,SUMSEL,10022,2023,2023:10022,2023,21446,,,,,,,,False
105.724151611,-3.55587244034,2023-10-09 01:00:00,LAPAN,Aqua,Fire inside Sitrep,SUMSEL,10027,2023,2023:10027,2023,21451,,,,,,,,False
103.64433,-1.37385,2023-10-09 09:00:00,NASA,Aqua,Verified No fire,JAMBI SMF,10040,2023,2023:10040,2023,21464,,,,,,,,False
104.15717,-1.7936,2023-10-09 21:00:00,NASA,Aqua,Verified Fire,SUMSEL MUBA,10105,2023,2023:10105,2023,21529,,,,,,,,False
104.156951904,-1.79380822182,2023-10-09 21:00:00,LAPAN,Aqua,Verified Fire,SUMSEL MUBA,10106,2023,2023:10106,2023,21530,,,,,,,,False
105.509002686,-3.35632991791,2023-10-09 21:00:00,LAPAN,Aqua,Fire inside Sitrep,SUMSEL,10107,2023,2023:10107,2023,21531,,,,,,,,False
105.23097,-3.09263,2023-10-09 21:00:00,NASA,Aqua,Fire inside Sitrep,SUMSEL,10108,2023,2023:10108,2023,21532,,,,,,,,False
105.240638733,-3.09145021439,2023-10-09 21:00:00,LAPAN,Aqua,Fire inside Sitrep,SUMSEL,10109,2023,2023:10109,2023,21533,,,,,,,,False
105.64677,-3.55871,2023-10-09 21:00:00,NASA,Aqua,Fire inside Sitrep,SUMSEL,10110,2023,2023:10110,2023,21534,,,,,,,,False
105.54551,-3.4074,2023-10-09 21:00:00,NASA,Aqua,Fire inside Sitrep,SUMSEL,10111,2023,2023:10111,2023,21535,,,,,,,,False
105.24074,-3.09126,2023-10-09 21:00:00,NASA,Aqua,Fire inside Sitrep,SUMSEL,10112,2023,2023:10112,2023,21536,,,,,,,,False
105.22836,-3.07402,2023-10-09 21:00:00,NASA,Aqua,Fire inside Sitrep,SUMSEL,10113,2023,2023:10113,2023,21537,,,,,,,,False
105.647979736,-3.56807041168,2023-10-09 21:00:00,LAPAN,Aqua,Fire inside Sitrep,SUMSEL,10114,2023,2023:10114,2023,21538,,,,,,,,False
105.646690369,-3.55889558792,2023-10-09 21:00:00,LAPAN,Aqua,Fire inside Sitrep,SUMSEL,10115,2023,2023:10115,2023,21539,,,,,,,,False
105.53813,-3.73908,2023-10-09 21:00:00,NASA,Aqua,Fire inside Sitrep,SUMSEL,10116,2023,2023:10116,2023,21540,,,,,,,,False
105.528419495,-3.74059963226,2023-10-09 21:00:00,LAPAN,Aqua,Fire inside Sitrep,SUMSEL,10117,2023,2023:10117,2023,21541,,,,,,,,False
102.766387939,-1.25984752178,2023-10-09 21:00:00,LAPAN,Aqua,Verified No fire,JAMBI SMF,10118,2023,2023:10118,2023,21542,,,,,,,,False
105.45942,-3.63909,2023-10-09 21:00:00,NASA,Aqua,Fire inside Sitrep,SUMSEL,10119,2023,2023:10119,2023,21543,,,,,,,,False
105.26154,-3.09781,2023-10-09 21:00:00,NASA,Aqua,Fire inside Sitrep,SUMSEL,10120,2023,2023:10120,2023,21544,,,,,,,,False
105.64806,-3.56788,2023-10-09 21:00:00,NASA,Aqua,Fire inside Sitrep,SUMSEL,10121,2023,2023:10121,2023,21545,,,,,,,,False
105.538047791,-3.73927283287,2023-10-09 21:00:00,LAPAN,Aqua,Fire inside Sitrep,SUMSEL,10122,2023,2023:10122,2023,21546,,,,,,,,False
105.63728,-3.56002,2023-10-09 21:00:00,NASA,Aqua,Fire inside Sitrep,SUMSEL,10123,2023,2023:10123,2023,21547,,,,,,,,False
105.228271484,-3.07421541214,2023-10-09 21:00:00,LAPAN,Aqua,Fire inside Sitrep,SUMSEL,10124,2023,2023:10124,2023,21548,,,,,,,,False
105.54704,-3.44302,2023-10-09 21:00:00,NASA,Aqua,Fire inside Sitrep,SUMSEL,10125,2023,2023:10125,2023,21549,,,,,,,,False
105.546936035,-3.44321513176,2023-10-09 21:00:00,LAPAN,Aqua,Fire inside Sitrep,SUMSEL,10126,2023,2023:10126,2023,21550,,,,,,,,False
105.230873108,-3.0928208828,2023-10-09 21:00:00,LAPAN,Aqua,Fire inside Sitrep,SUMSEL,10127,2023,2023:10127,2023,21551,,,,,,,,False
104.155586243,-1.7840886116,2023-10-09 21:00:00,LAPAN,Aqua,Verified Fire,SUMSEL MUBA,10128,2023,2023:10128,2023,21552,,,,,,,,False
105.50909,-3.35614,2023-10-09 21:00:00,NASA,Aqua,Fire inside Sitrep,SUMSEL,10129,2023,2023:10129,2023,21553,,,,,,,,False
105.637199402,-3.5602145195,2023-10-09 21:00:00,LAPAN,Aqua,Fire inside Sitrep,SUMSEL,10130,2023,2023:10130,2023,21554,,,,,,,,False
104.15581,-1.78388,2023-10-09 21:00:00,NASA,Aqua,Verified Fire,SUMSEL MUBA,10131,2023,2023:10131,2023,21555,,,,,,,,False
105.49951,-3.35746,2023-10-09 21:00:00,NASA,Aqua,Fire inside Sitrep,SUMSEL,10132,2023,2023:10132,2023,21556,,,,,,,,False
105.52852,-3.74041,2023-10-09 21:00:00,NASA,Aqua,Fire inside Sitrep,SUMSEL,10133,2023,2023:10133,2023,21557,,,,,,,,False
102.76811,-1.25943,2023-10-09 21:00:00,NASA,Aqua,Verified No fire,JAMBI SMF,10134,2023,2023:10134,2023,21558,,,,,,,,False
105.545646667,-3.43401098251,2023-10-09 21:00:00,LAPAN,Aqua,Fire inside Sitrep,SUMSEL,10135,2023,2023:10135,2023,21559,,,,,,,,False
105.261436462,-3.09800291061,2023-10-09 21:00:00,LAPAN,Aqua,Fire inside Sitrep,SUMSEL,10136,2023,2023:10136,2023,21560,,,,,,,,False
105.54574,-3.43382,2023-10-09 21:00:00,NASA,Aqua,Fire inside Sitrep,SUMSEL,10137,2023,2023:10137,2023,21561,,,,,,,,False
104.1575,-1.78406,2023-10-10 10:00:00,NASA,Aqua,Verified Fire,SUMSEL MUBA,10331,2023,2023:10331,2023,21755,,,,,,,,False
104.15613,-1.79404,2023-10-10 10:00:00,NASA,Aqua,Verified Fire,SUMSEL MUBA,10332,2023,2023:10332,2023,21756,,,,,,,,False
105.66251,-3.55727,2023-10-10 10:00:00,NASA,Aqua,Fire inside Sitrep,SUMSEL,10333,2023,2023:10333,2023,21757,,,,,,,,False
102.96358,-0.74835,2023-10-10 10:00:00,NASA,Aqua,Verified No fire,JAMBI SMF,10334,2023,2023:10334,2023,21758,,,,,,,,False
105.79803,-3.61151,2023-10-10 10:00:00,NASA,Aqua,Fire inside Sitrep,SUMSEL,10335,2023,2023:10335,2023,21759,,,,,,,,False
105.37710571,-3.76715803,2023-10-10 13:00:00,LAPAN,NOAA20,Fire inside Sitrep,SUMSEL,10347,2023,2023:10347,2023,21771,,,,,,,,False
105.37313843,-3.76673269,2023-10-10 13:00:00,LAPAN,NOAA20,Fire inside Sitrep,SUMSEL,10348,2023,2023:10348,2023,21772,,,,,,,,False
105.373909,-3.75029087,2023-10-10 13:00:00,LAPAN,NOAA20,Fire inside Sitrep,SUMSEL,10349,2023,2023:10349,2023,21773,,,,,,,,False
105.36971283,-3.7629199,2023-10-10 13:00:00,LAPAN,NOAA20,Fire inside Sitrep,SUMSEL,10350,2023,2023:10350,2023,21774,,,,,,,,False
105.37230682,-3.76143813,2023-10-10 13:00:00,LAPAN,NOAA20,Fire inside Sitrep,SUMSEL,10351,2023,2023:10351,2023,21775,,,,,,,,False
105.79469299,-3.54753804,2023-10-10 13:00:00,LAPAN,NOAA20,Fire inside Sitrep,SUMSEL,10354,2023,2023:10354,2023,21778,,,,,,,,False
105.37458038,-3.75126719,2023-10-10 13:00:00,LAPAN,NOAA20,Fire inside Sitrep,SUMSEL,10364,2023,2023:10364,2023,21788,,,,,,,,False
105.37298584,-3.76239085,2023-10-10 13:00:00,LAPAN,NOAA20,Fire inside Sitrep,SUMSEL,10365,2023,2023:10365,2023,21789,,,,,,,,False
105.79116058,-3.54811883,2023-10-10 13:00:00,LAPAN,NOAA20,Fire inside Sitrep,SUMSEL,10374,2023,2023:10374,2023,21798,,,,,,,,False
105.36903381,-3.76199174,2023-10-10 13:00:00,LAPAN,NOAA20,Fire inside Sitrep,SUMSEL,10381,2023,2023:10381,2023,21805,,,,,,,,False
105.90474701,-3.84614444,2023-10-10 13:00:00,LAPAN,NOAA20,Fire inside Sitrep,SUMSEL,10383,2023,2023:10383,2023,21807,,,,,,,,False
105.37641144,-3.76618028,2023-10-10 13:00:00,LAPAN,NOAA20,Fire inside Sitrep,SUMSEL,10385,2023,2023:10385,2023,21809,,,,,,,,False
105.90119171,-3.84673357,2023-10-10 13:00:00,LAPAN,NOAA20,Fire inside Sitrep,SUMSEL,10387,2023,2023:10387,2023,21811,,,,,,,,False
105.3738327,-3.76768637,2023-10-10 13:00:00,LAPAN,NOAA20,Fire inside Sitrep,SUMSEL,10396,2023,2023:10396,2023,21820,,,,,,,,False
105.90562439,-3.85162401,2023-10-10 13:00:00,LAPAN,NOAA20,Fire inside Sitrep,SUMSEL,10403,2023,2023:10403,2023,21827,,,,,,,,False
105.53382874,-3.73770118,2023-10-11 00:00:00,LAPAN,NOAA20,Fire inside Sitrep,SUMSEL,10428,2023,2023:10428,2023,21852,,,,,,,,False
102.82292938,-1.1537832,2023-10-11 00:00:00,LAPAN,NOAA20,Verified Fire,JAMBI SMF,10429,2023,2023:10429,2023,21853,,,,,,,,False
104.15875244,-1.79363537,2023-10-11 00:00:00,LAPAN,NOAA20,Verified No fire,SUMSEL MUBA,10430,2023,2023:10430,2023,21854,,,,,,,,False
105.52911377,-3.73692489,2023-10-11 00:00:00,LAPAN,NOAA20,Fire inside Sitrep,SUMSEL,10431,2023,2023:10431,2023,21855,,,,,,,,False
103.36903381,-1.19056416,2023-10-11 00:00:00,LAPAN,NOAA20,Verified No fire,JAMBI SMF,10432,2023,2023:10432,2023,21856,,,,,,,,False
102.76825714,-1.25288332,2023-10-11 00:00:00,LAPAN,NOAA20,Verified No fire,JAMBI SMF,10433,2023,2023:10433,2023,21857,,,,,,,,False
105.37817383,-3.65508699,2023-10-11 00:00:00,LAPAN,NOAA20,Fire inside Sitrep,SUMSEL,10434,2023,2023:10434,2023,21858,,,,,,,,False
102.82217407,-1.15855801,2023-10-11 00:00:00,LAPAN,NOAA20,Verified Fire,JAMBI SMF,10435,2023,2023:10435,2023,21859,,,,,,,,False
105.37879181,-3.65121841,2023-10-11 00:00:00,LAPAN,NOAA20,Fire inside Sitrep,SUMSEL,10436,2023,2023:10436,2023,21860,,,,,,,,False
104.15537262,-1.78866208,2023-10-11 00:00:00,LAPAN,NOAA20,Verified No fire,SUMSEL MUBA,10437,2023,2023:10437,2023,21861,,,,,,,,False
102.80191803,-1.2435075,2023-10-11 00:00:00,LAPAN,NOAA20,Verified Fire,JAMBI SMF,10438,2023,2023:10438,2023,21862,,,,,,,,False
103.38180542,-1.20198596,2023-10-11 00:00:00,LAPAN,NOAA20,Verified No fire,JAMBI SMF,10439,2023,2023:10439,2023,21863,,,,,,,,False
102.80010986,-1.24334764,2023-10-11 00:00:00,LAPAN,NOAA20,Verified No fire,JAMBI SMF,10440,2023,2023:10440,2023,21864,,,,,,,,False
104.15946198,-1.78932798,2023-10-11 00:00:00,LAPAN,NOAA20,Verified No fire,SUMSEL MUBA,10441,2023,2023:10441,2023,21865,,,,,,,,False
102.82814789,-1.15462661,2023-10-11 00:00:00,LAPAN,NOAA20,Verified Fire,JAMBI SMF,10442,2023,2023:10442,2023,21866,,,,,,,,False
105.53728,-3.7243,2023-10-11 01:00:00,NASA,Aqua,Fire inside Sitrep,SUMSEL,10455,2023,2023:10455,2023,21879,,,,,,,,False
105.515769958,-3.34303951263,2023-10-11 01:00:00,LAPAN,Aqua,Fire inside Sitrep,SUMSEL,10478,2023,2023:10478,2023,21902,,,,,,,,False
105.51581,-3.34306,2023-10-11 01:00:00,NASA,Aqua,Fire inside Sitrep,SUMSEL,10486,2023,2023:10486,2023,21910,,,,,,,,False
105.35020447,-2.43843126,2023-10-11 13:00:00,LAPAN,NOAA20,Verified No fire,SUMSEL,10700,2023,2023:10700,2023,22124,,,,,,,,False
105.27432,-3.09613,2023-10-11 21:00:00,NASA,Aqua,Fire inside Sitrep,SUMSEL,10781,2023,2023:10781,2023,22205,,,,,,,,False
105.25541687,-3.09889006615,2023-10-11 21:00:00,LAPAN,Aqua,Fire inside Sitrep,SUMSEL,10782,2023,2023:10782,2023,22206,,,,,,,,False
105.23528,-3.08865,2023-10-11 21:00:00,NASA,Aqua,Verified No fire,SUMSEL,10783,2023,2023:10783,2023,22207,,,,,,,,False
105.40784,-3.299,2023-10-11 21:00:00,NASA,Aqua,Fire inside Sitrep,SUMSEL,10784,2023,2023:10784,2023,22208,,,,,,,,False
105.69732666,-3.55872941017,2023-10-11 21:00:00,LAPAN,Aqua,Fire inside Sitrep,SUMSEL,10785,2023,2023:10785,2023,22209,,,,,,,,False
105.70456,-3.56236,2023-10-11 21:00:00,NASA,Aqua,Fire inside Sitrep,SUMSEL,10786,2023,2023:10786,2023,22210,,,,,,,,False
105.704345703,-3.56258273125,2023-10-11 21:00:00,LAPAN,Aqua,Fire inside Sitrep,SUMSEL,10787,2023,2023:10787,2023,22211,,,,,,,,False
105.37527,-3.67206,2023-10-11 21:00:00,NASA,Aqua,Fire inside Sitrep,SUMSEL,10788,2023,2023:10788,2023,22212,,,,,,,,False
105.374931335,-3.67229819298,2023-10-11 21:00:00,LAPAN,Aqua,Fire inside Sitrep,SUMSEL,10789,2023,2023:10789,2023,22213,,,,,,,,False
105.69755,-3.55851,2023-10-11 21:00:00,NASA,Aqua,Fire inside Sitrep,SUMSEL,10790,2023,2023:10790,2023,22214,,,,,,,,False
105.274040222,-3.09635543823,2023-10-11 21:00:00,LAPAN,Aqua,Fire inside Sitrep,SUMSEL,10791,2023,2023:10791,2023,22215,,,,,,,,False
105.36967,-3.67079,2023-10-11 21:00:00,NASA,Aqua,Fire inside Sitrep,SUMSEL,10792,2023,2023:10792,2023,22216,,,,,,,,False
105.25569,-3.09866,2023-10-11 21:00:00,NASA,Aqua,Fire inside Sitrep,SUMSEL,10793,2023,2023:10793,2023,22217,,,,,,,,False
105.511070251,-3.35171818733,2023-10-12 09:00:00,LAPAN,Aqua,Fire inside Sitrep,SUMSEL,11091,2023,2023:11091,2023,22515,,,,,,,,False
105.2603,-3.09472,2023-10-12 10:00:00,NASA,Aqua,Fire inside Sitrep,SUMSEL,11092,2023,2023:11092,2023,22516,,,,,,,,False
105.44586,-2.89185,2023-10-12 10:00:00,NASA,Aqua,Verified No fire,SUMSEL,11093,2023,2023:11093,2023,22517,,,,,,,,False
105.40901,-3.30068,2023-10-12 10:00:00,NASA,Aqua,Fire inside Sitrep,SUMSEL,11094,2023,2023:11094,2023,22518,,,,,,,,False
105.46278,-2.56188,2023-10-12 10:00:00,NASA,Aqua,Verified No fire,SUMSEL,11095,2023,2023:11095,2023,22519,,,,,,,,False
105.7172,-3.55714,2023-10-12 10:00:00,NASA,Aqua,Fire inside Sitrep,SUMSEL,11096,2023,2023:11096,2023,22520,,,,,,,,False
105.37977,-3.65608,2023-10-12 10:00:00,NASA,Aqua,Fire inside Sitrep,SUMSEL,11097,2023,2023:11097,2023,22521,,,,,,,,False
105.38619,-3.67521,2023-10-12 10:00:00,NASA,Aqua,Fire inside Sitrep,SUMSEL,11098,2023,2023:11098,2023,22522,,,,,,,,False
105.37852,-3.665,2023-10-12 10:00:00,NASA,Aqua,Fire inside Sitrep,SUMSEL,11099,2023,2023:11099,2023,22523,,,,,,,,False
105.25145,-3.09343,2023-10-12 10:00:00,NASA,Aqua,Fire inside Sitrep,SUMSEL,11100,2023,2023:11100,2023,22524,,,,,,,,False
105.66231,-2.88563,2023-10-12 10:00:00,NASA,Aqua,Verified No fire,SUMSEL,11101,2023,2023:11101,2023,22525,,,,,,,,False
105.72623,-3.55845,2023-10-12 10:00:00,NASA,Aqua,Fire inside Sitrep,SUMSEL,11102,2023,2023:11102,2023,22526,,,,,,,,False
105.71595,-3.56611,2023-10-12 10:00:00,NASA,Aqua,Fire inside Sitrep,SUMSEL,11103,2023,2023:11103,2023,22527,,,,,,,,False
105.45392,-2.56059,2023-10-12 10:00:00,NASA,Aqua,Verified Fire,SUMSEL,11104,2023,2023:11104,2023,22528,,,,,,,,False
105.27801,-3.09729,2023-10-12 10:00:00,NASA,Aqua,Fire inside Sitrep,SUMSEL,11105,2023,2023:11105,2023,22529,,,,,,,,False
105.69971,-3.57362,2023-10-12 10:00:00,NASA,Aqua,Fire inside Sitrep,SUMSEL,11106,2023,2023:11106,2023,22530,,,,,,,,False
105.37727,-3.67392,2023-10-12 10:00:00,NASA,Aqua,Fire inside Sitrep,SUMSEL,11107,2023,2023:11107,2023,22531,,,,,,,,False
105.26915,-3.096,2023-10-12 10:00:00,NASA,Aqua,Fire inside Sitrep,SUMSEL,11108,2023,2023:11108,2023,22532,,,,,,,,False
105.45516,-2.55169,2023-10-12 10:00:00,NASA,Aqua,Fire inside Sitrep,SUMSEL,11109,2023,2023:11109,2023,22533,,,,,,,,False
105.39566803,-3.29261732101,2023-10-12 22:00:00,LAPAN,Aqua,Fire inside Sitrep,SUMSEL,11483,2023,2023:11483,2023,22907,,,,,,,,False
105.409233093,-3.29066085815,2023-10-12 22:00:00,LAPAN,Aqua,Fire inside Sitrep,SUMSEL,11484,2023,2023:11484,2023,22908,,,,,,,,False
105.24503,-3.09719,2023-10-12 22:00:00,NASA,Aqua,Fire inside Sitrep,SUMSEL,11485,2023,2023:11485,2023,22909,,,,,,,,False
105.271682739,-3.09347629547,2023-10-12 22:00:00,LAPAN,Aqua,Fire inside Sitrep,SUMSEL,11486,2023,2023:11486,2023,22910,,,,,,,,False
105.27168,-3.09329,2023-10-12 22:00:00,NASA,Aqua,Fire inside Sitrep,SUMSEL,11487,2023,2023:11487,2023,22911,,,,,,,,False
105.380569458,-3.67358374596,2023-10-12 22:00:00,LAPAN,Aqua,Fire inside Sitrep,SUMSEL,11488,2023,2023:11488,2023,22912,,,,,,,,False
102.833847046,-1.15276479721,2023-10-12 22:00:00,LAPAN,Aqua,Verified Fire,JAMBI SMF,11489,2023,2023:11489,2023,22913,,,,,,,,False
105.68925,-3.58394,2023-10-12 22:00:00,NASA,Aqua,Fire inside Sitrep,SUMSEL,11490,2023,2023:11490,2023,22914,,,,,,,,False
105.40925,-3.29047,2023-10-12 22:00:00,NASA,Aqua,Fire inside Sitrep,SUMSEL,11491,2023,2023:11491,2023,22915,,,,,,,,False
105.245033264,-3.09738135338,2023-10-12 22:00:00,LAPAN,Aqua,Fire inside Sitrep,SUMSEL,11492,2023,2023:11492,2023,22916,,,,,,,,False
105.25833,-3.09524,2023-10-12 22:00:00,NASA,Aqua,Fire inside Sitrep,SUMSEL,11493,2023,2023:11493,2023,22917,,,,,,,,False
105.5565,-3.75422,2023-10-12 22:00:00,NASA,Aqua,Fire inside Sitrep,SUMSEL,11494,2023,2023:11494,2023,22918,,,,,,,,False
102.82319,-1.15409,2023-10-12 22:00:00,NASA,Aqua,Verified Fire,JAMBI SMF,11495,2023,2023:11495,2023,22919,,,,,,,,False
105.38054,-3.6734,2023-10-12 22:00:00,NASA,Aqua,Fire inside Sitrep,SUMSEL,11496,2023,2023:11496,2023,22920,,,,,,,,False
105.258338928,-3.09543132782,2023-10-12 22:00:00,LAPAN,Aqua,Fire inside Sitrep,SUMSEL,11497,2023,2023:11497,2023,22921,,,,,,,,False
105.556480408,-3.75441408157,2023-10-12 22:00:00,LAPAN,Aqua,Fire inside Sitrep,SUMSEL,11498,2023,2023:11498,2023,22922,,,,,,,,False
102.83324,-1.15266,2023-10-12 22:00:00,NASA,Aqua,Verified Fire,JAMBI SMF,11499,2023,2023:11499,2023,22923,,,,,,,,False
105.39568,-3.29243,2023-10-12 22:00:00,NASA,Aqua,Fire inside Sitrep,SUMSEL,11500,2023,2023:11500,2023,22924,,,,,,,,False
105.41086,-3.30131,2023-10-12 22:00:00,NASA,Aqua,Fire inside Sitrep,SUMSEL,11501,2023,2023:11501,2023,22925,,,,,,,,False
105.48855591,-3.36348963,2023-10-13 12:00:00,LAPAN,NOAA20,Fire inside Sitrep,SUMSEL,11812,2023,2023:11812,2023,23236,,,,,,,,False
105.48452759,-3.34282827,2023-10-13 12:00:00,LAPAN,NOAA20,Fire inside Sitrep,SUMSEL,11813,2023,2023:11813,2023,23237,,,,,,,,False
105.25067902,-3.09902382,2023-10-13 12:00:00,LAPAN,NOAA20,Fire inside Sitrep,SUMSEL,11814,2023,2023:11814,2023,23238,,,,,,,,False
105.47860718,-3.35199428,2023-10-13 12:00:00,LAPAN,NOAA20,Fire inside Sitrep,SUMSEL,11815,2023,2023:11815,2023,23239,,,,,,,,False
105.4790802,-3.34831834,2023-10-13 12:00:00,LAPAN,NOAA20,Fire inside Sitrep,SUMSEL,11816,2023,2023:11816,2023,23240,,,,,,,,False
105.47388458,-3.34443212,2023-10-13 12:00:00,LAPAN,NOAA20,Fire inside Sitrep,SUMSEL,11817,2023,2023:11817,2023,23241,,,,,,,,False
105.40917206,-3.3001802,2023-10-13 12:00:00,LAPAN,NOAA20,Fire inside Sitrep,SUMSEL,11818,2023,2023:11818,2023,23242,,,,,,,,False
105.40857697,-3.2961154,2023-10-13 12:00:00,LAPAN,NOAA20,Fire inside Sitrep,SUMSEL,11819,2023,2023:11819,2023,23243,,,,,,,,False
105.40440369,-3.29257536,2023-10-13 12:00:00,LAPAN,NOAA20,Fire inside Sitrep,SUMSEL,11820,2023,2023:11820,2023,23244,,,,,,,,False
105.29305267,-3.08446527,2023-10-13 12:00:00,LAPAN,NOAA20,Fire inside Sitrep,SUMSEL,11821,2023,2023:11821,2023,23245,,,,,,,,False
103.6692276,-2.19972467,2023-10-13 12:00:00,LAPAN,NOAA20,Verified No fire,SUMSEL MUBA,11822,2023,2023:11822,2023,23246,,,,,,,,False
103.46448517,-2.31058931,2023-10-13 12:00:00,LAPAN,NOAA20,Verified No fire,SUMSEL MUBA,11823,2023,2023:11823,2023,23247,,,,,,,,False
105.25007629,-3.0949285,2023-10-13 12:00:00,LAPAN,NOAA20,Fire inside Sitrep,SUMSEL,11824,2023,2023:11824,2023,23248,,,,,,,,False
105.28757477,-3.12282777,2023-10-13 12:00:00,LAPAN,NOAA20,Fire inside Sitrep,SUMSEL,11825,2023,2023:11825,2023,23249,,,,,,,,False
105.42404175,-2.98202205,2023-10-13 12:00:00,LAPAN,NOAA20,Fire inside Sitrep,SUMSEL,11826,2023,2023:11826,2023,23250,,,,,,,,False
105.19154358,-3.12870216,2023-10-13 12:00:00,LAPAN,NOAA20,Fire inside Sitrep,SUMSEL,11827,2023,2023:11827,2023,23251,,,,,,,,False
105.79494476,-3.34340978,2023-10-13 12:00:00,LAPAN,NOAA20,Fire inside Sitrep,SUMSEL,11828,2023,2023:11828,2023,23252,,,,,,,,False
105.56911469,-3.81283903,2023-10-13 12:00:00,LAPAN,NOAA20,Fire inside Sitrep,SUMSEL,11829,2023,2023:11829,2023,23253,,,,,,,,False
105.59346771,-3.80515385,2023-10-13 12:00:00,LAPAN,NOAA20,Fire inside Sitrep,SUMSEL,11830,2023,2023:11830,2023,23254,,,,,,,,False
105.59402466,-3.78441787,2023-10-13 12:00:00,LAPAN,NOAA20,Fire inside Sitrep,SUMSEL,11831,2023,2023:11831,2023,23255,,,,,,,,False
103.36974335,-1.22797775,2023-10-13 12:00:00,LAPAN,NOAA20,Verified Fire,JAMBI SMF,11832,2023,2023:11832,2023,23256,,,,,,,,False
105.39612579,-3.70915508,2023-10-13 12:00:00,LAPAN,NOAA20,Fire inside Sitrep,SUMSEL,11833,2023,2023:11833,2023,23257,,,,,,,,False
105.53947449,-3.73397231,2023-10-13 12:00:00,LAPAN,NOAA20,Fire inside Sitrep,SUMSEL,11834,2023,2023:11834,2023,23258,,,,,,,,False
105.53644562,-3.7634325,2023-10-13 12:00:00,LAPAN,NOAA20,Fire inside Sitrep,SUMSEL,11835,2023,2023:11835,2023,23259,,,,,,,,False
105.90548706,-3.87582636,2023-10-13 12:00:00,LAPAN,NOAA20,Fire inside Sitrep,SUMSEL,11836,2023,2023:11836,2023,23260,,,,,,,,False
105.45330811,-3.77171278,2023-10-13 12:00:00,LAPAN,NOAA20,Fire inside Sitrep,SUMSEL,11837,2023,2023:11837,2023,23261,,,,,,,,False
105.58870697,-3.77279329,2023-10-13 12:00:00,LAPAN,NOAA20,Fire inside Sitrep,SUMSEL,11838,2023,2023:11838,2023,23262,,,,,,,,False
105.58573914,-3.77735043,2023-10-13 12:00:00,LAPAN,NOAA20,Fire inside Sitrep,SUMSEL,11839,2023,2023:11839,2023,23263,,,,,,,,False
105.59284973,-3.77632833,2023-10-13 12:00:00,LAPAN,NOAA20,Fire inside Sitrep,SUMSEL,11840,2023,2023:11840,2023,23264,,,,,,,,False
105.59942627,-3.03147006,2023-10-13 12:00:00,LAPAN,NOAA20,Fire inside Sitrep,SUMSEL,11841,2023,2023:11841,2023,23265,,,,,,,,False
105.50675964,-3.7346561,2023-10-13 12:00:00,LAPAN,NOAA20,Fire inside Sitrep,SUMSEL,11842,2023,2023:11842,2023,23266,,,,,,,,False
105.4575119,-3.77525258,2023-10-13 12:00:00,LAPAN,NOAA20,Fire inside Sitrep,SUMSEL,11843,2023,2023:11843,2023,23267,,,,,,,,False
105.61328888,-3.05393863,2023-10-13 12:00:00,LAPAN,NOAA20,Fire inside Sitrep,SUMSEL,11844,2023,2023:11844,2023,23268,,,,,,,,False
105.60930634,-3.07494903,2023-10-13 12:00:00,LAPAN,NOAA20,Fire inside Sitrep,SUMSEL,11845,2023,2023:11845,2023,23269,,,,,,,,False
105.62018585,-3.05292082,2023-10-13 12:00:00,LAPAN,NOAA20,Fire inside Sitrep,SUMSEL,11846,2023,2023:11846,2023,23270,,,,,,,,False
105.62427521,-3.08088422,2023-10-13 12:00:00,LAPAN,NOAA20,Fire inside Sitrep,SUMSEL,11847,2023,2023:11847,2023,23271,,,,,,,,False
105.44158936,-3.81892228,2023-10-13 12:00:00,LAPAN,NOAA20,Fire inside Sitrep,SUMSEL,11848,2023,2023:11848,2023,23272,,,,,,,,False
105.4373703,-3.81535864,2023-10-13 12:00:00,LAPAN,NOAA20,Fire inside Sitrep,SUMSEL,11849,2023,2023:11849,2023,23273,,,,,,,,False
105.64780426,-3.5400939,2023-10-13 12:00:00,LAPAN,NOAA20,Fire inside Sitrep,SUMSEL,11850,2023,2023:11850,2023,23274,,,,,,,,False
105.64198303,-3.54913354,2023-10-13 12:00:00,LAPAN,NOAA20,Fire inside Sitrep,SUMSEL,11851,2023,2023:11851,2023,23275,,,,,,,,False
105.63848877,-3.54963684,2023-10-13 12:00:00,LAPAN,NOAA20,Fire inside Sitrep,SUMSEL,11852,2023,2023:11852,2023,23276,,,,,,,,False
105.54048157,-3.4219234,2023-10-13 12:00:00,LAPAN,NOAA20,Fire inside Sitrep,SUMSEL,11853,2023,2023:11853,2023,23277,,,,,,,,False
105.54459381,-3.4254334,2023-10-13 12:00:00,LAPAN,NOAA20,Fire inside Sitrep,SUMSEL,11854,2023,2023:11854,2023,23278,,,,,,,,False
105.52044678,-3.35887551,2023-10-13 12:00:00,LAPAN,NOAA20,Fire inside Sitrep,SUMSEL,11855,2023,2023:11855,2023,23279,,,,,,,,False
105.52397919,-3.35836434,2023-10-13 12:00:00,LAPAN,NOAA20,Fire inside Sitrep,SUMSEL,11856,2023,2023:11856,2023,23280,,,,,,,,False
105.51219177,-3.35181665,2023-10-13 12:00:00,LAPAN,NOAA20,Fire inside Sitrep,SUMSEL,11857,2023,2023:11857,2023,23281,,,,,,,,False
105.52339172,-3.35432601,2023-10-13 12:00:00,LAPAN,NOAA20,Fire inside Sitrep,SUMSEL,11858,2023,2023:11858,2023,23282,,,,,,,,False
105.50865173,-3.35232711,2023-10-13 12:00:00,LAPAN,NOAA20,Fire inside Sitrep,SUMSEL,11859,2023,2023:11859,2023,23283,,,,,,,,False
105.50510406,-3.35283756,2023-10-13 12:00:00,LAPAN,NOAA20,Fire inside Sitrep,SUMSEL,11860,2023,2023:11860,2023,23284,,,,,,,,False
105.69248962,-3.31765127,2023-10-13 12:00:00,LAPAN,NOAA20,Fire inside Sitrep,SUMSEL,11861,2023,2023:11861,2023,23285,,,,,,,,False
105.69101715,-3.31577587,2023-10-13 12:00:00,LAPAN,NOAA20,Fire inside Sitrep,SUMSEL,11862,2023,2023:11862,2023,23286,,,,,,,,False
105.64507294,-3.52265501,2023-10-13 12:00:00,LAPAN,NOAA20,Fire inside Sitrep,SUMSEL,11863,2023,2023:11863,2023,23287,,,,,,,,False
105.68959808,-3.55864096,2023-10-13 12:00:00,LAPAN,NOAA20,Fire inside Sitrep,SUMSEL,11864,2023,2023:11864,2023,23288,,,,,,,,False
105.65250397,-3.57222724,2023-10-13 12:00:00,LAPAN,NOAA20,Fire inside Sitrep,SUMSEL,11865,2023,2023:11865,2023,23289,,,,,,,,False
105.57290649,-3.56731796,2023-10-13 12:00:00,LAPAN,NOAA20,Fire inside Sitrep,SUMSEL,11866,2023,2023:11866,2023,23290,,,,,,,,False
105.64605713,-3.55264926,2023-10-13 12:00:00,LAPAN,NOAA20,Fire inside Sitrep,SUMSEL,11867,2023,2023:11867,2023,23291,,,,,,,,False
105.69017029,-3.56264925,2023-10-13 12:00:00,LAPAN,NOAA20,Fire inside Sitrep,SUMSEL,11868,2023,2023:11868,2023,23292,,,,,,,,False
105.47671509,-3.35692978,2023-10-13 12:00:00,LAPAN,NOAA20,Fire inside Sitrep,SUMSEL,11869,2023,2023:11869,2023,23293,,,,,,,,False
103.37429047,-1.22729337,2023-10-13 12:00:00,LAPAN,NOAA20,Verified Fire,JAMBI SMF,11870,2023,2023:11870,2023,23294,,,,,,,,False
105.23854065,-3.09243059,2023-10-13 12:00:00,LAPAN,NOAA20,Fire inside Sitrep,SUMSEL,11871,2023,2023:11871,2023,23295,,,,,,,,False
105.62081909,-3.08139992,2023-10-13 12:00:00,LAPAN,NOAA20,Fire inside Sitrep,SUMSEL,11872,2023,2023:11872,2023,23296,,,,,,,,False
105.59597015,-3.03197408,2023-10-13 12:00:00,LAPAN,NOAA20,Fire inside Sitrep,SUMSEL,11873,2023,2023:11873,2023,23297,,,,,,,,False
105.62076569,-3.05691552,2023-10-13 12:00:00,LAPAN,NOAA20,Fire inside Sitrep,SUMSEL,11874,2023,2023:11874,2023,23298,,,,,,,,False
105.49339294,-3.81973004,2023-10-13 12:00:00,LAPAN,NOAA20,Fire inside Sitrep,SUMSEL,11875,2023,2023:11875,2023,23299,,,,,,,,False
105.51277924,-3.35585761,2023-10-13 12:00:00,LAPAN,NOAA20,Fire inside Sitrep,SUMSEL,11876,2023,2023:11876,2023,23300,,,,,,,,False
105.45692444,-3.77117252,2023-10-13 12:00:00,LAPAN,NOAA20,Fire inside Sitrep,SUMSEL,11877,2023,2023:11877,2023,23301,,,,,,,,False
105.44969177,-3.77225232,2023-10-13 12:00:00,LAPAN,NOAA20,Fire inside Sitrep,SUMSEL,11878,2023,2023:11878,2023,23302,,,,,,,,False
105.33098602,-2.4099524,2023-10-13 12:00:00,LAPAN,NOAA20,Verified No fire,SUMSEL,11879,2023,2023:11879,2023,23303,,,,,,,,False
103.48106384,-2.29411817,2023-10-13 12:00:00,LAPAN,NOAA20,Verified No fire,SUMSEL MUBA,11880,2023,2023:11880,2023,23304,,,,,,,,False
105.25736237,-3.0938623,2023-10-13 12:00:00,LAPAN,NOAA20,Fire inside Sitrep,SUMSEL,11881,2023,2023:11881,2023,23305,,,,,,,,False
105.44521332,-3.81839728,2023-10-13 12:00:00,LAPAN,NOAA20,Fire inside Sitrep,SUMSEL,11882,2023,2023:11882,2023,23306,,,,,,,,False
105.51046753,-3.34717464,2023-10-13 12:00:00,LAPAN,NOAA20,Fire inside Sitrep,SUMSEL,11883,2023,2023:11883,2023,23307,,,,,,,,False
105.53820038,-3.77560782,2023-10-13 12:00:00,LAPAN,NOAA20,Fire inside Sitrep,SUMSEL,11884,2023,2023:11884,2023,23308,,,,,,,,False
105.37830353,-3.76615906,2023-10-13 12:00:00,LAPAN,NOAA20,Fire inside Sitrep,SUMSEL,11885,2023,2023:11885,2023,23309,,,,,,,,False
105.23816681,-3.01372671,2023-10-13 12:00:00,LAPAN,NOAA20,Fire inside Sitrep,SUMSEL,11886,2023,2023:11886,2023,23310,,,,,,,,False
105.58929443,-3.77683926,2023-10-13 12:00:00,LAPAN,NOAA20,Fire inside Sitrep,SUMSEL,11887,2023,2023:11887,2023,23311,,,,,,,,False
105.69710541,-3.32513833,2023-10-13 12:00:00,LAPAN,NOAA20,Fire inside Sitrep,SUMSEL,11888,2023,2023:11888,2023,23312,,,,,,,,False
105.68670654,-3.56315398,2023-10-13 12:00:00,LAPAN,NOAA20,Fire inside Sitrep,SUMSEL,11889,2023,2023:11889,2023,23313,,,,,,,,False
105.40081787,-3.2930994,2023-10-13 12:00:00,LAPAN,NOAA20,Fire inside Sitrep,SUMSEL,11890,2023,2023:11890,2023,23314,,,,,,,,False
105.59697723,-3.77986288,2023-10-13 12:00:00,LAPAN,NOAA20,Fire inside Sitrep,SUMSEL,11891,2023,2023:11891,2023,23315,,,,,,,,False
105.54060364,-3.76695561,2023-10-13 12:00:00,LAPAN,NOAA20,Fire inside Sitrep,SUMSEL,11892,2023,2023:11892,2023,23316,,,,,,,,False
105.44099426,-3.81483436,2023-10-13 12:00:00,LAPAN,NOAA20,Fire inside Sitrep,SUMSEL,11893,2023,2023:11893,2023,23317,,,,,,,,False
105.91452026,-3.86640191,2023-10-13 12:00:00,LAPAN,NOAA20,Fire inside Sitrep,SUMSEL,11894,2023,2023:11894,2023,23318,,,,,,,,False
105.47801971,-3.34794545,2023-10-13 12:00:00,LAPAN,NOAA20,Fire inside Sitrep,SUMSEL,11895,2023,2023:11895,2023,23319,,,,,,,,False
105.6098938,-3.07894754,2023-10-13 12:00:00,LAPAN,NOAA20,Fire inside Sitrep,SUMSEL,11896,2023,2023:11896,2023,23320,,,,,,,,False
105.69159698,-3.31976676,2023-10-13 12:00:00,LAPAN,NOAA20,Fire inside Sitrep,SUMSEL,11897,2023,2023:11897,2023,23321,,,,,,,,False
105.53165436,-3.41086125,2023-10-13 12:00:00,LAPAN,NOAA20,Fire inside Sitrep,SUMSEL,11898,2023,2023:11898,2023,23322,,,,,,,,False
105.54518127,-3.42946911,2023-10-13 12:00:00,LAPAN,NOAA20,Fire inside Sitrep,SUMSEL,11899,2023,2023:11899,2023,23323,,,,,,,,False
105.19522095,-3.12815833,2023-10-13 12:00:00,LAPAN,NOAA20,Fire inside Sitrep,SUMSEL,11900,2023,2023:11900,2023,23324,,,,,,,,False
105.42462158,-3.33109975,2023-10-13 12:00:00,LAPAN,NOAA20,Fire inside Sitrep,SUMSEL,11901,2023,2023:11901,2023,23325,,,,,,,,False
105.79520416,-3.65137124,2023-10-13 12:00:00,LAPAN,NOAA20,Fire inside Sitrep,SUMSEL,11902,2023,2023:11902,2023,23326,,,,,,,,False
105.68612671,-3.5591445,2023-10-13 12:00:00,LAPAN,NOAA20,Fire inside Sitrep,SUMSEL,11903,2023,2023:11903,2023,23327,,,,,,,,False
105.60001373,-3.03546929,2023-10-13 12:00:00,LAPAN,NOAA20,Fire inside Sitrep,SUMSEL,11904,2023,2023:11904,2023,23328,,,,,,,,False
105.64332581,-3.53522611,2023-10-13 12:00:00,LAPAN,NOAA20,Fire inside Sitrep,SUMSEL,11905,2023,2023:11905,2023,23329,,,,,,,,False
105.5764389,-3.56680799,2023-10-13 12:00:00,LAPAN,NOAA20,Fire inside Sitrep,SUMSEL,11906,2023,2023:11906,2023,23330,,,,,,,,False
105.40499115,-3.29664087,2023-10-13 12:00:00,LAPAN,NOAA20,Fire inside Sitrep,SUMSEL,11907,2023,2023:11907,2023,23331,,,,,,,,False
105.5803833,-3.81533122,2023-10-13 12:00:00,LAPAN,NOAA20,Fire inside Sitrep,SUMSEL,11908,2023,2023:11908,2023,23332,,,,,,,,False
105.38353729,-3.67404366,2023-10-13 12:00:00,LAPAN,NOAA20,Fire inside Sitrep,SUMSEL,11909,2023,2023:11909,2023,23333,,,,,,,,False
105.49398804,-3.82380366,2023-10-13 12:00:00,LAPAN,NOAA20,Fire inside Sitrep,SUMSEL,11910,2023,2023:11910,2023,23334,,,,,,,,False
105.51985168,-3.35483623,2023-10-13 12:00:00,LAPAN,NOAA20,Fire inside Sitrep,SUMSEL,11911,2023,2023:11911,2023,23335,,,,,,,,False
105.46112061,-3.77471185,2023-10-13 12:00:00,LAPAN,NOAA20,Fire inside Sitrep,SUMSEL,11912,2023,2023:11912,2023,23336,,,,,,,,False
105.48511505,-3.34687495,2023-10-13 12:00:00,LAPAN,NOAA20,Fire inside Sitrep,SUMSEL,11913,2023,2023:11913,2023,23337,,,,,,,,False
105.50924683,-3.35636878,2023-10-13 12:00:00,LAPAN,NOAA20,Fire inside Sitrep,SUMSEL,11914,2023,2023:11914,2023,23338,,,,,,,,False
105.55135345,-3.71566129,2023-10-13 12:00:00,LAPAN,NOAA20,Fire inside Sitrep,SUMSEL,11915,2023,2023:11915,2023,23339,,,,,,,,False
105.37583923,-3.77490473,2023-10-13 12:00:00,LAPAN,NOAA20,Fire inside Sitrep,SUMSEL,11916,2023,2023:11916,2023,23340,,,,,,,,False
105.39976501,-3.70862913,2023-10-13 12:00:00,LAPAN,NOAA20,Fire inside Sitrep,SUMSEL,11917,2023,2023:11917,2023,23341,,,,,,,,False
105.25372314,-3.09439516,2023-10-13 12:00:00,LAPAN,NOAA20,Fire inside Sitrep,SUMSEL,11918,2023,2023:11918,2023,23342,,,,,,,,False
105.2464447,-3.09546065,2023-10-13 12:00:00,LAPAN,NOAA20,Fire inside Sitrep,SUMSEL,11919,2023,2023:11919,2023,23343,,,,,,,,False
105.59538269,-3.02797413,2023-10-13 12:00:00,LAPAN,NOAA20,Fire inside Sitrep,SUMSEL,11920,2023,2023:11920,2023,23344,,,,,,,,False
103.49028015,-2.29274845,2023-10-13 12:00:00,LAPAN,NOAA20,Verified No fire,SUMSEL MUBA,11921,2023,2023:11921,2023,23345,,,,,,,,False
105.51572418,-3.35130692,2023-10-13 12:00:00,LAPAN,NOAA20,Fire inside Sitrep,SUMSEL,11922,2023,2023:11922,2023,23346,,,,,,,,False
105.58515167,-3.77330351,2023-10-13 12:00:00,LAPAN,NOAA20,Fire inside Sitrep,SUMSEL,11923,2023,2023:11923,2023,23347,,,,,,,,False
105.59343719,-3.78037405,2023-10-13 12:00:00,LAPAN,NOAA20,Fire inside Sitrep,SUMSEL,11924,2023,2023:11924,2023,23348,,,,,,,,False
105.5839386,-3.81481051,2023-10-13 12:00:00,LAPAN,NOAA20,Fire inside Sitrep,SUMSEL,11925,2023,2023:11925,2023,23349,,,,,,,,False
105.49224091,-3.78662753,2023-10-13 12:00:00,LAPAN,NOAA20,Fire inside Sitrep,SUMSEL,11926,2023,2023:11926,2023,23350,,,,,,,,False
105.653244019,-3.47697138786,2023-10-13 13:00:00,LAPAN,Aqua,Fire inside Sitrep,SUMSEL,12127,2023,2023:12127,2023,23551,,,,,,,,False
105.63394928,-3.55403065681,2023-10-13 13:00:00,LAPAN,Aqua,Fire inside Sitrep,SUMSEL,12161,2023,2023:12161,2023,23585,,,,,,,,False
105.261878967,-3.10100984573,2023-10-13 13:00:00,LAPAN,Aqua,Fire inside Sitrep,SUMSEL,12168,2023,2023:12168,2023,23592,,,,,,,,False
105.490036011,-3.82338500023,2023-10-13 13:00:00,LAPAN,Aqua,Fire inside Sitrep,SUMSEL,12174,2023,2023:12174,2023,23598,,,,,,,,False
105.694496155,-2.9367017746,2023-10-13 13:00:00,LAPAN,Aqua,Verified No fire,SUMSEL,12263,2023,2023:12263,2023,23687,,,,,,,,False
105.50516,-3.35281,2023-10-14 09:00:00,NASA,Aqua,Fire inside Sitrep,SUMSEL,12675,2023,2023:12675,2023,24099,,,,,,,,False
105.41002,-3.30086,2023-10-14 21:00:00,NASA,Aqua,Fire inside Sitrep,SUMSEL,13180,2023,2023:13180,2023,24604,,,,,,,,False
105.40876,-3.292,2023-10-14 21:00:00,NASA,Aqua,Fire inside Sitrep,SUMSEL,13181,2023,2023:13181,2023,24605,,,,,,,,False
105.399887085,-3.29343652725,2023-10-14 21:00:00,LAPAN,Aqua,Fire inside Sitrep,SUMSEL,13182,2023,2023:13182,2023,24606,,,,,,,,False
105.46534,-3.72668,2023-10-14 21:00:00,NASA,Aqua,Fire inside Sitrep,SUMSEL,13183,2023,2023:13183,2023,24607,,,,,,,,False
105.46822,-3.34869,2023-10-14 21:00:00,NASA,Aqua,Fire inside Sitrep,SUMSEL,13184,2023,2023:13184,2023,24608,,,,,,,,False
102.767990112,-1.24771213531,2023-10-14 21:00:00,LAPAN,Aqua,Verified No fire,JAMBI SMF,13185,2023,2023:13185,2023,24609,,,,,,,,False
102.769317627,-1.25708305836,2023-10-14 21:00:00,LAPAN,Aqua,Verified No fire,JAMBI SMF,13186,2023,2023:13186,2023,24610,,,,,,,,False
105.468170166,-3.34888410568,2023-10-14 21:00:00,LAPAN,Aqua,Fire inside Sitrep,SUMSEL,13187,2023,2023:13187,2023,24611,,,,,,,,False
105.241142273,-3.08625030518,2023-10-14 21:00:00,LAPAN,Aqua,Verified No fire,SUMSEL,13188,2023,2023:13188,2023,24612,,,,,,,,False
105.277687073,-3.09016489983,2023-10-14 21:00:00,LAPAN,Aqua,Verified No fire,SUMSEL,13189,2023,2023:13189,2023,24613,,,,,,,,False
105.268867493,-3.09140205383,2023-10-14 21:00:00,LAPAN,Aqua,Verified No fire,SUMSEL,13190,2023,2023:13190,2023,24614,,,,,,,,False
105.551094055,-3.76005125046,2023-10-14 21:00:00,LAPAN,Aqua,Fire inside Sitrep,SUMSEL,13191,2023,2023:13191,2023,24615,,,,,,,,False
105.542259216,-3.76129007339,2023-10-14 21:00:00,LAPAN,Aqua,Fire inside Sitrep,SUMSEL,13192,2023,2023:13192,2023,24616,,,,,,,,False
105.549827576,-3.75118470192,2023-10-14 21:00:00,LAPAN,Aqua,Fire inside Sitrep,SUMSEL,13193,2023,2023:13193,2023,24617,,,,,,,,False
103.293479919,-2.46356248856,2023-10-14 21:00:00,LAPAN,Aqua,Verified No fire,SUMSEL MUBA,13194,2023,2023:13194,2023,24618,,,,,,,,False
105.631202698,-3.12360978127,2023-10-14 21:00:00,LAPAN,Aqua,Fire inside Sitrep,SUMSEL,13195,2023,2023:13195,2023,24619,,,,,,,,False
105.465286255,-3.72687673569,2023-10-14 21:00:00,LAPAN,Aqua,Fire inside Sitrep,SUMSEL,13196,2023,2023:13196,2023,24620,,,,,,,,False
103.303138733,-2.46222496033,2023-10-14 21:00:00,LAPAN,Aqua,Verified Fire,SUMSEL MUBA,13197,2023,2023:13197,2023,24621,,,,,,,,False
103.482528687,-2.29995632172,2023-10-14 21:00:00,LAPAN,Aqua,Verified No fire,SUMSEL MUBA,13198,2023,2023:13198,2023,24622,,,,,,,,False
105.68151,-3.55729,2023-10-14 21:00:00,NASA,Aqua,Fire inside Sitrep,SUMSEL,13199,2023,2023:13199,2023,24623,,,,,,,,False
105.549835205,-3.43852925301,2023-10-14 21:00:00,LAPAN,Aqua,Fire inside Sitrep,SUMSEL,13200,2023,2023:13200,2023,24624,,,,,,,,False
105.54989,-3.43833,2023-10-14 21:00:00,NASA,Aqua,Fire inside Sitrep,SUMSEL,13201,2023,2023:13201,2023,24625,,,,,,,,False
105.67139,-3.54966,2023-10-14 21:00:00,NASA,Aqua,Fire inside Sitrep,SUMSEL,13202,2023,2023:13202,2023,24626,,,,,,,,False
105.671340942,-3.54985260963,2023-10-14 21:00:00,LAPAN,Aqua,Fire inside Sitrep,SUMSEL,13203,2023,2023:13203,2023,24627,,,,,,,,False
105.50481,-3.35259,2023-10-14 21:00:00,NASA,Aqua,Fire inside Sitrep,SUMSEL,13204,2023,2023:13204,2023,24628,,,,,,,,False
105.45939,-3.34993,2023-10-14 21:00:00,NASA,Aqua,Fire inside Sitrep,SUMSEL,13205,2023,2023:13205,2023,24629,,,,,,,,False
105.459342957,-3.35012459755,2023-10-14 21:00:00,LAPAN,Aqua,Fire inside Sitrep,SUMSEL,13206,2023,2023:13206,2023,24630,,,,,,,,False
105.232315063,-3.08748674393,2023-10-14 21:00:00,LAPAN,Aqua,Fire inside Sitrep,SUMSEL,13207,2023,2023:13207,2023,24631,,,,,,,,False
105.46282,-3.77224,2023-10-14 21:00:00,NASA,Aqua,Fire inside Sitrep,SUMSEL,13208,2023,2023:13208,2023,24632,,,,,,,,False
105.53347,-3.76233,2023-10-14 21:00:00,NASA,Aqua,Fire inside Sitrep,SUMSEL,13209,2023,2023:13209,2023,24633,,,,,,,,False
103.473068237,-2.3012881279,2023-10-14 21:00:00,LAPAN,Aqua,Verified No fire,SUMSEL MUBA,13210,2023,2023:13210,2023,24634,,,,,,,,False
105.533424377,-3.76252889633,2023-10-14 21:00:00,LAPAN,Aqua,Fire inside Sitrep,SUMSEL,13211,2023,2023:13211,2023,24635,,,,,,,,False
103.432548523,-2.28826475143,2023-10-14 21:00:00,LAPAN,Aqua,Verified No fire,SUMSEL MUBA,13212,2023,2023:13212,2023,24636,,,,,,,,False
105.242401123,-3.09511232376,2023-10-14 21:00:00,LAPAN,Aqua,Fire inside Sitrep,SUMSEL,13213,2023,2023:13213,2023,24637,,,,,,,,False
105.5423,-3.76109,2023-10-14 21:00:00,NASA,Aqua,Fire inside Sitrep,SUMSEL,13214,2023,2023:13214,2023,24638,,,,,,,,False
105.39993,-3.29324,2023-10-14 21:00:00,NASA,Aqua,Fire inside Sitrep,SUMSEL,13215,2023,2023:13215,2023,24639,,,,,,,,False
105.681465149,-3.5574862957,2023-10-14 21:00:00,LAPAN,Aqua,Fire inside Sitrep,SUMSEL,13216,2023,2023:13216,2023,24640,,,,,,,,False
105.409973145,-3.3010623455,2023-10-14 21:00:00,LAPAN,Aqua,Fire inside Sitrep,SUMSEL,13217,2023,2023:13217,2023,24641,,,,,,,,False
105.504768372,-3.35278749466,2023-10-14 21:00:00,LAPAN,Aqua,Fire inside Sitrep,SUMSEL,13218,2023,2023:13218,2023,24642,,,,,,,,False
105.50318,-3.73945,2023-10-14 21:00:00,NASA,Aqua,Fire inside Sitrep,SUMSEL,13219,2023,2023:13219,2023,24643,,,,,,,,False
105.408706665,-3.29219841957,2023-10-14 21:00:00,LAPAN,Aqua,Fire inside Sitrep,SUMSEL,13220,2023,2023:13220,2023,24644,,,,,,,,False
105.55997,-3.75861,2023-10-14 21:00:00,NASA,Aqua,Fire inside Sitrep,SUMSEL,13221,2023,2023:13221,2023,24645,,,,,,,,False
105.55114,-3.75985,2023-10-14 21:00:00,NASA,Aqua,Fire inside Sitrep,SUMSEL,13222,2023,2023:13222,2023,24646,,,,,,,,False
105.503135681,-3.73964953423,2023-10-14 21:00:00,LAPAN,Aqua,Fire inside Sitrep,SUMSEL,13223,2023,2023:13223,2023,24647,,,,,,,,False
105.559928894,-3.7588121891,2023-10-14 21:00:00,LAPAN,Aqua,Fire inside Sitrep,SUMSEL,13224,2023,2023:13224,2023,24648,,,,,,,,False
105.251220703,-3.09387564659,2023-10-14 21:00:00,LAPAN,Aqua,Fire inside Sitrep,SUMSEL,13225,2023,2023:13225,2023,24649,,,,,,,,False
103.435585022,-2.24105000496,2023-10-14 21:00:00,LAPAN,Aqua,Verified No fire,SUMSEL MUBA,13226,2023,2023:13226,2023,24650,,,,,,,,False
105.54987,-3.75099,2023-10-14 21:00:00,NASA,Aqua,Fire inside Sitrep,SUMSEL,13227,2023,2023:13227,2023,24651,,,,,,,,False
103.48273,-2.29973,2023-10-14 22:00:00,NASA,Aqua,Verified No fire,SUMSEL MUBA,13228,2023,2023:13228,2023,24652,,,,,,,,False
103.43577,-2.24084,2023-10-14 22:00:00,NASA,Aqua,Verified No fire,SUMSEL MUBA,13229,2023,2023:13229,2023,24653,,,,,,,,False
103.30341,-2.462,2023-10-14 22:00:00,NASA,Aqua,Verified No fire,SUMSEL MUBA,13230,2023,2023:13230,2023,24654,,,,,,,,False
103.43272,-2.28805,2023-10-14 22:00:00,NASA,Aqua,Verified No fire,SUMSEL MUBA,13231,2023,2023:13231,2023,24655,,,,,,,,False
102.77019,-1.25677,2023-10-14 22:00:00,NASA,Aqua,Verified No fire,JAMBI SMF,13232,2023,2023:13232,2023,24656,,,,,,,,False
105.24245,-3.09492,2023-10-14 22:00:00,NASA,Aqua,Fire inside Sitrep,SUMSEL,13233,2023,2023:13233,2023,24657,,,,,,,,False
105.24119,-3.08605,2023-10-14 22:00:00,NASA,Aqua,Verified No fire,SUMSEL,13234,2023,2023:13234,2023,24658,,,,,,,,False
105.25127,-3.09368,2023-10-14 22:00:00,NASA,Aqua,Fire inside Sitrep,SUMSEL,13235,2023,2023:13235,2023,24659,,,,,,,,False
105.26891,-3.09121,2023-10-14 22:00:00,NASA,Aqua,Verified No fire,SUMSEL,13236,2023,2023:13236,2023,24660,,,,,,,,False
102.76871,-1.24742,2023-10-14 22:00:00,NASA,Aqua,Verified No fire,JAMBI SMF,13237,2023,2023:13237,2023,24661,,,,,,,,False
103.29374,-2.46334,2023-10-14 22:00:00,NASA,Aqua,Verified No fire,SUMSEL MUBA,13238,2023,2023:13238,2023,24662,,,,,,,,False
105.63125,-3.12341,2023-10-14 22:00:00,NASA,Aqua,Fire inside Sitrep,SUMSEL,13239,2023,2023:13239,2023,24663,,,,,,,,False
105.27774,-3.08997,2023-10-14 22:00:00,NASA,Aqua,Verified No fire,SUMSEL,13240,2023,2023:13240,2023,24664,,,,,,,,False
105.23237,-3.08729,2023-10-14 22:00:00,NASA,Aqua,Fire inside Sitrep,SUMSEL,13241,2023,2023:13241,2023,24665,,,,,,,,False
103.47326,-2.30107,2023-10-14 22:00:00,NASA,Aqua,Verified No fire,SUMSEL MUBA,13242,2023,2023:13242,2023,24666,,,,,,,,False
103.6718,-2.1961,2023-10-15 10:00:00,NASA,Aqua,Verified No fire,SUMSEL MUBA,13564,2023,2023:13564,2023,24988,,,,,,,,False
103.43037,-2.28879,2023-10-15 10:00:00,NASA,Aqua,Verified No fire,SUMSEL MUBA,13565,2023,2023:13565,2023,24989,,,,,,,,False
105.22634,-3.09011,2023-10-15 10:00:00,NASA,Aqua,Fire inside Sitrep,SUMSEL,13566,2023,2023:13566,2023,24990,,,,,,,,False
103.30935,-2.46661,2023-10-15 10:00:00,NASA,Aqua,Verified No fire,SUMSEL MUBA,13567,2023,2023:13567,2023,24991,,,,,,,,False
103.2957,-2.46467,2023-10-15 10:00:00,NASA,Aqua,Verified No fire,SUMSEL MUBA,13568,2023,2023:13568,2023,24992,,,,,,,,False
102.93762,-0.921,2023-10-15 10:00:00,NASA,Aqua,Verified No fire,JAMBI SMF,13569,2023,2023:13569,2023,24993,,,,,,,,False
103.665672302,-2.1957962513,2023-10-15 10:00:00,LAPAN,Aqua,Verified No fire,SUMSEL MUBA,13570,2023,2023:13570,2023,24994,,,,,,,,False
103.430923462,-2.28867387772,2023-10-15 10:00:00,LAPAN,Aqua,Verified No fire,SUMSEL MUBA,13571,2023,2023:13571,2023,24995,,,,,,,,False
105.60189,-3.01318,2023-10-15 10:00:00,NASA,Aqua,Fire inside Sitrep,SUMSEL,13572,2023,2023:13572,2023,24996,,,,,,,,False
105.24609,-3.09284,2023-10-15 10:00:00,NASA,Aqua,Fire inside Sitrep,SUMSEL,13573,2023,2023:13573,2023,24997,,,,,,,,False
103.67225647,-2.19596791267,2023-10-15 10:00:00,LAPAN,Aqua,Verified No fire,SUMSEL MUBA,13574,2023,2023:13574,2023,24998,,,,,,,,False
105.19663,-3.09117,2023-10-15 22:00:00,NASA,Aqua,Fire inside Sitrep,SUMSEL,13652,2023,2023:13652,2023,25076,,,,,,,,False
105.22902,-3.08342,2023-10-15 22:00:00,NASA,Aqua,Fire inside Sitrep,SUMSEL,13653,2023,2023:13653,2023,25077,,,,,,,,False
105.23626,-3.08493,2023-10-15 22:00:00,NASA,Aqua,Fire inside Sitrep,SUMSEL,13654,2023,2023:13654,2023,25078,,,,,,,,False
103.55339,-2.14378,2023-10-15 22:00:00,NASA,Aqua,Verified No fire,SUMSEL MUBA,13655,2023,2023:13655,2023,25079,,,,,,,,False
103.54863,-2.14839,2023-10-15 22:00:00,NASA,Aqua,Verified No fire,SUMSEL MUBA,13656,2023,2023:13656,2023,25080,,,,,,,,False
105.22581,-3.08864,2023-10-16 02:00:00,NASA,Aqua,Fire inside Sitrep,SUMSEL,13879,2023,2023:13879,2023,25303,,,,,,,,False
105.23663,-3.08083,2023-10-16 02:00:00,NASA,Aqua,Verified No fire,SUMSEL,13880,2023,2023:13880,2023,25304,,,,,,,,False
105.64394,-3.14032,2023-10-16 02:00:00,NASA,Aqua,Fire inside Sitrep,SUMSEL,13882,2023,2023:13882,2023,25306,,,,,,,,False
105.58857,-3.01204,2023-10-16 02:00:00,NASA,Aqua,Fire inside Sitrep,SUMSEL,13894,2023,2023:13894,2023,25318,,,,,,,,False
105.59501,-3.00622,2023-10-16 02:00:00,NASA,Aqua,Fire inside Sitrep,SUMSEL,13896,2023,2023:13896,2023,25320,,,,,,,,False
105.59634,-2.99687,2023-10-16 02:00:00,NASA,Aqua,Fire inside Sitrep,SUMSEL,13909,2023,2023:13909,2023,25333,,,,,,,,False
105.55307,-3.76269,2023-10-16 02:00:00,NASA,Aqua,Fire inside Sitrep,SUMSEL,13912,2023,2023:13912,2023,25336,,,,,,,,False
105.68261,-3.5529,2023-10-16 02:00:00,NASA,Aqua,Fire inside Sitrep,SUMSEL,13915,2023,2023:13915,2023,25339,,,,,,,,False
105.56437,-3.75472,2023-10-16 02:00:00,NASA,Aqua,Fire inside Sitrep,SUMSEL,13919,2023,2023:13919,2023,25343,,,,,,,,False
105.55441,-3.75329,2023-10-16 02:00:00,NASA,Aqua,Fire inside Sitrep,SUMSEL,13927,2023,2023:13927,2023,25351,,,,,,,,False
105.60616,-2.99833,2023-10-16 02:00:00,NASA,Aqua,Fire inside Sitrep,SUMSEL,13935,2023,2023:13935,2023,25359,,,,,,,,False
105.5852,-3.00476,2023-10-16 02:00:00,NASA,Aqua,Fire inside Sitrep,SUMSEL,13936,2023,2023:13936,2023,25360,,,,,,,,False
105.46323,-3.72391,2023-10-16 02:00:00,NASA,Aqua,Fire inside Sitrep,SUMSEL,13938,2023,2023:13938,2023,25362,,,,,,,,False
105.22713,-3.07943,2023-10-16 02:00:00,NASA,Aqua,Fire inside Sitrep,SUMSEL,13942,2023,2023:13942,2023,25366,,,,,,,,False
105.23531,-3.09003,2023-10-16 02:00:00,NASA,Aqua,Fire inside Sitrep,SUMSEL,13954,2023,2023:13954,2023,25378,,,,,,,,False
105.5061,-3.73674,2023-10-16 02:00:00,NASA,Aqua,Fire inside Sitrep,SUMSEL,13968,2023,2023:13968,2023,25392,,,,,,,,False
105.67258,-3.55142,2023-10-16 02:00:00,NASA,Aqua,Fire inside Sitrep,SUMSEL,13970,2023,2023:13970,2023,25394,,,,,,,,False
105.24483,-3.09143,2023-10-16 02:00:00,NASA,Aqua,Fire inside Sitrep,SUMSEL,13973,2023,2023:13973,2023,25397,,,,,,,,False
105.50901031,-3.74019742,2023-10-16 13:00:00,LAPAN,NOAA20,Fire inside Sitrep,SUMSEL,14921,2023,2023:14921,2023,26345,,,,,,,,False
105.35427094,-2.6168561,2023-10-16 13:00:00,LAPAN,NOAA20,Verified Fire,SUMSEL,15274,2023,2023:15274,2023,26698,,,,,,,,False
105.683082581,-3.56140375137,2023-10-16 14:00:00,LAPAN,Aqua,Fire inside Sitrep,SUMSEL,15515,2023,2023:15515,2023,26939,,,,,,,,False
105.470779419,-3.35679459572,2023-10-16 14:00:00,LAPAN,Aqua,Fire inside Sitrep,SUMSEL,15529,2023,2023:15529,2023,26953,,,,,,,,False
105.476699829,-3.35942554474,2023-10-16 14:00:00,LAPAN,Aqua,Fire inside Sitrep,SUMSEL,15530,2023,2023:15530,2023,26954,,,,,,,,False
105.511665344,-3.35394001007,2023-10-16 14:00:00,LAPAN,Aqua,Fire inside Sitrep,SUMSEL,15536,2023,2023:15536,2023,26960,,,,,,,,False
103.44395,-2.26975,2023-10-16 21:00:00,NASA,Aqua,Verified No fire,SUMSEL MUBA,15558,2023,2023:15558,2023,26982,,,,,,,,False
103.449325562,-2.27336931229,2023-10-16 21:00:00,LAPAN,Aqua,Verified No fire,SUMSEL MUBA,15559,2023,2023:15559,2023,26983,,,,,,,,False
105.220878601,-3.07838582993,2023-10-16 21:00:00,LAPAN,Aqua,Fire inside Sitrep,SUMSEL,15560,2023,2023:15560,2023,26984,,,,,,,,False
103.25038,-2.48271,2023-10-16 21:00:00,NASA,Aqua,Verified No fire,SUMSEL MUBA,15561,2023,2023:15561,2023,26985,,,,,,,,False
103.27998,-2.46345,2023-10-16 21:00:00,NASA,Aqua,Verified No fire,SUMSEL MUBA,15562,2023,2023:15562,2023,26986,,,,,,,,False
105.459762573,-3.72131061554,2023-10-16 21:00:00,LAPAN,Aqua,Fire inside Sitrep,SUMSEL,15563,2023,2023:15563,2023,26987,,,,,,,,False
105.502037048,-3.7371931076,2023-10-16 21:00:00,LAPAN,Aqua,Fire inside Sitrep,SUMSEL,15564,2023,2023:15564,2023,26988,,,,,,,,False
105.235740662,-3.08732938766,2023-10-16 21:00:00,LAPAN,Aqua,Fire inside Sitrep,SUMSEL,15565,2023,2023:15565,2023,26989,,,,,,,,False
105.23593,-3.0871,2023-10-16 21:00:00,NASA,Aqua,Fire inside Sitrep,SUMSEL,15566,2023,2023:15566,2023,26990,,,,,,,,False
102.83538,-1.13831,2023-10-16 21:00:00,NASA,Aqua,Verified Fire,JAMBI SMF,15567,2023,2023:15567,2023,26991,,,,,,,,False
105.5872,-3.00034,2023-10-16 21:00:00,NASA,Aqua,Fire inside Sitrep,SUMSEL,15568,2023,2023:15568,2023,26992,,,,,,,,False
105.587051392,-3.00055861473,2023-10-16 21:00:00,LAPAN,Aqua,Fire inside Sitrep,SUMSEL,15569,2023,2023:15569,2023,26993,,,,,,,,False
105.592605591,-2.99570870399,2023-10-16 21:00:00,LAPAN,Aqua,Fire inside Sitrep,SUMSEL,15570,2023,2023:15570,2023,26994,,,,,,,,False
105.59276,-2.99549,2023-10-16 21:00:00,NASA,Aqua,Fire inside Sitrep,SUMSEL,15571,2023,2023:15571,2023,26995,,,,,,,,False
105.58575,-2.98987,2023-10-16 21:00:00,NASA,Aqua,Fire inside Sitrep,SUMSEL,15572,2023,2023:15572,2023,26996,,,,,,,,False
105.58018,-2.99718,2023-10-16 21:00:00,NASA,Aqua,Verified No fire,SUMSEL,15573,2023,2023:15573,2023,26997,,,,,,,,False
105.58001709,-2.9973962307,2023-10-16 21:00:00,LAPAN,Aqua,Verified No fire,SUMSEL,15574,2023,2023:15574,2023,26998,,,,,,,,False
105.23444,-3.07634,2023-10-16 21:00:00,NASA,Aqua,Verified No fire,SUMSEL,15575,2023,2023:15575,2023,26999,,,,,,,,False
105.22255,-3.08894,2023-10-16 21:00:00,NASA,Aqua,Fire inside Sitrep,SUMSEL,15576,2023,2023:15576,2023,27000,,,,,,,,False
105.50222,-3.73697,2023-10-16 21:00:00,NASA,Aqua,Fire inside Sitrep,SUMSEL,15577,2023,2023:15577,2023,27001,,,,,,,,False
105.585609436,-2.99009251595,2023-10-16 21:00:00,LAPAN,Aqua,Fire inside Sitrep,SUMSEL,15578,2023,2023:15578,2023,27002,,,,,,,,False
103.249656677,-2.48301005363,2023-10-16 21:00:00,LAPAN,Aqua,Verified No fire,SUMSEL MUBA,15579,2023,2023:15579,2023,27003,,,,,,,,False
103.279296875,-2.46374750137,2023-10-16 21:00:00,LAPAN,Aqua,Verified No fire,SUMSEL MUBA,15580,2023,2023:15580,2023,27004,,,,,,,,False
103.44992,-2.27309,2023-10-16 21:00:00,NASA,Aqua,Verified No fire,SUMSEL MUBA,15581,2023,2023:15581,2023,27005,,,,,,,,False
105.25077,-3.09603,2023-10-16 21:00:00,NASA,Aqua,Fire inside Sitrep,SUMSEL,15582,2023,2023:15582,2023,27006,,,,,,,,False
105.445121765,-3.71242833138,2023-10-16 21:00:00,LAPAN,Aqua,Fire inside Sitrep,SUMSEL,15583,2023,2023:15583,2023,27007,,,,,,,,False
105.458297729,-3.71062064171,2023-10-16 21:00:00,LAPAN,Aqua,Fire inside Sitrep,SUMSEL,15584,2023,2023:15584,2023,27008,,,,,,,,False
105.5095,-3.69255,2023-10-16 21:00:00,NASA,Aqua,Fire inside Sitrep,SUMSEL,15585,2023,2023:15585,2023,27009,,,,,,,,False
105.22105,-3.07816,2023-10-16 21:00:00,NASA,Aqua,Fire inside Sitrep,SUMSEL,15586,2023,2023:15586,2023,27010,,,,,,,,False
105.7924,-3.3467,2023-10-16 21:00:00,NASA,Aqua,Fire inside Sitrep,SUMSEL,15587,2023,2023:15587,2023,27011,,,,,,,,False
105.58163,-3.00765,2023-10-16 21:00:00,NASA,Aqua,Verified No fire,SUMSEL,15588,2023,2023:15588,2023,27012,,,,,,,,False
105.581474304,-3.00787138939,2023-10-16 21:00:00,LAPAN,Aqua,Fire inside Sitrep,SUMSEL,15589,2023,2023:15589,2023,27013,,,,,,,,False
105.45995,-3.72108,2023-10-16 21:00:00,NASA,Aqua,Fire inside Sitrep,SUMSEL,15590,2023,2023:15590,2023,27014,,,,,,,,False
105.66689,-3.54722,2023-10-16 21:00:00,NASA,Aqua,Fire inside Sitrep,SUMSEL,15591,2023,2023:15591,2023,27015,,,,,,,,False
105.23425293,-3.07656431198,2023-10-16 21:00:00,LAPAN,Aqua,Verified No fire,SUMSEL,15592,2023,2023:15592,2023,27016,,,,,,,,False
103.443267822,-2.2700521946,2023-10-16 21:00:00,LAPAN,Aqua,Verified No fire,SUMSEL MUBA,15593,2023,2023:15593,2023,27017,,,,,,,,False
105.44531,-3.7122,2023-10-16 21:00:00,NASA,Aqua,Fire inside Sitrep,SUMSEL,15594,2023,2023:15594,2023,27018,,,,,,,,False
105.45849,-3.71039,2023-10-16 21:00:00,NASA,Aqua,Fire inside Sitrep,SUMSEL,15595,2023,2023:15595,2023,27019,,,,,,,,False
105.222366333,-3.08916211128,2023-10-16 21:00:00,LAPAN,Aqua,Fire inside Sitrep,SUMSEL,15596,2023,2023:15596,2023,27020,,,,,,,,False
105.55683,-3.76035,2023-10-17 10:00:00,NASA,Aqua,Fire inside Sitrep,SUMSEL,15938,2023,2023:15938,2023,27362,,,,,,,,False
105.5064,-3.73335,2023-10-17 10:00:00,NASA,Aqua,Fire inside Sitrep,SUMSEL,15939,2023,2023:15939,2023,27363,,,,,,,,False
103.2445,-2.51235,2023-10-17 10:00:00,NASA,Aqua,Verified Fire,SUMSEL MUBA,15940,2023,2023:15940,2023,27364,,,,,,,,False
103.4498,-2.21131,2023-10-17 10:00:00,NASA,Aqua,Verified No fire,SUMSEL MUBA,15941,2023,2023:15941,2023,27365,,,,,,,,False
105.27256,-3.09908,2023-10-17 10:00:00,NASA,Aqua,Fire inside Sitrep,SUMSEL,15942,2023,2023:15942,2023,27366,,,,,,,,False
103.25333,-2.51363,2023-10-17 10:00:00,NASA,Aqua,Verified Fire,SUMSEL MUBA,15943,2023,2023:15943,2023,27367,,,,,,,,False
103.46883,-2.26848,2023-10-17 10:00:00,NASA,Aqua,Verified No fire,SUMSEL MUBA,15944,2023,2023:15944,2023,27368,,,,,,,,False
105.27248,-2.99745,2023-10-17 10:00:00,NASA,Aqua,Verified No fire,SUMSEL,15945,2023,2023:15945,2023,27369,,,,,,,,False
103.47767,-2.26977,2023-10-17 10:00:00,NASA,Aqua,Verified No fire,SUMSEL MUBA,15946,2023,2023:15946,2023,27370,,,,,,,,False
105.6469,-3.10918,2023-10-17 10:00:00,NASA,Aqua,Fire inside Sitrep,SUMSEL,15947,2023,2023:15947,2023,27371,,,,,,,,False
105.63633,-3.10766,2023-10-17 10:00:00,NASA,Aqua,Fire inside Sitrep,SUMSEL,15948,2023,2023:15948,2023,27372,,,,,,,,False
103.29485,-2.47436,2023-10-17 10:00:00,NASA,Aqua,Verified No fire,SUMSEL MUBA,15949,2023,2023:15949,2023,27373,,,,,,,,False
105.72823,-3.56106,2023-10-17 10:00:00,NASA,Aqua,Fire inside Sitrep,SUMSEL,15950,2023,2023:15950,2023,27374,,,,,,,,False
105.56749,-3.76189,2023-10-17 10:00:00,NASA,Aqua,Fire inside Sitrep,SUMSEL,15951,2023,2023:15951,2023,27375,,,,,,,,False
105.64557,-3.11885,2023-10-17 10:00:00,NASA,Aqua,Fire inside Sitrep,SUMSEL,15952,2023,2023:15952,2023,27376,,,,,,,,False
105.24356,-3.08535,2023-10-17 10:00:00,NASA,Aqua,Verified No fire,SUMSEL,15953,2023,2023:15953,2023,27377,,,,,,,,False
103.30368,-2.47565,2023-10-17 10:00:00,NASA,Aqua,Verified No fire,SUMSEL MUBA,15954,2023,2023:15954,2023,27378,,,,,,,,False
103.28728,-2.4642,2023-10-17 10:00:00,NASA,Aqua,Verified No fire,SUMSEL MUBA,15955,2023,2023:15955,2023,27379,,,,,,,,False
105.54483,-3.40016,2023-10-17 10:00:00,NASA,Aqua,Fire inside Sitrep,SUMSEL,15956,2023,2023:15956,2023,27380,,,,,,,,False
105.50467682,-3.34514308,2023-10-17 13:00:00,LAPAN,NOAA20,Fire inside Sitrep,SUMSEL,16678,2023,2023:16678,2023,28102,,,,,,,,False
105.52398682,-3.35248756,2023-10-17 13:00:00,LAPAN,NOAA20,Fire inside Sitrep,SUMSEL,16804,2023,2023:16804,2023,28228,,,,,,,,False
105.78421,-3.58298,2023-10-17 22:00:00,NASA,Aqua,Fire inside Sitrep,SUMSEL,17200,2023,2023:17200,2023,28624,,,,,,,,False
105.53616,-3.3973,2023-10-17 22:00:00,NASA,Aqua,Fire inside Sitrep,SUMSEL,17201,2023,2023:17201,2023,28625,,,,,,,,False
105.23627,-3.07626,2023-10-17 22:00:00,NASA,Aqua,Verified No fire,SUMSEL,17202,2023,2023:17202,2023,28626,,,,,,,,False
105.29407,-3.08028,2023-10-17 22:00:00,NASA,Aqua,Verified No fire,SUMSEL,17203,2023,2023:17203,2023,28627,,,,,,,,False
105.60468,-3.78065,2023-10-17 22:00:00,NASA,Aqua,Fire inside Sitrep,SUMSEL,17204,2023,2023:17204,2023,28628,,,,,,,,False
105.56239,-3.76115,2023-10-17 22:00:00,NASA,Aqua,Fire inside Sitrep,SUMSEL,17205,2023,2023:17205,2023,28629,,,,,,,,False
105.58762,-2.97025,2023-10-17 22:00:00,NASA,Aqua,Fire inside Sitrep,SUMSEL,17206,2023,2023:17206,2023,28630,,,,,,,,False
105.61853,-3.77812,2023-10-17 22:00:00,NASA,Aqua,Fire inside Sitrep,SUMSEL,17207,2023,2023:17207,2023,28631,,,,,,,,False
105.45213,-3.71219,2023-10-17 22:00:00,NASA,Aqua,Fire inside Sitrep,SUMSEL,17208,2023,2023:17208,2023,28632,,,,,,,,False
105.28811,-3.07924,2023-10-17 22:00:00,NASA,Aqua,Verified No fire,SUMSEL,17209,2023,2023:17209,2023,28633,,,,,,,,False
105.23211,-3.0873,2023-10-17 22:00:00,NASA,Aqua,Fire inside Sitrep,SUMSEL,17210,2023,2023:17210,2023,28634,,,,,,,,False
105.64468,-3.13242,2023-10-17 22:00:00,NASA,Aqua,Fire inside Sitrep,SUMSEL,17211,2023,2023:17211,2023,28635,,,,,,,,False
105.562339783,-3.76136636734,2023-10-17 22:00:00,LAPAN,Aqua,Fire inside Sitrep,SUMSEL,17212,2023,2023:17212,2023,28636,,,,,,,,False
105.21777,-3.07909,2023-10-17 22:00:00,NASA,Aqua,Fire inside Sitrep,SUMSEL,17213,2023,2023:17213,2023,28637,,,,,,,,False
105.556762695,-3.76134109497,2023-10-17 22:00:00,LAPAN,Aqua,Fire inside Sitrep,SUMSEL,17214,2023,2023:17214,2023,28638,,,,,,,,False
105.63257,-3.09484,2023-10-17 22:00:00,NASA,Aqua,Fire inside Sitrep,SUMSEL,17215,2023,2023:17215,2023,28639,,,,,,,,False
105.23812,-3.08876,2023-10-17 22:00:00,NASA,Aqua,Fire inside Sitrep,SUMSEL,17216,2023,2023:17216,2023,28640,,,,,,,,False
105.23025,-3.0748,2023-10-17 22:00:00,NASA,Aqua,Fire inside Sitrep,SUMSEL,17217,2023,2023:17217,2023,28641,,,,,,,,False
105.618545532,-3.77832984924,2023-10-17 22:00:00,LAPAN,Aqua,Fire inside Sitrep,SUMSEL,17218,2023,2023:17218,2023,28642,,,,,,,,False
105.33544,-3.09976,2023-10-17 22:00:00,NASA,Aqua,Verified No fire,SUMSEL,17219,2023,2023:17219,2023,28643,,,,,,,,False
105.5568,-3.76113,2023-10-17 22:00:00,NASA,Aqua,Fire inside Sitrep,SUMSEL,17220,2023,2023:17220,2023,28644,,,,,,,,False
105.60161591,-3.5596168,2023-10-18 13:00:00,LAPAN,SNPP,Fire inside Sitrep,SUMSEL,17960,2023,2023:17960,2023,29384,,,,,,,,False
105.75380707,-3.60662794,2023-10-18 13:00:00,LAPAN,SNPP,Fire inside Sitrep,SUMSEL,17961,2023,2023:17961,2023,29385,,,,,,,,False
105.76338959,-3.62182093,2023-10-18 13:00:00,LAPAN,SNPP,Fire inside Sitrep,SUMSEL,17962,2023,2023:17962,2023,29386,,,,,,,,False
105.76194763,-3.62279677,2023-10-18 13:00:00,LAPAN,SNPP,Fire inside Sitrep,SUMSEL,17963,2023,2023:17963,2023,29387,,,,,,,,False
105.46042633,-3.71775007,2023-10-18 13:00:00,LAPAN,SNPP,Fire inside Sitrep,SUMSEL,17968,2023,2023:17968,2023,29392,,,,,,,,False
105.46372223,-3.71720195,2023-10-18 13:00:00,LAPAN,SNPP,Fire inside Sitrep,SUMSEL,17971,2023,2023:17971,2023,29395,,,,,,,,False
105.45628357,-3.71297503,2023-10-18 13:00:00,LAPAN,SNPP,Fire inside Sitrep,SUMSEL,17991,2023,2023:17991,2023,29415,,,,,,,,False
105.73016357,-3.87046552,2023-10-18 13:00:00,LAPAN,SNPP,Fire inside Sitrep,SUMSEL,17997,2023,2023:17997,2023,29421,,,,,,,,False
105.39326477,-3.76156354,2023-10-18 13:00:00,LAPAN,SNPP,Fire inside Sitrep,SUMSEL,18004,2023,2023:18004,2023,29428,,,,,,,,False
105.43844604,-3.770509,2023-10-18 13:00:00,LAPAN,SNPP,Fire inside Sitrep,SUMSEL,18009,2023,2023:18009,2023,29433,,,,,,,,False
105.45587158,-3.7949543,2023-10-18 13:00:00,LAPAN,SNPP,Fire inside Sitrep,SUMSEL,18013,2023,2023:18013,2023,29437,,,,,,,,False
105.6187439,-3.776757,2023-10-18 13:00:00,LAPAN,SNPP,Fire inside Sitrep,SUMSEL,18016,2023,2023:18016,2023,29440,,,,,,,,False
105.61952972,-3.78214645,2023-10-18 13:00:00,LAPAN,SNPP,Fire inside Sitrep,SUMSEL,18017,2023,2023:18017,2023,29441,,,,,,,,False
105.39653015,-3.76102734,2023-10-18 13:00:00,LAPAN,SNPP,Fire inside Sitrep,SUMSEL,18021,2023,2023:18021,2023,29445,,,,,,,,False
105.44173431,-3.76997232,2023-10-18 13:00:00,LAPAN,SNPP,Fire inside Sitrep,SUMSEL,18022,2023,2023:18022,2023,29446,,,,,,,,False
105.45452118,-3.77711129,2023-10-18 13:00:00,LAPAN,SNPP,Fire inside Sitrep,SUMSEL,18023,2023,2023:18023,2023,29447,,,,,,,,False
105.45780945,-3.77655125,2023-10-18 13:00:00,LAPAN,SNPP,Fire inside Sitrep,SUMSEL,18024,2023,2023:18024,2023,29448,,,,,,,,False
105.45661163,-3.77846456,2023-10-18 13:00:00,LAPAN,SNPP,Fire inside Sitrep,SUMSEL,18025,2023,2023:18025,2023,29449,,,,,,,,False
105.45535278,-3.78242993,2023-10-18 13:00:00,LAPAN,SNPP,Fire inside Sitrep,SUMSEL,18026,2023,2023:18026,2023,29450,,,,,,,,False
105.4694519,-3.80735993,2023-10-18 13:00:00,LAPAN,SNPP,Fire inside Sitrep,SUMSEL,18027,2023,2023:18027,2023,29451,,,,,,,,False
105.54179382,-3.85557294,2023-10-18 13:00:00,LAPAN,SNPP,Fire inside Sitrep,SUMSEL,18033,2023,2023:18033,2023,29457,,,,,,,,False
105.53845978,-3.8561182,2023-10-18 13:00:00,LAPAN,SNPP,Fire inside Sitrep,SUMSEL,18034,2023,2023:18034,2023,29458,,,,,,,,False
105.55427551,-3.84803939,2023-10-18 13:00:00,LAPAN,SNPP,Fire inside Sitrep,SUMSEL,18036,2023,2023:18036,2023,29460,,,,,,,,False
105.38349915,-3.76316571,2023-10-18 13:00:00,LAPAN,SNPP,Fire inside Sitrep,SUMSEL,18046,2023,2023:18046,2023,29470,,,,,,,,False
105.45331573,-3.77899981,2023-10-18 13:00:00,LAPAN,SNPP,Fire inside Sitrep,SUMSEL,18047,2023,2023:18047,2023,29471,,,,,,,,False
105.55085754,-3.82664347,2023-10-18 13:00:00,LAPAN,SNPP,Fire inside Sitrep,SUMSEL,18057,2023,2023:18057,2023,29481,,,,,,,,False
105.45123291,-3.77767134,2023-10-18 13:00:00,LAPAN,SNPP,Fire inside Sitrep,SUMSEL,18058,2023,2023:18058,2023,29482,,,,,,,,False
105.38591766,-3.75733495,2023-10-18 13:00:00,LAPAN,SNPP,Fire inside Sitrep,SUMSEL,18070,2023,2023:18070,2023,29494,,,,,,,,False
105.76774597,-3.62670016,2023-10-18 13:00:00,LAPAN,SNPP,Fire inside Sitrep,SUMSEL,18071,2023,2023:18071,2023,29495,,,,,,,,False
105.75846863,-3.62338758,2023-10-18 13:00:00,LAPAN,SNPP,Fire inside Sitrep,SUMSEL,18077,2023,2023:18077,2023,29501,,,,,,,,False
105.77906799,-3.58571315,2023-10-18 13:00:00,LAPAN,SNPP,Verified Fire,SUMSEL,18078,2023,2023:18078,2023,29502,,,,,,,,False
105.75990295,-3.62238693,2023-10-18 13:00:00,LAPAN,SNPP,Fire inside Sitrep,SUMSEL,18085,2023,2023:18085,2023,29509,,,,,,,,False
105.40092468,-3.25586343,2023-10-18 13:00:00,LAPAN,NOAA20,Fire inside Sitrep,SUMSEL,18086,2023,2023:18086,2023,29510,,,,,,,,False
105.45787811,-3.79838562,2023-10-18 13:00:00,LAPAN,SNPP,Fire inside Sitrep,SUMSEL,18092,2023,2023:18092,2023,29516,,,,,,,,False
105.47190857,-3.80148315,2023-10-18 13:00:00,LAPAN,SNPP,Fire inside Sitrep,SUMSEL,18093,2023,2023:18093,2023,29517,,,,,,,,False
105.51656342,-3.78300238,2023-10-18 13:00:00,LAPAN,SNPP,Fire inside Sitrep,SUMSEL,18094,2023,2023:18094,2023,29518,,,,,,,,False
105.39653778,-3.67041183,2023-10-18 13:00:00,LAPAN,SNPP,Fire inside Sitrep,SUMSEL,18104,2023,2023:18104,2023,29528,,,,,,,,False
105.61615753,-3.78271461,2023-10-18 13:00:00,LAPAN,SNPP,Verified Fire,SUMSEL,18112,2023,2023:18112,2023,29536,,,,,,,,False
105.3867569,-3.76263118,2023-10-18 13:00:00,LAPAN,SNPP,Fire inside Sitrep,SUMSEL,18113,2023,2023:18113,2023,29537,,,,,,,,False
105.73990631,-3.62946439,2023-10-19 00:00:00,LAPAN,SNPP,Fire inside Sitrep,SUMSEL,18197,2023,2023:18197,2023,29621,,,,,,,,False
105.74862671,-3.63479066,2023-10-19 00:00:00,LAPAN,SNPP,Fire inside Sitrep,SUMSEL,18198,2023,2023:18198,2023,29622,,,,,,,,False
105.7445755,-3.63022208,2023-10-19 00:00:00,LAPAN,SNPP,Fire inside Sitrep,SUMSEL,18199,2023,2023:18199,2023,29623,,,,,,,,False
105.82904053,-3.43548632,2023-10-19 00:00:00,LAPAN,SNPP,Fire inside Sitrep,SUMSEL,18200,2023,2023:18200,2023,29624,,,,,,,,False
105.76992035,-3.38675046,2023-10-19 00:00:00,LAPAN,SNPP,Fire inside Sitrep,SUMSEL,18201,2023,2023:18201,2023,29625,,,,,,,,False
105.7705307,-3.38293076,2023-10-19 00:00:00,LAPAN,SNPP,Fire inside Sitrep,SUMSEL,18202,2023,2023:18202,2023,29626,,,,,,,,False
105.75759125,-3.60886955,2023-10-19 00:00:00,LAPAN,SNPP,Fire inside Sitrep,SUMSEL,18203,2023,2023:18203,2023,29627,,,,,,,,False
105.28965759,-3.08339047,2023-10-19 00:00:00,LAPAN,SNPP,Fire inside Sitrep,SUMSEL,18204,2023,2023:18204,2023,29628,,,,,,,,False
105.7790451,-3.5826087,2023-10-19 00:00:00,LAPAN,SNPP,Fire inside Sitrep,SUMSEL,18205,2023,2023:18205,2023,29629,,,,,,,,False
105.28668976,-3.08457613,2023-10-19 00:00:00,LAPAN,SNPP,Fire inside Sitrep,SUMSEL,18206,2023,2023:18206,2023,29630,,,,,,,,False
105.56159973,-3.76012158,2023-10-19 00:00:00,LAPAN,SNPP,Fire inside Sitrep,SUMSEL,18207,2023,2023:18207,2023,29631,,,,,,,,False
105.56096649,-3.76397038,2023-10-19 00:00:00,LAPAN,SNPP,Fire inside Sitrep,SUMSEL,18208,2023,2023:18208,2023,29632,,,,,,,,False
105.61035156,-3.76001573,2023-10-19 00:00:00,LAPAN,SNPP,Fire inside Sitrep,SUMSEL,18209,2023,2023:18209,2023,29633,,,,,,,,False
105.41310883,-3.1439569,2023-10-19 00:00:00,LAPAN,SNPP,Fire inside Sitrep,SUMSEL,18210,2023,2023:18210,2023,29634,,,,,,,,False
105.41805267,-3.1447587,2023-10-19 00:00:00,LAPAN,SNPP,Fire inside Sitrep,SUMSEL,18211,2023,2023:18211,2023,29635,,,,,,,,False
105.74765778,-3.61115694,2023-10-19 00:00:00,LAPAN,SNPP,Fire inside Sitrep,SUMSEL,18212,2023,2023:18212,2023,29636,,,,,,,,False
105.74360657,-3.60658026,2023-10-19 00:00:00,LAPAN,SNPP,Fire inside Sitrep,SUMSEL,18213,2023,2023:18213,2023,29637,,,,,,,,False
105.67428589,-3.54631829,2023-10-19 00:00:00,LAPAN,SNPP,Fire inside Sitrep,SUMSEL,18214,2023,2023:18214,2023,29638,,,,,,,,False
105.61161804,-3.43595409,2023-10-19 00:00:00,LAPAN,SNPP,Fire inside Sitrep,SUMSEL,18215,2023,2023:18215,2023,29639,,,,,,,,False
105.61223602,-3.43209887,2023-10-19 00:00:00,LAPAN,SNPP,Fire inside Sitrep,SUMSEL,18216,2023,2023:18216,2023,29640,,,,,,,,False
105.28838348,-3.09129286,2023-10-19 00:00:00,LAPAN,SNPP,Fire inside Sitrep,SUMSEL,18217,2023,2023:18217,2023,29641,,,,,,,,False
105.29239655,-3.08142161,2023-10-19 00:00:00,LAPAN,SNPP,Fire inside Sitrep,SUMSEL,18218,2023,2023:18218,2023,29642,,,,,,,,False
105.28460693,-3.08255839,2023-10-19 00:00:00,LAPAN,SNPP,Fire inside Sitrep,SUMSEL,18219,2023,2023:18219,2023,29643,,,,,,,,False
105.28397369,-3.08651114,2023-10-19 00:00:00,LAPAN,SNPP,Fire inside Sitrep,SUMSEL,18220,2023,2023:18220,2023,29644,,,,,,,,False
105.29533386,-3.08027196,2023-10-19 00:00:00,LAPAN,SNPP,Verified No fire,SUMSEL,18221,2023,2023:18221,2023,29645,,,,,,,,False
105.60311127,-3.77461147,2023-10-19 00:00:00,LAPAN,SNPP,Fire inside Sitrep,SUMSEL,18222,2023,2023:18222,2023,29646,,,,,,,,False
105.41616058,-3.15650773,2023-10-19 00:00:00,LAPAN,SNPP,Fire inside Sitrep,SUMSEL,18223,2023,2023:18223,2023,29647,,,,,,,,False
105.41120911,-3.15570903,2023-10-19 00:00:00,LAPAN,SNPP,Fire inside Sitrep,SUMSEL,18224,2023,2023:18224,2023,29648,,,,,,,,False
105.4068985,-3.15099263,2023-10-19 00:00:00,LAPAN,SNPP,Fire inside Sitrep,SUMSEL,18225,2023,2023:18225,2023,29649,,,,,,,,False
105.41248322,-3.14787507,2023-10-19 00:00:00,LAPAN,SNPP,Fire inside Sitrep,SUMSEL,18226,2023,2023:18226,2023,29650,,,,,,,,False
105.42236328,-3.14947462,2023-10-19 00:00:00,LAPAN,SNPP,Fire inside Sitrep,SUMSEL,18227,2023,2023:18227,2023,29651,,,,,,,,False
105.6348877,-3.08787084,2023-10-19 00:00:00,LAPAN,SNPP,Fire inside Sitrep,SUMSEL,18228,2023,2023:18228,2023,29652,,,,,,,,False
105.65411377,-3.09096217,2023-10-19 00:00:00,LAPAN,SNPP,Fire inside Sitrep,SUMSEL,18229,2023,2023:18229,2023,29653,,,,,,,,False
105.61732483,-3.77686787,2023-10-19 00:00:00,LAPAN,SNPP,Fire inside Sitrep,SUMSEL,18230,2023,2023:18230,2023,29654,,,,,,,,False
105.65705109,-3.10331798,2023-10-19 00:00:00,LAPAN,SNPP,Fire inside Sitrep,SUMSEL,18231,2023,2023:18231,2023,29655,,,,,,,,False
105.77965546,-3.57880044,2023-10-19 00:00:00,LAPAN,SNPP,Fire inside Sitrep,SUMSEL,18232,2023,2023:18232,2023,29656,,,,,,,,False
105.71838379,-3.48272467,2023-10-19 00:00:00,LAPAN,SNPP,Fire inside Sitrep,SUMSEL,18233,2023,2023:18233,2023,29657,,,,,,,,False
105.28604889,-3.08852935,2023-10-19 00:00:00,LAPAN,SNPP,Fire inside Sitrep,SUMSEL,18234,2023,2023:18234,2023,29658,,,,,,,,False
105.65766907,-3.09945655,2023-10-19 00:00:00,LAPAN,SNPP,Fire inside Sitrep,SUMSEL,18235,2023,2023:18235,2023,29659,,,,,,,,False
105.28733063,-3.0806241,2023-10-19 00:00:00,LAPAN,SNPP,Verified No fire,SUMSEL,18236,2023,2023:18236,2023,29660,,,,,,,,False
105.61639404,-3.43671584,2023-10-19 00:00:00,LAPAN,SNPP,Fire inside Sitrep,SUMSEL,18237,2023,2023:18237,2023,29661,,,,,,,,False
105.65891266,-3.09173322,2023-10-19 00:00:00,LAPAN,SNPP,Fire inside Sitrep,SUMSEL,18238,2023,2023:18238,2023,29662,,,,,,,,False
105.61795044,-3.77303314,2023-10-19 00:00:00,LAPAN,SNPP,Fire inside Sitrep,SUMSEL,18239,2023,2023:18239,2023,29663,,,,,,,,False
105.29469299,-3.0842216,2023-10-19 00:00:00,LAPAN,SNPP,Fire inside Sitrep,SUMSEL,18240,2023,2023:18240,2023,29664,,,,,,,,False
105.29174805,-3.0853734,2023-10-19 00:00:00,LAPAN,SNPP,Fire inside Sitrep,SUMSEL,18241,2023,2023:18241,2023,29665,,,,,,,,False
105.74519348,-3.62640905,2023-10-19 00:00:00,LAPAN,SNPP,Fire inside Sitrep,SUMSEL,18242,2023,2023:18242,2023,29666,,,,,,,,False
105.77377319,-3.58567905,2023-10-19 00:00:00,LAPAN,SNPP,Fire inside Sitrep,SUMSEL,18243,2023,2023:18243,2023,29667,,,,,,,,False
105.41679382,-3.15259147,2023-10-19 00:00:00,LAPAN,SNPP,Fire inside Sitrep,SUMSEL,18244,2023,2023:18244,2023,29668,,,,,,,,False
105.55683136,-3.75936294,2023-10-19 00:00:00,LAPAN,SNPP,Fire inside Sitrep,SUMSEL,18245,2023,2023:18245,2023,29669,,,,,,,,False
105.76739502,-3.38423562,2023-10-19 00:00:00,LAPAN,SNPP,Fire inside Sitrep,SUMSEL,18246,2023,2023:18246,2023,29670,,,,,,,,False
105.7582016,-3.60505843,2023-10-19 00:00:00,LAPAN,SNPP,Fire inside Sitrep,SUMSEL,18247,2023,2023:18247,2023,29671,,,,,,,,False
105.41184998,-3.15179253,2023-10-19 00:00:00,LAPAN,SNPP,Fire inside Sitrep,SUMSEL,18248,2023,2023:18248,2023,29672,,,,,,,,False
105.40753174,-3.14707398,2023-10-19 00:00:00,LAPAN,SNPP,Fire inside Sitrep,SUMSEL,18249,2023,2023:18249,2023,29673,,,,,,,,False
105.42173767,-3.15338993,2023-10-19 00:00:00,LAPAN,SNPP,Fire inside Sitrep,SUMSEL,18250,2023,2023:18250,2023,29674,,,,,,,,False
105.67901611,-3.54707456,2023-10-19 00:00:00,LAPAN,SNPP,Fire inside Sitrep,SUMSEL,18251,2023,2023:18251,2023,29675,,,,,,,,False
105.650177,-3.14579344,2023-10-19 00:00:00,LAPAN,SNPP,Fire inside Sitrep,SUMSEL,18252,2023,2023:18252,2023,29676,,,,,,,,False
105.65829468,-3.0955956,2023-10-19 00:00:00,LAPAN,SNPP,Fire inside Sitrep,SUMSEL,18253,2023,2023:18253,2023,29677,,,,,,,,False
105.41742706,-3.14867496,2023-10-19 00:00:00,LAPAN,SNPP,Fire inside Sitrep,SUMSEL,18254,2023,2023:18254,2023,29678,,,,,,,,False
105.74396515,-3.63403511,2023-10-19 00:00:00,LAPAN,SNPP,Fire inside Sitrep,SUMSEL,18255,2023,2023:18255,2023,29679,,,,,,,,False
105.28334045,-3.09046412,2023-10-19 00:00:00,LAPAN,SNPP,Verified No fire,SUMSEL,18256,2023,2023:18256,2023,29680,,,,,,,,False
105.28541565,-3.09248352,2023-10-19 00:00:00,LAPAN,SNPP,Fire inside Sitrep,SUMSEL,18257,2023,2023:18257,2023,29681,,,,,,,,False
105.33232117,-3.10660219,2023-10-19 00:00:00,LAPAN,SNPP,Fire inside Sitrep,SUMSEL,18258,2023,2023:18258,2023,29682,,,,,,,,False
105.77842712,-3.58641887,2023-10-19 00:00:00,LAPAN,SNPP,Fire inside Sitrep,SUMSEL,18259,2023,2023:18259,2023,29683,,,,,,,,False
105.74985504,-3.62716675,2023-10-19 00:00:00,LAPAN,SNPP,Fire inside Sitrep,SUMSEL,18260,2023,2023:18260,2023,29684,,,,,,,,False
105.58300018,-3.79652214,2023-10-19 00:00:00,LAPAN,SNPP,Fire inside Sitrep,SUMSEL,18261,2023,2023:18261,2023,29685,,,,,,,,False
105.28901672,-3.08734179,2023-10-19 00:00:00,LAPAN,SNPP,Fire inside Sitrep,SUMSEL,18262,2023,2023:18262,2023,29686,,,,,,,,False
105.741889954,-3.61021566391,2023-10-19 22:00:00,LAPAN,Aqua,Fire inside Sitrep,SUMSEL,18480,2023,2023:18480,2023,29904,,,,,,,,False
105.74192,-3.61001,2023-10-19 22:00:00,NASA,Aqua,Fire inside Sitrep,SUMSEL,18481,2023,2023:18481,2023,29905,,,,,,,,False
105.661621094,-3.46142435074,2023-10-20 13:00:00,LAPAN,Aqua,Fire inside Sitrep,SUMSEL,18618,2023,2023:18618,2023,30042,,,,,,,,False
105.55427,-3.84514,2023-10-20 13:00:00,NASA,Aqua,Fire inside Sitrep,SUMSEL,18653,2023,2023:18653,2023,30077,,,,,,,,False
105.36947,-2.6746,2023-10-21 09:00:00,NASA,Aqua,Verified No fire,SUMSEL,18676,2023,2023:18676,2023,30100,,,,,,,,False
105.59849,-3.00974,2023-10-21 09:00:00,NASA,Aqua,Fire inside Sitrep,SUMSEL,18677,2023,2023:18677,2023,30101,,,,,,,,False
105.60913849,-3.4334209,2023-10-21 12:00:00,LAPAN,SNPP,Fire inside Sitrep,SUMSEL,18678,2023,2023:18678,2023,30102,,,,,,,,False
105.22640228,-3.0832653,2023-10-21 12:00:00,LAPAN,SNPP,Fire inside Sitrep,SUMSEL,18679,2023,2023:18679,2023,30103,,,,,,,,False
105.6734314,-3.43197703,2023-10-21 12:00:00,LAPAN,SNPP,Fire inside Sitrep,SUMSEL,18680,2023,2023:18680,2023,30104,,,,,,,,False
105.79540253,-3.44344926,2023-10-21 12:00:00,LAPAN,SNPP,Fire inside Sitrep,SUMSEL,18681,2023,2023:18681,2023,30105,,,,,,,,False
105.78942108,-3.31247973,2023-10-21 12:00:00,LAPAN,SNPP,Fire inside Sitrep,SUMSEL,18682,2023,2023:18682,2023,30106,,,,,,,,False
105.63868713,-3.45802236,2023-10-21 12:00:00,LAPAN,SNPP,Fire inside Sitrep,SUMSEL,18683,2023,2023:18683,2023,30107,,,,,,,,False
105.74530792,-3.79036951,2023-10-21 12:00:00,LAPAN,SNPP,Fire inside Sitrep,SUMSEL,18684,2023,2023:18684,2023,30108,,,,,,,,False
105.61328888,-3.5778389,2023-10-21 12:00:00,LAPAN,SNPP,Fire inside Sitrep,SUMSEL,18685,2023,2023:18685,2023,30109,,,,,,,,False
105.62393951,-3.57629228,2023-10-21 12:00:00,LAPAN,SNPP,Fire inside Sitrep,SUMSEL,18686,2023,2023:18686,2023,30110,,,,,,,,False
105.23377991,-3.08219552,2023-10-21 12:00:00,LAPAN,SNPP,Fire inside Sitrep,SUMSEL,18687,2023,2023:18687,2023,30111,,,,,,,,False
105.227005,-3.08739161,2023-10-21 12:00:00,LAPAN,SNPP,Fire inside Sitrep,SUMSEL,18688,2023,2023:18688,2023,30112,,,,,,,,False
105.6708374,-3.43278837,2023-10-21 12:00:00,LAPAN,SNPP,Fire inside Sitrep,SUMSEL,18689,2023,2023:18689,2023,30113,,,,,,,,False
105.77700043,-3.4257009,2023-10-21 12:00:00,LAPAN,SNPP,Fire inside Sitrep,SUMSEL,18690,2023,2023:18690,2023,30114,,,,,,,,False
105.67433929,-3.43228579,2023-10-21 12:00:00,LAPAN,SNPP,Fire inside Sitrep,SUMSEL,18691,2023,2023:18691,2023,30115,,,,,,,,False
105.74316406,-3.60820246,2023-10-21 12:00:00,LAPAN,SNPP,Fire inside Sitrep,SUMSEL,18692,2023,2023:18692,2023,30116,,,,,,,,False
105.73748016,-3.64249754,2023-10-21 12:00:00,LAPAN,SNPP,Fire inside Sitrep,SUMSEL,18693,2023,2023:18693,2023,30117,,,,,,,,False
105.88828278,-3.8727479,2023-10-21 12:00:00,LAPAN,SNPP,Fire inside Sitrep,SUMSEL,18694,2023,2023:18694,2023,30118,,,,,,,,False
105.62221527,-3.83741426,2023-10-21 12:00:00,LAPAN,SNPP,Fire inside Sitrep,SUMSEL,18695,2023,2023:18695,2023,30119,,,,,,,,False
105.61804199,-3.83387876,2023-10-21 12:00:00,LAPAN,SNPP,Fire inside Sitrep,SUMSEL,18696,2023,2023:18696,2023,30120,,,,,,,,False
105.45565796,-3.3318181,2023-10-21 12:00:00,LAPAN,SNPP,Fire inside Sitrep,SUMSEL,18697,2023,2023:18697,2023,30121,,,,,,,,False
105.6268692,-3.57173228,2023-10-21 12:00:00,LAPAN,SNPP,Fire inside Sitrep,SUMSEL,18698,2023,2023:18698,2023,30122,,,,,,,,False
105.73399353,-3.64300013,2023-10-21 12:00:00,LAPAN,SNPP,Fire inside Sitrep,SUMSEL,18699,2023,2023:18699,2023,30123,,,,,,,,False
105.23317719,-3.0780704,2023-10-21 12:00:00,LAPAN,SNPP,Fire inside Sitrep,SUMSEL,18700,2023,2023:18700,2023,30124,,,,,,,,False
105.6693573,-3.42847586,2023-10-21 12:00:00,LAPAN,SNPP,Fire inside Sitrep,SUMSEL,18701,2023,2023:18701,2023,30125,,,,,,,,False
105.23008728,-3.08272958,2023-10-21 12:00:00,LAPAN,SNPP,Fire inside Sitrep,SUMSEL,18702,2023,2023:18702,2023,30126,,,,,,,,False
105.74881744,-3.78985763,2023-10-21 12:00:00,LAPAN,SNPP,Fire inside Sitrep,SUMSEL,18703,2023,2023:18703,2023,30127,,,,,,,,False
105.61743927,-3.82981467,2023-10-21 12:00:00,LAPAN,SNPP,Fire inside Sitrep,SUMSEL,18704,2023,2023:18704,2023,30128,,,,,,,,False
105.6576004,-3.95199323,2023-10-21 12:00:00,LAPAN,SNPP,Fire inside Sitrep,SUMSEL,18705,2023,2023:18705,2023,30129,,,,,,,,False
105.74259186,-3.6288228,2023-10-21 12:00:00,LAPAN,SNPP,Fire inside Sitrep,SUMSEL,18706,2023,2023:18706,2023,30130,,,,,,,,False
105.62747192,-3.57577896,2023-10-21 12:00:00,LAPAN,SNPP,Fire inside Sitrep,SUMSEL,18707,2023,2023:18707,2023,30131,,,,,,,,False
105.79175568,-3.328444,2023-10-21 12:00:00,LAPAN,SNPP,Fire inside Sitrep,SUMSEL,18708,2023,2023:18708,2023,30132,,,,,,,,False
105.64220428,-3.45751214,2023-10-21 12:00:00,LAPAN,SNPP,Fire inside Sitrep,SUMSEL,18709,2023,2023:18709,2023,30133,,,,,,,,False
105.61447144,-3.83440638,2023-10-21 12:00:00,LAPAN,SNPP,Fire inside Sitrep,SUMSEL,18710,2023,2023:18710,2023,30134,,,,,,,,False
105.60928345,-3.04820776,2023-10-21 12:00:00,LAPAN,SNPP,Fire inside Sitrep,SUMSEL,18711,2023,2023:18711,2023,30135,,,,,,,,False
105.79024506,-3.44420099,2023-10-21 12:00:00,LAPAN,SNPP,Fire inside Sitrep,SUMSEL,18712,2023,2023:18712,2023,30136,,,,,,,,False
105.58251953,-3.56572747,2023-10-21 12:00:00,LAPAN,SNPP,Fire inside Sitrep,SUMSEL,18713,2023,2023:18713,2023,30137,,,,,,,,False
105.88886261,-3.8767457,2023-10-21 12:00:00,LAPAN,SNPP,Fire inside Sitrep,SUMSEL,18714,2023,2023:18714,2023,30138,,,,,,,,False
105.66995239,-3.43250275,2023-10-21 12:00:00,LAPAN,SNPP,Fire inside Sitrep,SUMSEL,18715,2023,2023:18715,2023,30139,,,,,,,,False
105.23069,-3.08685565,2023-10-21 12:00:00,LAPAN,SNPP,Fire inside Sitrep,SUMSEL,18716,2023,2023:18716,2023,30140,,,,,,,,False
105.22947693,-3.0786047,2023-10-21 12:00:00,LAPAN,SNPP,Fire inside Sitrep,SUMSEL,18717,2023,2023:18717,2023,30141,,,,,,,,False
105.73390961,-3.64245701,2023-10-21 12:00:00,LAPAN,SNPP,Fire inside Sitrep,SUMSEL,18718,2023,2023:18718,2023,30142,,,,,,,,False
105.22617,-3.08598,2023-10-21 21:00:00,NASA,Aqua,Fire inside Sitrep,SUMSEL,18824,2023,2023:18824,2023,30248,,,,,,,,False
105.68362,-3.56978,2023-10-22 10:00:00,NASA,Aqua,Fire inside Sitrep,SUMSEL,18911,2023,2023:18911,2023,30335,,,,,,,,False
105.58815765,-3.91192126,2023-10-23 13:00:00,LAPAN,NOAA20,Fire inside Sitrep,SUMSEL,19309,2023,2023:19309,2023,30733,,,,,,,,False
105.5283432,-3.87208891,2023-10-23 13:00:00,LAPAN,NOAA20,Fire inside Sitrep,SUMSEL,19310,2023,2023:19310,2023,30734,,,,,,,,False
105.5918808,-3.91136718,2023-10-23 13:00:00,LAPAN,NOAA20,Fire inside Sitrep,SUMSEL,19408,2023,2023:19408,2023,30832,,,,,,,,False
105.79087,-3.61553,2023-10-24 09:00:00,NASA,Aqua,Fire inside Sitrep,SUMSEL,19608,2023,2023:19608,2023,31032,,,,,,,,False
105.6788,-3.57204,2023-10-24 09:00:00,NASA,Aqua,Fire inside Sitrep,SUMSEL,19609,2023,2023:19609,2023,31033,,,,,,,,False
105.38615,-3.28033,2023-10-24 09:00:00,NASA,Aqua,Fire inside Sitrep,SUMSEL,19610,2023,2023:19610,2023,31034,,,,,,,,False
105.7133,-3.6498,2023-10-24 09:00:00,NASA,Aqua,Fire inside Sitrep,SUMSEL,19611,2023,2023:19611,2023,31035,,,,,,,,False
105.46263,-3.71468,2023-10-24 09:00:00,NASA,Aqua,Fire inside Sitrep,SUMSEL,19612,2023,2023:19612,2023,31036,,,,,,,,False
105.49047,-3.79269,2023-10-24 09:00:00,NASA,Aqua,Fire inside Sitrep,SUMSEL,19613,2023,2023:19613,2023,31037,,,,,,,,False
105.49796,-3.7393,2023-10-24 09:00:00,NASA,Aqua,Fire inside Sitrep,SUMSEL,19614,2023,2023:19614,2023,31038,,,,,,,,False
105.62148,-3.84939,2023-10-24 09:00:00,NASA,Aqua,Fire inside Sitrep,SUMSEL,19615,2023,2023:19615,2023,31039,,,,,,,,False
105.7044,-3.64851,2023-10-24 09:00:00,NASA,Aqua,Fire inside Sitrep,SUMSEL,19616,2023,2023:19616,2023,31040,,,,,,,,False
105.490585327,-3.79249548912,2023-10-24 09:00:00,LAPAN,Aqua,Fire inside Sitrep,SUMSEL,19617,2023,2023:19617,2023,31041,,,,,,,,False
105.22822,-3.08202,2023-10-24 09:00:00,NASA,Aqua,Fire inside Sitrep,SUMSEL,19618,2023,2023:19618,2023,31042,,,,,,,,False
105.55556,-3.44247,2023-10-24 09:00:00,NASA,Aqua,Fire inside Sitrep,SUMSEL,19619,2023,2023:19619,2023,31043,,,,,,,,False
105.69876,-3.45421,2023-10-24 09:00:00,NASA,Aqua,Fire inside Sitrep,SUMSEL,19620,2023,2023:19620,2023,31044,,,,,,,,False
105.61671,-3.05531,2023-10-24 09:00:00,NASA,Aqua,Fire inside Sitrep,SUMSEL,19621,2023,2023:19621,2023,31045,,,,,,,,False
105.61266327,-3.84724784,2023-10-24 12:00:00,LAPAN,NOAA20,Fire inside Sitrep,SUMSEL,19766,2023,2023:19766,2023,31190,,,,,,,,False
105.587593079,-2.77955746651,2023-10-24 13:00:00,LAPAN,Aqua,Verified No fire,SUMSEL,19785,2023,2023:19785,2023,31209,,,,,,,,False
105.67843,-3.46217,2023-10-24 22:00:00,NASA,Aqua,Fire inside Sitrep,SUMSEL,20010,2023,2023:20010,2023,31434,,,,,,,,False
103.20055,-2.46268,2023-10-24 22:00:00,NASA,Aqua,Verified No fire,SUMSEL MUBA,20011,2023,2023:20011,2023,31435,,,,,,,,False
105.77122,-3.49666,2023-10-24 22:00:00,NASA,Aqua,Fire inside Sitrep,SUMSEL,20012,2023,2023:20012,2023,31436,,,,,,,,False
105.60534,-3.74866,2023-10-24 22:00:00,NASA,Aqua,Fire inside Sitrep,SUMSEL,20013,2023,2023:20013,2023,31437,,,,,,,,False
105.78465,-3.49467,2023-10-24 22:00:00,NASA,Aqua,Fire inside Sitrep,SUMSEL,20014,2023,2023:20014,2023,31438,,,,,,,,False
105.56985,-3.77537,2023-10-24 22:00:00,NASA,Aqua,Fire inside Sitrep,SUMSEL,20015,2023,2023:20015,2023,31439,,,,,,,,False
105.6917,-3.46026,2023-10-24 22:00:00,NASA,Aqua,Fire inside Sitrep,SUMSEL,20016,2023,2023:20016,2023,31440,,,,,,,,False
105.49873,-3.3172,2023-10-25 13:00:00,NASA,Aqua,Fire inside Sitrep,SUMSEL,20293,2023,2023:20293,2023,31717,,,,,,,,False
105.24708,-2.97592,2023-10-25 13:00:00,NASA,Aqua,Fire inside Sitrep,SUMSEL,20297,2023,2023:20297,2023,31721,,,,,,,,False
105.63548,-3.22314,2023-10-25 13:00:00,NASA,Aqua,Fire inside Sitrep,SUMSEL,20300,2023,2023:20300,2023,31724,,,,,,,,False
105.64606,-3.23087,2023-10-25 13:00:00,NASA,Aqua,Fire inside Sitrep,SUMSEL,20365,2023,2023:20365,2023,31789,,,,,,,,False
105.6368,-3.23223,2023-10-25 13:00:00,NASA,Aqua,Fire inside Sitrep,SUMSEL,20366,2023,2023:20366,2023,31790,,,,,,,,False
105.64473,-3.22178,2023-10-25 13:00:00,NASA,Aqua,Fire inside Sitrep,SUMSEL,20367,2023,2023:20367,2023,31791,,,,,,,,False
105.635520935,-3.22314381599,2023-10-25 13:00:00,LAPAN,Aqua,Fire inside Sitrep,SUMSEL,20368,2023,2023:20368,2023,31792,,,,,,,,False
105.524414062,-3.87540650368,2023-10-25 13:00:00,LAPAN,Aqua,Fire inside Sitrep,SUMSEL,20402,2023,2023:20402,2023,31826,,,,,,,,False
105.69533,-3.33375,2023-10-25 13:00:00,NASA,Aqua,Fire inside Sitrep,SUMSEL,20417,2023,2023:20417,2023,31841,,,,,,,,False
105.62631,-3.28945,2023-10-25 13:00:00,NASA,Aqua,Fire inside Sitrep,SUMSEL,20426,2023,2023:20426,2023,31850,,,,,,,,False
105.64215,-3.26859,2023-10-25 13:00:00,NASA,Aqua,Fire inside Sitrep,SUMSEL,20437,2023,2023:20437,2023,31861,,,,,,,,False
105.46136,-3.08289,2023-10-25 13:00:00,NASA,Aqua,Verified No fire,SUMSEL,20460,2023,2023:20460,2023,31884,,,,,,,,False
105.594512939,-3.00776100159,2023-10-25 13:00:00,LAPAN,Aqua,Fire inside Sitrep,SUMSEL,20554,2023,2023:20554,2023,31978,,,,,,,,False
105.25732,-2.91924,2023-10-25 13:00:00,NASA,Aqua,Fire inside Sitrep,SUMSEL,20561,2023,2023:20561,2023,31985,,,,,,,,False
105.258705139,-2.9282541275,2023-10-25 13:00:00,LAPAN,Aqua,Fire inside Sitrep,SUMSEL,20563,2023,2023:20563,2023,31987,,,,,,,,False
105.24693,-2.91156,2023-10-25 13:00:00,NASA,Aqua,Fire inside Sitrep,SUMSEL,20564,2023,2023:20564,2023,31988,,,,,,,,False
105.256,-2.91023,2023-10-25 13:00:00,NASA,Aqua,Fire inside Sitrep,SUMSEL,20566,2023,2023:20566,2023,31990,,,,,,,,False
105.27474,-2.999,2023-10-25 13:00:00,NASA,Aqua,Fire inside Sitrep,SUMSEL,20597,2023,2023:20597,2023,32021,,,,,,,,False
105.636856079,-3.23223352432,2023-10-25 13:00:00,LAPAN,Aqua,Fire inside Sitrep,SUMSEL,20600,2023,2023:20600,2023,32024,,,,,,,,False
105.257385254,-2.91924500465,2023-10-25 13:00:00,LAPAN,Aqua,Fire inside Sitrep,SUMSEL,20609,2023,2023:20609,2023,32033,,,,,,,,False
105.58147,-3.30522,2023-10-25 13:00:00,NASA,Aqua,Fire inside Sitrep,SUMSEL,20629,2023,2023:20629,2023,32053,,,,,,,,False
105.247138977,-2.97592926025,2023-10-25 13:00:00,LAPAN,Aqua,Fire inside Sitrep,SUMSEL,20630,2023,2023:20630,2023,32054,,,,,,,,False
105.63557,-3.28811,2023-10-25 13:00:00,NASA,Aqua,Fire inside Sitrep,SUMSEL,20644,2023,2023:20644,2023,32068,,,,,,,,False
105.52435,-3.8754,2023-10-25 13:00:00,NASA,Aqua,Fire inside Sitrep,SUMSEL,20649,2023,2023:20649,2023,32073,,,,,,,,False
105.25864,-2.92825,2023-10-25 13:00:00,NASA,Aqua,Fire inside Sitrep,SUMSEL,20697,2023,2023:20697,2023,32121,,,,,,,,False
105.70461,-3.33239,2023-10-25 13:00:00,NASA,Aqua,Fire inside Sitrep,SUMSEL,20730,2023,2023:20730,2023,32154,,,,,,,,False
105.498779297,-3.3172044754,2023-10-25 13:00:00,LAPAN,Aqua,Fire inside Sitrep,SUMSEL,20746,2023,2023:20746,2023,32170,,,,,,,,False
105.246986389,-2.91156601906,2023-10-25 13:00:00,LAPAN,Aqua,Fire inside Sitrep,SUMSEL,20782,2023,2023:20782,2023,32206,,,,,,,,False
105.714256287,-3.65443968773,2023-10-25 13:00:00,LAPAN,Aqua,Fire inside Sitrep,SUMSEL,20819,2023,2023:20819,2023,32243,,,,,,,,False
105.60748,-3.05219,2023-10-25 13:00:00,NASA,Aqua,Fire inside Sitrep,SUMSEL,20834,2023,2023:20834,2023,32258,,,,,,,,False
105.5907,-3.30388,2023-10-25 13:00:00,NASA,Aqua,Fire inside Sitrep,SUMSEL,20842,2023,2023:20842,2023,32266,,,,,,,,False
105.78896,-3.61635,2023-10-26 09:00:00,NASA,Aqua,Fire inside Sitrep,SUMSEL,21026,2023,2023:21026,2023,32450,,,,,,,,False
105.28423,-3.05316,2023-10-26 09:00:00,NASA,Aqua,Verified No fire,SUMSEL,21027,2023,2023:21027,2023,32451,,,,,,,,False
105.7576828,-3.6310575,2023-10-26 13:00:00,LAPAN,NOAA20,Fire inside Sitrep,SUMSEL,21030,2023,2023:21030,2023,32454,,,,,,,,False
105.7410202,-3.56513143,2023-10-26 13:00:00,LAPAN,NOAA20,Fire inside Sitrep,SUMSEL,21032,2023,2023:21032,2023,32456,,,,,,,,False
105.73674011,-3.56029272,2023-10-26 13:00:00,LAPAN,NOAA20,Fire inside Sitrep,SUMSEL,21033,2023,2023:21033,2023,32457,,,,,,,,False
105.60440826,-3.03343868,2023-10-26 13:00:00,LAPAN,NOAA20,Fire inside Sitrep,SUMSEL,21034,2023,2023:21034,2023,32458,,,,,,,,False
105.60356903,-3.02803302,2023-10-26 13:00:00,LAPAN,NOAA20,Fire inside Sitrep,SUMSEL,21035,2023,2023:21035,2023,32459,,,,,,,,False
105.73704529,-3.45825338,2023-10-26 13:00:00,LAPAN,NOAA20,Fire inside Sitrep,SUMSEL,21037,2023,2023:21037,2023,32461,,,,,,,,False
105.75304413,-3.61864924,2023-10-26 13:00:00,LAPAN,NOAA20,Fire inside Sitrep,SUMSEL,21050,2023,2023:21050,2023,32474,,,,,,,,False
105.76798248,-3.62931705,2023-10-26 13:00:00,LAPAN,NOAA20,Fire inside Sitrep,SUMSEL,21051,2023,2023:21051,2023,32475,,,,,,,,False
105.74738312,-3.632797,2023-10-26 13:00:00,LAPAN,NOAA20,Fire inside Sitrep,SUMSEL,21052,2023,2023:21052,2023,32476,,,,,,,,False
105.49209595,-3.74121475,2023-10-26 13:00:00,LAPAN,NOAA20,Fire inside Sitrep,SUMSEL,21060,2023,2023:21060,2023,32484,,,,,,,,False
105.63640594,-3.21882248,2023-10-26 13:00:00,LAPAN,NOAA20,Fire inside Sitrep,SUMSEL,21063,2023,2023:21063,2023,32487,,,,,,,,False
105.63897705,-3.2128706,2023-10-26 13:00:00,LAPAN,NOAA20,Fire inside Sitrep,SUMSEL,21064,2023,2023:21064,2023,32488,,,,,,,,False
105.63244629,-3.23280549,2023-10-26 13:00:00,LAPAN,NOAA20,Fire inside Sitrep,SUMSEL,21066,2023,2023:21066,2023,32490,,,,,,,,False
105.63983154,-3.21827292,2023-10-26 13:00:00,LAPAN,NOAA20,Fire inside Sitrep,SUMSEL,21067,2023,2023:21067,2023,32491,,,,,,,,False
105.59966278,-3.54150462,2023-10-26 13:00:00,LAPAN,NOAA20,Fire inside Sitrep,SUMSEL,21069,2023,2023:21069,2023,32493,,,,,,,,False
105.60215759,-3.53560448,2023-10-26 13:00:00,LAPAN,NOAA20,Fire inside Sitrep,SUMSEL,21070,2023,2023:21070,2023,32494,,,,,,,,False
105.66410065,-3.54475403,2023-10-26 13:00:00,LAPAN,NOAA20,Fire inside Sitrep,SUMSEL,21071,2023,2023:21071,2023,32495,,,,,,,,False
105.47166443,-3.81416893,2023-10-26 13:00:00,LAPAN,NOAA20,Fire inside Sitrep,SUMSEL,21073,2023,2023:21073,2023,32497,,,,,,,,False
105.52192688,-3.87656045,2023-10-26 13:00:00,LAPAN,NOAA20,Fire inside Sitrep,SUMSEL,21078,2023,2023:21078,2023,32502,,,,,,,,False
105.53178406,-3.87496352,2023-10-26 13:00:00,LAPAN,NOAA20,Fire inside Sitrep,SUMSEL,21079,2023,2023:21079,2023,32503,,,,,,,,False
105.57035065,-3.77582431,2023-10-26 13:00:00,LAPAN,NOAA20,Fire inside Sitrep,SUMSEL,21082,2023,2023:21082,2023,32506,,,,,,,,False
105.55975342,-3.83769512,2023-10-26 13:00:00,LAPAN,NOAA20,Fire inside Sitrep,SUMSEL,21084,2023,2023:21084,2023,32508,,,,,,,,False
105.46166229,-3.71904349,2023-10-26 13:00:00,LAPAN,NOAA20,Fire inside Sitrep,SUMSEL,21089,2023,2023:21089,2023,32513,,,,,,,,False
105.68204498,-3.9667964,2023-10-26 13:00:00,LAPAN,NOAA20,Fire inside Sitrep,SUMSEL,21093,2023,2023:21093,2023,32517,,,,,,,,False
105.34719086,-3.68947482,2023-10-26 13:00:00,LAPAN,NOAA20,Fire inside Sitrep,SUMSEL,21094,2023,2023:21094,2023,32518,,,,,,,,False
105.34519958,-3.6954248,2023-10-26 13:00:00,LAPAN,NOAA20,Fire inside Sitrep,SUMSEL,21095,2023,2023:21095,2023,32519,,,,,,,,False
105.59999084,-3.27136683,2023-10-26 13:00:00,LAPAN,NOAA20,Fire inside Sitrep,SUMSEL,21097,2023,2023:21097,2023,32521,,,,,,,,False
105.61359406,-3.29123306,2023-10-26 13:00:00,LAPAN,NOAA20,Fire inside Sitrep,SUMSEL,21099,2023,2023:21099,2023,32523,,,,,,,,False
105.56634521,-2.69488859,2023-10-26 13:00:00,LAPAN,NOAA20,Fire inside Sitrep,SUMSEL,21103,2023,2023:21103,2023,32527,,,,,,,,False
105.76161957,-3.80450678,2023-10-26 13:00:00,LAPAN,NOAA20,Fire inside Sitrep,SUMSEL,21105,2023,2023:21105,2023,32529,,,,,,,,False
105.53103638,-3.77301049,2023-10-26 13:00:00,LAPAN,NOAA20,Fire inside Sitrep,SUMSEL,21106,2023,2023:21106,2023,32530,,,,,,,,False
105.62467957,-3.29495478,2023-10-26 13:00:00,LAPAN,NOAA20,Fire inside Sitrep,SUMSEL,21114,2023,2023:21114,2023,32538,,,,,,,,False
105.60843658,-3.30311799,2023-10-26 13:00:00,LAPAN,NOAA20,Fire inside Sitrep,SUMSEL,21117,2023,2023:21117,2023,32541,,,,,,,,False
105.62809753,-3.29439926,2023-10-26 13:00:00,LAPAN,NOAA20,Fire inside Sitrep,SUMSEL,21118,2023,2023:21118,2023,32542,,,,,,,,False
105.67325592,-3.79702687,2023-10-26 13:00:00,LAPAN,NOAA20,Fire inside Sitrep,SUMSEL,21124,2023,2023:21124,2023,32548,,,,,,,,False
105.54132843,-3.76433372,2023-10-26 13:00:00,LAPAN,NOAA20,Fire inside Sitrep,SUMSEL,21125,2023,2023:21125,2023,32549,,,,,,,,False
105.63497162,-3.27114677,2023-10-26 13:00:00,LAPAN,NOAA20,Fire inside Sitrep,SUMSEL,21127,2023,2023:21127,2023,32551,,,,,,,,False
105.34841156,-3.69490695,2023-10-26 13:00:00,LAPAN,NOAA20,Fire inside Sitrep,SUMSEL,21128,2023,2023:21128,2023,32552,,,,,,,,False
105.34755707,-3.68965364,2023-10-26 13:00:00,LAPAN,NOAA20,Fire inside Sitrep,SUMSEL,21129,2023,2023:21129,2023,32553,,,,,,,,False
105.34804535,-3.69472718,2023-10-26 13:00:00,LAPAN,NOAA20,Fire inside Sitrep,SUMSEL,21130,2023,2023:21130,2023,32554,,,,,,,,False
105.61872101,-3.27934289,2023-10-26 13:00:00,LAPAN,NOAA20,Fire inside Sitrep,SUMSEL,21133,2023,2023:21133,2023,32557,,,,,,,,False
105.597435,-3.27730823,2023-10-26 13:00:00,LAPAN,NOAA20,Fire inside Sitrep,SUMSEL,21140,2023,2023:21140,2023,32564,,,,,,,,False
105.59145355,-3.30587292,2023-10-26 13:00:00,LAPAN,NOAA20,Fire inside Sitrep,SUMSEL,21142,2023,2023:21142,2023,32566,,,,,,,,False
105.59319305,-3.27248526,2023-10-26 13:00:00,LAPAN,NOAA20,Fire inside Sitrep,SUMSEL,21143,2023,2023:21143,2023,32567,,,,,,,,False
105.59829712,-3.28268766,2023-10-26 13:00:00,LAPAN,NOAA20,Fire inside Sitrep,SUMSEL,21144,2023,2023:21144,2023,32568,,,,,,,,False
105.62556458,-3.2782228,2023-10-26 13:00:00,LAPAN,NOAA20,Fire inside Sitrep,SUMSEL,21156,2023,2023:21156,2023,32580,,,,,,,,False
105.63070679,-3.26631331,2023-10-26 13:00:00,LAPAN,NOAA20,Fire inside Sitrep,SUMSEL,21158,2023,2023:21158,2023,32582,,,,,,,,False
105.59633636,-3.85356879,2023-10-26 13:00:00,LAPAN,NOAA20,Fire inside Sitrep,SUMSEL,21160,2023,2023:21160,2023,32584,,,,,,,,False
105.61808014,-3.86098433,2023-10-26 13:00:00,LAPAN,NOAA20,Fire inside Sitrep,SUMSEL,21161,2023,2023:21161,2023,32585,,,,,,,,False
105.60508728,-3.28157568,2023-10-26 13:00:00,LAPAN,NOAA20,Fire inside Sitrep,SUMSEL,21163,2023,2023:21163,2023,32587,,,,,,,,False
105.61105347,-3.27507305,2023-10-26 13:00:00,LAPAN,NOAA20,Fire inside Sitrep,SUMSEL,21164,2023,2023:21164,2023,32588,,,,,,,,False
105.61787415,-3.27395368,2023-10-26 13:00:00,LAPAN,NOAA20,Fire inside Sitrep,SUMSEL,21171,2023,2023:21171,2023,32595,,,,,,,,False
105.61700439,-3.29067731,2023-10-26 13:00:00,LAPAN,NOAA20,Fire inside Sitrep,SUMSEL,21173,2023,2023:21173,2023,32597,,,,,,,,False
105.61053467,-3.85673237,2023-10-26 13:00:00,LAPAN,NOAA20,Fire inside Sitrep,SUMSEL,21182,2023,2023:21182,2023,32606,,,,,,,,False
105.59712219,-3.85161209,2023-10-26 13:00:00,LAPAN,NOAA20,Fire inside Sitrep,SUMSEL,21183,2023,2023:21183,2023,32607,,,,,,,,False
105.69916534,-3.31255436,2023-10-26 13:00:00,LAPAN,NOAA20,Fire inside Sitrep,SUMSEL,21184,2023,2023:21184,2023,32608,,,,,,,,False
105.60168457,-3.2821331,2023-10-26 13:00:00,LAPAN,NOAA20,Fire inside Sitrep,SUMSEL,21187,2023,2023:21187,2023,32611,,,,,,,,False
105.62392426,-3.85455871,2023-10-26 13:00:00,LAPAN,NOAA20,Fire inside Sitrep,SUMSEL,21188,2023,2023:21188,2023,32612,,,,,,,,False
105.62210846,-3.85831237,2023-10-26 13:00:00,LAPAN,NOAA20,Fire inside Sitrep,SUMSEL,21189,2023,2023:21189,2023,32613,,,,,,,,False
105.77423096,-3.49108219,2023-10-26 13:00:00,LAPAN,NOAA20,Fire inside Sitrep,SUMSEL,21190,2023,2023:21190,2023,32614,,,,,,,,False
105.58882904,-3.84932375,2023-10-26 13:00:00,LAPAN,NOAA20,Fire inside Sitrep,SUMSEL,21191,2023,2023:21191,2023,32615,,,,,,,,False
105.62126923,-3.29550982,2023-10-26 13:00:00,LAPAN,NOAA20,Fire inside Sitrep,SUMSEL,21192,2023,2023:21192,2023,32616,,,,,,,,False
105.62213135,-3.2787838,2023-10-26 13:00:00,LAPAN,NOAA20,Fire inside Sitrep,SUMSEL,21194,2023,2023:21194,2023,32618,,,,,,,,False
105.58551788,-3.84986424,2023-10-26 13:00:00,LAPAN,NOAA20,Fire inside Sitrep,SUMSEL,21196,2023,2023:21196,2023,32620,,,,,,,,False
105.604599,-3.8558116,2023-10-26 13:00:00,LAPAN,NOAA20,Fire inside Sitrep,SUMSEL,21202,2023,2023:21202,2023,32626,,,,,,,,False
105.59302521,-3.85410881,2023-10-26 13:00:00,LAPAN,NOAA20,Fire inside Sitrep,SUMSEL,21205,2023,2023:21205,2023,32629,,,,,,,,False
105.5982132,-2.99903798,2023-10-26 13:00:00,LAPAN,NOAA20,Fire inside Sitrep,SUMSEL,21213,2023,2023:21213,2023,32637,,,,,,,,False
105.77547455,-3.58166361,2023-10-26 13:00:00,LAPAN,NOAA20,Fire inside Sitrep,SUMSEL,21215,2023,2023:21215,2023,32639,,,,,,,,False
105.60601807,-3.74238658,2023-10-26 13:00:00,LAPAN,NOAA20,Fire inside Sitrep,SUMSEL,21217,2023,2023:21217,2023,32641,,,,,,,,False
105.62665558,-3.08525801,2023-10-26 13:00:00,LAPAN,NOAA20,Fire inside Sitrep,SUMSEL,21218,2023,2023:21218,2023,32642,,,,,,,,False
105.60105133,-3.01181531,2023-10-26 13:00:00,LAPAN,NOAA20,Fire inside Sitrep,SUMSEL,21221,2023,2023:21221,2023,32645,,,,,,,,False
105.59853363,-2.99559569,2023-10-26 13:00:00,LAPAN,NOAA20,Fire inside Sitrep,SUMSEL,21222,2023,2023:21222,2023,32646,,,,,,,,False
105.60340118,-2.98711658,2023-10-26 13:00:00,LAPAN,NOAA20,Fire inside Sitrep,SUMSEL,21228,2023,2023:21228,2023,32652,,,,,,,,False
105.59648132,-3.01039863,2023-10-26 13:00:00,LAPAN,NOAA20,Fire inside Sitrep,SUMSEL,21230,2023,2023:21230,2023,32654,,,,,,,,False
105.59477997,-2.99958897,2023-10-26 13:00:00,LAPAN,NOAA20,Fire inside Sitrep,SUMSEL,21231,2023,2023:21231,2023,32655,,,,,,,,False
105.59677124,-3.00698423,2023-10-26 13:00:00,LAPAN,NOAA20,Fire inside Sitrep,SUMSEL,21232,2023,2023:21232,2023,32656,,,,,,,,False
105.59992218,-3.00985003,2023-10-26 13:00:00,LAPAN,NOAA20,Fire inside Sitrep,SUMSEL,21233,2023,2023:21233,2023,32657,,,,,,,,False
105.58615112,-3.01204562,2023-10-26 13:00:00,LAPAN,NOAA20,Fire inside Sitrep,SUMSEL,21236,2023,2023:21236,2023,32660,,,,,,,,False
105.6002121,-3.00640869,2023-10-26 13:00:00,LAPAN,NOAA20,Fire inside Sitrep,SUMSEL,21237,2023,2023:21237,2023,32661,,,,,,,,False
105.60113525,-2.98960948,2023-10-26 13:00:00,LAPAN,NOAA20,Fire inside Sitrep,SUMSEL,21238,2023,2023:21238,2023,32662,,,,,,,,False
105.59593201,-3.00157905,2023-10-26 13:00:00,LAPAN,NOAA20,Fire inside Sitrep,SUMSEL,21240,2023,2023:21240,2023,32664,,,,,,,,False
105.70245361,-3.52168393,2023-10-26 13:00:00,LAPAN,NOAA20,Fire inside Sitrep,SUMSEL,21246,2023,2023:21246,2023,32670,,,,,,,,False
105.70516205,-3.52449012,2023-10-26 13:00:00,LAPAN,NOAA20,Fire inside Sitrep,SUMSEL,21247,2023,2023:21247,2023,32671,,,,,,,,False
105.70772552,-3.51853776,2023-10-26 13:00:00,LAPAN,NOAA20,Fire inside Sitrep,SUMSEL,21248,2023,2023:21248,2023,32672,,,,,,,,False
105.79098511,-3.35298443,2023-10-26 13:00:00,LAPAN,NOAA20,Fire inside Sitrep,SUMSEL,21249,2023,2023:21249,2023,32673,,,,,,,,False
105.78514862,-3.50767708,2023-10-26 13:00:00,LAPAN,NOAA20,Fire inside Sitrep,SUMSEL,21250,2023,2023:21250,2023,32674,,,,,,,,False
105.77474976,-3.50943923,2023-10-26 13:00:00,LAPAN,NOAA20,Fire inside Sitrep,SUMSEL,21253,2023,2023:21253,2023,32677,,,,,,,,False
105.78466034,-3.51166081,2023-10-26 13:00:00,LAPAN,NOAA20,Fire inside Sitrep,SUMSEL,21254,2023,2023:21254,2023,32678,,,,,,,,False
105.78948212,-3.51251769,2023-10-26 13:00:00,LAPAN,NOAA20,Fire inside Sitrep,SUMSEL,21255,2023,2023:21255,2023,32679,,,,,,,,False
105.70330048,-3.52708268,2023-10-26 13:00:00,LAPAN,NOAA20,Fire inside Sitrep,SUMSEL,21257,2023,2023:21257,2023,32681,,,,,,,,False
105.77822113,-3.50885248,2023-10-26 13:00:00,LAPAN,NOAA20,Fire inside Sitrep,SUMSEL,21258,2023,2023:21258,2023,32682,,,,,,,,False
105.78167725,-3.50826502,2023-10-26 13:00:00,LAPAN,NOAA20,Fire inside Sitrep,SUMSEL,21260,2023,2023:21260,2023,32684,,,,,,,,False
105.26368713,-2.91252661,2023-10-26 13:00:00,LAPAN,NOAA20,Fire inside Sitrep,SUMSEL,21261,2023,2023:21261,2023,32685,,,,,,,,False
105.24900055,-2.90405846,2023-10-26 13:00:00,LAPAN,NOAA20,Fire inside Sitrep,SUMSEL,21262,2023,2023:21262,2023,32686,,,,,,,,False
105.60997772,-3.55385041,2023-10-26 13:00:00,LAPAN,NOAA20,Fire inside Sitrep,SUMSEL,21264,2023,2023:21264,2023,32688,,,,,,,,False
105.77143097,-3.62873554,2023-10-26 13:00:00,LAPAN,NOAA20,Fire inside Sitrep,SUMSEL,21265,2023,2023:21265,2023,32689,,,,,,,,False
105.77200317,-3.6266849,2023-10-26 13:00:00,LAPAN,NOAA20,Fire inside Sitrep,SUMSEL,21266,2023,2023:21266,2023,32690,,,,,,,,False
105.7456665,-3.49017978,2023-10-26 13:00:00,LAPAN,NOAA20,Fire inside Sitrep,SUMSEL,21267,2023,2023:21267,2023,32691,,,,,,,,False
105.77334595,-3.50792265,2023-10-26 13:00:00,LAPAN,NOAA20,Fire inside Sitrep,SUMSEL,21268,2023,2023:21268,2023,32692,,,,,,,,False
105.75167084,-3.63762307,2023-10-26 13:00:00,LAPAN,NOAA20,Fire inside Sitrep,SUMSEL,21272,2023,2023:21272,2023,32696,,,,,,,,False
105.78601074,-3.51310444,2023-10-26 13:00:00,LAPAN,NOAA20,Fire inside Sitrep,SUMSEL,21273,2023,2023:21273,2023,32697,,,,,,,,False
105.77129364,-3.51002574,2023-10-26 13:00:00,LAPAN,NOAA20,Fire inside Sitrep,SUMSEL,21274,2023,2023:21274,2023,32698,,,,,,,,False
105.59736633,-2.99363136,2023-10-26 13:00:00,LAPAN,NOAA20,Fire inside Sitrep,SUMSEL,21279,2023,2023:21279,2023,32703,,,,,,,,False
105.24655151,-2.90987897,2023-10-26 13:00:00,LAPAN,NOAA20,Fire inside Sitrep,SUMSEL,21282,2023,2023:21282,2023,32706,,,,,,,,False
105.59489441,-3.28324413,2023-10-26 13:00:00,LAPAN,NOAA20,Fire inside Sitrep,SUMSEL,21285,2023,2023:21285,2023,32709,,,,,,,,False
105.49537659,-3.74067569,2023-10-26 13:00:00,LAPAN,NOAA20,Fire inside Sitrep,SUMSEL,21288,2023,2023:21288,2023,32712,,,,,,,,False
105.61211395,-3.86001182,2023-10-26 13:00:00,LAPAN,NOAA20,Fire inside Sitrep,SUMSEL,21289,2023,2023:21289,2023,32713,,,,,,,,False
105.52288055,-3.87517357,2023-10-26 13:00:00,LAPAN,NOAA20,Fire inside Sitrep,SUMSEL,21290,2023,2023:21290,2023,32714,,,,,,,,False
105.6341095,-3.26575279,2023-10-26 13:00:00,LAPAN,NOAA20,Fire inside Sitrep,SUMSEL,21300,2023,2023:21300,2023,32724,,,,,,,,False
105.58045197,-3.32418823,2023-10-26 13:00:00,LAPAN,NOAA20,Fire inside Sitrep,SUMSEL,21301,2023,2023:21301,2023,32725,,,,,,,,False
105.69763947,-3.31086159,2023-10-26 13:00:00,LAPAN,NOAA20,Fire inside Sitrep,SUMSEL,21302,2023,2023:21302,2023,32726,,,,,,,,False
105.6059494,-3.28695774,2023-10-26 13:00:00,LAPAN,NOAA20,Fire inside Sitrep,SUMSEL,21303,2023,2023:21303,2023,32727,,,,,,,,False
105.60457611,-2.98902965,2023-10-26 13:00:00,LAPAN,NOAA20,Fire inside Sitrep,SUMSEL,21309,2023,2023:21309,2023,32733,,,,,,,,False
105.63354492,-3.0841434,2023-10-26 13:00:00,LAPAN,NOAA20,Fire inside Sitrep,SUMSEL,21310,2023,2023:21310,2023,32734,,,,,,,,False
105.64020538,-3.21488142,2023-10-26 13:00:00,LAPAN,NOAA20,Fire inside Sitrep,SUMSEL,21311,2023,2023:21311,2023,32735,,,,,,,,False
105.60934448,-3.28640318,2023-10-26 13:00:00,LAPAN,NOAA20,Fire inside Sitrep,SUMSEL,21317,2023,2023:21317,2023,32741,,,,,,,,False
105.60083771,-3.27674985,2023-10-26 13:00:00,LAPAN,NOAA20,Fire inside Sitrep,SUMSEL,21318,2023,2023:21318,2023,32742,,,,,,,,False
105.54353333,-3.43210602,2023-10-26 13:00:00,LAPAN,NOAA20,Fire inside Sitrep,SUMSEL,21319,2023,2023:21319,2023,32743,,,,,,,,False
105.60823059,-3.7441082,2023-10-26 13:00:00,LAPAN,NOAA20,Fire inside Sitrep,SUMSEL,21325,2023,2023:21325,2023,32749,,,,,,,,False
105.61877441,-3.85887933,2023-10-26 13:00:00,LAPAN,NOAA20,Fire inside Sitrep,SUMSEL,21326,2023,2023:21326,2023,32750,,,,,,,,False
105.60044098,-3.85104513,2023-10-26 13:00:00,LAPAN,NOAA20,Fire inside Sitrep,SUMSEL,21327,2023,2023:21327,2023,32751,,,,,,,,False
105.62883759,-3.84279537,2023-10-26 13:00:00,LAPAN,NOAA20,Fire inside Sitrep,SUMSEL,21328,2023,2023:21328,2023,32752,,,,,,,,False
105.74788666,-3.63057518,2023-10-26 13:00:00,LAPAN,NOAA20,Fire inside Sitrep,SUMSEL,21333,2023,2023:21333,2023,32757,,,,,,,,False
105.70672607,-3.52650404,2023-10-26 13:00:00,LAPAN,NOAA20,Fire inside Sitrep,SUMSEL,21334,2023,2023:21334,2023,32758,,,,,,,,False
105.59761047,-3.01238918,2023-10-26 13:00:00,LAPAN,NOAA20,Fire inside Sitrep,SUMSEL,21342,2023,2023:21342,2023,32766,,,,,,,,False
105.60097504,-3.03400779,2023-10-26 13:00:00,LAPAN,NOAA20,Fire inside Sitrep,SUMSEL,21343,2023,2023:21343,2023,32767,,,,,,,,False
105.64363861,-3.2143054,2023-10-26 13:00:00,LAPAN,NOAA20,Fire inside Sitrep,SUMSEL,21344,2023,2023:21344,2023,32768,,,,,,,,False
105.59845734,-3.01779413,2023-10-26 13:00:00,LAPAN,NOAA20,Fire inside Sitrep,SUMSEL,21345,2023,2023:21345,2023,32769,,,,,,,,False
105.6102066,-3.26968598,2023-10-26 13:00:00,LAPAN,NOAA20,Fire inside Sitrep,SUMSEL,21350,2023,2023:21350,2023,32774,,,,,,,,False
105.60680389,-3.27024674,2023-10-26 13:00:00,LAPAN,NOAA20,Fire inside Sitrep,SUMSEL,21351,2023,2023:21351,2023,32775,,,,,,,,False
105.6315155,-3.29384327,2023-10-26 13:00:00,LAPAN,NOAA20,Fire inside Sitrep,SUMSEL,21352,2023,2023:21352,2023,32776,,,,,,,,False
105.6050415,-3.30366993,2023-10-26 13:00:00,LAPAN,NOAA20,Fire inside Sitrep,SUMSEL,21353,2023,2023:21353,2023,32777,,,,,,,,False
105.79013824,-3.34753728,2023-10-26 13:00:00,LAPAN,NOAA20,Fire inside Sitrep,SUMSEL,21354,2023,2023:21354,2023,32778,,,,,,,,False
105.61017609,-3.29179096,2023-10-26 13:00:00,LAPAN,NOAA20,Fire inside Sitrep,SUMSEL,21355,2023,2023:21355,2023,32779,,,,,,,,False
105.34483337,-3.69526887,2023-10-26 13:00:00,LAPAN,NOAA20,Fire inside Sitrep,SUMSEL,21362,2023,2023:21362,2023,32786,,,,,,,,False
105.57470703,-3.84616566,2023-10-26 13:00:00,LAPAN,NOAA20,Fire inside Sitrep,SUMSEL,21363,2023,2023:21363,2023,32787,,,,,,,,False
105.61473846,-3.86152649,2023-10-26 13:00:00,LAPAN,NOAA20,Fire inside Sitrep,SUMSEL,21364,2023,2023:21364,2023,32788,,,,,,,,False
105.76855469,-3.62724161,2023-10-26 13:00:00,LAPAN,NOAA20,Fire inside Sitrep,SUMSEL,21368,2023,2023:21368,2023,32792,,,,,,,,False
105.64287567,-3.54280567,2023-10-26 13:00:00,LAPAN,NOAA20,Fire inside Sitrep,SUMSEL,21369,2023,2023:21369,2023,32793,,,,,,,,False
105.78814697,-3.51109838,2023-10-26 13:00:00,LAPAN,NOAA20,Fire inside Sitrep,SUMSEL,21370,2023,2023:21370,2023,32794,,,,,,,,False
105.78030396,-3.50679708,2023-10-26 13:00:00,LAPAN,NOAA20,Fire inside Sitrep,SUMSEL,21371,2023,2023:21371,2023,32795,,,,,,,,False
105.60641479,-3.91024542,2023-10-26 13:00:00,LAPAN,NOAA20,Fire inside Sitrep,SUMSEL,21372,2023,2023:21372,2023,32796,,,,,,,,False
105.76074982,-3.79911423,2023-10-26 13:00:00,LAPAN,NOAA20,Fire inside Sitrep,SUMSEL,21373,2023,2023:21373,2023,32797,,,,,,,,False
105.2457428,-2.90458894,2023-10-26 13:00:00,LAPAN,NOAA20,Fire inside Sitrep,SUMSEL,21374,2023,2023:21374,2023,32798,,,,,,,,False
105.70429993,-3.51909113,2023-10-26 13:00:00,LAPAN,NOAA20,Fire inside Sitrep,SUMSEL,21380,2023,2023:21380,2023,32804,,,,,,,,False
105.59937286,-3.00100231,2023-10-26 13:00:00,LAPAN,NOAA20,Fire inside Sitrep,SUMSEL,21383,2023,2023:21383,2023,32807,,,,,,,,False
105.63678741,-3.2154572,2023-10-26 13:00:00,LAPAN,NOAA20,Fire inside Sitrep,SUMSEL,21384,2023,2023:21384,2023,32808,,,,,,,,False
105.60189056,-3.01722145,2023-10-26 13:00:00,LAPAN,NOAA20,Fire inside Sitrep,SUMSEL,21391,2023,2023:21391,2023,32815,,,,,,,,False
105.63009644,-3.08470082,2023-10-26 13:00:00,LAPAN,NOAA20,Fire inside Sitrep,SUMSEL,21392,2023,2023:21392,2023,32816,,,,,,,,False
105.61446381,-3.27451348,2023-10-26 13:00:00,LAPAN,NOAA20,Fire inside Sitrep,SUMSEL,21395,2023,2023:21395,2023,32819,,,,,,,,False
105.61274719,-3.28584671,2023-10-26 13:00:00,LAPAN,NOAA20,Fire inside Sitrep,SUMSEL,21396,2023,2023:21396,2023,32820,,,,,,,,False
105.52896881,-3.77188492,2023-10-26 13:00:00,LAPAN,NOAA20,Fire inside Sitrep,SUMSEL,21401,2023,2023:21401,2023,32825,,,,,,,,False
105.56703186,-3.77638292,2023-10-26 13:00:00,LAPAN,NOAA20,Fire inside Sitrep,SUMSEL,21402,2023,2023:21402,2023,32826,,,,,,,,False
105.60385132,-3.85781884,2023-10-26 13:00:00,LAPAN,NOAA20,Fire inside Sitrep,SUMSEL,21403,2023,2023:21403,2023,32827,,,,,,,,False
105.59381866,-3.85217667,2023-10-26 13:00:00,LAPAN,NOAA20,Fire inside Sitrep,SUMSEL,21404,2023,2023:21404,2023,32828,,,,,,,,False
105.6006012,-3.53892398,2023-10-26 13:00:00,LAPAN,NOAA20,Fire inside Sitrep,SUMSEL,21412,2023,2023:21412,2023,32836,,,,,,,,False
105.77681732,-3.50736141,2023-10-26 13:00:00,LAPAN,NOAA20,Fire inside Sitrep,SUMSEL,21413,2023,2023:21413,2023,32837,,,,,,,,False
105.58730316,-3.01411176,2023-10-26 13:00:00,LAPAN,NOAA20,Fire inside Sitrep,SUMSEL,21416,2023,2023:21416,2023,32840,,,,,,,,False
105.64326477,-3.21772313,2023-10-26 13:00:00,LAPAN,NOAA20,Fire inside Sitrep,SUMSEL,21417,2023,2023:21417,2023,32841,,,,,,,,False
105.7375946,-3.56569982,2023-10-26 13:00:00,LAPAN,NOAA20,Fire inside Sitrep,SUMSEL,21421,2023,2023:21421,2023,32845,,,,,,,,False
105.76987457,-3.50848532,2023-10-26 13:00:00,LAPAN,NOAA20,Fire inside Sitrep,SUMSEL,21422,2023,2023:21422,2023,32846,,,,,,,,False
105.59562683,-3.00499392,2023-10-26 13:00:00,LAPAN,NOAA20,Fire inside Sitrep,SUMSEL,21423,2023,2023:21423,2023,32847,,,,,,,,False
105.26047516,-2.93474603,2023-10-26 13:00:00,LAPAN,NOAA20,Fire inside Sitrep,SUMSEL,21433,2023,2023:21433,2023,32857,,,,,,,,False
105.25225067,-2.90353036,2023-10-26 13:00:00,LAPAN,NOAA20,Fire inside Sitrep,SUMSEL,21434,2023,2023:21434,2023,32858,,,,,,,,False
105.59403992,-3.27786613,2023-10-26 13:00:00,LAPAN,NOAA20,Fire inside Sitrep,SUMSEL,21438,2023,2023:21438,2023,32862,,,,,,,,False
105.60254669,-3.28751349,2023-10-26 13:00:00,LAPAN,NOAA20,Fire inside Sitrep,SUMSEL,21439,2023,2023:21439,2023,32863,,,,,,,,False
105.60930634,-3.30849886,2023-10-26 13:00:00,LAPAN,NOAA20,Fire inside Sitrep,SUMSEL,21440,2023,2023:21440,2023,32864,,,,,,,,False
105.4624939,-3.72433829,2023-10-26 13:00:00,LAPAN,NOAA20,Fire inside Sitrep,SUMSEL,21448,2023,2023:21448,2023,32872,,,,,,,,False
105.50195312,-3.81455564,2023-10-26 13:00:00,LAPAN,NOAA20,Fire inside Sitrep,SUMSEL,21449,2023,2023:21449,2023,32873,,,,,,,,False
105.61544037,-3.85944581,2023-10-26 13:00:00,LAPAN,NOAA20,Fire inside Sitrep,SUMSEL,21450,2023,2023:21450,2023,32874,,,,,,,,False
105.52520752,-3.87602949,2023-10-26 13:00:00,LAPAN,NOAA20,Fire inside Sitrep,SUMSEL,21451,2023,2023:21451,2023,32875,,,,,,,,False
105.70896149,-3.96223164,2023-10-26 13:00:00,LAPAN,NOAA20,Fire inside Sitrep,SUMSEL,21455,2023,2023:21455,2023,32879,,,,,,,,False
105.60849762,-3.28101802,2023-10-26 13:00:00,LAPAN,NOAA20,Fire inside Sitrep,SUMSEL,21463,2023,2023:21463,2023,32887,,,,,,,,False
105.59658813,-3.2719264,2023-10-26 13:00:00,LAPAN,NOAA20,Fire inside Sitrep,SUMSEL,21464,2023,2023:21464,2023,32888,,,,,,,,False
105.59965515,-3.85302806,2023-10-26 13:00:00,LAPAN,NOAA20,Fire inside Sitrep,SUMSEL,21471,2023,2023:21471,2023,32895,,,,,,,,False
105.62142181,-3.86044264,2023-10-26 13:00:00,LAPAN,NOAA20,Fire inside Sitrep,SUMSEL,21472,2023,2023:21472,2023,32896,,,,,,,,False
105.75598907,-3.62023973,2023-10-26 13:00:00,LAPAN,NOAA20,Fire inside Sitrep,SUMSEL,21475,2023,2023:21475,2023,32899,,,,,,,,False
105.77487183,-3.62815428,2023-10-26 13:00:00,LAPAN,NOAA20,Fire inside Sitrep,SUMSEL,21476,2023,2023:21476,2023,32900,,,,,,,,False
105.66146851,-3.5149734,2023-10-26 13:00:00,LAPAN,NOAA20,Fire inside Sitrep,SUMSEL,21477,2023,2023:21477,2023,32901,,,,,,,,False
105.70587921,-3.52110457,2023-10-26 13:00:00,LAPAN,NOAA20,Fire inside Sitrep,SUMSEL,21478,2023,2023:21478,2023,32902,,,,,,,,False
105.5999527,-2.9876709,2023-10-26 13:00:00,LAPAN,NOAA20,Fire inside Sitrep,SUMSEL,21487,2023,2023:21487,2023,32911,,,,,,,,False
105.61382294,-3.04852414,2023-10-26 13:00:00,LAPAN,NOAA20,Fire inside Sitrep,SUMSEL,21488,2023,2023:21488,2023,32912,,,,,,,,False
105.58384705,-3.32364058,2023-10-26 13:00:00,LAPAN,NOAA20,Fire inside Sitrep,SUMSEL,21495,2023,2023:21495,2023,32919,,,,,,,,False
105.58140564,-3.32135034,2023-10-26 13:00:00,LAPAN,NOAA20,Fire inside Sitrep,SUMSEL,21496,2023,2023:21496,2023,32920,,,,,,,,False
105.70108795,-3.31030822,2023-10-26 13:00:00,LAPAN,NOAA20,Fire inside Sitrep,SUMSEL,21497,2023,2023:21497,2023,32921,,,,,,,,False
105.49867249,-3.74013638,2023-10-26 13:00:00,LAPAN,NOAA20,Fire inside Sitrep,SUMSEL,21502,2023,2023:21502,2023,32926,,,,,,,,False
105.62545013,-3.85774541,2023-10-26 13:00:00,LAPAN,NOAA20,Fire inside Sitrep,SUMSEL,21503,2023,2023:21503,2023,32927,,,,,,,,False
105.460502625,-3.72307491302,2023-10-26 21:00:00,LAPAN,Aqua,Fire inside Sitrep,SUMSEL,21696,2023,2023:21696,2023,33120,,,,,,,,False
105.46057,-3.72285,2023-10-26 21:00:00,NASA,Aqua,Fire inside Sitrep,SUMSEL,21697,2023,2023:21697,2023,33121,,,,,,,,False
105.459243774,-3.71420645714,2023-10-26 21:00:00,LAPAN,Aqua,Fire inside Sitrep,SUMSEL,21698,2023,2023:21698,2023,33122,,,,,,,,False
105.57307,-3.77217,2023-10-26 21:00:00,NASA,Aqua,Fire inside Sitrep,SUMSEL,21699,2023,2023:21699,2023,33123,,,,,,,,False
105.564170837,-3.77363348007,2023-10-26 21:00:00,LAPAN,Aqua,Fire inside Sitrep,SUMSEL,21700,2023,2023:21700,2023,33124,,,,,,,,False
105.56424,-3.7734,2023-10-26 21:00:00,NASA,Aqua,Fire inside Sitrep,SUMSEL,21701,2023,2023:21701,2023,33125,,,,,,,,False
105.48962,-3.73686,2023-10-26 21:00:00,NASA,Aqua,Fire inside Sitrep,SUMSEL,21702,2023,2023:21702,2023,33126,,,,,,,,False
105.498382568,-3.73585343361,2023-10-26 21:00:00,LAPAN,Aqua,Fire inside Sitrep,SUMSEL,21703,2023,2023:21703,2023,33127,,,,,,,,False
105.527565002,-3.7697122097,2023-10-26 21:00:00,LAPAN,Aqua,Fire inside Sitrep,SUMSEL,21704,2023,2023:21704,2023,33128,,,,,,,,False
105.347953796,-3.69356012344,2023-10-26 21:00:00,LAPAN,Aqua,Fire inside Sitrep,SUMSEL,21705,2023,2023:21705,2023,33129,,,,,,,,False
105.68161,-3.46244,2023-10-26 21:00:00,NASA,Aqua,Fire inside Sitrep,SUMSEL,21706,2023,2023:21706,2023,33130,,,,,,,,False
105.604553223,-3.7408747673,2023-10-26 21:00:00,LAPAN,Aqua,Fire inside Sitrep,SUMSEL,21707,2023,2023:21707,2023,33131,,,,,,,,False
105.60462,-3.74065,2023-10-26 21:00:00,NASA,Aqua,Fire inside Sitrep,SUMSEL,21708,2023,2023:21708,2023,33132,,,,,,,,False
105.74593,-3.55466,2023-10-26 21:00:00,NASA,Aqua,Fire inside Sitrep,SUMSEL,21709,2023,2023:21709,2023,33133,,,,,,,,False
105.737052917,-3.55612111092,2023-10-26 21:00:00,LAPAN,Aqua,Fire inside Sitrep,SUMSEL,21710,2023,2023:21710,2023,33134,,,,,,,,False
105.708000183,-3.52218532562,2023-10-26 21:00:00,LAPAN,Aqua,Fire inside Sitrep,SUMSEL,21711,2023,2023:21711,2023,33135,,,,,,,,False
105.69924,-3.52319,2023-10-26 21:00:00,NASA,Aqua,Fire inside Sitrep,SUMSEL,21712,2023,2023:21712,2023,33136,,,,,,,,False
105.79511261,-3.35466337204,2023-10-26 21:00:00,LAPAN,Aqua,Fire inside Sitrep,SUMSEL,21713,2023,2023:21713,2023,33137,,,,,,,,False
105.699180603,-3.52342176437,2023-10-26 21:00:00,LAPAN,Aqua,Fire inside Sitrep,SUMSEL,21714,2023,2023:21714,2023,33138,,,,,,,,False
105.228134155,-3.08355236053,2023-10-26 21:00:00,LAPAN,Aqua,Fire inside Sitrep,SUMSEL,21715,2023,2023:21715,2023,33139,,,,,,,,False
105.73837,-3.56475,2023-10-26 21:00:00,NASA,Aqua,Fire inside Sitrep,SUMSEL,21716,2023,2023:21716,2023,33140,,,,,,,,False
105.52763,-3.76948,2023-10-26 21:00:00,NASA,Aqua,Fire inside Sitrep,SUMSEL,21717,2023,2023:21717,2023,33141,,,,,,,,False
105.49846,-3.73562,2023-10-26 21:00:00,NASA,Aqua,Fire inside Sitrep,SUMSEL,21718,2023,2023:21718,2023,33142,,,,,,,,False
105.681541443,-3.46266794205,2023-10-26 21:00:00,LAPAN,Aqua,Fire inside Sitrep,SUMSEL,21719,2023,2023:21719,2023,33143,,,,,,,,False
105.45931,-3.71398,2023-10-26 21:00:00,NASA,Aqua,Fire inside Sitrep,SUMSEL,21720,2023,2023:21720,2023,33144,,,,,,,,False
105.745872498,-3.55488491058,2023-10-26 21:00:00,LAPAN,Aqua,Fire inside Sitrep,SUMSEL,21721,2023,2023:21721,2023,33145,,,,,,,,False
105.2282,-3.08332,2023-10-26 21:00:00,NASA,Aqua,Fire inside Sitrep,SUMSEL,21722,2023,2023:21722,2023,33146,,,,,,,,False
105.738311768,-3.56497645378,2023-10-26 21:00:00,LAPAN,Aqua,Fire inside Sitrep,SUMSEL,21723,2023,2023:21723,2023,33147,,,,,,,,False
105.73711,-3.55589,2023-10-26 21:00:00,NASA,Aqua,Fire inside Sitrep,SUMSEL,21724,2023,2023:21724,2023,33148,,,,,,,,False
105.573005676,-3.77239775658,2023-10-26 21:00:00,LAPAN,Aqua,Fire inside Sitrep,SUMSEL,21725,2023,2023:21725,2023,33149,,,,,,,,False
105.59106,-3.29085,2023-10-26 21:00:00,NASA,Aqua,Fire inside Sitrep,SUMSEL,21726,2023,2023:21726,2023,33150,,,,,,,,False
105.59987,-3.28961,2023-10-26 21:00:00,NASA,Aqua,Fire inside Sitrep,SUMSEL,21727,2023,2023:21727,2023,33151,,,,,,,,False
105.489547729,-3.73709273338,2023-10-26 21:00:00,LAPAN,Aqua,Fire inside Sitrep,SUMSEL,21728,2023,2023:21728,2023,33152,,,,,,,,False
105.34802,-3.69333,2023-10-26 21:00:00,NASA,Aqua,Fire inside Sitrep,SUMSEL,21729,2023,2023:21729,2023,33153,,,,,,,,False
105.70806,-3.52196,2023-10-26 21:00:00,NASA,Aqua,Fire inside Sitrep,SUMSEL,21730,2023,2023:21730,2023,33154,,,,,,,,False
105.79517,-3.35444,2023-10-26 21:00:00,NASA,Aqua,Fire inside Sitrep,SUMSEL,21731,2023,2023:21731,2023,33155,,,,,,,,False
105.463974,-3.72215295,2023-10-27 00:00:00,LAPAN,NOAA20,Fire inside Sitrep,SUMSEL,21732,2023,2023:21732,2023,33156,,,,,,,,False
105.4549408,-3.71668768,2023-10-27 00:00:00,LAPAN,NOAA20,Fire inside Sitrep,SUMSEL,21733,2023,2023:21733,2023,33157,,,,,,,,False
105.46040344,-3.71362042,2023-10-27 00:00:00,LAPAN,NOAA20,Fire inside Sitrep,SUMSEL,21734,2023,2023:21734,2023,33158,,,,,,,,False
105.46335602,-3.72601962,2023-10-27 00:00:00,LAPAN,NOAA20,Fire inside Sitrep,SUMSEL,21735,2023,2023:21735,2023,33159,,,,,,,,False
105.46232605,-3.71656418,2023-10-27 00:00:00,LAPAN,NOAA20,Fire inside Sitrep,SUMSEL,21736,2023,2023:21736,2023,33160,,,,,,,,False
105.55042267,-3.44234133,2023-10-27 00:00:00,LAPAN,NOAA20,Fire inside Sitrep,SUMSEL,21737,2023,2023:21737,2023,33161,,,,,,,,False
105.64830017,-3.95514917,2023-10-27 00:00:00,LAPAN,NOAA20,Fire inside Sitrep,SUMSEL,21738,2023,2023:21738,2023,33162,,,,,,,,False
105.53039551,-3.76869082,2023-10-27 00:00:00,LAPAN,NOAA20,Fire inside Sitrep,SUMSEL,21739,2023,2023:21739,2023,33163,,,,,,,,False
105.23014069,-3.07686472,2023-10-27 00:00:00,LAPAN,NOAA20,Fire inside Sitrep,SUMSEL,21740,2023,2023:21740,2023,33164,,,,,,,,False
105.22886658,-3.08478785,2023-10-27 00:00:00,LAPAN,NOAA20,Fire inside Sitrep,SUMSEL,21741,2023,2023:21741,2023,33165,,,,,,,,False
105.58030701,-3.79256701,2023-10-27 00:00:00,LAPAN,NOAA20,Fire inside Sitrep,SUMSEL,21742,2023,2023:21742,2023,33166,,,,,,,,False
105.46102905,-3.7097528,2023-10-27 00:00:00,LAPAN,NOAA20,Fire inside Sitrep,SUMSEL,21743,2023,2023:21743,2023,33167,,,,,,,,False
105.46170044,-3.72043276,2023-10-27 00:00:00,LAPAN,NOAA20,Fire inside Sitrep,SUMSEL,21744,2023,2023:21744,2023,33168,,,,,,,,False
105.56793213,-3.77874231,2023-10-27 00:00:00,LAPAN,NOAA20,Fire inside Sitrep,SUMSEL,21745,2023,2023:21745,2023,33169,,,,,,,,False
105.34648132,-3.69020653,2023-10-27 00:00:00,LAPAN,NOAA20,Fire inside Sitrep,SUMSEL,21746,2023,2023:21746,2023,33170,,,,,,,,False
105.34838867,-3.6950469,2023-10-27 00:00:00,LAPAN,NOAA20,Fire inside Sitrep,SUMSEL,21747,2023,2023:21747,2023,33171,,,,,,,,False
105.35140228,-3.69099021,2023-10-27 00:00:00,LAPAN,NOAA20,Fire inside Sitrep,SUMSEL,21748,2023,2023:21748,2023,33172,,,,,,,,False
105.49581909,-3.73929811,2023-10-27 00:00:00,LAPAN,NOAA20,Fire inside Sitrep,SUMSEL,21749,2023,2023:21749,2023,33173,,,,,,,,False
105.49100494,-3.73850751,2023-10-27 00:00:00,LAPAN,NOAA20,Fire inside Sitrep,SUMSEL,21750,2023,2023:21750,2023,33174,,,,,,,,False
105.4964447,-3.73544073,2023-10-27 00:00:00,LAPAN,NOAA20,Fire inside Sitrep,SUMSEL,21751,2023,2023:21751,2023,33175,,,,,,,,False
103.38284302,-1.20274878,2023-10-27 00:00:00,LAPAN,NOAA20,Verified No fire,JAMBI SMF,21752,2023,2023:21752,2023,33176,,,,,,,,False
105.34347534,-3.69423246,2023-10-27 00:00:00,LAPAN,NOAA20,Fire inside Sitrep,SUMSEL,21753,2023,2023:21753,2023,33177,,,,,,,,False
105.34584045,-3.694103,2023-10-27 00:00:00,LAPAN,NOAA20,Fire inside Sitrep,SUMSEL,21754,2023,2023:21754,2023,33178,,,,,,,,False
105.56855011,-3.77490306,2023-10-27 00:00:00,LAPAN,NOAA20,Fire inside Sitrep,SUMSEL,21755,2023,2023:21755,2023,33179,,,,,,,,False
105.59554291,-3.28409266,2023-10-27 00:00:00,LAPAN,NOAA20,Fire inside Sitrep,SUMSEL,21756,2023,2023:21756,2023,33180,,,,,,,,False
105.63024902,-3.84379816,2023-10-27 00:00:00,LAPAN,NOAA20,Fire inside Sitrep,SUMSEL,21757,2023,2023:21757,2023,33181,,,,,,,,False
105.69004059,-3.45719171,2023-10-27 00:00:00,LAPAN,NOAA20,Fire inside Sitrep,SUMSEL,21758,2023,2023:21758,2023,33182,,,,,,,,False
105.74054718,-3.60528302,2023-10-27 00:00:00,LAPAN,NOAA20,Fire inside Sitrep,SUMSEL,21759,2023,2023:21759,2023,33183,,,,,,,,False
105.75517273,-3.60373425,2023-10-27 00:00:00,LAPAN,NOAA20,Fire inside Sitrep,SUMSEL,21760,2023,2023:21760,2023,33184,,,,,,,,False
105.74220276,-3.55178404,2023-10-27 00:00:00,LAPAN,NOAA20,Fire inside Sitrep,SUMSEL,21761,2023,2023:21761,2023,33185,,,,,,,,False
105.61022186,-3.74392676,2023-10-27 00:00:00,LAPAN,NOAA20,Fire inside Sitrep,SUMSEL,21762,2023,2023:21762,2023,33186,,,,,,,,False
105.60801697,-3.74200153,2023-10-27 00:00:00,LAPAN,NOAA20,Fire inside Sitrep,SUMSEL,21763,2023,2023:21763,2023,33187,,,,,,,,False
105.74386597,-3.5549922,2023-10-27 00:00:00,LAPAN,NOAA20,Fire inside Sitrep,SUMSEL,21764,2023,2023:21764,2023,33188,,,,,,,,False
105.7491684,-3.55195189,2023-10-27 00:00:00,LAPAN,NOAA20,Fire inside Sitrep,SUMSEL,21765,2023,2023:21765,2023,33189,,,,,,,,False
105.58849335,-3.01437426,2023-10-27 00:00:00,LAPAN,NOAA20,Fire inside Sitrep,SUMSEL,21766,2023,2023:21766,2023,33190,,,,,,,,False
105.7385788,-3.55803537,2023-10-27 00:00:00,LAPAN,NOAA20,Fire inside Sitrep,SUMSEL,21767,2023,2023:21767,2023,33191,,,,,,,,False
105.74448395,-3.55118155,2023-10-27 00:00:00,LAPAN,NOAA20,Fire inside Sitrep,SUMSEL,21768,2023,2023:21768,2023,33192,,,,,,,,False
105.73735046,-3.56565857,2023-10-27 00:00:00,LAPAN,NOAA20,Fire inside Sitrep,SUMSEL,21769,2023,2023:21769,2023,33193,,,,,,,,False
105.70426941,-3.518363,2023-10-27 00:00:00,LAPAN,NOAA20,Fire inside Sitrep,SUMSEL,21770,2023,2023:21770,2023,33194,,,,,,,,False
105.38022614,-2.40970016,2023-10-27 00:00:00,LAPAN,NOAA20,Verified No fire,SUMSEL,21771,2023,2023:21771,2023,33195,,,,,,,,False
105.74521637,-3.60603547,2023-10-27 00:00:00,LAPAN,NOAA20,Fire inside Sitrep,SUMSEL,21772,2023,2023:21772,2023,33196,,,,,,,,False
105.77346802,-3.5793736,2023-10-27 00:00:00,LAPAN,NOAA20,Fire inside Sitrep,SUMSEL,21773,2023,2023:21773,2023,33197,,,,,,,,False
105.3421402,-2.62455702,2023-10-27 00:00:00,LAPAN,NOAA20,Verified No fire,SUMSEL,21774,2023,2023:21774,2023,33198,,,,,,,,False
105.46459961,-3.71828747,2023-10-27 00:00:00,LAPAN,NOAA20,Fire inside Sitrep,SUMSEL,21775,2023,2023:21775,2023,33199,,,,,,,,False
105.56917572,-3.77106309,2023-10-27 00:00:00,LAPAN,NOAA20,Fire inside Sitrep,SUMSEL,21776,2023,2023:21776,2023,33200,,,,,,,,False
105.22949982,-3.08082604,2023-10-27 00:00:00,LAPAN,NOAA20,Fire inside Sitrep,SUMSEL,21777,2023,2023:21777,2023,33201,,,,,,,,False
105.79644012,-3.35031939,2023-10-27 00:00:00,LAPAN,NOAA20,Fire inside Sitrep,SUMSEL,21778,2023,2023:21778,2023,33202,,,,,,,,False
105.5949173,-3.2879529,2023-10-27 00:00:00,LAPAN,NOAA20,Fire inside Sitrep,SUMSEL,21779,2023,2023:21779,2023,33203,,,,,,,,False
105.49163818,-3.73464799,2023-10-27 00:00:00,LAPAN,NOAA20,Fire inside Sitrep,SUMSEL,21780,2023,2023:21780,2023,33204,,,,,,,,False
105.340271,-3.69721985,2023-10-27 00:00:00,LAPAN,NOAA20,Fire inside Sitrep,SUMSEL,21781,2023,2023:21781,2023,33205,,,,,,,,False
105.46524048,-3.71442175,2023-10-27 00:00:00,LAPAN,NOAA20,Fire inside Sitrep,SUMSEL,21782,2023,2023:21782,2023,33206,,,,,,,,False
105.45748901,-3.71579671,2023-10-27 00:00:00,LAPAN,NOAA20,Fire inside Sitrep,SUMSEL,21783,2023,2023:21783,2023,33207,,,,,,,,False
105.60740662,-3.74583411,2023-10-27 00:00:00,LAPAN,NOAA20,Fire inside Sitrep,SUMSEL,21784,2023,2023:21784,2023,33208,,,,,,,,False
105.60610199,-3.73934245,2023-10-27 00:00:00,LAPAN,NOAA20,Fire inside Sitrep,SUMSEL,21785,2023,2023:21785,2023,33209,,,,,,,,False
105.34902954,-3.69115329,2023-10-27 00:00:00,LAPAN,NOAA20,Fire inside Sitrep,SUMSEL,21786,2023,2023:21786,2023,33210,,,,,,,,False
105.50061798,-3.74008822,2023-10-27 00:00:00,LAPAN,NOAA20,Fire inside Sitrep,SUMSEL,21787,2023,2023:21787,2023,33211,,,,,,,,False
105.6967392,-3.57862115,2023-10-27 00:00:00,LAPAN,NOAA20,Fire inside Sitrep,SUMSEL,21788,2023,2023:21788,2023,33212,,,,,,,,False
105.60869598,-3.5524857,2023-10-27 00:00:00,LAPAN,NOAA20,Fire inside Sitrep,SUMSEL,21789,2023,2023:21789,2023,33213,,,,,,,,False
105.74459839,-3.60984325,2023-10-27 00:00:00,LAPAN,NOAA20,Fire inside Sitrep,SUMSEL,21790,2023,2023:21790,2023,33214,,,,,,,,False
105.74688721,-3.55252242,2023-10-27 00:00:00,LAPAN,NOAA20,Fire inside Sitrep,SUMSEL,21791,2023,2023:21791,2023,33215,,,,,,,,False
105.7036438,-3.52218556,2023-10-27 00:00:00,LAPAN,NOAA20,Fire inside Sitrep,SUMSEL,21792,2023,2023:21792,2023,33216,,,,,,,,False
105.4568634,-3.71966767,2023-10-27 00:00:00,LAPAN,NOAA20,Fire inside Sitrep,SUMSEL,21793,2023,2023:21793,2023,33217,,,,,,,,False
105.5297699,-3.77253938,2023-10-27 00:00:00,LAPAN,NOAA20,Fire inside Sitrep,SUMSEL,21794,2023,2023:21794,2023,33218,,,,,,,,False
105.56629181,-3.75876617,2023-10-27 00:00:00,LAPAN,NOAA20,Fire inside Sitrep,SUMSEL,21795,2023,2023:21795,2023,33219,,,,,,,,False
105.7399292,-3.60909152,2023-10-27 00:00:00,LAPAN,NOAA20,Fire inside Sitrep,SUMSEL,21796,2023,2023:21796,2023,33220,,,,,,,,False
105.74926758,-3.61059499,2023-10-27 00:00:00,LAPAN,NOAA20,Fire inside Sitrep,SUMSEL,21797,2023,2023:21797,2023,33221,,,,,,,,False
105.68469238,-3.46025038,2023-10-27 00:00:00,LAPAN,NOAA20,Fire inside Sitrep,SUMSEL,21798,2023,2023:21798,2023,33222,,,,,,,,False
105.73796082,-3.56184697,2023-10-27 00:00:00,LAPAN,NOAA20,Fire inside Sitrep,SUMSEL,21799,2023,2023:21799,2023,33223,,,,,,,,False
105.58427429,-3.00970984,2023-10-27 00:00:00,LAPAN,NOAA20,Fire inside Sitrep,SUMSEL,21800,2023,2023:21800,2023,33224,,,,,,,,False
105.44085693,-3.33196592,2023-10-27 00:00:00,LAPAN,NOAA20,Fire inside Sitrep,SUMSEL,21801,2023,2023:21801,2023,33225,,,,,,,,False
105.46296692,-3.71269608,2023-10-27 00:00:00,LAPAN,NOAA20,Fire inside Sitrep,SUMSEL,21802,2023,2023:21802,2023,33226,,,,,,,,False
105.4597702,-3.71748757,2023-10-27 00:00:00,LAPAN,NOAA20,Fire inside Sitrep,SUMSEL,21803,2023,2023:21803,2023,33227,,,,,,,,False
105.60549164,-3.74317837,2023-10-27 00:00:00,LAPAN,NOAA20,Fire inside Sitrep,SUMSEL,21804,2023,2023:21804,2023,33228,,,,,,,,False
103.37059784,-1.186602,2023-10-27 00:00:00,LAPAN,NOAA20,Verified No fire,JAMBI SMF,21805,2023,2023:21805,2023,33229,,,,,,,,False
105.46590424,-3.72506618,2023-10-27 00:00:00,LAPAN,NOAA20,Fire inside Sitrep,SUMSEL,21806,2023,2023:21806,2023,33230,,,,,,,,False
105.52498627,-3.77176142,2023-10-27 00:00:00,LAPAN,NOAA20,Fire inside Sitrep,SUMSEL,21807,2023,2023:21807,2023,33231,,,,,,,,False
105.67654419,-3.79639196,2023-10-27 00:00:00,LAPAN,NOAA20,Fire inside Sitrep,SUMSEL,21808,2023,2023:21808,2023,33232,,,,,,,,False
105.63333893,-3.29405713,2023-10-27 00:00:00,LAPAN,NOAA20,Fire inside Sitrep,SUMSEL,21809,2023,2023:21809,2023,33233,,,,,,,,False
105.45812988,-3.71192813,2023-10-27 00:00:00,LAPAN,NOAA20,Fire inside Sitrep,SUMSEL,21810,2023,2023:21810,2023,33234,,,,,,,,False
105.60329437,-3.74122071,2023-10-27 00:00:00,LAPAN,NOAA20,Fire inside Sitrep,SUMSEL,21811,2023,2023:21811,2023,33235,,,,,,,,False
102.97316,-0.97092,2023-10-27 10:00:00,NASA,Aqua,Verified No fire,JAMBI SMF,22016,2023,2023:22016,2023,33440,,,,,,,,False
105.61899567,-3.26740646,2023-10-27 12:00:00,LAPAN,SNPP,Fire inside Sitrep,SUMSEL,22139,2023,2023:22139,2023,33563,,,,,,,,False
105.61971283,-3.27241135,2023-10-27 12:00:00,LAPAN,SNPP,Fire inside Sitrep,SUMSEL,22218,2023,2023:22218,2023,33642,,,,,,,,False
105.59937286,-3.2905159,2023-10-27 12:00:00,LAPAN,SNPP,Fire inside Sitrep,SUMSEL,22219,2023,2023:22219,2023,33643,,,,,,,,False
105.462226868,-3.70590257645,2023-10-28 02:00:00,LAPAN,Aqua,Fire inside Sitrep,SUMSEL,22956,2023,2023:22956,2023,34380,,,,,,,,False
105.346824646,-3.68956828117,2023-10-28 02:00:00,LAPAN,Aqua,Fire inside Sitrep,SUMSEL,22958,2023,2023:22958,2023,34382,,,,,,,,False
105.4622,-3.70591,2023-10-28 02:00:00,NASA,Aqua,Fire inside Sitrep,SUMSEL,22959,2023,2023:22959,2023,34383,,,,,,,,False
105.498207092,-3.73274755478,2023-10-28 02:00:00,LAPAN,Aqua,Fire inside Sitrep,SUMSEL,22960,2023,2023:22960,2023,34384,,,,,,,,False
105.47366,-3.71839,2023-10-28 02:00:00,NASA,Aqua,Fire inside Sitrep,SUMSEL,22961,2023,2023:22961,2023,34385,,,,,,,,False
105.49819,-3.73276,2023-10-28 02:00:00,NASA,Aqua,Fire inside Sitrep,SUMSEL,22963,2023,2023:22963,2023,34387,,,,,,,,False
105.579841614,-3.46824860573,2023-10-28 02:00:00,LAPAN,Aqua,Fire inside Sitrep,SUMSEL,22964,2023,2023:22964,2023,34388,,,,,,,,False
105.57978,-3.46825,2023-10-28 02:00:00,NASA,Aqua,Fire inside Sitrep,SUMSEL,22965,2023,2023:22965,2023,34389,,,,,,,,False
105.58128,-3.45756,2023-10-28 02:00:00,NASA,Aqua,Fire inside Sitrep,SUMSEL,22966,2023,2023:22966,2023,34390,,,,,,,,False
105.34682,-3.68958,2023-10-28 02:00:00,NASA,Aqua,Fire inside Sitrep,SUMSEL,22967,2023,2023:22967,2023,34391,,,,,,,,False
105.46524811,-3.72131109,2023-10-28 13:00:00,LAPAN,NOAA20,Fire inside Sitrep,SUMSEL,23043,2023,2023:23043,2023,34467,,,,,,,,False
105.58722687,-3.48235154,2023-10-28 13:00:00,LAPAN,NOAA20,Fire inside Sitrep,SUMSEL,23374,2023,2023:23374,2023,34798,,,,,,,,False
105.62460327,-3.92449832,2023-10-28 13:00:00,LAPAN,NOAA20,Fire inside Sitrep,SUMSEL,23384,2023,2023:23384,2023,34808,,,,,,,,False
105.48928,-3.74546,2023-10-28 21:00:00,NASA,Aqua,Fire inside Sitrep,SUMSEL,23437,2023,2023:23437,2023,34861,,,,,,,,False
105.45232,-3.72617,2023-10-28 21:00:00,NASA,Aqua,Fire inside Sitrep,SUMSEL,23438,2023,2023:23438,2023,34862,,,,,,,,False
105.466209412,-3.72447538376,2023-10-28 21:00:00,LAPAN,Aqua,Fire inside Sitrep,SUMSEL,23439,2023,2023:23439,2023,34863,,,,,,,,False
105.4506073,-3.71539497375,2023-10-28 21:00:00,LAPAN,Aqua,Fire inside Sitrep,SUMSEL,23440,2023,2023:23440,2023,34864,,,,,,,,False
105.45081,-3.71514,2023-10-28 21:00:00,NASA,Aqua,Fire inside Sitrep,SUMSEL,23441,2023,2023:23441,2023,34865,,,,,,,,False
105.34658,-3.6955,2023-10-28 21:00:00,NASA,Aqua,Fire inside Sitrep,SUMSEL,23442,2023,2023:23442,2023,34866,,,,,,,,False
105.54577,-3.40421,2023-10-28 21:00:00,NASA,Aqua,Fire inside Sitrep,SUMSEL,23443,2023,2023:23443,2023,34867,,,,,,,,False
105.46642,-3.72422,2023-10-28 21:00:00,NASA,Aqua,Fire inside Sitrep,SUMSEL,23444,2023,2023:23444,2023,34868,,,,,,,,False
105.487548828,-3.73470830917,2023-10-28 21:00:00,LAPAN,Aqua,Fire inside Sitrep,SUMSEL,23445,2023,2023:23445,2023,34869,,,,,,,,False
105.57511,-3.46991,2023-10-28 21:00:00,NASA,Aqua,Fire inside Sitrep,SUMSEL,23446,2023,2023:23446,2023,34870,,,,,,,,False
105.346389771,-3.6957526207,2023-10-28 21:00:00,LAPAN,Aqua,Fire inside Sitrep,SUMSEL,23447,2023,2023:23447,2023,34871,,,,,,,,False
105.48776,-3.73445,2023-10-28 21:00:00,NASA,Aqua,Fire inside Sitrep,SUMSEL,23448,2023,2023:23448,2023,34872,,,,,,,,False
105.431907654,-3.33939790726,2023-10-28 21:00:00,LAPAN,Aqua,Fire inside Sitrep,SUMSEL,23449,2023,2023:23449,2023,34873,,,,,,,,False
105.43209,-3.33914,2023-10-28 21:00:00,NASA,Aqua,Fire inside Sitrep,SUMSEL,23450,2023,2023:23450,2023,34874,,,,,,,,False
105.55189,-3.40146,2023-10-29 10:00:00,NASA,Aqua,Fire inside Sitrep,SUMSEL,23726,2023,2023:23726,2023,35150,,,,,,,,False
105.74229,-3.44838,2023-10-29 10:00:00,NASA,Aqua,Fire inside Sitrep,SUMSEL,23727,2023,2023:23727,2023,35151,,,,,,,,False
103.87495,-1.33299,2023-10-29 10:00:00,NASA,Aqua,Verified Fire,JAMBI SMF,23728,2023,2023:23728,2023,35152,,,,,,,,False
105.84071,-3.89352,2023-10-29 10:00:00,NASA,Aqua,Fire inside Sitrep,SUMSEL,23729,2023,2023:23729,2023,35153,,,,,,,,False
105.49028,-3.74171,2023-10-29 10:00:00,NASA,Aqua,Fire inside Sitrep,SUMSEL,23730,2023,2023:23730,2023,35154,,,,,,,,False
103.88377,-1.33427,2023-10-29 10:00:00,NASA,Aqua,Verified Fire,JAMBI SMF,23731,2023,2023:23731,2023,35155,,,,,,,,False
105.64698,-3.48783,2023-10-29 10:00:00,NASA,Aqua,Fire inside Sitrep,SUMSEL,23732,2023,2023:23732,2023,35156,,,,,,,,False
105.29398,-2.68153,2023-10-29 10:00:00,NASA,Aqua,Fire inside Sitrep,SUMSEL,23733,2023,2023:23733,2023,35157,,,,,,,,False
105.7136,-3.67172,2023-10-29 10:00:00,NASA,Aqua,Fire inside Sitrep,SUMSEL,23734,2023,2023:23734,2023,35158,,,,,,,,False
105.83018,-3.89201,2023-10-29 10:00:00,NASA,Aqua,Fire inside Sitrep,SUMSEL,23735,2023,2023:23735,2023,35159,,,,,,,,False
105.58078003,-3.32495499,2023-10-29 12:00:00,LAPAN,NOAA20,Fire inside Sitrep,SUMSEL,23736,2023,2023:23736,2023,35160,,,,,,,,False
105.57961273,-3.31687784,2023-10-29 12:00:00,LAPAN,NOAA20,Fire inside Sitrep,SUMSEL,23737,2023,2023:23737,2023,35161,,,,,,,,False
105.59722137,-3.31423712,2023-10-29 12:00:00,LAPAN,NOAA20,Fire inside Sitrep,SUMSEL,23738,2023,2023:23738,2023,35162,,,,,,,,False
105.60308838,-3.30511856,2023-10-29 12:00:00,LAPAN,NOAA20,Fire inside Sitrep,SUMSEL,23739,2023,2023:23739,2023,35163,,,,,,,,False
105.59310913,-3.31073046,2023-10-29 12:00:00,LAPAN,NOAA20,Fire inside Sitrep,SUMSEL,23740,2023,2023:23740,2023,35164,,,,,,,,False
105.64337921,-3.31142282,2023-10-29 12:00:00,LAPAN,NOAA20,Fire inside Sitrep,SUMSEL,23741,2023,2023:23741,2023,35165,,,,,,,,False
105.61478424,-3.31160259,2023-10-29 12:00:00,LAPAN,NOAA20,Fire inside Sitrep,SUMSEL,23742,2023,2023:23742,2023,35166,,,,,,,,False
105.61126709,-3.31213045,2023-10-29 12:00:00,LAPAN,NOAA20,Fire inside Sitrep,SUMSEL,23743,2023,2023:23743,2023,35167,,,,,,,,False
105.64745331,-3.3149178,2023-10-29 12:00:00,LAPAN,NOAA20,Fire inside Sitrep,SUMSEL,23744,2023,2023:23744,2023,35168,,,,,,,,False
105.65500641,-3.29325461,2023-10-29 12:00:00,LAPAN,NOAA20,Fire inside Sitrep,SUMSEL,23745,2023,2023:23745,2023,35169,,,,,,,,False
105.70265961,-3.32467079,2023-10-29 12:00:00,LAPAN,NOAA20,Fire inside Sitrep,SUMSEL,23746,2023,2023:23746,2023,35170,,,,,,,,False
105.69387054,-3.31611943,2023-10-29 12:00:00,LAPAN,NOAA20,Fire inside Sitrep,SUMSEL,23747,2023,2023:23747,2023,35171,,,,,,,,False
105.70310974,-3.3065362,2023-10-29 12:00:00,LAPAN,NOAA20,Fire inside Sitrep,SUMSEL,23748,2023,2023:23748,2023,35172,,,,,,,,False
105.7036972,-3.31054139,2023-10-29 12:00:00,LAPAN,NOAA20,Fire inside Sitrep,SUMSEL,23749,2023,2023:23749,2023,35173,,,,,,,,False
105.70022583,-3.31106472,2023-10-29 12:00:00,LAPAN,NOAA20,Fire inside Sitrep,SUMSEL,23750,2023,2023:23750,2023,35174,,,,,,,,False
105.62875366,-3.26017952,2023-10-29 12:00:00,LAPAN,NOAA20,Fire inside Sitrep,SUMSEL,23751,2023,2023:23751,2023,35175,,,,,,,,False
105.62176514,-3.2612052,2023-10-29 12:00:00,LAPAN,NOAA20,Fire inside Sitrep,SUMSEL,23752,2023,2023:23752,2023,35176,,,,,,,,False
105.62466431,-3.25666904,2023-10-29 12:00:00,LAPAN,NOAA20,Fire inside Sitrep,SUMSEL,23753,2023,2023:23753,2023,35177,,,,,,,,False
105.54870605,-3.40066266,2023-10-29 12:00:00,LAPAN,NOAA20,Fire inside Sitrep,SUMSEL,23754,2023,2023:23754,2023,35178,,,,,,,,False
105.5439682,-3.3930831,2023-10-29 12:00:00,LAPAN,NOAA20,Fire inside Sitrep,SUMSEL,23755,2023,2023:23755,2023,35179,,,,,,,,False
105.54811859,-3.39661074,2023-10-29 12:00:00,LAPAN,NOAA20,Fire inside Sitrep,SUMSEL,23756,2023,2023:23756,2023,35180,,,,,,,,False
105.55401611,-3.43712854,2023-10-29 12:00:00,LAPAN,NOAA20,Fire inside Sitrep,SUMSEL,23757,2023,2023:23757,2023,35181,,,,,,,,False
105.55460358,-3.44118047,2023-10-29 12:00:00,LAPAN,NOAA20,Fire inside Sitrep,SUMSEL,23758,2023,2023:23758,2023,35182,,,,,,,,False
105.55164337,-3.44576669,2023-10-29 12:00:00,LAPAN,NOAA20,Fire inside Sitrep,SUMSEL,23759,2023,2023:23759,2023,35183,,,,,,,,False
105.73404694,-3.44044423,2023-10-29 12:00:00,LAPAN,NOAA20,Fire inside Sitrep,SUMSEL,23760,2023,2023:23760,2023,35184,,,,,,,,False
105.76400757,-3.42793202,2023-10-29 12:00:00,LAPAN,NOAA20,Fire inside Sitrep,SUMSEL,23761,2023,2023:23761,2023,35185,,,,,,,,False
105.7719574,-3.38803363,2023-10-29 12:00:00,LAPAN,NOAA20,Fire inside Sitrep,SUMSEL,23762,2023,2023:23762,2023,35186,,,,,,,,False
105.27127075,-2.99690008,2023-10-29 12:00:00,LAPAN,NOAA20,Fire inside Sitrep,SUMSEL,23763,2023,2023:23763,2023,35187,,,,,,,,False
105.26761627,-2.99743867,2023-10-29 12:00:00,LAPAN,NOAA20,Fire inside Sitrep,SUMSEL,23764,2023,2023:23764,2023,35188,,,,,,,,False
105.20029449,-2.99894428,2023-10-29 12:00:00,LAPAN,NOAA20,Fire inside Sitrep,SUMSEL,23765,2023,2023:23765,2023,35189,,,,,,,,False
105.66436768,-3.52458,2023-10-29 12:00:00,LAPAN,NOAA20,Fire inside Sitrep,SUMSEL,23766,2023,2023:23766,2023,35190,,,,,,,,False
105.67899323,-3.52649784,2023-10-29 12:00:00,LAPAN,NOAA20,Fire inside Sitrep,SUMSEL,23767,2023,2023:23767,2023,35191,,,,,,,,False
105.21569824,-2.97565699,2023-10-29 12:00:00,LAPAN,NOAA20,Fire inside Sitrep,SUMSEL,23768,2023,2023:23768,2023,35192,,,,,,,,False
105.20953369,-2.98496485,2023-10-29 12:00:00,LAPAN,NOAA20,Fire inside Sitrep,SUMSEL,23769,2023,2023:23769,2023,35193,,,,,,,,False
105.20705414,-2.99374223,2023-10-29 12:00:00,LAPAN,NOAA20,Fire inside Sitrep,SUMSEL,23770,2023,2023:23770,2023,35194,,,,,,,,False
105.37147522,-3.14814043,2023-10-29 12:00:00,LAPAN,NOAA20,Fire inside Sitrep,SUMSEL,23771,2023,2023:23771,2023,35195,,,,,,,,False
105.37135315,-3.14858103,2023-10-29 12:00:00,LAPAN,NOAA20,Fire inside Sitrep,SUMSEL,23772,2023,2023:23772,2023,35196,,,,,,,,False
105.70455933,-3.57739472,2023-10-29 12:00:00,LAPAN,NOAA20,Fire inside Sitrep,SUMSEL,23773,2023,2023:23773,2023,35197,,,,,,,,False
105.73826599,-3.56426239,2023-10-29 12:00:00,LAPAN,NOAA20,Fire inside Sitrep,SUMSEL,23774,2023,2023:23774,2023,35198,,,,,,,,False
105.70105743,-3.57790828,2023-10-29 12:00:00,LAPAN,NOAA20,Fire inside Sitrep,SUMSEL,23775,2023,2023:23775,2023,35199,,,,,,,,False
105.63130951,-3.54274273,2023-10-29 12:00:00,LAPAN,NOAA20,Fire inside Sitrep,SUMSEL,23776,2023,2023:23776,2023,35200,,,,,,,,False
105.75606537,-3.49446726,2023-10-29 12:00:00,LAPAN,NOAA20,Fire inside Sitrep,SUMSEL,23777,2023,2023:23777,2023,35201,,,,,,,,False
105.50090027,-3.34942532,2023-10-29 12:00:00,LAPAN,NOAA20,Fire inside Sitrep,SUMSEL,23778,2023,2023:23778,2023,35202,,,,,,,,False
105.51280975,-3.33103943,2023-10-29 12:00:00,LAPAN,NOAA20,Fire inside Sitrep,SUMSEL,23779,2023,2023:23779,2023,35203,,,,,,,,False
105.50892639,-3.3526206,2023-10-29 12:00:00,LAPAN,NOAA20,Fire inside Sitrep,SUMSEL,23780,2023,2023:23780,2023,35204,,,,,,,,False
105.65966797,-3.30076671,2023-10-29 12:00:00,LAPAN,NOAA20,Fire inside Sitrep,SUMSEL,23781,2023,2023:23781,2023,35205,,,,,,,,False
105.58255005,-3.31231165,2023-10-29 12:00:00,LAPAN,NOAA20,Fire inside Sitrep,SUMSEL,23782,2023,2023:23782,2023,35206,,,,,,,,False
105.60015106,-3.30967712,2023-10-29 12:00:00,LAPAN,NOAA20,Fire inside Sitrep,SUMSEL,23783,2023,2023:23783,2023,35207,,,,,,,,False
105.60718536,-3.30862474,2023-10-29 12:00:00,LAPAN,NOAA20,Fire inside Sitrep,SUMSEL,23784,2023,2023:23784,2023,35208,,,,,,,,False
105.60775757,-3.31265712,2023-10-29 12:00:00,LAPAN,NOAA20,Fire inside Sitrep,SUMSEL,23785,2023,2023:23785,2023,35209,,,,,,,,False
105.65035248,-3.28573942,2023-10-29 12:00:00,LAPAN,NOAA20,Fire inside Sitrep,SUMSEL,23786,2023,2023:23786,2023,35210,,,,,,,,False
105.65908051,-3.29675055,2023-10-29 12:00:00,LAPAN,NOAA20,Fire inside Sitrep,SUMSEL,23787,2023,2023:23787,2023,35211,,,,,,,,False
105.75324249,-3.64144707,2023-10-29 12:00:00,LAPAN,NOAA20,Fire inside Sitrep,SUMSEL,23788,2023,2023:23788,2023,35212,,,,,,,,False
105.65209198,-3.48936105,2023-10-29 12:00:00,LAPAN,NOAA20,Fire inside Sitrep,SUMSEL,23789,2023,2023:23789,2023,35213,,,,,,,,False
105.76033783,-3.61834598,2023-10-29 12:00:00,LAPAN,NOAA20,Fire inside Sitrep,SUMSEL,23790,2023,2023:23790,2023,35214,,,,,,,,False
105.64103699,-3.29533911,2023-10-29 12:00:00,LAPAN,NOAA20,Fire inside Sitrep,SUMSEL,23791,2023,2023:23791,2023,35215,,,,,,,,False
105.64861298,-3.29831481,2023-10-29 12:00:00,LAPAN,NOAA20,Fire inside Sitrep,SUMSEL,23792,2023,2023:23792,2023,35216,,,,,,,,False
105.64336395,-3.28677726,2023-10-29 12:00:00,LAPAN,NOAA20,Fire inside Sitrep,SUMSEL,23793,2023,2023:23793,2023,35217,,,,,,,,False
105.63460541,-3.27575231,2023-10-29 12:00:00,LAPAN,NOAA20,Fire inside Sitrep,SUMSEL,23794,2023,2023:23794,2023,35218,,,,,,,,False
105.63693237,-3.26719332,2023-10-29 12:00:00,LAPAN,NOAA20,Fire inside Sitrep,SUMSEL,23795,2023,2023:23795,2023,35219,,,,,,,,False
105.71232605,-3.29696941,2023-10-29 12:00:00,LAPAN,NOAA20,Fire inside Sitrep,SUMSEL,23796,2023,2023:23796,2023,35220,,,,,,,,False
105.69802094,-3.3171556,2023-10-29 12:00:00,LAPAN,NOAA20,Fire inside Sitrep,SUMSEL,23797,2023,2023:23797,2023,35221,,,,,,,,False
105.69618225,-3.30758071,2023-10-29 12:00:00,LAPAN,NOAA20,Fire inside Sitrep,SUMSEL,23798,2023,2023:23798,2023,35222,,,,,,,,False
105.70149231,-3.31665516,2023-10-29 12:00:00,LAPAN,NOAA20,Fire inside Sitrep,SUMSEL,23799,2023,2023:23799,2023,35223,,,,,,,,False
105.69792175,-3.31960249,2023-10-29 12:00:00,LAPAN,NOAA20,Fire inside Sitrep,SUMSEL,23800,2023,2023:23800,2023,35224,,,,,,,,False
105.62525177,-3.26069236,2023-10-29 12:00:00,LAPAN,NOAA20,Fire inside Sitrep,SUMSEL,23801,2023,2023:23801,2023,35225,,,,,,,,False
105.5778656,-3.549968,2023-10-29 12:00:00,LAPAN,NOAA20,Fire inside Sitrep,SUMSEL,23802,2023,2023:23802,2023,35226,,,,,,,,False
105.54455566,-3.42198038,2023-10-29 12:00:00,LAPAN,NOAA20,Fire inside Sitrep,SUMSEL,23803,2023,2023:23803,2023,35227,,,,,,,,False
105.54158783,-3.42656636,2023-10-29 12:00:00,LAPAN,NOAA20,Fire inside Sitrep,SUMSEL,23804,2023,2023:23804,2023,35228,,,,,,,,False
105.53625488,-3.4149313,2023-10-29 12:00:00,LAPAN,NOAA20,Fire inside Sitrep,SUMSEL,23805,2023,2023:23805,2023,35229,,,,,,,,False
105.55180359,-3.44615889,2023-10-29 12:00:00,LAPAN,NOAA20,Fire inside Sitrep,SUMSEL,23806,2023,2023:23806,2023,35230,,,,,,,,False
105.73809052,-3.4439466,2023-10-29 12:00:00,LAPAN,NOAA20,Fire inside Sitrep,SUMSEL,23807,2023,2023:23807,2023,35231,,,,,,,,False
105.76459503,-3.43192935,2023-10-29 12:00:00,LAPAN,NOAA20,Fire inside Sitrep,SUMSEL,23808,2023,2023:23808,2023,35232,,,,,,,,False
105.21134949,-2.99732065,2023-10-29 12:00:00,LAPAN,NOAA20,Fire inside Sitrep,SUMSEL,23809,2023,2023:23809,2023,35233,,,,,,,,False
105.79613495,-3.64344478,2023-10-29 12:00:00,LAPAN,NOAA20,Fire inside Sitrep,SUMSEL,23810,2023,2023:23810,2023,35234,,,,,,,,False
105.79727173,-3.58013773,2023-10-29 12:00:00,LAPAN,NOAA20,Fire inside Sitrep,SUMSEL,23811,2023,2023:23811,2023,35235,,,,,,,,False
105.80234528,-3.54266834,2023-10-29 12:00:00,LAPAN,NOAA20,Fire inside Sitrep,SUMSEL,23812,2023,2023:23812,2023,35236,,,,,,,,False
105.71015167,-3.66408348,2023-10-29 12:00:00,LAPAN,NOAA20,Fire inside Sitrep,SUMSEL,23813,2023,2023:23813,2023,35237,,,,,,,,False
105.70022583,-3.66963601,2023-10-29 12:00:00,LAPAN,NOAA20,Fire inside Sitrep,SUMSEL,23814,2023,2023:23814,2023,35238,,,,,,,,False
105.70431519,-3.67315459,2023-10-29 12:00:00,LAPAN,NOAA20,Fire inside Sitrep,SUMSEL,23815,2023,2023:23815,2023,35239,,,,,,,,False
105.71543121,-3.67564702,2023-10-29 12:00:00,LAPAN,NOAA20,Fire inside Sitrep,SUMSEL,23816,2023,2023:23816,2023,35240,,,,,,,,False
105.60088348,-3.03171802,2023-10-29 12:00:00,LAPAN,NOAA20,Fire inside Sitrep,SUMSEL,23817,2023,2023:23817,2023,35241,,,,,,,,False
105.60379028,-3.02719355,2023-10-29 12:00:00,LAPAN,NOAA20,Fire inside Sitrep,SUMSEL,23818,2023,2023:23818,2023,35242,,,,,,,,False
105.59331512,-3.02871823,2023-10-29 12:00:00,LAPAN,NOAA20,Fire inside Sitrep,SUMSEL,23819,2023,2023:23819,2023,35243,,,,,,,,False
105.19599915,-2.99536443,2023-10-29 12:00:00,LAPAN,NOAA20,Fire inside Sitrep,SUMSEL,23820,2023,2023:23820,2023,35244,,,,,,,,False
105.66730499,-3.52002478,2023-10-29 12:00:00,LAPAN,NOAA20,Fire inside Sitrep,SUMSEL,23821,2023,2023:23821,2023,35245,,,,,,,,False
105.21442413,-2.99266219,2023-10-29 12:00:00,LAPAN,NOAA20,Fire inside Sitrep,SUMSEL,23822,2023,2023:23822,2023,35246,,,,,,,,False
105.20585632,-2.98550296,2023-10-29 12:00:00,LAPAN,NOAA20,Fire inside Sitrep,SUMSEL,23823,2023,2023:23823,2023,35247,,,,,,,,False
105.69237518,-3.52038026,2023-10-29 12:00:00,LAPAN,NOAA20,Fire inside Sitrep,SUMSEL,23824,2023,2023:23824,2023,35248,,,,,,,,False
105.72084808,-3.56680441,2023-10-29 12:00:00,LAPAN,NOAA20,Fire inside Sitrep,SUMSEL,23825,2023,2023:23825,2023,35249,,,,,,,,False
105.62740326,-3.54250097,2023-10-29 12:00:00,LAPAN,NOAA20,Fire inside Sitrep,SUMSEL,23826,2023,2023:23826,2023,35250,,,,,,,,False
105.65151215,-3.48533082,2023-10-29 12:00:00,LAPAN,NOAA20,Fire inside Sitrep,SUMSEL,23827,2023,2023:23827,2023,35251,,,,,,,,False
105.65444183,-3.48078513,2023-10-29 12:00:00,LAPAN,NOAA20,Fire inside Sitrep,SUMSEL,23828,2023,2023:23828,2023,35252,,,,,,,,False
105.77132416,-3.62079263,2023-10-29 12:00:00,LAPAN,NOAA20,Fire inside Sitrep,SUMSEL,23829,2023,2023:23829,2023,35253,,,,,,,,False
105.76786041,-3.62131286,2023-10-29 12:00:00,LAPAN,NOAA20,Fire inside Sitrep,SUMSEL,23830,2023,2023:23830,2023,35254,,,,,,,,False
105.80117035,-3.53468037,2023-10-29 12:00:00,LAPAN,NOAA20,Fire inside Sitrep,SUMSEL,23831,2023,2023:23831,2023,35255,,,,,,,,False
105.7113266,-3.67213392,2023-10-29 12:00:00,LAPAN,NOAA20,Fire inside Sitrep,SUMSEL,23832,2023,2023:23832,2023,35256,,,,,,,,False
105.59390259,-3.03273678,2023-10-29 12:00:00,LAPAN,NOAA20,Fire inside Sitrep,SUMSEL,23833,2023,2023:23833,2023,35257,,,,,,,,False
105.61297607,-3.2501564,2023-10-29 12:00:00,LAPAN,NOAA20,Fire inside Sitrep,SUMSEL,23834,2023,2023:23834,2023,35258,,,,,,,,False
105.63573456,-3.23452163,2023-10-29 12:00:00,LAPAN,NOAA20,Fire inside Sitrep,SUMSEL,23835,2023,2023:23835,2023,35259,,,,,,,,False
105.46395874,-3.32174397,2023-10-29 12:00:00,LAPAN,NOAA20,Fire inside Sitrep,SUMSEL,23836,2023,2023:23836,2023,35260,,,,,,,,False
105.47888184,-3.32367182,2023-10-29 12:00:00,LAPAN,NOAA20,Fire inside Sitrep,SUMSEL,23837,2023,2023:23837,2023,35261,,,,,,,,False
105.48963165,-3.32206774,2023-10-29 12:00:00,LAPAN,NOAA20,Fire inside Sitrep,SUMSEL,23838,2023,2023:23838,2023,35262,,,,,,,,False
105.47944641,-3.3526721,2023-10-29 12:00:00,LAPAN,NOAA20,Fire inside Sitrep,SUMSEL,23839,2023,2023:23839,2023,35263,,,,,,,,False
105.50450134,-3.32399273,2023-10-29 12:00:00,LAPAN,NOAA20,Fire inside Sitrep,SUMSEL,23840,2023,2023:23840,2023,35264,,,,,,,,False
105.56530762,-3.76398277,2023-10-29 12:00:00,LAPAN,NOAA20,Fire inside Sitrep,SUMSEL,23841,2023,2023:23841,2023,35265,,,,,,,,False
105.56171417,-3.7645216,2023-10-29 12:00:00,LAPAN,NOAA20,Fire inside Sitrep,SUMSEL,23842,2023,2023:23842,2023,35266,,,,,,,,False
105.76769257,-3.80481791,2023-10-29 12:00:00,LAPAN,NOAA20,Fire inside Sitrep,SUMSEL,23843,2023,2023:23843,2023,35267,,,,,,,,False
105.75191498,-3.77018428,2023-10-29 12:00:00,LAPAN,NOAA20,Fire inside Sitrep,SUMSEL,23844,2023,2023:23844,2023,35268,,,,,,,,False
105.7624588,-3.79327416,2023-10-29 12:00:00,LAPAN,NOAA20,Fire inside Sitrep,SUMSEL,23845,2023,2023:23845,2023,35269,,,,,,,,False
105.7671051,-3.80079913,2023-10-29 12:00:00,LAPAN,NOAA20,Fire inside Sitrep,SUMSEL,23846,2023,2023:23846,2023,35270,,,,,,,,False
105.74842072,-3.77069092,2023-10-29 12:00:00,LAPAN,NOAA20,Fire inside Sitrep,SUMSEL,23847,2023,2023:23847,2023,35271,,,,,,,,False
105.74609375,-3.77924323,2023-10-29 12:00:00,LAPAN,NOAA20,Fire inside Sitrep,SUMSEL,23848,2023,2023:23848,2023,35272,,,,,,,,False
105.74259949,-3.77975273,2023-10-29 12:00:00,LAPAN,NOAA20,Fire inside Sitrep,SUMSEL,23849,2023,2023:23849,2023,35273,,,,,,,,False
105.51216888,-3.79658413,2023-10-29 12:00:00,LAPAN,NOAA20,Fire inside Sitrep,SUMSEL,23850,2023,2023:23850,2023,35274,,,,,,,,False
105.61173248,-3.77393341,2023-10-29 12:00:00,LAPAN,NOAA20,Fire inside Sitrep,SUMSEL,23851,2023,2023:23851,2023,35275,,,,,,,,False
105.6381073,-3.09180164,2023-10-29 12:00:00,LAPAN,NOAA20,Fire inside Sitrep,SUMSEL,23852,2023,2023:23852,2023,35276,,,,,,,,False
105.60446167,-3.00920582,2023-10-29 12:00:00,LAPAN,NOAA20,Fire inside Sitrep,SUMSEL,23853,2023,2023:23853,2023,35277,,,,,,,,False
105.42016602,-3.32410192,2023-10-29 12:00:00,LAPAN,NOAA20,Fire inside Sitrep,SUMSEL,23854,2023,2023:23854,2023,35278,,,,,,,,False
105.5717392,-3.77552962,2023-10-29 12:00:00,LAPAN,NOAA20,Fire inside Sitrep,SUMSEL,23855,2023,2023:23855,2023,35279,,,,,,,,False
105.56588745,-3.76805139,2023-10-29 12:00:00,LAPAN,NOAA20,Fire inside Sitrep,SUMSEL,23856,2023,2023:23856,2023,35280,,,,,,,,False
105.75312042,-3.80285883,2023-10-29 12:00:00,LAPAN,NOAA20,Fire inside Sitrep,SUMSEL,23857,2023,2023:23857,2023,35281,,,,,,,,False
105.73267365,-3.78530884,2023-10-29 12:00:00,LAPAN,NOAA20,Fire inside Sitrep,SUMSEL,23858,2023,2023:23858,2023,35282,,,,,,,,False
105.77577972,-3.76262355,2023-10-29 12:00:00,LAPAN,NOAA20,Fire inside Sitrep,SUMSEL,23859,2023,2023:23859,2023,35283,,,,,,,,False
105.74669647,-3.78326321,2023-10-29 12:00:00,LAPAN,NOAA20,Fire inside Sitrep,SUMSEL,23860,2023,2023:23860,2023,35284,,,,,,,,False
105.79322815,-3.76009512,2023-10-29 12:00:00,LAPAN,NOAA20,Fire inside Sitrep,SUMSEL,23861,2023,2023:23861,2023,35285,,,,,,,,False
105.53353882,-3.77291656,2023-10-29 12:00:00,LAPAN,NOAA20,Fire inside Sitrep,SUMSEL,23862,2023,2023:23862,2023,35286,,,,,,,,False
105.57798004,-3.89509296,2023-10-29 12:00:00,LAPAN,NOAA20,Fire inside Sitrep,SUMSEL,23863,2023,2023:23863,2023,35287,,,,,,,,False
105.39286804,-3.75201726,2023-10-29 12:00:00,LAPAN,NOAA20,Fire inside Sitrep,SUMSEL,23864,2023,2023:23864,2023,35288,,,,,,,,False
105.63697815,-3.10836577,2023-10-29 12:00:00,LAPAN,NOAA20,Fire inside Sitrep,SUMSEL,23865,2023,2023:23865,2023,35289,,,,,,,,False
105.59911346,-3.01966882,2023-10-29 12:00:00,LAPAN,NOAA20,Fire inside Sitrep,SUMSEL,23866,2023,2023:23866,2023,35290,,,,,,,,False
105.60083771,-3.00711656,2023-10-29 12:00:00,LAPAN,NOAA20,Fire inside Sitrep,SUMSEL,23867,2023,2023:23867,2023,35291,,,,,,,,False
105.70594788,-3.27747345,2023-10-29 12:00:00,LAPAN,NOAA20,Fire inside Sitrep,SUMSEL,23868,2023,2023:23868,2023,35292,,,,,,,,False
105.84286499,-3.88139844,2023-10-29 12:00:00,LAPAN,NOAA20,Fire inside Sitrep,SUMSEL,23869,2023,2023:23869,2023,35293,,,,,,,,False
105.83768463,-3.89442444,2023-10-29 12:00:00,LAPAN,NOAA20,Fire inside Sitrep,SUMSEL,23870,2023,2023:23870,2023,35294,,,,,,,,False
105.67689514,-3.79757118,2023-10-29 12:00:00,LAPAN,NOAA20,Fire inside Sitrep,SUMSEL,23871,2023,2023:23871,2023,35295,,,,,,,,False
105.58896637,-3.84363723,2023-10-29 12:00:00,LAPAN,NOAA20,Fire inside Sitrep,SUMSEL,23872,2023,2023:23872,2023,35296,,,,,,,,False
105.59916687,-3.83797455,2023-10-29 12:00:00,LAPAN,NOAA20,Fire inside Sitrep,SUMSEL,23873,2023,2023:23873,2023,35297,,,,,,,,False
105.29109192,-2.68228865,2023-10-29 12:00:00,LAPAN,NOAA20,Fire inside Sitrep,SUMSEL,23874,2023,2023:23874,2023,35298,,,,,,,,False
105.76651764,-3.84604836,2023-10-29 12:00:00,LAPAN,NOAA20,Fire inside Sitrep,SUMSEL,23875,2023,2023:23875,2023,35299,,,,,,,,False
105.58361053,-3.83196449,2023-10-29 12:00:00,LAPAN,NOAA20,Fire inside Sitrep,SUMSEL,23876,2023,2023:23876,2023,35300,,,,,,,,False
105.58177948,-3.84470248,2023-10-29 12:00:00,LAPAN,NOAA20,Fire inside Sitrep,SUMSEL,23877,2023,2023:23877,2023,35301,,,,,,,,False
105.62000275,-3.83074498,2023-10-29 12:00:00,LAPAN,NOAA20,Fire inside Sitrep,SUMSEL,23878,2023,2023:23878,2023,35302,,,,,,,,False
105.25339508,-2.89987111,2023-10-29 12:00:00,LAPAN,NOAA20,Fire inside Sitrep,SUMSEL,23879,2023,2023:23879,2023,35303,,,,,,,,False
105.38221741,-2.41121244,2023-10-29 12:00:00,LAPAN,NOAA20,Verified No fire,SUMSEL,23880,2023,2023:23880,2023,35304,,,,,,,,False
105.44835663,-3.77315307,2023-10-29 12:00:00,LAPAN,NOAA20,Fire inside Sitrep,SUMSEL,23881,2023,2023:23881,2023,35305,,,,,,,,False
105.52077484,-3.88245964,2023-10-29 12:00:00,LAPAN,NOAA20,Fire inside Sitrep,SUMSEL,23882,2023,2023:23882,2023,35306,,,,,,,,False
105.54212189,-3.87559485,2023-10-29 12:00:00,LAPAN,NOAA20,Fire inside Sitrep,SUMSEL,23883,2023,2023:23883,2023,35307,,,,,,,,False
105.53186035,-3.88130498,2023-10-29 12:00:00,LAPAN,NOAA20,Fire inside Sitrep,SUMSEL,23884,2023,2023:23884,2023,35308,,,,,,,,False
105.54152679,-3.87151313,2023-10-29 12:00:00,LAPAN,NOAA20,Fire inside Sitrep,SUMSEL,23885,2023,2023:23885,2023,35309,,,,,,,,False
105.52440643,-3.8819418,2023-10-29 12:00:00,LAPAN,NOAA20,Fire inside Sitrep,SUMSEL,23886,2023,2023:23886,2023,35310,,,,,,,,False
105.5059967,-3.73533535,2023-10-29 12:00:00,LAPAN,NOAA20,Fire inside Sitrep,SUMSEL,23887,2023,2023:23887,2023,35311,,,,,,,,False
105.53612518,-3.85980916,2023-10-29 12:00:00,LAPAN,NOAA20,Fire inside Sitrep,SUMSEL,23888,2023,2023:23888,2023,35312,,,,,,,,False
105.53166199,-3.88090706,2023-10-29 12:00:00,LAPAN,NOAA20,Fire inside Sitrep,SUMSEL,23889,2023,2023:23889,2023,35313,,,,,,,,False
105.52098846,-3.88293695,2023-10-29 12:00:00,LAPAN,NOAA20,Fire inside Sitrep,SUMSEL,23890,2023,2023:23890,2023,35314,,,,,,,,False
105.5269165,-3.7780807,2023-10-29 12:00:00,LAPAN,NOAA20,Fire inside Sitrep,SUMSEL,23891,2023,2023:23891,2023,35315,,,,,,,,False
105.5273056,-3.77356982,2023-10-29 12:00:00,LAPAN,NOAA20,Fire inside Sitrep,SUMSEL,23892,2023,2023:23892,2023,35316,,,,,,,,False
105.47829437,-3.79310632,2023-10-29 12:00:00,LAPAN,NOAA20,Fire inside Sitrep,SUMSEL,23893,2023,2023:23893,2023,35317,,,,,,,,False
105.48312378,-3.80077195,2023-10-29 12:00:00,LAPAN,NOAA20,Fire inside Sitrep,SUMSEL,23894,2023,2023:23894,2023,35318,,,,,,,,False
105.5353775,-3.76014519,2023-10-29 12:00:00,LAPAN,NOAA20,Fire inside Sitrep,SUMSEL,23895,2023,2023:23895,2023,35319,,,,,,,,False
105.35296631,-3.73682857,2023-10-29 12:00:00,LAPAN,NOAA20,Fire inside Sitrep,SUMSEL,23896,2023,2023:23896,2023,35320,,,,,,,,False
105.45526123,-3.71771431,2023-10-29 12:00:00,LAPAN,NOAA20,Fire inside Sitrep,SUMSEL,23897,2023,2023:23897,2023,35321,,,,,,,,False
105.46134949,-3.70846438,2023-10-29 12:00:00,LAPAN,NOAA20,Fire inside Sitrep,SUMSEL,23898,2023,2023:23898,2023,35322,,,,,,,,False
105.46372223,-3.72484279,2023-10-29 12:00:00,LAPAN,NOAA20,Fire inside Sitrep,SUMSEL,23899,2023,2023:23899,2023,35323,,,,,,,,False
105.65548706,-3.95016527,2023-10-29 12:00:00,LAPAN,NOAA20,Fire inside Sitrep,SUMSEL,23900,2023,2023:23900,2023,35324,,,,,,,,False
105.75084686,-3.83606911,2023-10-29 12:00:00,LAPAN,NOAA20,Fire inside Sitrep,SUMSEL,23901,2023,2023:23901,2023,35325,,,,,,,,False
105.52632904,-3.77400088,2023-10-29 12:00:00,LAPAN,NOAA20,Fire inside Sitrep,SUMSEL,23902,2023,2023:23902,2023,35326,,,,,,,,False
105.45889282,-3.71718454,2023-10-29 12:00:00,LAPAN,NOAA20,Fire inside Sitrep,SUMSEL,23903,2023,2023:23903,2023,35327,,,,,,,,False
105.48483276,-3.74263287,2023-10-29 12:00:00,LAPAN,NOAA20,Fire inside Sitrep,SUMSEL,23904,2023,2023:23904,2023,35328,,,,,,,,False
105.45829773,-3.71308851,2023-10-29 12:00:00,LAPAN,NOAA20,Fire inside Sitrep,SUMSEL,23905,2023,2023:23905,2023,35329,,,,,,,,False
105.48787689,-3.73800755,2023-10-29 12:00:00,LAPAN,NOAA20,Fire inside Sitrep,SUMSEL,23906,2023,2023:23906,2023,35330,,,,,,,,False
105.70308685,-3.9767983,2023-10-29 12:00:00,LAPAN,NOAA20,Fire inside Sitrep,SUMSEL,23907,2023,2023:23907,2023,35331,,,,,,,,False
105.69953156,-3.97730708,2023-10-29 12:00:00,LAPAN,NOAA20,Fire inside Sitrep,SUMSEL,23908,2023,2023:23908,2023,35332,,,,,,,,False
105.5422287,-2.45716763,2023-10-29 12:00:00,LAPAN,NOAA20,Verified No fire,SUMSEL,23909,2023,2023:23909,2023,35333,,,,,,,,False
105.67722321,-3.51442885,2023-10-29 12:00:00,LAPAN,NOAA20,Fire inside Sitrep,SUMSEL,23910,2023,2023:23910,2023,35334,,,,,,,,False
105.64328003,-3.52774143,2023-10-29 12:00:00,LAPAN,NOAA20,Fire inside Sitrep,SUMSEL,23911,2023,2023:23911,2023,35335,,,,,,,,False
105.58938599,-3.57770658,2023-10-29 12:00:00,LAPAN,NOAA20,Fire inside Sitrep,SUMSEL,23912,2023,2023:23912,2023,35336,,,,,,,,False
105.80754089,-3.55414677,2023-10-29 12:00:00,LAPAN,NOAA20,Fire inside Sitrep,SUMSEL,23913,2023,2023:23913,2023,35337,,,,,,,,False
105.76264191,-3.60981131,2023-10-29 12:00:00,LAPAN,NOAA20,Fire inside Sitrep,SUMSEL,23914,2023,2023:23914,2023,35338,,,,,,,,False
105.70781708,-3.6726439,2023-10-29 12:00:00,LAPAN,NOAA20,Fire inside Sitrep,SUMSEL,23915,2023,2023:23915,2023,35339,,,,,,,,False
105.68249512,-3.52597237,2023-10-29 12:00:00,LAPAN,NOAA20,Fire inside Sitrep,SUMSEL,23916,2023,2023:23916,2023,35340,,,,,,,,False
105.75687408,-3.61886644,2023-10-29 12:00:00,LAPAN,NOAA20,Fire inside Sitrep,SUMSEL,23917,2023,2023:23917,2023,35341,,,,,,,,False
105.70314789,-3.66509867,2023-10-29 12:00:00,LAPAN,NOAA20,Fire inside Sitrep,SUMSEL,23918,2023,2023:23918,2023,35342,,,,,,,,False
105.71893311,-3.67513657,2023-10-29 12:00:00,LAPAN,NOAA20,Fire inside Sitrep,SUMSEL,23919,2023,2023:23919,2023,35343,,,,,,,,False
105.51519775,-3.32239199,2023-10-29 12:00:00,LAPAN,NOAA20,Fire inside Sitrep,SUMSEL,23920,2023,2023:23920,2023,35344,,,,,,,,False
105.4730835,-3.35778594,2023-10-29 12:00:00,LAPAN,NOAA20,Fire inside Sitrep,SUMSEL,23921,2023,2023:23921,2023,35345,,,,,,,,False
105.59562683,-3.02017522,2023-10-29 12:00:00,LAPAN,NOAA20,Fire inside Sitrep,SUMSEL,23922,2023,2023:23922,2023,35346,,,,,,,,False
105.60202026,-3.01514721,2023-10-29 12:00:00,LAPAN,NOAA20,Fire inside Sitrep,SUMSEL,23923,2023,2023:23923,2023,35347,,,,,,,,False
105.60147858,-3.03573442,2023-10-29 12:00:00,LAPAN,NOAA20,Fire inside Sitrep,SUMSEL,23924,2023,2023:23924,2023,35348,,,,,,,,False
105.70248413,-3.2779882,2023-10-29 12:00:00,LAPAN,NOAA20,Fire inside Sitrep,SUMSEL,23925,2023,2023:23925,2023,35349,,,,,,,,False
105.7671051,-3.85006714,2023-10-29 12:00:00,LAPAN,NOAA20,Fire inside Sitrep,SUMSEL,23926,2023,2023:23926,2023,35350,,,,,,,,False
105.89576721,-3.88181591,2023-10-29 12:00:00,LAPAN,NOAA20,Fire inside Sitrep,SUMSEL,23927,2023,2023:23927,2023,35351,,,,,,,,False
105.24913025,-2.89631152,2023-10-29 12:00:00,LAPAN,NOAA20,Fire inside Sitrep,SUMSEL,23928,2023,2023:23928,2023,35352,,,,,,,,False
105.7709198,-3.42693305,2023-10-29 12:00:00,LAPAN,NOAA20,Fire inside Sitrep,SUMSEL,23929,2023,2023:23929,2023,35353,,,,,,,,False
105.58028412,-3.46686792,2023-10-29 12:00:00,LAPAN,NOAA20,Fire inside Sitrep,SUMSEL,23930,2023,2023:23930,2023,35354,,,,,,,,False
105.62294006,-3.26925397,2023-10-29 12:00:00,LAPAN,NOAA20,Fire inside Sitrep,SUMSEL,23931,2023,2023:23931,2023,35355,,,,,,,,False
105.62180328,-3.31054974,2023-10-29 12:00:00,LAPAN,NOAA20,Fire inside Sitrep,SUMSEL,23932,2023,2023:23932,2023,35356,,,,,,,,False
105.69906616,-3.3030529,2023-10-29 12:00:00,LAPAN,NOAA20,Fire inside Sitrep,SUMSEL,23933,2023,2023:23933,2023,35357,,,,,,,,False
105.53090668,-3.40329361,2023-10-29 12:00:00,LAPAN,NOAA20,Fire inside Sitrep,SUMSEL,23934,2023,2023:23934,2023,35358,,,,,,,,False
105.58548737,-3.30774808,2023-10-29 12:00:00,LAPAN,NOAA20,Fire inside Sitrep,SUMSEL,23935,2023,2023:23935,2023,35359,,,,,,,,False
105.64685822,-3.28625822,2023-10-29 12:00:00,LAPAN,NOAA20,Fire inside Sitrep,SUMSEL,23936,2023,2023:23936,2023,35360,,,,,,,,False
105.65559387,-3.29727173,2023-10-29 12:00:00,LAPAN,NOAA20,Fire inside Sitrep,SUMSEL,23937,2023,2023:23937,2023,35361,,,,,,,,False
105.54264069,-3.73409009,2023-10-29 12:00:00,LAPAN,NOAA20,Fire inside Sitrep,SUMSEL,23938,2023,2023:23938,2023,35362,,,,,,,,False
105.47465515,-3.79362917,2023-10-29 12:00:00,LAPAN,NOAA20,Fire inside Sitrep,SUMSEL,23939,2023,2023:23939,2023,35363,,,,,,,,False
105.51579285,-3.79606152,2023-10-29 12:00:00,LAPAN,NOAA20,Fire inside Sitrep,SUMSEL,23940,2023,2023:23940,2023,35364,,,,,,,,False
105.44410706,-3.76959753,2023-10-29 12:00:00,LAPAN,NOAA20,Fire inside Sitrep,SUMSEL,23941,2023,2023:23941,2023,35365,,,,,,,,False
105.58242798,-3.82382846,2023-10-29 12:00:00,LAPAN,NOAA20,Fire inside Sitrep,SUMSEL,23942,2023,2023:23942,2023,35366,,,,,,,,False
105.56813812,-3.77604485,2023-10-29 12:00:00,LAPAN,NOAA20,Fire inside Sitrep,SUMSEL,23943,2023,2023:23943,2023,35367,,,,,,,,False
105.59557343,-3.83850527,2023-10-29 12:00:00,LAPAN,NOAA20,Fire inside Sitrep,SUMSEL,23944,2023,2023:23944,2023,35368,,,,,,,,False
105.52823639,-3.88184834,2023-10-29 12:00:00,LAPAN,NOAA20,Fire inside Sitrep,SUMSEL,23945,2023,2023:23945,2023,35369,,,,,,,,False
105.55535889,-3.44564891,2023-10-29 12:00:00,LAPAN,NOAA20,Fire inside Sitrep,SUMSEL,23946,2023,2023:23946,2023,35370,,,,,,,,False
105.69454193,-3.31765556,2023-10-29 12:00:00,LAPAN,NOAA20,Fire inside Sitrep,SUMSEL,23947,2023,2023:23947,2023,35371,,,,,,,,False
105.2033844,-2.99428225,2023-10-29 12:00:00,LAPAN,NOAA20,Fire inside Sitrep,SUMSEL,23948,2023,2023:23948,2023,35372,,,,,,,,False
105.58573914,-3.02571511,2023-10-29 12:00:00,LAPAN,NOAA20,Fire inside Sitrep,SUMSEL,23949,2023,2023:23949,2023,35373,,,,,,,,False
105.6009903,-3.00973439,2023-10-29 12:00:00,LAPAN,NOAA20,Fire inside Sitrep,SUMSEL,23950,2023,2023:23950,2023,35374,,,,,,,,False
105.6164856,-3.24964476,2023-10-29 12:00:00,LAPAN,NOAA20,Fire inside Sitrep,SUMSEL,23951,2023,2023:23951,2023,35375,,,,,,,,False
105.63694763,-3.29183936,2023-10-29 12:00:00,LAPAN,NOAA20,Fire inside Sitrep,SUMSEL,23952,2023,2023:23952,2023,35376,,,,,,,,False
105.6997757,-3.32918072,2023-10-29 12:00:00,LAPAN,NOAA20,Fire inside Sitrep,SUMSEL,23953,2023,2023:23953,2023,35377,,,,,,,,False
105.70653534,-3.2814765,2023-10-29 12:00:00,LAPAN,NOAA20,Fire inside Sitrep,SUMSEL,23954,2023,2023:23954,2023,35378,,,,,,,,False
105.5995636,-3.30564475,2023-10-29 12:00:00,LAPAN,NOAA20,Fire inside Sitrep,SUMSEL,23955,2023,2023:23955,2023,35379,,,,,,,,False
105.65093994,-3.28975725,2023-10-29 12:00:00,LAPAN,NOAA20,Fire inside Sitrep,SUMSEL,23956,2023,2023:23956,2023,35380,,,,,,,,False
105.48616791,-3.79615474,2023-10-29 12:00:00,LAPAN,NOAA20,Fire inside Sitrep,SUMSEL,23957,2023,2023:23957,2023,35381,,,,,,,,False
105.5788269,-3.82435656,2023-10-29 12:00:00,LAPAN,NOAA20,Fire inside Sitrep,SUMSEL,23958,2023,2023:23958,2023,35382,,,,,,,,False
105.59255219,-3.84310579,2023-10-29 12:00:00,LAPAN,NOAA20,Fire inside Sitrep,SUMSEL,23959,2023,2023:23959,2023,35383,,,,,,,,False
105.52284241,-3.87013364,2023-10-29 12:00:00,LAPAN,NOAA20,Fire inside Sitrep,SUMSEL,23960,2023,2023:23960,2023,35384,,,,,,,,False
105.39962006,-3.74681973,2023-10-29 12:00:00,LAPAN,NOAA20,Fire inside Sitrep,SUMSEL,23961,2023,2023:23961,2023,35385,,,,,,,,False
105.50961304,-3.73480177,2023-10-29 12:00:00,LAPAN,NOAA20,Fire inside Sitrep,SUMSEL,23962,2023,2023:23962,2023,35386,,,,,,,,False
105.20217133,-2.98604107,2023-10-29 12:00:00,LAPAN,NOAA20,Fire inside Sitrep,SUMSEL,23963,2023,2023:23963,2023,35387,,,,,,,,False
105.75540924,-3.76967692,2023-10-29 12:00:00,LAPAN,NOAA20,Fire inside Sitrep,SUMSEL,23964,2023,2023:23964,2023,35388,,,,,,,,False
105.7346344,-3.4444499,2023-10-29 12:00:00,LAPAN,NOAA20,Fire inside Sitrep,SUMSEL,23965,2023,2023:23965,2023,35389,,,,,,,,False
105.59591675,-3.57262182,2023-10-29 12:00:00,LAPAN,NOAA20,Fire inside Sitrep,SUMSEL,23966,2023,2023:23966,2023,35390,,,,,,,,False
105.79264832,-3.64394784,2023-10-29 12:00:00,LAPAN,NOAA20,Fire inside Sitrep,SUMSEL,23967,2023,2023:23967,2023,35391,,,,,,,,False
105.46469879,-3.35067821,2023-10-29 12:00:00,LAPAN,NOAA20,Fire inside Sitrep,SUMSEL,23968,2023,2023:23968,2023,35392,,,,,,,,False
105.46278381,-3.31360459,2023-10-29 12:00:00,LAPAN,NOAA20,Fire inside Sitrep,SUMSEL,23969,2023,2023:23969,2023,35393,,,,,,,,False
105.378685,-2.41172957,2023-10-29 12:00:00,LAPAN,NOAA20,Verified No fire,SUMSEL,23970,2023,2023:23970,2023,35394,,,,,,,,False
105.59680939,-3.02821016,2023-10-29 12:00:00,LAPAN,NOAA20,Fire inside Sitrep,SUMSEL,23971,2023,2023:23971,2023,35395,,,,,,,,False
105.77137756,-3.38404059,2023-10-29 12:00:00,LAPAN,NOAA20,Fire inside Sitrep,SUMSEL,23972,2023,2023:23972,2023,35396,,,,,,,,False
105.55342865,-3.43307543,2023-10-29 12:00:00,LAPAN,NOAA20,Fire inside Sitrep,SUMSEL,23973,2023,2023:23973,2023,35397,,,,,,,,False
105.51636505,-3.33050442,2023-10-29 12:00:00,LAPAN,NOAA20,Fire inside Sitrep,SUMSEL,23974,2023,2023:23974,2023,35398,,,,,,,,False
105.7013855,-3.31907797,2023-10-29 12:00:00,LAPAN,NOAA20,Fire inside Sitrep,SUMSEL,23975,2023,2023:23975,2023,35399,,,,,,,,False
105.63170624,-3.30495238,2023-10-29 12:00:00,LAPAN,NOAA20,Fire inside Sitrep,SUMSEL,23976,2023,2023:23976,2023,35400,,,,,,,,False
105.61069489,-3.30809879,2023-10-29 12:00:00,LAPAN,NOAA20,Fire inside Sitrep,SUMSEL,23977,2023,2023:23977,2023,35401,,,,,,,,False
105.6392746,-3.2832768,2023-10-29 12:00:00,LAPAN,NOAA20,Fire inside Sitrep,SUMSEL,23978,2023,2023:23978,2023,35402,,,,,,,,False
105.52849579,-3.78173113,2023-10-29 12:00:00,LAPAN,NOAA20,Fire inside Sitrep,SUMSEL,23979,2023,2023:23979,2023,35403,,,,,,,,False
105.54100037,-3.84241223,2023-10-29 12:00:00,LAPAN,NOAA20,Fire inside Sitrep,SUMSEL,23980,2023,2023:23980,2023,35404,,,,,,,,False
105.58537292,-3.84416962,2023-10-29 12:00:00,LAPAN,NOAA20,Fire inside Sitrep,SUMSEL,23981,2023,2023:23981,2023,35405,,,,,,,,False
105.52803802,-3.88142443,2023-10-29 12:00:00,LAPAN,NOAA20,Fire inside Sitrep,SUMSEL,23982,2023,2023:23982,2023,35406,,,,,,,,False
105.35727692,-3.74041224,2023-10-29 12:00:00,LAPAN,NOAA20,Fire inside Sitrep,SUMSEL,23983,2023,2023:23983,2023,35407,,,,,,,,False
105.60888672,-3.73672223,2023-10-29 12:00:00,LAPAN,NOAA20,Fire inside Sitrep,SUMSEL,23984,2023,2023:23984,2023,35408,,,,,,,,False
105.74115753,-3.55974364,2023-10-29 12:00:00,LAPAN,NOAA20,Fire inside Sitrep,SUMSEL,23985,2023,2023:23985,2023,35409,,,,,,,,False
105.7638092,-3.61782622,2023-10-29 12:00:00,LAPAN,NOAA20,Fire inside Sitrep,SUMSEL,23986,2023,2023:23986,2023,35410,,,,,,,,False
105.71192169,-3.67615819,2023-10-29 12:00:00,LAPAN,NOAA20,Fire inside Sitrep,SUMSEL,23987,2023,2023:23987,2023,35411,,,,,,,,False
105.75019073,-3.78275251,2023-10-29 12:00:00,LAPAN,NOAA20,Fire inside Sitrep,SUMSEL,23988,2023,2023:23988,2023,35412,,,,,,,,False
105.73207855,-3.78128362,2023-10-29 12:00:00,LAPAN,NOAA20,Fire inside Sitrep,SUMSEL,23989,2023,2023:23989,2023,35413,,,,,,,,False
105.73617554,-3.78479743,2023-10-29 12:00:00,LAPAN,NOAA20,Fire inside Sitrep,SUMSEL,23990,2023,2023:23990,2023,35414,,,,,,,,False
105.75154877,-3.53367662,2023-10-29 12:00:00,LAPAN,NOAA20,Fire inside Sitrep,SUMSEL,23991,2023,2023:23991,2023,35415,,,,,,,,False
105.75952911,-3.49395108,2023-10-29 12:00:00,LAPAN,NOAA20,Fire inside Sitrep,SUMSEL,23992,2023,2023:23992,2023,35416,,,,,,,,False
105.80519867,-3.53817511,2023-10-29 12:00:00,LAPAN,NOAA20,Fire inside Sitrep,SUMSEL,23993,2023,2023:23993,2023,35417,,,,,,,,False
105.59750366,-3.01026297,2023-10-29 12:00:00,LAPAN,NOAA20,Fire inside Sitrep,SUMSEL,23994,2023,2023:23994,2023,35418,,,,,,,,False
105.63288879,-3.08029294,2023-10-29 12:00:00,LAPAN,NOAA20,Fire inside Sitrep,SUMSEL,23995,2023,2023:23995,2023,35419,,,,,,,,False
105.77926636,-3.7621181,2023-10-29 12:00:00,LAPAN,NOAA20,Fire inside Sitrep,SUMSEL,23996,2023,2023:23996,2023,35420,,,,,,,,False
105.7665329,-3.79678059,2023-10-29 12:00:00,LAPAN,NOAA20,Fire inside Sitrep,SUMSEL,23997,2023,2023:23997,2023,35421,,,,,,,,False
105.70249176,-3.97275257,2023-10-29 12:00:00,LAPAN,NOAA20,Fire inside Sitrep,SUMSEL,23998,2023,2023:23998,2023,35422,,,,,,,,False
105.60675812,-3.07188535,2023-10-29 12:00:00,LAPAN,NOAA20,Fire inside Sitrep,SUMSEL,23999,2023,2023:23999,2023,35423,,,,,,,,False
105.54566956,-2.45664668,2023-10-29 12:00:00,LAPAN,NOAA20,Verified No fire,SUMSEL,24000,2023,2023:24000,2023,35424,,,,,,,,False
105.61478424,-3.4321146,2023-10-29 12:00:00,LAPAN,NOAA20,Fire inside Sitrep,SUMSEL,24001,2023,2023:24001,2023,35425,,,,,,,,False
105.64396667,-3.31544352,2023-10-29 12:00:00,LAPAN,NOAA20,Fire inside Sitrep,SUMSEL,24002,2023,2023:24002,2023,35426,,,,,,,,False
105.699646,-3.30705881,2023-10-29 12:00:00,LAPAN,NOAA20,Fire inside Sitrep,SUMSEL,24003,2023,2023:24003,2023,35427,,,,,,,,False
105.61361694,-3.303545,2023-10-29 12:00:00,LAPAN,NOAA20,Fire inside Sitrep,SUMSEL,24004,2023,2023:24004,2023,35428,,,,,,,,False
105.60366821,-3.30915093,2023-10-29 12:00:00,LAPAN,NOAA20,Fire inside Sitrep,SUMSEL,24005,2023,2023:24005,2023,35429,,,,,,,,False
105.66025543,-3.30478263,2023-10-29 12:00:00,LAPAN,NOAA20,Fire inside Sitrep,SUMSEL,24006,2023,2023:24006,2023,35430,,,,,,,,False
105.76805115,-3.43142819,2023-10-29 12:00:00,LAPAN,NOAA20,Fire inside Sitrep,SUMSEL,24007,2023,2023:24007,2023,35431,,,,,,,,False
105.21630096,-2.97977328,2023-10-29 12:00:00,LAPAN,NOAA20,Fire inside Sitrep,SUMSEL,24008,2023,2023:24008,2023,35432,,,,,,,,False
105.52993011,-3.77345872,2023-10-29 12:00:00,LAPAN,NOAA20,Fire inside Sitrep,SUMSEL,24009,2023,2023:24009,2023,35433,,,,,,,,False
105.47948456,-3.801296,2023-10-29 12:00:00,LAPAN,NOAA20,Fire inside Sitrep,SUMSEL,24010,2023,2023:24010,2023,35434,,,,,,,,False
105.53429413,-3.87259507,2023-10-29 12:00:00,LAPAN,NOAA20,Fire inside Sitrep,SUMSEL,24011,2023,2023:24011,2023,35435,,,,,,,,False
105.34268951,-3.69197893,2023-10-29 12:00:00,LAPAN,NOAA20,Fire inside Sitrep,SUMSEL,24012,2023,2023:24012,2023,35436,,,,,,,,False
105.46193695,-3.71255922,2023-10-29 12:00:00,LAPAN,NOAA20,Fire inside Sitrep,SUMSEL,24013,2023,2023:24013,2023,35437,,,,,,,,False
105.40200043,-3.76327252,2023-10-29 12:00:00,LAPAN,NOAA20,Fire inside Sitrep,SUMSEL,24014,2023,2023:24014,2023,35438,,,,,,,,False
105.73355103,-3.51010895,2023-10-29 12:00:00,LAPAN,NOAA20,Fire inside Sitrep,SUMSEL,24015,2023,2023:24015,2023,35439,,,,,,,,False
105.74463654,-3.55923605,2023-10-29 12:00:00,LAPAN,NOAA20,Fire inside Sitrep,SUMSEL,24016,2023,2023:24016,2023,35440,,,,,,,,False
105.76611328,-3.60929346,2023-10-29 12:00:00,LAPAN,NOAA20,Fire inside Sitrep,SUMSEL,24017,2023,2023:24017,2023,35441,,,,,,,,False
105.70372772,-3.6691277,2023-10-29 12:00:00,LAPAN,NOAA20,Fire inside Sitrep,SUMSEL,24018,2023,2023:24018,2023,35442,,,,,,,,False
105.63058472,-3.088835,2023-10-29 12:00:00,LAPAN,NOAA20,Fire inside Sitrep,SUMSEL,24019,2023,2023:24019,2023,35443,,,,,,,,False
105.60319519,-3.0231781,2023-10-29 12:00:00,LAPAN,NOAA20,Fire inside Sitrep,SUMSEL,24020,2023,2023:24020,2023,35444,,,,,,,,False
105.59739685,-3.03222728,2023-10-29 12:00:00,LAPAN,NOAA20,Fire inside Sitrep,SUMSEL,24021,2023,2023:24021,2023,35445,,,,,,,,False
105.64918518,-3.49390793,2023-10-29 12:00:00,LAPAN,NOAA20,Fire inside Sitrep,SUMSEL,24022,2023,2023:24022,2023,35446,,,,,,,,False
105.63092804,-3.54197001,2023-10-29 12:00:00,LAPAN,NOAA20,Fire inside Sitrep,SUMSEL,24023,2023,2023:24023,2023,35447,,,,,,,,False
105.61243439,-3.58675385,2023-10-29 12:00:00,LAPAN,NOAA20,Fire inside Sitrep,SUMSEL,24024,2023,2023:24024,2023,35448,,,,,,,,False
105.68677521,-3.65100813,2023-10-29 12:00:00,LAPAN,NOAA20,Fire inside Sitrep,SUMSEL,24025,2023,2023:24025,2023,35449,,,,,,,,False
105.46450806,-3.35077214,2023-10-29 12:00:00,LAPAN,NOAA20,Fire inside Sitrep,SUMSEL,24026,2023,2023:24026,2023,35450,,,,,,,,False
105.47667694,-3.35726833,2023-10-29 12:00:00,LAPAN,NOAA20,Fire inside Sitrep,SUMSEL,24027,2023,2023:24027,2023,35451,,,,,,,,False
105.45859528,-3.31006742,2023-10-29 12:00:00,LAPAN,NOAA20,Fire inside Sitrep,SUMSEL,24028,2023,2023:24028,2023,35452,,,,,,,,False
105.46337128,-3.31767464,2023-10-29 12:00:00,LAPAN,NOAA20,Fire inside Sitrep,SUMSEL,24029,2023,2023:24029,2023,35453,,,,,,,,False
105.50093842,-3.32452679,2023-10-29 12:00:00,LAPAN,NOAA20,Fire inside Sitrep,SUMSEL,24030,2023,2023:24030,2023,35454,,,,,,,,False
105.75021362,-3.80739594,2023-10-29 12:00:00,LAPAN,NOAA20,Fire inside Sitrep,SUMSEL,24031,2023,2023:24031,2023,35455,,,,,,,,False
105.73968506,-3.78428602,2023-10-29 12:00:00,LAPAN,NOAA20,Fire inside Sitrep,SUMSEL,24032,2023,2023:24032,2023,35456,,,,,,,,False
105.77436829,-3.42643523,2023-10-29 12:00:00,LAPAN,NOAA20,Fire inside Sitrep,SUMSEL,24033,2023,2023:24033,2023,35457,,,,,,,,False
105.76747131,-3.42743182,2023-10-29 12:00:00,LAPAN,NOAA20,Fire inside Sitrep,SUMSEL,24034,2023,2023:24034,2023,35458,,,,,,,,False
105.58088684,-3.47091484,2023-10-29 12:00:00,LAPAN,NOAA20,Fire inside Sitrep,SUMSEL,24035,2023,2023:24035,2023,35459,,,,,,,,False
105.62701416,-3.27276373,2023-10-29 12:00:00,LAPAN,NOAA20,Fire inside Sitrep,SUMSEL,24036,2023,2023:24036,2023,35460,,,,,,,,False
105.64044952,-3.29131866,2023-10-29 12:00:00,LAPAN,NOAA20,Fire inside Sitrep,SUMSEL,24037,2023,2023:24037,2023,35461,,,,,,,,False
105.56686401,-3.81779647,2023-10-29 12:00:00,LAPAN,NOAA20,Fire inside Sitrep,SUMSEL,24038,2023,2023:24038,2023,35462,,,,,,,,False
105.59197998,-3.83903766,2023-10-29 12:00:00,LAPAN,NOAA20,Fire inside Sitrep,SUMSEL,24039,2023,2023:24039,2023,35463,,,,,,,,False
105.40329742,-3.74627924,2023-10-29 12:00:00,LAPAN,NOAA20,Fire inside Sitrep,SUMSEL,24040,2023,2023:24040,2023,35464,,,,,,,,False
105.3632431,-3.78165793,2023-10-29 12:00:00,LAPAN,NOAA20,Fire inside Sitrep,SUMSEL,24041,2023,2023:24041,2023,35465,,,,,,,,False
105.78974152,-3.76060057,2023-10-29 12:00:00,LAPAN,NOAA20,Fire inside Sitrep,SUMSEL,24042,2023,2023:24042,2023,35466,,,,,,,,False
105.74962616,-3.80337429,2023-10-29 12:00:00,LAPAN,NOAA20,Fire inside Sitrep,SUMSEL,24043,2023,2023:24043,2023,35467,,,,,,,,False
105.55519867,-3.4452312,2023-10-29 12:00:00,LAPAN,NOAA20,Fire inside Sitrep,SUMSEL,24044,2023,2023:24044,2023,35468,,,,,,,,False
105.77025604,-3.40052748,2023-10-29 12:00:00,LAPAN,NOAA20,Fire inside Sitrep,SUMSEL,24045,2023,2023:24045,2023,35469,,,,,,,,False
105.58196259,-3.30827475,2023-10-29 12:00:00,LAPAN,NOAA20,Fire inside Sitrep,SUMSEL,24046,2023,2023:24046,2023,35470,,,,,,,,False
105.62818146,-3.25615549,2023-10-29 12:00:00,LAPAN,NOAA20,Fire inside Sitrep,SUMSEL,24047,2023,2023:24047,2023,35471,,,,,,,,False
105.63987732,-3.3119483,2023-10-29 12:00:00,LAPAN,NOAA20,Fire inside Sitrep,SUMSEL,24048,2023,2023:24048,2023,35472,,,,,,,,False
105.69675446,-3.31158853,2023-10-29 12:00:00,LAPAN,NOAA20,Fire inside Sitrep,SUMSEL,24049,2023,2023:24049,2023,35473,,,,,,,,False
105.54456329,-3.3971355,2023-10-29 12:00:00,LAPAN,NOAA20,Fire inside Sitrep,SUMSEL,24050,2023,2023:24050,2023,35474,,,,,,,,False
105.59369659,-3.31476498,2023-10-29 12:00:00,LAPAN,NOAA20,Fire inside Sitrep,SUMSEL,24051,2023,2023:24051,2023,35475,,,,,,,,False
105.65210724,-3.29779315,2023-10-29 12:00:00,LAPAN,NOAA20,Fire inside Sitrep,SUMSEL,24052,2023,2023:24052,2023,35476,,,,,,,,False
105.71173859,-3.29296732,2023-10-29 12:00:00,LAPAN,NOAA20,Fire inside Sitrep,SUMSEL,24053,2023,2023:24053,2023,35477,,,,,,,,False
105.52462006,-3.88239217,2023-10-29 12:00:00,LAPAN,NOAA20,Fire inside Sitrep,SUMSEL,24054,2023,2023:24054,2023,35478,,,,,,,,False
105.45160675,-3.71824622,2023-10-29 12:00:00,LAPAN,NOAA20,Fire inside Sitrep,SUMSEL,24055,2023,2023:24055,2023,35479,,,,,,,,False
105.49875641,-3.7364037,2023-10-29 12:00:00,LAPAN,NOAA20,Fire inside Sitrep,SUMSEL,24056,2023,2023:24056,2023,35480,,,,,,,,False
105.44470215,-3.77369905,2023-10-29 12:00:00,LAPAN,NOAA20,Fire inside Sitrep,SUMSEL,24057,2023,2023:24057,2023,35481,,,,,,,,False
105.61833954,-3.75187969,2023-10-29 12:00:00,LAPAN,NOAA20,Fire inside Sitrep,SUMSEL,24058,2023,2023:24058,2023,35482,,,,,,,,False
105.21074677,-2.99320221,2023-10-29 12:00:00,LAPAN,NOAA20,Fire inside Sitrep,SUMSEL,24059,2023,2023:24059,2023,35483,,,,,,,,False
105.72890472,-3.50260806,2023-10-29 12:00:00,LAPAN,NOAA20,Fire inside Sitrep,SUMSEL,24060,2023,2023:24060,2023,35484,,,,,,,,False
105.69178009,-3.51636076,2023-10-29 12:00:00,LAPAN,NOAA20,Fire inside Sitrep,SUMSEL,24061,2023,2023:24061,2023,35485,,,,,,,,False
105.6678772,-3.52405286,2023-10-29 12:00:00,LAPAN,NOAA20,Fire inside Sitrep,SUMSEL,24062,2023,2023:24062,2023,35486,,,,,,,,False
105.80461884,-3.53418207,2023-10-29 12:00:00,LAPAN,NOAA20,Fire inside Sitrep,SUMSEL,24063,2023,2023:24063,2023,35487,,,,,,,,False
105.79888916,-3.54316878,2023-10-29 12:00:00,LAPAN,NOAA20,Fire inside Sitrep,SUMSEL,24064,2023,2023:24064,2023,35488,,,,,,,,False
105.70664215,-3.66459203,2023-10-29 12:00:00,LAPAN,NOAA20,Fire inside Sitrep,SUMSEL,24065,2023,2023:24065,2023,35489,,,,,,,,False
105.51578522,-3.32644796,2023-10-29 12:00:00,LAPAN,NOAA20,Fire inside Sitrep,SUMSEL,24066,2023,2023:24066,2023,35490,,,,,,,,False
105.58924103,-3.0252068,2023-10-29 12:00:00,LAPAN,NOAA20,Fire inside Sitrep,SUMSEL,24067,2023,2023:24067,2023,35491,,,,,,,,False
105.60549927,-3.014642,2023-10-29 12:00:00,LAPAN,NOAA20,Fire inside Sitrep,SUMSEL,24068,2023,2023:24068,2023,35492,,,,,,,,False
105.54166412,-2.45316577,2023-10-29 12:00:00,LAPAN,NOAA20,Verified No fire,SUMSEL,24069,2023,2023:24069,2023,35493,,,,,,,,False
105.61138153,-3.05478954,2023-10-29 12:00:00,LAPAN,NOAA20,Fire inside Sitrep,SUMSEL,24070,2023,2023:24070,2023,35494,,,,,,,,False
105.71057892,-3.28496337,2023-10-29 12:00:00,LAPAN,NOAA20,Fire inside Sitrep,SUMSEL,24071,2023,2023:24071,2023,35495,,,,,,,,False
105.74319458,-3.78377414,2023-10-29 12:00:00,LAPAN,NOAA20,Fire inside Sitrep,SUMSEL,24072,2023,2023:24072,2023,35496,,,,,,,,False
105.76682281,-3.84732723,2023-10-29 12:00:00,LAPAN,NOAA20,Fire inside Sitrep,SUMSEL,24073,2023,2023:24073,2023,35497,,,,,,,,False
105.66969299,-3.972893,2023-10-29 12:00:00,LAPAN,NOAA20,Fire inside Sitrep,SUMSEL,24074,2023,2023:24074,2023,35498,,,,,,,,False
105.65151978,-3.29377532,2023-10-29 12:00:00,LAPAN,NOAA20,Fire inside Sitrep,SUMSEL,24075,2023,2023:24075,2023,35499,,,,,,,,False
105.76851654,-3.38854718,2023-10-29 12:00:00,LAPAN,NOAA20,Fire inside Sitrep,SUMSEL,24076,2023,2023:24076,2023,35500,,,,,,,,False
105.62590027,-3.31404972,2023-10-29 12:00:00,LAPAN,NOAA20,Fire inside Sitrep,SUMSEL,24077,2023,2023:24077,2023,35501,,,,,,,,False
105.70324707,-3.32867813,2023-10-29 12:00:00,LAPAN,NOAA20,Fire inside Sitrep,SUMSEL,24078,2023,2023:24078,2023,35502,,,,,,,,False
105.64802551,-3.29429603,2023-10-29 12:00:00,LAPAN,NOAA20,Fire inside Sitrep,SUMSEL,24079,2023,2023:24079,2023,35503,,,,,,,,False
105.46252441,-3.7166543,2023-10-29 12:00:00,LAPAN,NOAA20,Fire inside Sitrep,SUMSEL,24080,2023,2023:24080,2023,35504,,,,,,,,False
105.47888947,-3.7972014,2023-10-29 12:00:00,LAPAN,NOAA20,Fire inside Sitrep,SUMSEL,24081,2023,2023:24081,2023,35505,,,,,,,,False
105.59615326,-3.84257221,2023-10-29 12:00:00,LAPAN,NOAA20,Fire inside Sitrep,SUMSEL,24082,2023,2023:24082,2023,35506,,,,,,,,False
105.53553772,-3.85572672,2023-10-29 12:00:00,LAPAN,NOAA20,Fire inside Sitrep,SUMSEL,24083,2023,2023:24083,2023,35507,,,,,,,,False
105.19969177,-2.99482274,2023-10-29 12:00:00,LAPAN,NOAA20,Fire inside Sitrep,SUMSEL,24084,2023,2023:24084,2023,35508,,,,,,,,False
105.721084595,-3.77421021461,2023-10-29 22:00:00,LAPAN,Aqua,Fire inside Sitrep,SUMSEL,25065,2023,2023:25065,2023,36489,,,,,,,,False
105.49053,-3.74185,2023-10-29 22:00:00,NASA,Aqua,Fire inside Sitrep,SUMSEL,25066,2023,2023:25066,2023,36490,,,,,,,,False
105.45183,-3.72278,2023-10-29 22:00:00,NASA,Aqua,Fire inside Sitrep,SUMSEL,25067,2023,2023:25067,2023,36491,,,,,,,,False
105.44997406,-3.71086859703,2023-10-29 22:00:00,LAPAN,Aqua,Fire inside Sitrep,SUMSEL,25068,2023,2023:25068,2023,36492,,,,,,,,False
105.451805115,-3.72301769257,2023-10-29 22:00:00,LAPAN,Aqua,Fire inside Sitrep,SUMSEL,25069,2023,2023:25069,2023,36493,,,,,,,,False
105.44999,-3.71063,2023-10-29 22:00:00,NASA,Aqua,Fire inside Sitrep,SUMSEL,25070,2023,2023:25070,2023,36494,,,,,,,,False
105.54912,-3.77066,2023-10-29 22:00:00,NASA,Aqua,Fire inside Sitrep,SUMSEL,25071,2023,2023:25071,2023,36495,,,,,,,,False
105.566856384,-3.76831197739,2023-10-29 22:00:00,LAPAN,Aqua,Fire inside Sitrep,SUMSEL,25072,2023,2023:25072,2023,36496,,,,,,,,False
105.46223,-3.71641,2023-10-29 22:00:00,NASA,Aqua,Fire inside Sitrep,SUMSEL,25073,2023,2023:25073,2023,36497,,,,,,,,False
105.56691,-3.76807,2023-10-29 22:00:00,NASA,Aqua,Fire inside Sitrep,SUMSEL,25074,2023,2023:25074,2023,36498,,,,,,,,False
105.75951,-3.6099,2023-10-29 22:00:00,NASA,Aqua,Fire inside Sitrep,SUMSEL,25075,2023,2023:25075,2023,36499,,,,,,,,False
105.490509033,-3.7420938015,2023-10-29 22:00:00,LAPAN,Aqua,Fire inside Sitrep,SUMSEL,25076,2023,2023:25076,2023,36500,,,,,,,,False
105.444725037,-3.71916246414,2023-10-29 22:00:00,LAPAN,Aqua,Fire inside Sitrep,SUMSEL,25077,2023,2023:25077,2023,36501,,,,,,,,False
105.44476,-3.71892,2023-10-29 22:00:00,NASA,Aqua,Fire inside Sitrep,SUMSEL,25078,2023,2023:25078,2023,36502,,,,,,,,False
105.72107,-3.77398,2023-10-29 22:00:00,NASA,Aqua,Fire inside Sitrep,SUMSEL,25079,2023,2023:25079,2023,36503,,,,,,,,False
105.462226868,-3.7166492939,2023-10-29 22:00:00,LAPAN,Aqua,Fire inside Sitrep,SUMSEL,25080,2023,2023:25080,2023,36504,,,,,,,,False
105.759437561,-3.61014938354,2023-10-29 22:00:00,LAPAN,Aqua,Fire inside Sitrep,SUMSEL,25081,2023,2023:25081,2023,36505,,,,,,,,False
105.75839,-3.5984,2023-10-30 01:00:00,NASA,Aqua,Fire inside Sitrep,SUMSEL,25286,2023,2023:25286,2023,36710,,,,,,,,False
105.776168823,-3.60102510452,2023-10-30 01:00:00,LAPAN,Aqua,Fire inside Sitrep,SUMSEL,25290,2023,2023:25290,2023,36714,,,,,,,,False
105.77621,-3.60104,2023-10-30 01:00:00,NASA,Aqua,Fire inside Sitrep,SUMSEL,25295,2023,2023:25295,2023,36719,,,,,,,,False
105.758338928,-3.59838294983,2023-10-30 01:00:00,LAPAN,Aqua,Fire inside Sitrep,SUMSEL,25298,2023,2023:25298,2023,36722,,,,,,,,False
105.767250061,-3.59970378876,2023-10-30 01:00:00,LAPAN,Aqua,Fire inside Sitrep,SUMSEL,25313,2023,2023:25313,2023,36737,,,,,,,,False
105.56895,-3.75472,2023-10-30 01:00:00,NASA,Aqua,Fire inside Sitrep,SUMSEL,25319,2023,2023:25319,2023,36743,,,,,,,,False
105.73038,-3.76955,2023-10-30 01:00:00,NASA,Aqua,Fire inside Sitrep,SUMSEL,25337,2023,2023:25337,2023,36761,,,,,,,,False
105.491584778,-3.72502446175,2023-10-30 01:00:00,LAPAN,Aqua,Fire inside Sitrep,SUMSEL,25342,2023,2023:25342,2023,36766,,,,,,,,False
105.49164,-3.72504,2023-10-30 01:00:00,NASA,Aqua,Fire inside Sitrep,SUMSEL,25353,2023,2023:25353,2023,36777,,,,,,,,False
105.45874,-3.70196,2023-10-30 01:00:00,NASA,Aqua,Fire inside Sitrep,SUMSEL,25355,2023,2023:25355,2023,36779,,,,,,,,False
105.467552185,-3.70326042175,2023-10-30 01:00:00,LAPAN,Aqua,Fire inside Sitrep,SUMSEL,25375,2023,2023:25375,2023,36799,,,,,,,,False
105.458686829,-3.70194458961,2023-10-30 01:00:00,LAPAN,Aqua,Fire inside Sitrep,SUMSEL,25410,2023,2023:25410,2023,36834,,,,,,,,False
105.46761,-3.70328,2023-10-30 01:00:00,NASA,Aqua,Fire inside Sitrep,SUMSEL,25412,2023,2023:25412,2023,36836,,,,,,,,False
105.73033905,-3.7695286274,2023-10-30 01:00:00,LAPAN,Aqua,Fire inside Sitrep,SUMSEL,25430,2023,2023:25430,2023,36854,,,,,,,,False
105.560012817,-3.75338554382,2023-10-30 01:00:00,LAPAN,Aqua,Fire inside Sitrep,SUMSEL,25433,2023,2023:25433,2023,36857,,,,,,,,False
105.568893433,-3.75470376015,2023-10-30 01:00:00,LAPAN,Aqua,Fire inside Sitrep,SUMSEL,25435,2023,2023:25435,2023,36859,,,,,,,,False
105.56006,-3.7534,2023-10-30 01:00:00,NASA,Aqua,Fire inside Sitrep,SUMSEL,25436,2023,2023:25436,2023,36860,,,,,,,,False
105.7673,-3.59972,2023-10-30 01:00:00,NASA,Aqua,Fire inside Sitrep,SUMSEL,25444,2023,2023:25444,2023,36868,,,,,,,,False
105.739257812,-3.77084875107,2023-10-30 01:00:00,LAPAN,Aqua,Fire inside Sitrep,SUMSEL,25447,2023,2023:25447,2023,36871,,,,,,,,False
105.7393,-3.77087,2023-10-30 01:00:00,NASA,Aqua,Fire inside Sitrep,SUMSEL,25448,2023,2023:25448,2023,36872,,,,,,,,False
105.69032288,-3.51333523,2023-10-30 13:00:00,LAPAN,SNPP,Fire inside Sitrep,SUMSEL,25633,2023,2023:25633,2023,37057,,,,,,,,False
105.748207092,-3.44019603729,2023-10-30 21:00:00,LAPAN,Aqua,Fire inside Sitrep,SUMSEL,26092,2023,2023:26092,2023,37516,,,,,,,,False
105.74863,-3.43989,2023-10-30 21:00:00,NASA,Aqua,Fire inside Sitrep,SUMSEL,26093,2023,2023:26093,2023,37517,,,,,,,,False
105.42335,-3.31745,2023-10-30 21:00:00,NASA,Aqua,Fire inside Sitrep,SUMSEL,26094,2023,2023:26094,2023,37518,,,,,,,,False
105.7673,-3.60762,2023-10-31 09:00:00,NASA,Aqua,Fire inside Sitrep,SUMSEL,26528,2023,2023:26528,2023,37952,,,,,,,,False
105.7577,-3.60621,2023-10-31 09:00:00,NASA,Aqua,Fire inside Sitrep,SUMSEL,26529,2023,2023:26529,2023,37953,,,,,,,,False
105.55839,-3.76725,2023-10-31 22:00:00,NASA,Aqua,Fire inside Sitrep,SUMSEL,26589,2023,2023:26589,2023,38013,,,,,,,,False
105.56789,-3.76588,2023-10-31 22:00:00,NASA,Aqua,Fire inside Sitrep,SUMSEL,26590,2023,2023:26590,2023,38014,,,,,,,,False
105.567840576,-3.76612257957,2023-10-31 22:00:00,LAPAN,Aqua,Fire inside Sitrep,SUMSEL,26591,2023,2023:26591,2023,38015,,,,,,,,False
105.55972,-3.77642,2023-10-31 22:00:00,NASA,Aqua,Fire inside Sitrep,SUMSEL,26592,2023,2023:26592,2023,38016,,,,,,,,False
105.236755371,-3.07630157471,2023-10-31 22:00:00,LAPAN,Aqua,Verified No fire,SUMSEL,26593,2023,2023:26593,2023,38017,,,,,,,,False
105.559669495,-3.776658535,2023-10-31 22:00:00,LAPAN,Aqua,Fire inside Sitrep,SUMSEL,26594,2023,2023:26594,2023,38018,,,,,,,,False
105.55022,-3.77778,2023-10-31 22:00:00,NASA,Aqua,Fire inside Sitrep,SUMSEL,26595,2023,2023:26595,2023,38019,,,,,,,,False
105.48084,-3.74217,2023-10-31 22:00:00,NASA,Aqua,Fire inside Sitrep,SUMSEL,26596,2023,2023:26596,2023,38020,,,,,,,,False
105.480804443,-3.74241137505,2023-10-31 22:00:00,LAPAN,Aqua,Fire inside Sitrep,SUMSEL,26597,2023,2023:26597,2023,38021,,,,,,,,False
105.49029,-3.74084,2023-10-31 22:00:00,NASA,Aqua,Fire inside Sitrep,SUMSEL,26598,2023,2023:26598,2023,38022,,,,,,,,False
105.37804,-2.41055,2023-10-31 22:00:00,NASA,Aqua,Verified No fire,SUMSEL,26599,2023,2023:26599,2023,38023,,,,,,,,False
105.23879,-3.06719,2023-10-31 22:00:00,NASA,Aqua,Verified No fire,SUMSEL,26600,2023,2023:26600,2023,38024,,,,,,,,False
105.238754272,-3.06742739677,2023-10-31 22:00:00,LAPAN,Aqua,Verified No fire,SUMSEL,26601,2023,2023:26601,2023,38025,,,,,,,,False
105.558349609,-3.76749038696,2023-10-31 22:00:00,LAPAN,Aqua,Fire inside Sitrep,SUMSEL,26602,2023,2023:26602,2023,38026,,,,,,,,False
105.22746,-3.0774,2023-10-31 22:00:00,NASA,Aqua,Fire inside Sitrep,SUMSEL,26603,2023,2023:26603,2023,38027,,,,,,,,False
105.34359,-2.62793,2023-10-31 22:00:00,NASA,Aqua,Verified No fire,SUMSEL,26604,2023,2023:26604,2023,38028,,,,,,,,False
105.23679,-3.07606,2023-10-31 22:00:00,NASA,Aqua,Verified No fire,SUMSEL,26605,2023,2023:26605,2023,38029,,,,,,,,False
105.490249634,-3.74107480049,2023-10-31 22:00:00,LAPAN,Aqua,Fire inside Sitrep,SUMSEL,26606,2023,2023:26606,2023,38030,,,,,,,,False
105.229400635,-3.06873726845,2023-10-31 22:00:00,LAPAN,Aqua,Fire inside Sitrep,SUMSEL,26607,2023,2023:26607,2023,38031,,,,,,,,False
105.4486,-3.71878,2023-10-31 22:00:00,NASA,Aqua,Fire inside Sitrep,SUMSEL,26608,2023,2023:26608,2023,38032,,,,,,,,False
105.22944,-3.0685,2023-10-31 22:00:00,NASA,Aqua,Fire inside Sitrep,SUMSEL,26609,2023,2023:26609,2023,38033,,,,,,,,False
105.227409363,-3.07764029503,2023-10-31 22:00:00,LAPAN,Aqua,Fire inside Sitrep,SUMSEL,26610,2023,2023:26610,2023,38034,,,,,,,,False
102.93832,-0.92036,2023-11-01 10:00:00,NASA,Aqua,Verified No fire,JAMBI SMF,26619,2023,2023:26619,2023,38043,,,,,,,,False
102.85226,-0.99466,2023-11-01 12:00:00,NASA,SNPP,Verified No fire,JAMBI SMF,26623,2023,2023:26623,2023,38047,,,,,,,,False
102.85132599,-0.99469614,2023-11-01 12:00:00,LAPAN,SNPP,Verified No fire,JAMBI SMF,26625,2023,2023:26625,2023,38049,,,,,,,,False
105.22481537,-3.0314641,2023-11-02 13:00:00,LAPAN,NOAA20,Fire inside Sitrep,SUMSEL,26830,2023,2023:26830,2023,38254,,,,,,,,False
105.55841,-3.77487,2023-11-02 21:00:00,NASA,Aqua,Fire inside Sitrep,SUMSEL,26840,2023,2023:26840,2023,38264,,,,,,,,False
105.76055,-3.60627,2023-11-02 21:00:00,NASA,Aqua,Fire inside Sitrep,SUMSEL,26841,2023,2023:26841,2023,38265,,,,,,,,False
105.40948,-3.30605,2023-11-02 21:00:00,NASA,Aqua,Fire inside Sitrep,SUMSEL,26842,2023,2023:26842,2023,38266,,,,,,,,False
105.42136,-3.31422,2023-11-02 21:00:00,NASA,Aqua,Fire inside Sitrep,SUMSEL,26843,2023,2023:26843,2023,38267,,,,,,,,False
105.42124176,-3.31447196007,2023-11-02 21:00:00,LAPAN,Aqua,Fire inside Sitrep,SUMSEL,26844,2023,2023:26844,2023,38268,,,,,,,,False
105.22882,-3.07472,2023-11-02 21:00:00,NASA,Aqua,Fire inside Sitrep,SUMSEL,26845,2023,2023:26845,2023,38269,,,,,,,,False
105.22869873,-3.07497930527,2023-11-02 21:00:00,LAPAN,Aqua,Fire inside Sitrep,SUMSEL,26846,2023,2023:26846,2023,38270,,,,,,,,False
105.558296204,-3.77512311935,2023-11-02 21:00:00,LAPAN,Aqua,Fire inside Sitrep,SUMSEL,26847,2023,2023:26847,2023,38271,,,,,,,,False
105.56754,-3.76381,2023-11-02 21:00:00,NASA,Aqua,Fire inside Sitrep,SUMSEL,26848,2023,2023:26848,2023,38272,,,,,,,,False
105.760452271,-3.6065196991,2023-11-02 21:00:00,LAPAN,Aqua,Fire inside Sitrep,SUMSEL,26849,2023,2023:26849,2023,38273,,,,,,,,False
105.23953,-3.07322,2023-11-02 21:00:00,NASA,Aqua,Verified No fire,SUMSEL,26850,2023,2023:26850,2023,38274,,,,,,,,False
105.567428589,-3.76406097412,2023-11-02 21:00:00,LAPAN,Aqua,Fire inside Sitrep,SUMSEL,26851,2023,2023:26851,2023,38275,,,,,,,,False
105.382766724,-2.40902137756,2023-11-02 21:00:00,LAPAN,Aqua,Verified No fire,SUMSEL,26852,2023,2023:26852,2023,38276,,,,,,,,False
105.38293,-2.40876,2023-11-02 21:00:00,NASA,Aqua,Verified No fire,SUMSEL,26853,2023,2023:26853,2023,38277,,,,,,,,False
105.41083,-3.31568,2023-11-02 21:00:00,NASA,Aqua,Fire inside Sitrep,SUMSEL,26854,2023,2023:26854,2023,38278,,,,,,,,False
105.409370422,-3.30630230904,2023-11-02 21:00:00,LAPAN,Aqua,Fire inside Sitrep,SUMSEL,26855,2023,2023:26855,2023,38279,,,,,,,,False
105.23395,-3.07926,2023-11-03 10:00:00,NASA,Aqua,Fire inside Sitrep,SUMSEL,27018,2023,2023:27018,2023,38442,,,,,,,,False
105.65274,-3.55975,2023-11-03 10:00:00,NASA,Aqua,Fire inside Sitrep,SUMSEL,27019,2023,2023:27019,2023,38443,,,,,,,,False
105.26355,-3.00208,2023-11-03 10:00:00,NASA,Aqua,Fire inside Sitrep,SUMSEL,27020,2023,2023:27020,2023,38444,,,,,,,,False
105.61852,-3.0518,2023-11-03 10:00:00,NASA,Aqua,Fire inside Sitrep,SUMSEL,27021,2023,2023:27021,2023,38445,,,,,,,,False
105.33644,-3.02295,2023-11-03 10:00:00,NASA,Aqua,Verified No fire,SUMSEL,27022,2023,2023:27022,2023,38446,,,,,,,,False
105.63443,-2.77841,2023-11-03 10:00:00,NASA,Aqua,Verified No fire,SUMSEL,27023,2023,2023:27023,2023,38447,,,,,,,,False
105.79103,-3.61576,2023-11-03 10:00:00,NASA,Aqua,Fire inside Sitrep,SUMSEL,27024,2023,2023:27024,2023,38448,,,,,,,,False
105.27088928,-2.90918183,2023-11-03 13:00:00,LAPAN,SNPP,Fire inside Sitrep,SUMSEL,27028,2023,2023:27028,2023,38452,,,,,,,,False
105.27172852,-2.91453075,2023-11-03 13:00:00,LAPAN,SNPP,Fire inside Sitrep,SUMSEL,27029,2023,2023:27029,2023,38453,,,,,,,,False
105.85033417,-3.89013648,2023-11-03 13:00:00,LAPAN,SNPP,Fire inside Sitrep,SUMSEL,27030,2023,2023:27030,2023,38454,,,,,,,,False
105.23204803,-3.0745995,2023-11-03 13:00:00,LAPAN,SNPP,Fire inside Sitrep,SUMSEL,27032,2023,2023:27032,2023,38456,,,,,,,,False
105.23123169,-3.06927681,2023-11-03 13:00:00,LAPAN,SNPP,Fire inside Sitrep,SUMSEL,27034,2023,2023:27034,2023,38458,,,,,,,,False
105.66085815,-3.53347683,2023-11-03 13:00:00,LAPAN,SNPP,Fire inside Sitrep,SUMSEL,27038,2023,2023:27038,2023,38462,,,,,,,,False
105.28173828,-2.91291475,2023-11-03 13:00:00,LAPAN,SNPP,Fire inside Sitrep,SUMSEL,27051,2023,2023:27051,2023,38475,,,,,,,,False
105.27838898,-2.91345429,2023-11-03 13:00:00,LAPAN,SNPP,Fire inside Sitrep,SUMSEL,27052,2023,2023:27052,2023,38476,,,,,,,,False
105.65696716,-3.94970298,2023-11-03 13:00:00,LAPAN,SNPP,Fire inside Sitrep,SUMSEL,27054,2023,2023:27054,2023,38478,,,,,,,,False
105.84680939,-3.89071727,2023-11-03 13:00:00,LAPAN,SNPP,Fire inside Sitrep,SUMSEL,27056,2023,2023:27056,2023,38480,,,,,,,,False
105.76053619,-3.6067338,2023-11-03 13:00:00,LAPAN,SNPP,Fire inside Sitrep,SUMSEL,27058,2023,2023:27058,2023,38482,,,,,,,,False
105.64182281,-3.63687468,2023-11-03 13:00:00,LAPAN,SNPP,Fire inside Sitrep,SUMSEL,27060,2023,2023:27060,2023,38484,,,,,,,,False
105.85217285,-3.22783327,2023-11-03 13:00:00,LAPAN,NOAA20,Fire inside Sitrep,SUMSEL,27065,2023,2023:27065,2023,38489,,,,,,,,False
105.66173553,-3.53890991,2023-11-03 13:00:00,LAPAN,SNPP,Fire inside Sitrep,SUMSEL,27068,2023,2023:27068,2023,38492,,,,,,,,False
105.64406586,-3.63766646,2023-11-03 13:00:00,LAPAN,SNPP,Fire inside Sitrep,SUMSEL,27070,2023,2023:27070,2023,38494,,,,,,,,False
105.7620163,-3.60624123,2023-11-03 13:00:00,LAPAN,SNPP,Fire inside Sitrep,SUMSEL,27071,2023,2023:27071,2023,38495,,,,,,,,False
105.78942871,-3.55119324,2023-11-03 13:00:00,LAPAN,SNPP,Fire inside Sitrep,SUMSEL,27079,2023,2023:27079,2023,38503,,,,,,,,False
105.70214081,-3.96078324,2023-11-03 13:00:00,LAPAN,SNPP,Fire inside Sitrep,SUMSEL,27080,2023,2023:27080,2023,38504,,,,,,,,False
105.27422333,-2.90864158,2023-11-03 13:00:00,LAPAN,SNPP,Fire inside Sitrep,SUMSEL,27086,2023,2023:27086,2023,38510,,,,,,,,False
105.65848541,-3.9515419,2023-11-03 13:00:00,LAPAN,SNPP,Fire inside Sitrep,SUMSEL,27093,2023,2023:27093,2023,38517,,,,,,,,False
105.27506256,-2.9139936,2023-11-03 13:00:00,LAPAN,SNPP,Fire inside Sitrep,SUMSEL,27094,2023,2023:27094,2023,38518,,,,,,,,False
105.23423767,-3.07452726,2023-11-04 00:00:00,LAPAN,SNPP,Fire inside Sitrep,SUMSEL,27124,2023,2023:27124,2023,38548,,,,,,,,False
105.23487854,-3.07057452,2023-11-04 00:00:00,LAPAN,SNPP,Verified No fire,SUMSEL,27125,2023,2023:27125,2023,38549,,,,,,,,False
105.66485596,-3.5363071,2023-11-04 00:00:00,LAPAN,SNPP,Fire inside Sitrep,SUMSEL,27126,2023,2023:27126,2023,38550,,,,,,,,False
105.75875092,-3.60615039,2023-11-04 00:00:00,LAPAN,SNPP,Fire inside Sitrep,SUMSEL,27127,2023,2023:27127,2023,38551,,,,,,,,False
105.68237305,-3.54699445,2023-11-04 00:00:00,LAPAN,SNPP,Fire inside Sitrep,SUMSEL,27128,2023,2023:27128,2023,38552,,,,,,,,False
105.67768097,-3.5462327,2023-11-04 00:00:00,LAPAN,SNPP,Fire inside Sitrep,SUMSEL,27129,2023,2023:27129,2023,38553,,,,,,,,False
105.24819183,-3.02002144,2023-11-04 00:00:00,LAPAN,SNPP,Fire inside Sitrep,SUMSEL,27130,2023,2023:27130,2023,38554,,,,,,,,False
103.38036346,-1.20404768,2023-11-04 00:00:00,LAPAN,SNPP,Verified No fire,JAMBI SMF,27131,2023,2023:27131,2023,38555,,,,,,,,False
105.60483551,-3.76242638,2023-11-04 00:00:00,LAPAN,SNPP,Fire inside Sitrep,SUMSEL,27132,2023,2023:27132,2023,38556,,,,,,,,False
103.31517029,-2.42464399,2023-11-04 00:00:00,LAPAN,SNPP,Verified No fire,SUMSEL MUBA,27133,2023,2023:27133,2023,38557,,,,,,,,False
105.31095123,-2.646631,2023-11-04 00:00:00,LAPAN,SNPP,Verified No fire,SUMSEL,27134,2023,2023:27134,2023,38558,,,,,,,,False
105.38374329,-2.40975237,2023-11-04 00:00:00,LAPAN,SNPP,Verified No fire,SUMSEL,27135,2023,2023:27135,2023,38559,,,,,,,,False
105.76399231,-3.60308957,2023-11-04 00:00:00,LAPAN,SNPP,Fire inside Sitrep,SUMSEL,27136,2023,2023:27136,2023,38560,,,,,,,,False
105.53665924,-3.37937403,2023-11-04 00:00:00,LAPAN,SNPP,Fire inside Sitrep,SUMSEL,27137,2023,2023:27137,2023,38561,,,,,,,,False
105.22982788,-3.06976461,2023-11-04 00:00:00,LAPAN,SNPP,Fire inside Sitrep,SUMSEL,27138,2023,2023:27138,2023,38562,,,,,,,,False
105.76337433,-3.6068871,2023-11-04 00:00:00,LAPAN,SNPP,Fire inside Sitrep,SUMSEL,27139,2023,2023:27139,2023,38563,,,,,,,,False
105.67830658,-3.54241443,2023-11-04 00:00:00,LAPAN,SNPP,Fire inside Sitrep,SUMSEL,27140,2023,2023:27140,2023,38564,,,,,,,,False
105.66548157,-3.53248525,2023-11-04 00:00:00,LAPAN,SNPP,Fire inside Sitrep,SUMSEL,27141,2023,2023:27141,2023,38565,,,,,,,,False
105.7066803,-3.57440305,2023-11-04 00:00:00,LAPAN,SNPP,Fire inside Sitrep,SUMSEL,27142,2023,2023:27142,2023,38566,,,,,,,,False
105.31600189,-2.64743948,2023-11-04 00:00:00,LAPAN,SNPP,Verified No fire,SUMSEL,27143,2023,2023:27143,2023,38567,,,,,,,,False
103.38257599,-1.20530581,2023-11-04 00:00:00,LAPAN,SNPP,Verified No fire,JAMBI SMF,27144,2023,2023:27144,2023,38568,,,,,,,,False
105.60420227,-3.7662499,2023-11-04 00:00:00,LAPAN,SNPP,Fire inside Sitrep,SUMSEL,27145,2023,2023:27145,2023,38569,,,,,,,,False
105.72898,-3.46025,2023-11-04 21:00:00,NASA,Aqua,Fire inside Sitrep,SUMSEL,27278,2023,2023:27278,2023,38702,,,,,,,,False
105.72381,-3.46194,2023-11-04 21:00:00,NASA,Aqua,Fire inside Sitrep,SUMSEL,27279,2023,2023:27279,2023,38703,,,,,,,,False
105.728675842,-3.46054267883,2023-11-04 21:00:00,LAPAN,Aqua,Fire inside Sitrep,SUMSEL,27280,2023,2023:27280,2023,38704,,,,,,,,False
105.723495483,-3.462236166,2023-11-04 21:00:00,LAPAN,Aqua,Fire inside Sitrep,SUMSEL,27281,2023,2023:27281,2023,38705,,,,,,,,False
103.22784,-2.47998,2023-11-05 09:00:00,NASA,Aqua,Verified No fire,SUMSEL MUBA,27331,2023,2023:27331,2023,38755,,,,,,,,False
103.87914,-1.33498,2023-11-05 09:00:00,NASA,Aqua,Verified No fire,JAMBI SMF,27332,2023,2023:27332,2023,38756,,,,,,,,False
105.23589325,-3.07258415222,2023-11-05 09:00:00,LAPAN,Aqua,Verified No fire,SUMSEL,27333,2023,2023:27333,2023,38757,,,,,,,,False
105.796791077,-3.61531639099,2023-11-05 09:00:00,LAPAN,Aqua,Fire inside Sitrep,SUMSEL,27334,2023,2023:27334,2023,38758,,,,,,,,False
105.73089,-3.46695,2023-11-05 09:00:00,NASA,Aqua,Fire inside Sitrep,SUMSEL,27335,2023,2023:27335,2023,38759,,,,,,,,False
105.731002808,-3.46672177315,2023-11-05 09:00:00,LAPAN,Aqua,Fire inside Sitrep,SUMSEL,27336,2023,2023:27336,2023,38760,,,,,,,,False
105.72958,-3.5589,2023-11-05 09:00:00,NASA,Aqua,Fire inside Sitrep,SUMSEL,27337,2023,2023:27337,2023,38761,,,,,,,,False
105.78783,-3.61426,2023-11-05 09:00:00,NASA,Aqua,Fire inside Sitrep,SUMSEL,27338,2023,2023:27338,2023,38762,,,,,,,,False
105.23578,-3.07281,2023-11-05 09:00:00,NASA,Aqua,Verified No fire,SUMSEL,27339,2023,2023:27339,2023,38763,,,,,,,,False
105.739837646,-3.46800661087,2023-11-05 09:00:00,LAPAN,Aqua,Fire inside Sitrep,SUMSEL,27340,2023,2023:27340,2023,38764,,,,,,,,False
105.71806,-3.45922,2023-11-05 22:00:00,NASA,Aqua,Fire inside Sitrep,SUMSEL,27433,2023,2023:27433,2023,38857,,,,,,,,False
105.732,-3.46782,2023-11-05 22:00:00,NASA,Aqua,Fire inside Sitrep,SUMSEL,27434,2023,2023:27434,2023,38858,,,,,,,,False
105.705680847,-3.46125841141,2023-11-05 22:00:00,LAPAN,Aqua,Fire inside Sitrep,SUMSEL,27435,2023,2023:27435,2023,38859,,,,,,,,False
105.7196,-3.4696,2023-11-05 22:00:00,NASA,Aqua,Fire inside Sitrep,SUMSEL,27436,2023,2023:27436,2023,38860,,,,,,,,False
105.730438232,-3.45767998695,2023-11-05 22:00:00,LAPAN,Aqua,Fire inside Sitrep,SUMSEL,27437,2023,2023:27437,2023,38861,,,,,,,,False
105.73046,-3.45743,2023-11-05 22:00:00,NASA,Aqua,Fire inside Sitrep,SUMSEL,27438,2023,2023:27438,2023,38862,,,,,,,,False
105.719581604,-3.46985030174,2023-11-05 22:00:00,LAPAN,Aqua,Fire inside Sitrep,SUMSEL,27439,2023,2023:27439,2023,38863,,,,,,,,False
105.70567,-3.46101,2023-11-05 22:00:00,NASA,Aqua,Fire inside Sitrep,SUMSEL,27440,2023,2023:27440,2023,38864,,,,,,,,False
105.731971741,-3.46806883812,2023-11-05 22:00:00,LAPAN,Aqua,Fire inside Sitrep,SUMSEL,27441,2023,2023:27441,2023,38865,,,,,,,,False
105.718048096,-3.45947122574,2023-11-05 22:00:00,LAPAN,Aqua,Fire inside Sitrep,SUMSEL,27442,2023,2023:27442,2023,38866,,,,,,,,False
105.721672058,-3.4478096962,2023-11-06 01:00:00,LAPAN,Aqua,Fire inside Sitrep,SUMSEL,27444,2023,2023:27444,2023,38868,,,,,,,,False
105.73067,-3.44917,2023-11-06 01:00:00,NASA,Aqua,Fire inside Sitrep,SUMSEL,27484,2023,2023:27484,2023,38908,,,,,,,,False
105.730606079,-3.44914960861,2023-11-06 01:00:00,LAPAN,Aqua,Fire inside Sitrep,SUMSEL,27506,2023,2023:27506,2023,38930,,,,,,,,False
105.72174,-3.44783,2023-11-06 01:00:00,NASA,Aqua,Verified Fire,SUMSEL,27509,2023,2023:27509,2023,38933,,,,,,,,False
105.45644,-3.14941,2023-11-06 10:00:00,NASA,Aqua,Verified No fire,SUMSEL,27545,2023,2023:27545,2023,38969,,,,,,,,False
105.42574,-2.56111,2023-11-06 10:00:00,NASA,Aqua,Verified No fire,SUMSEL,27546,2023,2023:27546,2023,38970,,,,,,,,False
103.1303,-0.90616,2023-11-06 10:00:00,NASA,Aqua,Verified No fire,JAMBI SMF,27547,2023,2023:27547,2023,38971,,,,,,,,False
105.86200714,-3.87412596,2023-11-06 12:00:00,LAPAN,SNPP,Fire inside Sitrep,SUMSEL,27548,2023,2023:27548,2023,38972,,,,,,,,False
105.82302856,-3.89613104,2023-11-06 12:00:00,LAPAN,SNPP,Fire inside Sitrep,SUMSEL,27549,2023,2023:27549,2023,38973,,,,,,,,False
105.82821655,-3.89537382,2023-11-06 12:00:00,LAPAN,SNPP,Fire inside Sitrep,SUMSEL,27550,2023,2023:27550,2023,38974,,,,,,,,False
105.76946259,-3.60939646,2023-11-06 12:00:00,LAPAN,SNPP,Fire inside Sitrep,SUMSEL,27551,2023,2023:27551,2023,38975,,,,,,,,False
105.71990967,-3.46837592,2023-11-06 12:00:00,LAPAN,SNPP,Fire inside Sitrep,SUMSEL,27552,2023,2023:27552,2023,38976,,,,,,,,False
105.69949341,-3.51643157,2023-11-06 12:00:00,LAPAN,SNPP,Fire inside Sitrep,SUMSEL,27553,2023,2023:27553,2023,38977,,,,,,,,False
105.74349976,-3.485358,2023-11-06 12:00:00,LAPAN,SNPP,Fire inside Sitrep,SUMSEL,27554,2023,2023:27554,2023,38978,,,,,,,,False
105.75722504,-3.47109008,2023-11-06 12:00:00,LAPAN,SNPP,Fire inside Sitrep,SUMSEL,27555,2023,2023:27555,2023,38979,,,,,,,,False
105.74469757,-3.5301404,2023-11-06 12:00:00,LAPAN,SNPP,Fire inside Sitrep,SUMSEL,27556,2023,2023:27556,2023,38980,,,,,,,,False
105.67581177,-3.52406406,2023-11-06 12:00:00,LAPAN,SNPP,Fire inside Sitrep,SUMSEL,27557,2023,2023:27557,2023,38981,,,,,,,,False
105.75511932,-3.61970735,2023-11-06 12:00:00,LAPAN,SNPP,Fire inside Sitrep,SUMSEL,27558,2023,2023:27558,2023,38982,,,,,,,,False
105.71531677,-3.47313857,2023-11-06 12:00:00,LAPAN,SNPP,Fire inside Sitrep,SUMSEL,27559,2023,2023:27559,2023,38983,,,,,,,,False
105.70007324,-3.52044463,2023-11-06 12:00:00,LAPAN,SNPP,Fire inside Sitrep,SUMSEL,27560,2023,2023:27560,2023,38984,,,,,,,,False
105.74633789,-3.46860242,2023-11-06 12:00:00,LAPAN,SNPP,Fire inside Sitrep,SUMSEL,27561,2023,2023:27561,2023,38985,,,,,,,,False
105.75897217,-3.48307848,2023-11-06 12:00:00,LAPAN,SNPP,Fire inside Sitrep,SUMSEL,27562,2023,2023:27562,2023,38986,,,,,,,,False
105.72480774,-3.56277299,2023-11-06 12:00:00,LAPAN,SNPP,Fire inside Sitrep,SUMSEL,27563,2023,2023:27563,2023,38987,,,,,,,,False
105.71932983,-3.46437049,2023-11-06 12:00:00,LAPAN,SNPP,Fire inside Sitrep,SUMSEL,27564,2023,2023:27564,2023,38988,,,,,,,,False
105.7566452,-3.46709442,2023-11-06 12:00:00,LAPAN,SNPP,Fire inside Sitrep,SUMSEL,27565,2023,2023:27565,2023,38989,,,,,,,,False
105.74291992,-3.48135781,2023-11-06 12:00:00,LAPAN,SNPP,Fire inside Sitrep,SUMSEL,27566,2023,2023:27566,2023,38990,,,,,,,,False
105.77574158,-3.57987833,2023-11-06 12:00:00,LAPAN,SNPP,Fire inside Sitrep,SUMSEL,27567,2023,2023:27567,2023,38991,,,,,,,,False
105.70295715,-3.51591539,2023-11-06 12:00:00,LAPAN,SNPP,Fire inside Sitrep,SUMSEL,27568,2023,2023:27568,2023,38992,,,,,,,,False
105.76372528,-3.60616064,2023-11-06 12:00:00,LAPAN,SNPP,Fire inside Sitrep,SUMSEL,27569,2023,2023:27569,2023,38993,,,,,,,,False
105.7516861,-3.63249683,2023-11-06 12:00:00,LAPAN,SNPP,Fire inside Sitrep,SUMSEL,27570,2023,2023:27570,2023,38994,,,,,,,,False
105.7204895,-3.47238183,2023-11-06 12:00:00,LAPAN,SNPP,Fire inside Sitrep,SUMSEL,27571,2023,2023:27571,2023,38995,,,,,,,,False
105.75265503,-3.47584367,2023-11-06 12:00:00,LAPAN,SNPP,Fire inside Sitrep,SUMSEL,27572,2023,2023:27572,2023,38996,,,,,,,,False
105.76237488,-3.47033572,2023-11-06 12:00:00,LAPAN,SNPP,Fire inside Sitrep,SUMSEL,27573,2023,2023:27573,2023,38997,,,,,,,,False
105.72509003,-3.46762013,2023-11-06 12:00:00,LAPAN,SNPP,Fire inside Sitrep,SUMSEL,27574,2023,2023:27574,2023,38998,,,,,,,,False
105.72826385,-3.56227183,2023-11-06 12:00:00,LAPAN,SNPP,Fire inside Sitrep,SUMSEL,27575,2023,2023:27575,2023,38999,,,,,,,,False
105.75569916,-3.62371206,2023-11-06 12:00:00,LAPAN,SNPP,Fire inside Sitrep,SUMSEL,27576,2023,2023:27576,2023,39000,,,,,,,,False
105.75091553,-3.46385074,2023-11-06 12:00:00,LAPAN,SNPP,Fire inside Sitrep,SUMSEL,27577,2023,2023:27577,2023,39001,,,,,,,,False
105.791213989,-3.42786216736,2023-11-06 14:00:00,LAPAN,Aqua,Fire inside Sitrep,SUMSEL,27636,2023,2023:27636,2023,39060,,,,,,,,False
105.71649,-3.48018,2023-11-06 14:00:00,NASA,Aqua,Fire inside Sitrep,SUMSEL,27637,2023,2023:27637,2023,39061,,,,,,,,False
105.80267,-3.42612,2023-11-06 14:00:00,NASA,Aqua,Fire inside Sitrep,SUMSEL,27638,2023,2023:27638,2023,39062,,,,,,,,False
105.80280304,-3.42611026764,2023-11-06 14:00:00,LAPAN,Aqua,Fire inside Sitrep,SUMSEL,27639,2023,2023:27639,2023,39063,,,,,,,,False
105.75244,-3.48514,2023-11-06 14:00:00,NASA,Aqua,Fire inside Sitrep,SUMSEL,27640,2023,2023:27640,2023,39064,,,,,,,,False
105.752571106,-3.48513293266,2023-11-06 14:00:00,LAPAN,Aqua,Fire inside Sitrep,SUMSEL,27641,2023,2023:27641,2023,39065,,,,,,,,False
105.71597,-3.46317,2023-11-07 21:00:00,NASA,Aqua,Fire inside Sitrep,SUMSEL,27744,2023,2023:27744,2023,39168,,,,,,,,False
105.59923,-3.30704,2023-11-08 10:00:00,NASA,Aqua,Fire inside Sitrep,SUMSEL,27816,2023,2023:27816,2023,39240,,,,,,,,False
105.43143,-3.33389,2023-11-08 10:00:00,NASA,Aqua,Fire inside Sitrep,SUMSEL,27817,2023,2023:27817,2023,39241,,,,,,,,False
105.6077,-3.91673,2023-11-08 13:00:00,NASA,Aqua,Fire inside Sitrep,SUMSEL,27869,2023,2023:27869,2023,39293,,,,,,,,False
105.560325623,-2.91047334671,2023-11-08 13:00:00,LAPAN,Aqua,Verified No fire,SUMSEL,27871,2023,2023:27871,2023,39295,,,,,,,,False
105.768470764,-3.88432812691,2023-11-08 13:00:00,LAPAN,Aqua,Fire inside Sitrep,SUMSEL,27880,2023,2023:27880,2023,39304,,,,,,,,False
105.710266113,-2.89829587936,2023-11-08 13:00:00,LAPAN,Aqua,Verified No fire,SUMSEL,27949,2023,2023:27949,2023,39373,,,,,,,,False
105.396430969,-3.00749111176,2023-11-08 13:00:00,LAPAN,Aqua,Verified No fire,SUMSEL,27974,2023,2023:27974,2023,39398,,,,,,,,False
105.75778,-3.62211,2023-11-09 09:00:00,NASA,Aqua,Fire inside Sitrep,SUMSEL,28058,2023,2023:28058,2023,39482,,,,,,,,False
105.712364197,-3.4537987709,2023-11-09 21:00:00,LAPAN,Aqua,Fire inside Sitrep,SUMSEL,28367,2023,2023:28367,2023,39791,,,,,,,,False
105.72708,-3.45152,2023-11-09 21:00:00,NASA,Aqua,Fire inside Sitrep,SUMSEL,28368,2023,2023:28368,2023,39792,,,,,,,,False
105.726852417,-3.45181107521,2023-11-09 21:00:00,LAPAN,Aqua,Fire inside Sitrep,SUMSEL,28369,2023,2023:28369,2023,39793,,,,,,,,False
105.7126,-3.45351,2023-11-09 21:00:00,NASA,Aqua,Fire inside Sitrep,SUMSEL,28370,2023,2023:28370,2023,39794,,,,,,,,False
105.71924591,-3.43982387,2023-11-10 00:00:00,LAPAN,SNPP,Fire inside Sitrep,SUMSEL,28371,2023,2023:28371,2023,39795,,,,,,,,False
105.57550812,-3.7594347,2023-11-10 00:00:00,LAPAN,SNPP,Fire inside Sitrep,SUMSEL,28387,2023,2023:28387,2023,39811,,,,,,,,False
105.79072571,-3.86718106,2023-11-10 00:00:00,LAPAN,SNPP,Fire inside Sitrep,SUMSEL,28392,2023,2023:28392,2023,39816,,,,,,,,False
105.72919464,-3.44141889,2023-11-10 00:00:00,LAPAN,SNPP,Fire inside Sitrep,SUMSEL,28399,2023,2023:28399,2023,39823,,,,,,,,False
105.72422791,-3.44062185,2023-11-10 00:00:00,LAPAN,SNPP,Fire inside Sitrep,SUMSEL,28403,2023,2023:28403,2023,39827,,,,,,,,False
105.35858,-3.0226,2023-11-10 10:00:00,NASA,Aqua,Verified No fire,SUMSEL,28467,2023,2023:28467,2023,39891,,,,,,,,False
102.96851,-0.97034,2023-11-10 10:00:00,NASA,Aqua,Verified No fire,JAMBI SMF,28468,2023,2023:28468,2023,39892,,,,,,,,False
105.72795,-3.45097,2023-11-10 22:00:00,NASA,Aqua,Fire inside Sitrep,SUMSEL,28539,2023,2023:28539,2023,39963,,,,,,,,False
105.70913,-3.44141,2023-11-10 22:00:00,NASA,Aqua,Fire inside Sitrep,SUMSEL,28540,2023,2023:28540,2023,39964,,,,,,,,False
105.71741,-3.45849,2023-11-10 22:00:00,NASA,Aqua,Fire inside Sitrep,SUMSEL,28541,2023,2023:28541,2023,39965,,,,,,,,False
105.71561,-3.4465,2023-11-10 22:00:00,NASA,Aqua,Fire inside Sitrep,SUMSEL,28542,2023,2023:28542,2023,39966,,,,,,,,False
105.70042,-3.46104,2023-11-10 22:00:00,NASA,Aqua,Fire inside Sitrep,SUMSEL,28543,2023,2023:28543,2023,39967,,,,,,,,False
105.71094,-3.4534,2023-11-10 22:00:00,NASA,Aqua,Fire inside Sitrep,SUMSEL,28544,2023,2023:28544,2023,39968,,,,,,,,False
105.70581,-3.49696,2023-11-10 22:00:00,NASA,Aqua,Fire inside Sitrep,SUMSEL,28545,2023,2023:28545,2023,39969,,,,,,,,False
105.72282,-3.49446,2023-11-10 22:00:00,NASA,Aqua,Fire inside Sitrep,SUMSEL,28546,2023,2023:28546,2023,39970,,,,,,,,False
105.715065002,-3.44483780861,2023-11-11 01:00:00,LAPAN,Aqua,Fire inside Sitrep,SUMSEL,28572,2023,2023:28572,2023,39996,,,,,,,,False
105.717094421,-3.50323319435,2023-11-11 01:00:00,LAPAN,Aqua,Fire inside Sitrep,SUMSEL,28573,2023,2023:28573,2023,39997,,,,,,,,False
105.725196838,-3.44629883766,2023-11-11 01:00:00,LAPAN,Aqua,Fire inside Sitrep,SUMSEL,28583,2023,2023:28583,2023,40007,,,,,,,,False
105.7137146,-3.45432138443,2023-11-11 01:00:00,LAPAN,Aqua,Fire inside Sitrep,SUMSEL,28611,2023,2023:28611,2023,40035,,,,,,,,False
105.723846436,-3.45578765869,2023-11-11 01:00:00,LAPAN,Aqua,Fire inside Sitrep,SUMSEL,28612,2023,2023:28612,2023,40036,,,,,,,,False
105.722312927,-3.44958806038,2023-11-11 21:00:00,LAPAN,Aqua,Fire inside Sitrep,SUMSEL,28639,2023,2023:28639,2023,40063,,,,,,,,False
105.71682,-3.45481,2023-11-11 21:00:00,NASA,Aqua,Fire inside Sitrep,SUMSEL,28640,2023,2023:28640,2023,40064,,,,,,,,False
105.77523,-3.86486,2023-11-11 21:00:00,NASA,Aqua,Fire inside Sitrep,SUMSEL,28641,2023,2023:28641,2023,40065,,,,,,,,False
105.774681091,-3.86521220207,2023-11-11 21:00:00,LAPAN,Aqua,Fire inside Sitrep,SUMSEL,28642,2023,2023:28642,2023,40066,,,,,,,,False
105.716300964,-3.45516204834,2023-11-11 21:00:00,LAPAN,Aqua,Fire inside Sitrep,SUMSEL,28643,2023,2023:28643,2023,40067,,,,,,,,False
105.72281,-3.44924,2023-11-11 21:00:00,NASA,Aqua,Fire inside Sitrep,SUMSEL,28644,2023,2023:28644,2023,40068,,,,,,,,False
105.69319916,-3.5335381,2023-11-12 00:00:00,LAPAN,NOAA20,Fire inside Sitrep,SUMSEL,28645,2023,2023:28645,2023,40069,,,,,,,,False
105.71736145,-3.50232911,2023-11-12 00:00:00,LAPAN,NOAA20,Fire inside Sitrep,SUMSEL,28646,2023,2023:28646,2023,40070,,,,,,,,False
105.72200775,-3.50309038,2023-11-12 00:00:00,LAPAN,NOAA20,Fire inside Sitrep,SUMSEL,28647,2023,2023:28647,2023,40071,,,,,,,,False
105.71848297,-3.45251799,2023-11-12 00:00:00,LAPAN,NOAA20,Fire inside Sitrep,SUMSEL,28648,2023,2023:28648,2023,40072,,,,,,,,False
105.53873444,-3.74133086,2023-11-12 00:00:00,LAPAN,NOAA20,Fire inside Sitrep,SUMSEL,28649,2023,2023:28649,2023,40073,,,,,,,,False
105.55924988,-3.76426959,2023-11-12 00:00:00,LAPAN,NOAA20,Fire inside Sitrep,SUMSEL,28650,2023,2023:28650,2023,40074,,,,,,,,False
105.78009033,-3.86169386,2023-11-12 00:00:00,LAPAN,NOAA20,Fire inside Sitrep,SUMSEL,28651,2023,2023:28651,2023,40075,,,,,,,,False
103.38304901,-1.20176411,2023-11-12 00:00:00,LAPAN,NOAA20,Verified No fire,JAMBI SMF,28652,2023,2023:28652,2023,40076,,,,,,,,False
105.71271515,-3.50156736,2023-11-12 00:00:00,LAPAN,NOAA20,Fire inside Sitrep,SUMSEL,28653,2023,2023:28653,2023,40077,,,,,,,,False
105.56742859,-3.77342606,2023-11-12 00:00:00,LAPAN,NOAA20,Fire inside Sitrep,SUMSEL,28654,2023,2023:28654,2023,40078,,,,,,,,False
105.78526306,-3.85866809,2023-11-12 00:00:00,LAPAN,NOAA20,Fire inside Sitrep,SUMSEL,28655,2023,2023:28655,2023,40079,,,,,,,,False
105.78982544,-3.85941172,2023-11-12 00:00:00,LAPAN,NOAA20,Fire inside Sitrep,SUMSEL,28656,2023,2023:28656,2023,40080,,,,,,,,False
105.79316711,-3.86769056,2023-11-12 00:00:00,LAPAN,NOAA20,Fire inside Sitrep,SUMSEL,28657,2023,2023:28657,2023,40081,,,,,,,,False
105.79377747,-3.86392307,2023-11-12 00:00:00,LAPAN,NOAA20,Fire inside Sitrep,SUMSEL,28658,2023,2023:28658,2023,40082,,,,,,,,False
105.55861664,-3.76809502,2023-11-12 00:00:00,LAPAN,NOAA20,Fire inside Sitrep,SUMSEL,28659,2023,2023:28659,2023,40083,,,,,,,,False
105.78921509,-3.86318016,2023-11-12 00:00:00,LAPAN,NOAA20,Fire inside Sitrep,SUMSEL,28660,2023,2023:28660,2023,40084,,,,,,,,False
105.53936005,-3.73749948,2023-11-12 00:00:00,LAPAN,NOAA20,Fire inside Sitrep,SUMSEL,28661,2023,2023:28661,2023,40085,,,,,,,,False
105.7179718,-3.49852562,2023-11-12 00:00:00,LAPAN,NOAA20,Fire inside Sitrep,SUMSEL,28662,2023,2023:28662,2023,40086,,,,,,,,False
105.71858215,-3.4947238,2023-11-12 00:00:00,LAPAN,NOAA20,Fire inside Sitrep,SUMSEL,28663,2023,2023:28663,2023,40087,,,,,,,,False
105.68854523,-3.53278375,2023-11-12 00:00:00,LAPAN,NOAA20,Fire inside Sitrep,SUMSEL,28664,2023,2023:28664,2023,40088,,,,,,,,False
105.79438782,-3.86015558,2023-11-12 00:00:00,LAPAN,NOAA20,Fire inside Sitrep,SUMSEL,28665,2023,2023:28665,2023,40089,,,,,,,,False
105.72101593,-3.49584961,2023-11-12 00:00:00,LAPAN,NOAA20,Fire inside Sitrep,SUMSEL,28666,2023,2023:28666,2023,40090,,,,,,,,False
105.56931305,-3.76195645,2023-11-12 00:00:00,LAPAN,NOAA20,Fire inside Sitrep,SUMSEL,28667,2023,2023:28667,2023,40091,,,,,,,,False
105.78403473,-3.86620641,2023-11-12 00:00:00,LAPAN,NOAA20,Fire inside Sitrep,SUMSEL,28668,2023,2023:28668,2023,40092,,,,,,,,False
105.78464508,-3.86243701,2023-11-12 00:00:00,LAPAN,NOAA20,Fire inside Sitrep,SUMSEL,28669,2023,2023:28669,2023,40093,,,,,,,,False
105.71786499,-3.45632386,2023-11-12 00:00:00,LAPAN,NOAA20,Fire inside Sitrep,SUMSEL,28670,2023,2023:28670,2023,40094,,,,,,,,False
103.37024689,-1.19026494,2023-11-12 00:00:00,LAPAN,NOAA20,Verified No fire,JAMBI SMF,28671,2023,2023:28671,2023,40095,,,,,,,,False
105.78860474,-3.86694884,2023-11-12 00:00:00,LAPAN,NOAA20,Fire inside Sitrep,SUMSEL,28672,2023,2023:28672,2023,40096,,,,,,,,False
105.56396484,-3.76502442,2023-11-12 00:00:00,LAPAN,NOAA20,Fire inside Sitrep,SUMSEL,28673,2023,2023:28673,2023,40097,,,,,,,,False
105.79036,-3.86981,2023-11-12 09:00:00,NASA,Aqua,Fire inside Sitrep,SUMSEL,28755,2023,2023:28755,2023,40179,,,,,,,,False
105.78632,-3.50065,2023-11-12 09:00:00,NASA,Aqua,Fire inside Sitrep,SUMSEL,28756,2023,2023:28756,2023,40180,,,,,,,,False
105.71062,-3.45069,2023-11-12 09:00:00,NASA,Aqua,Fire inside Sitrep,SUMSEL,28757,2023,2023:28757,2023,40181,,,,,,,,False
105.7208,-3.45222,2023-11-12 09:00:00,NASA,Aqua,Fire inside Sitrep,SUMSEL,28758,2023,2023:28758,2023,40182,,,,,,,,False
105.71403,-3.49969,2023-11-12 09:00:00,NASA,Aqua,Fire inside Sitrep,SUMSEL,28759,2023,2023:28759,2023,40183,,,,,,,,False
105.77398,-3.41628,2023-11-12 09:00:00,NASA,Aqua,Fire inside Sitrep,SUMSEL,28760,2023,2023:28760,2023,40184,,,,,,,,False
105.79171,-3.8604,2023-11-12 09:00:00,NASA,Aqua,Fire inside Sitrep,SUMSEL,28761,2023,2023:28761,2023,40185,,,,,,,,False
105.72418,-3.50118,2023-11-12 09:00:00,NASA,Aqua,Fire inside Sitrep,SUMSEL,28762,2023,2023:28762,2023,40186,,,,,,,,False
105.78171,-3.85891,2023-11-12 09:00:00,NASA,Aqua,Fire inside Sitrep,SUMSEL,28763,2023,2023:28763,2023,40187,,,,,,,,False
105.774093628,-3.41603469849,2023-11-12 09:00:00,LAPAN,Aqua,Fire inside Sitrep,SUMSEL,28764,2023,2023:28764,2023,40188,,,,,,,,False
105.776687622,-3.86711835861,2023-11-12 21:00:00,LAPAN,Aqua,Fire inside Sitrep,SUMSEL,28893,2023,2023:28893,2023,40317,,,,,,,,False
105.724319458,-3.45091819763,2023-11-12 21:00:00,LAPAN,Aqua,Fire inside Sitrep,SUMSEL,28894,2023,2023:28894,2023,40318,,,,,,,,False
105.715026855,-3.4522330761,2023-11-12 21:00:00,LAPAN,Aqua,Fire inside Sitrep,SUMSEL,28895,2023,2023:28895,2023,40319,,,,,,,,False
105.705741882,-3.45354676247,2023-11-12 21:00:00,LAPAN,Aqua,Fire inside Sitrep,SUMSEL,28896,2023,2023:28896,2023,40320,,,,,,,,False
105.709976196,-3.50799131393,2023-11-12 21:00:00,LAPAN,Aqua,Fire inside Sitrep,SUMSEL,28897,2023,2023:28897,2023,40321,,,,,,,,False
105.728538513,-3.50533986092,2023-11-12 21:00:00,LAPAN,Aqua,Fire inside Sitrep,SUMSEL,28898,2023,2023:28898,2023,40322,,,,,,,,False
105.78465271,-3.85672259331,2023-11-12 21:00:00,LAPAN,Aqua,Fire inside Sitrep,SUMSEL,28899,2023,2023:28899,2023,40323,,,,,,,,False
105.785957336,-3.86579227448,2023-11-12 21:00:00,LAPAN,Aqua,Fire inside Sitrep,SUMSEL,28900,2023,2023:28900,2023,40324,,,,,,,,False
105.713722229,-3.4431579113,2023-11-12 21:00:00,LAPAN,Aqua,Fire inside Sitrep,SUMSEL,28901,2023,2023:28901,2023,40325,,,,,,,,False
105.71925354,-3.50666618347,2023-11-12 21:00:00,LAPAN,Aqua,Fire inside Sitrep,SUMSEL,28902,2023,2023:28902,2023,40326,,,,,,,,False
105.704437256,-3.44447493553,2023-11-12 21:00:00,LAPAN,Aqua,Fire inside Sitrep,SUMSEL,28903,2023,2023:28903,2023,40327,,,,,,,,False
105.79524231,-3.86446475983,2023-11-12 21:00:00,LAPAN,Aqua,Fire inside Sitrep,SUMSEL,28904,2023,2023:28904,2023,40328,,,,,,,,False
105.766792297,-3.48201012611,2023-11-12 21:00:00,LAPAN,Aqua,Fire inside Sitrep,SUMSEL,28905,2023,2023:28905,2023,40329,,,,,,,,False
105.793930054,-3.85539221764,2023-11-12 21:00:00,LAPAN,Aqua,Fire inside Sitrep,SUMSEL,28906,2023,2023:28906,2023,40330,,,,,,,,False
105.72436,-3.45066,2023-11-12 22:00:00,NASA,Aqua,Fire inside Sitrep,SUMSEL,28907,2023,2023:28907,2023,40331,,,,,,,,False
105.70577,-3.45329,2023-11-12 22:00:00,NASA,Aqua,Fire inside Sitrep,SUMSEL,28908,2023,2023:28908,2023,40332,,,,,,,,False
105.7193,-3.5064,2023-11-12 22:00:00,NASA,Aqua,Fire inside Sitrep,SUMSEL,28909,2023,2023:28909,2023,40333,,,,,,,,False
105.76683,-3.48175,2023-11-12 22:00:00,NASA,Aqua,Fire inside Sitrep,SUMSEL,28910,2023,2023:28910,2023,40334,,,,,,,,False
105.71376,-3.4429,2023-11-12 22:00:00,NASA,Aqua,Fire inside Sitrep,SUMSEL,28911,2023,2023:28911,2023,40335,,,,,,,,False
105.70447,-3.44421,2023-11-12 22:00:00,NASA,Aqua,Fire inside Sitrep,SUMSEL,28912,2023,2023:28912,2023,40336,,,,,,,,False
105.7847,-3.85646,2023-11-12 22:00:00,NASA,Aqua,Fire inside Sitrep,SUMSEL,28913,2023,2023:28913,2023,40337,,,,,,,,False
105.786,-3.86553,2023-11-12 22:00:00,NASA,Aqua,Fire inside Sitrep,SUMSEL,28914,2023,2023:28914,2023,40338,,,,,,,,False
105.77673,-3.86686,2023-11-12 22:00:00,NASA,Aqua,Fire inside Sitrep,SUMSEL,28915,2023,2023:28915,2023,40339,,,,,,,,False
105.79398,-3.85513,2023-11-12 22:00:00,NASA,Aqua,Fire inside Sitrep,SUMSEL,28916,2023,2023:28916,2023,40340,,,,,,,,False
105.71507,-3.45197,2023-11-12 22:00:00,NASA,Aqua,Fire inside Sitrep,SUMSEL,28917,2023,2023:28917,2023,40341,,,,,,,,False
105.79529,-3.8642,2023-11-12 22:00:00,NASA,Aqua,Fire inside Sitrep,SUMSEL,28918,2023,2023:28918,2023,40342,,,,,,,,False
105.71799,-3.49733,2023-11-12 22:00:00,NASA,Aqua,Fire inside Sitrep,SUMSEL,28919,2023,2023:28919,2023,40343,,,,,,,,False
105.71001,-3.50773,2023-11-12 22:00:00,NASA,Aqua,Fire inside Sitrep,SUMSEL,28920,2023,2023:28920,2023,40344,,,,,,,,False
105.72858,-3.50508,2023-11-12 22:00:00,NASA,Aqua,Fire inside Sitrep,SUMSEL,28921,2023,2023:28921,2023,40345,,,,,,,,False
103.25559,-1.04392,2023-11-13 10:00:00,NASA,Aqua,Verified No fire,JAMBI SMF,28989,2023,2023:28989,2023,40413,,,,,,,,False
103.2388,-1.05313,2023-11-13 10:00:00,NASA,Aqua,Verified No fire,JAMBI SMF,28990,2023,2023:28990,2023,40414,,,,,,,,False
105.64517,-2.88621,2023-11-13 10:00:00,NASA,Aqua,Verified No fire,SUMSEL,28991,2023,2023:28991,2023,40415,,,,,,,,False
102.94148,-0.91854,2023-11-13 10:00:00,NASA,Aqua,Verified No fire,JAMBI SMF,28992,2023,2023:28992,2023,40416,,,,,,,,False
103.89344,-1.95019,2023-11-13 10:00:00,NASA,Aqua,Verified No fire,SUMSEL MUBA,28993,2023,2023:28993,2023,40417,,,,,,,,False
103.8960495,-1.90261530876,2023-11-13 13:00:00,LAPAN,Aqua,Verified No fire,SUMSEL MUBA,29017,2023,2023:29017,2023,40441,,,,,,,,False
105.722885132,-3.50539660454,2023-11-13 13:00:00,LAPAN,Aqua,Fire inside Sitrep,SUMSEL,29038,2023,2023:29038,2023,40462,,,,,,,,False
105.388465881,-3.27899670601,2023-11-13 13:00:00,LAPAN,Aqua,Verified No fire,SUMSEL,29046,2023,2023:29046,2023,40470,,,,,,,,False
105.712860107,-3.50688147545,2023-11-13 13:00:00,LAPAN,Aqua,Fire inside Sitrep,SUMSEL,29089,2023,2023:29089,2023,40513,,,,,,,,False
105.75025177,-3.48202943802,2023-11-13 13:00:00,LAPAN,Aqua,Fire inside Sitrep,SUMSEL,29090,2023,2023:29090,2023,40514,,,,,,,,False
105.73675,-3.51481,2023-11-14 02:00:00,NASA,Aqua,Fire inside Sitrep,SUMSEL,29320,2023,2023:29320,2023,40744,,,,,,,,False
105.67608643,-3.536129,2023-11-14 12:00:00,LAPAN,NOAA20,Fire inside Sitrep,SUMSEL,29342,2023,2023:29342,2023,40766,,,,,,,,False
105.72158051,-3.50913644,2023-11-14 12:00:00,LAPAN,NOAA20,Fire inside Sitrep,SUMSEL,29343,2023,2023:29343,2023,40767,,,,,,,,False
105.7233963,-3.50680351,2023-11-14 12:00:00,LAPAN,NOAA20,Fire inside Sitrep,SUMSEL,29344,2023,2023:29344,2023,40768,,,,,,,,False
105.72414398,-3.64537859,2023-11-14 12:00:00,LAPAN,NOAA20,Fire inside Sitrep,SUMSEL,29345,2023,2023:29345,2023,40769,,,,,,,,False
105.47908783,-3.74331212,2023-11-14 12:00:00,LAPAN,NOAA20,Fire inside Sitrep,SUMSEL,29346,2023,2023:29346,2023,40770,,,,,,,,False
105.76145935,-3.80111122,2023-11-14 12:00:00,LAPAN,NOAA20,Fire inside Sitrep,SUMSEL,29347,2023,2023:29347,2023,40771,,,,,,,,False
105.79600525,-3.86737561,2023-11-14 12:00:00,LAPAN,NOAA20,Fire inside Sitrep,SUMSEL,29348,2023,2023:29348,2023,40772,,,,,,,,False
105.79254913,-3.86788058,2023-11-14 12:00:00,LAPAN,NOAA20,Fire inside Sitrep,SUMSEL,29349,2023,2023:29349,2023,40773,,,,,,,,False
105.67203522,-3.53262281,2023-11-14 12:00:00,LAPAN,NOAA20,Fire inside Sitrep,SUMSEL,29350,2023,2023:29350,2023,40774,,,,,,,,False
105.71652222,-3.50784159,2023-11-14 12:00:00,LAPAN,NOAA20,Fire inside Sitrep,SUMSEL,29351,2023,2023:29351,2023,40775,,,,,,,,False
105.71813965,-3.50963163,2023-11-14 12:00:00,LAPAN,NOAA20,Fire inside Sitrep,SUMSEL,29352,2023,2023:29352,2023,40776,,,,,,,,False
105.79138947,-3.85988879,2023-11-14 12:00:00,LAPAN,NOAA20,Fire inside Sitrep,SUMSEL,29353,2023,2023:29353,2023,40777,,,,,,,,False
105.45944977,-2.55238986,2023-11-14 12:00:00,LAPAN,NOAA20,Fire inside Sitrep,SUMSEL,29354,2023,2023:29354,2023,40778,,,,,,,,False
105.41947174,-2.54611325,2023-11-14 12:00:00,LAPAN,NOAA20,Verified No fire,SUMSEL,29355,2023,2023:29355,2023,40779,,,,,,,,False
105.48139191,-2.55725479,2023-11-14 12:00:00,LAPAN,NOAA20,Verified No fire,SUMSEL,29356,2023,2023:29356,2023,40780,,,,,,,,False
105.67551422,-3.53211951,2023-11-14 12:00:00,LAPAN,NOAA20,Fire inside Sitrep,SUMSEL,29357,2023,2023:29357,2023,40781,,,,,,,,False
105.75741577,-3.79762483,2023-11-14 12:00:00,LAPAN,NOAA20,Fire inside Sitrep,SUMSEL,29358,2023,2023:29358,2023,40782,,,,,,,,False
105.71907806,-3.84991884,2023-11-14 12:00:00,LAPAN,NOAA20,Fire inside Sitrep,SUMSEL,29359,2023,2023:29359,2023,40783,,,,,,,,False
105.71468353,-3.51012778,2023-11-14 12:00:00,LAPAN,NOAA20,Fire inside Sitrep,SUMSEL,29360,2023,2023:29360,2023,40784,,,,,,,,False
105.33377838,-2.40962219,2023-11-14 12:00:00,LAPAN,NOAA20,Verified No fire,SUMSEL,29361,2023,2023:29361,2023,40785,,,,,,,,False
105.67317963,-3.54064226,2023-11-14 12:00:00,LAPAN,NOAA20,Fire inside Sitrep,SUMSEL,29362,2023,2023:29362,2023,40786,,,,,,,,False
105.66912842,-3.53713751,2023-11-14 12:00:00,LAPAN,NOAA20,Fire inside Sitrep,SUMSEL,29363,2023,2023:29363,2023,40787,,,,,,,,False
105.79542542,-3.86338091,2023-11-14 12:00:00,LAPAN,NOAA20,Fire inside Sitrep,SUMSEL,29364,2023,2023:29364,2023,40788,,,,,,,,False
105.31554413,-2.64502358,2023-11-14 12:00:00,LAPAN,NOAA20,Verified No fire,SUMSEL,29365,2023,2023:29365,2023,40789,,,,,,,,False
105.72502899,-3.50864148,2023-11-14 12:00:00,LAPAN,NOAA20,Fire inside Sitrep,SUMSEL,29366,2023,2023:29366,2023,40790,,,,,,,,False
105.41888428,-2.54209828,2023-11-14 12:00:00,LAPAN,NOAA20,Verified No fire,SUMSEL,29367,2023,2023:29367,2023,40791,,,,,,,,False
105.76087189,-3.79711127,2023-11-14 12:00:00,LAPAN,NOAA20,Fire inside Sitrep,SUMSEL,29368,2023,2023:29368,2023,40792,,,,,,,,False
105.66106415,-3.79547977,2023-11-14 12:00:00,LAPAN,NOAA20,Fire inside Sitrep,SUMSEL,29369,2023,2023:29369,2023,40793,,,,,,,,False
102.9373,-0.9218,2023-11-15 10:00:00,NASA,Aqua,Verified No fire,JAMBI SMF,29486,2023,2023:29486,2023,40910,,,,,,,,False
102.957778931,-0.969899594784,2023-11-15 10:00:00,LAPAN,Aqua,Verified No fire,JAMBI SMF,29487,2023,2023:29487,2023,40911,,,,,,,,False
103.13506,-0.93227,2023-11-15 10:00:00,NASA,Aqua,Verified No fire,JAMBI SMF,29488,2023,2023:29488,2023,40912,,,,,,,,False
102.967948914,-0.879235327244,2023-11-15 10:00:00,LAPAN,Aqua,Verified No fire,JAMBI SMF,29489,2023,2023:29489,2023,40913,,,,,,,,False
102.96649,-0.97143,2023-11-15 10:00:00,NASA,Aqua,Verified No fire,JAMBI SMF,29490,2023,2023:29490,2023,40914,,,,,,,,False
105.39618,-3.00298,2023-11-15 10:00:00,NASA,Aqua,Verified No fire,SUMSEL,29491,2023,2023:29491,2023,40915,,,,,,,,False
105.36671,-2.79409,2023-11-15 10:00:00,NASA,Aqua,Verified No fire,SUMSEL,29492,2023,2023:29492,2023,40916,,,,,,,,False
103.1352005,-0.932026207447,2023-11-15 10:00:00,LAPAN,Aqua,Verified No fire,JAMBI SMF,29493,2023,2023:29493,2023,40917,,,,,,,,False
105.40216,-3.00316,2023-11-15 10:00:00,NASA,Aqua,Verified No fire,SUMSEL,29494,2023,2023:29494,2023,40918,,,,,,,,False
105.39239,-3.07392,2023-11-15 10:00:00,NASA,Aqua,Verified No fire,SUMSEL,29495,2023,2023:29495,2023,40919,,,,,,,,False
105.34379,-2.79079,2023-11-15 10:00:00,NASA,Aqua,Verified No fire,SUMSEL,29496,2023,2023:29496,2023,40920,,,,,,,,False
105.36457,-3.0185,2023-11-15 10:00:00,NASA,Aqua,Verified No fire,SUMSEL,29497,2023,2023:29497,2023,40921,,,,,,,,False
102.966636658,-0.971188902855,2023-11-15 10:00:00,LAPAN,Aqua,Verified No fire,JAMBI SMF,29498,2023,2023:29498,2023,40922,,,,,,,,False
105.57038,-2.91548,2023-11-15 10:00:00,NASA,Aqua,Verified No fire,SUMSEL,29499,2023,2023:29499,2023,40923,,,,,,,,False
105.34348,-2.79246,2023-11-17 09:00:00,NASA,Aqua,Verified No fire,SUMSEL,29632,2023,2023:29632,2023,41056,,,,,,,,False
105.31142,-3.01857,2023-11-17 09:00:00,NASA,Aqua,Verified No fire,SUMSEL,29633,2023,2023:29633,2023,41057,,,,,,,,False
105.74809,-2.93448,2023-11-17 09:00:00,NASA,Aqua,Verified No fire,SUMSEL,29634,2023,2023:29634,2023,41058,,,,,,,,False
105.39379,-3.27978,2023-11-17 09:00:00,NASA,Aqua,Verified No fire,SUMSEL,29635,2023,2023:29635,2023,41059,,,,,,,,False
105.70976,-3.45483,2023-11-17 09:00:00,NASA,Aqua,Fire inside Sitrep,SUMSEL,29636,2023,2023:29636,2023,41060,,,,,,,,False
103.25883,-2.42202,2023-11-17 13:00:00,NASA,SNPP,Verified No fire,SUMSEL MUBA,29638,2023,2023:29638,2023,41062,,,,,,,,False
105.60764,-3.04081,2023-11-19 09:00:00,NASA,Aqua,Fire inside Sitrep,SUMSEL,29689,2023,2023:29689,2023,41113,,,,,,,,False
105.89926147,-3.87676549,2023-11-19 13:00:00,LAPAN,SNPP,Fire inside Sitrep,SUMSEL,29698,2023,2023:29698,2023,41122,,,,,,,,False
105.2339325,-3.03510952,2023-11-19 13:00:00,LAPAN,SNPP,Fire inside Sitrep,SUMSEL,29700,2023,2023:29700,2023,41124,,,,,,,,False
105.67753601,-3.8399055,2023-11-19 13:00:00,LAPAN,SNPP,Fire inside Sitrep,SUMSEL,29703,2023,2023:29703,2023,41127,,,,,,,,False
105.6809845,-3.83933353,2023-11-19 13:00:00,LAPAN,SNPP,Verified Fire,SUMSEL,29704,2023,2023:29704,2023,41128,,,,,,,,False
103.38166046,-1.20373738,2023-11-20 00:00:00,LAPAN,SNPP,Verified No fire,JAMBI SMF,29715,2023,2023:29715,2023,41139,,,,,,,,False
103.37363434,-1.19299412,2023-11-20 00:00:00,LAPAN,SNPP,Verified No fire,JAMBI SMF,29716,2023,2023:29716,2023,41140,,,,,,,,False
105.874458313,-3.87157917023,2023-11-20 13:00:00,LAPAN,Aqua,Fire inside Sitrep,SUMSEL,29743,2023,2023:29743,2023,41167,,,,,,,,False
105.87302,-3.86253,2023-11-20 13:00:00,NASA,Aqua,Fire inside Sitrep,SUMSEL,29753,2023,2023:29753,2023,41177,,,,,,,,False
105.83758,-3.87697,2023-11-20 13:00:00,NASA,Aqua,Fire inside Sitrep,SUMSEL,29757,2023,2023:29757,2023,41181,,,,,,,,False
105.86516,-3.87294,2023-11-20 13:00:00,NASA,Aqua,Fire inside Sitrep,SUMSEL,29759,2023,2023:29759,2023,41183,,,,,,,,False
105.873123169,-3.86252307892,2023-11-20 13:00:00,LAPAN,Aqua,Fire inside Sitrep,SUMSEL,29763,2023,2023:29763,2023,41187,,,,,,,,False
105.87435,-3.87159,2023-11-20 13:00:00,NASA,Aqua,Fire inside Sitrep,SUMSEL,29774,2023,2023:29774,2023,41198,,,,,,,,False
102.940437317,-0.915333986282,2023-11-20 13:00:00,LAPAN,Aqua,Verified No fire,JAMBI SMF,29775,2023,2023:29775,2023,41199,,,,,,,,False
105.86382,-3.86388,2023-11-20 13:00:00,NASA,Aqua,Fire inside Sitrep,SUMSEL,29778,2023,2023:29778,2023,41202,,,,,,,,False
104.00169,-2.02976,2023-12-02 10:00:00,NASA,Aqua,Verified No fire,SUMSEL MUBA,29881,2023,2023:29881,2023,41305,,,,,,,,False
105.56886,-2.91292,2023-12-02 10:00:00,NASA,Aqua,Verified No fire,SUMSEL,29882,2023,2023:29882,2023,41306,,,,,,,,False
102.93491,-0.92869,2023-12-02 14:00:00,NASA,Aqua,Verified No fire,JAMBI SMF,29883,2023,2023:29883,2023,41307,,,,,,,,False
103.88455,-1.96147,2023-12-02 14:00:00,NASA,Aqua,Verified No fire,SUMSEL MUBA,29884,2023,2023:29884,2023,41308,,,,,,,,False
105.73335,-2.93522,2023-12-06 09:00:00,NASA,Aqua,Verified No fire,SUMSEL,29895,2023,2023:29895,2023,41319,,,,,,,,False
105.74544,-2.93703,2023-12-06 09:00:00,NASA,Aqua,Verified No fire,SUMSEL,29896,2023,2023:29896,2023,41320,,,,,,,,False
105.36169,-2.67465,2023-12-14 10:00:00,NASA,Aqua,Verified No fire,SUMSEL,29935,2023,2023:29935,2023,41359,,,,,,,,False
105.73359,-2.93392,2023-12-14 10:00:00,NASA,Aqua,Verified No fire,SUMSEL,29936,2023,2023:29936,2023,41360,,,,,,,,False
103.98667,-2.02506,2023-12-14 10:00:00,NASA,Aqua,Verified No fire,SUMSEL MUBA,29937,2023,2023:29937,2023,41361,,,,,,,,False
105.65961,-2.88599,2023-12-16 09:00:00,NASA,Aqua,Verified No fire,SUMSEL,29970,2023,2023:29970,2023,41394,,,,,,,,False
103.0739212,-2.30735278,2023-12-16 12:00:00,LAPAN,NOAA20,Verified No fire,SUMSEL MUBA,29971,2023,2023:29971,2023,41395,,,,,,,,False
105.30171967,-2.93346286,2023-12-22 00:00:00,LAPAN,SNPP,Verified No fire,SUMSEL,29983,2023,2023:29983,2023,41407,,,,,,,,False
102.969192505,-0.9695712924,2023-12-28 13:00:00,LAPAN,Aqua,Verified No fire,JAMBI SMF,30015,2023,2023:30015,2023,41439,,,,,,,,False
102.960289001,-0.970865249634,2023-12-28 13:00:00,LAPAN,Aqua,Verified No fire,JAMBI SMF,30016,2023,2023:30016,2023,41440,,,,,,,,False
103.38296509,-1.20262039,2023-12-30 00:00:00,LAPAN,NOAA20,Verified No fire,JAMBI SMF,30023,2023,2023:30023,2023,41447,,,,,,,,False
103.3806076,-1.20201516,2023-12-30 00:00:00,LAPAN,NOAA20,Verified No fire,JAMBI SMF,30024,2023,2023:30024,2023,41448,,,,,,,,False
